{
"type": "FeatureCollection",
"name": "biodiversitat_registres",
"crs": { "type": "name", "properties": { "name": "urn:ogc:def:crs:EPSG::25831" } },
"features": [
{ "type": "Feature", "properties": { "scientificName": "Saxifraga longifolia Lapeyr.", "commonName": "", "taxonGroup": "Plantae", "eventDate": "2026-03-08T12:36", "source": "GBIF", "recordStatus": "recent" }, "geometry": { "type": "Point", "coordinates": [ 372471.063373556709848, 4670547.28876887075603 ] } },
{ "type": "Feature", "properties": { "scientificName": "Ophrys omegaifera subsp. dyris (Maire) Del Prete", "commonName": "", "taxonGroup": "Plantae", "eventDate": "2026-04-28T08:57:46", "source": "GBIF", "recordStatus": "recent" }, "geometry": { "type": "Point", "coordinates": [ 368582.643227050313726, 4669110.784973229281604 ] } },
{ "type": "Feature", "properties": { "scientificName": "Ophrys apifera Huds.", "commonName": "", "taxonGroup": "Plantae", "eventDate": "2026-05-20T20:28:03", "source": "GBIF", "recordStatus": "recent" }, "geometry": { "type": "Point", "coordinates": [ 374441.018631345476024, 4671651.725825949572027 ] } },
{ "type": "Feature", "properties": { "scientificName": "Sedum atratum L.", "commonName": "", "taxonGroup": "Plantae", "eventDate": "2026-06-11T11:57:35", "source": "GBIF", "recordStatus": "recent" }, "geometry": { "type": "Point", "coordinates": [ 373958.031594523577951, 4669790.569415893405676 ] } },
{ "type": "Feature", "properties": { "scientificName": "Asplenium viride Huds.", "commonName": "", "taxonGroup": "Plantae", "eventDate": "2026-06-11T11:58:44", "source": "GBIF", "recordStatus": "recent" }, "geometry": { "type": "Point", "coordinates": [ 373957.176569890463725, 4669770.480742788873613 ] } },
{ "type": "Feature", "properties": { "scientificName": "Coccinella septempunctata Linnaeus, 1758", "commonName": "", "taxonGroup": "Insecta", "eventDate": "2026-06-15T11:38:43", "source": "GBIF", "recordStatus": "recent" }, "geometry": { "type": "Point", "coordinates": [ 372033.319519326498266, 4668251.576105571351945 ] } },
{ "type": "Feature", "properties": { "scientificName": "Moneses uniflora (L.) A.Gray", "commonName": "", "taxonGroup": "Plantae", "eventDate": "2026-06-11T11:52:15", "source": "GBIF", "recordStatus": "recent" }, "geometry": { "type": "Point", "coordinates": [ 373984.094814996875357, 4669889.623519867658615 ] } },
{ "type": "Feature", "properties": { "scientificName": "Iphiclides feisthamelii (Duponchel, 1832)", "commonName": "", "taxonGroup": "Insecta", "eventDate": "2026-06-19T20:08:03", "source": "GBIF", "recordStatus": "recent" }, "geometry": { "type": "Point", "coordinates": [ 374631.877408310188912, 4670256.823337066918612 ] } },
{ "type": "Feature", "properties": { "scientificName": "Senecio inaequidens DC.", "commonName": "", "taxonGroup": "Plantae", "eventDate": "2025-01-04T12:43:34Z", "source": "GBIF", "recordStatus": "recent" }, "geometry": { "type": "Point", "coordinates": [ 368232.12938812316861, 4672990.864578200504184 ] } },
{ "type": "Feature", "properties": { "scientificName": "Erinacea anthyllis Link", "commonName": "", "taxonGroup": "Plantae", "eventDate": "2025-04-20T12:52:24", "source": "GBIF", "recordStatus": "recent" }, "geometry": { "type": "Point", "coordinates": [ 369028.256129157845862, 4672907.587532887235284 ] } },
{ "type": "Feature", "properties": { "scientificName": "Sesleria caerulea (L.) Ard.", "commonName": "", "taxonGroup": "Plantae", "eventDate": "2025-04-20T13:31:12", "source": "GBIF", "recordStatus": "recent" }, "geometry": { "type": "Point", "coordinates": [ 368771.662840850069188, 4673001.892139674164355 ] } },
{ "type": "Feature", "properties": { "scientificName": "Ophrys fusca var. forestieri Rchb.f.", "commonName": "", "taxonGroup": "Plantae", "eventDate": "2025-04-20T17:00:17", "source": "GBIF", "recordStatus": "recent" }, "geometry": { "type": "Point", "coordinates": [ 367732.172634792863391, 4671217.13548731431365 ] } },
{ "type": "Feature", "properties": { "scientificName": "Ophrys × arachnitiformis Gren. & M.Philippe", "commonName": "", "taxonGroup": "Plantae", "eventDate": "2025-04-30T00:00", "source": "GBIF", "recordStatus": "recent" }, "geometry": { "type": "Point", "coordinates": [ 365365.350996151799336, 4669937.263870497234166 ] } },
{ "type": "Feature", "properties": { "scientificName": "Parus major Linnaeus, 1758", "commonName": "", "taxonGroup": "Aves", "eventDate": "2025-04-20T14:02:52", "source": "GBIF", "recordStatus": "recent" }, "geometry": { "type": "Point", "coordinates": [ 367905.837677717558108, 4673221.463575642555952 ] } },
{ "type": "Feature", "properties": { "scientificName": "Hirundo rustica Linnaeus, 1758", "commonName": "", "taxonGroup": "Aves", "eventDate": "2025-04-24T00:00", "source": "GBIF", "recordStatus": "recent" }, "geometry": { "type": "Point", "coordinates": [ 371106.760148758301511, 4667608.456250665709376 ] } },
{ "type": "Feature", "properties": { "scientificName": "Garrulus glandarius (Linnaeus, 1758)", "commonName": "", "taxonGroup": "Aves", "eventDate": "2025-04-24T00:00", "source": "GBIF", "recordStatus": "recent" }, "geometry": { "type": "Point", "coordinates": [ 371106.760148758301511, 4667608.456250665709376 ] } },
{ "type": "Feature", "properties": { "scientificName": "Corvus corax Linnaeus, 1758", "commonName": "", "taxonGroup": "Aves", "eventDate": "2025-04-24T00:00", "source": "GBIF", "recordStatus": "recent" }, "geometry": { "type": "Point", "coordinates": [ 371106.760148758301511, 4667608.456250665709376 ] } },
{ "type": "Feature", "properties": { "scientificName": "Columba palumbus Linnaeus, 1758", "commonName": "", "taxonGroup": "Aves", "eventDate": "2025-04-24T00:00", "source": "GBIF", "recordStatus": "recent" }, "geometry": { "type": "Point", "coordinates": [ 371106.760148758301511, 4667608.456250665709376 ] } },
{ "type": "Feature", "properties": { "scientificName": "Corvus corax Linnaeus, 1758", "commonName": "", "taxonGroup": "Aves", "eventDate": "2025-04-20T12:22", "source": "GBIF", "recordStatus": "recent" }, "geometry": { "type": "Point", "coordinates": [ 369536.485391792259179, 4672080.307221064344049 ] } },
{ "type": "Feature", "properties": { "scientificName": "Falco tinnunculus Linnaeus, 1758", "commonName": "", "taxonGroup": "Aves", "eventDate": "2025-04-20T11:13:02", "source": "GBIF", "recordStatus": "recent" }, "geometry": { "type": "Point", "coordinates": [ 370362.224518979375716, 4672065.059114443138242 ] } },
{ "type": "Feature", "properties": { "scientificName": "Falco tinnunculus Linnaeus, 1758", "commonName": "", "taxonGroup": "Aves", "eventDate": "2025-04-20T13:15:40", "source": "GBIF", "recordStatus": "recent" }, "geometry": { "type": "Point", "coordinates": [ 367905.837677717558108, 4673221.463575642555952 ] } },
{ "type": "Feature", "properties": { "scientificName": "Parus major Linnaeus, 1758", "commonName": "", "taxonGroup": "Aves", "eventDate": "2025-04-24T00:00", "source": "GBIF", "recordStatus": "recent" }, "geometry": { "type": "Point", "coordinates": [ 371106.760148758301511, 4667608.456250665709376 ] } },
{ "type": "Feature", "properties": { "scientificName": "Carduelis citrinella (Pallas, 1764)", "commonName": "", "taxonGroup": "Aves", "eventDate": "2025-04-24T00:00", "source": "GBIF", "recordStatus": "recent" }, "geometry": { "type": "Point", "coordinates": [ 371106.760148758301511, 4667608.456250665709376 ] } },
{ "type": "Feature", "properties": { "scientificName": "Picus sharpei (H.Saunders, 1872)", "commonName": "", "taxonGroup": "Aves", "eventDate": "2025-04-20T12:02:22", "source": "GBIF", "recordStatus": "recent" }, "geometry": { "type": "Point", "coordinates": [ 369536.485391792259179, 4672080.307221064344049 ] } },
{ "type": "Feature", "properties": { "scientificName": "Dendrocopos major (Linnaeus, 1758)", "commonName": "", "taxonGroup": "Aves", "eventDate": "2025-04-24T00:00", "source": "GBIF", "recordStatus": "recent" }, "geometry": { "type": "Point", "coordinates": [ 371106.760148758301511, 4667608.456250665709376 ] } },
{ "type": "Feature", "properties": { "scientificName": "Erithacus rubecula (Linnaeus, 1758)", "commonName": "", "taxonGroup": "Aves", "eventDate": "2025-04-24T00:00", "source": "GBIF", "recordStatus": "recent" }, "geometry": { "type": "Point", "coordinates": [ 371106.760148758301511, 4667608.456250665709376 ] } },
{ "type": "Feature", "properties": { "scientificName": "Rupicapra pyrenaica pyrenaica Bonaparte, 1845", "commonName": "", "taxonGroup": "Mammalia", "eventDate": "2025-04-20T14:49:08", "source": "GBIF", "recordStatus": "recent" }, "geometry": { "type": "Point", "coordinates": [ 367080.227632779686246, 4673237.002836088649929 ] } },
{ "type": "Feature", "properties": { "scientificName": "Fringilla coelebs Linnaeus, 1758", "commonName": "", "taxonGroup": "Aves", "eventDate": "2025-04-24T00:00", "source": "GBIF", "recordStatus": "recent" }, "geometry": { "type": "Point", "coordinates": [ 371106.760148758301511, 4667608.456250665709376 ] } },
{ "type": "Feature", "properties": { "scientificName": "Lophophanes cristatus (Linnaeus, 1758)", "commonName": "", "taxonGroup": "Aves", "eventDate": "2025-04-24T00:00", "source": "GBIF", "recordStatus": "recent" }, "geometry": { "type": "Point", "coordinates": [ 371106.760148758301511, 4667608.456250665709376 ] } },
{ "type": "Feature", "properties": { "scientificName": "Tachymarptis melba (Linnaeus, 1758)", "commonName": "", "taxonGroup": "Aves", "eventDate": "2025-04-09T00:00", "source": "GBIF", "recordStatus": "recent" }, "geometry": { "type": "Point", "coordinates": [ 367864.178261385299265, 4671000.726308398880064 ] } },
{ "type": "Feature", "properties": { "scientificName": "Chlorochroa reuteriana (Kirkaldy, 1909)", "commonName": "", "taxonGroup": "Insecta", "eventDate": "2025-05-08T10:49:46", "source": "GBIF", "recordStatus": "recent" }, "geometry": { "type": "Point", "coordinates": [ 374596.688938195991796, 4669323.895767213776708 ] } },
{ "type": "Feature", "properties": { "scientificName": "Melitaea cinxia Linnaeus, 1758", "commonName": "", "taxonGroup": "Insecta", "eventDate": "2025-05-31T12:14", "source": "GBIF", "recordStatus": "recent" }, "geometry": { "type": "Point", "coordinates": [ 370405.53304745699279, 4671599.527371221221983 ] } },
{ "type": "Feature", "properties": { "scientificName": "Papaver rhoeas L.", "commonName": "", "taxonGroup": "Plantae", "eventDate": "2025-05-31T10:57", "source": "GBIF", "recordStatus": "recent" }, "geometry": { "type": "Point", "coordinates": [ 370409.34481967240572, 4671595.680718245916069 ] } },
{ "type": "Feature", "properties": { "scientificName": "Lactuca serriola L.", "commonName": "", "taxonGroup": "Plantae", "eventDate": "2025-05-31T11:02", "source": "GBIF", "recordStatus": "recent" }, "geometry": { "type": "Point", "coordinates": [ 370415.841774447704665, 4671616.554215508513153 ] } },
{ "type": "Feature", "properties": { "scientificName": "Scolitantides orion (Pallas, 1771)", "commonName": "", "taxonGroup": "Insecta", "eventDate": "2025-05-31T12:20", "source": "GBIF", "recordStatus": "recent" }, "geometry": { "type": "Point", "coordinates": [ 370406.590235751937144, 4671598.619326929561794 ] } },
{ "type": "Feature", "properties": { "scientificName": "Trifolium repens L.", "commonName": "", "taxonGroup": "Plantae", "eventDate": "2025-05-31T10:47", "source": "GBIF", "recordStatus": "recent" }, "geometry": { "type": "Point", "coordinates": [ 370386.752141704491805, 4671526.119657279923558 ] } },
{ "type": "Feature", "properties": { "scientificName": "Syromastus rhombeus (Linnaeus, 1767)", "commonName": "", "taxonGroup": "Insecta", "eventDate": "2025-05-31T12:47", "source": "GBIF", "recordStatus": "recent" }, "geometry": { "type": "Point", "coordinates": [ 370405.166370535735041, 4671637.965795909054577 ] } },
{ "type": "Feature", "properties": { "scientificName": "Coenonympha pamphilus (Linnaeus, 1758)", "commonName": "", "taxonGroup": "Insecta", "eventDate": "2025-05-31T12:08", "source": "GBIF", "recordStatus": "recent" }, "geometry": { "type": "Point", "coordinates": [ 370406.495083844987676, 4671588.957621347159147 ] } },
{ "type": "Feature", "properties": { "scientificName": "Dolichoderus quadripunctatus (Linnaeus, 1771)", "commonName": "", "taxonGroup": "Insecta", "eventDate": "2025-05-31T14:14", "source": "GBIF", "recordStatus": "recent" }, "geometry": { "type": "Point", "coordinates": [ 370390.721595450246241, 4671539.819819293916225 ] } },
{ "type": "Feature", "properties": { "scientificName": "Dactylis glomerata L.", "commonName": "", "taxonGroup": "Plantae", "eventDate": "2025-05-31T10:50", "source": "GBIF", "recordStatus": "recent" }, "geometry": { "type": "Point", "coordinates": [ 370394.195228439115454, 4671544.53209531493485 ] } },
{ "type": "Feature", "properties": { "scientificName": "Dermatocarpon miniatum (L.) W.Mann", "commonName": "", "taxonGroup": "Fungi", "eventDate": "2025-05-31T12:18", "source": "GBIF", "recordStatus": "recent" }, "geometry": { "type": "Point", "coordinates": [ 370391.821618547197431, 4671648.98553589079529 ] } },
{ "type": "Feature", "properties": { "scientificName": "Ramalina farinacea (L.) Ach.", "commonName": "", "taxonGroup": "Fungi", "eventDate": "2025-05-31T12:52", "source": "GBIF", "recordStatus": "recent" }, "geometry": { "type": "Point", "coordinates": [ 370393.167100550257601, 4671587.425658869557083 ] } },
{ "type": "Feature", "properties": { "scientificName": "Enchylium polycarpon (Hoffm.) Otálora, P.M.Jørg. & Wedin", "commonName": "", "taxonGroup": "Fungi", "eventDate": "2025-05-31T12:22", "source": "GBIF", "recordStatus": "recent" }, "geometry": { "type": "Point", "coordinates": [ 370392.939270493166987, 4671601.980573587119579 ] } },
{ "type": "Feature", "properties": { "scientificName": "Rusavskia elegans (Link) S.Y.Kondr. & Kärnefelt", "commonName": "", "taxonGroup": "Fungi", "eventDate": "2025-05-31T09:56", "source": "GBIF", "recordStatus": "recent" }, "geometry": { "type": "Point", "coordinates": [ 370395.74776855786331, 4671651.356925902888179 ] } },
{ "type": "Feature", "properties": { "scientificName": "Physcia aipolia (Ehrh. ex Humb.) Fürnr.", "commonName": "", "taxonGroup": "Fungi", "eventDate": "2025-05-31T12:30", "source": "GBIF", "recordStatus": "recent" }, "geometry": { "type": "Point", "coordinates": [ 370417.818811979144812, 4671683.606668397784233 ] } },
{ "type": "Feature", "properties": { "scientificName": "Melanelixia glabra (Schaer.) O.Blanco, A.Crespo, Divakar, Essl., D.Hawksw. & Lumbsch", "commonName": "", "taxonGroup": "Fungi", "eventDate": "2025-05-31T12:31", "source": "GBIF", "recordStatus": "recent" }, "geometry": { "type": "Point", "coordinates": [ 370410.868793626432307, 4671678.514044594950974 ] } },
{ "type": "Feature", "properties": { "scientificName": "Pinus uncinata Ramond ex DC.", "commonName": "", "taxonGroup": "Plantae", "eventDate": "2025-05-08T16:01:33", "source": "GBIF", "recordStatus": "recent" }, "geometry": { "type": "Point", "coordinates": [ 374950.283215623465367, 4669171.111357705667615 ] } },
{ "type": "Feature", "properties": { "scientificName": "Verbascum lychnitis L.", "commonName": "", "taxonGroup": "Plantae", "eventDate": "2025-05-31T11:04", "source": "GBIF", "recordStatus": "recent" }, "geometry": { "type": "Point", "coordinates": [ 370424.648579728847835, 4671659.711141310632229 ] } },
{ "type": "Feature", "properties": { "scientificName": "Erithacus rubecula (Linnaeus, 1758)", "commonName": "", "taxonGroup": "Aves", "eventDate": "2025-05-06T00:00", "source": "GBIF", "recordStatus": "recent" }, "geometry": { "type": "Point", "coordinates": [ 372033.881961562321521, 4673145.220388669520617 ] } },
{ "type": "Feature", "properties": { "scientificName": "Curruca melanocephala (J.F.Gmelin, 1789)", "commonName": "", "taxonGroup": "Aves", "eventDate": "2025-05-06T00:00", "source": "GBIF", "recordStatus": "recent" }, "geometry": { "type": "Point", "coordinates": [ 372033.881961562321521, 4673145.220388669520617 ] } },
{ "type": "Feature", "properties": { "scientificName": "Linaria cannabina (Linnaeus, 1758)", "commonName": "", "taxonGroup": "Aves", "eventDate": "2025-05-06T00:00", "source": "GBIF", "recordStatus": "recent" }, "geometry": { "type": "Point", "coordinates": [ 372033.881961562321521, 4673145.220388669520617 ] } },
{ "type": "Feature", "properties": { "scientificName": "Prunella modularis (Linnaeus, 1758)", "commonName": "", "taxonGroup": "Aves", "eventDate": "2025-05-06T00:00", "source": "GBIF", "recordStatus": "recent" }, "geometry": { "type": "Point", "coordinates": [ 372033.881961562321521, 4673145.220388669520617 ] } },
{ "type": "Feature", "properties": { "scientificName": "Gyps fulvus (Hablizl, 1783)", "commonName": "", "taxonGroup": "Aves", "eventDate": "2025-05-19T00:00", "source": "GBIF", "recordStatus": "recent" }, "geometry": { "type": "Point", "coordinates": [ 367822.535024967277423, 4668779.996207063086331 ] } },
{ "type": "Feature", "properties": { "scientificName": "Periparus ater (Linnaeus, 1758)", "commonName": "", "taxonGroup": "Aves", "eventDate": "2025-05-06T00:00", "source": "GBIF", "recordStatus": "recent" }, "geometry": { "type": "Point", "coordinates": [ 372033.881961562321521, 4673145.220388669520617 ] } },
{ "type": "Feature", "properties": { "scientificName": "Cuculus canorus Linnaeus, 1758", "commonName": "", "taxonGroup": "Aves", "eventDate": "2025-05-06T00:00", "source": "GBIF", "recordStatus": "recent" }, "geometry": { "type": "Point", "coordinates": [ 372033.881961562321521, 4673145.220388669520617 ] } },
{ "type": "Feature", "properties": { "scientificName": "Pyrrhula pyrrhula (Linnaeus, 1758)", "commonName": "", "taxonGroup": "Aves", "eventDate": "2025-05-09T20:42:08", "source": "GBIF", "recordStatus": "recent" }, "geometry": { "type": "Point", "coordinates": [ 371167.656560286763124, 4670939.542272115126252 ] } },
{ "type": "Feature", "properties": { "scientificName": "Lophophanes cristatus (Linnaeus, 1758)", "commonName": "", "taxonGroup": "Aves", "eventDate": "2025-05-06T00:00", "source": "GBIF", "recordStatus": "recent" }, "geometry": { "type": "Point", "coordinates": [ 372033.881961562321521, 4673145.220388669520617 ] } },
{ "type": "Feature", "properties": { "scientificName": "Dendrocopos major (Linnaeus, 1758)", "commonName": "", "taxonGroup": "Aves", "eventDate": "2025-05-06T00:00", "source": "GBIF", "recordStatus": "recent" }, "geometry": { "type": "Point", "coordinates": [ 372033.881961562321521, 4673145.220388669520617 ] } },
{ "type": "Feature", "properties": { "scientificName": "Lullula arborea (Linnaeus, 1758)", "commonName": "", "taxonGroup": "Aves", "eventDate": "2025-05-06T00:00", "source": "GBIF", "recordStatus": "recent" }, "geometry": { "type": "Point", "coordinates": [ 372033.881961562321521, 4673145.220388669520617 ] } },
{ "type": "Feature", "properties": { "scientificName": "Carduelis citrinella (Pallas, 1764)", "commonName": "", "taxonGroup": "Aves", "eventDate": "2025-05-06T00:00", "source": "GBIF", "recordStatus": "recent" }, "geometry": { "type": "Point", "coordinates": [ 372033.881961562321521, 4673145.220388669520617 ] } },
{ "type": "Feature", "properties": { "scientificName": "Parus major Linnaeus, 1758", "commonName": "", "taxonGroup": "Aves", "eventDate": "2025-05-06T00:00", "source": "GBIF", "recordStatus": "recent" }, "geometry": { "type": "Point", "coordinates": [ 372033.881961562321521, 4673145.220388669520617 ] } },
{ "type": "Feature", "properties": { "scientificName": "Curruca hortensis (J.F.Gmelin, 1789)", "commonName": "", "taxonGroup": "Aves", "eventDate": "2025-05-06T00:00", "source": "GBIF", "recordStatus": "recent" }, "geometry": { "type": "Point", "coordinates": [ 372033.881961562321521, 4673145.220388669520617 ] } },
{ "type": "Feature", "properties": { "scientificName": "Curruca iberiae (Svensson, 2013)", "commonName": "", "taxonGroup": "Aves", "eventDate": "2025-05-06T00:00", "source": "GBIF", "recordStatus": "recent" }, "geometry": { "type": "Point", "coordinates": [ 372033.881961562321521, 4673145.220388669520617 ] } },
{ "type": "Feature", "properties": { "scientificName": "Vicia pyrenaica Pourr.", "commonName": "", "taxonGroup": "Plantae", "eventDate": "2025-06-09T09:10:13", "source": "GBIF", "recordStatus": "recent" }, "geometry": { "type": "Point", "coordinates": [ 373234.178560586587992, 4669907.404463058337569 ] } },
{ "type": "Feature", "properties": { "scientificName": "Amelanchier ovalis Medik.", "commonName": "", "taxonGroup": "Plantae", "eventDate": "2025-06-09T09:06:52", "source": "GBIF", "recordStatus": "recent" }, "geometry": { "type": "Point", "coordinates": [ 371307.259816967009101, 4670671.858383556827903 ] } },
{ "type": "Feature", "properties": { "scientificName": "Echium vulgare L.", "commonName": "", "taxonGroup": "Plantae", "eventDate": "2025-06-11T14:54:59", "source": "GBIF", "recordStatus": "recent" }, "geometry": { "type": "Point", "coordinates": [ 366275.908168043824844, 4669334.887499576434493 ] } },
{ "type": "Feature", "properties": { "scientificName": "Aphyllanthes monspeliensis L.", "commonName": "", "taxonGroup": "Plantae", "eventDate": "2025-06-11T10:30:15", "source": "GBIF", "recordStatus": "recent" }, "geometry": { "type": "Point", "coordinates": [ 366318.508049449999817, 4669276.097560261376202 ] } },
{ "type": "Feature", "properties": { "scientificName": "Aporia crataegi (Linnaeus, 1758)", "commonName": "", "taxonGroup": "Insecta", "eventDate": "2025-06-14T08:58:15", "source": "GBIF", "recordStatus": "recent" }, "geometry": { "type": "Point", "coordinates": [ 372458.43910478556063, 4668644.067288417369127 ] } },
{ "type": "Feature", "properties": { "scientificName": "Rhaponticum coniferum (L.) Greuter", "commonName": "", "taxonGroup": "Plantae", "eventDate": "2025-06-11T15:25:55", "source": "GBIF", "recordStatus": "recent" }, "geometry": { "type": "Point", "coordinates": [ 366751.927411938202567, 4669034.964595138095319 ] } },
{ "type": "Feature", "properties": { "scientificName": "Aquilegia vulgaris L.", "commonName": "", "taxonGroup": "Plantae", "eventDate": "2025-06-16T08:35:38", "source": "GBIF", "recordStatus": "recent" }, "geometry": { "type": "Point", "coordinates": [ 372532.974288848228753, 4668067.698262539692223 ] } },
{ "type": "Feature", "properties": { "scientificName": "Platanthera bifolia (L.) Rich.", "commonName": "", "taxonGroup": "Plantae", "eventDate": "2025-06-11T14:12:37", "source": "GBIF", "recordStatus": "recent" }, "geometry": { "type": "Point", "coordinates": [ 366528.572116981260478, 4669459.391562002710998 ] } },
{ "type": "Feature", "properties": { "scientificName": "Erica scoparia L.", "commonName": "", "taxonGroup": "Plantae", "eventDate": "2025-06-11T14:06:08", "source": "GBIF", "recordStatus": "recent" }, "geometry": { "type": "Point", "coordinates": [ 366572.396099940757267, 4669482.665406666696072 ] } },
{ "type": "Feature", "properties": { "scientificName": "Catananche caerulea L.", "commonName": "", "taxonGroup": "Plantae", "eventDate": "2025-06-11T10:44:32", "source": "GBIF", "recordStatus": "recent" }, "geometry": { "type": "Point", "coordinates": [ 366330.178892629279289, 4669277.098076901398599 ] } },
{ "type": "Feature", "properties": { "scientificName": "Juniperus oxycedrus L.", "commonName": "", "taxonGroup": "Plantae", "eventDate": "2025-06-11T14:18:45", "source": "GBIF", "recordStatus": "recent" }, "geometry": { "type": "Point", "coordinates": [ 366405.113766853231937, 4669594.466778365895152 ] } },
{ "type": "Feature", "properties": { "scientificName": "Vincetoxicum hirundinaria Medik.", "commonName": "", "taxonGroup": "Plantae", "eventDate": "2025-06-11T13:18:57", "source": "GBIF", "recordStatus": "recent" }, "geometry": { "type": "Point", "coordinates": [ 366567.595117287593894, 4669477.868932761251926 ] } },
{ "type": "Feature", "properties": { "scientificName": "Ononis spinosa L.", "commonName": "", "taxonGroup": "Plantae", "eventDate": "2025-06-11T15:03", "source": "GBIF", "recordStatus": "recent" }, "geometry": { "type": "Point", "coordinates": [ 366270.226793941576034, 4669340.326954655349255 ] } },
{ "type": "Feature", "properties": { "scientificName": "Teucrium pyrenaicum subsp. guarensis P.Monts.", "commonName": "", "taxonGroup": "Plantae", "eventDate": "2025-06-11T14:58:31", "source": "GBIF", "recordStatus": "recent" }, "geometry": { "type": "Point", "coordinates": [ 366291.566299935104325, 4669345.698112144134939 ] } },
{ "type": "Feature", "properties": { "scientificName": "Scutellaria alpina L.", "commonName": "", "taxonGroup": "Plantae", "eventDate": "2025-06-22T09:05:20", "source": "GBIF", "recordStatus": "recent" }, "geometry": { "type": "Point", "coordinates": [ 375754.053349377296399, 4669593.294186343438923 ] } },
{ "type": "Feature", "properties": { "scientificName": "Anthericum liliago L.", "commonName": "", "taxonGroup": "Plantae", "eventDate": "2025-06-22T08:04:18", "source": "GBIF", "recordStatus": "recent" }, "geometry": { "type": "Point", "coordinates": [ 373283.888233689882327, 4668204.777714132331312 ] } },
{ "type": "Feature", "properties": { "scientificName": "Jurinea humilis (Desf.) DC.", "commonName": "", "taxonGroup": "Plantae", "eventDate": "2025-06-22T10:58:01", "source": "GBIF", "recordStatus": "recent" }, "geometry": { "type": "Point", "coordinates": [ 376914.067223963851575, 4670625.438753136433661 ] } },
{ "type": "Feature", "properties": { "scientificName": "Ranunculus parnassiifolius L.", "commonName": "", "taxonGroup": "Plantae", "eventDate": "2025-06-22T11:55:04", "source": "GBIF", "recordStatus": "recent" }, "geometry": { "type": "Point", "coordinates": [ 375619.320228409837, 4669660.646862791851163 ] } },
{ "type": "Feature", "properties": { "scientificName": "Sedum atratum L.", "commonName": "", "taxonGroup": "Plantae", "eventDate": "2025-06-22T09:07:57", "source": "GBIF", "recordStatus": "recent" }, "geometry": { "type": "Point", "coordinates": [ 375778.374878517177422, 4669623.076650482602417 ] } },
{ "type": "Feature", "properties": { "scientificName": "Potentilla alchimilloides Lapeyr.", "commonName": "", "taxonGroup": "Plantae", "eventDate": "2025-06-22T11:45:39", "source": "GBIF", "recordStatus": "recent" }, "geometry": { "type": "Point", "coordinates": [ 375851.08248582581291, 4669693.213847246021032 ] } },
{ "type": "Feature", "properties": { "scientificName": "Briza media L.", "commonName": "", "taxonGroup": "Plantae", "eventDate": "2025-06-11T14:53:10", "source": "GBIF", "recordStatus": "recent" }, "geometry": { "type": "Point", "coordinates": [ 366271.813629607320763, 4669336.853478675708175 ] } },
{ "type": "Feature", "properties": { "scientificName": "Helleborus foetidus L.", "commonName": "", "taxonGroup": "Plantae", "eventDate": "2025-06-11T09:31:23", "source": "GBIF", "recordStatus": "recent" }, "geometry": { "type": "Point", "coordinates": [ 366280.989780092961155, 4669332.680644822306931 ] } },
{ "type": "Feature", "properties": { "scientificName": "Plantago media L.", "commonName": "", "taxonGroup": "Plantae", "eventDate": "2025-06-11T14:58:08", "source": "GBIF", "recordStatus": "recent" }, "geometry": { "type": "Point", "coordinates": [ 366289.213288472266868, 4669343.632293694652617 ] } },
{ "type": "Feature", "properties": { "scientificName": "Lonicera pyrenaica L.", "commonName": "", "taxonGroup": "Plantae", "eventDate": "2025-06-11T10:37:56", "source": "GBIF", "recordStatus": "recent" }, "geometry": { "type": "Point", "coordinates": [ 366329.604703398887068, 4669259.892118945717812 ] } },
{ "type": "Feature", "properties": { "scientificName": "Euphorbia cyparissias L.", "commonName": "", "taxonGroup": "Plantae", "eventDate": "2025-06-11T09:31:34", "source": "GBIF", "recordStatus": "recent" }, "geometry": { "type": "Point", "coordinates": [ 366288.37365902896272, 4669351.645726720802486 ] } },
{ "type": "Feature", "properties": { "scientificName": "Carthamus carduncellus L.", "commonName": "", "taxonGroup": "Plantae", "eventDate": "2025-06-11T14:59:40", "source": "GBIF", "recordStatus": "recent" }, "geometry": { "type": "Point", "coordinates": [ 366286.864027654402889, 4669346.120540118776262 ] } },
{ "type": "Feature", "properties": { "scientificName": "Campanula persicifolia L.", "commonName": "", "taxonGroup": "Plantae", "eventDate": "2025-06-11T12:44:09", "source": "GBIF", "recordStatus": "recent" }, "geometry": { "type": "Point", "coordinates": [ 366468.778501837980002, 4669395.766544905491173 ] } },
{ "type": "Feature", "properties": { "scientificName": "Argynnis paphia (Linnaeus, 1758)", "commonName": "", "taxonGroup": "Insecta", "eventDate": "2025-06-30T10:28:22", "source": "GBIF", "recordStatus": "recent" }, "geometry": { "type": "Point", "coordinates": [ 368711.603706176159903, 4669698.856128808110952 ] } },
{ "type": "Feature", "properties": { "scientificName": "Lathyrus filiformis (Lam.) J.Gay", "commonName": "", "taxonGroup": "Plantae", "eventDate": "2025-06-11T14:51:08", "source": "GBIF", "recordStatus": "recent" }, "geometry": { "type": "Point", "coordinates": [ 366274.110225917072967, 4669331.589314384385943 ] } },
{ "type": "Feature", "properties": { "scientificName": "Troglodytes troglodytes (Linnaeus, 1758)", "commonName": "", "taxonGroup": "Aves", "eventDate": "2025-06-07T00:00", "source": "GBIF", "recordStatus": "recent" }, "geometry": { "type": "Point", "coordinates": [ 372033.881961562321521, 4673145.220388669520617 ] } },
{ "type": "Feature", "properties": { "scientificName": "Oenanthe oenanthe (Linnaeus, 1758)", "commonName": "", "taxonGroup": "Aves", "eventDate": "2025-06-10T00:00", "source": "GBIF", "recordStatus": "recent" }, "geometry": { "type": "Point", "coordinates": [ 371106.760148758301511, 4667608.456250665709376 ] } },
{ "type": "Feature", "properties": { "scientificName": "Columba palumbus Linnaeus, 1758", "commonName": "", "taxonGroup": "Aves", "eventDate": "2025-06-07T00:00", "source": "GBIF", "recordStatus": "recent" }, "geometry": { "type": "Point", "coordinates": [ 372033.881961562321521, 4673145.220388669520617 ] } },
{ "type": "Feature", "properties": { "scientificName": "Curruca undata (Boddaert, 1783)", "commonName": "", "taxonGroup": "Aves", "eventDate": "2025-06-07T00:00", "source": "GBIF", "recordStatus": "recent" }, "geometry": { "type": "Point", "coordinates": [ 372033.881961562321521, 4673145.220388669520617 ] } },
{ "type": "Feature", "properties": { "scientificName": "Turdus merula Linnaeus, 1758", "commonName": "", "taxonGroup": "Aves", "eventDate": "2025-06-10T00:00", "source": "GBIF", "recordStatus": "recent" }, "geometry": { "type": "Point", "coordinates": [ 371106.760148758301511, 4667608.456250665709376 ] } },
{ "type": "Feature", "properties": { "scientificName": "Lullula arborea (Linnaeus, 1758)", "commonName": "", "taxonGroup": "Aves", "eventDate": "2025-06-10T00:00", "source": "GBIF", "recordStatus": "recent" }, "geometry": { "type": "Point", "coordinates": [ 371106.760148758301511, 4667608.456250665709376 ] } },
{ "type": "Feature", "properties": { "scientificName": "Lasiommata megera (Linnaeus, 1767)", "commonName": "", "taxonGroup": "Insecta", "eventDate": "2025-06-29T09:43:20", "source": "GBIF", "recordStatus": "recent" }, "geometry": { "type": "Point", "coordinates": [ 376948.728575724642724, 4670836.199462991207838 ] } },
{ "type": "Feature", "properties": { "scientificName": "Regulus regulus (Linnaeus, 1758)", "commonName": "", "taxonGroup": "Aves", "eventDate": "2025-06-10T00:00", "source": "GBIF", "recordStatus": "recent" }, "geometry": { "type": "Point", "coordinates": [ 371106.760148758301511, 4667608.456250665709376 ] } },
{ "type": "Feature", "properties": { "scientificName": "Sylvia atricapilla (Linnaeus, 1758)", "commonName": "", "taxonGroup": "Aves", "eventDate": "2025-06-10T00:00", "source": "GBIF", "recordStatus": "recent" }, "geometry": { "type": "Point", "coordinates": [ 371106.760148758301511, 4667608.456250665709376 ] } },
{ "type": "Feature", "properties": { "scientificName": "Turdus viscivorus Linnaeus, 1758", "commonName": "", "taxonGroup": "Aves", "eventDate": "2025-06-10T00:00", "source": "GBIF", "recordStatus": "recent" }, "geometry": { "type": "Point", "coordinates": [ 371106.760148758301511, 4667608.456250665709376 ] } },
{ "type": "Feature", "properties": { "scientificName": "Sylvia atricapilla (Linnaeus, 1758)", "commonName": "", "taxonGroup": "Aves", "eventDate": "2025-06-07T00:00", "source": "GBIF", "recordStatus": "recent" }, "geometry": { "type": "Point", "coordinates": [ 372033.881961562321521, 4673145.220388669520617 ] } },
{ "type": "Feature", "properties": { "scientificName": "Phylloscopus bonelli (Vieillot, 1819)", "commonName": "", "taxonGroup": "Aves", "eventDate": "2025-06-07T00:00", "source": "GBIF", "recordStatus": "recent" }, "geometry": { "type": "Point", "coordinates": [ 372033.881961562321521, 4673145.220388669520617 ] } },
{ "type": "Feature", "properties": { "scientificName": "Turdus philomelos C.L.Brehm, 1831", "commonName": "", "taxonGroup": "Aves", "eventDate": "2025-06-10T00:00", "source": "GBIF", "recordStatus": "recent" }, "geometry": { "type": "Point", "coordinates": [ 371106.760148758301511, 4667608.456250665709376 ] } },
{ "type": "Feature", "properties": { "scientificName": "Saxicola rubicola (Linnaeus, 1766)", "commonName": "", "taxonGroup": "Aves", "eventDate": "2025-06-07T00:00", "source": "GBIF", "recordStatus": "recent" }, "geometry": { "type": "Point", "coordinates": [ 372033.881961562321521, 4673145.220388669520617 ] } },
{ "type": "Feature", "properties": { "scientificName": "Capreolus capreolus (Linnaeus, 1758)", "commonName": "", "taxonGroup": "Mammalia", "eventDate": "2025-06-07T00:00", "source": "GBIF", "recordStatus": "recent" }, "geometry": { "type": "Point", "coordinates": [ 372033.881961562321521, 4673145.220388669520617 ] } },
{ "type": "Feature", "properties": { "scientificName": "Troglodytes troglodytes (Linnaeus, 1758)", "commonName": "", "taxonGroup": "Aves", "eventDate": "2025-06-10T00:00", "source": "GBIF", "recordStatus": "recent" }, "geometry": { "type": "Point", "coordinates": [ 371106.760148758301511, 4667608.456250665709376 ] } },
{ "type": "Feature", "properties": { "scientificName": "Garrulus glandarius (Linnaeus, 1758)", "commonName": "", "taxonGroup": "Aves", "eventDate": "2025-06-07T00:00", "source": "GBIF", "recordStatus": "recent" }, "geometry": { "type": "Point", "coordinates": [ 372033.881961562321521, 4673145.220388669520617 ] } },
{ "type": "Feature", "properties": { "scientificName": "Loxia curvirostra Linnaeus, 1758", "commonName": "", "taxonGroup": "Aves", "eventDate": "2025-06-10T00:00", "source": "GBIF", "recordStatus": "recent" }, "geometry": { "type": "Point", "coordinates": [ 371106.760148758301511, 4667608.456250665709376 ] } },
{ "type": "Feature", "properties": { "scientificName": "Regulus ignicapilla (Temminck, 1820)", "commonName": "", "taxonGroup": "Aves", "eventDate": "2025-06-10T00:00", "source": "GBIF", "recordStatus": "recent" }, "geometry": { "type": "Point", "coordinates": [ 371106.760148758301511, 4667608.456250665709376 ] } },
{ "type": "Feature", "properties": { "scientificName": "Emberiza cia Linnaeus, 1767", "commonName": "", "taxonGroup": "Aves", "eventDate": "2025-06-07T00:00", "source": "GBIF", "recordStatus": "recent" }, "geometry": { "type": "Point", "coordinates": [ 372033.881961562321521, 4673145.220388669520617 ] } },
{ "type": "Feature", "properties": { "scientificName": "Serinus serinus (Linnaeus, 1766)", "commonName": "", "taxonGroup": "Aves", "eventDate": "2025-06-07T00:00", "source": "GBIF", "recordStatus": "recent" }, "geometry": { "type": "Point", "coordinates": [ 372033.881961562321521, 4673145.220388669520617 ] } },
{ "type": "Feature", "properties": { "scientificName": "Ptyonoprogne rupestris (Scopoli, 1769)", "commonName": "", "taxonGroup": "Aves", "eventDate": "2025-06-07T00:00", "source": "GBIF", "recordStatus": "recent" }, "geometry": { "type": "Point", "coordinates": [ 372033.881961562321521, 4673145.220388669520617 ] } },
{ "type": "Feature", "properties": { "scientificName": "Dryocopus martius (Linnaeus, 1758)", "commonName": "", "taxonGroup": "Aves", "eventDate": "2025-06-10T00:00", "source": "GBIF", "recordStatus": "recent" }, "geometry": { "type": "Point", "coordinates": [ 371106.760148758301511, 4667608.456250665709376 ] } },
{ "type": "Feature", "properties": { "scientificName": "Linaria cannabina (Linnaeus, 1758)", "commonName": "", "taxonGroup": "Aves", "eventDate": "2025-06-10T00:00", "source": "GBIF", "recordStatus": "recent" }, "geometry": { "type": "Point", "coordinates": [ 371106.760148758301511, 4667608.456250665709376 ] } },
{ "type": "Feature", "properties": { "scientificName": "Cuculus canorus Linnaeus, 1758", "commonName": "", "taxonGroup": "Aves", "eventDate": "2025-06-10T00:00", "source": "GBIF", "recordStatus": "recent" }, "geometry": { "type": "Point", "coordinates": [ 371106.760148758301511, 4667608.456250665709376 ] } },
{ "type": "Feature", "properties": { "scientificName": "Periparus ater (Linnaeus, 1758)", "commonName": "", "taxonGroup": "Aves", "eventDate": "2025-06-10T00:00", "source": "GBIF", "recordStatus": "recent" }, "geometry": { "type": "Point", "coordinates": [ 371106.760148758301511, 4667608.456250665709376 ] } },
{ "type": "Feature", "properties": { "scientificName": "Prunella modularis (Linnaeus, 1758)", "commonName": "", "taxonGroup": "Aves", "eventDate": "2025-06-10T00:00", "source": "GBIF", "recordStatus": "recent" }, "geometry": { "type": "Point", "coordinates": [ 371106.760148758301511, 4667608.456250665709376 ] } },
{ "type": "Feature", "properties": { "scientificName": "Gyps fulvus (Hablizl, 1783)", "commonName": "", "taxonGroup": "Aves", "eventDate": "2025-06-10T00:00", "source": "GBIF", "recordStatus": "recent" }, "geometry": { "type": "Point", "coordinates": [ 371106.760148758301511, 4667608.456250665709376 ] } },
{ "type": "Feature", "properties": { "scientificName": "Rupicapra pyrenaica pyrenaica Bonaparte, 1845", "commonName": "", "taxonGroup": "Mammalia", "eventDate": "2025-06-07T00:00", "source": "GBIF", "recordStatus": "recent" }, "geometry": { "type": "Point", "coordinates": [ 372033.881961562321521, 4673145.220388669520617 ] } },
{ "type": "Feature", "properties": { "scientificName": "Pyrrhocorax pyrrhocorax (Linnaeus, 1758)", "commonName": "", "taxonGroup": "Aves", "eventDate": "2025-06-10T00:00", "source": "GBIF", "recordStatus": "recent" }, "geometry": { "type": "Point", "coordinates": [ 371106.760148758301511, 4667608.456250665709376 ] } },
{ "type": "Feature", "properties": { "scientificName": "Monticola solitarius (Linnaeus, 1758)", "commonName": "", "taxonGroup": "Aves", "eventDate": "2025-06-01T00:00", "source": "GBIF", "recordStatus": "recent" }, "geometry": { "type": "Point", "coordinates": [ 370321.354610745911486, 4669844.328645276837051 ] } },
{ "type": "Feature", "properties": { "scientificName": "Sciurus vulgaris Linnaeus, 1758", "commonName": "", "taxonGroup": "Mammalia", "eventDate": "2025-06-07T00:00", "source": "GBIF", "recordStatus": "recent" }, "geometry": { "type": "Point", "coordinates": [ 372033.881961562321521, 4673145.220388669520617 ] } },
{ "type": "Feature", "properties": { "scientificName": "Phylloscopus bonelli (Vieillot, 1819)", "commonName": "", "taxonGroup": "Aves", "eventDate": "2025-06-10T00:00", "source": "GBIF", "recordStatus": "recent" }, "geometry": { "type": "Point", "coordinates": [ 371106.760148758301511, 4667608.456250665709376 ] } },
{ "type": "Feature", "properties": { "scientificName": "Fringilla coelebs Linnaeus, 1758", "commonName": "", "taxonGroup": "Aves", "eventDate": "2025-06-07T00:00", "source": "GBIF", "recordStatus": "recent" }, "geometry": { "type": "Point", "coordinates": [ 372033.881961562321521, 4673145.220388669520617 ] } },
{ "type": "Feature", "properties": { "scientificName": "Lanius collurio Linnaeus, 1758", "commonName": "", "taxonGroup": "Aves", "eventDate": "2025-06-07T00:00", "source": "GBIF", "recordStatus": "recent" }, "geometry": { "type": "Point", "coordinates": [ 372033.881961562321521, 4673145.220388669520617 ] } },
{ "type": "Feature", "properties": { "scientificName": "Picus sharpei (H.Saunders, 1872)", "commonName": "", "taxonGroup": "Aves", "eventDate": "2025-06-10T00:00", "source": "GBIF", "recordStatus": "recent" }, "geometry": { "type": "Point", "coordinates": [ 371106.760148758301511, 4667608.456250665709376 ] } },
{ "type": "Feature", "properties": { "scientificName": "Prunella grandiflora (L.) Turra", "commonName": "", "taxonGroup": "Plantae", "eventDate": "2025-07-10T08:25:27", "source": "GBIF", "recordStatus": "recent" }, "geometry": { "type": "Point", "coordinates": [ 369890.749412784993183, 4668732.415873004123569 ] } },
{ "type": "Feature", "properties": { "scientificName": "Silene vulgaris (Moench) Garcke", "commonName": "", "taxonGroup": "Plantae", "eventDate": "2025-08-02T09:14:18", "source": "GBIF", "recordStatus": "recent" }, "geometry": { "type": "Point", "coordinates": [ 374037.583201564964838, 4669470.593954938463867 ] } },
{ "type": "Feature", "properties": { "scientificName": "Cophopodisma pyrenaea (Fischer, 1853)", "commonName": "", "taxonGroup": "Insecta", "eventDate": "2025-08-17T10:20", "source": "GBIF", "recordStatus": "recent" }, "geometry": { "type": "Point", "coordinates": [ 377313.155331534740981, 4671098.632834600284696 ] } },
{ "type": "Feature", "properties": { "scientificName": "Ephippiger diurnus Dufour, 1841", "commonName": "", "taxonGroup": "Insecta", "eventDate": "2025-08-17T10:42", "source": "GBIF", "recordStatus": "recent" }, "geometry": { "type": "Point", "coordinates": [ 375830.753293715009931, 4670855.81431483104825 ] } },
{ "type": "Feature", "properties": { "scientificName": "Rupicapra pyrenaica pyrenaica Bonaparte, 1845", "commonName": "", "taxonGroup": "Mammalia", "eventDate": "2025-10-10T00:00", "source": "GBIF", "recordStatus": "recent" }, "geometry": { "type": "Point", "coordinates": [ 371106.760148758301511, 4667608.456250665709376 ] } },
{ "type": "Feature", "properties": { "scientificName": "Turdus merula Linnaeus, 1758", "commonName": "", "taxonGroup": "Aves", "eventDate": "2025-11-24T13:48:06", "source": "GBIF", "recordStatus": "recent" }, "geometry": { "type": "Point", "coordinates": [ 370321.354610745911486, 4669844.328645276837051 ] } },
{ "type": "Feature", "properties": { "scientificName": "Lophophanes cristatus (Linnaeus, 1758)", "commonName": "", "taxonGroup": "Aves", "eventDate": "2025-11-24T13:48:30", "source": "GBIF", "recordStatus": "recent" }, "geometry": { "type": "Point", "coordinates": [ 370321.354610745911486, 4669844.328645276837051 ] } },
{ "type": "Feature", "properties": { "scientificName": "Parus major Linnaeus, 1758", "commonName": "", "taxonGroup": "Aves", "eventDate": "2025-11-24T13:48:16", "source": "GBIF", "recordStatus": "recent" }, "geometry": { "type": "Point", "coordinates": [ 370321.354610745911486, 4669844.328645276837051 ] } },
{ "type": "Feature", "properties": { "scientificName": "Fringilla coelebs Linnaeus, 1758", "commonName": "", "taxonGroup": "Aves", "eventDate": "2025-11-24T13:48:40", "source": "GBIF", "recordStatus": "recent" }, "geometry": { "type": "Point", "coordinates": [ 370321.354610745911486, 4669844.328645276837051 ] } },
{ "type": "Feature", "properties": { "scientificName": "Helleborus foetidus L.", "commonName": "", "taxonGroup": "Plantae", "eventDate": "2024-02-21T10:53:14", "source": "GBIF", "recordStatus": "recent" }, "geometry": { "type": "Point", "coordinates": [ 377531.47142048238311, 4671629.745965732261539 ] } },
{ "type": "Feature", "properties": { "scientificName": "Pinus nigra J.F.Arnold", "commonName": "", "taxonGroup": "Plantae", "eventDate": "2024-02-05T13:22:47.239Z", "source": "GBIF", "recordStatus": "recent" }, "geometry": { "type": "Point", "coordinates": [ 369489.641485087748151, 4669649.195396543480456 ] } },
{ "type": "Feature", "properties": { "scientificName": "Pinus nigra J.F.Arnold", "commonName": "", "taxonGroup": "Plantae", "eventDate": "2024-02-05T13:59:20.720Z", "source": "GBIF", "recordStatus": "recent" }, "geometry": { "type": "Point", "coordinates": [ 369590.814686379686464, 4669869.804693050682545 ] } },
{ "type": "Feature", "properties": { "scientificName": "Pinus nigra J.F.Arnold", "commonName": "", "taxonGroup": "Plantae", "eventDate": "2024-02-05T13:23:34.326Z", "source": "GBIF", "recordStatus": "recent" }, "geometry": { "type": "Point", "coordinates": [ 369489.717103894159663, 4669684.515667920000851 ] } },
{ "type": "Feature", "properties": { "scientificName": "Pinus nigra J.F.Arnold", "commonName": "", "taxonGroup": "Plantae", "eventDate": "2024-02-05T12:36:16.785Z", "source": "GBIF", "recordStatus": "recent" }, "geometry": { "type": "Point", "coordinates": [ 369151.673425454413518, 4669475.18755653873086 ] } },
{ "type": "Feature", "properties": { "scientificName": "Pinus nigra J.F.Arnold", "commonName": "", "taxonGroup": "Plantae", "eventDate": "2024-02-05T13:58:30.995Z", "source": "GBIF", "recordStatus": "recent" }, "geometry": { "type": "Point", "coordinates": [ 369593.120901663380209, 4669873.871772310696542 ] } },
{ "type": "Feature", "properties": { "scientificName": "Pinus halepensis Mill.", "commonName": "", "taxonGroup": "Plantae", "eventDate": "2024-02-05T13:17:04.604Z", "source": "GBIF", "recordStatus": "recent" }, "geometry": { "type": "Point", "coordinates": [ 369506.77588111750083, 4669641.880449196323752 ] } },
{ "type": "Feature", "properties": { "scientificName": "Prunella collaris (Scopoli, 1769)", "commonName": "", "taxonGroup": "Aves", "eventDate": "2024-02-16T00:00", "source": "GBIF", "recordStatus": "recent" }, "geometry": { "type": "Point", "coordinates": [ 367843.354620376951061, 4669890.360362024046481 ] } },
{ "type": "Feature", "properties": { "scientificName": "Grus grus (Linnaeus, 1758)", "commonName": "", "taxonGroup": "Aves", "eventDate": "2024-02-24T00:00", "source": "GBIF", "recordStatus": "recent" }, "geometry": { "type": "Point", "coordinates": [ 367864.178261385299265, 4671000.726308398880064 ] } },
{ "type": "Feature", "properties": { "scientificName": "Periparus ater (Linnaeus, 1758)", "commonName": "", "taxonGroup": "Aves", "eventDate": "2024-03-12T14:39:48", "source": "GBIF", "recordStatus": "recent" }, "geometry": { "type": "Point", "coordinates": [ 367864.178261385299265, 4671000.726308398880064 ] } },
{ "type": "Feature", "properties": { "scientificName": "Accipiter nisus (Linnaeus, 1758)", "commonName": "", "taxonGroup": "Aves", "eventDate": "2024-03-14T00:00", "source": "GBIF", "recordStatus": "recent" }, "geometry": { "type": "Point", "coordinates": [ 367864.178261385299265, 4671000.726308398880064 ] } },
{ "type": "Feature", "properties": { "scientificName": "Pyrrhocorax pyrrhocorax (Linnaeus, 1758)", "commonName": "", "taxonGroup": "Aves", "eventDate": "2024-03-12T15:38:46", "source": "GBIF", "recordStatus": "recent" }, "geometry": { "type": "Point", "coordinates": [ 367864.178261385299265, 4671000.726308398880064 ] } },
{ "type": "Feature", "properties": { "scientificName": "Falco tinnunculus Linnaeus, 1758", "commonName": "", "taxonGroup": "Aves", "eventDate": "2024-03-12T14:28:36", "source": "GBIF", "recordStatus": "recent" }, "geometry": { "type": "Point", "coordinates": [ 367864.178261385299265, 4671000.726308398880064 ] } },
{ "type": "Feature", "properties": { "scientificName": "Cyanistes caeruleus (Linnaeus, 1758)", "commonName": "", "taxonGroup": "Aves", "eventDate": "2024-03-12T14:28:42", "source": "GBIF", "recordStatus": "recent" }, "geometry": { "type": "Point", "coordinates": [ 367864.178261385299265, 4671000.726308398880064 ] } },
{ "type": "Feature", "properties": { "scientificName": "Tussilago farfara L.", "commonName": "", "taxonGroup": "Plantae", "eventDate": "2024-04-04T17:45:44", "source": "GBIF", "recordStatus": "recent" }, "geometry": { "type": "Point", "coordinates": [ 372013.471312907466199, 4667408.340828713029623 ] } },
{ "type": "Feature", "properties": { "scientificName": "Hepatica nobilis Schreb.", "commonName": "", "taxonGroup": "Plantae", "eventDate": "2024-04-02T15:54:14Z", "source": "GBIF", "recordStatus": "recent" }, "geometry": { "type": "Point", "coordinates": [ 370256.279579413356259, 4670815.536195829510689 ] } },
{ "type": "Feature", "properties": { "scientificName": "Plantago media L.", "commonName": "", "taxonGroup": "Plantae", "eventDate": "2024-04-11T07:53:03Z", "source": "GBIF", "recordStatus": "recent" }, "geometry": { "type": "Point", "coordinates": [ 369324.174781512178015, 4670128.326987573876977 ] } },
{ "type": "Feature", "properties": { "scientificName": "Phylloscopus bonelli (Vieillot, 1819)", "commonName": "", "taxonGroup": "Aves", "eventDate": "2024-04-05T00:00", "source": "GBIF", "recordStatus": "recent" }, "geometry": { "type": "Point", "coordinates": [ 367864.178261385299265, 4671000.726308398880064 ] } },
{ "type": "Feature", "properties": { "scientificName": "Jynx torquilla Linnaeus, 1758", "commonName": "", "taxonGroup": "Aves", "eventDate": "2024-04-05T00:00", "source": "GBIF", "recordStatus": "recent" }, "geometry": { "type": "Point", "coordinates": [ 367864.178261385299265, 4671000.726308398880064 ] } },
{ "type": "Feature", "properties": { "scientificName": "Sitta europaea Linnaeus, 1758", "commonName": "", "taxonGroup": "Aves", "eventDate": "2024-04-05T00:00", "source": "GBIF", "recordStatus": "recent" }, "geometry": { "type": "Point", "coordinates": [ 367864.178261385299265, 4671000.726308398880064 ] } },
{ "type": "Feature", "properties": { "scientificName": "Gyps fulvus (Hablizl, 1783)", "commonName": "", "taxonGroup": "Aves", "eventDate": "2024-05-15T12:07:10", "source": "GBIF", "recordStatus": "recent" }, "geometry": { "type": "Point", "coordinates": [ 367017.353819403972011, 4669905.89799764379859 ] } },
{ "type": "Feature", "properties": { "scientificName": "Sciurus vulgaris Linnaeus, 1758", "commonName": "", "taxonGroup": "Mammalia", "eventDate": "2024-05-21T00:00", "source": "GBIF", "recordStatus": "recent" }, "geometry": { "type": "Point", "coordinates": [ 372799.351034915598575, 4669799.168691048398614 ] } },
{ "type": "Feature", "properties": { "scientificName": "Pyrrhula pyrrhula (Linnaeus, 1758)", "commonName": "", "taxonGroup": "Aves", "eventDate": "2024-05-17T00:00", "source": "GBIF", "recordStatus": "recent" }, "geometry": { "type": "Point", "coordinates": [ 366170.272612300701439, 4668811.167250978760421 ] } },
{ "type": "Feature", "properties": { "scientificName": "Sylvia atricapilla (Linnaeus, 1758)", "commonName": "", "taxonGroup": "Aves", "eventDate": "2024-05-15T12:09:26", "source": "GBIF", "recordStatus": "recent" }, "geometry": { "type": "Point", "coordinates": [ 367017.353819403972011, 4669905.89799764379859 ] } },
{ "type": "Feature", "properties": { "scientificName": "Serinus serinus (Linnaeus, 1766)", "commonName": "", "taxonGroup": "Aves", "eventDate": "2024-05-15T12:10:54", "source": "GBIF", "recordStatus": "recent" }, "geometry": { "type": "Point", "coordinates": [ 367017.353819403972011, 4669905.89799764379859 ] } },
{ "type": "Feature", "properties": { "scientificName": "Columba palumbus Linnaeus, 1758", "commonName": "", "taxonGroup": "Aves", "eventDate": "2024-05-25T00:00", "source": "GBIF", "recordStatus": "recent" }, "geometry": { "type": "Point", "coordinates": [ 370403.110301557986531, 4674285.796772219240665 ] } },
{ "type": "Feature", "properties": { "scientificName": "Pelodytes punctatus (Daudin, 1802)", "commonName": "", "taxonGroup": "Amphibia", "eventDate": "2024-05-26T22:15:02", "source": "GBIF", "recordStatus": "recent" }, "geometry": { "type": "Point", "coordinates": [ 374471.128582278266549, 4670879.908072665333748 ] } },
{ "type": "Feature", "properties": { "scientificName": "Rupicapra pyrenaica pyrenaica Bonaparte, 1845", "commonName": "", "taxonGroup": "Mammalia", "eventDate": "2024-05-29T00:00", "source": "GBIF", "recordStatus": "recent" }, "geometry": { "type": "Point", "coordinates": [ 371933.019319189945236, 4667593.403991819359362 ] } },
{ "type": "Feature", "properties": { "scientificName": "Phylloscopus bonelli (Vieillot, 1819)", "commonName": "", "taxonGroup": "Aves", "eventDate": "2024-05-15T12:10:26", "source": "GBIF", "recordStatus": "recent" }, "geometry": { "type": "Point", "coordinates": [ 367017.353819403972011, 4669905.89799764379859 ] } },
{ "type": "Feature", "properties": { "scientificName": "Phylloscopus bonelli (Vieillot, 1819)", "commonName": "", "taxonGroup": "Aves", "eventDate": "2024-05-15T12:04:18", "source": "GBIF", "recordStatus": "recent" }, "geometry": { "type": "Point", "coordinates": [ 367843.354620376951061, 4669890.360362024046481 ] } },
{ "type": "Feature", "properties": { "scientificName": "Curruca hortensis (J.F.Gmelin, 1789)", "commonName": "", "taxonGroup": "Aves", "eventDate": "2024-05-25T00:00", "source": "GBIF", "recordStatus": "recent" }, "geometry": { "type": "Point", "coordinates": [ 370382.665426279883832, 4673175.427044721320271 ] } },
{ "type": "Feature", "properties": { "scientificName": "Curruca iberiae (Svensson, 2013)", "commonName": "", "taxonGroup": "Aves", "eventDate": "2024-05-15T12:06:12", "source": "GBIF", "recordStatus": "recent" }, "geometry": { "type": "Point", "coordinates": [ 367843.354620376951061, 4669890.360362024046481 ] } },
{ "type": "Feature", "properties": { "scientificName": "Turdus merula Linnaeus, 1758", "commonName": "", "taxonGroup": "Aves", "eventDate": "2024-05-15T12:04:26", "source": "GBIF", "recordStatus": "recent" }, "geometry": { "type": "Point", "coordinates": [ 367017.353819403972011, 4669905.89799764379859 ] } },
{ "type": "Feature", "properties": { "scientificName": "Ptyonoprogne rupestris (Scopoli, 1769)", "commonName": "", "taxonGroup": "Aves", "eventDate": "2024-05-15T12:12:52", "source": "GBIF", "recordStatus": "recent" }, "geometry": { "type": "Point", "coordinates": [ 367843.354620376951061, 4669890.360362024046481 ] } },
{ "type": "Feature", "properties": { "scientificName": "Lullula arborea (Linnaeus, 1758)", "commonName": "", "taxonGroup": "Aves", "eventDate": "2024-05-25T00:00", "source": "GBIF", "recordStatus": "recent" }, "geometry": { "type": "Point", "coordinates": [ 370403.110301557986531, 4674285.796772219240665 ] } },
{ "type": "Feature", "properties": { "scientificName": "Sciurus vulgaris Linnaeus, 1758", "commonName": "", "taxonGroup": "Mammalia", "eventDate": "2024-05-29T00:00", "source": "GBIF", "recordStatus": "recent" }, "geometry": { "type": "Point", "coordinates": [ 371933.019319189945236, 4667593.403991819359362 ] } },
{ "type": "Feature", "properties": { "scientificName": "Curruca undata (Boddaert, 1783)", "commonName": "", "taxonGroup": "Aves", "eventDate": "2024-05-25T00:00", "source": "GBIF", "recordStatus": "recent" }, "geometry": { "type": "Point", "coordinates": [ 370362.224518979375716, 4672065.059114443138242 ] } },
{ "type": "Feature", "properties": { "scientificName": "Capreolus capreolus (Linnaeus, 1758)", "commonName": "", "taxonGroup": "Mammalia", "eventDate": "2024-05-21T00:00", "source": "GBIF", "recordStatus": "recent" }, "geometry": { "type": "Point", "coordinates": [ 372799.351034915598575, 4669799.168691048398614 ] } },
{ "type": "Feature", "properties": { "scientificName": "Gypaetus barbatus (Linnaeus, 1758)", "commonName": "", "taxonGroup": "Aves", "eventDate": "2024-06-03T15:29", "source": "GBIF", "recordStatus": "recent" }, "geometry": { "type": "Point", "coordinates": [ 367979.759070638334379, 4672750.336411725729704 ] } },
{ "type": "Feature", "properties": { "scientificName": "Metaxmeste phrygialis Hübner, 1796", "commonName": "", "taxonGroup": "Insecta", "eventDate": "2024-06-03T12:51:35", "source": "GBIF", "recordStatus": "recent" }, "geometry": { "type": "Point", "coordinates": [ 377644.171823992975987, 4671317.68077873904258 ] } },
{ "type": "Feature", "properties": { "scientificName": "Coenagrion puella (Linnaeus, 1758)", "commonName": "", "taxonGroup": "Insecta", "eventDate": "2024-06-19T13:56:56", "source": "GBIF", "recordStatus": "recent" }, "geometry": { "type": "Point", "coordinates": [ 371567.854913094546646, 4668559.824555997736752 ] } },
{ "type": "Feature", "properties": { "scientificName": "Libellula depressa Linnaeus, 1758", "commonName": "", "taxonGroup": "Insecta", "eventDate": "2024-06-17T16:44:51", "source": "GBIF", "recordStatus": "recent" }, "geometry": { "type": "Point", "coordinates": [ 372015.185874731454533, 4668263.345697692595422 ] } },
{ "type": "Feature", "properties": { "scientificName": "Anax imperator Leach, 1815", "commonName": "", "taxonGroup": "Insecta", "eventDate": "2024-06-17T17:34:29", "source": "GBIF", "recordStatus": "recent" }, "geometry": { "type": "Point", "coordinates": [ 371702.770746361580677, 4668598.576227897778153 ] } },
{ "type": "Feature", "properties": { "scientificName": "Anax imperator Leach, 1815", "commonName": "", "taxonGroup": "Insecta", "eventDate": "2024-06-17T17:07:05", "source": "GBIF", "recordStatus": "recent" }, "geometry": { "type": "Point", "coordinates": [ 371499.589730642735958, 4668595.945315822027624 ] } },
{ "type": "Feature", "properties": { "scientificName": "Enallagma cyathigerum (Charpentier, 1840)", "commonName": "", "taxonGroup": "Insecta", "eventDate": "2024-06-17T17:12:31", "source": "GBIF", "recordStatus": "recent" }, "geometry": { "type": "Point", "coordinates": [ 371236.987832341284957, 4668778.786617287434638 ] } },
{ "type": "Feature", "properties": { "scientificName": "Antirrhinum majus var. pseudomajus (Rouy) Rouy", "commonName": "", "taxonGroup": "Plantae", "eventDate": "2024-06-30T08:18:21", "source": "GBIF", "recordStatus": "recent" }, "geometry": { "type": "Point", "coordinates": [ 370182.341166169266216, 4671192.329112122766674 ] } },
{ "type": "Feature", "properties": { "scientificName": "Hyles euphorbiae Linnaeus, 1758", "commonName": "", "taxonGroup": "Insecta", "eventDate": "2024-06-30T09:31:24", "source": "GBIF", "recordStatus": "recent" }, "geometry": { "type": "Point", "coordinates": [ 371442.137017171247862, 4671416.809333166107535 ] } },
{ "type": "Feature", "properties": { "scientificName": "Clematis vitalba L.", "commonName": "", "taxonGroup": "Plantae", "eventDate": "2024-06-28T06:55:19Z", "source": "GBIF", "recordStatus": "recent" }, "geometry": { "type": "Point", "coordinates": [ 369236.455087575828657, 4670174.384030808694661 ] } },
{ "type": "Feature", "properties": { "scientificName": "Prunus mahaleb L.", "commonName": "", "taxonGroup": "Plantae", "eventDate": "2024-06-28T08:26:51Z", "source": "GBIF", "recordStatus": "recent" }, "geometry": { "type": "Point", "coordinates": [ 370225.193086661340203, 4670536.201857575215399 ] } },
{ "type": "Feature", "properties": { "scientificName": "Phylloscopus collybita (Vieillot, 1817)", "commonName": "", "taxonGroup": "Aves", "eventDate": "2024-06-15T00:00", "source": "GBIF", "recordStatus": "recent" }, "geometry": { "type": "Point", "coordinates": [ 369474.795816714467946, 4668749.212612630799413 ] } },
{ "type": "Feature", "properties": { "scientificName": "Curruca hortensis (J.F.Gmelin, 1789)", "commonName": "", "taxonGroup": "Aves", "eventDate": "2024-06-15T00:00", "source": "GBIF", "recordStatus": "recent" }, "geometry": { "type": "Point", "coordinates": [ 367822.535024967277423, 4668779.996207063086331 ] } },
{ "type": "Feature", "properties": { "scientificName": "Platanthera chlorantha (Custer) Rchb.", "commonName": "", "taxonGroup": "Plantae", "eventDate": "2024-06-20T08:19:46", "source": "GBIF", "recordStatus": "recent" }, "geometry": { "type": "Point", "coordinates": [ 371106.760148758301511, 4667608.456250665709376 ] } },
{ "type": "Feature", "properties": { "scientificName": "Platanthera chlorantha (Custer) Rchb.", "commonName": "", "taxonGroup": "Plantae", "eventDate": "2024-06-20T08:24:38", "source": "GBIF", "recordStatus": "recent" }, "geometry": { "type": "Point", "coordinates": [ 371933.019319189945236, 4667593.403991819359362 ] } },
{ "type": "Feature", "properties": { "scientificName": "Sciurus vulgaris Linnaeus, 1758", "commonName": "", "taxonGroup": "Mammalia", "eventDate": "2024-06-13T00:00", "source": "GBIF", "recordStatus": "recent" }, "geometry": { "type": "Point", "coordinates": [ 374471.128582278266549, 4670879.908072665333748 ] } },
{ "type": "Feature", "properties": { "scientificName": "Alauda arvensis Linnaeus, 1758", "commonName": "", "taxonGroup": "Aves", "eventDate": "2024-06-16T00:00", "source": "GBIF", "recordStatus": "recent" }, "geometry": { "type": "Point", "coordinates": [ 376948.728575724642724, 4670836.199462991207838 ] } },
{ "type": "Feature", "properties": { "scientificName": "Coturnix coturnix (Linnaeus, 1758)", "commonName": "", "taxonGroup": "Aves", "eventDate": "2024-06-15T00:00", "source": "GBIF", "recordStatus": "recent" }, "geometry": { "type": "Point", "coordinates": [ 367822.535024967277423, 4668779.996207063086331 ] } },
{ "type": "Feature", "properties": { "scientificName": "Turdus torquatus Linnaeus, 1758", "commonName": "", "taxonGroup": "Aves", "eventDate": "2024-07-04T00:00", "source": "GBIF", "recordStatus": "recent" }, "geometry": { "type": "Point", "coordinates": [ 375296.99562574311858, 4670865.241676891222596 ] } },
{ "type": "Feature", "properties": { "scientificName": "Rupicapra pyrenaica pyrenaica Bonaparte, 1845", "commonName": "", "taxonGroup": "Mammalia", "eventDate": "2024-07-04T00:00", "source": "GBIF", "recordStatus": "recent" }, "geometry": { "type": "Point", "coordinates": [ 372799.351034915598575, 4669799.168691048398614 ] } },
{ "type": "Feature", "properties": { "scientificName": "Rupicapra pyrenaica pyrenaica Bonaparte, 1845", "commonName": "", "taxonGroup": "Mammalia", "eventDate": "2024-07-04T00:00", "source": "GBIF", "recordStatus": "recent" }, "geometry": { "type": "Point", "coordinates": [ 374471.128582278266549, 4670879.908072665333748 ] } },
{ "type": "Feature", "properties": { "scientificName": "", "commonName": "", "taxonGroup": "", "eventDate": "2024-07-04T13:38:52", "source": "GBIF", "recordStatus": "recent" }, "geometry": { "type": "Point", "coordinates": [ 375316.651108533958904, 4671975.604691068641841 ] } },
{ "type": "Feature", "properties": { "scientificName": "Carduelis citrinella (Pallas, 1764)", "commonName": "", "taxonGroup": "Aves", "eventDate": "2024-07-04T13:39:16", "source": "GBIF", "recordStatus": "recent" }, "geometry": { "type": "Point", "coordinates": [ 375316.651108533958904, 4671975.604691068641841 ] } },
{ "type": "Feature", "properties": { "scientificName": "Agrimonia eupatoria L.", "commonName": "", "taxonGroup": "Plantae", "eventDate": "2024-08-07T14:55:10Z", "source": "GBIF", "recordStatus": "recent" }, "geometry": { "type": "Point", "coordinates": [ 370469.253840133198537, 4670396.978281856514513 ] } },
{ "type": "Feature", "properties": { "scientificName": "Globularia repens Lam.", "commonName": "", "taxonGroup": "Plantae", "eventDate": "2024-08-07T14:49:56Z", "source": "GBIF", "recordStatus": "recent" }, "geometry": { "type": "Point", "coordinates": [ 370515.093189017497934, 4670396.135789575055242 ] } },
{ "type": "Feature", "properties": { "scientificName": "Lavandula angustifolia Mill.", "commonName": "", "taxonGroup": "Plantae", "eventDate": "2024-08-07T14:31:58Z", "source": "GBIF", "recordStatus": "recent" }, "geometry": { "type": "Point", "coordinates": [ 370537.487029730342329, 4670364.845772434957325 ] } },
{ "type": "Feature", "properties": { "scientificName": "Helleborus foetidus L.", "commonName": "", "taxonGroup": "Plantae", "eventDate": "2024-08-07T13:22:43Z", "source": "GBIF", "recordStatus": "recent" }, "geometry": { "type": "Point", "coordinates": [ 370337.247031424252782, 4670707.969870559871197 ] } },
{ "type": "Feature", "properties": { "scientificName": "Satureja montana L.", "commonName": "", "taxonGroup": "Plantae", "eventDate": "2024-08-07T13:16:33Z", "source": "GBIF", "recordStatus": "recent" }, "geometry": { "type": "Point", "coordinates": [ 370270.152792759763543, 4670801.729686022736132 ] } },
{ "type": "Feature", "properties": { "scientificName": "Tussilago farfara L.", "commonName": "", "taxonGroup": "Plantae", "eventDate": "2024-08-07T13:58:38Z", "source": "GBIF", "recordStatus": "recent" }, "geometry": { "type": "Point", "coordinates": [ 370526.570794121362269, 4670418.250742742791772 ] } },
{ "type": "Feature", "properties": { "scientificName": "Rumex scutatus L.", "commonName": "", "taxonGroup": "Plantae", "eventDate": "2024-08-07T13:29:32Z", "source": "GBIF", "recordStatus": "recent" }, "geometry": { "type": "Point", "coordinates": [ 370382.599101593194064, 4670676.256813645362854 ] } },
{ "type": "Feature", "properties": { "scientificName": "Capreolus capreolus (Linnaeus, 1758)", "commonName": "", "taxonGroup": "Mammalia", "eventDate": "2024-09-02T00:00", "source": "GBIF", "recordStatus": "recent" }, "geometry": { "type": "Point", "coordinates": [ 374471.128582278266549, 4670879.908072665333748 ] } },
{ "type": "Feature", "properties": { "scientificName": "Senecio inaequidens DC.", "commonName": "", "taxonGroup": "Plantae", "eventDate": "2024-10-02T16:31:24", "source": "GBIF", "recordStatus": "recent" }, "geometry": { "type": "Point", "coordinates": [ 371450.852690091996919, 4667781.114330543205142 ] } },
{ "type": "Feature", "properties": { "scientificName": "Carex humilis Leyss.", "commonName": "", "taxonGroup": "Plantae", "eventDate": "2023-03-22T16:08:36", "source": "GBIF", "recordStatus": "recent" }, "geometry": { "type": "Point", "coordinates": [ 371725.233487706340384, 4670631.691977080889046 ] } },
{ "type": "Feature", "properties": { "scientificName": "Cuculus canorus Linnaeus, 1758", "commonName": "", "taxonGroup": "Aves", "eventDate": "2023-03-28T00:00", "source": "GBIF", "recordStatus": "recent" }, "geometry": { "type": "Point", "coordinates": [ 367864.178261385299265, 4671000.726308398880064 ] } },
{ "type": "Feature", "properties": { "scientificName": "Alectoris rufa (Linnaeus, 1758)", "commonName": "", "taxonGroup": "Aves", "eventDate": "2023-03-24T15:53:32", "source": "GBIF", "recordStatus": "recent" }, "geometry": { "type": "Point", "coordinates": [ 371933.019319189945236, 4667593.403991819359362 ] } },
{ "type": "Feature", "properties": { "scientificName": "Ophrys passionis Sennen ex Devillers-Tersch. & Devillers", "commonName": "", "taxonGroup": "Plantae", "eventDate": "2023-03-28T00:00", "source": "GBIF", "recordStatus": "recent" }, "geometry": { "type": "Point", "coordinates": [ 365365.350996151799336, 4669937.263870497234166 ] } },
{ "type": "Feature", "properties": { "scientificName": "Bufo spinosus Daudin, 1803", "commonName": "", "taxonGroup": "Amphibia", "eventDate": "2023-03-28T00:00", "source": "GBIF", "recordStatus": "recent" }, "geometry": { "type": "Point", "coordinates": [ 365365.350996151799336, 4669937.263870497234166 ] } },
{ "type": "Feature", "properties": { "scientificName": "Natrix maura (Linnaeus, 1758)", "commonName": "", "taxonGroup": "Squamata", "eventDate": "2023-03-28T00:00", "source": "GBIF", "recordStatus": "recent" }, "geometry": { "type": "Point", "coordinates": [ 365365.350996151799336, 4669937.263870497234166 ] } },
{ "type": "Feature", "properties": { "scientificName": "Emberiza cia Linnaeus, 1767", "commonName": "", "taxonGroup": "Aves", "eventDate": "2023-04-08T00:00", "source": "GBIF", "recordStatus": "recent" }, "geometry": { "type": "Point", "coordinates": [ 372013.701595746795647, 4672034.853507770225406 ] } },
{ "type": "Feature", "properties": { "scientificName": "Pyrrhocorax pyrrhocorax (Linnaeus, 1758)", "commonName": "", "taxonGroup": "Aves", "eventDate": "2023-04-08T00:00", "source": "GBIF", "recordStatus": "recent" }, "geometry": { "type": "Point", "coordinates": [ 372013.701595746795647, 4672034.853507770225406 ] } },
{ "type": "Feature", "properties": { "scientificName": "Gyps fulvus (Hablizl, 1783)", "commonName": "", "taxonGroup": "Aves", "eventDate": "2023-04-08T00:00", "source": "GBIF", "recordStatus": "recent" }, "geometry": { "type": "Point", "coordinates": [ 372013.701595746795647, 4672034.853507770225406 ] } },
{ "type": "Feature", "properties": { "scientificName": "Lullula arborea (Linnaeus, 1758)", "commonName": "", "taxonGroup": "Aves", "eventDate": "2023-04-08T00:00", "source": "GBIF", "recordStatus": "recent" }, "geometry": { "type": "Point", "coordinates": [ 372013.701595746795647, 4672034.853507770225406 ] } },
{ "type": "Feature", "properties": { "scientificName": "Merops apiaster Linnaeus, 1758", "commonName": "", "taxonGroup": "Aves", "eventDate": "2023-04-12T00:00", "source": "GBIF", "recordStatus": "recent" }, "geometry": { "type": "Point", "coordinates": [ 367864.178261385299265, 4671000.726308398880064 ] } },
{ "type": "Feature", "properties": { "scientificName": "Saxicola rubicola (Linnaeus, 1766)", "commonName": "", "taxonGroup": "Aves", "eventDate": "2023-04-12T00:00", "source": "GBIF", "recordStatus": "recent" }, "geometry": { "type": "Point", "coordinates": [ 367864.178261385299265, 4671000.726308398880064 ] } },
{ "type": "Feature", "properties": { "scientificName": "Vulpes vulpes (Linnaeus, 1758)", "commonName": "", "taxonGroup": "Mammalia", "eventDate": "2023-04-22T00:00", "source": "GBIF", "recordStatus": "recent" }, "geometry": { "type": "Point", "coordinates": [ 367864.178261385299265, 4671000.726308398880064 ] } },
{ "type": "Feature", "properties": { "scientificName": "Buteo buteo (Linnaeus, 1758)", "commonName": "", "taxonGroup": "Aves", "eventDate": "2023-04-22T00:00", "source": "GBIF", "recordStatus": "recent" }, "geometry": { "type": "Point", "coordinates": [ 367864.178261385299265, 4671000.726308398880064 ] } },
{ "type": "Feature", "properties": { "scientificName": "Apus apus (Linnaeus, 1758)", "commonName": "", "taxonGroup": "Aves", "eventDate": "2023-04-12T00:00", "source": "GBIF", "recordStatus": "recent" }, "geometry": { "type": "Point", "coordinates": [ 367864.178261385299265, 4671000.726308398880064 ] } },
{ "type": "Feature", "properties": { "scientificName": "Corvus corax Linnaeus, 1758", "commonName": "", "taxonGroup": "Aves", "eventDate": "2023-04-22T00:00", "source": "GBIF", "recordStatus": "recent" }, "geometry": { "type": "Point", "coordinates": [ 367864.178261385299265, 4671000.726308398880064 ] } },
{ "type": "Feature", "properties": { "scientificName": "Corvus corone Linnaeus, 1758", "commonName": "", "taxonGroup": "Aves", "eventDate": "2023-04-22T00:00", "source": "GBIF", "recordStatus": "recent" }, "geometry": { "type": "Point", "coordinates": [ 367864.178261385299265, 4671000.726308398880064 ] } },
{ "type": "Feature", "properties": { "scientificName": "Lophophanes cristatus (Linnaeus, 1758)", "commonName": "", "taxonGroup": "Aves", "eventDate": "2023-04-22T00:00", "source": "GBIF", "recordStatus": "recent" }, "geometry": { "type": "Point", "coordinates": [ 367864.178261385299265, 4671000.726308398880064 ] } },
{ "type": "Feature", "properties": { "scientificName": "Erithacus rubecula (Linnaeus, 1758)", "commonName": "", "taxonGroup": "Aves", "eventDate": "2023-04-22T00:00", "source": "GBIF", "recordStatus": "recent" }, "geometry": { "type": "Point", "coordinates": [ 367864.178261385299265, 4671000.726308398880064 ] } },
{ "type": "Feature", "properties": { "scientificName": "Gyps fulvus (Hablizl, 1783)", "commonName": "", "taxonGroup": "Aves", "eventDate": "2023-04-22T00:00", "source": "GBIF", "recordStatus": "recent" }, "geometry": { "type": "Point", "coordinates": [ 367864.178261385299265, 4671000.726308398880064 ] } },
{ "type": "Feature", "properties": { "scientificName": "Cruciata glabra (L.) Opiz", "commonName": "", "taxonGroup": "Plantae", "eventDate": "2023-05-10T10:39:42", "source": "GBIF", "recordStatus": "recent" }, "geometry": { "type": "Point", "coordinates": [ 372070.016020824550651, 4667331.341483039781451 ] } },
{ "type": "Feature", "properties": { "scientificName": "Lonicera xylosteum L.", "commonName": "", "taxonGroup": "Plantae", "eventDate": "2023-05-30T09:18:14", "source": "GBIF", "recordStatus": "recent" }, "geometry": { "type": "Point", "coordinates": [ 372520.343710516986903, 4671576.707979349419475 ] } },
{ "type": "Feature", "properties": { "scientificName": "Prunella modularis (Linnaeus, 1758)", "commonName": "", "taxonGroup": "Aves", "eventDate": "2023-05-23T09:34:22", "source": "GBIF", "recordStatus": "recent" }, "geometry": { "type": "Point", "coordinates": [ 371933.019319189945236, 4667593.403991819359362 ] } },
{ "type": "Feature", "properties": { "scientificName": "Sylvia borin (Boddaert, 1783)", "commonName": "", "taxonGroup": "Aves", "eventDate": "2023-05-23T09:34:32", "source": "GBIF", "recordStatus": "recent" }, "geometry": { "type": "Point", "coordinates": [ 371933.019319189945236, 4667593.403991819359362 ] } },
{ "type": "Feature", "properties": { "scientificName": "Capreolus capreolus (Linnaeus, 1758)", "commonName": "", "taxonGroup": "Mammalia", "eventDate": "2023-05-23T09:34:06", "source": "GBIF", "recordStatus": "recent" }, "geometry": { "type": "Point", "coordinates": [ 371933.019319189945236, 4667593.403991819359362 ] } },
{ "type": "Feature", "properties": { "scientificName": "Sus scrofa Linnaeus, 1758", "commonName": "", "taxonGroup": "Mammalia", "eventDate": "2023-05-23T09:34:12", "source": "GBIF", "recordStatus": "recent" }, "geometry": { "type": "Point", "coordinates": [ 371933.019319189945236, 4667593.403991819359362 ] } },
{ "type": "Feature", "properties": { "scientificName": "Upupa epops Linnaeus, 1758", "commonName": "", "taxonGroup": "Aves", "eventDate": "2023-05-18T12:33:14", "source": "GBIF", "recordStatus": "recent" }, "geometry": { "type": "Point", "coordinates": [ 371933.019319189945236, 4667593.403991819359362 ] } },
{ "type": "Feature", "properties": { "scientificName": "Cervus elaphus Linnaeus, 1758", "commonName": "", "taxonGroup": "Mammalia", "eventDate": "2023-05-23T09:34", "source": "GBIF", "recordStatus": "recent" }, "geometry": { "type": "Point", "coordinates": [ 371933.019319189945236, 4667593.403991819359362 ] } },
{ "type": "Feature", "properties": { "scientificName": "Gyps fulvus (Hablizl, 1783)", "commonName": "Eurasian Griffon", "taxonGroup": "Aves", "eventDate": "2023-05-19", "source": "GBIF", "recordStatus": "recent" }, "geometry": { "type": "Point", "coordinates": [ 366426.190912557533011, 4674664.283509540371597 ] } },
{ "type": "Feature", "properties": { "scientificName": "Gypaetus barbatus (Linnaeus, 1758)", "commonName": "Bearded Vulture", "taxonGroup": "Aves", "eventDate": "2023-05-19", "source": "GBIF", "recordStatus": "recent" }, "geometry": { "type": "Point", "coordinates": [ 366426.190912557533011, 4674664.283509540371597 ] } },
{ "type": "Feature", "properties": { "scientificName": "Aphyllanthes monspeliensis L.", "commonName": "", "taxonGroup": "Plantae", "eventDate": "2023-05-03T10:00:52.429Z", "source": "GBIF", "recordStatus": "recent" }, "geometry": { "type": "Point", "coordinates": [ 371376.843111206078902, 4670831.311032661236823 ] } },
{ "type": "Feature", "properties": { "scientificName": "Amelanchier ovalis Medik.", "commonName": "", "taxonGroup": "Plantae", "eventDate": "2023-05-03T09:11:34.629Z", "source": "GBIF", "recordStatus": "recent" }, "geometry": { "type": "Point", "coordinates": [ 371191.024401161004789, 4670866.583946942351758 ] } },
{ "type": "Feature", "properties": { "scientificName": "Genista hispanica L.", "commonName": "", "taxonGroup": "Plantae", "eventDate": "2023-05-03T10:05:43.552Z", "source": "GBIF", "recordStatus": "recent" }, "geometry": { "type": "Point", "coordinates": [ 371372.922954678535461, 4670829.272205466404557 ] } },
{ "type": "Feature", "properties": { "scientificName": "Polygala calcarea F.W.Schultz", "commonName": "", "taxonGroup": "Plantae", "eventDate": "2023-05-10T10:54:37.214Z", "source": "GBIF", "recordStatus": "recent" }, "geometry": { "type": "Point", "coordinates": [ 369621.233038966776803, 4669754.279911492951214 ] } },
{ "type": "Feature", "properties": { "scientificName": "Polygonatum odoratum (Mill.) Druce", "commonName": "", "taxonGroup": "Plantae", "eventDate": "2023-06-01T16:13:50", "source": "GBIF", "recordStatus": "recent" }, "geometry": { "type": "Point", "coordinates": [ 370101.276851926930249, 4673139.182425847277045 ] } },
{ "type": "Feature", "properties": { "scientificName": "Acer monspessulanum L.", "commonName": "", "taxonGroup": "Plantae", "eventDate": "2023-06-06T09:27:07", "source": "GBIF", "recordStatus": "recent" }, "geometry": { "type": "Point", "coordinates": [ 369429.164262642792892, 4671290.443481154739857 ] } },
{ "type": "Feature", "properties": { "scientificName": "Clinopodium alpinum (L.) Kuntze", "commonName": "", "taxonGroup": "Plantae", "eventDate": "2023-06-08T10:05:24", "source": "GBIF", "recordStatus": "recent" }, "geometry": { "type": "Point", "coordinates": [ 372442.014410906005651, 4672008.978016910143197 ] } },
{ "type": "Feature", "properties": { "scientificName": "Anthyllis montana L.", "commonName": "", "taxonGroup": "Plantae", "eventDate": "2023-06-08T10:18:23", "source": "GBIF", "recordStatus": "recent" }, "geometry": { "type": "Point", "coordinates": [ 368107.279742102138698, 4671731.158573947846889 ] } },
{ "type": "Feature", "properties": { "scientificName": "Linum narbonense L.", "commonName": "", "taxonGroup": "Plantae", "eventDate": "2023-06-13T09:49:43", "source": "GBIF", "recordStatus": "recent" }, "geometry": { "type": "Point", "coordinates": [ 373347.902310988167301, 4669159.622633898630738 ] } },
{ "type": "Feature", "properties": { "scientificName": "Daphne cneorum L.", "commonName": "", "taxonGroup": "Plantae", "eventDate": "2023-06-08T09:44:44", "source": "GBIF", "recordStatus": "recent" }, "geometry": { "type": "Point", "coordinates": [ 371945.486593575507868, 4669749.32055102288723 ] } },
{ "type": "Feature", "properties": { "scientificName": "Lasiommata megera (Linnaeus, 1767)", "commonName": "", "taxonGroup": "Insecta", "eventDate": "2023-06-15T10:54:57", "source": "GBIF", "recordStatus": "recent" }, "geometry": { "type": "Point", "coordinates": [ 372635.310381837014575, 4670707.372517465613782 ] } },
{ "type": "Feature", "properties": { "scientificName": "Dactylis glomerata L.", "commonName": "", "taxonGroup": "Plantae", "eventDate": "2023-06-22T10:04:18", "source": "GBIF", "recordStatus": "recent" }, "geometry": { "type": "Point", "coordinates": [ 371677.124287491373252, 4668824.076584368012846 ] } },
{ "type": "Feature", "properties": { "scientificName": "Sedum acre L.", "commonName": "", "taxonGroup": "Plantae", "eventDate": "2023-06-30T07:41:01", "source": "GBIF", "recordStatus": "recent" }, "geometry": { "type": "Point", "coordinates": [ 373591.199425144703127, 4668515.704769968055189 ] } },
{ "type": "Feature", "properties": { "scientificName": "Veronica orsiniana Ten.", "commonName": "", "taxonGroup": "Plantae", "eventDate": "2023-06-08T16:36:21", "source": "GBIF", "recordStatus": "recent" }, "geometry": { "type": "Point", "coordinates": [ 369775.798055314808153, 4669703.21606881916523 ] } },
{ "type": "Feature", "properties": { "scientificName": "Accipiter nisus (Linnaeus, 1758)", "commonName": "Eurasian Sparrowhawk", "taxonGroup": "Aves", "eventDate": "2023-06-18", "source": "GBIF", "recordStatus": "recent" }, "geometry": { "type": "Point", "coordinates": [ 369091.119596174394246, 4671579.514368851669133 ] } },
{ "type": "Feature", "properties": { "scientificName": "Curruca iberiae (Svensson, 2013)", "commonName": "Western Subalpine Warbler", "taxonGroup": "Aves", "eventDate": "2023-06-18", "source": "GBIF", "recordStatus": "recent" }, "geometry": { "type": "Point", "coordinates": [ 369091.119596174394246, 4671579.514368851669133 ] } },
{ "type": "Feature", "properties": { "scientificName": "Hirundo rustica Linnaeus, 1758", "commonName": "Barn Swallow", "taxonGroup": "Aves", "eventDate": "2023-06-18", "source": "GBIF", "recordStatus": "recent" }, "geometry": { "type": "Point", "coordinates": [ 369091.119596174394246, 4671579.514368851669133 ] } },
{ "type": "Feature", "properties": { "scientificName": "Corvus corone Linnaeus, 1758", "commonName": "Carrion Crow", "taxonGroup": "Aves", "eventDate": "2023-06-18", "source": "GBIF", "recordStatus": "recent" }, "geometry": { "type": "Point", "coordinates": [ 369091.119596174394246, 4671579.514368851669133 ] } },
{ "type": "Feature", "properties": { "scientificName": "Fringilla coelebs Linnaeus, 1758", "commonName": "Common Chaffinch", "taxonGroup": "Aves", "eventDate": "2023-06-18", "source": "GBIF", "recordStatus": "recent" }, "geometry": { "type": "Point", "coordinates": [ 369091.119596174394246, 4671579.514368851669133 ] } },
{ "type": "Feature", "properties": { "scientificName": "Sitta europaea Linnaeus, 1758", "commonName": "Eurasian Nuthatch", "taxonGroup": "Aves", "eventDate": "2023-06-18", "source": "GBIF", "recordStatus": "recent" }, "geometry": { "type": "Point", "coordinates": [ 369091.119596174394246, 4671579.514368851669133 ] } },
{ "type": "Feature", "properties": { "scientificName": "Oriolus oriolus (Linnaeus, 1758)", "commonName": "Eurasian Golden Oriole", "taxonGroup": "Aves", "eventDate": "2023-06-18", "source": "GBIF", "recordStatus": "recent" }, "geometry": { "type": "Point", "coordinates": [ 369091.119596174394246, 4671579.514368851669133 ] } },
{ "type": "Feature", "properties": { "scientificName": "Phoenicurus ochruros (S.G.Gmelin, 1774)", "commonName": "Black Redstart", "taxonGroup": "Aves", "eventDate": "2023-06-18", "source": "GBIF", "recordStatus": "recent" }, "geometry": { "type": "Point", "coordinates": [ 369091.119596174394246, 4671579.514368851669133 ] } },
{ "type": "Feature", "properties": { "scientificName": "Parus major Linnaeus, 1758", "commonName": "Great Tit", "taxonGroup": "Aves", "eventDate": "2023-06-18", "source": "GBIF", "recordStatus": "recent" }, "geometry": { "type": "Point", "coordinates": [ 369091.119596174394246, 4671579.514368851669133 ] } },
{ "type": "Feature", "properties": { "scientificName": "Pyrrhocorax pyrrhocorax (Linnaeus, 1758)", "commonName": "Red-billed Chough", "taxonGroup": "Aves", "eventDate": "2023-06-18", "source": "GBIF", "recordStatus": "recent" }, "geometry": { "type": "Point", "coordinates": [ 369091.119596174394246, 4671579.514368851669133 ] } },
{ "type": "Feature", "properties": { "scientificName": "Passer domesticus (Linnaeus, 1758)", "commonName": "House Sparrow", "taxonGroup": "Aves", "eventDate": "2023-06-18", "source": "GBIF", "recordStatus": "recent" }, "geometry": { "type": "Point", "coordinates": [ 369091.119596174394246, 4671579.514368851669133 ] } },
{ "type": "Feature", "properties": { "scientificName": "Apus apus (Linnaeus, 1758)", "commonName": "Common Swift", "taxonGroup": "Aves", "eventDate": "2023-06-18", "source": "GBIF", "recordStatus": "recent" }, "geometry": { "type": "Point", "coordinates": [ 369091.119596174394246, 4671579.514368851669133 ] } },
{ "type": "Feature", "properties": { "scientificName": "Phylloscopus bonelli (Vieillot, 1819)", "commonName": "Western Bonelli's Warbler", "taxonGroup": "Aves", "eventDate": "2023-06-18", "source": "GBIF", "recordStatus": "recent" }, "geometry": { "type": "Point", "coordinates": [ 369091.119596174394246, 4671579.514368851669133 ] } },
{ "type": "Feature", "properties": { "scientificName": "Emberiza cirlus Linnaeus, 1767", "commonName": "Cirl Bunting", "taxonGroup": "Aves", "eventDate": "2023-06-18", "source": "GBIF", "recordStatus": "recent" }, "geometry": { "type": "Point", "coordinates": [ 369091.119596174394246, 4671579.514368851669133 ] } },
{ "type": "Feature", "properties": { "scientificName": "Turdus merula Linnaeus, 1758", "commonName": "Eurasian Blackbird", "taxonGroup": "Aves", "eventDate": "2023-06-18", "source": "GBIF", "recordStatus": "recent" }, "geometry": { "type": "Point", "coordinates": [ 369091.119596174394246, 4671579.514368851669133 ] } },
{ "type": "Feature", "properties": { "scientificName": "Aegithalos caudatus (Linnaeus, 1758)", "commonName": "Long-tailed Tit", "taxonGroup": "Aves", "eventDate": "2023-06-18", "source": "GBIF", "recordStatus": "recent" }, "geometry": { "type": "Point", "coordinates": [ 369091.119596174394246, 4671579.514368851669133 ] } },
{ "type": "Feature", "properties": { "scientificName": "Gyps fulvus (Hablizl, 1783)", "commonName": "Eurasian Griffon", "taxonGroup": "Aves", "eventDate": "2023-06-18", "source": "GBIF", "recordStatus": "recent" }, "geometry": { "type": "Point", "coordinates": [ 369091.119596174394246, 4671579.514368851669133 ] } },
{ "type": "Feature", "properties": { "scientificName": "Falco tinnunculus Linnaeus, 1758", "commonName": "Eurasian Kestrel", "taxonGroup": "Aves", "eventDate": "2023-06-18", "source": "GBIF", "recordStatus": "recent" }, "geometry": { "type": "Point", "coordinates": [ 369091.119596174394246, 4671579.514368851669133 ] } },
{ "type": "Feature", "properties": { "scientificName": "Hieraaetus pennatus (Gmelin, 1788)", "commonName": "Booted Eagle", "taxonGroup": "Aves", "eventDate": "2023-06-18", "source": "GBIF", "recordStatus": "recent" }, "geometry": { "type": "Point", "coordinates": [ 369091.119596174394246, 4671579.514368851669133 ] } },
{ "type": "Feature", "properties": { "scientificName": "Upupa epops Linnaeus, 1758", "commonName": "Eurasian Hoopoe", "taxonGroup": "Aves", "eventDate": "2023-06-18", "source": "GBIF", "recordStatus": "recent" }, "geometry": { "type": "Point", "coordinates": [ 369091.119596174394246, 4671579.514368851669133 ] } },
{ "type": "Feature", "properties": { "scientificName": "Luscinia megarhynchos C.L.Brehm, 1831", "commonName": "Common Nightingale", "taxonGroup": "Aves", "eventDate": "2023-06-18", "source": "GBIF", "recordStatus": "recent" }, "geometry": { "type": "Point", "coordinates": [ 369091.119596174394246, 4671579.514368851669133 ] } },
{ "type": "Feature", "properties": { "scientificName": "Dendrocopos major (Linnaeus, 1758)", "commonName": "Great Spotted Woodpecker", "taxonGroup": "Aves", "eventDate": "2023-06-18", "source": "GBIF", "recordStatus": "recent" }, "geometry": { "type": "Point", "coordinates": [ 369091.119596174394246, 4671579.514368851669133 ] } },
{ "type": "Feature", "properties": { "scientificName": "Corvus corax Linnaeus, 1758", "commonName": "Common Raven", "taxonGroup": "Aves", "eventDate": "2023-06-18", "source": "GBIF", "recordStatus": "recent" }, "geometry": { "type": "Point", "coordinates": [ 369091.119596174394246, 4671579.514368851669133 ] } },
{ "type": "Feature", "properties": { "scientificName": "Columba palumbus Linnaeus, 1758", "commonName": "Common Wood-Pigeon", "taxonGroup": "Aves", "eventDate": "2023-06-18", "source": "GBIF", "recordStatus": "recent" }, "geometry": { "type": "Point", "coordinates": [ 369091.119596174394246, 4671579.514368851669133 ] } },
{ "type": "Feature", "properties": { "scientificName": "Gypaetus barbatus (Linnaeus, 1758)", "commonName": "Bearded Vulture", "taxonGroup": "Aves", "eventDate": "2023-06-18", "source": "GBIF", "recordStatus": "recent" }, "geometry": { "type": "Point", "coordinates": [ 369091.119596174394246, 4671579.514368851669133 ] } },
{ "type": "Feature", "properties": { "scientificName": "Troglodytes troglodytes (Linnaeus, 1758)", "commonName": "Eurasian Wren", "taxonGroup": "Aves", "eventDate": "2023-06-18", "source": "GBIF", "recordStatus": "recent" }, "geometry": { "type": "Point", "coordinates": [ 369091.119596174394246, 4671579.514368851669133 ] } },
{ "type": "Feature", "properties": { "scientificName": "Serinus serinus (Linnaeus, 1766)", "commonName": "European Serin", "taxonGroup": "Aves", "eventDate": "2023-06-18", "source": "GBIF", "recordStatus": "recent" }, "geometry": { "type": "Point", "coordinates": [ 369091.119596174394246, 4671579.514368851669133 ] } },
{ "type": "Feature", "properties": { "scientificName": "Tachymarptis melba (Linnaeus, 1758)", "commonName": "Alpine Swift", "taxonGroup": "Aves", "eventDate": "2023-06-18", "source": "GBIF", "recordStatus": "recent" }, "geometry": { "type": "Point", "coordinates": [ 369091.119596174394246, 4671579.514368851669133 ] } },
{ "type": "Feature", "properties": { "scientificName": "Rubus idaeus L.", "commonName": "", "taxonGroup": "Plantae", "eventDate": "2023-07-05T10:38:04", "source": "GBIF", "recordStatus": "recent" }, "geometry": { "type": "Point", "coordinates": [ 374999.782192592509091, 4670098.342307994142175 ] } },
{ "type": "Feature", "properties": { "scientificName": "Allium sphaerocephalon L.", "commonName": "", "taxonGroup": "Plantae", "eventDate": "2023-07-16T08:33:38", "source": "GBIF", "recordStatus": "recent" }, "geometry": { "type": "Point", "coordinates": [ 369107.183506945380941, 4672688.190112648531795 ] } },
{ "type": "Feature", "properties": { "scientificName": "Vanessa cardui (Linnaeus, 1758)", "commonName": "", "taxonGroup": "Insecta", "eventDate": "2023-07-14T09:10:16", "source": "GBIF", "recordStatus": "recent" }, "geometry": { "type": "Point", "coordinates": [ 372027.118328005599324, 4671559.438488131389022 ] } },
{ "type": "Feature", "properties": { "scientificName": "Gypaetus barbatus (Linnaeus, 1758)", "commonName": "Bearded Vulture", "taxonGroup": "Aves", "eventDate": "2023-08-26", "source": "GBIF", "recordStatus": "recent" }, "geometry": { "type": "Point", "coordinates": [ 369091.119596174394246, 4671579.514368851669133 ] } },
{ "type": "Feature", "properties": { "scientificName": "Ptyonoprogne rupestris (Scopoli, 1769)", "commonName": "Eurasian Crag-Martin", "taxonGroup": "Aves", "eventDate": "2023-08-26", "source": "GBIF", "recordStatus": "recent" }, "geometry": { "type": "Point", "coordinates": [ 369091.119596174394246, 4671579.514368851669133 ] } },
{ "type": "Feature", "properties": { "scientificName": "Gyps fulvus (Hablizl, 1783)", "commonName": "Eurasian Griffon", "taxonGroup": "Aves", "eventDate": "2023-08-26", "source": "GBIF", "recordStatus": "recent" }, "geometry": { "type": "Point", "coordinates": [ 369091.119596174394246, 4671579.514368851669133 ] } },
{ "type": "Feature", "properties": { "scientificName": "Circaetus gallicus (Gmelin, 1788)", "commonName": "Short-toed Snake-Eagle", "taxonGroup": "Aves", "eventDate": "2023-08-26", "source": "GBIF", "recordStatus": "recent" }, "geometry": { "type": "Point", "coordinates": [ 369091.119596174394246, 4671579.514368851669133 ] } },
{ "type": "Feature", "properties": { "scientificName": "Merops apiaster Linnaeus, 1758", "commonName": "European Bee-eater", "taxonGroup": "Aves", "eventDate": "2023-08-26", "source": "GBIF", "recordStatus": "recent" }, "geometry": { "type": "Point", "coordinates": [ 369091.119596174394246, 4671579.514368851669133 ] } },
{ "type": "Feature", "properties": { "scientificName": "Neophron percnopterus (Linnaeus, 1758)", "commonName": "Egyptian Vulture", "taxonGroup": "Aves", "eventDate": "2023-08-26", "source": "GBIF", "recordStatus": "recent" }, "geometry": { "type": "Point", "coordinates": [ 369091.119596174394246, 4671579.514368851669133 ] } },
{ "type": "Feature", "properties": { "scientificName": "Hieraaetus pennatus (Gmelin, 1788)", "commonName": "Booted Eagle", "taxonGroup": "Aves", "eventDate": "2023-08-26", "source": "GBIF", "recordStatus": "recent" }, "geometry": { "type": "Point", "coordinates": [ 369091.119596174394246, 4671579.514368851669133 ] } },
{ "type": "Feature", "properties": { "scientificName": "Delichon urbicum (Linnaeus, 1758)", "commonName": "", "taxonGroup": "Aves", "eventDate": "2023-09-24T12:56:04", "source": "GBIF", "recordStatus": "recent" }, "geometry": { "type": "Point", "coordinates": [ 375296.99562574311858, 4670865.241676891222596 ] } },
{ "type": "Feature", "properties": { "scientificName": "Gyps fulvus (Hablizl, 1783)", "commonName": "", "taxonGroup": "Aves", "eventDate": "2023-09-24T12:47:46", "source": "GBIF", "recordStatus": "recent" }, "geometry": { "type": "Point", "coordinates": [ 375296.99562574311858, 4670865.241676891222596 ] } },
{ "type": "Feature", "properties": { "scientificName": "Garrulus glandarius (Linnaeus, 1758)", "commonName": "", "taxonGroup": "Aves", "eventDate": "2023-10-22T11:36:08", "source": "GBIF", "recordStatus": "recent" }, "geometry": { "type": "Point", "coordinates": [ 371147.353811705019325, 4669829.178466124460101 ] } },
{ "type": "Feature", "properties": { "scientificName": "Gyps fulvus (Hablizl, 1783)", "commonName": "", "taxonGroup": "Aves", "eventDate": "2023-10-22T11:37:04", "source": "GBIF", "recordStatus": "recent" }, "geometry": { "type": "Point", "coordinates": [ 371147.353811705019325, 4669829.178466124460101 ] } },
{ "type": "Feature", "properties": { "scientificName": "Falco tinnunculus Linnaeus, 1758", "commonName": "", "taxonGroup": "Aves", "eventDate": "2023-10-22T15:14:48", "source": "GBIF", "recordStatus": "recent" }, "geometry": { "type": "Point", "coordinates": [ 371973.35261892597191, 4669814.125148403458297 ] } },
{ "type": "Feature", "properties": { "scientificName": "Garrulus glandarius (Linnaeus, 1758)", "commonName": "", "taxonGroup": "Aves", "eventDate": "2023-10-21T19:00:30", "source": "GBIF", "recordStatus": "recent" }, "geometry": { "type": "Point", "coordinates": [ 370321.354610745911486, 4669844.328645276837051 ] } },
{ "type": "Feature", "properties": { "scientificName": "Turdus merula Linnaeus, 1758", "commonName": "", "taxonGroup": "Aves", "eventDate": "2023-10-22T18:15:22", "source": "GBIF", "recordStatus": "recent" }, "geometry": { "type": "Point", "coordinates": [ 367822.535024967277423, 4668779.996207063086331 ] } },
{ "type": "Feature", "properties": { "scientificName": "Lophophanes cristatus (Linnaeus, 1758)", "commonName": "", "taxonGroup": "Aves", "eventDate": "2023-10-22T13:27:10", "source": "GBIF", "recordStatus": "recent" }, "geometry": { "type": "Point", "coordinates": [ 371993.52514800109202, 4670924.488427706062794 ] } },
{ "type": "Feature", "properties": { "scientificName": "Gyps fulvus (Hablizl, 1783)", "commonName": "", "taxonGroup": "Aves", "eventDate": "2023-10-22T14:55:32", "source": "GBIF", "recordStatus": "recent" }, "geometry": { "type": "Point", "coordinates": [ 371973.35261892597191, 4669814.125148403458297 ] } },
{ "type": "Feature", "properties": { "scientificName": "Gyps fulvus (Hablizl, 1783)", "commonName": "", "taxonGroup": "Aves", "eventDate": "2023-10-21T19:00:20", "source": "GBIF", "recordStatus": "recent" }, "geometry": { "type": "Point", "coordinates": [ 370321.354610745911486, 4669844.328645276837051 ] } },
{ "type": "Feature", "properties": { "scientificName": "Corvus corax Linnaeus, 1758", "commonName": "", "taxonGroup": "Aves", "eventDate": "2023-10-22T14:55:58", "source": "GBIF", "recordStatus": "recent" }, "geometry": { "type": "Point", "coordinates": [ 371953.184009122021962, 4668703.763669796288013 ] } },
{ "type": "Feature", "properties": { "scientificName": "Fringilla coelebs Linnaeus, 1758", "commonName": "", "taxonGroup": "Aves", "eventDate": "2023-10-22T15:18:16", "source": "GBIF", "recordStatus": "recent" }, "geometry": { "type": "Point", "coordinates": [ 371973.35261892597191, 4669814.125148403458297 ] } },
{ "type": "Feature", "properties": { "scientificName": "Corvus corax Linnaeus, 1758", "commonName": "", "taxonGroup": "Aves", "eventDate": "2023-10-22T12:06:38", "source": "GBIF", "recordStatus": "recent" }, "geometry": { "type": "Point", "coordinates": [ 371167.656560286763124, 4670939.542272115126252 ] } },
{ "type": "Feature", "properties": { "scientificName": "Dendrocopos major (Linnaeus, 1758)", "commonName": "", "taxonGroup": "Aves", "eventDate": "2023-10-21T15:49:30", "source": "GBIF", "recordStatus": "recent" }, "geometry": { "type": "Point", "coordinates": [ 366191.352612163871527, 4669921.53250010125339 ] } },
{ "type": "Feature", "properties": { "scientificName": "Gyps fulvus (Hablizl, 1783)", "commonName": "", "taxonGroup": "Aves", "eventDate": "2023-10-22T14:55:48", "source": "GBIF", "recordStatus": "recent" }, "geometry": { "type": "Point", "coordinates": [ 371953.184009122021962, 4668703.763669796288013 ] } },
{ "type": "Feature", "properties": { "scientificName": "Phoenicurus ochruros (S.G.Gmelin, 1774)", "commonName": "", "taxonGroup": "Aves", "eventDate": "2023-10-22T16:11:42", "source": "GBIF", "recordStatus": "recent" }, "geometry": { "type": "Point", "coordinates": [ 371147.353811705019325, 4669829.178466124460101 ] } },
{ "type": "Feature", "properties": { "scientificName": "Columba palumbus Linnaeus, 1758", "commonName": "", "taxonGroup": "Aves", "eventDate": "2023-10-22T14:50:20", "source": "GBIF", "recordStatus": "recent" }, "geometry": { "type": "Point", "coordinates": [ 371973.35261892597191, 4669814.125148403458297 ] } },
{ "type": "Feature", "properties": { "scientificName": "Gyps fulvus (Hablizl, 1783)", "commonName": "", "taxonGroup": "Aves", "eventDate": "2023-10-22T15:08:50", "source": "GBIF", "recordStatus": "recent" }, "geometry": { "type": "Point", "coordinates": [ 371167.656560286763124, 4670939.542272115126252 ] } },
{ "type": "Feature", "properties": { "scientificName": "Pyrrhocorax pyrrhocorax (Linnaeus, 1758)", "commonName": "", "taxonGroup": "Aves", "eventDate": "2023-10-22T15:31", "source": "GBIF", "recordStatus": "recent" }, "geometry": { "type": "Point", "coordinates": [ 371973.35261892597191, 4669814.125148403458297 ] } },
{ "type": "Feature", "properties": { "scientificName": "Lophophanes cristatus (Linnaeus, 1758)", "commonName": "", "taxonGroup": "Aves", "eventDate": "2023-10-22T15:15:56", "source": "GBIF", "recordStatus": "recent" }, "geometry": { "type": "Point", "coordinates": [ 371973.35261892597191, 4669814.125148403458297 ] } },
{ "type": "Feature", "properties": { "scientificName": "Corvus corax Linnaeus, 1758", "commonName": "", "taxonGroup": "Aves", "eventDate": "2023-10-21T15:00:08", "source": "GBIF", "recordStatus": "recent" }, "geometry": { "type": "Point", "coordinates": [ 366191.352612163871527, 4669921.53250010125339 ] } },
{ "type": "Feature", "properties": { "scientificName": "Gyps fulvus (Hablizl, 1783)", "commonName": "", "taxonGroup": "Aves", "eventDate": "2023-10-21T14:56:02", "source": "GBIF", "recordStatus": "recent" }, "geometry": { "type": "Point", "coordinates": [ 366191.352612163871527, 4669921.53250010125339 ] } },
{ "type": "Feature", "properties": { "scientificName": "Ilex aquifolium L.", "commonName": "", "taxonGroup": "Plantae", "eventDate": "2023-11-13T12:46:58.725Z", "source": "GBIF", "recordStatus": "recent" }, "geometry": { "type": "Point", "coordinates": [ 369911.580754874681588, 4669968.508435927331448 ] } },
{ "type": "Feature", "properties": { "scientificName": "Prunella collaris (Scopoli, 1769)", "commonName": "", "taxonGroup": "Aves", "eventDate": "2022-01-24T00:00", "source": "GBIF", "recordStatus": "recent" }, "geometry": { "type": "Point", "coordinates": [ 376948.728575724642724, 4670836.199462991207838 ] } },
{ "type": "Feature", "properties": { "scientificName": "Zygaena lonicerae", "commonName": "narrow-bordered five-spot burnet", "taxonGroup": "Insecta", "eventDate": "2026-07-03", "source": "iNaturalist", "recordStatus": "recent" }, "geometry": { "type": "Point", "coordinates": [ 372349.31845266680466, 4668008.953674906864762 ] } },
{ "type": "Feature", "properties": { "scientificName": "Iphiclides feisthamelii", "commonName": "Iberian Scarce Swallowtail", "taxonGroup": "Insecta", "eventDate": "2026-06-19", "source": "iNaturalist", "recordStatus": "recent" }, "geometry": { "type": "Point", "coordinates": [ 374631.845327762770467, 4670256.818276500329375 ] } },
{ "type": "Feature", "properties": { "scientificName": "Thymus", "commonName": "Thymes", "taxonGroup": "Plantae", "eventDate": "2026-06-17", "source": "iNaturalist", "recordStatus": "recent" }, "geometry": { "type": "Point", "coordinates": [ 370492.147237114957534, 4670924.581068825908005 ] } },
{ "type": "Feature", "properties": { "scientificName": "Coccinella septempunctata", "commonName": "Seven-spotted Lady Beetle", "taxonGroup": "Insecta", "eventDate": "2026-06-15", "source": "iNaturalist", "recordStatus": "recent" }, "geometry": { "type": "Point", "coordinates": [ 372033.324708564847242, 4668251.611576824449003 ] } },
{ "type": "Feature", "properties": { "scientificName": "Coronilla minima", "commonName": "Coronilla minima", "taxonGroup": "Plantae", "eventDate": "2026-06-12", "source": "iNaturalist", "recordStatus": "recent" }, "geometry": { "type": "Point", "coordinates": [ 372260.44980532489717, 4669025.680824293754995 ] } },
{ "type": "Feature", "properties": { "scientificName": "Globularia cordifolia", "commonName": "Matted Globularia", "taxonGroup": "Plantae", "eventDate": "2026-06-12", "source": "iNaturalist", "recordStatus": "recent" }, "geometry": { "type": "Point", "coordinates": [ 372891.14511266205227, 4670872.919261483475566 ] } },
{ "type": "Feature", "properties": { "scientificName": "Microtus agrestis", "commonName": "Field Vole", "taxonGroup": "Mammalia", "eventDate": "2026-06-11", "source": "iNaturalist", "recordStatus": "recent" }, "geometry": { "type": "Point", "coordinates": [ 372726.064628563239239, 4668747.226448926143348 ] } },
{ "type": "Feature", "properties": { "scientificName": "Valeriana montana", "commonName": "Mountain Valerian", "taxonGroup": "Plantae", "eventDate": "2026-06-11", "source": "iNaturalist", "recordStatus": "recent" }, "geometry": { "type": "Point", "coordinates": [ 372692.649437925778329, 4668617.020022478885949 ] } },
{ "type": "Feature", "properties": { "scientificName": "Iberis amara", "commonName": "Wild Candytuft", "taxonGroup": "Plantae", "eventDate": "2026-06-11", "source": "iNaturalist", "recordStatus": "recent" }, "geometry": { "type": "Point", "coordinates": [ 372989.119697202055249, 4668475.576400372199714 ] } },
{ "type": "Feature", "properties": { "scientificName": "Ornithogalum divergens", "commonName": "Divergent Star-of-Bethlehem", "taxonGroup": "Plantae", "eventDate": "2026-06-11", "source": "iNaturalist", "recordStatus": "recent" }, "geometry": { "type": "Point", "coordinates": [ 373983.816746558528394, 4669459.081651789136231 ] } },
{ "type": "Feature", "properties": { "scientificName": "Araneae", "commonName": "Spiders", "taxonGroup": "Arachnida", "eventDate": "2026-06-11", "source": "iNaturalist", "recordStatus": "recent" }, "geometry": { "type": "Point", "coordinates": [ 373900.863518116937485, 4669619.286565642803907 ] } },
{ "type": "Feature", "properties": { "scientificName": "Asplenium viride", "commonName": "green spleenwort", "taxonGroup": "Plantae", "eventDate": "2026-06-11", "source": "iNaturalist", "recordStatus": "recent" }, "geometry": { "type": "Point", "coordinates": [ 373957.193486422766, 4669770.502621255815029 ] } },
{ "type": "Feature", "properties": { "scientificName": "Cystopteris fragilis", "commonName": "brittle bladderfern", "taxonGroup": "Plantae", "eventDate": "2026-06-11", "source": "iNaturalist", "recordStatus": "recent" }, "geometry": { "type": "Point", "coordinates": [ 373960.065588951983955, 4669767.085786714218557 ] } },
{ "type": "Feature", "properties": { "scientificName": "Sedum atratum", "commonName": "Dark Stonecrop", "taxonGroup": "Plantae", "eventDate": "2026-06-11", "source": "iNaturalist", "recordStatus": "recent" }, "geometry": { "type": "Point", "coordinates": [ 373958.01606689277105, 4669790.625196081586182 ] } },
{ "type": "Feature", "properties": { "scientificName": "Moneses uniflora", "commonName": "One-flowered Wintergreen", "taxonGroup": "Plantae", "eventDate": "2026-06-11", "source": "iNaturalist", "recordStatus": "recent" }, "geometry": { "type": "Point", "coordinates": [ 373984.052920138812624, 4669889.590947499498725 ] } },
{ "type": "Feature", "properties": { "scientificName": "Valeriana montana", "commonName": "Mountain Valerian", "taxonGroup": "Plantae", "eventDate": "2026-06-11", "source": "iNaturalist", "recordStatus": "recent" }, "geometry": { "type": "Point", "coordinates": [ 374211.640116436348762, 4670018.122271556407213 ] } },
{ "type": "Feature", "properties": { "scientificName": "Ranunculus", "commonName": "buttercups", "taxonGroup": "Plantae", "eventDate": "2026-06-11", "source": "iNaturalist", "recordStatus": "recent" }, "geometry": { "type": "Point", "coordinates": [ 374212.621141450596042, 4670018.926690113730729 ] } },
{ "type": "Feature", "properties": { "scientificName": "Erithacus rubecula", "commonName": "European Robin", "taxonGroup": "Aves", "eventDate": "2026-06-11", "source": "iNaturalist", "recordStatus": "recent" }, "geometry": { "type": "Point", "coordinates": [ 374184.836764945881441, 4669959.788374097086489 ] } },
{ "type": "Feature", "properties": { "scientificName": "Libelloides cunii", "commonName": "Libelloides cunii", "taxonGroup": "Insecta", "eventDate": "2026-06-08", "source": "iNaturalist", "recordStatus": "recent" }, "geometry": { "type": "Point", "coordinates": [ 370072.412439474835992, 4672325.315816641785204 ] } },
{ "type": "Feature", "properties": { "scientificName": "Ophrys apifera", "commonName": "Bee Orchid", "taxonGroup": "Plantae", "eventDate": "2026-05-20", "source": "iNaturalist", "recordStatus": "recent" }, "geometry": { "type": "Point", "coordinates": [ 374441.007436404470354, 4671651.777607196010649 ] } },
{ "type": "Feature", "properties": { "scientificName": "Ophrys omegaifera dyris", "commonName": "Ophrys omegaifera dyris", "taxonGroup": "Plantae", "eventDate": "2026-04-28", "source": "iNaturalist", "recordStatus": "recent" }, "geometry": { "type": "Point", "coordinates": [ 368582.651215643971227, 4669110.815869741141796 ] } },
{ "type": "Feature", "properties": { "scientificName": "Saxifraga longifolia", "commonName": "Pyrenean Saxifrage", "taxonGroup": "Plantae", "eventDate": "2026-03-08", "source": "iNaturalist", "recordStatus": "recent" }, "geometry": { "type": "Point", "coordinates": [ 372471.055163422366604, 4670547.307144499383867 ] } },
{ "type": "Feature", "properties": { "scientificName": "Phalangium opilio", "commonName": "European Harvestman", "taxonGroup": "Arachnida", "eventDate": "2025-11-01", "source": "iNaturalist", "recordStatus": "recent" }, "geometry": { "type": "Point", "coordinates": [ 366920.370179198216647, 4668014.494122407399118 ] } },
{ "type": "Feature", "properties": { "scientificName": "Rhinanthus minor", "commonName": "Yellow Rattle", "taxonGroup": "Plantae", "eventDate": "2025-10-10", "source": "iNaturalist", "recordStatus": "recent" }, "geometry": { "type": "Point", "coordinates": [ 373574.630002908874303, 4671032.300709929317236 ] } },
{ "type": "Feature", "properties": { "scientificName": "Rosa", "commonName": "roses", "taxonGroup": "Plantae", "eventDate": "2025-10-06", "source": "iNaturalist", "recordStatus": "recent" }, "geometry": { "type": "Point", "coordinates": [ 377060.830122728249989, 4671371.666585906408727 ] } },
{ "type": "Feature", "properties": { "scientificName": "Lactarius deliciosus", "commonName": "saffron milkcap", "taxonGroup": "Fungi", "eventDate": "2025-09-27", "source": "iNaturalist", "recordStatus": "recent" }, "geometry": { "type": "Point", "coordinates": [ 371915.325456200633198, 4668085.166078074835241 ] } },
{ "type": "Feature", "properties": { "scientificName": "Xylocopa violacea", "commonName": "Violet Carpenter Bee", "taxonGroup": "Insecta", "eventDate": "2025-08-26", "source": "iNaturalist", "recordStatus": "recent" }, "geometry": { "type": "Point", "coordinates": [ 370453.178269159281626, 4670482.800761584192514 ] } },
{ "type": "Feature", "properties": { "scientificName": "Calliptamus italicus", "commonName": "Italian locust", "taxonGroup": "Insecta", "eventDate": "2025-08-24", "source": "iNaturalist", "recordStatus": "recent" }, "geometry": { "type": "Point", "coordinates": [ 366752.626639926747885, 4669029.693779940716922 ] } },
{ "type": "Feature", "properties": { "scientificName": "Ephippiger diurnus", "commonName": "Western Saddle Bush-cricket", "taxonGroup": "Insecta", "eventDate": "2025-08-17", "source": "iNaturalist", "recordStatus": "recent" }, "geometry": { "type": "Point", "coordinates": [ 375830.760620694840327, 4670855.842397645115852 ] } },
{ "type": "Feature", "properties": { "scientificName": "Cophopodisma pyrenaea", "commonName": "Cophopodisma pyrenaea", "taxonGroup": "Insecta", "eventDate": "2025-08-17", "source": "iNaturalist", "recordStatus": "recent" }, "geometry": { "type": "Point", "coordinates": [ 377313.16378028166946, 4671098.647892920300364 ] } },
{ "type": "Feature", "properties": { "scientificName": "Polyommatus hispana", "commonName": "Provence chalk-hill blue", "taxonGroup": "Insecta", "eventDate": "2025-08-16", "source": "iNaturalist", "recordStatus": "recent" }, "geometry": { "type": "Point", "coordinates": [ 372560.788894449768122, 4671157.631791377440095 ] } },
{ "type": "Feature", "properties": { "scientificName": "Silene vulgaris", "commonName": "bladder campion", "taxonGroup": "Plantae", "eventDate": "2025-08-02", "source": "iNaturalist", "recordStatus": "recent" }, "geometry": { "type": "Point", "coordinates": [ 374037.618458772660233, 4669470.544431175105274 ] } },
{ "type": "Feature", "properties": { "scientificName": "Araneus", "commonName": "Angulate and Roundshouldered Orbweavers", "taxonGroup": "Arachnida", "eventDate": "2025-08-01", "source": "iNaturalist", "recordStatus": "recent" }, "geometry": { "type": "Point", "coordinates": [ 370180.196434577694163, 4671242.10564480535686 ] } },
{ "type": "Feature", "properties": { "scientificName": "Campanula scheuchzeri", "commonName": "Scheuchzer's bellflower", "taxonGroup": "Plantae", "eventDate": "2025-07-22", "source": "iNaturalist", "recordStatus": "recent" }, "geometry": { "type": "Point", "coordinates": [ 374755.928585193818435, 4669313.74497255589813 ] } },
{ "type": "Feature", "properties": { "scientificName": "Ephippiger diurnus", "commonName": "Western Saddle Bush-cricket", "taxonGroup": "Insecta", "eventDate": "2025-07-15", "source": "iNaturalist", "recordStatus": "recent" }, "geometry": { "type": "Point", "coordinates": [ 367936.086412361357361, 4669238.830806720070541 ] } },
{ "type": "Feature", "properties": { "scientificName": "Tabanus eggeri", "commonName": "", "taxonGroup": "Insecta", "eventDate": "2025-07-15", "source": "iNaturalist", "recordStatus": "recent" }, "geometry": { "type": "Point", "coordinates": [ 374502.728205640160013, 4669229.010149416513741 ] } },
{ "type": "Feature", "properties": { "scientificName": "Prunella grandiflora", "commonName": "Large Self-heal", "taxonGroup": "Plantae", "eventDate": "2025-07-10", "source": "iNaturalist", "recordStatus": "recent" }, "geometry": { "type": "Point", "coordinates": [ 369890.778539006249048, 4668732.371727827936411 ] } },
{ "type": "Feature", "properties": { "scientificName": "Argynnis paphia", "commonName": "Silver-washed Fritillary", "taxonGroup": "Insecta", "eventDate": "2025-06-30", "source": "iNaturalist", "recordStatus": "recent" }, "geometry": { "type": "Point", "coordinates": [ 368711.567072350298986, 4669698.911826635710895 ] } },
{ "type": "Feature", "properties": { "scientificName": "Phleum alpinum", "commonName": "Alpine Timothy", "taxonGroup": "Plantae", "eventDate": "2025-06-22", "source": "iNaturalist", "recordStatus": "recent" }, "geometry": { "type": "Point", "coordinates": [ 375512.459964264708105, 4669540.516270582564175 ] } },
{ "type": "Feature", "properties": { "scientificName": "Alchemilla xanthochlora", "commonName": "Pale Lady's-mantle", "taxonGroup": "Plantae", "eventDate": "2025-06-22", "source": "iNaturalist", "recordStatus": "recent" }, "geometry": { "type": "Point", "coordinates": [ 375511.184868356504012, 4669537.337070003151894 ] } },
{ "type": "Feature", "properties": { "scientificName": "Ranunculus parnassifolius", "commonName": "Parnassus-leaved Buttercup", "taxonGroup": "Plantae", "eventDate": "2025-06-22", "source": "iNaturalist", "recordStatus": "recent" }, "geometry": { "type": "Point", "coordinates": [ 375619.352922992955428, 4669660.624349368736148 ] } },
{ "type": "Feature", "properties": { "scientificName": "Potentilla alchimilloides", "commonName": "Peucrist", "taxonGroup": "Plantae", "eventDate": "2025-06-22", "source": "iNaturalist", "recordStatus": "recent" }, "geometry": { "type": "Point", "coordinates": [ 375851.057680960453581, 4669693.214284184388816 ] } },
{ "type": "Feature", "properties": { "scientificName": "Helianthemum oelandicum", "commonName": "Hoary Rock-rose", "taxonGroup": "Plantae", "eventDate": "2025-06-22", "source": "iNaturalist", "recordStatus": "recent" }, "geometry": { "type": "Point", "coordinates": [ 376118.369415474007837, 4669932.976380554027855 ] } },
{ "type": "Feature", "properties": { "scientificName": "Achillea odorata", "commonName": "Cream-flowered Sneezewort", "taxonGroup": "Plantae", "eventDate": "2025-06-22", "source": "iNaturalist", "recordStatus": "recent" }, "geometry": { "type": "Point", "coordinates": [ 376118.659456948633306, 4669933.026783927343786 ] } },
{ "type": "Feature", "properties": { "scientificName": "Poa alpina", "commonName": "Alpine Bluegrass", "taxonGroup": "Plantae", "eventDate": "2025-06-22", "source": "iNaturalist", "recordStatus": "recent" }, "geometry": { "type": "Point", "coordinates": [ 376225.107887412712444, 4670014.714588476344943 ] } },
{ "type": "Feature", "properties": { "scientificName": "", "commonName": "", "taxonGroup": "", "eventDate": "2025-06-22", "source": "iNaturalist", "recordStatus": "recent" }, "geometry": { "type": "Point", "coordinates": [ 375517.724864701158367, 4669559.412726483307779 ] } },
{ "type": "Feature", "properties": { "scientificName": "Jurinea humilis", "commonName": "Jurinea humilis", "taxonGroup": "Plantae", "eventDate": "2025-06-22", "source": "iNaturalist", "recordStatus": "recent" }, "geometry": { "type": "Point", "coordinates": [ 376914.076452155422885, 4670625.494093585759401 ] } },
{ "type": "Feature", "properties": { "scientificName": "Poa alpina", "commonName": "Alpine Bluegrass", "taxonGroup": "Plantae", "eventDate": "2025-06-22", "source": "iNaturalist", "recordStatus": "recent" }, "geometry": { "type": "Point", "coordinates": [ 375892.507193315657787, 4669833.754715224727988 ] } },
{ "type": "Feature", "properties": { "scientificName": "Ranunculus montanus", "commonName": "Mountain Buttercup", "taxonGroup": "Plantae", "eventDate": "2025-06-22", "source": "iNaturalist", "recordStatus": "recent" }, "geometry": { "type": "Point", "coordinates": [ 375865.049794493475929, 4669808.814264081418514 ] } },
{ "type": "Feature", "properties": { "scientificName": "Cirsium acaulon", "commonName": "Stemless Thistle", "taxonGroup": "Plantae", "eventDate": "2025-06-22", "source": "iNaturalist", "recordStatus": "recent" }, "geometry": { "type": "Point", "coordinates": [ 375865.049794493475929, 4669808.814264081418514 ] } },
{ "type": "Feature", "properties": { "scientificName": "Cerastium alpinum", "commonName": "Alpine Mouse-ear", "taxonGroup": "Plantae", "eventDate": "2025-06-22", "source": "iNaturalist", "recordStatus": "recent" }, "geometry": { "type": "Point", "coordinates": [ 375865.049794493475929, 4669808.814264081418514 ] } },
{ "type": "Feature", "properties": { "scientificName": "Sedum atratum", "commonName": "Dark Stonecrop", "taxonGroup": "Plantae", "eventDate": "2025-06-22", "source": "iNaturalist", "recordStatus": "recent" }, "geometry": { "type": "Point", "coordinates": [ 375778.365810236486141, 4669623.032348800450563 ] } },
{ "type": "Feature", "properties": { "scientificName": "Scutellaria alpina", "commonName": "Alpine Skullcap", "taxonGroup": "Plantae", "eventDate": "2025-06-22", "source": "iNaturalist", "recordStatus": "recent" }, "geometry": { "type": "Point", "coordinates": [ 375754.053715482878033, 4669593.31636066455394 ] } },
{ "type": "Feature", "properties": { "scientificName": "Coronilla minima", "commonName": "coronil·la mínima", "taxonGroup": "Plantae", "eventDate": "2025-06-22", "source": "iNaturalist", "recordStatus": "recent" }, "geometry": { "type": "Point", "coordinates": [ 375683.650869122124277, 4669520.918069615960121 ] } },
{ "type": "Feature", "properties": { "scientificName": "Potentilla nivalis", "commonName": "Snowy Cinquefoil", "taxonGroup": "Plantae", "eventDate": "2025-06-22", "source": "iNaturalist", "recordStatus": "recent" }, "geometry": { "type": "Point", "coordinates": [ 375689.684233825479168, 4669525.687652168795466 ] } },
{ "type": "Feature", "properties": { "scientificName": "Clinopodium acinos", "commonName": "basil-thyme", "taxonGroup": "Plantae", "eventDate": "2025-06-22", "source": "iNaturalist", "recordStatus": "recent" }, "geometry": { "type": "Point", "coordinates": [ 375620.213188843685202, 4669460.282000782899559 ] } },
{ "type": "Feature", "properties": { "scientificName": "Anthericum liliago", "commonName": "St Bernard's Lily", "taxonGroup": "Plantae", "eventDate": "2025-06-22", "source": "iNaturalist", "recordStatus": "recent" }, "geometry": { "type": "Point", "coordinates": [ 373283.896270604571328, 4668204.766429206356406 ] } },
{ "type": "Feature", "properties": { "scientificName": "Aquilegia vulgaris", "commonName": "common columbine", "taxonGroup": "Plantae", "eventDate": "2025-06-16", "source": "iNaturalist", "recordStatus": "recent" }, "geometry": { "type": "Point", "coordinates": [ 372532.979915785952471, 4668067.721963597461581 ] } },
{ "type": "Feature", "properties": { "scientificName": "Aporia crataegi", "commonName": "Black-veined White", "taxonGroup": "Insecta", "eventDate": "2025-06-14", "source": "iNaturalist", "recordStatus": "recent" }, "geometry": { "type": "Point", "coordinates": [ 372458.475676047557499, 4668644.086175568401814 ] } },
{ "type": "Feature", "properties": { "scientificName": "Vicia", "commonName": "Vetches", "taxonGroup": "Plantae", "eventDate": "2025-06-11", "source": "iNaturalist", "recordStatus": "recent" }, "geometry": { "type": "Point", "coordinates": [ 366749.669018386513926, 4669018.95678586512804 ] } },
{ "type": "Feature", "properties": { "scientificName": "Rhaponticum coniferum", "commonName": "pinecone thistle", "taxonGroup": "Plantae", "eventDate": "2025-06-11", "source": "iNaturalist", "recordStatus": "recent" }, "geometry": { "type": "Point", "coordinates": [ 366751.899528030655347, 4669034.946605806238949 ] } },
{ "type": "Feature", "properties": { "scientificName": "Ononis spinosa", "commonName": "Spiny restharrow", "taxonGroup": "Plantae", "eventDate": "2025-06-11", "source": "iNaturalist", "recordStatus": "recent" }, "geometry": { "type": "Point", "coordinates": [ 366270.25327354518231, 4669340.270914047025144 ] } },
{ "type": "Feature", "properties": { "scientificName": "Carthamus carduncellus", "commonName": "Mountain Safflower", "taxonGroup": "Plantae", "eventDate": "2025-06-11", "source": "iNaturalist", "recordStatus": "recent" }, "geometry": { "type": "Point", "coordinates": [ 366286.891911643673666, 4669346.138527618721128 ] } },
{ "type": "Feature", "properties": { "scientificName": "Teucrium pyrenaicum guarensis", "commonName": "angelins", "taxonGroup": "Plantae", "eventDate": "2025-06-11", "source": "iNaturalist", "recordStatus": "recent" }, "geometry": { "type": "Point", "coordinates": [ 366291.567001945571974, 4669345.735120615921915 ] } },
{ "type": "Feature", "properties": { "scientificName": "Plantago media", "commonName": "Hoary Plantain", "taxonGroup": "Plantae", "eventDate": "2025-06-11", "source": "iNaturalist", "recordStatus": "recent" }, "geometry": { "type": "Point", "coordinates": [ 366289.185404479852878, 4669343.614306186325848 ] } },
{ "type": "Feature", "properties": { "scientificName": "Chrysanthia viridissima", "commonName": "", "taxonGroup": "Insecta", "eventDate": "2025-06-11", "source": "iNaturalist", "recordStatus": "recent" }, "geometry": { "type": "Point", "coordinates": [ 366287.539234708587173, 4669343.960257032886147 ] } },
{ "type": "Feature", "properties": { "scientificName": "Sideritis hirsuta", "commonName": "Hairy Ironwort", "taxonGroup": "Plantae", "eventDate": "2025-06-11", "source": "iNaturalist", "recordStatus": "recent" }, "geometry": { "type": "Point", "coordinates": [ 366287.389969128998928, 4669343.352167938835919 ] } },
{ "type": "Feature", "properties": { "scientificName": "Galium", "commonName": "bedstraws", "taxonGroup": "Plantae", "eventDate": "2025-06-11", "source": "iNaturalist", "recordStatus": "recent" }, "geometry": { "type": "Point", "coordinates": [ 366277.196280611562543, 4669328.735340273939073 ] } },
{ "type": "Feature", "properties": { "scientificName": "Carduus", "commonName": "plumeless thistles", "taxonGroup": "Plantae", "eventDate": "2025-06-11", "source": "iNaturalist", "recordStatus": "recent" }, "geometry": { "type": "Point", "coordinates": [ 366280.936768974177539, 4669329.886222215369344 ] } },
{ "type": "Feature", "properties": { "scientificName": "Centaurea scabiosa", "commonName": "Greater Knapweed", "taxonGroup": "Plantae", "eventDate": "2025-06-11", "source": "iNaturalist", "recordStatus": "recent" }, "geometry": { "type": "Point", "coordinates": [ 366280.942737244535238, 4669330.200833070091903 ] } },
{ "type": "Feature", "properties": { "scientificName": "Echium vulgare", "commonName": "viper's-bugloss", "taxonGroup": "Plantae", "eventDate": "2025-06-11", "source": "iNaturalist", "recordStatus": "recent" }, "geometry": { "type": "Point", "coordinates": [ 366275.936403045197949, 4669334.923985716886818 ] } },
{ "type": "Feature", "properties": { "scientificName": "Briza media", "commonName": "Quaking-grass", "taxonGroup": "Plantae", "eventDate": "2025-06-11", "source": "iNaturalist", "recordStatus": "recent" }, "geometry": { "type": "Point", "coordinates": [ 366271.841162511263974, 4669336.852956331335008 ] } },
{ "type": "Feature", "properties": { "scientificName": "Lathyrus filiformis", "commonName": "Bauhin’s vetchling", "taxonGroup": "Plantae", "eventDate": "2025-06-11", "source": "iNaturalist", "recordStatus": "recent" }, "geometry": { "type": "Point", "coordinates": [ 366274.082341837929562, 4669331.571326932869852 ] } },
{ "type": "Feature", "properties": { "scientificName": "Juniperus oxycedrus", "commonName": "western prickly juniper", "taxonGroup": "Plantae", "eventDate": "2025-06-11", "source": "iNaturalist", "recordStatus": "recent" }, "geometry": { "type": "Point", "coordinates": [ 366405.085533497971483, 4669594.43029173463583 ] } },
{ "type": "Feature", "properties": { "scientificName": "Platanthera bifolia", "commonName": "Lesser butterfly-orchid", "taxonGroup": "Plantae", "eventDate": "2025-06-11", "source": "iNaturalist", "recordStatus": "recent" }, "geometry": { "type": "Point", "coordinates": [ 366528.544935080164578, 4669459.410593141801655 ] } },
{ "type": "Feature", "properties": { "scientificName": "Misumenini", "commonName": "Misumenini", "taxonGroup": "Arachnida", "eventDate": "2025-06-11", "source": "iNaturalist", "recordStatus": "recent" }, "geometry": { "type": "Point", "coordinates": [ 366563.250101950368844, 4669473.878385812975466 ] } },
{ "type": "Feature", "properties": { "scientificName": "Prunella grandiflora", "commonName": "Large Self-heal", "taxonGroup": "Plantae", "eventDate": "2025-06-11", "source": "iNaturalist", "recordStatus": "recent" }, "geometry": { "type": "Point", "coordinates": [ 366573.083569316309877, 4669476.783865128643811 ] } },
{ "type": "Feature", "properties": { "scientificName": "Erica scoparia", "commonName": "Common besom heath", "taxonGroup": "Plantae", "eventDate": "2025-06-11", "source": "iNaturalist", "recordStatus": "recent" }, "geometry": { "type": "Point", "coordinates": [ 366572.368217245151754, 4669482.647418064065278 ] } },
{ "type": "Feature", "properties": { "scientificName": "Vincetoxicum hirundinaria", "commonName": "Swallow-wort", "taxonGroup": "Plantae", "eventDate": "2025-06-11", "source": "iNaturalist", "recordStatus": "recent" }, "geometry": { "type": "Point", "coordinates": [ 366567.594066296238452, 4669477.813414501957595 ] } },
{ "type": "Feature", "properties": { "scientificName": "Campanula persicifolia", "commonName": "Peach-leaved Bellflower", "taxonGroup": "Plantae", "eventDate": "2025-06-11", "source": "iNaturalist", "recordStatus": "recent" }, "geometry": { "type": "Point", "coordinates": [ 366468.805683843151201, 4669395.74751353636384 ] } },
{ "type": "Feature", "properties": { "scientificName": "Catananche caerulea", "commonName": "Cupid's-dart", "taxonGroup": "Plantae", "eventDate": "2025-06-11", "source": "iNaturalist", "recordStatus": "recent" }, "geometry": { "type": "Point", "coordinates": [ 366330.206776762846857, 4669277.116064573638141 ] } },
{ "type": "Feature", "properties": { "scientificName": "Lonicera pyrenaica", "commonName": "xuclamel de roca", "taxonGroup": "Plantae", "eventDate": "2025-06-11", "source": "iNaturalist", "recordStatus": "recent" }, "geometry": { "type": "Point", "coordinates": [ 366329.604001607163809, 4669259.855110480450094 ] } },
{ "type": "Feature", "properties": { "scientificName": "Aphyllanthes monspeliensis", "commonName": "Blue Aphyllanthes", "taxonGroup": "Plantae", "eventDate": "2025-06-11", "source": "iNaturalist", "recordStatus": "recent" }, "geometry": { "type": "Point", "coordinates": [ 366318.480867345060688, 4669276.116592204198241 ] } },
{ "type": "Feature", "properties": { "scientificName": "Euphorbia cyparissias", "commonName": "cypress spurge", "taxonGroup": "Plantae", "eventDate": "2025-06-11", "source": "iNaturalist", "recordStatus": "recent" }, "geometry": { "type": "Point", "coordinates": [ 366288.37401014851639, 4669351.664236508309841 ] } },
{ "type": "Feature", "properties": { "scientificName": "Helleborus foetidus", "commonName": "Stinking hellebore", "taxonGroup": "Plantae", "eventDate": "2025-06-11", "source": "iNaturalist", "recordStatus": "recent" }, "geometry": { "type": "Point", "coordinates": [ 366280.989428956119809, 4669332.662135035730898 ] } },
{ "type": "Feature", "properties": { "scientificName": "Vicia pyrenaica", "commonName": "Pyrenean vetch", "taxonGroup": "Plantae", "eventDate": "2025-06-09", "source": "iNaturalist", "recordStatus": "recent" }, "geometry": { "type": "Point", "coordinates": [ 373234.169091633055359, 4669907.422371594235301 ] } },
{ "type": "Feature", "properties": { "scientificName": "Amelanchier ovalis", "commonName": "Snowy Mespilus", "taxonGroup": "Plantae", "eventDate": "2025-06-09", "source": "iNaturalist", "recordStatus": "recent" }, "geometry": { "type": "Point", "coordinates": [ 371307.251613945700228, 4670671.899141842499375 ] } },
{ "type": "Feature", "properties": { "scientificName": "Paronychia", "commonName": "nailworts", "taxonGroup": "Plantae", "eventDate": "2025-06-09", "source": "iNaturalist", "recordStatus": "recent" }, "geometry": { "type": "Point", "coordinates": [ 368355.515909658686724, 4671312.657782912254333 ] } },
{ "type": "Feature", "properties": { "scientificName": "Muscoidea", "commonName": "Muscoid Flies", "taxonGroup": "Insecta", "eventDate": "2025-05-31", "source": "iNaturalist", "recordStatus": "recent" }, "geometry": { "type": "Point", "coordinates": [ 370404.576871763914824, 4671643.930020222440362 ] } },
{ "type": "Feature", "properties": { "scientificName": "Buthus occitanus", "commonName": "Common Yellow Scorpion", "taxonGroup": "Arachnida", "eventDate": "2025-05-31", "source": "iNaturalist", "recordStatus": "recent" }, "geometry": { "type": "Point", "coordinates": [ 370391.281083480687812, 4671661.509849179536104 ] } },
{ "type": "Feature", "properties": { "scientificName": "Lecanora varia", "commonName": "Lecanora varia", "taxonGroup": "Fungi", "eventDate": "2025-05-31", "source": "iNaturalist", "recordStatus": "recent" }, "geometry": { "type": "Point", "coordinates": [ 370397.195689106825739, 4671649.813365536741912 ] } },
{ "type": "Feature", "properties": { "scientificName": "Dolichoderus quadripunctatus", "commonName": "Dolichoderus quadripunctatus", "taxonGroup": "Insecta", "eventDate": "2025-05-31", "source": "iNaturalist", "recordStatus": "recent" }, "geometry": { "type": "Point", "coordinates": [ 370390.711864409619011, 4671539.782566339708865 ] } },
{ "type": "Feature", "properties": { "scientificName": "Protoparmeliopsis muralis", "commonName": "Stonewall Rim Lichen", "taxonGroup": "Fungi", "eventDate": "2025-05-31", "source": "iNaturalist", "recordStatus": "recent" }, "geometry": { "type": "Point", "coordinates": [ 370396.202972603030503, 4671650.443761637434363 ] } },
{ "type": "Feature", "properties": { "scientificName": "Polyommatus icarus", "commonName": "Common Blue", "taxonGroup": "Insecta", "eventDate": "2025-05-31", "source": "iNaturalist", "recordStatus": "recent" }, "geometry": { "type": "Point", "coordinates": [ 370424.699317926540971, 4671637.461910773999989 ] } },
{ "type": "Feature", "properties": { "scientificName": "Leptidea sinapis", "commonName": "Leptidea sinapis", "taxonGroup": "Insecta", "eventDate": "2025-05-31", "source": "iNaturalist", "recordStatus": "recent" }, "geometry": { "type": "Point", "coordinates": [ 370406.638695782283321, 4671607.720089456997812 ] } },
{ "type": "Feature", "properties": { "scientificName": "Polyommatus", "commonName": "Polyommatus", "taxonGroup": "Insecta", "eventDate": "2025-05-31", "source": "iNaturalist", "recordStatus": "recent" }, "geometry": { "type": "Point", "coordinates": [ 370419.87598427379271, 4671624.047806479036808 ] } },
{ "type": "Feature", "properties": { "scientificName": "Polyommatus icarus", "commonName": "Common Blue", "taxonGroup": "Insecta", "eventDate": "2025-05-31", "source": "iNaturalist", "recordStatus": "recent" }, "geometry": { "type": "Point", "coordinates": [ 370400.408365733397659, 4671586.219944857992232 ] } },
{ "type": "Feature", "properties": { "scientificName": "Ramalina farinacea", "commonName": "Farinose Cartilage Lichen", "taxonGroup": "Fungi", "eventDate": "2025-05-31", "source": "iNaturalist", "recordStatus": "recent" }, "geometry": { "type": "Point", "coordinates": [ 370393.195734105771407, 4671587.446858124807477 ] } },
{ "type": "Feature", "properties": { "scientificName": "Polyommatus amandus", "commonName": "Amanda's Blue", "taxonGroup": "Insecta", "eventDate": "2025-05-31", "source": "iNaturalist", "recordStatus": "recent" }, "geometry": { "type": "Point", "coordinates": [ 370415.066710956161842, 4671621.015074976719916 ] } },
{ "type": "Feature", "properties": { "scientificName": "Syromastus rhombeus", "commonName": "Rhombic Leatherbug", "taxonGroup": "Insecta", "eventDate": "2025-05-31", "source": "iNaturalist", "recordStatus": "recent" }, "geometry": { "type": "Point", "coordinates": [ 370405.148613479163032, 4671637.939042720943689 ] } },
{ "type": "Feature", "properties": { "scientificName": "Melitaea trivia", "commonName": "Lesser Spotted Fritillary", "taxonGroup": "Insecta", "eventDate": "2025-05-31", "source": "iNaturalist", "recordStatus": "recent" }, "geometry": { "type": "Point", "coordinates": [ 370373.557035297679249, 4671532.594266292639077 ] } },
{ "type": "Feature", "properties": { "scientificName": "Polyommatus icarus", "commonName": "Common Blue", "taxonGroup": "Insecta", "eventDate": "2025-05-31", "source": "iNaturalist", "recordStatus": "recent" }, "geometry": { "type": "Point", "coordinates": [ 370415.680299575440586, 4671603.719218280166388 ] } },
{ "type": "Feature", "properties": { "scientificName": "Melanelixia glabra", "commonName": "Melanelixia glabra", "taxonGroup": "Fungi", "eventDate": "2025-05-31", "source": "iNaturalist", "recordStatus": "recent" }, "geometry": { "type": "Point", "coordinates": [ 370410.8384321902995, 4671678.468051983974874 ] } },
{ "type": "Feature", "properties": { "scientificName": "Physcia aipolia", "commonName": "Hoary Rosette Lichen", "taxonGroup": "Fungi", "eventDate": "2025-05-31", "source": "iNaturalist", "recordStatus": "recent" }, "geometry": { "type": "Point", "coordinates": [ 370417.860027995135169, 4671683.618994679301977 ] } },
{ "type": "Feature", "properties": { "scientificName": "Enchylium polycarpon", "commonName": "Shaly Jelly Lichen", "taxonGroup": "Fungi", "eventDate": "2025-05-31", "source": "iNaturalist", "recordStatus": "recent" }, "geometry": { "type": "Point", "coordinates": [ 370392.937690353428479, 4671601.977303757332265 ] } },
{ "type": "Feature", "properties": { "scientificName": "Scolitantides orion", "commonName": "Chequered Blue", "taxonGroup": "Insecta", "eventDate": "2025-05-31", "source": "iNaturalist", "recordStatus": "recent" }, "geometry": { "type": "Point", "coordinates": [ 370406.5864914447302, 4671598.578798194415867 ] } },
{ "type": "Feature", "properties": { "scientificName": "Dermatocarpon miniatum", "commonName": "Leather Lichen", "taxonGroup": "Fungi", "eventDate": "2025-05-31", "source": "iNaturalist", "recordStatus": "recent" }, "geometry": { "type": "Point", "coordinates": [ 370391.818080300348811, 4671649.026243056170642 ] } },
{ "type": "Feature", "properties": { "scientificName": "Melitaea cinxia", "commonName": "Glanville Fritillary", "taxonGroup": "Insecta", "eventDate": "2025-05-31", "source": "iNaturalist", "recordStatus": "recent" }, "geometry": { "type": "Point", "coordinates": [ 370405.543258962105028, 4671599.527438814751804 ] } },
{ "type": "Feature", "properties": { "scientificName": "Coenonympha pamphilus", "commonName": "Small Heath", "taxonGroup": "Insecta", "eventDate": "2025-05-31", "source": "iNaturalist", "recordStatus": "recent" }, "geometry": { "type": "Point", "coordinates": [ 370406.500776687054895, 4671588.921317523345351 ] } },
{ "type": "Feature", "properties": { "scientificName": "Melitaea phoebe", "commonName": "Knapweed Fritillary", "taxonGroup": "Insecta", "eventDate": "2025-05-31", "source": "iNaturalist", "recordStatus": "recent" }, "geometry": { "type": "Point", "coordinates": [ 370402.045867376204114, 4671587.700170196592808 ] } },
{ "type": "Feature", "properties": { "scientificName": "Salix alba", "commonName": "white willow", "taxonGroup": "Plantae", "eventDate": "2025-05-31", "source": "iNaturalist", "recordStatus": "recent" }, "geometry": { "type": "Point", "coordinates": [ 370428.805217508575879, 4671661.380674111656845 ] } },
{ "type": "Feature", "properties": { "scientificName": "Verbascum lychnitis", "commonName": "White Mullein", "taxonGroup": "Plantae", "eventDate": "2025-05-31", "source": "iNaturalist", "recordStatus": "recent" }, "geometry": { "type": "Point", "coordinates": [ 370424.640977960370947, 4671659.691276689060032 ] } },
{ "type": "Feature", "properties": { "scientificName": "Bagliettoa marmorea", "commonName": "Purple Pitted-stone Lichen", "taxonGroup": "Fungi", "eventDate": "2025-05-31", "source": "iNaturalist", "recordStatus": "recent" }, "geometry": { "type": "Point", "coordinates": [ 370388.413384647108614, 4671620.470184599980712 ] } },
{ "type": "Feature", "properties": { "scientificName": "Lactuca serriola", "commonName": "prickly lettuce", "taxonGroup": "Plantae", "eventDate": "2025-05-31", "source": "iNaturalist", "recordStatus": "recent" }, "geometry": { "type": "Point", "coordinates": [ 370415.871496768319048, 4671616.585213776677847 ] } },
{ "type": "Feature", "properties": { "scientificName": "Papaver rhoeas", "commonName": "common poppy", "taxonGroup": "Plantae", "eventDate": "2025-05-31", "source": "iNaturalist", "recordStatus": "recent" }, "geometry": { "type": "Point", "coordinates": [ 370409.348858478828333, 4671595.629494267515838 ] } },
{ "type": "Feature", "properties": { "scientificName": "Aphrodes", "commonName": "Aphrodes", "taxonGroup": "Insecta", "eventDate": "2025-05-31", "source": "iNaturalist", "recordStatus": "recent" }, "geometry": { "type": "Point", "coordinates": [ 370410.647180575062521, 4671649.270824721083045 ] } },
{ "type": "Feature", "properties": { "scientificName": "Dactylis glomerata", "commonName": "orchard grass", "taxonGroup": "Plantae", "eventDate": "2025-05-31", "source": "iNaturalist", "recordStatus": "recent" }, "geometry": { "type": "Point", "coordinates": [ 370394.162159736035392, 4671544.577400034293532 ] } },
{ "type": "Feature", "properties": { "scientificName": "Trifolium repens", "commonName": "white clover", "taxonGroup": "Plantae", "eventDate": "2025-05-31", "source": "iNaturalist", "recordStatus": "recent" }, "geometry": { "type": "Point", "coordinates": [ 370386.733163296477869, 4671526.170656336471438 ] } },
{ "type": "Feature", "properties": { "scientificName": "Aphrodes", "commonName": "Aphrodes", "taxonGroup": "Insecta", "eventDate": "2025-05-31", "source": "iNaturalist", "recordStatus": "recent" }, "geometry": { "type": "Point", "coordinates": [ 370410.647180575062521, 4671649.270824721083045 ] } },
{ "type": "Feature", "properties": { "scientificName": "Macrocera phalerata", "commonName": "Macrocera phalerata", "taxonGroup": "Insecta", "eventDate": "2025-05-31", "source": "iNaturalist", "recordStatus": "recent" }, "geometry": { "type": "Point", "coordinates": [ 370410.647180575062521, 4671649.270824721083045 ] } },
{ "type": "Feature", "properties": { "scientificName": "Dryodurgades", "commonName": "Dryodurgades", "taxonGroup": "Insecta", "eventDate": "2025-05-31", "source": "iNaturalist", "recordStatus": "recent" }, "geometry": { "type": "Point", "coordinates": [ 370410.647180575062521, 4671649.270824721083045 ] } },
{ "type": "Feature", "properties": { "scientificName": "Hardya", "commonName": "Hardya", "taxonGroup": "Insecta", "eventDate": "2025-05-31", "source": "iNaturalist", "recordStatus": "recent" }, "geometry": { "type": "Point", "coordinates": [ 370410.647180575062521, 4671649.270824721083045 ] } },
{ "type": "Feature", "properties": { "scientificName": "Opomyza", "commonName": "Opomyza", "taxonGroup": "Insecta", "eventDate": "2025-05-31", "source": "iNaturalist", "recordStatus": "recent" }, "geometry": { "type": "Point", "coordinates": [ 370410.647180575062521, 4671649.270824721083045 ] } },
{ "type": "Feature", "properties": { "scientificName": "Anystidae", "commonName": "Anystidae", "taxonGroup": "Arachnida", "eventDate": "2025-05-31", "source": "iNaturalist", "recordStatus": "recent" }, "geometry": { "type": "Point", "coordinates": [ 370410.647180575062521, 4671649.270824721083045 ] } },
{ "type": "Feature", "properties": { "scientificName": "Valgus hemipterus", "commonName": "Valgus hemipterus", "taxonGroup": "Insecta", "eventDate": "2025-05-31", "source": "iNaturalist", "recordStatus": "recent" }, "geometry": { "type": "Point", "coordinates": [ 370410.647180575062521, 4671649.270824721083045 ] } },
{ "type": "Feature", "properties": { "scientificName": "Mangora acalypha", "commonName": "Cricket-bat Orbweaver", "taxonGroup": "Arachnida", "eventDate": "2025-05-31", "source": "iNaturalist", "recordStatus": "recent" }, "geometry": { "type": "Point", "coordinates": [ 370410.647180575062521, 4671649.270824721083045 ] } },
{ "type": "Feature", "properties": { "scientificName": "Chloropidae", "commonName": "Frit Flies", "taxonGroup": "Insecta", "eventDate": "2025-05-31", "source": "iNaturalist", "recordStatus": "recent" }, "geometry": { "type": "Point", "coordinates": [ 370410.647180575062521, 4671649.270824721083045 ] } },
{ "type": "Feature", "properties": { "scientificName": "Jassargus", "commonName": "Jassargus", "taxonGroup": "Insecta", "eventDate": "2025-05-31", "source": "iNaturalist", "recordStatus": "recent" }, "geometry": { "type": "Point", "coordinates": [ 370410.647180575062521, 4671649.270824721083045 ] } },
{ "type": "Feature", "properties": { "scientificName": "Tingis auriculata", "commonName": "Tingis auriculata", "taxonGroup": "Insecta", "eventDate": "2025-05-31", "source": "iNaturalist", "recordStatus": "recent" }, "geometry": { "type": "Point", "coordinates": [ 370410.647180575062521, 4671649.270824721083045 ] } },
{ "type": "Feature", "properties": { "scientificName": "Rusavskia elegans", "commonName": "Elegant Sunburst Lichen", "taxonGroup": "Fungi", "eventDate": "2025-05-31", "source": "iNaturalist", "recordStatus": "recent" }, "geometry": { "type": "Point", "coordinates": [ 370395.784928051230963, 4671651.399738827720284 ] } },
{ "type": "Feature", "properties": { "scientificName": "Aradus", "commonName": "Aradus", "taxonGroup": "Insecta", "eventDate": "2025-05-31", "source": "iNaturalist", "recordStatus": "recent" }, "geometry": { "type": "Point", "coordinates": [ 370410.647180575062521, 4671649.270824721083045 ] } },
{ "type": "Feature", "properties": { "scientificName": "Miridae", "commonName": "Plant Bugs", "taxonGroup": "Insecta", "eventDate": "2025-05-31", "source": "iNaturalist", "recordStatus": "recent" }, "geometry": { "type": "Point", "coordinates": [ 370410.647180575062521, 4671649.270824721083045 ] } },
{ "type": "Feature", "properties": { "scientificName": "Eulophidae", "commonName": "Eulophidae", "taxonGroup": "Insecta", "eventDate": "2025-05-31", "source": "iNaturalist", "recordStatus": "recent" }, "geometry": { "type": "Point", "coordinates": [ 370410.647180575062521, 4671649.270824721083045 ] } },
{ "type": "Feature", "properties": { "scientificName": "Phlaeothripidae", "commonName": "Tube-tailed Thrips", "taxonGroup": "Insecta", "eventDate": "2025-05-31", "source": "iNaturalist", "recordStatus": "recent" }, "geometry": { "type": "Point", "coordinates": [ 370410.647180575062521, 4671649.270824721083045 ] } },
{ "type": "Feature", "properties": { "scientificName": "Coccinella septempunctata", "commonName": "Seven-spotted Lady Beetle", "taxonGroup": "Insecta", "eventDate": "2025-05-31", "source": "iNaturalist", "recordStatus": "recent" }, "geometry": { "type": "Point", "coordinates": [ 370410.647180575062521, 4671649.270824721083045 ] } },
{ "type": "Feature", "properties": { "scientificName": "Erigoninae", "commonName": "Dwarf Spiders", "taxonGroup": "Arachnida", "eventDate": "2025-05-31", "source": "iNaturalist", "recordStatus": "recent" }, "geometry": { "type": "Point", "coordinates": [ 370410.647180575062521, 4671649.270824721083045 ] } },
{ "type": "Feature", "properties": { "scientificName": "Heliophanus", "commonName": "Sun Jumping Spiders", "taxonGroup": "Arachnida", "eventDate": "2025-05-31", "source": "iNaturalist", "recordStatus": "recent" }, "geometry": { "type": "Point", "coordinates": [ 370410.647180575062521, 4671649.270824721083045 ] } },
{ "type": "Feature", "properties": { "scientificName": "Mangora acalypha", "commonName": "Cricket-bat Orbweaver", "taxonGroup": "Arachnida", "eventDate": "2025-05-31", "source": "iNaturalist", "recordStatus": "recent" }, "geometry": { "type": "Point", "coordinates": [ 370403.248352855152916, 4671642.693349150009453 ] } },
{ "type": "Feature", "properties": { "scientificName": "Lysandra", "commonName": "Lysandra", "taxonGroup": "Insecta", "eventDate": "2025-05-19", "source": "iNaturalist", "recordStatus": "recent" }, "geometry": { "type": "Point", "coordinates": [ 369286.197054473683238, 4670165.574888640083373 ] } },
{ "type": "Feature", "properties": { "scientificName": "Pyrgus malvoides", "commonName": "Southern Grizzled Skipper", "taxonGroup": "Insecta", "eventDate": "2025-05-19", "source": "iNaturalist", "recordStatus": "recent" }, "geometry": { "type": "Point", "coordinates": [ 369329.753150944132358, 4670160.324116480536759 ] } },
{ "type": "Feature", "properties": { "scientificName": "Vanessa cardui", "commonName": "Painted Lady", "taxonGroup": "Insecta", "eventDate": "2025-05-14", "source": "iNaturalist", "recordStatus": "recent" }, "geometry": { "type": "Point", "coordinates": [ 370384.842179555213079, 4671595.909410669468343 ] } },
{ "type": "Feature", "properties": { "scientificName": "Eucera longicornis", "commonName": "European Longhorn", "taxonGroup": "Insecta", "eventDate": "2025-05-14", "source": "iNaturalist", "recordStatus": "recent" }, "geometry": { "type": "Point", "coordinates": [ 370390.23907038976904, 4671604.881167350336909 ] } },
{ "type": "Feature", "properties": { "scientificName": "Viola rupestris", "commonName": "Teesdale Violet", "taxonGroup": "Plantae", "eventDate": "2025-05-11", "source": "iNaturalist", "recordStatus": "recent" }, "geometry": { "type": "Point", "coordinates": [ 374600.047704973141663, 4672412.913131687790155 ] } },
{ "type": "Feature", "properties": { "scientificName": "Pinus uncinata", "commonName": "Mountain Pine", "taxonGroup": "Plantae", "eventDate": "2025-05-08", "source": "iNaturalist", "recordStatus": "recent" }, "geometry": { "type": "Point", "coordinates": [ 374950.255026310798712, 4669171.074837849475443 ] } },
{ "type": "Feature", "properties": { "scientificName": "Buthus occitanus", "commonName": "Common Yellow Scorpion", "taxonGroup": "Arachnida", "eventDate": "2025-05-08", "source": "iNaturalist", "recordStatus": "recent" }, "geometry": { "type": "Point", "coordinates": [ 370163.039695436658803, 4670295.797622455283999 ] } },
{ "type": "Feature", "properties": { "scientificName": "Buthus occitanus", "commonName": "Common Yellow Scorpion", "taxonGroup": "Arachnida", "eventDate": "2025-05-08", "source": "iNaturalist", "recordStatus": "recent" }, "geometry": { "type": "Point", "coordinates": [ 370166.236123904935084, 4670319.804791640490294 ] } },
{ "type": "Feature", "properties": { "scientificName": "Chlorochroa reuteriana", "commonName": "Chlorochroa reuteriana", "taxonGroup": "Insecta", "eventDate": "2025-05-08", "source": "iNaturalist", "recordStatus": "recent" }, "geometry": { "type": "Point", "coordinates": [ 374596.689267499663401, 4669323.914276913739741 ] } },
{ "type": "Feature", "properties": { "scientificName": "Tipula", "commonName": "Common Crane Flies", "taxonGroup": "Insecta", "eventDate": "2025-05-07", "source": "iNaturalist", "recordStatus": "recent" }, "geometry": { "type": "Point", "coordinates": [ 370171.193714735156391, 4671209.047591875307262 ] } },
{ "type": "Feature", "properties": { "scientificName": "Tegenaria domestica", "commonName": "Barn Funnel Weaver", "taxonGroup": "Arachnida", "eventDate": "2025-05-07", "source": "iNaturalist", "recordStatus": "recent" }, "geometry": { "type": "Point", "coordinates": [ 370247.000795952742919, 4670331.09068142157048 ] } },
{ "type": "Feature", "properties": { "scientificName": "Ophrys fusca forestieri", "commonName": "Dark bee-orchid", "taxonGroup": "Plantae", "eventDate": "2025-04-20", "source": "iNaturalist", "recordStatus": "recent" }, "geometry": { "type": "Point", "coordinates": [ 367732.16432367474772, 4671217.105997212231159 ] } },
{ "type": "Feature", "properties": { "scientificName": "Sesleria caerulea", "commonName": "Blue Moor-grass", "taxonGroup": "Plantae", "eventDate": "2025-04-20", "source": "iNaturalist", "recordStatus": "recent" }, "geometry": { "type": "Point", "coordinates": [ 368771.674868211499415, 4673001.861669633537531 ] } },
{ "type": "Feature", "properties": { "scientificName": "Erinacea anthyllis", "commonName": "Hedgehog Broom", "taxonGroup": "Plantae", "eventDate": "2025-04-20", "source": "iNaturalist", "recordStatus": "recent" }, "geometry": { "type": "Point", "coordinates": [ 369028.223725910880603, 4672907.585203251801431 ] } },
{ "type": "Feature", "properties": { "scientificName": "Sempervivum tectorum", "commonName": "Houseleek", "taxonGroup": "Plantae", "eventDate": "2025-04-20", "source": "iNaturalist", "recordStatus": "recent" }, "geometry": { "type": "Point", "coordinates": [ 369187.082607877498958, 4672858.033374221995473 ] } },
{ "type": "Feature", "properties": { "scientificName": "Buthus occitanus", "commonName": "Common Yellow Scorpion", "taxonGroup": "Arachnida", "eventDate": "2025-04-15", "source": "iNaturalist", "recordStatus": "recent" }, "geometry": { "type": "Point", "coordinates": [ 370145.842372236889787, 4670319.069835358299315 ] } },
{ "type": "Feature", "properties": { "scientificName": "Theatops erythrocephalus", "commonName": "Theatops erythrocephalus", "taxonGroup": "Animalia", "eventDate": "2025-04-15", "source": "iNaturalist", "recordStatus": "recent" }, "geometry": { "type": "Point", "coordinates": [ 370220.334133052267134, 4670326.213184840977192 ] } },
{ "type": "Feature", "properties": { "scientificName": "Daedaleopsis", "commonName": "", "taxonGroup": "Fungi", "eventDate": "2024-10-14", "source": "iNaturalist", "recordStatus": "recent" }, "geometry": { "type": "Point", "coordinates": [ 371491.899160706438124, 4668928.371862091124058 ] } },
{ "type": "Feature", "properties": { "scientificName": "Calliteara pudibunda", "commonName": "Pale Tussock Moth", "taxonGroup": "Insecta", "eventDate": "2024-10-08", "source": "iNaturalist", "recordStatus": "recent" }, "geometry": { "type": "Point", "coordinates": [ 368387.900169610627927, 4669625.993057794868946 ] } },
{ "type": "Feature", "properties": { "scientificName": "Senecio inaequidens", "commonName": "Narrow-leaved Ragwort", "taxonGroup": "Plantae", "eventDate": "2024-10-02", "source": "iNaturalist", "recordStatus": "recent" }, "geometry": { "type": "Point", "coordinates": [ 371450.881985991436522, 4667781.097335539758205 ] } },
{ "type": "Feature", "properties": { "scientificName": "Mantis religiosa", "commonName": "European Mantis", "taxonGroup": "Insecta", "eventDate": "2024-09-17", "source": "iNaturalist", "recordStatus": "recent" }, "geometry": { "type": "Point", "coordinates": [ 370182.995422939304262, 4671214.383816269226372 ] } },
{ "type": "Feature", "properties": { "scientificName": "Hyles euphorbiae", "commonName": "Leafy Spurge Hawkmoth", "taxonGroup": "Insecta", "eventDate": "2024-06-30", "source": "iNaturalist", "recordStatus": "recent" }, "geometry": { "type": "Point", "coordinates": [ 371442.108817436557729, 4671416.772827017121017 ] } },
{ "type": "Feature", "properties": { "scientificName": "Antirrhinum majus pseudomajus", "commonName": "Snapdragon", "taxonGroup": "Plantae", "eventDate": "2024-06-30", "source": "iNaturalist", "recordStatus": "recent" }, "geometry": { "type": "Point", "coordinates": [ 370182.314322850084864, 4671192.366627843119204 ] } },
{ "type": "Feature", "properties": { "scientificName": "Stenurella melanura", "commonName": "Black-striped Longhorn Beetle", "taxonGroup": "Insecta", "eventDate": "2024-06-28", "source": "iNaturalist", "recordStatus": "recent" }, "geometry": { "type": "Point", "coordinates": [ 369250.752687498519663, 4670170.1200489429757 ] } },
{ "type": "Feature", "properties": { "scientificName": "Carpocoris mediterraneus atlanticus", "commonName": "Carpocoris mediterraneus atlanticus", "taxonGroup": "Insecta", "eventDate": "2024-06-28", "source": "iNaturalist", "recordStatus": "recent" }, "geometry": { "type": "Point", "coordinates": [ 369236.209032661281526, 4670165.576674385927618 ] } },
{ "type": "Feature", "properties": { "scientificName": "Trichodes leucopsideus", "commonName": "Escarabajo ajedrezado", "taxonGroup": "Insecta", "eventDate": "2024-06-28", "source": "iNaturalist", "recordStatus": "recent" }, "geometry": { "type": "Point", "coordinates": [ 369240.462475968291983, 4670172.16223007813096 ] } },
{ "type": "Feature", "properties": { "scientificName": "Cydalima perspectalis", "commonName": "Box Tree Moth", "taxonGroup": "Insecta", "eventDate": "2024-06-28", "source": "iNaturalist", "recordStatus": "recent" }, "geometry": { "type": "Point", "coordinates": [ 369236.535566130012739, 4670175.75245501101017 ] } },
{ "type": "Feature", "properties": { "scientificName": "Coenagrion puella", "commonName": "Azure Damselfly", "taxonGroup": "Insecta", "eventDate": "2024-06-19", "source": "iNaturalist", "recordStatus": "recent" }, "geometry": { "type": "Point", "coordinates": [ 371567.827549633162562, 4668559.785956788808107 ] } },
{ "type": "Feature", "properties": { "scientificName": "Anax imperator", "commonName": "Blue Emperor", "taxonGroup": "Insecta", "eventDate": "2024-06-17", "source": "iNaturalist", "recordStatus": "recent" }, "geometry": { "type": "Point", "coordinates": [ 371702.750920323655009, 4668598.599825110286474 ] } },
{ "type": "Feature", "properties": { "scientificName": "Enallagma cyathigerum", "commonName": "Common Blue Damselfly", "taxonGroup": "Insecta", "eventDate": "2024-06-17", "source": "iNaturalist", "recordStatus": "recent" }, "geometry": { "type": "Point", "coordinates": [ 371236.948164768051356, 4668778.740890991874039 ] } },
{ "type": "Feature", "properties": { "scientificName": "Anax imperator", "commonName": "Blue Emperor", "taxonGroup": "Insecta", "eventDate": "2024-06-17", "source": "iNaturalist", "recordStatus": "recent" }, "geometry": { "type": "Point", "coordinates": [ 371499.57757945539197, 4668595.978259379975498 ] } },
{ "type": "Feature", "properties": { "scientificName": "Libellula depressa", "commonName": "Broad-bodied Chaser", "taxonGroup": "Insecta", "eventDate": "2024-06-17", "source": "iNaturalist", "recordStatus": "recent" }, "geometry": { "type": "Point", "coordinates": [ 372015.220208644634113, 4668263.303977651521564 ] } },
{ "type": "Feature", "properties": { "scientificName": "Arion vulgaris", "commonName": "Spanish Slug", "taxonGroup": "Mollusca", "eventDate": "2024-06-12", "source": "iNaturalist", "recordStatus": "recent" }, "geometry": { "type": "Point", "coordinates": [ 371743.326066025532782, 4668454.504811055958271 ] } },
{ "type": "Feature", "properties": { "scientificName": "Gypaetus barbatus", "commonName": "Bearded Vulture", "taxonGroup": "Aves", "eventDate": "2024-06-03", "source": "iNaturalist", "recordStatus": "recent" }, "geometry": { "type": "Point", "coordinates": [ 367979.75629542034585, 4672750.33288711309433 ] } },
{ "type": "Feature", "properties": { "scientificName": "Metaxmeste phrygialis", "commonName": "Metaxmeste phrygialis", "taxonGroup": "Insecta", "eventDate": "2024-06-03", "source": "iNaturalist", "recordStatus": "recent" }, "geometry": { "type": "Point", "coordinates": [ 377644.203592384408694, 4671317.671641252934933 ] } },
{ "type": "Feature", "properties": { "scientificName": "Erebia", "commonName": "Alpines", "taxonGroup": "Insecta", "eventDate": "2024-05-30", "source": "iNaturalist", "recordStatus": "recent" }, "geometry": { "type": "Point", "coordinates": [ 372935.686802839976735, 4669850.959852210246027 ] } },
{ "type": "Feature", "properties": { "scientificName": "Helicigona lapicida andorrica", "commonName": "Helicigona lapicida andorrica", "taxonGroup": "Mollusca", "eventDate": "2024-05-13", "source": "iNaturalist", "recordStatus": "recent" }, "geometry": { "type": "Point", "coordinates": [ 369314.54029061779147, 4670186.523635477758944 ] } },
{ "type": "Feature", "properties": { "scientificName": "Taraxacum", "commonName": "common dandelions", "taxonGroup": "Plantae", "eventDate": "2024-05-13", "source": "iNaturalist", "recordStatus": "recent" }, "geometry": { "type": "Point", "coordinates": [ 372435.932451926579233, 4673039.637485487386584 ] } },
{ "type": "Feature", "properties": { "scientificName": "Olios argelasius", "commonName": "Olios argelasius", "taxonGroup": "Arachnida", "eventDate": "2024-04-05", "source": "iNaturalist", "recordStatus": "recent" }, "geometry": { "type": "Point", "coordinates": [ 370159.031098022242077, 4670321.832383981905878 ] } },
{ "type": "Feature", "properties": { "scientificName": "Tussilago farfara", "commonName": "colt's-foot", "taxonGroup": "Plantae", "eventDate": "2024-04-04", "source": "iNaturalist", "recordStatus": "recent" }, "geometry": { "type": "Point", "coordinates": [ 372013.461824272642843, 4667408.370446191169322 ] } },
{ "type": "Feature", "properties": { "scientificName": "Helleborus foetidus", "commonName": "Stinking hellebore", "taxonGroup": "Plantae", "eventDate": "2024-02-21", "source": "iNaturalist", "recordStatus": "recent" }, "geometry": { "type": "Point", "coordinates": [ 377531.450298161595128, 4671629.783441402949393 ] } },
{ "type": "Feature", "properties": { "scientificName": "Ephippiger diurnus", "commonName": "Western Saddle Bush-cricket", "taxonGroup": "Insecta", "eventDate": "2023-10-28", "source": "iNaturalist", "recordStatus": "recent" }, "geometry": { "type": "Point", "coordinates": [ 369688.877002882072702, 4669949.415304377675056 ] } },
{ "type": "Feature", "properties": { "scientificName": "Empusa pennata", "commonName": "Mediterranean Conehead Mantis", "taxonGroup": "Insecta", "eventDate": "2023-10-10", "source": "iNaturalist", "recordStatus": "recent" }, "geometry": { "type": "Point", "coordinates": [ 370031.986434945254587, 4672484.528228084556758 ] } },
{ "type": "Feature", "properties": { "scientificName": "Tachina fera", "commonName": "Common Tachinid", "taxonGroup": "Insecta", "eventDate": "2023-10-01", "source": "iNaturalist", "recordStatus": "recent" }, "geometry": { "type": "Point", "coordinates": [ 369698.498662642959971, 4669957.264800083823502 ] } },
{ "type": "Feature", "properties": { "scientificName": "Ephippiger diurnus", "commonName": "Western Saddle Bush-cricket", "taxonGroup": "Insecta", "eventDate": "2023-10-01", "source": "iNaturalist", "recordStatus": "recent" }, "geometry": { "type": "Point", "coordinates": [ 369688.732895911496598, 4669943.005701567046344 ] } },
{ "type": "Feature", "properties": { "scientificName": "Eratigena atrica", "commonName": "Giant House Spider Complex", "taxonGroup": "Arachnida", "eventDate": "2023-09-26", "source": "iNaturalist", "recordStatus": "recent" }, "geometry": { "type": "Point", "coordinates": [ 370391.240812740463298, 4671584.499120359309018 ] } },
{ "type": "Feature", "properties": { "scientificName": "Stenodema laevigata", "commonName": "Grass bug", "taxonGroup": "Insecta", "eventDate": "2023-08-08", "source": "iNaturalist", "recordStatus": "recent" }, "geometry": { "type": "Point", "coordinates": [ 370181.509891517460346, 4671208.487222451716661 ] } },
{ "type": "Feature", "properties": { "scientificName": "Allium sphaerocephalon", "commonName": "Round-headed Leek", "taxonGroup": "Plantae", "eventDate": "2023-07-16", "source": "iNaturalist", "recordStatus": "recent" }, "geometry": { "type": "Point", "coordinates": [ 369107.221374598797411, 4672688.204203945584595 ] } },
{ "type": "Feature", "properties": { "scientificName": "Vanessa cardui", "commonName": "Painted Lady", "taxonGroup": "Insecta", "eventDate": "2023-07-14", "source": "iNaturalist", "recordStatus": "recent" }, "geometry": { "type": "Point", "coordinates": [ 372027.088281666336115, 4671559.427449083887041 ] } },
{ "type": "Feature", "properties": { "scientificName": "Rubus idaeus", "commonName": "red raspberry", "taxonGroup": "Plantae", "eventDate": "2023-07-05", "source": "iNaturalist", "recordStatus": "recent" }, "geometry": { "type": "Point", "coordinates": [ 374999.757625975704286, 4670098.332347507588565 ] } },
{ "type": "Feature", "properties": { "scientificName": "Sedum acre", "commonName": "Biting Stonecrop", "taxonGroup": "Plantae", "eventDate": "2023-06-30", "source": "iNaturalist", "recordStatus": "recent" }, "geometry": { "type": "Point", "coordinates": [ 373591.173695046512876, 4668515.674131227657199 ] } },
{ "type": "Feature", "properties": { "scientificName": "Capreolus capreolus", "commonName": "Western Roe Deer", "taxonGroup": "Mammalia", "eventDate": "2023-06-25", "source": "iNaturalist", "recordStatus": "recent" }, "geometry": { "type": "Point", "coordinates": [ 373173.895990200515371, 4668381.207821199670434 ] } },
{ "type": "Feature", "properties": { "scientificName": "Dactylis glomerata", "commonName": "orchard grass", "taxonGroup": "Plantae", "eventDate": "2023-06-22", "source": "iNaturalist", "recordStatus": "recent" }, "geometry": { "type": "Point", "coordinates": [ 371677.143884542980231, 4668824.097653619945049 ] } },
{ "type": "Feature", "properties": { "scientificName": "Galium mollugo", "commonName": "Hedge Bedstraw", "taxonGroup": "Plantae", "eventDate": "2023-06-19", "source": "iNaturalist", "recordStatus": "recent" }, "geometry": { "type": "Point", "coordinates": [ 371569.846801983250771, 4667945.890507580712438 ] } },
{ "type": "Feature", "properties": { "scientificName": "Lasiommata megera", "commonName": "Wall Brown", "taxonGroup": "Insecta", "eventDate": "2023-06-15", "source": "iNaturalist", "recordStatus": "recent" }, "geometry": { "type": "Point", "coordinates": [ 372635.346056885493454, 4670707.351113094948232 ] } },
{ "type": "Feature", "properties": { "scientificName": "Lithobiomorpha", "commonName": "Stone Centipedes", "taxonGroup": "Animalia", "eventDate": "2023-06-14", "source": "iNaturalist", "recordStatus": "recent" }, "geometry": { "type": "Point", "coordinates": [ 375154.416703000257257, 4669306.609170201234519 ] } },
{ "type": "Feature", "properties": { "scientificName": "Pulsatilla alpina", "commonName": "Alpine Pasqueflower", "taxonGroup": "Plantae", "eventDate": "2023-06-14", "source": "iNaturalist", "recordStatus": "recent" }, "geometry": { "type": "Point", "coordinates": [ 375271.079866667627357, 4669556.544846879318357 ] } },
{ "type": "Feature", "properties": { "scientificName": "Linum narbonense", "commonName": "Beautiful Flax", "taxonGroup": "Plantae", "eventDate": "2023-06-13", "source": "iNaturalist", "recordStatus": "recent" }, "geometry": { "type": "Point", "coordinates": [ 373347.872924218827393, 4669159.662525771185756 ] } },
{ "type": "Feature", "properties": { "scientificName": "Silene latifolia", "commonName": "white campion", "taxonGroup": "Plantae", "eventDate": "2023-06-11", "source": "iNaturalist", "recordStatus": "recent" }, "geometry": { "type": "Point", "coordinates": [ 370386.587426019075792, 4671645.860698127187788 ] } },
{ "type": "Feature", "properties": { "scientificName": "Tragopogon dubius", "commonName": "Yellow Salsify", "taxonGroup": "Plantae", "eventDate": "2023-06-11", "source": "iNaturalist", "recordStatus": "recent" }, "geometry": { "type": "Point", "coordinates": [ 370389.284434957196936, 4671612.859045314602554 ] } },
{ "type": "Feature", "properties": { "scientificName": "Bellis perennis", "commonName": "Lawn daisy", "taxonGroup": "Plantae", "eventDate": "2023-06-11", "source": "iNaturalist", "recordStatus": "recent" }, "geometry": { "type": "Point", "coordinates": [ 370355.980798287608195, 4671651.052069028839469 ] } },
{ "type": "Feature", "properties": { "scientificName": "Veronica orsiniana", "commonName": "Orsini speedwell", "taxonGroup": "Plantae", "eventDate": "2023-06-08", "source": "iNaturalist", "recordStatus": "recent" }, "geometry": { "type": "Point", "coordinates": [ 369775.767025565379299, 4669703.257539692334831 ] } },
{ "type": "Feature", "properties": { "scientificName": "Anthyllis montana", "commonName": "Mountain Kidney-vetch", "taxonGroup": "Plantae", "eventDate": "2023-06-08", "source": "iNaturalist", "recordStatus": "recent" }, "geometry": { "type": "Point", "coordinates": [ 368107.308849145076238, 4671731.162782945670187 ] } },
{ "type": "Feature", "properties": { "scientificName": "Clinopodium alpinum", "commonName": "Rock Thyme", "taxonGroup": "Plantae", "eventDate": "2023-06-08", "source": "iNaturalist", "recordStatus": "recent" }, "geometry": { "type": "Point", "coordinates": [ 372442.000279822270386, 4672009.003208736889064 ] } },
{ "type": "Feature", "properties": { "scientificName": "Daphne cneorum", "commonName": "Rose Daphne", "taxonGroup": "Plantae", "eventDate": "2023-06-08", "source": "iNaturalist", "recordStatus": "recent" }, "geometry": { "type": "Point", "coordinates": [ 371945.477705607074313, 4669749.362997959367931 ] } },
{ "type": "Feature", "properties": { "scientificName": "Pezotettix", "commonName": "", "taxonGroup": "Insecta", "eventDate": "2023-06-07", "source": "iNaturalist", "recordStatus": "recent" }, "geometry": { "type": "Point", "coordinates": [ 370128.821033515210729, 4670297.199062026105821 ] } },
{ "type": "Feature", "properties": { "scientificName": "Arabis hirsuta", "commonName": "Hairy Rockcress", "taxonGroup": "Plantae", "eventDate": "2023-06-06", "source": "iNaturalist", "recordStatus": "recent" }, "geometry": { "type": "Point", "coordinates": [ 373770.856046541710384, 4671445.528976628556848 ] } },
{ "type": "Feature", "properties": { "scientificName": "Acer monspessulanum", "commonName": "Montpellier Maple", "taxonGroup": "Plantae", "eventDate": "2023-06-06", "source": "iNaturalist", "recordStatus": "recent" }, "geometry": { "type": "Point", "coordinates": [ 369429.167465825506952, 4671290.47902125120163 ] } },
{ "type": "Feature", "properties": { "scientificName": "Buthus occitanus", "commonName": "Common Yellow Scorpion", "taxonGroup": "Arachnida", "eventDate": "2023-06-04", "source": "iNaturalist", "recordStatus": "recent" }, "geometry": { "type": "Point", "coordinates": [ 371152.858866950613447, 4673028.000423139892519 ] } },
{ "type": "Feature", "properties": { "scientificName": "Chrysopini", "commonName": "Chrysopini", "taxonGroup": "Insecta", "eventDate": "2023-06-04", "source": "iNaturalist", "recordStatus": "recent" }, "geometry": { "type": "Point", "coordinates": [ 371211.68169410538394, 4673211.121850094757974 ] } },
{ "type": "Feature", "properties": { "scientificName": "Euplagia quadripunctaria", "commonName": "Jersey Tiger", "taxonGroup": "Insecta", "eventDate": "2023-06-04", "source": "iNaturalist", "recordStatus": "recent" }, "geometry": { "type": "Point", "coordinates": [ 370401.86164473881945, 4671660.389539428986609 ] } },
{ "type": "Feature", "properties": { "scientificName": "Polygonatum odoratum", "commonName": "Scented Solomon's-seal", "taxonGroup": "Plantae", "eventDate": "2023-06-01", "source": "iNaturalist", "recordStatus": "recent" }, "geometry": { "type": "Point", "coordinates": [ 370101.289237754535861, 4673139.128570458851755 ] } },
{ "type": "Feature", "properties": { "scientificName": "Lonicera xylosteum", "commonName": "Fly Honeysuckle", "taxonGroup": "Plantae", "eventDate": "2023-05-30", "source": "iNaturalist", "recordStatus": "recent" }, "geometry": { "type": "Point", "coordinates": [ 372520.310752286168281, 4671576.667445554398 ] } },
{ "type": "Feature", "properties": { "scientificName": "Myxarium nucleatum", "commonName": "Crystal Brain Fungus", "taxonGroup": "Fungi", "eventDate": "2023-05-26", "source": "iNaturalist", "recordStatus": "recent" }, "geometry": { "type": "Point", "coordinates": [ 375079.297451638383791, 4670302.352956237271428 ] } },
{ "type": "Feature", "properties": { "scientificName": "Metaxmeste schrankiana", "commonName": "Metaxmeste schrankiana", "taxonGroup": "Insecta", "eventDate": "2023-05-25", "source": "iNaturalist", "recordStatus": "recent" }, "geometry": { "type": "Point", "coordinates": [ 371262.360154280788265, 4671004.860310537740588 ] } },
{ "type": "Feature", "properties": { "scientificName": "Gyromitra esculenta", "commonName": "False Morel", "taxonGroup": "Fungi", "eventDate": "2023-05-25", "source": "iNaturalist", "recordStatus": "recent" }, "geometry": { "type": "Point", "coordinates": [ 373348.117928723222576, 4668525.78413565736264 ] } },
{ "type": "Feature", "properties": { "scientificName": "Vicia pyrenaica", "commonName": "Pyrenean vetch", "taxonGroup": "Plantae", "eventDate": "2023-05-25", "source": "iNaturalist", "recordStatus": "recent" }, "geometry": { "type": "Point", "coordinates": [ 373368.355627194512635, 4668510.172195071354508 ] } },
{ "type": "Feature", "properties": { "scientificName": "Agaricales", "commonName": "Common Gilled Mushrooms and Allies", "taxonGroup": "Fungi", "eventDate": "2023-05-25", "source": "iNaturalist", "recordStatus": "recent" }, "geometry": { "type": "Point", "coordinates": [ 374082.722507045022212, 4668666.824045495130122 ] } },
{ "type": "Feature", "properties": { "scientificName": "Alchemilla", "commonName": "Lady's-mantles", "taxonGroup": "Plantae", "eventDate": "2023-05-25", "source": "iNaturalist", "recordStatus": "recent" }, "geometry": { "type": "Point", "coordinates": [ 374499.502909124596044, 4669206.172457768581808 ] } },
{ "type": "Feature", "properties": { "scientificName": "Discina", "commonName": "Discina", "taxonGroup": "Fungi", "eventDate": "2023-05-25", "source": "iNaturalist", "recordStatus": "recent" }, "geometry": { "type": "Point", "coordinates": [ 374776.453950461815111, 4669368.453932324424386 ] } },
{ "type": "Feature", "properties": { "scientificName": "Vicia pyrenaica", "commonName": "Pyrenean vetch", "taxonGroup": "Plantae", "eventDate": "2023-05-25", "source": "iNaturalist", "recordStatus": "recent" }, "geometry": { "type": "Point", "coordinates": [ 374610.117457233602181, 4669469.260078478604555 ] } },
{ "type": "Feature", "properties": { "scientificName": "Lycoperdaceae", "commonName": "puffballs", "taxonGroup": "Fungi", "eventDate": "2023-05-25", "source": "iNaturalist", "recordStatus": "recent" }, "geometry": { "type": "Point", "coordinates": [ 374673.099362054723315, 4669102.158418014645576 ] } },
{ "type": "Feature", "properties": { "scientificName": "Distantes", "commonName": "Black Morels", "taxonGroup": "Fungi", "eventDate": "2023-05-25", "source": "iNaturalist", "recordStatus": "recent" }, "geometry": { "type": "Point", "coordinates": [ 373988.938839773647487, 4668761.440886243246496 ] } },
{ "type": "Feature", "properties": { "scientificName": "Phaeotremella foliacea", "commonName": "Leafy Brain", "taxonGroup": "Fungi", "eventDate": "2023-05-25", "source": "iNaturalist", "recordStatus": "recent" }, "geometry": { "type": "Point", "coordinates": [ 373975.161060465034097, 4668753.460157424211502 ] } },
{ "type": "Feature", "properties": { "scientificName": "Gymnosporangium clavariiforme", "commonName": "tongues of fire", "taxonGroup": "Fungi", "eventDate": "2023-05-25", "source": "iNaturalist", "recordStatus": "recent" }, "geometry": { "type": "Point", "coordinates": [ 373820.085588773130439, 4668677.19385196454823 ] } },
{ "type": "Feature", "properties": { "scientificName": "Pulsatilla alpina", "commonName": "Alpine Pasqueflower", "taxonGroup": "Plantae", "eventDate": "2023-05-25", "source": "iNaturalist", "recordStatus": "recent" }, "geometry": { "type": "Point", "coordinates": [ 373879.458758370194118, 4668687.03194381762296 ] } },
{ "type": "Feature", "properties": { "scientificName": "Fomitopsis pinicola", "commonName": "Red-banded Polypore", "taxonGroup": "Fungi", "eventDate": "2023-05-25", "source": "iNaturalist", "recordStatus": "recent" }, "geometry": { "type": "Point", "coordinates": [ 372976.96421262214426, 4667970.129164766520262 ] } },
{ "type": "Feature", "properties": { "scientificName": "Daphne cneorum", "commonName": "Rose Daphne", "taxonGroup": "Plantae", "eventDate": "2023-05-25", "source": "iNaturalist", "recordStatus": "recent" }, "geometry": { "type": "Point", "coordinates": [ 372731.656685628811829, 4667955.100486339069903 ] } },
{ "type": "Feature", "properties": { "scientificName": "Reticulariaceae", "commonName": "reticulate slime mold family", "taxonGroup": "Protozoa", "eventDate": "2023-05-25", "source": "iNaturalist", "recordStatus": "recent" }, "geometry": { "type": "Point", "coordinates": [ 372773.535581984731834, 4667933.430256752297282 ] } },
{ "type": "Feature", "properties": { "scientificName": "Pulsatilla alpina", "commonName": "Alpine Pasqueflower", "taxonGroup": "Plantae", "eventDate": "2023-05-25", "source": "iNaturalist", "recordStatus": "recent" }, "geometry": { "type": "Point", "coordinates": [ 372939.673325968091376, 4667977.700591174885631 ] } },
{ "type": "Feature", "properties": { "scientificName": "Buthus occitanus", "commonName": "Common Yellow Scorpion", "taxonGroup": "Arachnida", "eventDate": "2023-05-17", "source": "iNaturalist", "recordStatus": "recent" }, "geometry": { "type": "Point", "coordinates": [ 370168.975363741163164, 4670304.324337686412036 ] } },
{ "type": "Feature", "properties": { "scientificName": "Anthaxia hungarica", "commonName": "hungarian anthaxia", "taxonGroup": "Insecta", "eventDate": "2023-05-10", "source": "iNaturalist", "recordStatus": "recent" }, "geometry": { "type": "Point", "coordinates": [ 368669.15110140433535, 4671171.298510303720832 ] } },
{ "type": "Feature", "properties": { "scientificName": "Eratigena", "commonName": "Araña gigante de casa", "taxonGroup": "Arachnida", "eventDate": "2023-05-10", "source": "iNaturalist", "recordStatus": "recent" }, "geometry": { "type": "Point", "coordinates": [ 369236.607207663881127, 4669426.462836301885545 ] } },
{ "type": "Feature", "properties": { "scientificName": "Cruciata glabra", "commonName": "smooth crosswort", "taxonGroup": "Plantae", "eventDate": "2023-05-10", "source": "iNaturalist", "recordStatus": "recent" }, "geometry": { "type": "Point", "coordinates": [ 372070.044912588316947, 4667331.336660505272448 ] } },
{ "type": "Feature", "properties": { "scientificName": "Timon lepidus", "commonName": "Ocellated Lizard", "taxonGroup": "Reptilia", "eventDate": "2023-05-04", "source": "iNaturalist", "recordStatus": "recent" }, "geometry": { "type": "Point", "coordinates": [ 371756.427233156166039, 4672956.837689191102982 ] } },
{ "type": "Feature", "properties": { "scientificName": "Dasytes", "commonName": "Dasytes", "taxonGroup": "Insecta", "eventDate": "2023-05-03", "source": "iNaturalist", "recordStatus": "recent" }, "geometry": { "type": "Point", "coordinates": [ 371355.072530165198259, 4672926.462236725725234 ] } },
{ "type": "Feature", "properties": { "scientificName": "Polygala calcarea", "commonName": "Chalk Milkwort", "taxonGroup": "Plantae", "eventDate": "2023-04-26", "source": "iNaturalist", "recordStatus": "recent" }, "geometry": { "type": "Point", "coordinates": [ 375612.738655535911676, 4670830.535471429117024 ] } },
{ "type": "Feature", "properties": { "scientificName": "Falco", "commonName": "Typical Falcons", "taxonGroup": "Aves", "eventDate": "2023-04-01", "source": "iNaturalist", "recordStatus": "recent" }, "geometry": { "type": "Point", "coordinates": [ 367503.233588505419903, 4673027.836462346836925 ] } },
{ "type": "Feature", "properties": { "scientificName": "Carex humilis", "commonName": "Dwarf Sedge", "taxonGroup": "Plantae", "eventDate": "2023-03-22", "source": "iNaturalist", "recordStatus": "recent" }, "geometry": { "type": "Point", "coordinates": [ 371725.259513147699181, 4670631.650728302076459 ] } },
{ "type": "Feature", "properties": { "scientificName": "Rupicapra", "commonName": "Chamois", "taxonGroup": "Mammalia", "eventDate": "2023-01-29", "source": "iNaturalist", "recordStatus": "recent" }, "geometry": { "type": "Point", "coordinates": [ 375382.397713500715327, 4670014.859617976471782 ] } },
{ "type": "Feature", "properties": { "scientificName": "Tubifera ferruginosa", "commonName": "Red Raspberry Slime Mold", "taxonGroup": "Protozoa", "eventDate": "2022-10-17", "source": "iNaturalist", "recordStatus": "recent" }, "geometry": { "type": "Point", "coordinates": [ 370327.189964660909027, 4668827.339750020764768 ] } },
{ "type": "Feature", "properties": { "scientificName": "Tubifera ferruginosa", "commonName": "Red Raspberry Slime Mold", "taxonGroup": "Protozoa", "eventDate": "2022-10-12", "source": "iNaturalist", "recordStatus": "recent" }, "geometry": { "type": "Point", "coordinates": [ 375461.960779247980099, 4671133.605518342927098 ] } },
{ "type": "Feature", "properties": { "scientificName": "Alytes almogavarii", "commonName": "Catalonian Midwife Toad", "taxonGroup": "Amphibia", "eventDate": "2022-09-24", "source": "iNaturalist", "recordStatus": "recent" }, "geometry": { "type": "Point", "coordinates": [ 374824.967970789643005, 4671766.906739362515509 ] } },
{ "type": "Feature", "properties": { "scientificName": "Cosmorhoe ocellata", "commonName": "Purple Bar", "taxonGroup": "Insecta", "eventDate": "2022-09-05", "source": "iNaturalist", "recordStatus": "recent" }, "geometry": { "type": "Point", "coordinates": [ 369197.210888597590383, 4669017.541552024893463 ] } },
{ "type": "Feature", "properties": { "scientificName": "Geranoaetus melanoleucus", "commonName": "Black-chested Buzzard-Eagle", "taxonGroup": "Aves", "eventDate": "2022-08-20", "source": "iNaturalist", "recordStatus": "recent" }, "geometry": { "type": "Point", "coordinates": [ 367503.233588505419903, 4673027.836462346836925 ] } },
{ "type": "Feature", "properties": { "scientificName": "Gyps fulvus", "commonName": "Eurasian Griffon", "taxonGroup": "Aves", "eventDate": "2022-08-19", "source": "iNaturalist", "recordStatus": "recent" }, "geometry": { "type": "Point", "coordinates": [ 367503.233588505419903, 4673027.836462346836925 ] } },
{ "type": "Feature", "properties": { "scientificName": "Erebia", "commonName": "Alpines", "taxonGroup": "Insecta", "eventDate": "2022-08-16", "source": "iNaturalist", "recordStatus": "recent" }, "geometry": { "type": "Point", "coordinates": [ 368293.330084911431186, 4668560.841663193888962 ] } },
{ "type": "Feature", "properties": { "scientificName": "Pandion haliaetus", "commonName": "Osprey", "taxonGroup": "Aves", "eventDate": "2022-07-15", "source": "iNaturalist", "recordStatus": "recent" }, "geometry": { "type": "Point", "coordinates": [ 372520.044238996459171, 4671763.484890278428793 ] } },
{ "type": "Feature", "properties": { "scientificName": "Epipactis palustris", "commonName": "Marsh Helleborine", "taxonGroup": "Plantae", "eventDate": "2022-07-10", "source": "iNaturalist", "recordStatus": "recent" }, "geometry": { "type": "Point", "coordinates": [ 371380.241282598231919, 4670145.803041225299239 ] } },
{ "type": "Feature", "properties": { "scientificName": "Silene ciliata", "commonName": "Elegant Catchfly", "taxonGroup": "Plantae", "eventDate": "2022-06-28", "source": "iNaturalist", "recordStatus": "recent" }, "geometry": { "type": "Point", "coordinates": [ 371802.375041542632971, 4673041.524222968146205 ] } },
{ "type": "Feature", "properties": { "scientificName": "Digitalis lutea", "commonName": "Straw Foxglove", "taxonGroup": "Plantae", "eventDate": "2022-06-20", "source": "iNaturalist", "recordStatus": "recent" }, "geometry": { "type": "Point", "coordinates": [ 367898.468552968988661, 4668725.61868706997484 ] } },
{ "type": "Feature", "properties": { "scientificName": "Pieris rapae", "commonName": "Small White", "taxonGroup": "Insecta", "eventDate": "2022-06-20", "source": "iNaturalist", "recordStatus": "recent" }, "geometry": { "type": "Point", "coordinates": [ 370094.845958475605585, 4669474.724337401799858 ] } },
{ "type": "Feature", "properties": { "scientificName": "Melitaea cinxia", "commonName": "Glanville Fritillary", "taxonGroup": "Insecta", "eventDate": "2022-06-20", "source": "iNaturalist", "recordStatus": "recent" }, "geometry": { "type": "Point", "coordinates": [ 369780.023717228323221, 4671930.954032042995095 ] } },
{ "type": "Feature", "properties": { "scientificName": "Convolvulus arvensis", "commonName": "field bindweed", "taxonGroup": "Plantae", "eventDate": "2022-06-06", "source": "iNaturalist", "recordStatus": "recent" }, "geometry": { "type": "Point", "coordinates": [ 372321.851012552739121, 4668737.607339930720627 ] } },
{ "type": "Feature", "properties": { "scientificName": "Polygala", "commonName": "Milkworts", "taxonGroup": "Plantae", "eventDate": "2022-06-05", "source": "iNaturalist", "recordStatus": "recent" }, "geometry": { "type": "Point", "coordinates": [ 372848.783736393786967, 4671929.088863209821284 ] } },
{ "type": "Feature", "properties": { "scientificName": "Salvia pratensis", "commonName": "Meadow Sage", "taxonGroup": "Plantae", "eventDate": "2022-06-05", "source": "iNaturalist", "recordStatus": "recent" }, "geometry": { "type": "Point", "coordinates": [ 372612.297785087139346, 4672006.895593063905835 ] } },
{ "type": "Feature", "properties": { "scientificName": "Melilotus officinalis", "commonName": "Yellow Sweetclover", "taxonGroup": "Plantae", "eventDate": "2022-06-05", "source": "iNaturalist", "recordStatus": "recent" }, "geometry": { "type": "Point", "coordinates": [ 370067.542251243605278, 4670284.633129369467497 ] } },
{ "type": "Feature", "properties": { "scientificName": "Prunella laciniata", "commonName": "Cut-leaved Selfheal", "taxonGroup": "Plantae", "eventDate": "2022-06-05", "source": "iNaturalist", "recordStatus": "recent" }, "geometry": { "type": "Point", "coordinates": [ 370083.421603836526629, 4670410.964920330792665 ] } },
{ "type": "Feature", "properties": { "scientificName": "Gymnadenia", "commonName": "Gymnadenia", "taxonGroup": "Plantae", "eventDate": "2022-06-05", "source": "iNaturalist", "recordStatus": "recent" }, "geometry": { "type": "Point", "coordinates": [ 370145.831000938778743, 4670166.006813762709498 ] } },
{ "type": "Feature", "properties": { "scientificName": "Linum", "commonName": "Flaxes", "taxonGroup": "Plantae", "eventDate": "2022-06-05", "source": "iNaturalist", "recordStatus": "recent" }, "geometry": { "type": "Point", "coordinates": [ 370354.617420938797295, 4670309.449790781363845 ] } },
{ "type": "Feature", "properties": { "scientificName": "Securigera varia", "commonName": "purple crownvetch", "taxonGroup": "Plantae", "eventDate": "2022-06-05", "source": "iNaturalist", "recordStatus": "recent" }, "geometry": { "type": "Point", "coordinates": [ 370426.929076478118077, 4670436.18495168723166 ] } },
{ "type": "Feature", "properties": { "scientificName": "Rosa rubiginosa", "commonName": "Sweet-brier", "taxonGroup": "Plantae", "eventDate": "2022-06-05", "source": "iNaturalist", "recordStatus": "recent" }, "geometry": { "type": "Point", "coordinates": [ 370402.390773304156028, 4670445.299994269385934 ] } },
{ "type": "Feature", "properties": { "scientificName": "Anthyllis vulneraria", "commonName": "Common Kidney-Vetch", "taxonGroup": "Plantae", "eventDate": "2022-06-05", "source": "iNaturalist", "recordStatus": "recent" }, "geometry": { "type": "Point", "coordinates": [ 370357.376410321507137, 4670652.617793062701821 ] } },
{ "type": "Feature", "properties": { "scientificName": "Laserpitium gallicum", "commonName": "French Sermountain", "taxonGroup": "Plantae", "eventDate": "2022-06-05", "source": "iNaturalist", "recordStatus": "recent" }, "geometry": { "type": "Point", "coordinates": [ 370361.329336813942064, 4670701.19241447839886 ] } },
{ "type": "Feature", "properties": { "scientificName": "Coenotephria tophaceata", "commonName": "Coenotephria tophaceata", "taxonGroup": "Insecta", "eventDate": "2022-05-25", "source": "iNaturalist", "recordStatus": "recent" }, "geometry": { "type": "Point", "coordinates": [ 374828.080258399248123, 4670982.873533270321786 ] } },
{ "type": "Feature", "properties": { "scientificName": "Plantago sempervirens", "commonName": "Shrubby Plantain", "taxonGroup": "Plantae", "eventDate": "2022-05-16", "source": "iNaturalist", "recordStatus": "recent" }, "geometry": { "type": "Point", "coordinates": [ 373778.928631085844245, 4670481.7861656434834 ] } },
{ "type": "Feature", "properties": { "scientificName": "Helianthemum oelandicum", "commonName": "Hoary Rock-rose", "taxonGroup": "Plantae", "eventDate": "2022-05-12", "source": "iNaturalist", "recordStatus": "recent" }, "geometry": { "type": "Point", "coordinates": [ 372287.413599397230428, 4669865.009231041185558 ] } },
{ "type": "Feature", "properties": { "scientificName": "Taraxacum", "commonName": "dandelions", "taxonGroup": "Plantae", "eventDate": "2022-04-16", "source": "iNaturalist", "recordStatus": "recent" }, "geometry": { "type": "Point", "coordinates": [ 369036.882191009470262, 4669344.054528497159481 ] } },
{ "type": "Feature", "properties": { "scientificName": "Potentilla", "commonName": "cinquefoils", "taxonGroup": "Plantae", "eventDate": "2022-03-02", "source": "iNaturalist", "recordStatus": "recent" }, "geometry": { "type": "Point", "coordinates": [ 372585.826137343596201, 4673013.323058470152318 ] } },
{ "type": "Feature", "properties": { "scientificName": "Gypaetus barbatus", "commonName": "Bearded Vulture", "taxonGroup": "Aves", "eventDate": "2021-12-04", "source": "iNaturalist", "recordStatus": "recent" }, "geometry": { "type": "Point", "coordinates": [ 370638.688783765537664, 4668613.847000909037888 ] } },
{ "type": "Feature", "properties": { "scientificName": "Gyps fulvus fulvus", "commonName": "Eurasian griffon vulture", "taxonGroup": "Aves", "eventDate": "2021-12-04", "source": "iNaturalist", "recordStatus": "recent" }, "geometry": { "type": "Point", "coordinates": [ 370638.688783765537664, 4668613.847000909037888 ] } },
{ "type": "Feature", "properties": { "scientificName": "Polymixis", "commonName": "Polymixis", "taxonGroup": "Insecta", "eventDate": "2021-10-30", "source": "iNaturalist", "recordStatus": "recent" }, "geometry": { "type": "Point", "coordinates": [ 368009.342057994799688, 4670113.735668454319239 ] } },
{ "type": "Feature", "properties": { "scientificName": "Centaurea scabiosa", "commonName": "Greater Knapweed", "taxonGroup": "Plantae", "eventDate": "2021-09-28", "source": "iNaturalist", "recordStatus": "recent" }, "geometry": { "type": "Point", "coordinates": [ 371294.337676453636959, 4670135.230929734185338 ] } },
{ "type": "Feature", "properties": { "scientificName": "Lactarius deliciosus", "commonName": "saffron milkcap", "taxonGroup": "Fungi", "eventDate": "2021-09-25", "source": "iNaturalist", "recordStatus": "recent" }, "geometry": { "type": "Point", "coordinates": [ 369623.942819595395122, 4674214.289169351570308 ] } },
{ "type": "Feature", "properties": { "scientificName": "Ilex", "commonName": "Ilex oaks", "taxonGroup": "Plantae", "eventDate": "2021-08-23", "source": "iNaturalist", "recordStatus": "recent" }, "geometry": { "type": "Point", "coordinates": [ 368698.732898198068142, 4670967.360871576704085 ] } },
{ "type": "Feature", "properties": { "scientificName": "Carlina vulgaris", "commonName": "Carline Thistle", "taxonGroup": "Plantae", "eventDate": "2021-08-23", "source": "iNaturalist", "recordStatus": "recent" }, "geometry": { "type": "Point", "coordinates": [ 368698.732898198068142, 4670967.360871576704085 ] } },
{ "type": "Feature", "properties": { "scientificName": "Colchicum montanum", "commonName": "False Meadow Saffron", "taxonGroup": "Plantae", "eventDate": "2021-08-09", "source": "iNaturalist", "recordStatus": "recent" }, "geometry": { "type": "Point", "coordinates": [ 370383.940078156243544, 4669966.021266841329634 ] } },
{ "type": "Feature", "properties": { "scientificName": "Lophiolepis eriophora", "commonName": "Woolly Thistle", "taxonGroup": "Plantae", "eventDate": "2021-08-04", "source": "iNaturalist", "recordStatus": "recent" }, "geometry": { "type": "Point", "coordinates": [ 368265.248882020125166, 4673178.149328098632395 ] } },
{ "type": "Feature", "properties": { "scientificName": "Lactuca serriola", "commonName": "prickly lettuce", "taxonGroup": "Plantae", "eventDate": "2021-07-30", "source": "iNaturalist", "recordStatus": "recent" }, "geometry": { "type": "Point", "coordinates": [ 372425.389205906656571, 4670265.612673720344901 ] } },
{ "type": "Feature", "properties": { "scientificName": "Zygaena", "commonName": "Zygaena", "taxonGroup": "Insecta", "eventDate": "2021-07-30", "source": "iNaturalist", "recordStatus": "recent" }, "geometry": { "type": "Point", "coordinates": [ 375980.204200711217709, 4671193.656431744806468 ] } },
{ "type": "Feature", "properties": { "scientificName": "Cynoglossum officinale", "commonName": "hound's-tongue", "taxonGroup": "Plantae", "eventDate": "2021-07-07", "source": "iNaturalist", "recordStatus": "recent" }, "geometry": { "type": "Point", "coordinates": [ 375802.56064576015342, 4670917.294678002595901 ] } },
{ "type": "Feature", "properties": { "scientificName": "Sedum acre", "commonName": "Biting Stonecrop", "taxonGroup": "Plantae", "eventDate": "2021-07-03", "source": "iNaturalist", "recordStatus": "recent" }, "geometry": { "type": "Point", "coordinates": [ 373810.048509072861634, 4670163.166319215670228 ] } },
{ "type": "Feature", "properties": { "scientificName": "Dactylis glomerata", "commonName": "orchard grass", "taxonGroup": "Plantae", "eventDate": "2021-06-30", "source": "iNaturalist", "recordStatus": "recent" }, "geometry": { "type": "Point", "coordinates": [ 372402.029367088514846, 4670569.352976640686393 ] } },
{ "type": "Feature", "properties": { "scientificName": "Angiospermae", "commonName": "Flowering Plants", "taxonGroup": "Plantae", "eventDate": "2021-06-28", "source": "iNaturalist", "recordStatus": "recent" }, "geometry": { "type": "Point", "coordinates": [ 375533.927925709926058, 4669454.67126134596765 ] } },
{ "type": "Feature", "properties": { "scientificName": "Melilotus officinalis", "commonName": "Yellow Sweetclover", "taxonGroup": "Plantae", "eventDate": "2021-06-21", "source": "iNaturalist", "recordStatus": "recent" }, "geometry": { "type": "Point", "coordinates": [ 376624.526416949869599, 4670560.005528368987143 ] } },
{ "type": "Feature", "properties": { "scientificName": "Rhinanthus pumilus", "commonName": "Dwarf Yellow Rattle", "taxonGroup": "Plantae", "eventDate": "2021-06-21", "source": "iNaturalist", "recordStatus": "recent" }, "geometry": { "type": "Point", "coordinates": [ 371211.28527921019122, 4668576.485344661399722 ] } },
{ "type": "Feature", "properties": { "scientificName": "Biscutella laevigata", "commonName": "Common Buckler-mustard", "taxonGroup": "Plantae", "eventDate": "2021-06-15", "source": "iNaturalist", "recordStatus": "recent" }, "geometry": { "type": "Point", "coordinates": [ 368044.987384391890373, 4669547.106762276962399 ] } },
{ "type": "Feature", "properties": { "scientificName": "Asplenium trichomanes", "commonName": "maidenhair spleenwort", "taxonGroup": "Plantae", "eventDate": "2021-06-15", "source": "iNaturalist", "recordStatus": "recent" }, "geometry": { "type": "Point", "coordinates": [ 374144.093676003685687, 4671613.590254780836403 ] } },
{ "type": "Feature", "properties": { "scientificName": "Erinus alpinus", "commonName": "Fairy Foxglove", "taxonGroup": "Plantae", "eventDate": "2021-06-15", "source": "iNaturalist", "recordStatus": "recent" }, "geometry": { "type": "Point", "coordinates": [ 372677.232073700753972, 4673097.994322722777724 ] } },
{ "type": "Feature", "properties": { "scientificName": "", "commonName": "", "taxonGroup": "", "eventDate": "2021-06-11", "source": "iNaturalist", "recordStatus": "recent" }, "geometry": { "type": "Point", "coordinates": [ 372342.799781362176873, 4673494.404753172770143 ] } },
{ "type": "Feature", "properties": { "scientificName": "Curruca iberiae", "commonName": "Western Subalpine Warbler", "taxonGroup": "Aves", "eventDate": "2021-06-11", "source": "iNaturalist", "recordStatus": "recent" }, "geometry": { "type": "Point", "coordinates": [ 370027.172671142150648, 4672494.164305970072746 ] } },
{ "type": "Feature", "properties": { "scientificName": "Clitocybe", "commonName": "Funnels", "taxonGroup": "Fungi", "eventDate": "2021-06-11", "source": "iNaturalist", "recordStatus": "recent" }, "geometry": { "type": "Point", "coordinates": [ 369997.274494364915881, 4672386.400676019489765 ] } },
{ "type": "Feature", "properties": { "scientificName": "Polyommatini", "commonName": "Typical Blues", "taxonGroup": "Insecta", "eventDate": "2021-06-10", "source": "iNaturalist", "recordStatus": "recent" }, "geometry": { "type": "Point", "coordinates": [ 366502.726192090078257, 4668766.865002002567053 ] } },
{ "type": "Feature", "properties": { "scientificName": "Melitaea", "commonName": "Melitaea", "taxonGroup": "Insecta", "eventDate": "2021-06-10", "source": "iNaturalist", "recordStatus": "recent" }, "geometry": { "type": "Point", "coordinates": [ 366598.66658920457121, 4668827.659208609722555 ] } },
{ "type": "Feature", "properties": { "scientificName": "Carpocoris purpureipennis", "commonName": "Black-shouldered Shieldbug", "taxonGroup": "Insecta", "eventDate": "2021-06-10", "source": "iNaturalist", "recordStatus": "recent" }, "geometry": { "type": "Point", "coordinates": [ 366458.005183281842619, 4668725.916244795545936 ] } },
{ "type": "Feature", "properties": { "scientificName": "Saxifraga longifolia", "commonName": "Pyrenean Saxifrage", "taxonGroup": "Plantae", "eventDate": "2021-06-10", "source": "iNaturalist", "recordStatus": "recent" }, "geometry": { "type": "Point", "coordinates": [ 366750.291445785434917, 4669021.507813077419996 ] } },
{ "type": "Feature", "properties": { "scientificName": "Rhizotrogini", "commonName": "Rhizotrogini", "taxonGroup": "Insecta", "eventDate": "2021-06-10", "source": "iNaturalist", "recordStatus": "recent" }, "geometry": { "type": "Point", "coordinates": [ 366798.561950291215908, 4669037.876288929954171 ] } },
{ "type": "Feature", "properties": { "scientificName": "", "commonName": "", "taxonGroup": "", "eventDate": "2021-06-09", "source": "iNaturalist", "recordStatus": "recent" }, "geometry": { "type": "Point", "coordinates": [ 370535.7489233451779, 4670413.605826902203262 ] } },
{ "type": "Feature", "properties": { "scientificName": "Ampedus", "commonName": "", "taxonGroup": "Insecta", "eventDate": "2021-06-08", "source": "iNaturalist", "recordStatus": "recent" }, "geometry": { "type": "Point", "coordinates": [ 370402.898807194142137, 4671659.898124325089157 ] } },
{ "type": "Feature", "properties": { "scientificName": "Alchemilla", "commonName": "Lady's-mantles", "taxonGroup": "Plantae", "eventDate": "2021-06-07", "source": "iNaturalist", "recordStatus": "recent" }, "geometry": { "type": "Point", "coordinates": [ 372374.054317492409609, 4672845.366163456812501 ] } },
{ "type": "Feature", "properties": { "scientificName": "Vicia pyrenaica", "commonName": "Pyrenean vetch", "taxonGroup": "Plantae", "eventDate": "2021-06-07", "source": "iNaturalist", "recordStatus": "recent" }, "geometry": { "type": "Point", "coordinates": [ 372135.053579474100843, 4671290.661565358750522 ] } },
{ "type": "Feature", "properties": { "scientificName": "Pseudevernia furfuracea", "commonName": "tree moss", "taxonGroup": "Fungi", "eventDate": "2021-06-07", "source": "iNaturalist", "recordStatus": "recent" }, "geometry": { "type": "Point", "coordinates": [ 374885.627690044348128, 4670792.239129082299769 ] } },
{ "type": "Feature", "properties": { "scientificName": "Anthyllis montana", "commonName": "Mountain Kidney-vetch", "taxonGroup": "Plantae", "eventDate": "2021-06-07", "source": "iNaturalist", "recordStatus": "recent" }, "geometry": { "type": "Point", "coordinates": [ 375186.256396354059689, 4671390.085352011956275 ] } },
{ "type": "Feature", "properties": { "scientificName": "Orchis mascula", "commonName": "Early Purple Orchid", "taxonGroup": "Plantae", "eventDate": "2021-06-05", "source": "iNaturalist", "recordStatus": "recent" }, "geometry": { "type": "Point", "coordinates": [ 372872.635250246967189, 4669177.73605474177748 ] } },
{ "type": "Feature", "properties": { "scientificName": "Cephalanthera longifolia", "commonName": "Narrow-leaved Helleborine", "taxonGroup": "Plantae", "eventDate": "2021-06-05", "source": "iNaturalist", "recordStatus": "recent" }, "geometry": { "type": "Point", "coordinates": [ 372397.609789054084104, 4668284.000430845655501 ] } },
{ "type": "Feature", "properties": { "scientificName": "Ophrys scolopax", "commonName": "woodcock orchid", "taxonGroup": "Plantae", "eventDate": "2021-06-05", "source": "iNaturalist", "recordStatus": "recent" }, "geometry": { "type": "Point", "coordinates": [ 373310.585549841925967, 4669626.643741683103144 ] } },
{ "type": "Feature", "properties": { "scientificName": "Neotinea ustulata", "commonName": "Burnt-tip Orchid", "taxonGroup": "Plantae", "eventDate": "2021-06-05", "source": "iNaturalist", "recordStatus": "recent" }, "geometry": { "type": "Point", "coordinates": [ 372340.290077296318486, 4670320.790742601267993 ] } },
{ "type": "Feature", "properties": { "scientificName": "Cephalanthera rubra", "commonName": "Red Helleborine", "taxonGroup": "Plantae", "eventDate": "2021-06-05", "source": "iNaturalist", "recordStatus": "recent" }, "geometry": { "type": "Point", "coordinates": [ 371393.426343503233511, 4670077.260140959173441 ] } },
{ "type": "Feature", "properties": { "scientificName": "Ophrys sphegodes", "commonName": "Early Spider-orchid", "taxonGroup": "Plantae", "eventDate": "2021-06-05", "source": "iNaturalist", "recordStatus": "recent" }, "geometry": { "type": "Point", "coordinates": [ 371925.155464218696579, 4670844.576551248319447 ] } },
{ "type": "Feature", "properties": { "scientificName": "Ophrys insectifera", "commonName": "Fly Orchid", "taxonGroup": "Plantae", "eventDate": "2021-06-05", "source": "iNaturalist", "recordStatus": "recent" }, "geometry": { "type": "Point", "coordinates": [ 372254.272693091654219, 4669070.561642861925066 ] } },
{ "type": "Feature", "properties": { "scientificName": "Gymnadenia conopsea", "commonName": "Fragrant Orchid", "taxonGroup": "Plantae", "eventDate": "2021-06-05", "source": "iNaturalist", "recordStatus": "recent" }, "geometry": { "type": "Point", "coordinates": [ 372136.390672690351494, 4669602.258908790536225 ] } },
{ "type": "Feature", "properties": { "scientificName": "Platanthera bifolia", "commonName": "Lesser butterfly-orchid", "taxonGroup": "Plantae", "eventDate": "2021-06-05", "source": "iNaturalist", "recordStatus": "recent" }, "geometry": { "type": "Point", "coordinates": [ 371714.064206332957838, 4669526.807801546528935 ] } },
{ "type": "Feature", "properties": { "scientificName": "Ophrys apifera", "commonName": "Bee Orchid", "taxonGroup": "Plantae", "eventDate": "2021-06-05", "source": "iNaturalist", "recordStatus": "recent" }, "geometry": { "type": "Point", "coordinates": [ 372220.275408799992874, 4670360.601326453499496 ] } },
{ "type": "Feature", "properties": { "scientificName": "Dactylorhiza fuchsii", "commonName": "Common Spotted Orchid", "taxonGroup": "Plantae", "eventDate": "2021-06-05", "source": "iNaturalist", "recordStatus": "recent" }, "geometry": { "type": "Point", "coordinates": [ 372672.913035890669562, 4667885.187272562645376 ] } },
{ "type": "Feature", "properties": { "scientificName": "Arabis hirsuta", "commonName": "Hairy Rockcress", "taxonGroup": "Plantae", "eventDate": "2021-06-04", "source": "iNaturalist", "recordStatus": "recent" }, "geometry": { "type": "Point", "coordinates": [ 372298.932402693317272, 4668272.794555275700986 ] } },
{ "type": "Feature", "properties": { "scientificName": "Rhamnus alpina", "commonName": "Alpine Buckthorn", "taxonGroup": "Plantae", "eventDate": "2021-06-01", "source": "iNaturalist", "recordStatus": "recent" }, "geometry": { "type": "Point", "coordinates": [ 374779.214120240241755, 4669547.831980312243104 ] } },
{ "type": "Feature", "properties": { "scientificName": "Galium pyrenaicum", "commonName": "Galium pyrenaicum", "taxonGroup": "Plantae", "eventDate": "2021-05-31", "source": "iNaturalist", "recordStatus": "recent" }, "geometry": { "type": "Point", "coordinates": [ 373764.731073929404374, 4670234.888658175244927 ] } },
{ "type": "Feature", "properties": { "scientificName": "Pinus uncinata", "commonName": "Mountain Pine", "taxonGroup": "Plantae", "eventDate": "2021-05-31", "source": "iNaturalist", "recordStatus": "recent" }, "geometry": { "type": "Point", "coordinates": [ 372011.642289954819717, 4670328.752524835057557 ] } },
{ "type": "Feature", "properties": { "scientificName": "Primula veris", "commonName": "Cowslip", "taxonGroup": "Plantae", "eventDate": "2021-05-31", "source": "iNaturalist", "recordStatus": "recent" }, "geometry": { "type": "Point", "coordinates": [ 371786.613123980350792, 4670523.644488237798214 ] } },
{ "type": "Feature", "properties": { "scientificName": "Primula veris", "commonName": "Cowslip", "taxonGroup": "Plantae", "eventDate": "2021-05-27", "source": "iNaturalist", "recordStatus": "recent" }, "geometry": { "type": "Point", "coordinates": [ 371142.887173081224319, 4670340.180984085425735 ] } },
{ "type": "Feature", "properties": { "scientificName": "Vanessa cardui", "commonName": "Painted Lady", "taxonGroup": "Insecta", "eventDate": "2021-04-01", "source": "iNaturalist", "recordStatus": "recent" }, "geometry": { "type": "Point", "coordinates": [ 367149.56896733189933, 4673704.520308118313551 ] } },
{ "type": "Feature", "properties": { "scientificName": "Arethusana arethusa", "commonName": "False Grayling", "taxonGroup": "Insecta", "eventDate": "2020-08-13", "source": "iNaturalist", "recordStatus": "recent" }, "geometry": { "type": "Point", "coordinates": [ 371409.721532651106827, 4670772.060441833920777 ] } },
{ "type": "Feature", "properties": { "scientificName": "Polyommatus damon", "commonName": "Damon Blue", "taxonGroup": "Insecta", "eventDate": "2020-08-13", "source": "iNaturalist", "recordStatus": "recent" }, "geometry": { "type": "Point", "coordinates": [ 371409.721532651106827, 4670772.060441833920777 ] } },
{ "type": "Feature", "properties": { "scientificName": "Mylabris variabilis", "commonName": "Mylabris variabilis", "taxonGroup": "Insecta", "eventDate": "2020-08-13", "source": "iNaturalist", "recordStatus": "recent" }, "geometry": { "type": "Point", "coordinates": [ 371409.721532651106827, 4670772.060441833920777 ] } },
{ "type": "Feature", "properties": { "scientificName": "Zygaena fausta", "commonName": "Chalk Burnet", "taxonGroup": "Insecta", "eventDate": "2020-08-13", "source": "iNaturalist", "recordStatus": "recent" }, "geometry": { "type": "Point", "coordinates": [ 371409.721532651106827, 4670772.060441833920777 ] } },
{ "type": "Feature", "properties": { "scientificName": "Erebia neoridas", "commonName": "Autumn Ringlet", "taxonGroup": "Insecta", "eventDate": "2020-08-13", "source": "iNaturalist", "recordStatus": "recent" }, "geometry": { "type": "Point", "coordinates": [ 371409.721532651106827, 4670772.060441833920777 ] } },
{ "type": "Feature", "properties": { "scientificName": "Pyrgus cirsii", "commonName": "Cinquefoil Skipper", "taxonGroup": "Insecta", "eventDate": "2020-08-13", "source": "iNaturalist", "recordStatus": "recent" }, "geometry": { "type": "Point", "coordinates": [ 371409.721532651106827, 4670772.060441833920777 ] } },
{ "type": "Feature", "properties": { "scientificName": "Hesperia comma", "commonName": "Common Branded Skipper", "taxonGroup": "Insecta", "eventDate": "2020-08-13", "source": "iNaturalist", "recordStatus": "recent" }, "geometry": { "type": "Point", "coordinates": [ 371409.721532651106827, 4670772.060441833920777 ] } },
{ "type": "Feature", "properties": { "scientificName": "Polyommatus daphnis", "commonName": "Meleager's Blue", "taxonGroup": "Insecta", "eventDate": "2020-08-13", "source": "iNaturalist", "recordStatus": "recent" }, "geometry": { "type": "Point", "coordinates": [ 371409.721532651106827, 4670772.060441833920777 ] } },
{ "type": "Feature", "properties": { "scientificName": "Sympecma fusca", "commonName": "Common Winter Damselfly", "taxonGroup": "Insecta", "eventDate": "2020-08-13", "source": "iNaturalist", "recordStatus": "recent" }, "geometry": { "type": "Point", "coordinates": [ 371409.721532651106827, 4670772.060441833920777 ] } },
{ "type": "Feature", "properties": { "scientificName": "Polyommatus hispana", "commonName": "Provence chalk-hill blue", "taxonGroup": "Insecta", "eventDate": "2020-08-13", "source": "iNaturalist", "recordStatus": "recent" }, "geometry": { "type": "Point", "coordinates": [ 371409.721532651106827, 4670772.060441833920777 ] } },
{ "type": "Feature", "properties": { "scientificName": "", "commonName": "", "taxonGroup": "", "eventDate": "2019-08-27", "source": "iNaturalist", "recordStatus": "recent" }, "geometry": { "type": "Point", "coordinates": [ 370410.932418595009949, 4671636.174714162014425 ] } },
{ "type": "Feature", "properties": { "scientificName": "Coronella girondica", "commonName": "Southern Smooth Snake", "taxonGroup": "Reptilia", "eventDate": "2019-08-22", "source": "iNaturalist", "recordStatus": "recent" }, "geometry": { "type": "Point", "coordinates": [ 370396.053825301059987, 4671579.130647650919855 ] } },
{ "type": "Feature", "properties": { "scientificName": "Coronella girondica", "commonName": "Southern Smooth Snake", "taxonGroup": "Reptilia", "eventDate": "2019-08-22", "source": "iNaturalist", "recordStatus": "recent" }, "geometry": { "type": "Point", "coordinates": [ 370397.010013690334745, 4671592.950490863993764 ] } },
{ "type": "Feature", "properties": { "scientificName": "Gyps fulvus", "commonName": "Eurasian Griffon", "taxonGroup": "Aves", "eventDate": "2019-08-21", "source": "iNaturalist", "recordStatus": "recent" }, "geometry": { "type": "Point", "coordinates": [ 368653.260415117139928, 4673382.979005323722959 ] } },
{ "type": "Feature", "properties": { "scientificName": "Hipparchia fidia", "commonName": "Striped Grayling", "taxonGroup": "Insecta", "eventDate": "2019-08-16", "source": "iNaturalist", "recordStatus": "recent" }, "geometry": { "type": "Point", "coordinates": [ 372275.987010424840264, 4670372.843008975498378 ] } },
{ "type": "Feature", "properties": { "scientificName": "Cupido alcetas", "commonName": "Provençal short-tailed blue", "taxonGroup": "Insecta", "eventDate": "2019-08-16", "source": "iNaturalist", "recordStatus": "recent" }, "geometry": { "type": "Point", "coordinates": [ 372275.987010424840264, 4670372.843008975498378 ] } },
{ "type": "Feature", "properties": { "scientificName": "Euplagia quadripunctaria", "commonName": "Jersey Tiger", "taxonGroup": "Insecta", "eventDate": "2019-08-16", "source": "iNaturalist", "recordStatus": "recent" }, "geometry": { "type": "Point", "coordinates": [ 372275.987010424840264, 4670372.843008975498378 ] } },
{ "type": "Feature", "properties": { "scientificName": "Clossiana", "commonName": "Clossiana", "taxonGroup": "Insecta", "eventDate": "2019-08-16", "source": "iNaturalist", "recordStatus": "recent" }, "geometry": { "type": "Point", "coordinates": [ 372275.987010424840264, 4670372.843008975498378 ] } },
{ "type": "Feature", "properties": { "scientificName": "Galatella sedifolia", "commonName": "Rhone Aster", "taxonGroup": "Plantae", "eventDate": "2019-08-16", "source": "iNaturalist", "recordStatus": "recent" }, "geometry": { "type": "Point", "coordinates": [ 372275.987010424840264, 4670372.843008975498378 ] } },
{ "type": "Feature", "properties": { "scientificName": "Papilio machaon", "commonName": "Old World Swallowtail", "taxonGroup": "Insecta", "eventDate": "2019-08-16", "source": "iNaturalist", "recordStatus": "recent" }, "geometry": { "type": "Point", "coordinates": [ 372275.987010424840264, 4670372.843008975498378 ] } },
{ "type": "Feature", "properties": { "scientificName": "Satyrus actaea", "commonName": "Black Satyr", "taxonGroup": "Insecta", "eventDate": "2019-08-16", "source": "iNaturalist", "recordStatus": "recent" }, "geometry": { "type": "Point", "coordinates": [ 372275.987010424840264, 4670372.843008975498378 ] } },
{ "type": "Feature", "properties": { "scientificName": "Lactuca viminea", "commonName": "Pliant Lettuce", "taxonGroup": "Plantae", "eventDate": "2019-08-16", "source": "iNaturalist", "recordStatus": "recent" }, "geometry": { "type": "Point", "coordinates": [ 372275.987010424840264, 4670372.843008975498378 ] } },
{ "type": "Feature", "properties": { "scientificName": "Zygaena fausta", "commonName": "Chalk Burnet", "taxonGroup": "Insecta", "eventDate": "2019-08-16", "source": "iNaturalist", "recordStatus": "recent" }, "geometry": { "type": "Point", "coordinates": [ 372275.987010424840264, 4670372.843008975498378 ] } },
{ "type": "Feature", "properties": { "scientificName": "Centaurea jacea", "commonName": "Brown Knapweed", "taxonGroup": "Plantae", "eventDate": "2019-08-16", "source": "iNaturalist", "recordStatus": "recent" }, "geometry": { "type": "Point", "coordinates": [ 372275.987010424840264, 4670372.843008975498378 ] } },
{ "type": "Feature", "properties": { "scientificName": "Brintesia circe", "commonName": "Great Banded Grayling", "taxonGroup": "Insecta", "eventDate": "2019-08-16", "source": "iNaturalist", "recordStatus": "recent" }, "geometry": { "type": "Point", "coordinates": [ 372275.987010424840264, 4670372.843008975498378 ] } },
{ "type": "Feature", "properties": { "scientificName": "Pyrgus", "commonName": "Grizzled Skippers", "taxonGroup": "Insecta", "eventDate": "2019-08-16", "source": "iNaturalist", "recordStatus": "recent" }, "geometry": { "type": "Point", "coordinates": [ 372275.987010424840264, 4670372.843008975498378 ] } },
{ "type": "Feature", "properties": { "scientificName": "Arethusana arethusa", "commonName": "False Grayling", "taxonGroup": "Insecta", "eventDate": "2019-08-16", "source": "iNaturalist", "recordStatus": "recent" }, "geometry": { "type": "Point", "coordinates": [ 372275.987010424840264, 4670372.843008975498378 ] } },
{ "type": "Feature", "properties": { "scientificName": "Gyps fulvus", "commonName": "Eurasian Griffon", "taxonGroup": "Aves", "eventDate": "2019-08-16", "source": "iNaturalist", "recordStatus": "recent" }, "geometry": { "type": "Point", "coordinates": [ 372275.987010424840264, 4670372.843008975498378 ] } },
{ "type": "Feature", "properties": { "scientificName": "Lampides boeticus", "commonName": "Pea Blue", "taxonGroup": "Insecta", "eventDate": "2019-08-16", "source": "iNaturalist", "recordStatus": "recent" }, "geometry": { "type": "Point", "coordinates": [ 372275.987010424840264, 4670372.843008975498378 ] } },
{ "type": "Feature", "properties": { "scientificName": "Hesperia comma", "commonName": "Common Branded Skipper", "taxonGroup": "Insecta", "eventDate": "2019-08-16", "source": "iNaturalist", "recordStatus": "recent" }, "geometry": { "type": "Point", "coordinates": [ 372275.987010424840264, 4670372.843008975498378 ] } },
{ "type": "Feature", "properties": { "scientificName": "Gypaetus barbatus barbatus", "commonName": "Eurasian Bearded Vulture", "taxonGroup": "Aves", "eventDate": "2019-08-16", "source": "iNaturalist", "recordStatus": "recent" }, "geometry": { "type": "Point", "coordinates": [ 372275.987010424840264, 4670372.843008975498378 ] } },
{ "type": "Feature", "properties": { "scientificName": "Melanargia lachesis", "commonName": "Iberian marbled white", "taxonGroup": "Insecta", "eventDate": "2019-08-16", "source": "iNaturalist", "recordStatus": "recent" }, "geometry": { "type": "Point", "coordinates": [ 372275.987010424840264, 4670372.843008975498378 ] } },
{ "type": "Feature", "properties": { "scientificName": "Coenonympha arcania", "commonName": "Pearly Heath", "taxonGroup": "Insecta", "eventDate": "2019-08-16", "source": "iNaturalist", "recordStatus": "recent" }, "geometry": { "type": "Point", "coordinates": [ 372275.987010424840264, 4670372.843008975498378 ] } },
{ "type": "Feature", "properties": { "scientificName": "Linum viscosum", "commonName": "Sticky Flax", "taxonGroup": "Plantae", "eventDate": "2019-08-16", "source": "iNaturalist", "recordStatus": "recent" }, "geometry": { "type": "Point", "coordinates": [ 372275.987010424840264, 4670372.843008975498378 ] } },
{ "type": "Feature", "properties": { "scientificName": "Catananche caerulea", "commonName": "Cupid's-dart", "taxonGroup": "Plantae", "eventDate": "2019-08-16", "source": "iNaturalist", "recordStatus": "recent" }, "geometry": { "type": "Point", "coordinates": [ 372275.987010424840264, 4670372.843008975498378 ] } },
{ "type": "Feature", "properties": { "scientificName": "Hipparchia statilinus", "commonName": "Tree Grayling", "taxonGroup": "Insecta", "eventDate": "2019-08-16", "source": "iNaturalist", "recordStatus": "recent" }, "geometry": { "type": "Point", "coordinates": [ 372275.987010424840264, 4670372.843008975498378 ] } },
{ "type": "Feature", "properties": { "scientificName": "Polyommatus daphnis", "commonName": "Meleager's Blue", "taxonGroup": "Insecta", "eventDate": "2019-08-16", "source": "iNaturalist", "recordStatus": "recent" }, "geometry": { "type": "Point", "coordinates": [ 372275.987010424840264, 4670372.843008975498378 ] } },
{ "type": "Feature", "properties": { "scientificName": "Pyrgus", "commonName": "Grizzled Skippers", "taxonGroup": "Insecta", "eventDate": "2019-08-16", "source": "iNaturalist", "recordStatus": "recent" }, "geometry": { "type": "Point", "coordinates": [ 372275.987010424840264, 4670372.843008975498378 ] } },
{ "type": "Feature", "properties": { "scientificName": "Hipparchia alcyone", "commonName": "Rock Grayling", "taxonGroup": "Insecta", "eventDate": "2019-08-16", "source": "iNaturalist", "recordStatus": "recent" }, "geometry": { "type": "Point", "coordinates": [ 372275.987010424840264, 4670372.843008975498378 ] } },
{ "type": "Feature", "properties": { "scientificName": "Villa brunnea", "commonName": "Villa brunnea", "taxonGroup": "Insecta", "eventDate": "2019-08-16", "source": "iNaturalist", "recordStatus": "recent" }, "geometry": { "type": "Point", "coordinates": [ 372275.987010424840264, 4670372.843008975498378 ] } },
{ "type": "Feature", "properties": { "scientificName": "Scotopteryx bipunctaria", "commonName": "Chalk Carpet", "taxonGroup": "Insecta", "eventDate": "2019-08-16", "source": "iNaturalist", "recordStatus": "recent" }, "geometry": { "type": "Point", "coordinates": [ 372275.987010424840264, 4670372.843008975498378 ] } },
{ "type": "Feature", "properties": { "scientificName": "Rupicapra pyrenaica pyrenaica", "commonName": "Pyrenean Chamois", "taxonGroup": "Mammalia", "eventDate": "2019-08-16", "source": "iNaturalist", "recordStatus": "recent" }, "geometry": { "type": "Point", "coordinates": [ 372275.987010424840264, 4670372.843008975498378 ] } },
{ "type": "Feature", "properties": { "scientificName": "Lycaena phlaeas", "commonName": "Small Copper", "taxonGroup": "Insecta", "eventDate": "2019-08-16", "source": "iNaturalist", "recordStatus": "recent" }, "geometry": { "type": "Point", "coordinates": [ 372275.987010424840264, 4670372.843008975498378 ] } },
{ "type": "Feature", "properties": { "scientificName": "Lonicera pyrenaica", "commonName": "Lonicera pyrenaica", "taxonGroup": "Plantae", "eventDate": "2019-08-16", "source": "iNaturalist", "recordStatus": "recent" }, "geometry": { "type": "Point", "coordinates": [ 372275.987010424840264, 4670372.843008975498378 ] } },
{ "type": "Feature", "properties": { "scientificName": "Diacrisia sannio", "commonName": "Clouded Buff", "taxonGroup": "Insecta", "eventDate": "2019-08-16", "source": "iNaturalist", "recordStatus": "recent" }, "geometry": { "type": "Point", "coordinates": [ 372275.987010424840264, 4670372.843008975498378 ] } },
{ "type": "Feature", "properties": { "scientificName": "Pararge aegeria", "commonName": "Speckled Wood", "taxonGroup": "Insecta", "eventDate": "2019-08-16", "source": "iNaturalist", "recordStatus": "recent" }, "geometry": { "type": "Point", "coordinates": [ 372275.987010424840264, 4670372.843008975498378 ] } },
{ "type": "Feature", "properties": { "scientificName": "Limenitis reducta", "commonName": "Southern White Admiral", "taxonGroup": "Insecta", "eventDate": "2019-08-16", "source": "iNaturalist", "recordStatus": "recent" }, "geometry": { "type": "Point", "coordinates": [ 372275.987010424840264, 4670372.843008975498378 ] } },
{ "type": "Feature", "properties": { "scientificName": "Camptogramma bilineata", "commonName": "Yellow Shell Moth", "taxonGroup": "Insecta", "eventDate": "2019-08-16", "source": "iNaturalist", "recordStatus": "recent" }, "geometry": { "type": "Point", "coordinates": [ 372275.987010424840264, 4670372.843008975498378 ] } },
{ "type": "Feature", "properties": { "scientificName": "Pyronia tithonus", "commonName": "Gatekeeper", "taxonGroup": "Insecta", "eventDate": "2019-08-16", "source": "iNaturalist", "recordStatus": "recent" }, "geometry": { "type": "Point", "coordinates": [ 372275.987010424840264, 4670372.843008975498378 ] } },
{ "type": "Feature", "properties": { "scientificName": "Erebia neoridas", "commonName": "Autumn Ringlet", "taxonGroup": "Insecta", "eventDate": "2019-08-16", "source": "iNaturalist", "recordStatus": "recent" }, "geometry": { "type": "Point", "coordinates": [ 372275.987010424840264, 4670372.843008975498378 ] } },
{ "type": "Feature", "properties": { "scientificName": "Maniola jurtina", "commonName": "Meadow Brown", "taxonGroup": "Insecta", "eventDate": "2019-08-16", "source": "iNaturalist", "recordStatus": "recent" }, "geometry": { "type": "Point", "coordinates": [ 372275.987010424840264, 4670372.843008975498378 ] } },
{ "type": "Feature", "properties": { "scientificName": "Scotopteryx coelinaria", "commonName": "Scotopteryx coelinaria", "taxonGroup": "Insecta", "eventDate": "2019-08-16", "source": "iNaturalist", "recordStatus": "recent" }, "geometry": { "type": "Point", "coordinates": [ 372275.987010424840264, 4670372.843008975498378 ] } },
{ "type": "Feature", "properties": { "scientificName": "Iphiclides feisthamelii", "commonName": "Iberian Scarce Swallowtail", "taxonGroup": "Insecta", "eventDate": "2019-08-16", "source": "iNaturalist", "recordStatus": "recent" }, "geometry": { "type": "Point", "coordinates": [ 372275.987010424840264, 4670372.843008975498378 ] } },
{ "type": "Feature", "properties": { "scientificName": "Lonicera xylosteum", "commonName": "Fly Honeysuckle", "taxonGroup": "Plantae", "eventDate": "2019-08-16", "source": "iNaturalist", "recordStatus": "recent" }, "geometry": { "type": "Point", "coordinates": [ 372275.987010424840264, 4670372.843008975498378 ] } },
{ "type": "Feature", "properties": { "scientificName": "Prunus mahaleb", "commonName": "St Lucie Cherry", "taxonGroup": "Plantae", "eventDate": "2019-08-16", "source": "iNaturalist", "recordStatus": "recent" }, "geometry": { "type": "Point", "coordinates": [ 372275.987010424840264, 4670372.843008975498378 ] } },
{ "type": "Feature", "properties": { "scientificName": "Cephalaria leucantha", "commonName": "Cephalaria leucantha", "taxonGroup": "Plantae", "eventDate": "2019-08-16", "source": "iNaturalist", "recordStatus": "recent" }, "geometry": { "type": "Point", "coordinates": [ 372275.987010424840264, 4670372.843008975498378 ] } },
{ "type": "Feature", "properties": { "scientificName": "Impatiens balfourii", "commonName": "Kashmir Balsam", "taxonGroup": "Plantae", "eventDate": "2019-08-16", "source": "iNaturalist", "recordStatus": "recent" }, "geometry": { "type": "Point", "coordinates": [ 372275.987010424840264, 4670372.843008975498378 ] } },
{ "type": "Feature", "properties": { "scientificName": "Clematis vitalba", "commonName": "Old man's beard", "taxonGroup": "Plantae", "eventDate": "2019-08-15", "source": "iNaturalist", "recordStatus": "recent" }, "geometry": { "type": "Point", "coordinates": [ 370516.51260104693938, 4670442.108715628273785 ] } },
{ "type": "Feature", "properties": { "scientificName": "Prunus spinosa", "commonName": "Blackthorn", "taxonGroup": "Plantae", "eventDate": "2019-08-15", "source": "iNaturalist", "recordStatus": "recent" }, "geometry": { "type": "Point", "coordinates": [ 370508.280435822554864, 4670453.015750276856124 ] } },
{ "type": "Feature", "properties": { "scientificName": "Carlina acanthifolia", "commonName": "Acanthus-leaved Carline-thistle", "taxonGroup": "Plantae", "eventDate": "2019-08-15", "source": "iNaturalist", "recordStatus": "recent" }, "geometry": { "type": "Point", "coordinates": [ 370176.219304611207917, 4670491.30427258554846 ] } },
{ "type": "Feature", "properties": { "scientificName": "Ephippigerida asella", "commonName": "Ephippigerida asella", "taxonGroup": "Insecta", "eventDate": "2019-08-13", "source": "iNaturalist", "recordStatus": "recent" }, "geometry": { "type": "Point", "coordinates": [ 370687.34397976793116, 4668376.186858767643571 ] } },
{ "type": "Feature", "properties": { "scientificName": "Anthus trivialis", "commonName": "Tree Pipit", "taxonGroup": "Aves", "eventDate": "2019-07-30", "source": "iNaturalist", "recordStatus": "recent" }, "geometry": { "type": "Point", "coordinates": [ 372714.360074234195054, 4669542.305466115474701 ] } },
{ "type": "Feature", "properties": { "scientificName": "Linaria cannabina", "commonName": "Eurasian Linnet", "taxonGroup": "Aves", "eventDate": "2019-07-30", "source": "iNaturalist", "recordStatus": "recent" }, "geometry": { "type": "Point", "coordinates": [ 370095.920549637754448, 4669819.719288267195225 ] } },
{ "type": "Feature", "properties": { "scientificName": "Calotriton asper", "commonName": "Pyrenean Brook Salamander", "taxonGroup": "Amphibia", "eventDate": "2019-06-24", "source": "iNaturalist", "recordStatus": "recent" }, "geometry": { "type": "Point", "coordinates": [ 369330.962296584504656, 4671304.17344524525106 ] } },
{ "type": "Feature", "properties": { "scientificName": "Hysteropterum vasconicum", "commonName": "Hysteropterum vasconicum", "taxonGroup": "Insecta", "eventDate": "2019-05-25", "source": "iNaturalist", "recordStatus": "recent" }, "geometry": { "type": "Point", "coordinates": [ 370405.118588406243362, 4671624.029293300583959 ] } },
{ "type": "Feature", "properties": { "scientificName": "Hysteropterum vasconicum", "commonName": "Hysteropterum vasconicum", "taxonGroup": "Insecta", "eventDate": "2019-05-25", "source": "iNaturalist", "recordStatus": "recent" }, "geometry": { "type": "Point", "coordinates": [ 370407.907496983010788, 4671631.100293443538249 ] } },
{ "type": "Feature", "properties": { "scientificName": "Hysteropterum vasconicum", "commonName": "Hysteropterum vasconicum", "taxonGroup": "Insecta", "eventDate": "2019-05-25", "source": "iNaturalist", "recordStatus": "recent" }, "geometry": { "type": "Point", "coordinates": [ 370407.399548460205551, 4671627.577601009979844 ] } },
{ "type": "Feature", "properties": { "scientificName": "Pogonognathellus longicornis", "commonName": "Pogonognathellus longicornis", "taxonGroup": "Animalia", "eventDate": "2019-05-25", "source": "iNaturalist", "recordStatus": "recent" }, "geometry": { "type": "Point", "coordinates": [ 370385.064310400339309, 4671594.495746823959053 ] } },
{ "type": "Feature", "properties": { "scientificName": "Primula veris", "commonName": "Cowslip", "taxonGroup": "Plantae", "eventDate": "2019-04-05", "source": "iNaturalist", "recordStatus": "recent" }, "geometry": { "type": "Point", "coordinates": [ 370638.639803208992817, 4668610.245585941709578 ] } },
{ "type": "Feature", "properties": { "scientificName": "Timon lepidus", "commonName": "Ocellated Lizard", "taxonGroup": "Reptilia", "eventDate": "2019-02-27", "source": "iNaturalist", "recordStatus": "recent" }, "geometry": { "type": "Point", "coordinates": [ 371773.079382666968741, 4672894.451915351673961 ] } },
{ "type": "Feature", "properties": { "scientificName": "Gyps fulvus", "commonName": "Eurasian Griffon", "taxonGroup": "Aves", "eventDate": "2019-02-07", "source": "iNaturalist", "recordStatus": "recent" }, "geometry": { "type": "Point", "coordinates": [ 369092.361128771794029, 4671569.272390314377844 ] } },
{ "type": "Feature", "properties": { "scientificName": "Timon lepidus", "commonName": "Ocellated Lizard", "taxonGroup": "Reptilia", "eventDate": "2018-09-14", "source": "iNaturalist", "recordStatus": "recent" }, "geometry": { "type": "Point", "coordinates": [ 368662.526864539482631, 4671162.332106295973063 ] } },
{ "type": "Feature", "properties": { "scientificName": "Mantis religiosa", "commonName": "European Mantis", "taxonGroup": "Insecta", "eventDate": "2018-09-14", "source": "iNaturalist", "recordStatus": "recent" }, "geometry": { "type": "Point", "coordinates": [ 370062.254138775926549, 4670337.863799101673067 ] } },
{ "type": "Feature", "properties": { "scientificName": "Vipera latastei latastei", "commonName": "Vipera latastei latastei", "taxonGroup": "Reptilia", "eventDate": "2018-09-08", "source": "iNaturalist", "recordStatus": "recent" }, "geometry": { "type": "Point", "coordinates": [ 368667.96363531856332, 4671350.046731437556446 ] } },
{ "type": "Feature", "properties": { "scientificName": "Mantis religiosa", "commonName": "European Mantis", "taxonGroup": "Insecta", "eventDate": "2018-08-12", "source": "iNaturalist", "recordStatus": "recent" }, "geometry": { "type": "Point", "coordinates": [ 370097.61247662542155, 4670411.983023187145591 ] } },
{ "type": "Feature", "properties": { "scientificName": "Raglius confusus", "commonName": "Raglius confusus", "taxonGroup": "Insecta", "eventDate": "2018-07-10", "source": "iNaturalist", "recordStatus": "recent" }, "geometry": { "type": "Point", "coordinates": [ 370071.970352280477528, 4670378.828153885900974 ] } },
{ "type": "Feature", "properties": { "scientificName": "Iberus splendidus", "commonName": "Splendid Helix", "taxonGroup": "Mollusca", "eventDate": "2018-07-10", "source": "iNaturalist", "recordStatus": "recent" }, "geometry": { "type": "Point", "coordinates": [ 369667.305020834028255, 4670354.507150386460125 ] } },
{ "type": "Feature", "properties": { "scientificName": "Erebia meolans", "commonName": "Piedmont Ringlet", "taxonGroup": "Insecta", "eventDate": "2018-07-10", "source": "iNaturalist", "recordStatus": "recent" }, "geometry": { "type": "Point", "coordinates": [ 370173.29955873178551, 4670490.004896407946944 ] } },
{ "type": "Feature", "properties": { "scientificName": "Clanoptilus elegans", "commonName": "Yellow-fronted Soft-winged Flower Beetle", "taxonGroup": "Insecta", "eventDate": "2018-07-10", "source": "iNaturalist", "recordStatus": "recent" }, "geometry": { "type": "Point", "coordinates": [ 370086.213618076581042, 4670382.09821037761867 ] } },
{ "type": "Feature", "properties": { "scientificName": "Nemophora metallica", "commonName": "Brassy Longhorn", "taxonGroup": "Insecta", "eventDate": "2018-07-10", "source": "iNaturalist", "recordStatus": "recent" }, "geometry": { "type": "Point", "coordinates": [ 369381.645816173695493, 4670246.749278007075191 ] } },
{ "type": "Feature", "properties": { "scientificName": "Turdus merula", "commonName": "Eurasian Blackbird", "taxonGroup": "Aves", "eventDate": "2018-06-07", "source": "iNaturalist", "recordStatus": "recent" }, "geometry": { "type": "Point", "coordinates": [ 370155.263098556315526, 4671199.511094484478235 ] } },
{ "type": "Feature", "properties": { "scientificName": "Dryocopus martius", "commonName": "Black Woodpecker", "taxonGroup": "Aves", "eventDate": "2018-05-28", "source": "iNaturalist", "recordStatus": "recent" }, "geometry": { "type": "Point", "coordinates": [ 372043.686098654288799, 4669159.698466451838613 ] } },
{ "type": "Feature", "properties": { "scientificName": "Linum narbonense", "commonName": "Beautiful Flax", "taxonGroup": "Plantae", "eventDate": "2018-05-14", "source": "iNaturalist", "recordStatus": "recent" }, "geometry": { "type": "Point", "coordinates": [ 370362.424291978182737, 4671612.907295209355652 ] } },
{ "type": "Feature", "properties": { "scientificName": "Leontodon hirtus", "commonName": "Leontodon hirtus", "taxonGroup": "Plantae", "eventDate": "2018-05-14", "source": "iNaturalist", "recordStatus": "recent" }, "geometry": { "type": "Point", "coordinates": [ 370210.178187964600511, 4670595.073592994362116 ] } },
{ "type": "Feature", "properties": { "scientificName": "Iris lutescens", "commonName": "Crimean iris", "taxonGroup": "Plantae", "eventDate": "2018-05-14", "source": "iNaturalist", "recordStatus": "recent" }, "geometry": { "type": "Point", "coordinates": [ 369995.990478383260779, 4670390.400128939189017 ] } },
{ "type": "Feature", "properties": { "scientificName": "Libelloides hispanicus", "commonName": "Libelloides hispanicus", "taxonGroup": "Insecta", "eventDate": "2018-05-14", "source": "iNaturalist", "recordStatus": "recent" }, "geometry": { "type": "Point", "coordinates": [ 370638.123995649977587, 4670315.421707133762538 ] } },
{ "type": "Feature", "properties": { "scientificName": "Senecio inaequidens", "commonName": "Narrow-leaved Ragwort", "taxonGroup": "Plantae", "eventDate": "2018-05-14", "source": "iNaturalist", "recordStatus": "recent" }, "geometry": { "type": "Point", "coordinates": [ 370055.057046164001804, 4670230.766437088139355 ] } },
{ "type": "Feature", "properties": { "scientificName": "Rupicapra pyrenaica", "commonName": "Pyrenean Chamois", "taxonGroup": "Mammalia", "eventDate": "2018-05-10", "source": "iNaturalist", "recordStatus": "recent" }, "geometry": { "type": "Point", "coordinates": [ 372526.125093528360594, 4671456.441021766513586 ] } },
{ "type": "Feature", "properties": { "scientificName": "Zamenis scalaris", "commonName": "Ladder Snake", "taxonGroup": "Reptilia", "eventDate": "2017-03-22", "source": "iNaturalist", "recordStatus": "recent" }, "geometry": { "type": "Point", "coordinates": [ 370250.671673170872964, 4670414.103179851546884 ] } },
{ "type": "Feature", "properties": { "scientificName": "Gypaetus barbatus barbatus", "commonName": "Eurasian Bearded Vulture", "taxonGroup": "Aves", "eventDate": "2016-08-24", "source": "iNaturalist", "recordStatus": "recent" }, "geometry": { "type": "Point", "coordinates": [ 372121.236694919876754, 4672664.969160875305533 ] } },
{ "type": "Feature", "properties": { "scientificName": "Aegypius monachus", "commonName": "Cinereous Vulture", "taxonGroup": "Aves", "eventDate": "2016-08-24", "source": "iNaturalist", "recordStatus": "recent" }, "geometry": { "type": "Point", "coordinates": [ 372121.236694919876754, 4672664.969160875305533 ] } },
{ "type": "Feature", "properties": { "scientificName": "Gyps fulvus fulvus", "commonName": "Eurasian griffon vulture", "taxonGroup": "Aves", "eventDate": "2016-08-24", "source": "iNaturalist", "recordStatus": "recent" }, "geometry": { "type": "Point", "coordinates": [ 369053.008231277926825, 4671532.901988797821105 ] } },
{ "type": "Feature", "properties": { "scientificName": "Valeriana officinalis", "commonName": "common valerian", "taxonGroup": "Plantae", "eventDate": "2016-06-08", "source": "iNaturalist", "recordStatus": "recent" }, "geometry": { "type": "Point", "coordinates": [ 370371.44903488579439, 4671651.791584606282413 ] } },
{ "type": "Feature", "properties": { "scientificName": "Campanula speciosa", "commonName": "Pyrenean Bellflower", "taxonGroup": "Plantae", "eventDate": "2016-06-08", "source": "iNaturalist", "recordStatus": "recent" }, "geometry": { "type": "Point", "coordinates": [ 369207.407311783288606, 4670075.217581846751273 ] } },
{ "type": "Feature", "properties": { "scientificName": "Salamandra salamandra", "commonName": "Fire Salamander", "taxonGroup": "Amphibia", "eventDate": "2013-10-23", "source": "iNaturalist", "recordStatus": "historic" }, "geometry": { "type": "Point", "coordinates": [ 368017.251499493955635, 4670364.837227204814553 ] } },
{ "type": "Feature", "properties": { "scientificName": "Salamandra salamandra", "commonName": "Fire Salamander", "taxonGroup": "Amphibia", "eventDate": "2013-10-23", "source": "iNaturalist", "recordStatus": "historic" }, "geometry": { "type": "Point", "coordinates": [ 368009.237757855793461, 4670364.876255077309906 ] } },
{ "type": "Feature", "properties": { "scientificName": "Plebejus argus", "commonName": "Silver-studded Blue", "taxonGroup": "Insecta", "eventDate": "2012-07-07", "source": "iNaturalist", "recordStatus": "historic" }, "geometry": { "type": "Point", "coordinates": [ 376548.340625077369623, 4671554.625399480573833 ] } },
{ "type": "Feature", "properties": { "scientificName": "Plebejus argus", "commonName": "Silver-studded Blue", "taxonGroup": "Insecta", "eventDate": "2012-07-07", "source": "iNaturalist", "recordStatus": "historic" }, "geometry": { "type": "Point", "coordinates": [ 376548.340625077369623, 4671554.625399480573833 ] } },
{ "type": "Feature", "properties": { "scientificName": "Pica pica", "commonName": "Eurasian Magpie", "taxonGroup": "Aves", "eventDate": "", "source": "iNaturalist", "recordStatus": "undated" }, "geometry": { "type": "Point", "coordinates": [ 368813.241312846075743, 4669637.706933825276792 ] } }
]
}
