{"type":"FeatureCollection","features":[{"type":"Feature","id":"INFRAVERD_ZONES_CONNECTORS.571","geometry":{"type":"MultiPolygon","coordinates":[[[[370600.6497,4661901.9703],[370611.3996,4661909.3503],[370665.0499,4661936.22],[370675.5158,4661955.764],[370681.1203,4661966.23],[370688.4805,4661994.1398],[370691.6267,4662000],[370737.9213,4662086.2298],[370737.7214,4662116.2298],[370726.5616,4662146.2198],[370721.6722,4662176.2199],[370748.3623,4662234.2598],[370747.8127,4662264.8098],[370746.7191,4662270.28],[370742.3425,4662292.1698],[370739.9933,4662349.8198],[370736.5238,4662364.9993],[370724.8138,4662416.2303],[370737.5142,4662446.2303],[370746.804,4662460.4704],[370752.8642,4662469.7602],[370758.3144,4662487.9952],[370763.7645,4662506.2301],[370746.4048,4662563.1505],[370760.3352,4662596.2203],[370785.7954,4662626.2302],[370791.4055,4662649.9102],[370787.7359,4662686.2202],[370761.3963,4662741.6404],[370764.452,4662750.4382],[370766.4462,4662756.1803],[370791.4066,4662787.7002],[370799.9968,4662806.2203],[370807.5572,4662865.0702],[370809.6874,4662872.2203],[370816.8375,4662896.2203],[370836.4078,4662927.08],[370855.2381,4662967.39],[370862.8699,4663000],[370866.4085,4663015.1201],[370858.3888,4663046.2303],[370873.9543,4663091.2302],[370889.5196,4663136.2302],[370879.0503,4663256.2305],[370861.4408,4663316.2206],[370856.0141,4663346.5422],[370851.4111,4663372.2607],[370821.4015,4663433.9911],[370828.8417,4663458.661],[370846.332,4663496.2311],[370847.9826,4663556.2211],[370842.6127,4663592.4311],[370826.2733,4663646.2214],[370826.6032,4663648.6413],[370810.7733,4663649.5013],[370808.5832,4663649.6913],[370805.1885,4663650.2793],[370805.0031,4663650.3114],[370801.5231,4663651.0316],[370798.933,4663651.3218],[370794.8533,4663651.5016],[370790.7331,4663651.6517],[370786.763,4663651.7817],[370782.7534,4663651.9216],[370781.0127,4663652.1472],[370778.6632,4663652.4516],[370774.3231,4663653.2518],[370771.3033,4663653.5818],[370767.5731,4663653.7618],[370763.8331,4663653.8818],[370761.9183,4663653.9268],[370760.0033,4663653.9718],[370756.183,4663654.0619],[370753.0131,4663654.172],[370749.9231,4663654.322],[370746.7134,4663654.732],[370743.5032,4663655.452],[370741.4032,4663656.3821],[370739.3132,4663657.5019],[370737.9232,4663657.8918],[370736.6033,4663658.0021],[370735.3832,4663658.082],[370732.8931,4663658.1821],[370730.1032,4663658.2321],[370727.3032,4663658.2822],[370724.4532,4663658.6422],[370721.7132,4663659.7422],[370720.203,4663660.7521],[370718.7132,4663661.9022],[370715.7932,4663664.1021],[370713.2031,4663665.7922],[370711.5165,4663666.9257],[370710.6731,4663667.4923],[370709.0286,4663668.6778],[370707.8431,4663669.5323],[370706.6662,4663670.3653],[370705.0032,4663671.5423],[370703.8183,4663672.3173],[370702.6334,4663673.0922],[370700.2331,4663674.6423],[370696.1133,4663677.2124],[370692.0533,4663679.7725],[370691.2835,4663680.3897],[370691.0932,4663680.5424],[370690.4633,4663681.2824],[370689.5531,4663682.7522],[370688.8329,4663683.5903],[370688.6933,4663683.7525],[370686.5033,4663686.1027],[370684.1133,4663688.6125],[370682.2634,4663690.0024],[370677.9333,4663692.3023],[370675.7269,4663693.4671],[370673.6134,4663694.5824],[370672.8042,4663695.0526],[370672.3065,4663695.3417],[370671.5133,4663695.8026],[370666.0192,4663698.9684],[370662.8533,4663700.7926],[370671.4135,4663728.9726],[370672.2057,4663747.1836],[370673.0338,4663766.2227],[370666.2235,4663789.4225],[370664.2242,4663796.2329],[370627.5249,4663885.1133],[370611.4148,4663910.1834],[370607.5849,4663931.2235],[370612.161,4664000],[370612.4675,4664004.6062],[370612.5757,4664006.2336],[370605.7358,4664036.2334],[370589.666,4664072.9738],[370594.2667,4664154.0839],[370592.487,4664182.3037],[370586.215,4664196.6058],[370585.9789,4664197.1442],[370577.6071,4664216.2341],[370506.4076,4664274.5148],[370509.0878,4664303.5548],[370518.788,4664336.2349],[370518.7887,4664336.375],[370518.9281,4664366.2349],[370507.839,4664454.8051],[370491.4193,4664509.3752],[370491.4194,4664529.2452],[370496.3547,4664552.7402],[370501.2899,4664576.2353],[370497.9638,4664590.1123],[370480.7605,4664661.8856],[370471.8481,4664682.7506],[370469.1806,4664688.9955],[370469.1236,4664689.8542],[370468.1507,4664704.4957],[370483.6712,4664741.2359],[370491.4211,4664755.7856],[370497.6714,4664786.2357],[370493.4516,4664816.2257],[370463.8223,4664906.2362],[370478.2623,4664936.2261],[370513.123,4664989.5261],[370514.3784,4665000],[370517.5232,4665026.236],[370519.9832,4665034.5458],[370495.4235,4665045.446],[370494.9032,4665045.9659],[370494.2134,4665046.6359],[370491.4333,4665049.0861],[370488.8734,4665050.7261],[370486.2733,4665052.346],[370485.4836,4665052.8872],[370483.7634,4665054.0662],[370481.1534,4665055.7562],[370478.2035,4665057.1064],[370475.2434,4665058.266],[370473.098,4665059.4331],[370472.8534,4665059.5661],[370471.5335,4665060.1662],[370470.4333,4665060.6663],[370467.0435,4665061.2363],[370463.5233,4665061.6663],[370459.9333,4665062.3163],[370456.4134,4665063.0064],[370452.8834,4665064.1164],[370449.4934,4665065.4164],[370447.1635,4665066.0362],[370444.6534,4665066.2763],[370442.1133,4665066.1766],[370440.2134,4665066.0065],[370438.3232,4665065.7965],[370436.8036,4665065.6066],[370435.2936,4665065.4165],[370433.2035,4665065.1365],[370431.1133,4665064.8465],[370429.0334,4665064.6366],[370426.9436,4665064.5766],[370424.8635,4665064.6066],[370422.7834,4665064.6664],[370421.4355,4665064.7144],[370420.5238,4665064.7466],[370419.049,4665064.7985],[370418.2432,4665064.8267],[370415.9933,4665064.8969],[370413.7136,4665064.9765],[370411.6132,4665065.0468],[370409.5534,4665065.1169],[370407.3034,4665065.3267],[370406.5502,4665065.4567],[370405.0435,4665065.7167],[370401.0736,4665066.5267],[370398.4974,4665067.1079],[370397.0834,4665067.4268],[370395.0634,4665067.9268],[370393.0435,4665068.4467],[370392.344,4665068.626],[370391.4034,4665068.8669],[370389.7633,4665069.3369],[370387.5534,4665070.1868],[370385.4834,4665071.197],[370383.5432,4665072.2269],[370381.6133,4665073.277],[370380.0334,4665074.1669],[370378.4432,4665075.057],[370376.5233,4665076.117],[370374.5932,4665077.1769],[370373.0134,4665078.077],[370371.4436,4665079.027],[370369.9569,4665079.9788],[370369.5535,4665080.237],[370369.2713,4665080.4377],[370367.6834,4665081.5666],[370366.0334,4665082.8771],[370364.3834,4665084.1872],[370362.7235,4665085.4671],[370361.0533,4665086.7272],[370359.3434,4665087.8071],[370357.5035,4665088.5871],[370355.6832,4665089.0271],[370353.7934,4665089.2372],[370352.1035,4665089.327],[370351.5124,4665089.3515],[370350.4036,4665089.3973],[370348.1649,4665089.4757],[370348.1235,4665089.4771],[370345.8735,4665089.5372],[370343.9635,4665089.5572],[370343.0286,4665089.5672],[370342.0936,4665089.5772],[370340.9636,4665089.5872],[370339.8335,4665089.5973],[370338.6935,4665089.6073],[370337.5534,4665089.6173],[370337.5235,4665089.6178],[370335.6637,4665089.6472],[370333.7733,4665089.6772],[370331.8936,4665089.6972],[370329.9934,4665089.7073],[370327.9236,4665089.7275],[370325.8333,4665089.7374],[370323.9434,4665089.7573],[370322.0534,4665089.7874],[370321.9859,4665089.7896],[370319.9536,4665089.8572],[370317.8734,4665089.9374],[370315.9335,4665090.0175],[370314.0634,4665090.1176],[370313.03,4665090.3045],[370312.1835,4665090.4576],[370311.6852,4665090.6095],[370310.3132,4665091.0275],[370308.5105,4665091.6817],[370308.2737,4665091.7676],[370306.2435,4665092.4972],[370304.3433,4665092.8674],[370303.923,4665092.9614],[370302.4634,4665093.2877],[370301.0432,4665093.7994],[370300.2433,4665094.0876],[370298.0335,4665094.8976],[370296.0034,4665095.6276],[370293.9733,4665096.3476],[370292.2234,4665096.8676],[370290.5033,4665097.1078],[370285.4333,4665097.1078],[370283.3936,4665097.2175],[370281.6535,4665097.3298],[370281.5334,4665097.3376],[370279.7384,4665097.4527],[370277.9433,4665097.5678],[370275.3533,4665097.7177],[370273.6934,4665097.7878],[370272.3869,4665097.8252],[370272.2114,4665097.8302],[370271.5933,4665097.8478],[370269.4936,4665097.9276],[370265.4733,4665098.1578],[370267.2634,4665115.3879],[370285.242,4665142.6696],[370292.706,4665153.9958],[370303.014,4665169.6378],[370309.6341,4665189.4476],[370310.1823,4665192.2196],[370312.9542,4665206.2379],[370310.1846,4665266.2277],[370318.505,4665296.2379],[370331.6252,4665321.0277],[370371.4255,4665361.9676],[370380.4859,4665386.2375],[370376.746,4665416.2376],[370345.8567,4665506.238],[370339.4868,4665536.2382],[370346.6071,4665566.228],[370368.6073,4665584.0477],[370380.4792,4665589.9016],[370416.4275,4665607.6275],[370442.2477,4665626.2375],[370449.8204,4665637.8449],[370461.4278,4665655.6372],[370477.609,4665791.2374],[370467.4996,4665875.1576],[370486.0501,4665926.2275],[370489.6404,4665986.2377],[370506.4208,4666014.1475],[370536.431,4666045.6077],[370578.8311,4666067.9771],[370578.8312,4666067.9771],[370578.8318,4666067.9764],[370578.8319,4666067.9763],[370578.832,4666067.9762],[370636.8779,4666000],[370648.6307,4665986.2365],[370704.7604,4665944.5658],[370713.1403,4665922.9459],[370704.0177,4665846.5963],[370702.7797,4665836.2357],[370704.1294,4665806.2256],[370716.4289,4665729.4656],[370732.0088,4665686.2252],[370734.7784,4665656.2353],[370734.4448,4665653.2186],[370731.4281,4665625.9451],[370741.4279,4665591.2352],[370744.6463,4665584.922],[370754.1778,4665566.2249],[370744.1074,4665536.2351],[370716.0072,4665505.8152],[370702.9372,4665476.2249],[370701.7967,4665446.2352],[370706.0965,4665416.2352],[370713.4114,4665401.2351],[370720.7263,4665386.235],[370734.3862,4665371.2347],[370751.3659,4665356.2245],[370806.4259,4665324.6842],[370821.456,4665311.224],[370835.6561,4665295.4639],[370836.4256,4665279.4738],[370836.4255,4665265.1838],[370818.7155,4665236.234],[370776.4249,4665194.3741],[370761.4148,4665171.3942],[370755.7045,4665136.9443],[370757.1544,4665116.2343],[370772.7038,4665052.514],[370785.7038,4665026.2339],[370835.5912,4665000],[370842.7537,4664996.2335],[370866.4234,4664978.3031],[370875.6934,4664966.2331],[370876.3117,4664962.4998],[370880.6632,4664936.2231],[370873.7227,4664891.223],[370872.8932,4664869.1377],[370872.0326,4664846.2229],[370891.2123,4664801.2227],[370895.4345,4664778.7226],[370896.842,4664771.2226],[370897.3317,4664755.3125],[370880.1311,4664666.2326],[370883.681,4664636.2326],[370931.2801,4664516.2219],[370958.4799,4664484.1615],[370971.4197,4664483.4916],[370972.9896,4664449.6515],[370974.1495,4664443.4814],[370974.6611,4664433.2099],[370974.6894,4664432.6417],[370974.8793,4664420.3614],[370977.7091,4664390.7513],[370980.4186,4664326.2313],[370981.6887,4664310.1211],[370983.3684,4664274.6312],[370984.4081,4664251.1412],[370986.8077,4664214.351],[370992.1378,4664181.2909],[370994.4399,4664158.4833],[370995.2073,4664150.8808],[370994.8972,4664144.4157],[370994.5872,4664137.9507],[370993.7169,4664103.9509],[370992.3867,4664060.4209],[370994.1965,4664037.1609],[370999.2962,4664004.4308],[370999.5378,4664000],[370999.9261,4663992.8806],[371000,4663988.7898],[371000.5759,4663956.9107],[371000.4055,4663911.5204],[371000,4663903.4446],[370999.7156,4663897.7806],[370998.9512,4663889.1892],[370998.8152,4663887.6604],[370994.3452,4663877.3405],[370985.2752,4663860.8103],[370971.365,4663845.0207],[370959.6048,4663829.6507],[370951.2646,4663816.7511],[370944.0748,4663805.6307],[370933.5539,4663781.6498],[370932.2645,4663778.7109],[370927.7491,4663760.4978],[370925.4542,4663751.2411],[370955.3062,4663747.7887],[370956.4142,4663747.6606],[371000,4663747.9436],[371016.4143,4663748.0502],[371012.5441,4663732.9402],[371000,4663715.6973],[370977.6537,4663684.9804],[370958.9436,4663643.6903],[370971.4122,4663492.0701],[370971.4753,4663491.7888],[370973.8743,4663481.0892],[370978.8922,4663458.7101],[370983.5027,4663450.8253],[370986.4121,4663445.8498],[371000,4663424.3836],[371003.0219,4663419.6096],[371017.5516,4663377.3694],[371036.6212,4663346.2193],[371039.1805,4663256.2293],[371053.0103,4663196.229],[371061.4101,4663175.8987],[371069.9699,4663159.7888],[371106.4097,4663116.7484],[371136.3997,4663090.4881],[371149.5096,4663083.358],[371162.6194,4663076.2281],[371136.3993,4663041.8381],[371101.739,4663016.2183],[371093.0699,4663000],[371085.7086,4662986.2285],[371080.2279,4662892.3983],[371086.2375,4662836.2283],[371063.947,4662776.2282],[371058.7267,4662746.2283],[371059.3861,4662656.2282],[371059.7677,4662651.6301],[371064.3657,4662596.218],[371068.925,4662582.8176],[371075.0356,4662564.858],[371096.3454,4662551.2176],[371225.4351,4662492.6265],[371199.0348,4662473.5868],[371106.4045,4662426.1672],[371063.2739,4662386.2277],[371061.6439,4662379.4176],[371060.0139,4662372.6074],[371055.604,4662356.2176],[371067.9183,4662338.4719],[371076.4636,4662326.1575],[371158.7734,4662273.8466],[371171.0432,4662261.5766],[371173.4331,4662243.2566],[371166.4031,4662231.3366],[371106.4027,4662199.9968],[371091.4026,4662184.7671],[371083.1827,4662169.4369],[371087.1195,4662107.0295],[371088.4318,4662086.2271],[371109.0413,4662023.5766],[371110.6713,4662000.4967],[371110.464,4662000],[371106.4012,4661990.2667],[371060.5108,4661936.217],[371033.8151,4661865.857],[371007.1194,4661795.4971],[371000,4661784.7567],[370981.089,4661756.2274],[370968.619,4661726.2174],[370969.1988,4661696.2273],[370954.1619,4661638.4384],[370945.778,4661606.2175],[370944.1011,4661577.8107],[370944.0076,4661576.2273],[370949.9771,4661522.6373],[370956.3971,4661502.477],[370958.6061,4661499.8613],[370963.8374,4661493.667],[370986.3971,4661478.4267],[370988.1872,4661478.9468],[370990.4871,4661461.8668],[370992.287,4661447.2467],[370995.0403,4661436.1343],[370997.5969,4661425.8166],[371000,4661414.1427],[371000.1018,4661413.6482],[371001.0965,4661408.8165],[371001.1344,4661408.7207],[371002.9835,4661404.0511],[371010.1564,4661385.9365],[371022.6163,4661359.5663],[371046.3557,4661288.2861],[371052.7959,4661274.1959],[371063.4257,4661262.4559],[371074.8356,4661250.9358],[371082.3555,4661238.0756],[371083.1165,4661234.4497],[371083.7553,4661231.4059],[371106.3955,4661251.4555],[371129.7758,4661282.8356],[371231.3663,4661336.2248],[371280.5567,4661372.0544],[371295.3467,4661375.1743],[371323.8167,4661373.6441],[371350.3167,4661381.2239],[371379.8638,4661414.1266],[371406.3974,4661443.6737],[371408.8374,4661441.0235],[371401.5067,4661340.2635],[371400.4965,4661306.8435],[371402.956,4661260.8533],[371383.5158,4661260.8534],[371360.3061,4661253.1137],[371360.3242,4661251.305],[371382.6259,4661260.1434],[371403.0182,4661259.692],[371428.726,4661259.1231],[371466.126,4661253.4828],[371523.4458,4661202.2023],[371535.1657,4661194.5124],[371547.2956,4661180.7523],[371574.3951,4661106.3017],[371579.2449,4661062.6016],[371588.5445,4661044.7917],[371605.5247,4661039.1314],[371658.0949,4661029.421],[371735.7348,4661033.4603],[371751.5046,4661026.1805],[371773.87,4661000],[371775.4845,4660998.1101],[371781.3645,4660980.6599],[371791.5543,4660961.63],[371819.1842,4660931.9396],[371835.4841,4660928.5395],[371868.6586,4660933.3451],[371890.2944,4660936.4793],[371907.2743,4660928.769],[371920.1842,4660914.9488],[372039.0841,4660878.4778],[372065.274,4660863.9177],[372074.454,4660850.0274],[372093.4737,4660794.4774],[372104.6734,4660779.4671],[372121.4635,4660771.6275],[372139.1434,4660769.8369],[372159.0634,4660771.1869],[372195.1137,4660783.2764],[372278.8336,4660781.0358],[372296.2938,4660778.7958],[372347.3337,4660757.7353],[372382.2535,4660736.2349],[372405.9233,4660710.4548],[372428.5731,4660680.3747],[372443.4032,4660665.9146],[372501.1825,4660579.1939],[372511.7221,4660523.3237],[372525.002,4660510.0436],[372588.942,4660482.5031],[372601.8817,4660464.7931],[372604.2615,4660416.0729],[372613.7914,4660404.1527],[372623.3101,4660403.1445],[372636.2615,4660401.7726],[372654.6516,4660414.3723],[372672.0117,4660431.4023],[372695.5018,4660438.2222],[372730.9018,4660441.2818],[372784.0116,4660419.1415],[372804.7817,4660390.5212],[372818.7415,4660374.8512],[372831.3314,4660365.6612],[372843.5914,4660359.8609],[372863.3313,4660356.4609],[372882.7415,4660355.7806],[372930.3017,4660363.4403],[372939.9817,4660362.2304],[372965.3916,4660352.5401],[372997.6615,4660339.6298],[372997.7509,4660339.5845],[373000,4661000],[373000,4662000],[374000,4662000],[374000,4663000],[375000,4663000],[375000,4662000],[375000,4661000],[376000,4661000],[376000,4662000],[377000,4662000],[377000,4661000],[378000,4661000],[378000,4660000],[379000,4660000],[379000,4659000],[378000,4659000],[377000,4659000],[377000,4658000],[376000,4658000],[376000,4657000],[375000,4657000],[374000,4657000],[374000,4656000],[375000,4656000],[376000,4656000],[377000,4656000],[378000,4656000],[378000,4655000],[377000,4655000],[377000,4654000],[378000,4654000],[379000,4654000],[380000,4654000],[380000,4653000],[381000,4653000],[382000,4653000],[382135.0217,4653003.9586],[382148.4943,4653014.7413],[382160.9545,4653027.2113],[382171.3451,4653043.8409],[382179.6552,4653064.6204],[382181.7358,4653083.33],[382190.0461,4653099.9598],[382221.2069,4653129.0593],[382237.8272,4653137.3689],[382252.3675,4653149.8386],[382262.7576,4653164.3884],[382264.8379,4653183.088],[382260.6783,4653203.8778],[382252.3684,4653222.5875],[382239.9085,4653241.2876],[382221.2089,4653278.697],[382219.129,4653297.4069],[382219.1293,4653318.1864],[382225.3595,4653336.896],[382250.8205,4653374.8153],[382257.0505,4653391.445],[382261.201,4653410.1448],[382269.5113,4653416.3847],[382277.8216,4653433.0141],[382288.2118,4653447.5541],[382296.5225,4653466.2636],[382306.9126,4653482.8932],[382319.3732,4653516.1427],[382327.6837,4653532.7725],[382327.6839,4653551.4822],[382335.9943,4653590.9718],[382337.635,4653628.2209],[382343.2555,4653661.6305],[382357.8062,4653694.89],[382380.6567,4653723.9894],[382397.2772,4653736.459],[382407.6574,4653751.0086],[382415.9678,4653767.6284],[382428.4381,4653784.2581],[382455.4488,4653809.1975],[382469.9894,4653825.8272],[382505.3004,4653875.7065],[382517.7713,4653911.0457],[382519.8513,4653929.7454],[382540.6225,4653983.7844],[382540.6227,4654000],[382540.6227,4654002.4942],[382536.4629,4654023.274],[382538.5432,4654046.1437],[382542.7035,4654064.8433],[382555.1638,4654077.3131],[382571.7842,4654110.5724],[382578.015,4654147.9819],[382584.2556,4654166.6917],[382609.176,4654193.7111],[382642.4168,4654210.3305],[382656.9671,4654222.8005],[382675.658,4654256.0599],[382675.6582,4654274.7596],[382663.1989,4654332.9587],[382661.1192,4654351.6685],[382667.3492,4654368.2882],[382686.0496,4654374.528],[382705.3198,4654375.7479],[382728.85,4654373.6078],[382748.1004,4654375.7477],[382767.3508,4654384.3073],[382780.1911,4654397.1472],[382788.7414,4654414.2669],[382814.4122,4654442.0864],[382831.5324,4654448.5062],[382844.3627,4654461.3559],[382848.6434,4654499.8753],[382859.3439,4654534.1148],[382872.1743,4654546.9545],[382887.1547,4654557.6643],[382906.405,4654566.2242],[382934.2157,4654594.0434],[382949.186,4654604.7433],[382983.4165,4654613.3029],[383000,4654611.4594],[383000.0001,4654611.4593],[383002.6668,4654611.1629],[383041.1773,4654615.4426],[383058.2877,4654619.7225],[383075.3979,4654628.2826],[383088.2384,4654641.1219],[383094.6585,4654660.3919],[383109.629,4654675.3714],[383128.8795,4654683.9313],[383146,4654688.2112],[383163.1101,4654698.911],[383175.9505,4654713.8906],[383197.3413,4654745.9901],[383212.3115,4654756.6998],[383263.6527,4654786.6591],[383282.903,4654793.079],[383323.5539,4654801.6386],[383340.6639,4654810.1983],[383357.7845,4654823.0382],[383370.6146,4654835.8779],[383392.0058,4654889.3868],[383400.5659,4654906.5067],[383411.2665,4654921.4864],[383426.2369,4654934.3264],[383445.4874,4654947.1761],[383483.9978,4654947.1759],[383501.108,4654955.7357],[383509.6684,4654972.8553],[383516.4471,4655000],[383518.219,4655007.0952],[383546.0297,4655032.7744],[383567.4203,4655043.4841],[383640.7118,4655079.8635],[383685.6328,4655116.243],[383760.5044,4655152.6323],[383811.8456,4655184.7318],[383848.2164,4655199.7116],[383865.3269,4655210.4113],[383890.9978,4655240.3809],[383938.059,4655278.9002],[383972.2896,4655296.02],[384000,4655306.8015],[384010.7903,4655310.9997],[384070.6918,4655353.809],[384111.3325,4655355.9488],[384128.453,4655362.3688],[384160.5437,4655383.7685],[384175.5139,4655396.6083],[384188.3545,4655411.5882],[384222.5751,4655430.8578],[384241.8253,4655430.8577],[384258.9458,4655437.2776],[384295.3066,4655458.6773],[384308.1468,4655471.5171],[384310.2875,4655490.7769],[384315.9379,4655506.3865],[384323.1177,4655522.8764],[384340.2385,4655537.8661],[384350.929,4655572.1056],[384357.9693,4655587.5456],[384370.19,4655623.995],[384383.0214,4655698.9041],[384383.0219,4655737.4233],[384378.5057,4655760.0264],[384370.1926,4655801.6326],[384370.1931,4655842.3024],[384372.3234,4655861.5619],[384376.6038,4655878.6815],[384385.1642,4655900.0813],[384391.5847,4655938.6107],[384391.585,4655957.8706],[384387.3053,4655974.9903],[384383.0259,4656013.5098],[384385.1664,4656058.4592],[384391.587,4656096.9787],[384397.9974,4656114.0985],[384402.2776,4656133.3683],[384423.6688,4656186.8677],[384442.9305,4656276.756],[384449.3412,4656338.8256],[384447.2115,4656360.2251],[384440.7917,4656381.6248],[384434.3723,4656426.5743],[384436.5128,4656450.1139],[384436.5136,4656507.8934],[384442.9347,4656569.9625],[384439.7349,4656600.4522],[384439.7358,4656660.3814],[384441.8761,4656679.641],[384452.5668,4656713.8806],[384480.3779,4656769.5301],[384486.7981,4656788.7899],[384488.9384,4656808.0498],[384488.9387,4656850.8599],[384493.2187,4656872.2598],[384510.3293,4656908.64],[384514.6096,4656927.91],[384514.6099,4656966.43],[384512.4698,4656987.8301],[384513.1103,4657000],[384514.6103,4657028.5001],[384512.4702,4657047.7602],[384506.0503,4657064.88],[384495.3604,4657079.8602],[384480.3801,4657094.8405],[384461.1301,4657129.0901],[384444.0201,4657167.6103],[384437.6,4657186.8702],[384435.4602,4657208.2704],[384435.4603,4657227.5404],[384439.7407,4657268.2004],[384439.7411,4657330.2703],[384435.4613,4657373.0706],[384431.1815,4657392.3305],[384431.1817,4657415.8805],[384435.4618,4657437.2806],[384446.1621,4657458.6807],[384456.8527,4657497.2008],[384451.0431,4657592.1205],[384450.9434,4657617.5006],[384467.654,4657694.8109],[384473.9141,4657711.5308],[384482.2647,4657749.1408],[384482.2649,4657767.9408],[384478.0949,4657786.7508],[384467.6549,4657826.451],[384459.295,4657845.251],[384436.3247,4657876.591],[384394.5544,4657918.3813],[384377.8443,4657951.8114],[384365.3142,4657985.2414],[384362.0376,4658000],[384356.9643,4658022.8514],[384350.6946,4658039.5718],[384346.5145,4658060.4615],[384340.2546,4658077.1813],[384319.3644,4658114.7916],[384302.6643,4658152.4016],[384300.5746,4658171.2017],[384294.3045,4658187.9218],[384283.8647,4658204.6317],[384269.2444,4658238.0618],[384240.0044,4658290.3021],[384235.8343,4658309.1021],[384233.7447,4658350.8921],[384240.0051,4658388.5021],[384240.0053,4658428.2023],[384246.2757,4658469.9924],[384267.1563,4658524.3122],[384271.3365,4658545.2124],[384267.1567,4658582.8222],[384260.8966,4658599.5324],[384254.7667,4658626.5424],[384256.597,4658662.1226],[384251.1776,4658744.2525],[384244.2278,4658799.8827],[384244.228,4658818.4227],[384248.8581,4658857.8227],[384253.4885,4658881.0028],[384267.3887,4658918.0828],[384272.0191,4658936.6227],[384274.3394,4658976.0229],[384280.6839,4659000],[384295.1903,4659054.8228],[384295.1904,4659073.363],[384288.2406,4659112.7632],[384288.2407,4659131.3031],[384292.8712,4659170.703],[384292.8715,4659207.7931],[384295.1914,4659226.3333],[384311.4118,4659258.7733],[384332.2628,4659316.723],[384339.2131,4659353.8029],[384339.2133,4659372.343],[384355.4238,4659448.8231],[384373.9644,4659485.9131],[384378.5948,4659506.7631],[384378.595,4659525.3131],[384417.9761,4659615.6929],[384441.8426,4659637.5843],[384440.8569,4659631.5029],[384433.2563,4659590.9228],[384428.1859,4659555.413],[384428.3858,4659535.4032],[384431.3357,4659510.5327],[384435.7855,4659484.403],[384481.4152,4659324.6323],[384486.4854,4659306.8722],[384489.0253,4659294.1924],[384486.485,4659256.1524],[384486.4848,4659218.1122],[384478.8833,4659068.4822],[384483.9534,4659032.9719],[384493.9813,4659000],[384501.6936,4658974.642],[384527.0435,4658941.6718],[384544.7937,4658926.4619],[384552.3937,4658896.0217],[384572.673,4658786.9715],[384572.6728,4658754.0014],[384585.3531,4658698.2014],[384603.0926,4658667.7714],[384620.8431,4658637.3413],[384620.8425,4658550.4712],[384620.8421,4658494.6712],[384623.372,4658476.9213],[384628.812,4658471.0112],[384636.0521,4658464.2411],[384701.9527,4658416.0507],[384706.4329,4658403.7409],[384712.0927,4658395.7606],[384772.9338,4658357.7206],[384790.6836,4658337.4305],[384821.1039,4658296.8603],[384829.4238,4658263.7503],[384836.3136,4658225.8404],[384836.5337,4658216.7104],[384833.7735,4658208.0904],[384810.9628,4658172.5903],[384805.3729,4658157.3906],[384803.3524,4658142.1504],[384802.6426,4658119.6604],[384803.1824,4658100.5204],[384805.8922,4658081.2902],[384835.4389,4658000],[384846.4519,4657969.7004],[384854.052,4657939.2603],[384851.5219,4657913.9001],[384846.4513,4657878.4003],[384846.4503,4657751.5901],[384846.3703,4657724.9801],[384848.9802,4657711.0101],[384862.7602,4657692.1703],[384869.2605,4657680.58],[384874.3304,4657660.2899],[384884.4703,4657624.7801],[384889.0001,4657616.15],[384894.47,4657607.4],[384902.2203,4657599.4198],[384937.7106,4657571.5201],[384943.6608,4657565.2898],[384947.8507,4657556.3098],[384949.1305,4657551.0798],[384947.8506,4657546.1598],[384942.0204,4657536.3097],[384932.6405,4657528.4097],[384904.7497,4657518.27],[384898.2896,4657511.6999],[384892.0794,4657503.0499],[384889.5393,4657495.4398],[384907.2888,4657383.8499],[384919.9579,4657236.1097],[384912.3574,4657198.0699],[384897.1474,4657147.3497],[384881.9366,4657114.3798],[384875.8762,4657096.3901],[384871.7959,4657076.3399],[384873.1461,4657064.1198],[384876.8659,4657053.5097],[384897.1463,4657005.3298],[384902.6837,4657000],[384902.6838,4656999.9999],[384905.946,4656996.8599],[384922.4961,4656985.0398],[384947.8464,4656967.2896],[384952.9565,4656959.1197],[384952.9165,4656949.5296],[384942.776,4656924.1699],[384984.1125,4656987.7028],[384988.4073,4656997.7196],[384990.6375,4657000],[384995.0475,4657004.5095],[385000,4657008.489],[385008.6876,4657015.4697],[385014.7181,4657020.9197],[385018.828,4657028.1496],[385021.278,4657037.8695],[385021.3581,4657050.9795],[385013.7583,4657076.3397],[385000,4657099.2791],[384998.5482,4657101.6997],[384996.688,4657108.9597],[384998.5483,4657116.9197],[385000,4657120.1145],[385023.899,4657172.7095],[385041.6396,4657208.2196],[385051.78,4657228.5095],[385052.99,4657239.2393],[385051.7802,4657251.3295],[385039.1102,4657290.0196],[385016.2902,4657348.3497],[385015.2703,4657355.1797],[385016.2902,4657366.0997],[385019.4806,4657389.8698],[385021.3607,4657411.7498],[385020.1908,4657428.9999],[385021.3609,4657439.6497],[385025.1111,4657450.3297],[385031.5013,4657459.9397],[385079.6726,4657528.4095],[385089.2129,4657537.3694],[385102.483,4657546.1596],[385107.8033,4657560.6196],[385112.6235,4657586.7394],[385115.1636,4657601.9595],[385123.0839,4657613.7798],[385132.9042,4657624.7796],[385150.6546,4657647.6095],[385168.3952,4657703.3995],[385188.6758,4657731.2995],[385198.816,4657759.1994],[385201.3566,4657804.8494],[385203.8875,4657911.3695],[385203.8878,4657949.4093],[385206.4278,4657967.1593],[385215.5431,4658000],[385219.0984,4658012.8093],[385221.6387,4658038.1693],[385221.6389,4658073.6794],[385229.2392,4658093.9694],[385246.9897,4658132.0091],[385254.5901,4658147.219],[385257.2402,4658158.2889],[385257.1302,4658170.0491],[385236.8501,4658195.4092],[385178.5396,4658261.3492],[385173.4695,4658276.5693],[385176.0098,4658291.7792],[385186.15,4658324.7494],[385186.1509,4658446.4894],[385189.5011,4658450.4694],[385193.7513,4658454.0993],[385205.4416,4658455.7793],[385216.5715,4658451.5593],[385236.8519,4658428.7292],[385285.012,4658339.9691],[385305.2921,4658322.2188],[385320.5023,4658309.5389],[385350.9224,4658258.809],[385361.5024,4658250.6389],[385371.2025,4658246.1289],[385383.4128,4658241.9988],[385394.013,4658241.0588],[385407.3233,4658244.6589],[385421.9037,4658251.2087],[385449.7842,4658271.4888],[385470.0647,4658304.4584],[385479.7149,4658313.7585],[385492.8852,4658322.2183],[385514.9155,4658333.0283],[385525.8357,4658339.9684],[385548.6566,4658367.8682],[385564.3869,4658392.3382],[385569.0372,4658402.3082],[385569.7069,4658412.2682],[385566.3972,4658423.6583],[385567.7072,4658431.5381],[385571.4674,4658438.8783],[385584.1477,4658443.9481],[385599.3582,4658451.5581],[385614.5685,4658469.308],[385632.3087,4658481.9881],[385655.1293,4658499.748],[385677.9399,4658527.6379],[385708.3608,4658570.7577],[385716.4708,4658579.6978],[385726.111,4658586.6176],[385746.3914,4658589.1475],[385756.9816,4658596.9775],[385761.6021,4658604.3674],[385776.8124,4658629.7273],[385789.4829,4658660.1573],[385819.9041,4658776.817],[385821.0443,4658780.8871],[385822.9444,4658783.5071],[385826.5044,4658784.2171],[385830.0445,4658781.897],[385834.1044,4658777.797],[385837.6544,4658771.747],[385850.3243,4658733.7071],[385852.6344,4658731.467],[385855.3946,4658731.167],[385858.5746,4658733.8371],[385860.4646,4658738.7769],[385868.0748,4658771.7469],[385885.8159,4658830.0769],[385911.1666,4658878.2667],[385959.3379,4658951.8164],[385987.2187,4658979.7061],[385992.5386,4658985.8363],[385994.8189,4658992.3962],[385993.0656,4659000],[385987.2191,4659025.3563],[385984.6792,4659043.1163],[385986.3592,4659051.8962],[385990.1592,4659059.0261],[385994.8195,4659063.4062],[386000,4659067.2158],[386006.3098,4659071.8559],[386022.7101,4659081.156],[386098.7617,4659111.5855],[386101.2919,4659119.1956],[386100.8418,4659125.5655],[386096.2217,4659131.8757],[386020.1708,4659159.7758],[386011.0607,4659167.386],[386004.9606,4659177.5259],[386001.5605,4659194.1159],[386000,4659211.8008],[385999.891,4659213.0361],[386000,4659214.0531],[386007.5016,4659284.0458],[386012.0116,4659292.9656],[386020.172,4659301.7957],[386050.5927,4659322.0853],[386068.343,4659332.2354],[386074.2432,4659339.5452],[386075.9432,4659347.4455],[386073.413,4659355.0555],[386048.0631,4659385.4855],[386044.8331,4659392.3755],[386042.6729,4659399.9555],[386044.1132,4659416.5454],[386047.3533,4659425.9354],[386085.5844,4659472.4852],[386087.7546,4659477.8952],[386087.0344,4659484.7452],[386067.9143,4659510.3652],[386067.5543,4659515.4155],[386068.6345,4659520.1152],[386073.6846,4659524.4452],[386078.9948,4659525.6051],[386086.0848,4659524.9753],[386094.965,4659521.9154],[386103.835,4659517.3648],[386108.3152,4659510.7249],[386114.805,4659497.375],[386118.4149,4659487.6351],[386119.045,4659479.325],[386124.1147,4659433.6752],[386128.8748,4659421.7649],[386134.2548,4659413.3849],[386144.3527,4659404.5469],[386154.535,4659395.6349],[386156.9008,4659388.5318],[386271.0746,4659242.8124],[386282.4062,4659238.0146],[386329.4467,4659218.1044],[386337.6468,4659217.4045],[386344.657,4659220.6443],[386351.8968,4659226.9046],[386357.3372,4659235.8543],[386359.4974,4659244.4945],[386359.8675,4659253.6143],[386349.7275,4659284.0443],[386349.9975,4659296.7644],[386357.3379,4659327.1543],[386367.4784,4659355.0542],[386370.0087,4659380.414],[386367.4791,4659441.2837],[386359.8694,4659481.8639],[386357.3394,4659497.0739],[386361.8696,4659507.8937],[386370.0099,4659517.3636],[386387.7602,4659527.5137],[386410.5707,4659535.1235],[386421.731,4659540.6935],[386430.8507,4659547.8032],[386448.6016,4659573.1634],[386460.442,4659588.6932],[386462.342,4659596.7732],[386461.2721,4659606.1335],[386443.5322,4659639.103],[386428.3221,4659666.9931],[386426.9522,4659676.6132],[386427.432,4659687.5432],[386430.852,4659699.9632],[386446.0627,4659722.793],[386468.8838,4659786.1927],[386481.5545,4659844.5226],[386491.6947,4659859.7426],[386507.435,4659878.0322],[386513.4854,4659896.2024],[386517.5257,4659912.3524],[386520.7658,4659917.0924],[386527.6159,4659920.4322],[386534.5461,4659919.4622],[386660.5608,4659797.272],[386683.0076,4659797.2719],[386695.108,4659795.2515],[386703.1881,4659787.1816],[386705.1979,4659779.1015],[386699.1477,4659760.9318],[386698.8649,4659760.1304],[386735.5015,4659724.6058],[386739.5082,4659726.6115],[386751.6184,4659722.5714],[386779.8685,4659704.4015],[386832.3394,4659692.2913],[386890.8604,4659692.291],[386919.121,4659688.2509],[386927.031,4659683.5006],[386933.2411,4659678.1506],[386943.1811,4659665.4407],[386948.4112,4659654.9807],[386951.4109,4659647.8708],[386951.7312,4659640.7307],[386951.4108,4659635.7607],[386929.2102,4659587.3009],[386917.0997,4659557.0213],[386915.9311,4659549.6522],[387000,4659468.1348],[387005.8905,4659466.1708],[387018.7107,4659460.9608],[387030.1107,4659452.0308],[387035.3411,4659441.4809],[387038.1806,4659429.8209],[387044.2304,4659367.2409],[387038.1798,4659340.9912],[387030.1095,4659318.7813],[387036.1597,4659306.6712],[387064.4198,4659276.3815],[387102.7602,4659231.9713],[387139.0804,4659195.631],[387150.7804,4659188.171],[387161.2807,4659185.531],[387181.461,4659193.611],[387235.9523,4659238.0206],[387258.1529,4659244.0804],[387272.3931,4659246.1503],[387288.4236,4659244.0803],[387320.7139,4659231.9704],[387347.4442,4659228.09],[387374.0446,4659227.14],[387395.375,4659231.9701],[387405.4655,4659248.1202],[387433.7265,4659320.7996],[387463.9974,4659340.9893],[387482.1578,4659351.0891],[387494.2679,4659347.0489],[387518.4782,4659318.7791],[387548.7484,4659308.689],[387570.9489,4659296.569],[387603.2391,4659258.2089],[387609.2989,4659236.009],[387621.3986,4659179.4791],[387635.5287,4659157.2692],[387661.7588,4659128.9991],[387702.1294,4659108.8091],[387740.4699,4659098.7189],[387750.5598,4659092.6589],[387760.65,4659070.4488],[387772.7599,4659046.229],[387774.7794,4659026.039],[387773.4967,4658999.9999],[387773.3193,4658996.3992],[387774.7789,4658979.5991],[387786.8794,4658971.5191],[387806.5697,4658969.7891],[387831.2802,4658975.5589],[387860.7229,4659000],[387926.1325,4659054.2983],[387945.4231,4659068.0182],[387956.5133,4659075.9482],[387964.4736,4659080.5481],[387988.2841,4659083.9977],[388000,4659085.9531],[388000,4659123.4765],[387997.7045,4659126.3978],[387995.6146,4659130.4178],[387995.5945,4659133.5378],[387996.5947,4659136.1276],[387998.4946,4659138.8174],[388000,4659139.8487],[388000.4947,4659140.1876],[388006.4249,4659140.9276],[388012.7451,4659138.9774],[388022.475,4659132.8577],[388056.6553,4659108.4275],[388065.3057,4659105.0075],[388075.606,4659102.8874],[388083.2658,4659101.8373],[388087.7559,4659102.0975],[388090.836,4659103.5373],[388092.776,4659107.1173],[388093.4961,4659112.3673],[388093.0361,4659117.4171],[388090.8361,4659123.0875],[388042.0062,4659186.5971],[388024.9157,4659206.1472],[388020.0262,4659252.5571],[388019.6775,4659253.586],[387988.286,4659276.9871],[387983.7155,4659280.6171],[387980.2558,4659283.9073],[387975.2359,4659290.1471],[387972.5457,4659294.5471],[387971.4258,4659297.9372],[387971.0759,4659301.3369],[387971.256,4659305.2172],[387972.5458,4659308.6871],[387974.1959,4659311.9673],[387976.5859,4659314.737],[387981.126,4659316.467],[387986.3161,4659316.9868],[387990.7263,4659316.0769],[388000,4659311.4379],[388054.2172,4659284.3169],[388086.8775,4659267.997],[388108.8578,4659258.2367],[388142.9283,4659247.3966],[388150.1485,4659245.3267],[388153.2384,4659244.7165],[388156.7685,4659245.2264],[388158.4388,4659248.4366],[388158.4087,4659252.0466],[388156.7686,4659256.4264],[388154.3287,4659259.8863],[388125.0283,4659289.2063],[388122.7784,4659291.7265],[388121.2485,4659294.9063],[388120.1784,4659299.1665],[388120.7284,4659302.1363],[388122.2286,4659303.9964],[388124.8584,4659304.7164],[388128.1685,4659304.7364],[388131.5687,4659303.6862],[388140.2386,4659297.6762],[388144.5089,4659294.8863],[388148.5989,4659293.0264],[388178.7394,4659284.3163],[388181.6594,4659284.8561],[388183.7093,4659286.6463],[388184.2596,4659288.9462],[388183.6295,4659291.646],[388179.9894,4659296.9363],[388175.7194,4659301.9461],[388171.4194,4659306.306],[388081.0785,4659382.0363],[388066.4286,4659418.6761],[388061.5387,4659438.226],[388064.979,4659446.356],[388070.1391,4659453.0757],[388078.6293,4659460.2057],[388176.3018,4659540.8251],[388215.7126,4659560.4949],[388222.943,4659560.4949],[388259.3228,4659548.1548],[388278.1729,4659544.4848],[388302.4326,4659541.895],[388317.9227,4659540.825],[388323.0827,4659543.4449],[388325.2528,4659548.155],[388320.3629,4659562.8149],[388299.3432,4659601.8048],[388293.5136,4659623.8845],[388269.0941,4659645.8744],[388259.3239,4659655.6444],[388258.5641,4659662.7442],[388261.6541,4659668.9443],[388264.984,4659671.7544],[388320.994,4659692.7643],[388357.7443,4659701.5243],[388371.8643,4659703.2945],[388380.6343,4659706.3945],[388385.7443,4659710.2744],[388388.3843,4659720.8544],[388383.9943,4659729.5344],[388366.4946,4659745.2942],[388324.4951,4659775.064],[388322.8252,4659779.2037],[388322.745,4659783.8238],[388325.4052,4659788.5039],[388331.4952,4659792.5738],[388343.4749,4659797.2839],[388361.0253,4659800.8938],[388375.2452,4659801.3339],[388403.2551,4659794.3241],[388457.5046,4659778.5644],[388483.7645,4659762.8044],[388504.7645,4659752.3046],[388527.5142,4659745.2947],[388538.5941,4659744.095],[388550.274,4659745.2948],[388571.2742,4659754.0547],[388599.2741,4659768.0649],[388608.7941,4659778.695],[388615.0243,4659789.0748],[388615.0245,4659815.3447],[388602.7752,4659869.6244],[388564.2765,4659999.2035],[388563.7989,4660000],[388553.7768,4660016.7135],[388490.7672,4660060.4932],[388480.2672,4660068.5429],[388473.2677,4660078.003],[388470.9778,4660088.173],[388473.2679,4660097.263],[388490.5881,4660127.9428],[388497.7682,4660137.5427],[388530.9183,4660166.8027],[388557.2784,4660190.0726],[388561.8286,4660196.2424],[388564.2785,4660202.3326],[388561.8287,4660212.7726],[388555.5287,4660223.3425],[388545.0289,4660239.1024],[388543.249,4660244.7923],[388545.029,4660249.6124],[388560.7795,4660267.1224],[388574.7793,4660286.3824],[388581.4394,4660302.6321],[388599.2795,4660319.6521],[388602.3493,4660326.1324],[388602.7797,4660333.6621],[388600.2798,4660343.692],[388594.0298,4660351.172],[388534.5208,4660403.7015],[388450.5114,4660447.4812],[388448.7813,4660451.621],[388448.7615,4660456.2411],[388452.9115,4660461.4413],[388461.0114,4660464.991],[388461.1252,4660465.3422],[388461.1863,4660465.3224],[388462.0803,4660468.5253],[388458.3216,4660469.5711],[388450.5216,4660471.481],[388439.1317,4660474.231],[388426.8118,4660476.001],[388417.9618,4660476.0009],[388404.9218,4660473.7509],[388395.5418,4660471.2709],[388388.7719,4660470.7309],[388381.6718,4660469.9608],[388374.7319,4660468.8408],[388370.9419,4660468.4408],[388365.2819,4660467.7808],[388359.812,4660468.5008],[388348.582,4660471.0807],[388345.0521,4660471.8907],[388337.4921,4660473.8007],[388333.1421,4660474.3907],[388328.7922,4660474.7807],[388324.6122,4660475.0307],[388320.9222,4660474.6606],[388318.4022,4660473.6306],[388315.7722,4660472.1006],[388311.4022,4660469.0406],[388307.9122,4660466.4306],[388301.1421,4660461.2007],[388295.2521,4660456.2307],[388288.7221,4660450.7307],[388281.332,4660445.7307],[388274.622,4660442.3007],[388268.932,4660439.8607],[388263.042,4660438.0007],[388257.932,4660436.2806],[388249.382,4660432.8107],[388235.1317,4660429.8408],[388227.2215,4660428.8508],[388221.9414,4660428.4609],[388215.2213,4660428.0109],[388209.6712,4660427.7509],[388201.991,4660426.901],[388188.9908,4660424.5911],[388180.6906,4660421.6211],[388174.8905,4660419.2412],[388167.6503,4660417.0512],[388161.4902,4660416.4313],[388153.4,4660415.8513],[388146.6599,4660415.4614],[388139.6998,4660414.9814],[388132.9297,4660414.8415],[388118.9094,4660414.6215],[388111.1393,4660414.7616],[388104.0191,4660414.8816],[388096.1389,4660413.5917],[388090.1788,4660411.8017],[388084.7087,4660409.5718],[388077.7986,4660407.2018],[388067.2483,4660402.0119],[388061.1782,4660399.432],[388056.1481,4660397.492],[388054.438,4660397.072],[388050.518,4660396.472],[388045.5079,4660396.7621],[388038.8778,4660398.6121],[388034.6177,4660400.0621],[388023.5375,4660403.0922],[388019.0975,4660404.2322],[388013.5174,4660405.0022],[388010.9373,4660405.0422],[388008.1873,4660405.0823],[388001.7471,4660404.6623],[388000,4660404.6253],[387986.7568,4660404.3445],[387986.688,4660404.3431],[387986.6569,4660404.3434],[387973.1466,4660404.4725],[387967.0365,4660405.4825],[387962.4164,4660407.0625],[387959.0164,4660409.2525],[387954.6864,4660413.3326],[387950.0363,4660417.4426],[387945.5763,4660420.2826],[387941.1162,4660422.6626],[387937.3562,4660424.7426],[387931.1761,4660426.8026],[387925.176,4660428.0527],[387920.0459,4660429.2727],[387913.6858,4660430.4427],[387908.5857,4660430.8428],[387904.4956,4660430.8128],[387899.3455,4660430.5728],[387893.0554,4660430.0529],[387888.1252,4660429.3729],[387880.5851,4660428.583],[387874.485,4660428.463],[387868.5349,4660428.303],[387862.2348,4660428.0531],[387856.8647,4660427.6931],[387849.3146,4660426.4732],[387843.6444,4660424.7832],[387838.4943,4660422.8032],[387834.6942,4660421.9833],[387829.4741,4660421.0633],[387824.404,4660419.7633],[387820.1439,4660419.0634],[387815.0838,4660419.0534],[387809.6738,4660419.2934],[387802.9136,4660419.9135],[387796.9935,4660420.5135],[387792.5335,4660421.4535],[387788.6734,4660422.4035],[387785.9834,4660423.3336],[387782.5133,4660424.9236],[387781.0633,4660426.0136],[387780.5233,4660426.6336],[387780.2233,4660431.5036],[387780.2233,4660431.5236],[387780.7033,4660432.6735],[387783.4734,4660435.0735],[387785.0534,4660436.1535],[387787.0735,4660437.1035],[387789.8136,4660438.1435],[387796.3337,4660440.9034],[387807.794,4660444.6333],[387814.6541,4660446.0233],[387822.5943,4660447.6132],[387830.7944,4660449.0332],[387836.9546,4660450.6431],[387844.9647,4660452.6731],[387850.9749,4660454.993],[387858.6651,4660462.063],[387861.8452,4660468.0429],[387863.9353,4660474.3329],[387865.0154,4660483.3428],[387865.7854,4660487.0828],[387866.8855,4660493.4528],[387867.2956,4660498.8128],[387867.4856,4660502.2627],[387867.4357,4660506.0627],[387865.3556,4660506.8927],[387862.4156,4660507.8827],[387859.5955,4660507.9428],[387856.5455,4660506.5728],[387853.0154,4660505.9728],[387846.7553,4660505.5829],[387839.4451,4660505.7029],[387831.595,4660506.3429],[387826.8049,4660505.973],[387820.9947,4660505.603],[387817.8847,4660504.693],[387813.1046,4660502.6331],[387807.3345,4660499.8431],[387802.6244,4660497.3532],[387796.5442,4660493.8232],[387792.7741,4660491.2432],[387787.994,4660487.6833],[387782.5039,4660483.7433],[387778.0238,4660480.8434],[387774.5137,4660479.5734],[387768.5336,4660478.4834],[387761.9134,4660477.8535],[387756.8633,4660477.7335],[387752.1233,4660478.4236],[387748.6632,4660480.1436],[387745.5832,4660482.9136],[387741.1231,4660488.1336],[387736.9431,4660492.7936],[387732.2031,4660498.0236],[387726.473,4660503.7436],[387720.803,4660508.7736],[387715.6829,4660513.6336],[387711.0629,4660517.2837],[387704.6027,4660520.8337],[387697.7127,4660524.3037],[387693.8426,4660525.5537],[387691.1926,4660526.7438],[387689.1226,4660529.1338],[387688.6726,4660532.1437],[387688.9627,4660537.2837],[387689.4027,4660543.1637],[387689.2528,4660548.0837],[387688.4928,4660553.5637],[387687.0928,4660558.3637],[387686.0328,4660562.6937],[387685.2429,4660568.1136],[387684.9429,4660573.7836],[387684.853,4660582.4136],[387684.263,4660586.2936],[387682.513,4660589.7936],[387679.583,4660594.1736],[387676.963,4660597.6036],[387674.253,4660600.3236],[387670.9829,4660602.3336],[387667.7429,4660603.2936],[387662.2028,4660604.9336],[387656.4327,4660606.5037],[387652.0726,4660606.9037],[387646.4125,4660607.4137],[387642.5525,4660608.0838],[387640.1424,4660610.9538],[387638.7025,4660614.2238],[387638.2125,4660616.6338],[387638.0925,4660621.3337],[387636.3226,4660630.7737],[387633.7226,4660640.6937],[387629.0226,4660650.7737],[387622.1426,4660660.9237],[387614.0725,4660670.9537],[387611.7325,4660673.7537],[387608.4125,4660677.7337],[387606.1325,4660680.3537],[387603.2924,4660683.1537],[387601.2624,4660684.9238],[387598.2624,4660686.7938],[387595.3523,4660688.5238],[387593.2723,4660690.1138],[387591.0923,4660692.0638],[387589.8623,4660693.4338],[387588.4322,4660695.4838],[387586.9723,4660697.8738],[387585.6123,4660699.8838],[387583.7323,4660702.4538],[387582.4322,4660703.9738],[387581.2822,4660705.0238],[387578.7622,4660706.6238],[387575.5622,4660708.2838],[387572.2121,4660709.9839],[387567.4121,4660712.3739],[387563.062,4660714.4239],[387559.7719,4660715.8339],[387557.6719,4660716.4939],[387555.3319,4660717.0539],[387551.2918,4660717.614],[387545.5917,4660718.114],[387543.0417,4660718.654],[387540.9316,4660719.524],[387538.0716,4660721.134],[387534.3615,4660723.3741],[387528.7615,4660726.9241],[387523.8014,4660731.0041],[387519.9314,4660734.3441],[387516.6213,4660735.9841],[387511.7712,4660737.2442],[387505.4011,4660737.9042],[387493.8009,4660738.9743],[387486.0808,4660740.0443],[387478.2807,4660740.9444],[387467.6905,4660742.1844],[387460.1203,4660743.2245],[387453.9402,4660743.7745],[387444.6901,4660744.4846],[387441.29,4660744.9746],[387440.18,4660745.5846],[387437.77,4660750.2846],[387435.1,4660752.1746],[387430.0399,4660754.7946],[387426.6899,4660758.1946],[387423.1698,4660762.0547],[387419.7298,4660766.4247],[387417.5797,4660768.6447],[387408.7497,4660776.1247],[387402.5896,4660780.1347],[387398.7296,4660781.6648],[387392.6894,4660782.3248],[387383.9893,4660781.7749],[387371.269,4660777.995],[387355.5287,4660774.1751],[387350.9386,4660774.1651],[387340.3184,4660775.6652],[387330.2082,4660776.8152],[387314.878,4660780.7753],[387304.7178,4660783.2354],[387293.7076,4660786.1454],[387281.2074,4660790.8755],[387276.3974,4660793.5855],[387273.6773,4660796.2055],[387270.3873,4660801.4455],[387268.1173,4660805.9856],[387265.9073,4660810.9256],[387263.8573,4660814.0556],[387262.3373,4660816.1556],[387256.5073,4660823.3756],[387246.4572,4660836.0056],[387242.2372,4660841.4256],[387239.1572,4660849.8456],[387235.867,4660846.1056],[387231.977,4660839.8757],[387228.9069,4660834.3757],[387227.0768,4660828.7658],[387225.1466,4660823.3558],[387223.2566,4660817.1258],[387221.1665,4660812.1058],[387219.2564,4660808.3259],[387215.2763,4660800.4659],[387211.7661,4660794.256],[387208.476,4660783.566],[387208.526,4660777.226],[387209.7659,4660769.456],[387211.1157,4660747.0561],[387210.8856,4660734.8361],[387210.2355,4660727.6762],[387209.5055,4660721.7162],[387208.1854,4660712.6762],[387206.1553,4660705.5163],[387203.3551,4660698.8663],[387199.095,4660690.7164],[387195.6049,4660683.9964],[387192.5148,4660678.3164],[387188.7146,4660673.0765],[387183.4344,4660666.7765],[387178.4043,4660661.1466],[387171.6442,4660655.9266],[387165.444,4660651.9067],[387157.6038,4660647.0967],[387151.4936,4660642.6868],[387140.8934,4660636.6169],[387133.9733,4660632.9169],[387128.3631,4660630.607],[387122.813,4660628.287],[387117.3029,4660626.3371],[387110.0527,4660623.9171],[387104.2526,4660621.4972],[387100.2225,4660620.0372],[387095.1324,4660619.9972],[387091.3824,4660621.1872],[387090.7224,4660621.3373],[387089.9923,4660621.1273],[387088.7923,4660620.1473],[387088.3223,4660618.9073],[387087.7222,4660614.6173],[387087.0622,4660612.5673],[387085.6921,4660611.5773],[387084.3321,4660611.1773],[387081.5521,4660610.8773],[387077.592,4660610.5474],[387074.162,4660610.2274],[387071.5819,4660609.9974],[387052.7516,4660610.8575],[387047.1915,4660613.8676],[387041.4914,4660615.3976],[387035.0213,4660615.9776],[387029.1811,4660616.6377],[387022.3611,4660617.5677],[387014.1709,4660619.3177],[387009.0908,4660620.7878],[387000,4660623.6647],[386994.0806,4660625.5379],[386988.3605,4660627.4979],[386981.8804,4660628.8179],[386980.8604,4660629.8779],[386974.5703,4660635.278],[386968.5303,4660641.348],[386964.0202,4660647.038],[386958.4302,4660653.818],[386952.8101,4660659.728],[386947.9601,4660664.3681],[386942.05,4660669.8081],[386937.52,4660673.7881],[386933.1199,4660677.8381],[386927.0399,4660682.0881],[386920.9298,4660684.6482],[386913.3096,4660686.4082],[386911.1296,4660686.6682],[386903.5295,4660686.5483],[386899.5294,4660686.0283],[386896.9793,4660685.6383],[386892.9993,4660685.3684],[386886.3491,4660685.4084],[386879.269,4660686.1784],[386872.8689,4660687.6385],[386862.3188,4660693.1085],[386856.4087,4660697.0986],[386850.7786,4660701.4386],[386845.5986,4660706.6786],[386839.9485,4660711.4586],[386833.4084,4660716.1987],[386826.9783,4660720.0487],[386819.1582,4660725.0887],[386811.9381,4660730.0088],[386805.8081,4660734.3388],[386800.058,4660738.7488],[386794.0679,4660744.6289],[386789.4779,4660749.3789],[386783.4878,4660755.3189],[386779.3078,4660760.4689],[386775.3078,4660765.5389],[386771.2977,4660771.7989],[386767.7578,4660782.5389],[386767.9178,4660790.4989],[386768.0279,4660793.8189],[386767.0579,4660798.3589],[386765.3878,4660801.3989],[386762.3478,4660805.1889],[386758.6878,4660808.5289],[386753.9478,4660810.849],[386750.7977,4660812.139],[386748.6077,4660812.959],[386741.5775,4660815.669],[386739.3275,4660816.5091],[386734.4875,4660819.1391],[386731.9374,4660822.1991],[386729.8474,4660826.1491],[386728.5975,4660830.2891],[386727.8875,4660835.6791],[386727.3375,4660839.9391],[386726.5175,4660844.0891],[386724.8175,4660846.7591],[386721.1975,4660849.0991],[386716.9474,4660850.6691],[386714.2274,4660851.1091],[386711.2973,4660851.3792],[386708.2873,4660851.3992],[386705.3072,4660851.0392],[386702.0371,4660850.2092],[386699.5671,4660849.3692],[386695.777,4660847.6393],[386692.0269,4660845.7793],[386688.4368,4660843.5393],[386685.8968,4660841.8194],[386666.4163,4660826.4495],[386655.4459,4660816.2196],[386648.3458,4660809.9597],[386640.5556,4660803.8397],[386631.4754,4660798.4898],[386624.2352,4660795.5799],[386618.1351,4660793.8099],[386611.8549,4660792.24],[386603.3848,4660791.79],[386596.7747,4660792.3301],[386589.4645,4660793.9001],[386583.7745,4660797.0401],[386576.8544,4660802.0802],[386571.9643,4660806.2702],[386567.8143,4660810.1902],[386562.3642,4660815.0102],[386557.9042,4660818.9603],[386553.0941,4660823.8303],[386548.4041,4660826.8703],[386539.7039,4660830.7204],[386532.7738,4660833.4404],[386527.3937,4660835.4104],[386522.5837,4660836.7705],[386518.2336,4660837.3105],[386514.7535,4660837.0705],[386511.6834,4660835.4605],[386509.7034,4660833.4706],[386505.9733,4660828.7906],[386503.5832,4660825.4106],[386500.3431,4660820.4906],[386496.653,4660815.5507],[386492.7729,4660811.2607],[386484.5827,4660807.0708],[386478.5926,4660804.0908],[386474.3424,4660799.7809],[386469.9823,4660794.5409],[386465.9122,4660790.6509],[386460.1621,4660786.511],[386454.8019,4660784.021],[386449.9818,4660781.971],[386445.8017,4660779.4211],[386442.4916,4660776.2611],[386439.7716,4660773.2911],[386437.0015,4660769.2612],[386435.4714,4660765.0912],[386434.7513,4660761.4612],[386434.8913,4660757.0412],[386437.1513,4660750.7512],[386439.0313,4660744.9512],[386438.6913,4660740.1512],[386436.8412,4660735.4412],[386433.441,4660730.8513],[386428.791,4660724.5813],[386425.5409,4660719.6513],[386422.8008,4660714.8013],[386421.4007,4660711.2414],[386420.0606,4660705.9214],[386418.4506,4660700.5014],[386415.9805,4660695.8114],[386411.1304,4660692.2615],[386406.2003,4660690.3515],[386391.0899,4660687.3716],[386383.6798,4660686.3017],[386372.2996,4660685.2317],[386365.5194,4660685.2918],[386359.1193,4660686.0018],[386353.3992,4660686.0619],[386347.6491,4660685.8219],[386343.779,4660684.9319],[386339.2089,4660682.8519],[386334.9788,4660679.862],[386331.8387,4660675.372],[386331.1587,4660671.482],[386332.7387,4660664.142],[386334.7187,4660658.202],[386336.4386,4660653.232],[386338.4086,4660647.732],[386340.7386,4660642.122],[386342.3386,4660634.342],[386340.9585,4660627.012],[386337.1084,4660619.5121],[386334.6483,4660614.8821],[386330.5182,4660608.8521],[386323.788,4660600.2922],[386319.2379,4660596.0822],[386314.2077,4660593.2423],[386307.7476,4660591.1223],[386300.1574,4660589.5724],[386289.2572,4660586.5724],[386282.0271,4660584.3525],[386276.3669,4660582.5825],[386269.0668,4660580.3126],[386262.3567,4660578.7326],[386255.7465,4660577.5727],[386249.1864,4660576.2827],[386241.6462,4660574.0427],[386235.5461,4660572.3228],[386228.206,4660571.3728],[386219.6558,4660570.8129],[386207.1056,4660570.443],[386198.4854,4660571.013],[386187.1152,4660572.2731],[386179.9551,4660572.9431],[386173.335,4660573.3532],[386165.3348,4660573.7432],[386157.9347,4660574.5633],[386152.2946,4660575.3133],[386145.9445,4660577.5833],[386139.6944,4660581.3534],[386133.3343,4660586.4034],[386127.7143,4660592.4334],[386124.1643,4660597.2835],[386115.8341,4660607.7635],[386111.1641,4660613.3735],[386107.4841,4660619.2535],[386104.7841,4660625.5935],[386101.9041,4660631.9435],[386098.8541,4660638.4536],[386095.0941,4660646.5336],[386092.4741,4660653.0536],[386090.2641,4660659.7736],[386088.4342,4660666.5136],[386087.0342,4660672.6436],[386085.4042,4660678.3636],[386083.3142,4660682.2336],[386079.2241,4660686.7136],[386073.0041,4660690.7337],[386065.4839,4660693.8337],[386059.0539,4660696.5537],[386053.3538,4660700.1438],[386049.3437,4660703.1038],[386042.8237,4660708.9838],[386037.4536,4660713.9139],[386032.3635,4660719.0039],[386026.3635,4660725.5839],[386020.7434,4660731.6739],[386013.7333,4660736.474],[386006.9432,4660741.124],[386000.1432,4660746.0941],[386000,4660746.2043],[385992.8931,4660751.6741],[385986.133,4660757.5741],[385980.2129,4660763.8242],[385975.5229,4660768.5642],[385970.9228,4660774.1642],[385966.7528,4660779.7142],[385963.2928,4660785.8843],[385959.9828,4660794.1143],[385957.8128,4660801.2043],[385955.7428,4660809.7343],[385954.9429,4660816.1743],[385954.1829,4660824.1243],[385954.493,4660837.1043],[385955.123,4660842.8243],[385955.2831,4660847.7042],[385954.2932,4660852.9142],[385952.1732,4660857.6743],[385949.1031,4660861.7243],[385944.0631,4660865.6143],[385939.643,4660866.6043],[385934.5629,4660866.1644],[385928.6728,4660865.1844],[385922.8927,4660864.1244],[385915.6125,4660862.5345],[385911.6524,4660861.4045],[385905.3823,4660861.0246],[385892.8121,4660864.7946],[385884.2219,4660862.9947],[385874.1517,4660862.4048],[385862.5315,4660863.1249],[385852.5913,4660862.5249],[385842.1811,4660860.475],[385834.081,4660858.355],[385825.6808,4660856.2651],[385817.6706,4660854.3152],[385808.6604,4660852.4852],[385801.0503,4660850.1853],[385793.3401,4660847.0753],[385786.5699,4660843.8654],[385780.3298,4660840.8454],[385775.4997,4660839.3055],[385768.4695,4660838.2555],[385761.2494,4660838.9255],[385754.1493,4660840.6556],[385746.4392,4660842.5756],[385738.8191,4660844.2357],[385731.9789,4660845.4957],[385724.9988,4660845.5158],[385718.2387,4660844.0658],[385712.0885,4660841.3459],[385706.7584,4660838.0359],[385701.2483,4660834.306],[385693.1981,4660832.056],[385686.348,4660830.9261],[385680.2278,4660829.0861],[385673.2277,4660825.4661],[385669.0375,4660822.8462],[385663.4075,4660819.1262],[385657.6373,4660816.4363],[385651.7172,4660815.2063],[385645.2371,4660815.2263],[385638.687,4660815.1364],[385632.6068,4660814.1764],[385627.3467,4660811.5465],[385622.9966,4660808.0065],[385619.7565,4660803.1465],[385617.0864,4660797.7765],[385614.0963,4660792.3266],[385611.5262,4660786.7566],[385608.1861,4660774.8066],[385605.6559,4660769.4866],[385602.8059,4660765.9066],[385599.0158,4660763.4967],[385593.4657,4660762.2167],[385584.2255,4660762.2368],[385570.6153,4660763.7469],[385546.3349,4660766.557],[385525.3345,4660770.0072],[385514.2543,4660772.1772],[385498.964,4660775.4473],[385482.9438,4660779.0374],[385474.5736,4660780.6575],[385460.5934,4660783.3376],[385450.0532,4660784.7576],[385444.4131,4660785.3777],[385436.813,4660786.0977],[385431.7628,4660786.5278],[385423.6227,4660787.0478],[385420.5327,4660787.3578],[385414.3926,4660788.0679],[385404.6124,4660790.0379],[385396.5923,4660792.048],[385385.6821,4660795.2081],[385377.452,4660797.5681],[385365.9518,4660799.9082],[385357.1816,4660801.3182],[385348.7915,4660802.8083],[385339.9813,4660804.4184],[385330.7111,4660805.8784],[385325.7911,4660806.3585],[385319.5509,4660806.2385],[385312.0408,4660804.2985],[385306.6707,4660801.1886],[385301.0405,4660798.6586],[385294.6304,4660796.9787],[385281.9401,4660793.6687],[385269.2299,4660790.1688],[385261.0697,4660788.1189],[385246.8394,4660784.539],[385238.5793,4660782.559],[385224.589,4660778.8891],[385216.5488,4660776.7592],[385204.5985,4660772.7293],[385196.7683,4660770.7093],[385186.2482,4660769.4794],[385178.018,4660769.5094],[385168.1779,4660770.9095],[385160.1377,4660772.7495],[385152.6676,4660774.5796],[385145.6674,4660775.5396],[385137.7973,4660774.8997],[385133.2772,4660773.1997],[385126.4271,4660769.3098],[385115.5868,4660762.2698],[385100.6365,4660754.4299],[385094.4064,4660753.86],[385086.8162,4660755.2],[385078.1461,4660757.4801],[385066.9559,4660761.5502],[385059.3058,4660764.0302],[385046.5356,4660766.8303],[385038.5454,4660767.9603],[385028.2952,4660769.1004],[385019.7851,4660769.4705],[385007.7149,4660768.9205],[385000,4660768.4964],[384998.9847,4660768.4406],[384986.8345,4660768.3407],[384978.5843,4660768.8107],[384970.0742,4660769.7508],[384960.944,4660771.3308],[384952.9939,4660773.4009],[384942.8137,4660776.851],[384932.3135,4660779.711],[384919.1333,4660783.9411],[384909.5932,4660787.5112],[384899.813,4660791.2313],[384890.1128,4660795.0713],[384880.8127,4660798.4914],[384869.5425,4660802.3815],[384861.8824,4660804.2315],[384852.1922,4660805.8116],[384841.332,4660806.6317],[384819.1316,4660810.5418],[384807.7614,4660813.5619],[384794.4012,4660817.422],[384779.451,4660820.7121],[384764.8707,4660824.4022],[384749.8905,4660828.0523],[384729.7601,4660834.2724],[384729.6901,4660834.3224],[384720.05,4660836.0725],[384712.4698,4660837.3325],[384704.9297,4660837.6026],[384700.1896,4660837.6726],[384695.0695,4660837.1326],[384689.5594,4660833.9727],[384685.3693,4660828.0427],[384679.3191,4660818.5227],[384671.3888,4660805.8828],[384664.5886,4660792.7128],[384660.9685,4660787.7728],[384657.1084,4660782.3828],[384654.4983,4660776.2129],[384653.8683,4660770.5029],[384653.7582,4660766.0128],[384654.3782,4660761.8428],[384654.6282,4660756.1028],[384655.1581,4660751.2928],[384655.3281,4660747.1828],[384653.748,4660743.1528],[384650.7979,4660738.1328],[384648.3979,4660735.3629],[384646.6179,4660733.3529],[384643.3978,4660730.2629],[384640.9477,4660727.8629],[384634.8476,4660725.3029],[384630.8575,4660722.853],[384625.0974,4660719.323],[384619.8573,4660716.033],[384614.1171,4660712.1731],[384605.947,4660707.5031],[384597.0368,4660702.6832],[384590.4666,4660699.4832],[384582.2864,4660695.8332],[384573.5763,4660693.5733],[384568.4662,4660692.0833],[384567.1061,4660691.6933],[384558.706,4660689.6834],[384552.0858,4660688.2734],[384547.6357,4660687.4735],[384542.6956,4660687.2435],[384538.9456,4660687.3735],[384532.6354,4660686.1536],[384528.5254,4660682.8636],[384527.1353,4660678.4136],[384526.0952,4660672.6336],[384525.7552,4660668.6236],[384525.1451,4660661.5336],[384524.2051,4660651.2536],[384522.495,4660642.7136],[384519.9148,4660631.6836],[384518.1047,4660621.9036],[384514.5046,4660613.6636],[384509.8345,4660605.5736],[384504.0343,4660596.5036],[384497.5841,4660588.4737],[384490.3439,4660577.3337],[384479.5937,4660565.6038],[384458.253,4660533.5139],[384452.6129,4660525.1339],[384447.9328,4660519.6539],[384443.9826,4660511.6939],[384443.0626,4660506.2939],[384440.4025,4660499.5039],[384437.4824,4660492.7539],[384435.4923,4660487.2639],[384432.4122,4660481.924],[384427.2521,4660471.394],[384419.7718,4660449.134],[384410.6514,4660419.264],[384408.9813,4660411.884],[384406.8213,4660407.424],[384405.4612,4660399.014],[384404.9511,4660396.094],[384402.4111,4660390.014],[384399.311,4660385.704],[384396.8709,4660382.6041],[384394.5109,4660380.5541],[384390.7808,4660377.1841],[384387.7606,4660374.3341],[384384.7706,4660370.7841],[384381.6005,4660364.9841],[384380.4205,4660360.5241],[384378.4103,4660355.1441],[384377.5403,4660349.7641],[384376.7003,4660340.7041],[384375.4002,4660331.1641],[384374.0401,4660324.8941],[384373.4101,4660319.0841],[384373.19,4660313.4241],[384374.47,4660306.3841],[384375.07,4660300.1141],[384377.3799,4660289.8341],[384384.4699,4660268.974],[384387.3299,4660263.234],[384389.0399,4660258.6639],[384389.2999,4660254.2439],[384388.8399,4660249.4039],[384386.8697,4660242.9439],[384386.4798,4660241.9739],[384379.0795,4660225.204],[384378.9495,4660222.724],[384378.5594,4660218.804],[384378.0594,4660216.914],[384376.4194,4660214.724],[384374.4894,4660213.404],[384367.8192,4660211.214],[384361.9991,4660209.504],[384357.729,4660207.6641],[384355.559,4660207.9141],[384352.5989,4660209.2341],[384350.5189,4660210.6041],[384348.0589,4660212.7041],[384343.8288,4660214.3841],[384340.9888,4660220.4742],[384327.4487,4660236.1343],[384316.1986,4660250.6144],[384309.2285,4660257.7144],[384304.6084,4660263.8144],[384300.0583,4660269.5645],[384296.0183,4660273.7045],[384291.5783,4660277.4045],[384286.8682,4660279.0946],[384280.8981,4660281.1546],[384271.418,4660283.3247],[384263.8878,4660284.6447],[384256.6677,4660286.6347],[384247.4376,4660288.6748],[384239.5074,4660290.9149],[384231.0973,4660291.5649],[384223.6071,4660291.1249],[384216.597,4660289.545],[384211.3368,4660287.305],[384206.4468,4660285.325],[384202.9667,4660283.4151],[384199.4266,4660280.1751],[384196.3166,4660276.7051],[384192.9965,4660270.8651],[384191.7764,4660267.6851],[384189.5263,4660261.9051],[384182.0361,4660242.5651],[384178.596,4660234.2351],[384176.8659,4660231.3951],[384174.7058,4660230.2551],[384172.3258,4660229.0051],[384170.5958,4660228.3652],[384167.9257,4660227.8852],[384165.1657,4660228.0052],[384161.6656,4660228.3052],[384158.2156,4660228.9652],[384153.7655,4660230.0553],[384148.9254,4660230.5353],[384145.6453,4660230.6053],[384141.2953,4660229.9353],[384137.7452,4660228.4853],[384134.9251,4660225.9554],[384132.6151,4660222.9554],[384130.285,4660219.8954],[384129.0649,4660215.9654],[384128.1749,4660213.0654],[384127.1949,4660209.6254],[384125.1948,4660205.7854],[384123.2447,4660201.2654],[384121.9647,4660198.0054],[384120.2446,4660192.4754],[384118.4946,4660189.5754],[384117.0045,4660187.9454],[384114.8345,4660186.7654],[384113.0245,4660186.4254],[384110.3444,4660186.2054],[384107.5544,4660186.2754],[384105.4643,4660186.6255],[384101.0143,4660187.4555],[384097.6342,4660187.7555],[384093.3341,4660187.8455],[384088.754,4660187.4455],[384084.784,4660186.9756],[384080.3138,4660187.5356],[384075.3738,4660188.8756],[384068.3137,4660190.4557],[384057.7835,4660191.8057],[384045.6932,4660189.8058],[384043.3532,4660189.1058],[384035.953,4660183.1758],[384027.8029,4660176.2359],[384024.8028,4660174.3559],[384021.3227,4660168.8159],[384018.0426,4660164.2259],[384015.1025,4660159.2359],[384013.9124,4660146.7959],[384011.4623,4660136.5059],[384010.6723,4660130.1359],[384009.2722,4660126.8159],[384001.102,4660118.3159],[384000,4660116.8829],[383991.0817,4660105.2859],[383982.1115,4660097.266],[383980.9615,4660097.076],[383970.8813,4660093.036],[383965.8612,4660092.5161],[383960.7511,4660092.9561],[383954.071,4660093.7261],[383952.401,4660093.5261],[383948.1909,4660093.1762],[383931.9706,4660088.1762],[383925.7804,4660085.1163],[383913.7202,4660079.4663],[383912.3202,4660078.3263],[383905.98,4660076.1064],[383897.8799,4660073.0964],[383884.3796,4660068.4865],[383871.2993,4660062.3265],[383865.0592,4660058.3465],[383858.099,4660053.9866],[383854.2789,4660051.8666],[383850.0688,4660048.1466],[383846.9188,4660044.9666],[383842.7487,4660043.1966],[383839.6186,4660042.5167],[383834.1185,4660041.3567],[383827.0684,4660041.8367],[383820.4683,4660042.4068],[383813.4682,4660042.6868],[383805.698,4660043.0568],[383804.1681,4660056.4569],[383804.5282,4660068.1869],[383803.6082,4660079.4269],[383802.4383,4660092.097],[383801.4783,4660103.077],[383800.3684,4660116.987],[383799.3384,4660127.7071],[383798.0185,4660137.8371],[383796.4585,4660146.3571],[383794.0685,4660155.2871],[383789.9385,4660167.0572],[383785.6285,4660178.1272],[383780.5585,4660190.3573],[383775.3685,4660202.5173],[383771.8484,4660211.1874],[383768.8884,4660220.5174],[383766.4385,4660235.2875],[383765.1285,4660244.0775],[383763.1285,4660256.3475],[383761.0886,4660268.5276],[383758.5586,4660280.9676],[383756.3086,4660289.4576],[383754.1286,4660296.2577],[383749.0386,4660310.4077],[383744.1486,4660325.5478],[383740.5786,4660336.8978],[383735.1986,4660352.3779],[383729.8887,4660370.988],[383724.7787,4660390.218],[383720.3687,4660407.9781],[383716.8188,4660426.0682],[383714.8288,4660440.3682],[383714.0989,4660451.9682],[383711.4389,4660469.1983],[383707.249,4660489.7184],[383704.979,4660498.5384],[383699.989,4660511.1185],[383695.209,4660523.9285],[383691.5189,4660534.3786],[383686.9689,4660548.1086],[383683.8689,4660556.2787],[383681.7789,4660560.3287],[383678.0089,4660563.5187],[383669.3187,4660568.2088],[383657.6685,4660574.6189],[383653.3985,4660577.2289],[383645.7484,4660582.819],[383630.8283,4660596.2792],[383618.8081,4660608.0094],[383608.728,4660617.5695],[383597.6179,4660627.6996],[383581.6977,4660640.1098],[383564.7575,4660651.62],[383548.3673,4660662.4602],[383532.0671,4660672.9304],[383522.057,4660679.3706],[383511.3469,4660687.7407],[383495.0167,4660701.9209],[383478.1165,4660713.6611],[383464.6463,4660721.0913],[383448.5161,4660728.6015],[383439.556,4660731.7116],[383428.5958,4660735.0817],[383410.1356,4660741.6019],[383392.0253,4660748.8721],[383378.9551,4660755.5923],[383365.035,4660764.5625],[383350.9248,4660776.1926],[383338.2546,4660789.0028],[383327.3045,4660801.073],[383317.8845,4660811.7231],[383306.4344,4660824.5833],[383296.5243,4660835.3334],[383290.4242,4660841.1135],[383276.294,4660853.2037],[383266.5139,4660861.8838],[383259.0638,4660869.4939],[383248.2337,4660883.0641],[383235.4836,4660899.9443],[383227.6436,4660910.4144],[383219.9235,4660921.0445],[383216.7635,4660926.0946],[383213.8735,4660931.5046],[383210.6535,4660939.9847],[383207.0835,4660954.7648],[383202.7735,4660967.4549],[383199.1334,4660974.8149],[383191.2434,4660984.1751],[383182.6533,4660993.0652],[383176.5411,4661000],[383172.4732,4661004.6153],[383164.5831,4661012.9855],[383158.073,4661019.4155],[383152.653,4661029.0756],[383148.813,4661044.4257],[383145.873,4661055.1958],[383139.143,4661064.8259],[383130.0829,4661072.906],[383113.3527,4661082.9963],[383097.7724,4661090.0265],[383083.4822,4661096.1867],[383058.6419,4661106.587],[383047.4217,4661111.4971],[383037.3916,4661117.5173],[383026.3915,4661125.2374],[383016.8714,4661132.4175],[383006.7112,4661138.9377],[383000,4661142.1084],[382994.011,4661144.9379],[382982.9709,4661148.478],[382970.7907,4661151.6381],[382957.2305,4661154.5283],[382930.7801,4661159.3986],[382912.5998,4661165.4689],[382891.8795,4661176.3091],[382880.3694,4661181.7993],[382864.6391,4661186.9395],[382852.869,4661192.4697],[382842.1688,4661198.7798],[382832.6887,4661204.7199],[382822.6886,4661210.6301],[382812.6084,4661216.1002],[382803.5983,4661221.7803],[382795.8482,4661229.9705],[382782.5781,4661242.2807],[382774.108,4661247.5608],[382766.0479,4661251.2309],[382757.9177,4661252.041],[382749.3076,4661252.3211],[382741.0974,4661253.1912],[382733.6473,4661253.9313],[382716.4971,4661257.0115],[382720.1672,4661274.1015],[382720.6673,4661283.8416],[382719.3773,4661295.3916],[382717.3073,4661303.7017],[382717.1074,4661314.8818],[382717.4574,4661326.3218],[382718.1275,4661337.4218],[382721.9177,4661353.4419],[382726.8679,4661372.7719],[382730.028,4661385.2419],[382731.748,4661396.6919],[382732.7182,4661417.632],[382733.6584,4661446.2921],[382734.0685,4661469.2722],[382734.4185,4661478.8623],[382735.8786,4661482.7723],[382737.7787,4661487.5523],[382741.8388,4661494.4022],[382746.6689,4661502.7622],[382749.789,4661510.1522],[382757.0293,4661543.7123],[382762.1295,4661567.5423],[382767.1197,4661587.0323],[382771.2898,4661601.1723],[382775.17,4661611.0923],[382778.5801,4661617.7723],[382782.5702,4661624.3423],[382786.6103,4661635.9923],[382789.2804,4661651.3223],[382790.4605,4661671.4824],[382792.0707,4661687.8224],[382792.9207,4661694.1324],[382795.5308,4661705.1025],[382803.0611,4661734.9925],[382644.8885,4661744.8345],[382510.5562,4661750.1362],[382447.4246,4661652.6466],[382399.8235,4661584.5768],[382309.1813,4661457.4873],[382274.3908,4661477.8378],[382267.3507,4661475.1379],[382257.3805,4661471.608],[382244.7102,4661465.8881],[382234.5601,4661460.7382],[382223.3599,4661455.6683],[382215.8097,4661451.7584],[382205.7695,4661446.0285],[382198.1894,4661441.1785],[382190.4192,4661436.1486],[382182.089,4661431.0587],[382173.2288,4661427.1787],[382164.2987,4661423.2388],[382152.5685,4661419.5089],[382149.9985,4661419.329],[382147.6884,4661419.459],[382147.1784,4661421.349],[382147.2184,4661422.599],[382147.6085,4661425.589],[382148.0785,4661428.9491],[382148.6085,4661434.4991],[382148.7385,4661438.9991],[382148.0186,4661449.0192],[382143.4886,4661463.8993],[382141.5086,4661469.2694],[382134.5985,4661481.4095],[382129.6984,4661485.1096],[382122.0183,4661487.7597],[382117.3182,4661489.3898],[382110.7282,4661493.1399],[382104.5981,4661497.57],[382097.118,4661502.9601],[382092.1779,4661507.3502],[382088.9779,4661511.1902],[382084.0378,4661515.7103],[382075.0077,4661524.0305],[382060.7375,4661536.8007],[382056.5075,4661542.0508],[382054.7575,4661544.3508],[382052.3774,4661548.6109],[382044.4874,4661561.641],[382042.4974,4661566.5111],[382040.1474,4661570.7712],[382037.1373,4661573.9212],[382031.8373,4661581.2513],[382028.1473,4661590.2414],[382027.1573,4661592.8314],[382025.8373,4661596.9315],[382024.0572,4661602.7315],[382021.5572,4661611.6216],[382019.1772,4661618.3117],[382017.3772,4661623.3017],[382013.6872,4661632.2218],[382008.5372,4661644.742],[382005.0972,4661651.222],[382004.4972,4661654.6121],[382000,4661663.5803],[381997.6271,4661668.3122],[381990.9971,4661677.2424],[381989.6071,4661681.0324],[381990.2671,4661684.3924],[381993.6272,4661690.8024],[381996.1272,4661697.4224],[381998.0273,4661705.1224],[381998.1073,4661710.2525],[381996.2373,4661714.6125],[381992.9173,4661719.2126],[381985.1472,4661733.8928],[381980.9872,4661735.1128],[381973.3271,4661739.233],[381970.347,4661741.663],[381965.337,4661745.8631],[381960.7269,4661750.6232],[381957.7669,4661754.6432],[381954.9369,4661760.5333],[381953.3269,4661770.0834],[381953.4769,4661777.9634],[381952.9069,4661784.1635],[381952.227,4661788.9335],[381950.537,4661795.6736],[381947.5269,4661802.1336],[381944.0669,4661808.1137],[381941.4669,4661815.6838],[381939.7269,4661822.9839],[381937.2369,4661832.244],[381935.6569,4661838.294],[381933.7569,4661844.2241],[381930.9969,4661848.3041],[381919.7667,4661858.0543],[381913.2066,4661862.8044],[381908.7866,4661865.8045],[381903.5765,4661869.6446],[381897.2364,4661873.0647],[381892.3064,4661875.7048],[381887.1463,4661876.8549],[381879.4061,4661877.065],[381874.8361,4661877.005],[381867.2759,4661877.0351],[381858.7058,4661877.0852],[381852.3856,4661876.8253],[381838.2854,4661875.7755],[381831.8753,4661874.5156],[381825.5052,4661872.6956],[381819.225,4661869.4957],[381815.785,4661866.9657],[381811.5549,4661863.3957],[381809.4549,4661861.9558],[381805.1548,4661860.3858],[381800.1647,4661860.6459],[381795.0846,4661862.416],[381789.5146,4661866.6961],[381785.6845,4661870.5561],[381777.2444,4661879.4963],[381759.8342,4661901.1666],[381753.9141,4661906.2668],[381748.0641,4661911.9369],[381741.354,4661917.747],[381736.0339,4661922.1471],[381733.2239,4661924.6071],[381730.2238,4661926.5672],[381725.9638,4661928.6173],[381722.5437,4661929.2173],[381718.9837,4661929.3174],[381713.7336,4661929.3974],[381707.3335,4661928.8875],[381699.3533,4661927.3676],[381692.3132,4661926.0577],[381685.3531,4661925.3178],[381680.293,4661925.3278],[381675.0429,4661925.5379],[381671.3128,4661926.3979],[381667.9128,4661927.678],[381658.2426,4661935.3882],[381655.9426,4661938.0182],[381654.4326,4661939.8083],[381648.9625,4661945.5284],[381645.0225,4661949.8284],[381638.7124,4661956.9386],[381634.4524,4661960.9987],[381628.1723,4661964.5488],[381622.3022,4661966.9088],[381615.242,4661969.419],[381610.912,4661971.099],[381608.192,4661972.2991],[381602.2519,4661974.5892],[381585.1716,4661978.6994],[381565.2113,4661984.6297],[381559.5112,4661986.5398],[381554.5511,4661988.2399],[381550.9011,4661989.5899],[381545.711,4661991.93],[381533.2108,4661996.6502],[381527.3507,4661999.4403],[381526.625,4662000],[381513.2305,4662010.3306],[381502.9304,4662019.5208],[381493.0502,4662028.3809],[381485.9702,4662035.0511],[381479.43,4662039.9212],[381473.77,4662044.6213],[381463.5698,4662051.3015],[381450.9596,4662053.4017],[381442.7395,4662054.8618],[381435.7094,4662055.9019],[381428.6893,4662056.822],[381421.4692,4662058.4221],[381416.1391,4662059.1222],[381409.0189,4662058.6623],[381401.5388,4662057.8824],[381393.8087,4662056.6024],[381387.3286,4662055.6525],[381379.5884,4662054.6226],[381374.6883,4662052.8327],[381368.1882,4662049.8227],[381363.3081,4662046.9728],[381357.978,4662044.7328],[381351.3379,4662041.9729],[381346.2277,4662038.4929],[381341.6777,4662034.523],[381329.8174,4662027.4631],[381324.1973,4662024.0331],[381320.7672,4662020.5231],[381316.6572,4662016.8132],[381313.7071,4662014.3132],[381308.687,4662009.3332],[381304.8569,4662007.0633],[381299.9868,4662006.5233],[381295.4168,4662006.6234],[381289.8367,4662007.4435],[381283.2365,4662009.0636],[381277.0165,4662010.4936],[381271.1364,4662010.6237],[381266.3263,4662010.5238],[381261.1462,4662010.0439],[381255.1761,4662008.7939],[381249.636,4662007.614],[381243.7659,4662007.3141],[381239.2158,4662006.2141],[381233.7957,4662005.6042],[381228.4056,4662006.0542],[381222.9955,4662007.5743],[381218.0655,4662010.4744],[381208.4153,4662017.2146],[381204.1553,4662020.7547],[381200.3952,4662024.4848],[381197.4852,4662028.7448],[381195.9952,4662031.5849],[381192.6851,4662034.3349],[381189.2351,4662035.015],[381184.365,4662034.725],[381178.1949,4662033.3451],[381171.2848,4662032.2052],[381165.1146,4662031.0153],[381159.7545,4662030.2153],[381154.0244,4662029.2854],[381148.1543,4662028.7855],[381143.8443,4662029.2655],[381143.3943,4662029.3155],[381138.2942,4662030.9656],[381133.7641,4662032.2457],[381129.434,4662033.2157],[381124.914,4662033.8158],[381120.7939,4662033.7259],[381117.0438,4662033.6559],[381113.1838,4662033.076],[381107.9337,4662029.896],[381102.8836,4662025.986],[381097.8935,4662022.5061],[381094.1433,4662019.1761],[381089.4333,4662014.3861],[381084.3732,4662011.1562],[381079.8131,4662007.6862],[381075.743,4662004.9162],[381069.3829,4662001.0963],[381068.2068,4662000],[381066.4328,4661998.3463],[381063.1427,4661994.5863],[381060.3626,4661989.7863],[381057.2425,4661983.2163],[381053.8325,4661976.0763],[381049.9124,4661962.8662],[381048.4423,4661955.1462],[381047.3223,4661949.0562],[381045.8722,4661943.1561],[381043.9322,4661937.2361],[381041.8821,4661933.5061],[381039.052,4661928.5061],[381036.3719,4661925.0161],[381032.5419,4661922.4962],[381028.3318,4661920.4662],[381024.0618,4661918.6962],[381018.3917,4661917.3863],[381014.3216,4661917.6164],[381009.4815,4661918.8964],[381004.2014,4661920.3465],[381000,4661921.7405],[380999.9214,4661921.7666],[380994.2513,4661923.7667],[380988.2112,4661925.8368],[380983.9511,4661925.9368],[380977.041,4661927.7969],[380967.3808,4661929.217],[380958.1407,4661928.7172],[380951.4806,4661927.1472],[380943.9604,4661925.0473],[380937.8103,4661922.7974],[380932.0501,4661920.1774],[380932.033,4661920.1639],[380924.36,4661914.1375],[380917.5499,4661910.7475],[380911.3598,4661904.7476],[380905.6296,4661897.5676],[380901.1395,4661891.2776],[380896.7194,4661884.0576],[380893.9494,4661878.6876],[380890.9593,4661872.1876],[380888.3192,4661864.0675],[380886.1892,4661857.9575],[380883.1491,4661847.7675],[380881.369,4661840.1074],[380880.589,4661832.3974],[380879.9589,4661826.5073],[380880.0089,4661820.8173],[380879.6989,4661815.0573],[380878.8588,4661809.9772],[380877.6888,4661806.0172],[380875.4187,4661801.2172],[380872.7187,4661798.5972],[380869.4786,4661797.8472],[380867.6186,4661800.3073],[380867.4986,4661806.1773],[380867.3686,4661812.3074],[380866.6387,4661820.6675],[380865.5386,4661828.3975],[380864.4387,4661836.5076],[380862.0786,4661844.5177],[380859.4487,4661850.7178],[380857.2187,4661859.1179],[380854.9387,4661866.568],[380852.2286,4661873.3881],[380850.0586,4661878.8481],[380847.3686,4661885.0482],[380843.9886,4661891.2283],[380842.5386,4661894.8884],[380840.8086,4661899.7884],[380836.3685,4661903.1385],[380831.7484,4661905.8586],[380827.3684,4661909.0187],[380822.0283,4661913.0988],[380817.5182,4661916.3789],[380813.0382,4661924.479],[380808.1181,4661932.7591],[380804.0381,4661939.6092],[380800.8381,4661949.1794],[380798.7981,4661957.1994],[380797.8581,4661966.4295],[380797.9481,4661974.4396],[380799.1882,4661984.0897],[380801.1183,4661993.6397],[380801.8329,4662000],[380802.1183,4662002.5398],[380802.2683,4662010.7298],[380802.4784,4662018.6099],[380803.9384,4662026.3299],[380805.6185,4662033],[380806.5985,4662039.96],[380807.5386,4662045.9801],[380808.3586,4662051.6201],[380808.2586,4662056.7501],[380807.6087,4662064.1702],[380805.9986,4662069.1403],[380803.4886,4662075.9104],[380801.6786,4662081.9304],[380800.2486,4662087.4105],[380798.5286,4662095.1906],[380797.6186,4662102.6707],[380796.9287,4662109.1607],[380796.3987,4662116.7108],[380796.5087,4662123.5308],[380797.7087,4662128.6209],[380798.2387,4662133.3809],[380798.5388,4662137.3309],[380797.2488,4662142.121],[380795.9488,4662144.281],[380793.5187,4662147.0411],[380791.3587,4662148.6211],[380788.5786,4662150.2512],[380785.9186,4662151.5712],[380782.7586,4662153.3213],[380780.3586,4662154.8413],[380777.8685,4662157.2814],[380776.1585,4662161.1914],[380774.8985,4662164.7315],[380773.7485,4662168.7715],[380772.7285,4662173.0616],[380770.8385,4662176.6516],[380767.5784,4662180.2717],[380763.7284,4662182.1318],[380760.2683,4662183.1218],[380756.8883,4662183.0519],[380752.5182,4662182.5919],[380749.2281,4662181.772],[380744.688,4662180.422],[380740.648,4662179.222],[380727.0477,4662177.8722],[380720.9776,4662178.3123],[380716.1876,4662180.1524],[380713.6475,4662182.0424],[380709.5275,4662184.5825],[380704.1474,4662184.5926],[380699.7373,4662183.3826],[380695.1572,4662181.2227],[380690.3971,4662178.3727],[380686.887,4662175.9827],[380681.4869,4662173.8728],[380676.4568,4662172.2028],[380670.7167,4662171.4029],[380665.9467,4662172.363],[380662.5066,4662175.5431],[380659.8666,4662179.1231],[380655.9765,4662183.1032],[380652.2765,4662186.7133],[380648.2664,4662190.0734],[380644.2064,4662192.8635],[380640.2163,4662195.4135],[380634.8162,4662196.1736],[380629.3261,4662195.6237],[380624.096,4662194.8937],[380618.1159,4662193.6438],[380613.8158,4662193.1739],[380608.4557,4662192.1339],[380602.6656,4662191.134],[380597.5655,4662189.7841],[380590.6554,4662188.2641],[380587.2454,4662186.6942],[380583.6053,4662184.4942],[380579.5252,4662182.2842],[380576.2151,4662182.0243],[380574.1651,4662184.2943],[380572.6851,4662186.4544],[380571.1951,4662188.9244],[380569.475,4662193.3245],[380567.6051,4662199.2945],[380565.105,4662205.2446],[380562.745,4662210.4447],[380561.235,4662213.9147],[380557.8549,4662217.4148],[380553.6349,4662218.8249],[380549.4348,4662222.365],[380546.7648,4662227.4951],[380544.7748,4662233.1451],[380542.0948,4662238.9052],[380538.9947,4662243.4753],[380535.7147,4662248.0954],[380532.8447,4662250.7855],[380528.7146,4662253.8855],[380524.1145,4662255.7956],[380518.6444,4662257.2457],[380513.8044,4662258.5258],[380509.5143,4662260.1858],[380506.1443,4662262.9259],[380500.4942,4662264.186],[380497.8941,4662266.0061],[380493.6241,4662266.8561],[380490.184,4662266.8562],[380484.7739,4662265.4862],[380478.4338,4662263.7963],[380467.2935,4662261.1964],[380458.0234,4662258.8765],[380449.0232,4662255.5066],[380440.1431,4662252.6267],[380434.683,4662250.7668],[380431.1629,4662248.5068],[380427.1728,4662244.8568],[380423.9928,4662241.3568],[380420.4727,4662236.4668],[380416.3426,4662233.6969],[380412.5825,4662230.8069],[380408.4524,4662227.9069],[380403.8723,4662225.497],[380397.7822,4662223.937],[380389.032,4662223.6271],[380379.2219,4662223.4273],[380364.3417,4662223.4975],[380339.4912,4662224.8678],[380322.5709,4662226.6381],[380313.0408,4662228.0682],[380306.7407,4662230.0083],[380300.9406,4662232.6384],[380295.8905,4662234.9685],[380292.0305,4662237.2086],[380289.9004,4662240.4086],[380287.9504,4662244.1187],[380285.8104,4662247.8888],[380283.5404,4662251.5988],[380280.3403,4662255.2789],[380276.3903,4662259.019],[380267.8701,4662262.8391],[380261.32,4662264.8992],[380254.7999,4662265.8893],[380246.5498,4662265.7795],[380235.0196,4662263.6696],[380229.9395,4662261.4396],[380226.1994,4662257.9797],[380223.2693,4662254.3597],[380221.1693,4662250.4396],[380220.3493,4662247.4196],[380220.4492,4662242.6096],[380221.3092,4662237.5595],[380221.6592,4662232.6895],[380220.2192,4662226.6594],[380219.1391,4662221.2594],[380215.2791,4662214.4294],[380212.629,4662209.3694],[380211.2489,4662203.4693],[380208.3289,4662196.8393],[380205.5688,4662190.9693],[380203.8187,4662184.6793],[380202.0687,4662178.7692],[380200.3786,4662172.6692],[380198.9586,4662165.6991],[380198.0386,4662158.7991],[380196.7285,4662152.5891],[380196.1685,4662146.319],[380196.1484,4662138.4489],[380195.8484,4662131.4989],[380193.8683,4662118.5788],[380192.0682,4662111.7887],[380191.3082,4662103.0187],[380190.0382,4662097.9286],[380188.3981,4662092.6386],[380186.7981,4662088.2986],[380184.9081,4662082.8786],[380183.568,4662078.2885],[380181.078,4662074.5485],[380178.5779,4662071.6785],[380176.4279,4662069.7585],[380173.8078,4662069.4586],[380169.8077,4662069.3786],[380166.6177,4662069.3087],[380162.6976,4662071.6087],[380159.5876,4662073.9788],[380155.5075,4662077.7689],[380151.4375,4662083.749],[380136.0673,4662098.6293],[380124.9071,4662109.3396],[380117.797,4662117.6398],[380110.1169,4662125.9199],[380105.1969,4662131.3201],[380099.2068,4662136.8902],[380090.3466,4662141.8904],[380084.4666,4662144.9005],[380077.4564,4662148.5706],[380070.5763,4662151.7407],[380062.2462,4662155.3809],[380056.3861,4662157.641],[380050.216,4662159.3911],[380042.2058,4662160.1012],[380036.3758,4662160.6013],[380030.1057,4662161.3514],[380023.3556,4662161.5214],[380016.7254,4662161.3215],[380012.1154,4662160.6016],[380006.5253,4662159.0516],[380000.8052,4662157.5017],[380000,4662157.2522],[379994.9651,4662155.6918],[379987.8649,4662154.2318],[379983.0148,4662152.7519],[379977.4147,4662151.572],[379973.5347,4662151.562],[379967.4646,4662151.9321],[379961.7445,4662153.2522],[379957.2144,4662154.6023],[379950.5543,4662156.6524],[379944.6342,4662158.4025],[379937.1941,4662161.3126],[379930.054,4662164.9827],[379923.5439,4662168.6028],[379916.6938,4662173.403],[379910.0737,4662178.7631],[379902.5536,4662185.6733],[379897.3935,4662190.6934],[379887.3234,4662199.7436],[379882.8233,4662205.6538],[379874.4032,4662214.044],[379866.3531,4662225.5142],[379860.663,4662234.3343],[379853.7129,4662243.9445],[379848.6829,4662254.4047],[379843.9328,4662263.4349],[379839.6928,4662272.105],[379834.9627,4662280.1951],[379829.9527,4662289.7253],[379821.5026,4662302.0556],[379814.3425,4662310.0957],[379808.4024,4662316.1059],[379802.2423,4662323.476],[379795.7922,4662330.2262],[379788.2821,4662336.6364],[379782.502,4662341.2065],[379775.2419,4662347.5566],[379769.5518,4662353.6968],[379761.2217,4662360.277],[379751.9015,4662369.5872],[379751.6916,4662369.7872],[379745.8415,4662375.2773],[379740.3814,4662379.6075],[379733.8413,4662384.2176],[379728.0812,4662388.0377],[379721.8111,4662391.5978],[379713.251,4662394.548],[379706.8909,4662396.7981],[379698.3708,4662397.6182],[379691.4706,4662398.7283],[379685.1205,4662400.1684],[379678.6504,4662401.7185],[379673.0003,4662402.7886],[379667.0502,4662403.3587],[379662.6502,4662403.4288],[379657.4401,4662402.4988],[379652.67,4662400.8489],[379645.4498,4662398.039],[379642.6197,4662396.409],[379636.9397,4662393.049],[379632.5095,4662389.519],[379626.6295,4662386.6191],[379626.2895,4662391.0791],[379624.6895,4662395.9792],[379621.8494,4662400.1793],[379619.0294,4662403.4894],[379615.2893,4662406.1095],[379610.8693,4662408.2695],[379606.4492,4662410.2396],[379603.2591,4662410.2997],[379599.3191,4662410.3397],[379593.379,4662410.2198],[379587.1289,4662410.0299],[379577.0087,4662406.51],[379569.1785,4662404.2801],[379553.0282,4662399.3902],[379537.5879,4662393.0004],[379521.6877,4662387.9905],[379513.9475,4662383.9506],[379502.9973,4662378.6007],[379495.5172,4662374.2608],[379495.2772,4662374.1708],[379489.127,4662371.8708],[379484.687,4662371.7809],[379480.5569,4662371.9509],[379477.9469,4662374.461],[379476.8768,4662377.561],[379477.0468,4662381.5011],[379478.5969,4662385.4811],[379481.597,4662388.2911],[379485.727,4662391.1911],[379490.5671,4662393.161],[379497.7672,4662395.501],[379507.2474,4662399.6309],[379514.2276,4662404.1508],[379531.0979,4662416.8207],[379543.0481,4662425.3207],[379556.8084,4662437.1706],[379568.5887,4662448.3505],[379582.3589,4662462.6405],[379592.7292,4662475.1105],[379601.7094,4662488.4205],[379609.2995,4662499.7705],[379614.8897,4662507.3905],[379621.6598,4662521.8506],[379628.18,4662539.0507],[379636.0702,4662559.9108],[379639.3103,4662572.5409],[379639.9804,4662585.561],[379639.9404,4662596.6311],[379638.2604,4662605.4712],[379634.4204,4662615.5214],[379630.7303,4662625.0716],[379627.5003,4662639.0117],[379624.4803,4662649.0219],[379619.4203,4662673.1122],[379612.5203,4662713.7928],[379607.9503,4662747.4632],[379606.0303,4662761.6834],[379607.1904,4662775.0835],[379608.6104,4662782.3035],[379611.0905,4662789.2936],[379616.0706,4662796.5936],[379623.3108,4662802.9935],[379630.9909,4662809.9035],[379643.7612,4662820.9834],[379659.5315,4662832.6233],[379676.4718,4662847.8532],[379689.2921,4662860.0532],[379731.983,4662900.013],[379740.5032,4662911.383],[379744.0933,4662919.333],[379744.9333,4662927.2931],[379744.7933,4662934.1031],[379744.3434,4662940.4732],[379743.8434,4662946.5933],[379741.7833,4662952.8034],[379739.2333,4662958.1235],[379735.5833,4662965.2336],[379731.4132,4662973.4037],[379725.5032,4662981.2239],[379717.053,4662990.9941],[379709.9961,4663000],[379701.1928,4663011.2346],[379689.9925,4663026.7649],[379684.4524,4663040.5952],[379682.7623,4663049.9353],[379682.4923,4663060.0555],[379684.2223,4663072.9156],[379687.4923,4663081.0457],[379690.3823,4663086.8557],[379694.7324,4663093.9457],[379700.5924,4663101.0757],[379709.3225,4663111.2557],[379725.4127,4663128.3457],[379841.1342,4663253.3955],[379846.8842,4663265.6455],[379849.9842,4663276.1456],[379850.5642,4663287.3557],[379849.6741,4663297.3959],[379847.714,4663304.486],[379844.5439,4663312.6761],[379841.8639,4663318.3063],[379839.0638,4663323.8764],[379835.3637,4663330.4965],[379831.7936,4663336.7366],[379827.9835,4663342.7868],[379824.3034,4663348.3969],[379820.4833,4663354.577],[379815.4232,4663360.6572],[379810.1731,4663366.1773],[379805.093,4663370.3274],[379798.0029,4663374.4276],[379790.5127,4663379.7178],[379783.8626,4663384.0179],[379776.3524,4663387.4881],[379768.8423,4663390.8982],[379758.5121,4663394.6884],[379745.4919,4663398.1087],[379735.9217,4663401.5989],[379726.1715,4663407.2791],[379716.5213,4663411.5193],[379709.4311,4663415.6894],[379701.3209,4663423.8397],[379694.8708,4663430.3298],[379688.1007,4663437.32],[379680.6505,4663446.9803],[379673.4304,4663457.4005],[379666.7302,4663464.2707],[379661.8001,4663469.7308],[379657.07,4663474.821],[379652.0899,4663480.0311],[379647.0598,4663484.0612],[379642.8897,4663486.2213],[379637.5296,4663488.6114],[379631.8595,4663490.3715],[379623.5194,4663492.0117],[379613.7792,4663494.1919],[379604.749,4663495.692],[379595.1689,4663496.0622],[379584.5687,4663497.5323],[379574.4285,4663498.4425],[379563.9983,4663500.6027],[379554.7782,4663505.3529],[379544.008,4663509.2031],[379534.3378,4663514.2533],[379524.3376,4663519.8035],[379512.4474,4663526.7438],[379500.0871,4663534.5541],[379475.6466,4663549.3746],[379446.6861,4663566.9853],[379436.0059,4663575.2755],[379426.4557,4663583.6858],[379420.9256,4663589.1059],[379417.4355,4663593.756],[379416.0855,4663597.1261],[379415.7254,4663600.5562],[379415.4254,4663606.4862],[379415.5654,4663612.4963],[379416.8654,4663617.6964],[379419.0354,4663623.1864],[379422.1054,4663628.1564],[379426.4655,4663632.3164],[379432.5856,4663636.3163],[379451.0458,4663650.2562],[379481.4462,4663673.2361],[379502.0665,4663695.586],[379519.6866,4663713.746],[379537.9569,4663735.636],[379551.7671,4663753.696],[379560.1071,4663769.9761],[379568.1372,4663789.3762],[379577.4372,4663809.4163],[379585.7973,4663829.5164],[379593.4773,4663848.3865],[379601.2274,4663868.3967],[379610.4674,4663890.3668],[379620.3575,4663911.1869],[379626.1675,4663925.817],[379630.7475,4663940.1871],[379634.0775,4663951.2772],[379637.9375,4663967.1073],[379639.4475,4663972.1474],[379642.1676,4663980.9474],[379644.9275,4663994.2675],[379646.5518,4664000],[379649.7275,4664011.2077],[379654.6975,4664028.4178],[379659.1575,4664045.718],[379664.0675,4664063.8581],[379668.7975,4664080.8682],[379672.8275,4664097.0084],[379677.3775,4664112.7585],[379681.3275,4664128.1486],[379685.8275,4664145.8288],[379689.9075,4664161.1589],[379691.9575,4664176.9391],[379692.0074,4664191.6593],[379691.0673,4664209.1895],[379690.3772,4664229.9398],[379688.9271,4664246.51],[379686.347,4664267.4503],[379684.4469,4664282.1705],[379683.0068,4664297.8007],[379681.2467,4664320.611],[379679.1066,4664341.4613],[379676.6364,4664358.3415],[379674.7463,4664375.1318],[379672.1462,4664400.3921],[379670.3061,4664416.2424],[379667.326,4664437.6627],[379664.2558,4664456.2029],[379662.5457,4664476.1932],[379659.7856,4664499.9435],[379657.0454,4664522.4439],[379647.6449,4664607.3451],[379643.8847,4664638.3555],[379641.0646,4664662.1058],[379638.2445,4664678.7161],[379636.0944,4664685.6762],[379633.9644,4664692.5463],[379625.2542,4664710.1067],[379614.5139,4664729.2471],[379604.3237,4664747.5375],[379594.9235,4664765.2478],[379584.2332,4664784.6982],[379573.893,4664805.3586],[379565.6028,4664821.329],[379559.5927,4664833.7992],[379556.2626,4664847.3694],[379554.9925,4664863.1296],[379555.4324,4664880.6299],[379558.2324,4664898.52],[379561.6724,4664914.0002],[379567.0424,4664929.8003],[379575.2224,4664943.5003],[379584.3425,4664958.3904],[379587.2525,4664964.0204],[379592.7726,4664973.2404],[379603.6227,4664988.3604],[379612.4371,4665000],[379000,4665000],[379000,4666000],[379000,4666423.5788],[378999.8171,4666423.5837],[378998.9378,4666423.5184],[378986.2171,4666422.5738],[378974.6119,4666419.8364],[378972.3969,4666419.3139],[378941.1567,4666399.0943],[378917.2765,4666384.3942],[378912.2063,4666382.2742],[378904.563,4666382.5487],[378904.3593,4666382.5192],[378893.6765,4666389.2945],[378873.9464,4666402.9245],[378854.4361,4666415.6342],[378843.9967,4666422.4348],[378827.2468,4666432.1848],[378801.8969,4666449.3552],[378768.447,4666478.1454],[378768.299,4666478.2922],[378750.8273,4666495.6158],[378740.4273,4666512.1457],[378739.5172,4666520.2958],[378739.7873,4666528.7558],[378744.1075,4666545.2359],[378744.5549,4666547.2487],[378746.5677,4666556.3058],[378747.5678,4666565.8758],[378747.7776,4666576.4859],[378746.9177,4666580.7508],[378746.0577,4666585.0157],[378741.8579,4666593.6559],[378733.0779,4666607.7359],[378719.378,4666621.7861],[378705.2882,4666633.7061],[378672.4481,4666657.3665],[378634.8984,4666681.3466],[378593.4483,4666701.4873],[378563.1285,4666712.4175],[378519.9485,4666721.7079],[378398.6884,4666730.8988],[378380.4187,4666732.4688],[378364.2982,4666731.469],[378353.2283,4666730.959],[378333.5884,4666726.4293],[378313.9585,4666720.3894],[378312.7525,4666719.989],[378295.7981,4666714.3592],[378227.8178,4666677.5897],[378218.5976,4666675.6498],[378204.7975,4666677.0299],[378199.3613,4666679.9573],[378195.8278,4666681.86],[378189.2277,4666688.62],[378179.8703,4666710.3243],[378148.8084,4666782.3705],[378142.1484,4666788.6306],[378134.4082,4666793.7106],[378114.3986,4666801.311],[378080.8283,4666809.9511],[378021.9284,4666819.9516],[378007.3385,4666824.6518],[378000,4666829.6033],[377928.3288,4666877.9623],[377920.3088,4666888.6525],[377914.5789,4666896.9327],[377911.7988,4666905.5326],[377880.5601,4667050.763],[377879.7351,4667057.7381],[377878.91,4667064.7131],[377880.9804,4667076.4431],[377897.1006,4667109.583],[377898.7093,4667112.5544],[377901.6807,4667118.043],[377900.7706,4667129.8031],[377895.4707,4667139.453],[377882.4008,4667151.8632],[377807.8311,4667202.9639],[377796.0409,4667205.1738],[377755.6208,4667201.4942],[377746.4109,4667202.9644],[377739.511,4667207.8044],[377724.391,4667219.8745],[377649.0615,4667276.8653],[377608.6418,4667324.6556],[377588.4119,4667358.3959],[377570.4219,4667329.606],[377557.0612,4667278.0158],[377557.0611,4667258.911],[377557.0609,4667239.8061],[377564.6906,4667205.4157],[377593.3406,4667167.2054],[377604.8003,4667143.8052],[377606.7103,4667120.8852],[377597.1598,4667084.5855],[377589.5199,4667065.4753],[377582.9077,4667053.5742],[377579.9693,4667048.2854],[377572.3291,4667010.0754],[377566.5989,4666992.8752],[377566.5159,4666991.9618],[377562.7791,4666950.8455],[377562.7789,4666929.8351],[377553.2383,4666891.6254],[377551.3281,4666870.6053],[377551.3277,4666813.2954],[377558.9676,4666794.1851],[377568.5076,4666776.9951],[377574.2372,4666759.795],[377578.0574,4666740.6949],[377578.0572,4666721.5849],[377574.2368,4666704.3949],[377553.2366,4666671.9151],[377536.0465,4666660.455],[377513.1263,4666633.7053],[377507.3961,4666614.5952],[377511.216,4666593.5852],[377516.9458,4666576.3853],[377517.9007,4666565.8803],[377518.8557,4666555.3753],[377518.8557,4666555.3752],[377513.1253,4666511.4352],[377518.855,4666471.315],[377516.9449,4666452.205],[377511.2147,4666433.1049],[377497.8545,4666413.9948],[377487.8265,4666402.296],[377486.3944,4666400.6253],[377486.3943,4666400.6252],[377442.4741,4666364.3254],[377432.924,4666349.0405],[377423.3738,4666333.7555],[377400.4536,4666307.0055],[377364.1735,4666293.636],[377358.0334,4666287.0158],[377357.0035,4666275.906],[377360.3531,4666221.0357],[377365.1279,4666213.3957],[377369.9028,4666205.7556],[377373.7228,4666186.6456],[377373.7227,4666167.5457],[377390.9124,4666115.9554],[377444.382,4666067.7148],[377457.7419,4666044.7948],[377459.6515,4666025.6849],[377455.8314,4666004.6746],[377454.2742,4666000],[377450.1015,4665987.4746],[377440.5611,4665970.2848],[377434.8311,4665951.1748],[377432.9207,4665912.9647],[377440.6105,4665889.8846],[377436.7609,4665888.2147],[377431.7438,4665885.6131],[377427.8706,4665883.6046],[377423.1704,4665878.5048],[377419.0005,4665871.2749],[377417.2054,4665866.15],[377415.4103,4665861.025],[377413.0804,4665852.535],[377411.5303,4665841.605],[377411.5297,4665769.7647],[377423.1689,4665684.3246],[377423.4288,4665668.6246],[377421.2287,4665651.3145],[377417.3484,4665624.1243],[377400.848,4665567.8143],[377384.3475,4665511.5043],[377378.5273,4665490.1445],[377375.6274,4665475.4745],[377374.6472,4665457.1347],[377394.0556,4665270.724],[377393.8557,4665259.5039],[377390.1756,4665249.3641],[377384.3505,4665241.5942],[377378.5253,4665233.8242],[377243.254,4665076.1748],[377228.5739,4665059.065],[377189.2135,4665015.2553],[377174.9037,4665011.1553],[377158.5434,4665013.2055],[377146.2733,4665021.3854],[377138.095,4665037.7498],[377134.0038,4665045.9358],[377128.198,4665064.1888],[377119.6839,4665090.9559],[377113.5539,4665101.1858],[377093.104,4665115.5061],[377072.6541,4665119.5962],[377050.154,4665113.4565],[377007.3401,4665096.0086],[377000,4665093.0173],[376994.9439,4665090.9568],[376917.3544,4665019.475],[376902.9131,4665005.0274],[376896.2156,4665000.0003],[376896.2153,4665000],[376894.7328,4664998.8873],[376876.3329,4664990.6974],[376857.7461,4664992.5608],[376855.8827,4664992.7476],[376627.0825,4664994.6595],[376613.6374,4664994.7297],[376600.2624,4664994.7995],[376587.9924,4664994.4397],[376577.7626,4664992.7497],[376570.0523,4664990.8099],[376563.0024,4664987.82],[376555.2723,4664982.5199],[376506.1918,4664933.4201],[376494.6845,4664925.7446],[376487.7815,4664921.1402],[376475.5117,4664921.1404],[376455.0617,4664929.3205],[376433.5865,4664942.5472],[376428.4819,4664945.6911],[376421.4704,4664947.4439],[376412.1217,4664949.7809],[376393.7118,4664949.781],[376377.1479,4664947.9449],[376375.3118,4664947.7414],[376358.9514,4664941.6014],[376289.4215,4664941.6019],[376273.0614,4664937.512],[376260.7915,4664923.1919],[376232.1613,4664896.5923],[376227.0511,4664892.4973],[376221.941,4664888.4023],[376201.4909,4664882.2725],[376174.9009,4664884.3126],[376159.5659,4664885.3378],[376144.2309,4664886.363],[376125.821,4664888.4031],[376109.4608,4664884.3131],[376071.5379,4664868.5046],[376060.3805,4664863.8535],[376051.1805,4664861.8086],[376041.9805,4664859.7638],[376009.2605,4664861.8139],[376000,4664862.7108],[375945.8605,4664867.9544],[375938.7054,4664866.9295],[375931.5504,4664865.9045],[375909.0505,4664859.7648],[375888.6003,4664839.3048],[375874.29,4664818.8448],[375872.8678,4664813.8654],[375872.3506,4664812.0547],[375866.11,4664790.205],[375866.1099,4664765.6549],[375873.6607,4664742.9824],[375874.2894,4664741.0947],[375982.6684,4664595.8337],[375996.9883,4664563.0935],[376000,4664542.0033],[376001.0781,4664534.4536],[376000,4664529.0652],[375995.9614,4664508.8802],[375994.9377,4664503.7635],[375986.7576,4664479.2134],[375968.3573,4664450.5736],[375943.8173,4664428.0637],[375835.4266,4664366.6845],[375830.9279,4664365.8664],[375827.2796,4664365.203],[375812.9365,4664362.5946],[375800.9052,4664366.2071],[375792.4864,4664368.7348],[375792.4863,4664368.7349],[375790.4413,4664371.8025],[375784.3065,4664381.0049],[375763.888,4664448.5668],[375757.7171,4664468.9853],[375737.2672,4664505.8154],[375722.9574,4664530.3655],[375702.5076,4664544.6856],[375616.6177,4664577.4264],[375605.8177,4664579.1267],[375596.1678,4664579.4664],[375586.0177,4664577.7567],[375577.7676,4664573.3267],[375569.5075,4664567.2967],[375561.4075,4664559.007],[375528.6874,4664518.0869],[375525.1823,4664513.5622],[375522.4671,4664510.0571],[375518.6171,4664506.0622],[375514.767,4664502.0672],[375506.1869,4664495.5871],[375477.5568,4664481.2673],[375418.2565,4664444.4376],[375403.9365,4664432.158],[375393.7161,4664415.7879],[375395.7559,4664366.6878],[375401.8951,4664278.7076],[375393.7147,4664219.3776],[375370.6339,4664128.7376],[375368.1838,4664121.6076],[375365.5079,4664116.6835],[375364.0539,4664114.0076],[375348.7187,4664097.6427],[375333.3835,4664081.2777],[375323.1534,4664066.958],[375312.9334,4664052.628],[375308.5095,4664038.4748],[375302.703,4664019.8978],[375298.1136,4664000],[375292.3693,4663975.095],[375290.4325,4663966.698],[375286.6027,4663961.158],[375280.2125,4663956.468],[375273.0424,4663953.3081],[375269.4675,4663952.8431],[375265.8926,4663952.3782],[375177.9625,4663966.6989],[375172.0924,4663968.6389],[375170.1784,4663969.8951],[375165.6925,4663972.8389],[375145.2425,4663993.2991],[375136.4595,4664000],[375113.5013,4664010.7631],[375100.2524,4664013.7593],[375092.6516,4664015.258],[375086.3026,4664016.5097],[375077.3727,4664020.4397],[374998.0028,4664064.9104],[374973.1526,4664050.0805],[374957.7691,4664000],[374955.0621,4663981.0304],[374953.172,4663974.3705],[374948.9222,4663968.7506],[374939.2521,4663961.1607],[374930.522,4663956.4707],[374915.692,4663951.8806],[374900.3418,4663948.3111],[374885.5317,4663946.2409],[374867.8718,4663944.381],[374850.3817,4663943.3114],[374834.4016,4663944.2014],[374832.5653,4663944.3589],[374782.3915,4663948.6616],[374769.9017,4663951.5218],[374760.9817,4663955.092],[374728.0616,4663974.8923],[374692.5826,4664000],[374692.4519,4664000.0925],[374684.242,4664008.3026],[374678.1721,4664015.0827],[374652.4024,4664052.633],[374648.5523,4664057.2228],[374643.9122,4664060.433],[374638.5624,4664063.2931],[374632.3872,4664064.8065],[374631.9523,4664064.9131],[374619.8222,4664065.7931],[374619.1343,4664065.8155],[374598.0523,4664066.5034],[374582.8723,4664069.0035],[374570.6023,4664073.0935],[374554.1523,4664081.1438],[374535.2425,4664092.9338],[374521.5224,4664101.7441],[374516.8624,4664106.314],[374513.3425,4664111.9741],[374510.7925,4664119.8841],[374509.2524,4664130.3842],[374508.2327,4664159.0292],[374505.4432,4664194.1643],[374482.9631,4664205.2344],[374458.6861,4664194.9179],[374404.9628,4664161.075],[374386.5523,4664150.8449],[374377.3126,4664148.4552],[374368.1526,4664146.7553],[374357.6825,4664145.9554],[374343.7627,4664145.2454],[374342.233,4664145.4314],[374000,4664000],[373000,4664000],[373000,4665000],[372991.3199,4666258],[372987.2814,4666254.5388],[372985.0763,4666252.6489],[372979.8465,4666250.0891],[372970.0663,4666249.0091],[372970.0662,4666249.0091],[372969.8615,4666249.0145],[372962.0263,4666249.2192],[372958.6196,4666250.0159],[372951.8063,4666251.609],[372942.2763,4666255.1694],[372900.7365,4666290.4197],[372893.5767,4666294.6598],[372883.3665,4666299.22],[372873.0466,4666301.7598],[372793.7465,4666319.3908],[372728.2864,4666321.911],[372679.1963,4666316.8714],[372663.6883,4666313.5456],[372643.9464,4666309.3116],[372639.6315,4666307.9264],[372638.2463,4666307.4817],[372634.7661,4666305.3118],[372628.8465,4666299.2417],[372624.7761,4666292.2618],[372623.8061,4666285.3917],[372623.8055,4666214.8717],[372622.5955,4666206.5217],[372618.7754,4666198.5016],[372613.0353,4666191.0816],[372604.9251,4666185.9118],[372599.8253,4666183.8293],[372596.3054,4666182.3919],[372587.3051,4666180.872],[372587.305,4666180.872],[372466.455,4666183.3928],[372455.875,4666182.6628],[372443.795,4666180.8731],[372430.6649,4666176.1429],[372419.5649,4666169.5432],[372412.6348,4666164.6232],[372406.985,4666159.4631],[372379.0783,4666124.5749],[372371.7343,4666115.3935],[372364.1742,4666105.7134],[372359.6331,4666101.5038],[372355.2641,4666097.4536],[372347.8142,4666092.7235],[372302.5039,4666067.5439],[372284.8739,4666054.954],[372255.9236,4666027.2442],[372249.5937,4666024.2041],[372243.3337,4666023.4642],[372237.4336,4666024.2042],[372229.4935,4666025.9844],[372166.5537,4666049.9149],[372159.8536,4666056.155],[372157.5386,4666059.96],[372155.2236,4666063.7649],[372154.5115,4666065.5929],[372152.6835,4666070.285],[372151.6231,4666076.5546],[372151.4437,4666077.615],[372148.9289,4666100.2802],[372146.414,4666122.9453],[372144.2141,4666133.0452],[372140.7342,4666140.6553],[372136.3441,4666148.1352],[372133.1241,4666152.8254],[372128.7842,4666157.6154],[372123.7543,4666160.7254],[372090.0992,4666169.3715],[372030.6045,4666184.656],[372023.7144,4666186.4062],[372016.9846,4666189.8863],[372011.7245,4666193.4664],[371989.4474,4666216.6426],[371980.2546,4666226.2064],[371958.8548,4666246.3568],[371951.4647,4666249.8869],[371943.7447,4666251.3969],[371897.1749,4666256.4271],[371883.4572,4666256.7348],[371878.8847,4666256.8373],[371865.1665,4666257.4593],[371864.5445,4666257.4875],[371854.3348,4666258.1476],[371843.9046,4666260.5377],[371815.3447,4666266.5079],[371634.0847,4666300.5094],[371615.2046,4666304.2893],[371602.8546,4666305.3196],[371574.9146,4666304.2896],[371567.7647,4666304.88],[371557.3346,4666306.84],[371549.7446,4666309.3199],[371510.7247,4666325.6903],[371494.3148,4666329.8804],[371481.4946,4666331.8406],[371471.0645,4666332.7106],[371451.2946,4666330.3106],[371435.1946,4666326.9509],[371421.0847,4666322.9208],[371408.9146,4666317.2709],[371399.9443,4666311.8411],[371395.6042,4666307.9211],[371390.384,4666300.9713],[371383.5841,4666291.6912],[371351.8587,4666238.6589],[371341.2836,4666220.9813],[371335.1935,4666212.7115],[371324.3334,4666199.6714],[371315.6034,4666192.2116],[371309.5533,4666187.5016],[371301.7632,4666183.4017],[371296.0834,4666181.4117],[371289.5632,4666180.5416],[371282.8834,4666180.8819],[371273.9132,4666182.9319],[371265.2532,4666185.922],[371239.8032,4666199.4623],[371231.2733,4666202.2922],[371222.3658,4666204.3701],[371217.3088,4666205.5497],[371193.5035,4666211.1027],[371164.5533,4666218.6628],[371120.5621,4666220.0656],[371077.9732,4666221.4235],[371067.0434,4666222.2835],[371054.0232,4666224.6035],[370989.5334,4666247.564],[370957.8332,4666257.4145],[370951.261,4666258.7522],[370949.9233,4666259.0245],[370944.8441,4666259.5482],[370937.3133,4666260.3246],[370916.3033,4666261.7847],[370876.9431,4666263.975],[370841.9681,4666263.9753],[370806.9931,4666263.9756],[370796.3931,4666265.7557],[370785.9629,4666268.5856],[370774.0131,4666273.1558],[370764.3631,4666277.0959],[370703.1433,4666310.9963],[370692.2133,4666316.4564],[370687.2034,4666317.4966],[370681.1232,4666317.4966],[370674.3833,4666315.9767],[370667.9631,4666313.7365],[370628.823,4666297.8671],[370623.7532,4666297.4971],[370623.7531,4666297.4971],[370618.5331,4666298.8069],[370611.5195,4666301.1091],[370608.053,4666302.2469],[370560.7133,4666323.3342],[370537.0433,4666333.8779],[370514.7603,4666341.0453],[370445.4832,4666363.3283],[370435.9935,4666367.6183],[370430.4607,4666370.6778],[370429.5731,4666371.1686],[370427.3503,4666372.5657],[370423.8136,4666374.7885],[370409.8634,4666385.5188],[370398.4363,4666393.5917],[370379.1534,4666401.899],[370378.2934,4666394.349],[370373.8733,4666383.959],[370371.1881,4666378.0241],[370369.9732,4666375.3389],[370368.86,4666373.7611],[370360.7032,4666362.1993],[370350.2429,4666355.9392],[370340.283,4666348.4092],[370326.553,4666344.7292],[370317.6829,4666345.0693],[370308.0729,4666346.6994],[370300.4829,4666348.3096],[370297.8629,4666348.9098],[370286.1729,4666338.7996],[370282.2629,4666334.4496],[370280.9228,4666332.0146],[370279.5827,4666329.5796],[370270.8427,4666303.3398],[370269.2611,4666301.4711],[370267.9225,4666299.8895],[370262.7025,4666295.9797],[370255.5424,4666292.4098],[370223.8421,4666279.28],[370220.4267,4666277.9962],[370215.3825,4666276.0999],[370206.9123,4666274.1401],[370201.9722,4666273.8203],[370192.4022,4666274.5703],[370169.1821,4666276.0004],[370152.4222,4666276.1003],[370134.6551,4666274.6113],[370134.1722,4666274.5708],[370116.712,4666272.7208],[370062.0619,4666262.8813],[370053.9919,4666260.8811],[370045.0816,4666257.6211],[370033.6418,4666251.9514],[370018.678,4666243.0992],[370000,4665000],[369000,4665000],[369000,4666000],[368998.0924,4666309.4086],[368937.0203,4666294.3298],[368930.5904,4666294.9998],[368921.7103,4666298.7098],[368920.5805,4666299.5858],[368916.6803,4666302.61],[368911.0303,4666307.4],[368905.3205,4666314.0201],[368890.0104,4666332.6002],[368884.5206,4666336.5203],[368842.5805,4666358.7006],[368836.4507,4666363.2206],[368818.9008,4666377.6108],[368814.5909,4666379.621],[368807.3342,4666380.8745],[368806.0807,4666381.091],[368798.2007,4666381.811],[368788.0409,4666381.0911],[368775.6606,4666379.5613],[368761.0307,4666376.3412],[368752.1907,4666371.9614],[368743.5406,4666366.5015],[368739.5908,4666363.0414],[368730.6355,4666350.5565],[368721.6803,4666338.0715],[368710.8404,4666323.2616],[368706.3802,4666319.4818],[368702.1502,4666317.1817],[368695.4101,4666315.0017],[368685.6103,4666312.9216],[368680.6827,4666312.439],[368680.2001,4666312.3917],[368680.2,4666312.3917],[368673.6802,4666313.9217],[368668.1201,4666316.202],[368630.9503,4666354.4722],[368628.2567,4666360.1753],[368627.6205,4666361.5221],[368625.2305,4666369.3523],[368625.0937,4666370.3134],[368622.2103,4666390.5623],[368617.8408,4666415.7125],[368615.881,4666420.8123],[368611.5407,4666425.1525],[368607.7054,4666429.0816],[368605.8109,4666431.0224],[368579.5811,4666452.8927],[368567.5512,4666464.9229],[368565.481,4666467.7529],[368563.791,4666472.6827],[368564.1072,4666476.1402],[368564.2811,4666478.0429],[368570.3092,4666500.4447],[368571.9313,4666506.4729],[368572.0508,4666507.6137],[368573.1916,4666518.503],[368573.1141,4666519.813],[368572.8814,4666523.7429],[368571.9314,4666527.2429],[368569.9618,4666531.303],[368567.0316,4666534.3829],[368562.0918,4666538.183],[368555.0017,4666544.103],[368549.4516,4666546.723],[368541.0397,4666547.9099],[368540.6618,4666547.9632],[368181.1011,4666552.7457],[368175.6712,4666551.666],[368170.611,4666549.396],[368164.9912,4666546.326],[368159.7511,4666542.7962],[368155.4611,4666539.2761],[368152.051,4666535.0961],[368150.9139,4666533.2647],[368149.0709,4666530.2962],[368146.7209,4666525.0661],[368145.0909,4666518.8063],[368144.5308,4666511.9461],[368145.1508,4666504.0662],[368146.7207,4666495.5361],[368149.5006,4666484.2861],[368150.8405,4666480.6161],[368152.1805,4666476.946],[368179.2704,4666452.0158],[368179.2705,4666452.0157],[368182.7904,4666447.4257],[368183.8805,4666440.8657],[368183.6204,4666432.2357],[368181.7003,4666425.5556],[368180.3601,4666421.1457],[368180.1614,4666420.9306],[368175.1402,4666415.4957],[368168.5801,4666411.3461],[368094.2497,4666367.6061],[368089.8671,4666364.6587],[368086.9197,4666362.6764],[368080.1797,4666357.0164],[368076.7594,4666352.2964],[368073.0095,4666345.2864],[368071.2995,4666340.2664],[368065.8294,4666320.5863],[368054.8991,4666287.7765],[368050.4689,4666282.1364],[368041.769,4666275.1867],[368035.2186,4666271.3766],[368004.6188,4666261.5369],[367996.3588,4666259.7569],[367984.9386,4666259.3468],[367978.1411,4666260.1667],[367976.1486,4666260.4069],[367966.4187,4666262.8071],[367922.0141,4666278.3149],[367892.6003,4666288.5872],[367891.7687,4666288.8776],[367884.1287,4666291.2978],[367875.3687,4666293.2479],[367864.2686,4666292.7578],[367862.8804,4666292.4826],[367855.6987,4666291.0581],[367847.8788,4666288.5878],[367842.7,4666286.1649],[367841.4886,4666285.5981],[367838.3386,4666282.8881],[367835.1886,4666280.1781],[367734.54,4666185.8391],[367727.8076,4666179.5288],[367719.7276,4666168.9488],[367714.6875,4666159.8489],[367691.7273,4666107.3587],[367688.4569,4666089.8591],[367688.4502,4666087.579],[367688.4371,4666083.039],[367689.3068,4666078.0388],[367691.727,4666072.3689],[367703.5074,4666053.3256],[367705.9366,4666049.3988],[367713.5965,4666036.2787],[367714.5165,4666033.6986],[367714.7365,4666015.8685],[367714.6864,4666012.2286],[367705.723,4666000.0002],[367705.7229,4666000],[367678.6158,4665963.0188],[367671.7058,4665956.7489],[367670.1521,4665956.1285],[367665.4961,4665954.269],[367611.9358,4665947.7093],[367595.1555,4665944.3594],[367591.1657,4665942.2395],[367571.4956,4665919.2795],[367556.1853,4665905.0696],[367548.6554,4665900.8796],[367542.9007,4665899.777],[367541.9754,4665899.5997],[367537.785,4665899.4111],[367444.6951,4665895.2206],[367439.575,4665893.7107],[367430.485,4665888.6606],[367407.5248,4665875.5407],[367401.3347,4665872.8411],[367397.2972,4665872.347],[367396.3201,4665872.2275],[367392.4249,4665871.7508],[367386.7549,4665872.2608],[367308.0548,4665883.2013],[367245.7549,4665909.4419],[367210.775,4665934.5923],[367188.9151,4665950.9925],[367170.3252,4665960.8327],[367138.6252,4665975.053],[367130.7852,4665981.0929],[367124.9253,4665985.8832],[367124.0159,4665986.9611],[367121.1451,4665990.3633],[367117.3416,4666000],[367000,4666000],[367000,4665000],[368000,4665000],[368000,4664000],[368993.2097,4664000],[368976.4134,4664044.5861],[368961.894,4664126.2464],[368931.4147,4664246.2468],[368925.275,4664255.1066],[368905.225,4664265.0569],[368826.9749,4664275.6775],[368841.4149,4664285.3176],[368862.7154,4664329.9372],[368862.2954,4664332.9474],[368858.7354,4664334.0275],[368817.3852,4664342.6677],[368799.9953,4664345.0628],[368782.6053,4664347.458],[368764.1057,4664351.9081],[368739.1555,4664363.8884],[368712.4555,4664377.6885],[368689.9555,4664385.2787],[368668.2257,4664393.1188],[368642.6555,4664400.0091],[368625.9059,4664409.1093],[368585.2456,4664411.4895],[368582.6657,4664422.4994],[368526.4159,4664445.65],[368493.236,4664471.2402],[368436.4162,4664533.8309],[368385.5866,4664576.2514],[368406.4167,4664602.7511],[368436.4168,4664621.181],[368490.147,4664642.5106],[368495.8983,4664647.9213],[368496.5325,4664648.5179],[368499.437,4664651.2506],[368503.2872,4664658.7506],[368507.1372,4664666.2507],[368505.7277,4664696.2507],[368462.4084,4664812.2411],[368353.1395,4664972.9721],[368340.6296,4664990.462],[368336.0605,4665000],[368311.4799,4665051.3126],[368301.4199,4665058.8826],[368286.42,4665066.4727],[368256.4102,4665071.0031],[368196.4101,4665074.3435],[368169.9602,4665089.7937],[368155.4002,4665146.2439],[368136.4109,4665184.8342],[368130.4308,4665206.2544],[368124.0013,4665266.2444],[368117.7013,4665277.5344],[368106.4216,4665295.0946],[368091.4215,4665307.9647],[368076.4119,4665319.6748],[368050.5415,4665330.375],[368022.5719,4665356.2452],[368000,4665371.256],[367986.422,4665380.2856],[367962.2722,4665410.3957],[367926.4226,4665470.0961],[367904.1526,4665483.9862],[367881.7555,4665491.0507],[367866.4228,4665495.8868],[367854.5331,4665503.0644],[367806.4227,4665532.1073],[367746.7728,4665536.6076],[367716.4229,4665550.7178],[367656.4232,4665605.8385],[367626.4135,4665625.4787],[367609.1285,4665645.8388],[367591.8434,4665666.1991],[367622.0936,4665686.2488],[367656.4239,4665694.8287],[367684.364,4665688.3085],[367716.4238,4665671.258],[367731.4004,4665667.4789],[367741.0508,4665665.0437],[367746.4238,4665663.6879],[367806.4238,4665669.2376],[367896.4142,4665656.2569],[367926.4242,4665680.4167],[367937.7144,4665697.5465],[367953.7047,4665743.5364],[367968.7596,4665748.0649],[367971.4247,4665748.8665],[367983.9149,4665748.7562],[368000,4665741.4729],[368016.4247,4665734.0359],[368041.3444,4665691.3256],[368061.424,4665643.8854],[368109.4736,4665569.3049],[368196.414,4665583.8443],[368256.4141,4665586.0839],[368281.2941,4665601.3736],[368316.4149,4665667.3735],[368346.7148,4665682.0533],[368354.6447,4665659.8432],[368350.2245,4665630.0532],[368346.4243,4665613.2232],[368345.0104,4665611.3663],[368339.0844,4665603.5834],[368324.4637,4665536.2535],[368333.0833,4665476.243],[368346.423,4665444.273],[368369.8376,4665414.3824],[368380.1226,4665401.2528],[368406.4227,4665392.6826],[368466.543,4665416.2522],[368510.6104,4665455.7855],[368550.1438,4665491.2515],[368560.0008,4665496.968],[368616.4239,4665529.691],[368646.4243,4665554.1008],[368671.8196,4665567.7908],[368673.8044,4665568.8607],[368773.3348,4665589.3298],[368796.425,4665603.8698],[368811.4248,4665599.8498],[368816.3947,4665586.2196],[368814.3548,4665576.2295],[368812.3148,4665566.2395],[368787.0894,4665536.2448],[368761.864,4665506.25],[368706.4237,4665458.1802],[368669.5333,4665416.2506],[368644.2731,4665384.1006],[368613.1624,4665322.9908],[368577.5923,4665275.0708],[368570.4021,4665266.2409],[368566.162,4665236.2511],[368574.9515,4665206.2511],[368579.5764,4665198.7459],[368584.2014,4665191.2408],[368616.4215,4665170.2605],[368736.8412,4665134.6895],[368717.5209,4665086.2498],[368724.8907,4665056.2396],[368735.9742,4665045.9867],[368757.3105,4665026.2493],[368765.7424,4665001.113],[368766.1157,4665000],[368767.8603,4664994.7991],[368766.2353,4664980.5241],[368764.6102,4664966.2492],[368770.345,4664951.2441],[368773.5953,4664942.7396],[368776.0797,4664936.2391],[368788.0504,4664917.1999],[368807.0896,4664886.9186],[368819.8293,4664839.6585],[368826.1133,4664825.2956],[368836.6389,4664801.2382],[368846.8538,4664786.2381],[368857.0687,4664771.238],[368873.494,4664764.9528],[368916.4185,4664748.5275],[368928.3987,4664738.2275],[368936.7085,4664726.2374],[368939.4697,4664714.8971],[368940.3583,4664711.2473],[368941.9131,4664687.2721],[368943.4679,4664663.2971],[368944.9274,4664658.1454],[368952.9979,4664629.6574],[368993.4375,4664589.2167],[369000,4664582.6541],[369006.9174,4664575.7366],[369021.4171,4664543.8565],[369040.247,4664516.2363],[369070.3869,4664490.2162],[369081.4169,4664488.3459],[369101.267,4664491.0958],[369126.4073,4664519.8355],[369140.4675,4664548.0406],[369154.5275,4664576.2455],[369184.0986,4664693.9253],[369195.0287,4664711.2454],[369210.7091,4664726.2354],[369231.4187,4664711.7053],[369252.3486,4664681.2349],[369282.8684,4664621.2446],[369311.7975,4664546.2444],[369312.5479,4664539.5346],[369318.5073,4664486.2442],[369315.517,4664456.2443],[369319.2966,4664396.234],[369316.2859,4664286.1138],[369311.2054,4664241.4436],[369287.5849,4664156.2439],[369286.4344,4664126.244],[369306.4139,4664048.4937],[369328.0238,4664021.2333],[369342.0937,4664011.9231],[369345.6187,4664012.2481],[369349.1437,4664012.5732],[369351.7764,4664000],[369364.0231,4663941.513],[369366.1932,4663937.7629],[369371.7928,4663925.6728],[369376.323,4663911.0627],[369382.1428,4663885.4626],[369387.7076,4663859.3626],[369393.2724,4663833.2627],[369403.6823,4663805.9675],[369414.0921,4663778.6724],[369415.3611,4663774.5004],[369420.8019,4663756.6124],[369428.7416,4663727.352],[369431.9318,4663715.8421],[369435.4517,4663698.902],[369437.5086,4663690.0553],[369437.6814,4663689.3121],[369439.5051,4663681.5458],[369447.2713,4663648.4719],[369452.4011,4663650.2417],[369465.5413,4663676.2318],[369472.1614,4663706.2419],[369477.1723,4663796.242],[369494.6426,4663856.2318],[369494.3656,4663885.9674],[369494.363,4663886.242],[369497.4305,4663896.4376],[369510.6935,4663940.5219],[369546.1271,4664000],[369546.414,4664000.4816],[369547.0827,4664000],[369559.2436,4663991.2417],[369568.9334,4663946.2415],[369565.7833,4663886.2414],[369573.9529,4663858.6911],[369590.8626,4663826.2411],[369591.4124,4663792.301],[369588.0822,4663775.096],[369584.7521,4663757.8909],[369589.172,4663736.241],[369602.9919,4663702.8208],[369605.8914,4663675.7206],[369603.5072,4663664.9446],[369592.7312,4663616.2408],[369596.7067,4663530.2161],[369596.8904,4663526.2406],[369626.5303,4663496.2404],[369656.0386,4663480.3389],[369671.9401,4663471.7699],[369726.41,4663455.2997],[369736.0001,4663445.8293],[369771.4096,4663386.3689],[369790.2696,4663376.239],[369846.4098,4663396.3084],[370000,4663410.9132],[370001.2002,4663411.0273],[370008.0094,4663409.3472],[370011.7158,4663408.4327],[370026.4101,4663404.807],[370014.3299,4663388.3071],[370011.3998,4663373.327],[370004.8398,4663367.2821],[370000,4663362.8223],[369998.2798,4663361.2371],[369944.8894,4663316.2276],[369919.6691,4663286.2377],[369918.5893,4663281.477],[369911.6688,4663250.9675],[369924.2986,4663226.2276],[369981.4085,4663201.3172],[369983.5281,4663198.9471],[369990.8887,4663190.717],[369989.0693,4663129.2666],[369988.6178,4663114.0169],[369990.1477,4663099.9769],[370000,4663080.6627],[370002.2576,4663076.2369],[370019.9194,4663054.749],[370041.4073,4663028.6063],[370061.7172,4663010.9161],[370078.6676,4663000],[370116.4071,4662975.6957],[370130.1169,4662956.2357],[370107.4565,4662896.2256],[370107.0461,4662866.2358],[370112.9057,4662851.9354],[370127.2061,4662817.0354],[370139.2656,4662769.0953],[370153.9755,4662753.8052],[370176.4054,4662740.6849],[370199.2453,4662716.2347],[370200.205,4662686.2247],[370167.9744,4662626.2349],[370161.4042,4662592.6449],[370164.2309,4662581.6682],[370169.8843,4662559.7147],[370175.6039,4662551.2246],[370237.7738,4662504.8541],[370241.0335,4662480.8639],[370236.2842,4662473.4236],[370228.5034,4662461.234],[370161.4026,4662380.1244],[370158.0657,4662372.1444],[370149.9327,4662352.6945],[370145.0623,4662324.8947],[370155.7818,4662275.6144],[370202.2814,4662206.234],[370191.391,4662180.5739],[370168.3006,4662146.224],[370156.5807,4662116.2343],[370164.1605,4662086.2341],[370182.8002,4662062.6338],[370202.3401,4662052.1735],[370270.2602,4662030.0931],[370281.4,4662022.8231],[370300.4203,4662000.2527],[370300.4254,4662000],[370301.1936,4661962.202],[370301.2096,4661961.4126],[370283.1192,4661906.2329],[370304.4989,4661846.2227],[370309.1887,4661816.2225],[370301.8682,4661756.2325],[370311.3979,4661733.2322],[370321.7578,4661721.5922],[370331.9879,4661720.6322],[370386.3881,4661718.7419],[370415.5478,4661695.3814],[370429.1475,4661666.2313],[370446.3871,4661569.4409],[370476.3966,4661539.6609],[370510.7266,4661520.5605],[370535.2059,4661515.5538],[370536.3966,4661515.3103],[370564.7368,4661531.2301],[370585.2971,4661576.2301],[370588.5576,4661636.2302],[370582.3979,4661696.2304],[370563.7985,4661753.6305],[370569.0188,4661783.6003],[370587.079,4661816.2204],[370595.9295,4661891.2204],[370600.6497,4661901.9703]]]]},"geometry_name":"GEOMETRIA","properties":{"ID":571}},{"type":"Feature","id":"INFRAVERD_ZONES_CONNECTORS.583","geometry":{"type":"MultiPolygon","coordinates":[[[[375082.2208,4682136.1583],[375075.65,4682137.5277],[375055.5181,4682145.9693],[375047.7703,4682149.218],[375047.6802,4682149.228],[375044.3302,4682151.638],[375043.43,4682151.888],[375027.7582,4682157.6562],[375023.8402,4682159.0982],[375016.8802,4682161.0783],[375009.9202,4682163.0582],[375000,4682167.1672],[375000,4682000],[374000,4682000],[374000,4681000],[374000,4680000],[374000,4679000],[373000,4679000],[373000,4678000],[372000,4678000],[372000,4677000],[372000,4676000],[371000,4676000],[371000,4675165.5294],[371006.6572,4675169.7478],[371090.7194,4675107.7472],[371160.596,4675052.8561],[371175.3753,4675041.2464],[371183.0355,4675035.2127],[371217.9064,4675007.7462],[371227.1603,4675000],[371237.7408,4674991.1434],[371254.3436,4674977.2458],[371259.1828,4674973.6652],[371270.5625,4674965.2454],[371301.9371,4674933.7452],[371355.5931,4674880.2448],[371372.7932,4674862.2054],[371437.5925,4674794.2443],[371478.5482,4674751.8257],[371489.2484,4674740.7435],[371517.3107,4674712.2433],[371535.5917,4674668.2431],[371540.654,4674638.243],[371540.6536,4674590.243],[371539.0283,4674556.743],[371538.0282,4674533.2428],[371537.028,4674515.2427],[371536.3717,4674501.2428],[371535.5903,4674485.7427],[371525.5585,4674406.2428],[371530.5271,4674374.2425],[371570.7143,4674337.2424],[371616.339,4674303.2419],[371710.2138,4674233.2411],[371703.9629,4674124.7407],[371700.4312,4674063.7407],[371699.0717,4674039.4908],[371697.7121,4674015.2407],[371697.6131,4674013.4958],[371695.8682,4673982.741],[371692.6175,4673926.2408],[371704.8052,4673904.2404],[371718.0415,4673880.4648],[371722.8986,4673871.7403],[371806.4602,4673752.7397],[371867.8033,4673677.7392],[371897.4907,4673641.2387],[371940.5844,4673618.2384],[371986.0843,4673605.738],[372057.8347,4673611.7373],[372101.7722,4673615.7372],[372118.0014,4673617.0705],[372126.1159,4673617.7371],[372127.3929,4673617.8485],[372143.3034,4673619.237],[372160.2098,4673620.7367],[372172.5847,4673622.2366],[372193.4287,4673623.7363],[372214.4598,4673625.7364],[372246.7724,4673628.7361],[372317.6786,4673613.2356],[372344.0686,4673596.9952],[372363.1786,4673585.2351],[372403.6783,4673542.2347],[372441.6469,4673519.7346],[372514.5843,4673512.234],[372557.4595,4673511.2335],[372677.9909,4673509.7328],[372698.4754,4673509.4825],[372718.9598,4673509.2323],[372749.3972,4673507.7322],[372784.3662,4673505.7322],[372825.8596,4673498.5308],[372827.5851,4673498.2314],[372881.5848,4673480.731],[372890.866,4673477.731],[372899.5849,4673475.5512],[372999.9991,4673465.0784],[373000,4673465.0783],[373000,4674000],[374000,4674000],[374000,4675000],[375000,4675000],[375000,4676000],[376000,4676000],[376000,4677000],[377000,4677000],[377000,4678000],[377012.0001,4679445.6974],[377006.3626,4679439.9288],[377000.7627,4679431.429],[376998.7625,4679423.8291],[376997.6124,4679418.629],[376996.4625,4679413.4291],[376992.7625,4679403.629],[376987.2501,4679396.6852],[376985.0622,4679393.929],[376970.1621,4679379.1291],[376952.5621,4679359.9291],[376945.972,4679350.9394],[376941.6234,4679342.5779],[376939.3618,4679338.2293],[376933.2117,4679318.7194],[376932.3315,4679297.0193],[376931.1614,4679289.3995],[376930.8616,4679288.9094],[376927.9314,4679284.1192],[376919.4412,4679282.6494],[376912.7447,4679281.5853],[376906.5413,4679280.5993],[376898.4512,4679276.1645],[376890.3612,4679271.7295],[376878.581,4679265.2898],[376875.3612,4679263.5296],[376854.6609,4679252.7297],[376848.211,4679249.8299],[376841.7609,4679246.9299],[376834.373,4679244.454],[376823.2609,4679240.7299],[376811.7108,4679236.48],[376800.1608,4679232.2301],[376783.4705,4679224.8202],[376776.0607,4679221.5305],[376771.3107,4679219.4979],[376753.8605,4679212.0305],[376730.8604,4679201.7306],[376718.4563,4679196.3448],[376708.0603,4679191.8308],[376689.8602,4679184.4308],[376675.7603,4679177.6309],[376657.8601,4679167.7312],[376641.82,4679158.1712],[376639.2151,4679157.4578],[376639.1197,4679157.4317],[376629.2599,4679154.7315],[376619.2599,4679153.9314],[376600.4599,4679156.8316],[376577.16,4679163.1319],[376565.7601,4679168.6318],[376565.7599,4679168.6319],[376553.5,4679180.8919],[376546.5,4679185.272],[376539.4999,4679189.652],[376527.45,4679196.5323],[376504.4902,4679201.9124],[376499.9503,4679202.5326],[376471.2602,4679206.4525],[376443.4901,4679209.1029],[376425.7101,4679203.6628],[376414.96,4679196.233],[376404.7598,4679188.633],[376400.8598,4679186.8998],[376393.0599,4679183.4332],[376374.7597,4679179.8333],[376350.3596,4679176.0336],[376332.9298,4679174.4103],[376329.9598,4679174.1337],[376329.3496,4679174.0772],[376319.1597,4679173.1337],[376314.1818,4679171.0005],[376313.5596,4679170.7338],[376306.6596,4679163.0338],[376298.8593,4679146.134],[376294.9591,4679126.8339],[376293.7591,4679115.0339],[376292.059,4679109.2338],[376280.4089,4679093.324],[376269.7589,4679083.6039],[376259.0286,4679076.7039],[376253.6687,4679076.704],[376248.3087,4679076.704],[376248.3086,4679076.704],[376237.5786,4679078.2342],[376235.177,4679078.8819],[376206.0587,4679086.7344],[376184.1586,4679095.2348],[376167.1589,4679101.6348],[376157.8788,4679104.3049],[376139.4887,4679103.5349],[376121.8586,4679103.6351],[376095.9586,4679106.5355],[376074.0488,4679109.3355],[376069.1719,4679110.5993],[376065.5589,4679111.5355],[376059.1787,4679116.2257],[376050.2987,4679129.5556],[376042.2092,4679139.5956],[376041.3389,4679140.6758],[376033.9089,4679152.5659],[376029.2091,4679157.0458],[376022.5424,4679162.4126],[376019.2091,4679165.0959],[376010.8891,4679168.986],[376005.6789,4679170.3961],[375984.8891,4679171.8863],[375960.939,4679173.3065],[375919.579,4679172.5968],[375910.4189,4679171.2068],[375903.1792,4679168.9169],[375892.3788,4679162.327],[375887.3787,4679158.187],[375882.3787,4679154.047],[375870.3586,4679141.9371],[375852.3585,4679125.1372],[375840.8174,4679112.3373],[375835.8583,4679106.8372],[375830.7182,4679099.8373],[375817.8582,4679075.4374],[375817.018,4679068.9273],[375817.4279,4679063.3181],[375828.096,4679038.3736],[375829.858,4679035.5372],[375838.3577,4679023.9372],[375843.5576,4679011.237],[375844.5072,4679000.0003],[375844.5073,4679000],[375844.6537,4678998.2672],[375844.7576,4678997.0371],[375843.1633,4678990.8685],[375842.4574,4678988.1371],[375838.1822,4678984.1257],[375834.3575,4678980.537],[375826.4053,4678975.2671],[375826.2841,4678975.1868],[375817.4572,4678969.3372],[375813.8851,4678967.5613],[375808.4618,4678964.865],[375799.7575,4678960.5374],[375785.657,4678958.1373],[375767.4571,4678960.0376],[375747.5571,4678964.6378],[375734.7571,4678969.3379],[375723.2572,4678973.1381],[375719.3048,4678974.3647],[375715.0333,4678975.6902],[375712.1632,4678976.5809],[375708.7571,4678977.638],[375702.6751,4678980.7935],[375702.1072,4678981.0881],[375698.7822,4678982.8131],[375695.4571,4678984.5381],[375695.1792,4678984.757],[375695.0399,4678984.8668],[375691.5651,4678987.6038],[375689.1816,4678989.4812],[375689.0241,4678989.6053],[375680.8572,4678996.0384],[375680.296,4678996.5432],[375679.2573,4678997.4774],[375677.5981,4678998.9697],[375676.4524,4679000],[375664.9572,4679010.3384],[375661.3494,4679013.4151],[375648.6574,4679024.2386],[375632.1576,4679035.0388],[375619.2576,4679040.6389],[375605.4574,4679044.439],[375583.9575,4679049.5392],[375573.6075,4679051.9892],[375563.2575,4679054.4392],[375547.5576,4679058.9393],[375528.4576,4679065.5396],[375507.7574,4679072.0399],[375493.6574,4679075.6399],[375488.2975,4679077.9899],[375483.3575,4679081.7398],[375473.6575,4679091.7399],[375468.4577,4679097.9401],[375466.4576,4679100.3401],[375464.4677,4679102.9452],[375460.9578,4679107.5402],[375456.6078,4679115.9803],[375455.0328,4679120.0102],[375453.4577,4679124.0401],[375434.3979,4679153.3403],[375425.768,4679175.6707],[375422.7281,4679187.7705],[375417.2183,4679204.9806],[375412.6985,4679216.8873],[375410.4385,4679222.8407],[375400.9029,4679247.0981],[375387.6188,4679280.891],[375378.429,4679310.2211],[375369.9393,4679343.9811],[375360.7596,4679373.9316],[375352.1598,4679398.8014],[375336.0499,4679433.2716],[375320.6002,4679469.6518],[375302.0206,4679510.512],[375275.501,4679577.5022],[375267.4111,4679591.5524],[375258.7984,4679609.2926],[375250.6713,4679626.0325],[375249.6962,4679628.4315],[375237.7012,4679657.9427],[375226.6718,4679692.3627],[375219.3419,4679717.2229],[375213.8163,4679737.7015],[375212.6422,4679742.0529],[375209.7321,4679764.9632],[375209.3025,4679782.7532],[375209.5726,4679806.2533],[375209.7829,4679825.3033],[375204.2031,4679864.9132],[375207.4733,4679882.9133],[375192.9435,4679928.6334],[375192.9435,4679928.6335],[375201.3937,4679950.6034],[375211.5239,4679960.7434],[375233.4839,4679975.9532],[375243.2892,4679990.6646],[375246.9942,4679996.2233],[375250.5948,4680004.4529],[375258.8244,4680023.2631],[375268.9547,4680062.1332],[375275.208,4680072.77],[375285.8448,4680090.863],[375292.6347,4680094.7963],[375317.9351,4680109.4528],[375323.0054,4680128.0329],[375323.0054,4680128.0331],[375353.4055,4680148.3128],[375357.2081,4680160.9878],[375363.5456,4680182.1125],[375377.056,4680208.3075],[375390.5662,4680234.5024],[375410.8367,4680302.0926],[375422.6668,4680317.3024],[375442.2121,4680334.5599],[375451.3771,4680342.6522],[375458.1371,4680361.2421],[375459.8274,4680379.8222],[375456.4474,4680398.4122],[375442.9276,4680411.9322],[375436.1742,4680422.0724],[375432.7976,4680427.1424],[375437.8678,4680444.0423],[375449.688,4680460.9424],[375454.7582,4680481.2223],[375454.7583,4680499.8124],[375446.3083,4680516.7026],[375463.1985,4680525.1523],[375483.4687,4680547.1222],[375484.5801,4680573.7919],[375485.1589,4680587.6824],[375482.5327,4680594.9156],[375478.4092,4680606.2723],[375486.8492,4680619.7923],[375486.8496,4680619.7923],[375515.5692,4680618.1022],[375534.1393,4680619.792],[375549.3496,4680653.582],[375554.4096,4680670.4819],[375563.8742,4680681.2983],[375566.2398,4680684.0018],[375566.24,4680684.002],[375586.5099,4680682.3116],[375606.7799,4680684.0017],[375620.2837,4680697.515],[375620.29,4680697.5213],[375615.2201,4680714.4215],[375613.5304,4680748.2217],[375632.1106,4680766.8114],[375645.6207,4680776.9413],[375654.0709,4680814.1215],[375660.8309,4680831.0213],[375670.9613,4680847.9213],[375686.1613,4680858.0611],[375703.0512,4680864.8212],[375709.504,4680870.4671],[375711.8688,4680872.5362],[375716.5715,4680876.6508],[375733.4616,4680883.4109],[375733.4618,4680883.4109],[375752.0419,4680883.4108],[375763.2881,4680879.3187],[375770.6216,4680876.6504],[375792.5718,4680876.6503],[375803.4307,4680880.9964],[375809.4617,4680883.4104],[375820.7284,4680889.0435],[375826.362,4680891.8602],[375829.127,4680894.0103],[375841.5618,4680903.6801],[375854.2271,4680916.3551],[375866.8922,4680929.03],[375883.7822,4680934.0997],[375883.7824,4680934.0997],[375883.7825,4680934.0997],[375910.8126,4680927.3396],[375932.7726,4680913.8194],[375961.9523,4680904.4191],[376007.7721,4680904.4188],[376061.2323,4680923.5184],[376114.6927,4680948.3581],[376221.6234,4681020.9477],[376250.2638,4681068.6973],[376265.4872,4681087.195],[376276.994,4681101.177],[376301.8142,4681116.4568],[376312.7144,4681127.0768],[376327.1246,4681144.6967],[376331.8346,4681153.3366],[376336.7347,4681162.3167],[376339.5042,4681172.4825],[376341.5347,4681179.9366],[376339.935,4681215.1768],[376344.7351,4681232.7968],[376345.6104,4681239.7914],[376349.5454,4681271.2368],[376352.7455,4681280.8468],[376371.9558,4681285.6567],[376389.5657,4681282.4465],[376405.5756,4681272.8364],[376423.1857,4681272.8363],[376437.5956,4681285.6562],[376472.8261,4681296.8661],[376492.0361,4681298.4659],[376524.0561,4681316.0855],[376540.0663,4681328.9055],[376541.6692,4681332.1091],[376548.0764,4681344.9154],[376562.4865,4681359.3354],[376578.4966,4681367.3453],[376587.1252,4681368.3799],[376617.5466,4681399.5682],[376612.7769,4681399.295],[376612.7768,4681399.295],[376613.917,4681404.4948],[376613.9738,4681404.7537],[376614.167,4681405.6349],[376598.8769,4681403.3651],[376573.2968,4681393.6453],[376556.6467,4681386.3055],[376527.3767,4681383.0157],[376509.7266,4681389.7059],[376499.7567,4681400.0858],[376489.9669,4681419.3757],[376485.8371,4681425.3457],[376473.897,4681442.606],[376461.9197,4681449.1603],[376444.987,4681458.4262],[376399.3772,4681491.0367],[376405.0772,4681496.9367],[376419.7774,4681510.6367],[376437.4776,4681527.0366],[376450.2777,4681541.0364],[376454.2813,4681547.134],[376456.7778,4681550.9364],[376461.5779,4681561.5364],[376469.1782,4681579.1363],[376479.9782,4681599.6363],[376492.9783,4681618.3362],[376507.4785,4681636.736],[376521.4787,4681652.7362],[376531.2789,4681662.036],[376538.8788,4681670.1362],[376548.2425,4681683.2094],[376549.479,4681684.9358],[376560.2793,4681704.9357],[376561.3031,4681708.7459],[376563.0792,4681715.3561],[376564.6793,4681727.2359],[376563.4794,4681738.7959],[376558.9795,4681749.1358],[376553.0094,4681757.9555],[376545.7797,4681768.6359],[376530.7798,4681787.9362],[376520.3672,4681803.5927],[376516.8798,4681808.8365],[376506.78,4681827.8364],[376501.5801,4681845.9365],[376496.4801,4681864.4366],[376492.0103,4681871.4565],[376484.9803,4681878.0367],[376479.3102,4681881.7866],[376469.3803,4681884.9667],[376465.7804,4681887.8368],[376456.3631,4681899.1504],[376450.8805,4681905.7371],[376437.2805,4681925.4372],[376427.7305,4681938.1929],[376422.9807,4681944.5371],[376414.9908,4681954.0874],[376405.9807,4681962.0374],[376405.4008,4681969.6674],[376405.1554,4681971.9259],[376404.691,4681976.1974],[376402.7756,4681986.7047],[376400.9634,4681996.6458],[376400.511,4681999.1273],[376399.6512,4682007.0775],[376398.7913,4682015.0275],[376397.8113,4682040.4276],[376397.3716,4682057.5876],[376396.3617,4682080.4677],[376396.3617,4682080.4679],[376397.2217,4682100.1477],[376397.2217,4682100.1478],[376400.6321,4682120.4478],[376413.1827,4682204.3378],[376420.2827,4682221.7376],[376425.183,4682241.1379],[376425.8995,4682243.9216],[376428.6832,4682254.7378],[376434.8833,4682267.4377],[376444.5833,4682284.1376],[376448.8395,4682290.4815],[376455.1834,4682299.9375],[376460.5835,4682306.6876],[376465.9835,4682313.4376],[376479.6838,4682330.7374],[376492.1838,4682346.7373],[376499.284,4682354.3373],[376506.8839,4682360.1373],[376516.6916,4682368.1681],[376520.6841,4682371.4373],[376534.6842,4682384.3372],[376536.149,4682386.025],[376538.2943,4682388.4972],[376540.5367,4682392.4278],[376541.0283,4682395.309],[376541.1043,4682396.507],[376540.8677,4682397.7037],[376540.5843,4682399.137],[376539.8456,4682400.4376],[376539.3744,4682401.2671],[376537.4844,4682403.6371],[376535.0444,4682405.157],[376532.9844,4682405.637],[376523.1843,4682405.9372],[376503.4843,4682405.8374],[376479.6844,4682406.6376],[376458.0843,4682408.0377],[376455.4523,4682408.206],[376436.1845,4682409.4378],[376413.1843,4682411.2381],[376390.4843,4682414.2382],[376368.0843,4682418.7384],[376341.5843,4682427.9387],[376310.7844,4682443.0388],[376285.5845,4682458.9391],[376267.4845,4682473.9393],[376249.6847,4682489.5395],[376238.4292,4682500.7284],[376232.7847,4682506.3395],[376217.3848,4682522.8397],[376201.5849,4682539.7397],[376186.8849,4682554.44],[376179.985,4682559.49],[376173.0851,4682564.54],[376169.9214,4682566.6492],[376155.6851,4682576.1401],[376137.1852,4682591.4403],[376131.0011,4682597.7843],[376129.4353,4682599.3905],[376121.6852,4682607.3406],[376111.2591,4682620.5157],[376110.6853,4682621.2408],[376107.9654,4682625.9907],[376106.9853,4682631.3407],[376107.3994,4682634.3027],[376108.2854,4682640.6408],[376111.1855,4682648.4408],[376116.0857,4682654.4407],[376122.5859,4682664.6407],[376124.6457,4682672.0708],[376124.8925,4682674.6274],[376125.3858,4682679.7405],[376123.8459,4682686.3706],[376122.3515,4682688.8107],[376120.9856,4682691.0408],[376117.096,4682693.9107],[376113.0861,4682695.1407],[376106.3859,4682695.3408],[376103.7359,4682694.1909],[376101.0859,4682693.0408],[376098.7159,4682691.7508],[376093.6658,4682683.9709],[376087.1258,4682677.7609],[376077.4857,4682667.7211],[376071.0458,4682659.5211],[376063.9055,4682645.0011],[376056.7254,4682627.921],[376052.7166,4682616.1696],[376049.1352,4682605.6712],[376040.9651,4682581.7211],[376035.4748,4682545.591],[376031.0341,4682527.6122],[376030.1545,4682524.0511],[376022.2043,4682495.5513],[376013.7241,4682474.6813],[376006.279,4682462.0563],[375998.8339,4682449.4311],[375992.3889,4682440.6162],[375985.9439,4682431.8012],[375971.1936,4682418.6214],[375948.8136,4682404.2615],[375927.7836,4682396.8718],[375918.553,4682394.4588],[375906.7833,4682391.3819],[375881.9634,4682385.932],[375879.9833,4682385.6621],[375879.1246,4682385.5409],[375873.0432,4682384.6822],[375863.6779,4682392.0873],[375858.2333,4682396.3922],[375839.1932,4682399.5624],[375821.7233,4682397.9726],[375789.8205,4682372.8973],[375777.2829,4682363.0428],[375769.3429,4682345.5728],[375740.7726,4682321.753],[375738.7314,4682318.8336],[375738.6859,4682318.7686],[375729.6627,4682305.8633],[375707.4321,4682253.4632],[375677.2718,4682228.0531],[375637.5914,4682188.3436],[375629.6513,4682167.7037],[375620.1312,4682151.8239],[375620.1311,4682151.8238],[375618.9901,4682150.8093],[375591.5511,4682126.4138],[375550.2809,4682123.2341],[375534.4106,4682112.1142],[375523.2905,4682096.2344],[375518.5304,4682078.7642],[375518.5302,4682059.7144],[375505.8302,4682045.4143],[375505.8301,4682045.4142],[375504.058,4682044.0003],[375496.4749,4682037.9498],[375495.29,4682037.0044],[375484.7499,4682028.5946],[375480.7699,4682021.9546],[375480.4374,4682020.1871],[375479.4401,4682014.8845],[375482.9597,4682004.0545],[375482.9596,4681983.4645],[375479.7993,4681947.0243],[375478.4478,4681942.7557],[375476.3783,4681936.2201],[375474.1792,4681929.2745],[375474.179,4681929.2745],[375474.179,4681929.2744],[375456.0492,4681932.7746],[375438.6292,4681939.1046],[375429.1292,4681956.5348],[375428.3393,4681966.0398],[375427.5754,4681975.2341],[375427.5496,4681975.5448],[375424.4447,4681979.5374],[375416.4595,4681989.805],[375402.2097,4682000.8851],[375402.2096,4682000.8852],[375393.1297,4682018.4153],[375382.0199,4682032.7153],[375349.4398,4682038.7756],[375330.8048,4682040.5107],[375312.1698,4682042.2457],[375312.1696,4682042.2458],[375308.9973,4682044.1489],[375296.2998,4682051.7661],[375289.599,4682057.726],[375282.0098,4682064.476],[375262.9599,4682064.4762],[375243.9099,4682069.2364],[375213.7499,4682091.4767],[375212.3873,4682091.5904],[375194.7,4682093.0668],[375184.9904,4682101.7021],[375180.4199,4682105.7669],[375175.1265,4682108.4138],[375164.5401,4682113.7072],[375147.0802,4682116.8822],[375129.6201,4682120.0572],[375121.685,4682124.8224],[375113.75,4682129.5875],[375082.2208,4682136.1583]],[[373000,4677000],[373000,4678000],[374000,4678000],[374000,4677000],[373000,4677000]]]]},"geometry_name":"GEOMETRIA","properties":{"ID":583}},{"type":"Feature","id":"INFRAVERD_ZONES_CONNECTORS.581","geometry":{"type":"MultiPolygon","coordinates":[[[[359748.8641,4669316.9242],[359761.2891,4669321.464],[359817.2892,4669325.4638],[359830.5398,4669328.8933],[359839.9291,4669331.3235],[359871.3552,4669347.7125],[359880.3497,4669352.4033],[359916.4397,4669363.3831],[359931.4347,4669364.863],[359946.4298,4669366.343],[360000,4669351.9042],[360042.2299,4669340.522],[360105.3799,4669336.5165],[360126.4299,4669335.1814],[360183.67,4669343.5509],[360192.3117,4669343.091],[360246.4401,4669340.2105],[360276.44,4669333.0802],[360292.2999,4669316.3102],[360288.9099,4669286.3203],[360279.903,4669268.316],[360258.8892,4669226.3101],[360261.4289,4669193.1002],[360283.7592,4669173.6398],[360312.2871,4669155.932],[360324.2287,4669148.5196],[360332.9486,4669139.7995],[360341.6685,4669131.0794],[360353.4882,4669106.3093],[360356.2283,4669076.3194],[360351.4382,4669060.5592],[360344.6506,4669045.4094],[360342.3881,4669040.3595],[360306.4376,4669000.7297],[360306.0685,4669000],[361000,4669000],[361000,4670000],[360000,4670000],[360000,4671000],[361000,4671000],[361000,4672000],[362000,4672000],[362000,4673000],[363000,4673000],[363000,4672000],[363000,4671000],[364000,4671000],[364000,4672000],[364000,4673000],[365000,4673000],[365000,4674000],[365000,4675000],[365000,4676000],[365047.3155,4676273.1203],[365024.1502,4676291.295],[364951.9205,4676366.2956],[364916.7107,4676396.551],[364881.5009,4676426.8063],[364866.5011,4676437.8664],[364851.3712,4676439.5815],[364836.2412,4676441.2966],[364832.4478,4676439.3209],[364806.501,4676425.8069],[364743.674,4676359.6135],[364731.5,4676346.7871],[364724.71,4676328.0773],[364603.093,4676325.6272],[364420.5381,4676356.6287],[364275.8719,4676391.0743],[364151.8725,4676459.9639],[364024.4289,4676563.2982],[364000,4676627.4258],[363996.8741,4676635.6315],[363991.8644,4676658.1762],[363969.3196,4676759.6316],[363969.3203,4676849.187],[363952.0991,4676990.4091],[363953.0214,4677000],[363969.3228,4677169.52],[364000,4677161.8504],[364000,4678000],[363596.986,4678000],[363498.5303,4678000],[363500.2605,4677957.2091],[363500.1703,4677937.5241],[363500.0801,4677917.8391],[363497.4997,4677871.759],[363490.3593,4677808.7289],[363486.039,4677784.4189],[363480.9691,4677760.139],[363469.9486,4677718.7889],[363464.0078,4677701.3093],[363446.5281,4677649.8791],[363439.2967,4677628.1704],[363436.8878,4677620.939],[363436.563,4677618.7486],[363434.0477,4677601.7891],[363431.1973,4677582.6491],[363430.7474,4677568.3391],[363433.9673,4677546.789],[363437.2973,4677525.2191],[363437.5042,4677522.9696],[363439.5468,4677500.759],[363439.7467,4677476.349],[363434.0623,4677453.1514],[363433.2272,4677450.4916],[363426.0829,4677427.7359],[363420.7632,4677408.8221],[363419.6776,4677401.6298],[363418.399,4677393.1589],[363417.2165,4677383.7019],[363418.3988,4677368.3343],[363423.3133,4677348.1837],[363427.2642,4677331.9841],[363429.4524,4677321.4081],[363430.8105,4677314.8437],[363431.9924,4677303.9089],[363437.9151,4677268.6287],[363437.9362,4677267.4712],[363438.5149,4677235.6385],[363439.2849,4677205.0984],[363439.7444,4677174.5486],[363439.7442,4677142.1683],[363439.7439,4677109.7884],[363439.9881,4677108.2523],[363441.5241,4677098.5882],[363445.8438,4677087.7982],[363447.2637,4677085.2179],[363452.6836,4677075.3681],[363460.4936,4677063.718],[363468.4337,4677053.978],[363476.3736,4677044.1678],[363480.3421,4677037.6871],[363482.8034,4677033.6678],[363487.3634,4677022.1778],[363490.3833,4677006.3179],[363490.6374,4677000],[363490.8681,4676994.264],[363491.0233,4676990.4077],[363490.9261,4676986.0125],[363490.8331,4676981.8076],[363489.803,4676973.2977],[363486.6029,4676958.3879],[363485.0363,4676951.1166],[363483.3928,4676943.4876],[363477.4927,4676934.2277],[363471.5926,4676924.9777],[363457.9424,4676900.0978],[363456.2324,4676896.8344],[363444.7323,4676874.888],[363434.5632,4676859.3951],[363431.782,4676855.1579],[363416.6418,4676837.008],[363405.2318,4676827.038],[363398.7272,4676821.7527],[363393.4419,4676817.4582],[363391.5101,4676815.8559],[363382.5917,4676808.4581],[363372.8915,4676798.6282],[363370.9565,4676794.6033],[363369.0214,4676790.5783],[363366.8113,4676778.3883],[363366.0812,4676772.2633],[363365.3511,4676766.1383],[363364.231,4676756.3583],[363362.9111,4676746.5883],[363361.1911,4676743.0583],[363358.1309,4676740.1982],[363351.9212,4676734.3683],[363349.9969,4676730.9761],[363347.8709,4676727.2282],[363345.6309,4676722.0774],[363344.6007,4676719.7084],[363344.264,4676716.8695],[363343.5108,4676710.5182],[363342.1507,4676701.3882],[363341.1662,4676699.5673],[363338.3607,4676694.3783],[363333.6106,4676687.9384],[363327.7206,4676682.6685],[363324.8606,4676679.461],[363322.6204,4676676.9485],[363322.195,4676676.0428],[363318.9004,4676669.0283],[363317.7749,4676666.5436],[363315.2902,4676661.0585],[363307.4,4676643.3285],[363299.4101,4676625.6286],[363288.7099,4676604.1086],[363277.4297,4676582.8688],[363274.7257,4676577.8828],[363269.7396,4676568.6887],[363266.8085,4676563.6972],[363265.5986,4676561.6368],[363190.6775,4676596.792],[363166.7498,4676608.0196],[363114.9999,4676636.3801],[363109.0021,4676640.996],[363082.97,4676661.0303],[363077.7261,4676666.8661],[363071.8902,4676673.3604],[363068.1902,4676679.5254],[363064.4901,4676685.6905],[363057.1003,4676711.5706],[363046.7115,4676730.7719],[363041.0905,4676741.1608],[363027.5408,4676760.8808],[363002.9008,4676778.1411],[363000,4676779.0482],[362943.7709,4676796.6316],[362927.9272,4676804.5606],[362921.5908,4676807.7315],[362866.1609,4676859.5022],[362772.1677,4677000],[362766.3721,4677008.663],[362695.0123,4677152.7015],[362693.6933,4677155.3638],[362603.7641,4677306.9847],[362577.7029,4677318.3277],[362575.4343,4677319.3151],[362566.5018,4677321.1652],[362539.704,4677326.7154],[362530.2027,4677329.8826],[362517.5341,4677334.1055],[362508.3101,4677341.4496],[362496.0439,4677351.2156],[362470.8745,4677384.146],[362463.1349,4677405.4461],[362432.1649,4677442.2464],[362385.7149,4677473.2369],[362298.6151,4677521.6576],[362201.8456,4677589.4484],[362126.356,4677663.049],[362085.7065,4677721.1495],[362023.7774,4677850.91],[362012.1674,4677866.4103],[362000,4677879.0517],[361961.8379,4677918.7005],[361913.4481,4677953.5612],[361870.7379,4677967.8615],[361806.998,4677980.6821],[361723.6039,4677984.388],[361719.8979,4677984.5527],[361718.9357,4677984.5614],[361612.468,4677985.5236],[361587.9076,4677986.8135],[361583.5663,4677986.7052],[361496.5276,4677984.5345],[361369.667,4677972.045],[361357.1774,4677970.8154],[361254.3773,4677973.1062],[361165.2869,4677982.2469],[361095.6871,4677986.4974],[361043.4268,4677987.4677],[361000,4677991.3468],[360956.7577,4677995.2094],[360948.2566,4677995.9687],[360918.6809,4678000],[360000,4678000],[360000,4677000],[360000,4676000],[359000,4676000],[359000,4675000],[359000,4674000],[358000,4674000],[357000,4674000],[357000,4673000],[358000,4673000],[359000,4673000],[359000,4672000],[359000,4671000],[358000,4671000],[358000,4670000],[359000,4670000],[359000,4669044.9716],[359001.4259,4669044.3694],[359010.3491,4669045.2957],[359020.3059,4669046.3294],[359031.4361,4669063.6391],[359063.9563,4669091.3289],[359073.9714,4669095.0489],[359083.9864,4669098.7691],[359136.4265,4669101.0785],[359226.4366,4669093.7478],[359271.4267,4669099.5877],[359317.847,4669107.737],[359346.6169,4669106.3169],[359406.4367,4669072.2064],[359454.067,4669106.3161],[359501.2875,4669161.4657],[359655.2882,4669247.4648],[359736.4391,4669312.3845],[359748.8641,4669316.9242]],[[362000,4674000],[362000,4673000],[361000,4673000],[361000,4674000],[361000,4675000],[361000,4676000],[362000,4676000],[362000,4675000],[362000,4674000]]]]},"geometry_name":"GEOMETRIA","properties":{"ID":581}}],"totalFeatures":3,"numberMatched":3,"numberReturned":3,"timeStamp":"2026-07-07T17:36:03.934Z","crs":{"type":"name","properties":{"name":"urn:ogc:def:crs:EPSG::25831"}}}