{
"type": "FeatureCollection",
"name": "forestdrought_latest",
"crs": { "type": "name", "properties": { "name": "urn:ogc:def:crs:OGC:1.3:CRS84" } },
"features": [
{ "type": "Feature", "properties": { "date": "2026-09-18T00:00:00", "REW": 30.337998018539764, "DDS": 28.753053664038351, "LFMC": 115.6291969357338, "DFMC": 23.042096125752199, "SFP": 9.0, "CFP": 9.0 }, "geometry": { "type": "Point", "coordinates": [ 1.386725592538823, 42.187907156068022 ] } },
{ "type": "Feature", "properties": { "date": "2026-09-18T00:00:00", "REW": 10.29924111138472, "DDS": 31.071842874172216, "LFMC": 146.22048398993243, "DFMC": 23.42757815503661, "SFP": 7.3038617133143546, "CFP": 9.0 }, "geometry": { "type": "Point", "coordinates": [ 1.392762992040924, 42.187675682877526 ] } },
{ "type": "Feature", "properties": { "date": "2026-09-18T00:00:00", "REW": 21.551041164040036, "DDS": 23.080510507335386, "LFMC": 126.13083738249578, "DFMC": 24.441123316881601, "SFP": 5.7268513446014966, "CFP": 7.4454470094335568 }, "geometry": { "type": "Point", "coordinates": [ 1.398800320533299, 42.187443892979189 ] } },
{ "type": "Feature", "properties": { "date": "2026-09-18T00:00:00", "REW": 32.524773826384553, "DDS": 18.514193280092428, "LFMC": 124.99014977592327, "DFMC": 26.386146635295404, "SFP": 4.1534978390143937, "CFP": 8.0433673672535395 }, "geometry": { "type": "Point", "coordinates": [ 1.404837577919838, 42.187211786383514 ] } },
{ "type": "Feature", "properties": { "date": "2026-09-18T00:00:00", "REW": 91.933525747647366, "DDS": 0.59417374327470052, "LFMC": 76.033245515526573, "DFMC": 27.843769050536405, "SFP": 7.4157868713396375, "CFP": 7.6779386255872248 }, "geometry": { "type": "Point", "coordinates": [ 1.410874764104435, 42.186979363101052 ] } },
{ "type": "Feature", "properties": { "date": "2026-09-18T00:00:00", "REW": 49.147589334260303, "DDS": 11.434351812162332, "LFMC": 139.4689659046457, "DFMC": 30.436099995048, "SFP": 9.0, "CFP": 7.9778208324970361 }, "geometry": { "type": "Point", "coordinates": [ 1.416911878990991, 42.186746623142319 ] } },
{ "type": "Feature", "properties": { "date": "2026-09-18T00:00:00", "REW": 44.320411455025507, "DDS": 12.498714586134586, "LFMC": 136.5949894527848, "DFMC": 29.658989012696839, "SFP": 9.0, "CFP": 0.0 }, "geometry": { "type": "Point", "coordinates": [ 1.422948922483421, 42.186513566517867 ] } },
{ "type": "Feature", "properties": { "date": "2026-09-18T00:00:00", "REW": 90.728486956380166, "DDS": 2.2593955430916322, "LFMC": 138.92146020328957, "DFMC": 27.254953377127048, "SFP": 7.6978652854528207, "CFP": 7.7919770054090192 }, "geometry": { "type": "Point", "coordinates": [ 1.428985894485637, 42.186280193238289 ] } },
{ "type": "Feature", "properties": { "date": "2026-09-18T00:00:00", "REW": 27.585871538424829, "DDS": 9.4148300589189091, "LFMC": 134.54246096785485, "DFMC": 28.227804407329359, "SFP": 3.8123174678696987, "CFP": 6.7648006191400309 }, "geometry": { "type": "Point", "coordinates": [ 1.435022794901567, 42.186046503314138 ] } },
{ "type": "Feature", "properties": { "date": "2026-09-18T00:00:00", "REW": 81.788175053012736, "DDS": 2.8851796965038115, "LFMC": 129.93299364457005, "DFMC": 23.380355136166621, "SFP": 7.2305037135418146, "CFP": 0.0 }, "geometry": { "type": "Point", "coordinates": [ 1.362575286355644, 42.188829881541814 ] } },
{ "type": "Feature", "properties": { "date": "2026-09-18T00:00:00", "REW": 49.461254221798114, "DDS": 5.8855662196751082, "LFMC": 99.400740977296863, "DFMC": 22.762254339442322, "SFP": 9.0, "CFP": 9.0 }, "geometry": { "type": "Point", "coordinates": [ 1.368612968935388, 42.188599675287534 ] } },
{ "type": "Feature", "properties": { "date": "2026-09-18T00:00:00", "REW": 69.195640341800669, "DDS": 2.5180579729420423, "LFMC": 110.68845955595218, "DFMC": 22.915935144818821, "SFP": 9.0, "CFP": 8.1721163665574075 }, "geometry": { "type": "Point", "coordinates": [ 1.374650580889924, 42.188369152283499 ] } },
{ "type": "Feature", "properties": { "date": "2026-09-18T00:00:00", "REW": 31.628254515892877, "DDS": 16.757618522326212, "LFMC": 116.11887389348931, "DFMC": 22.603780745856248, "SFP": 9.0, "CFP": 9.0 }, "geometry": { "type": "Point", "coordinates": [ 1.380688122123114, 42.188138312540175 ] } },
{ "type": "Feature", "properties": { "date": "2026-09-18T00:00:00", "REW": 49.195320100404885, "DDS": 2.6466451165360358, "LFMC": 146.95520421028493, "DFMC": 29.903524879293158, "SFP": 4.6498632293457112, "CFP": 6.5243397597719444 }, "geometry": { "type": "Point", "coordinates": [ 1.44105962363514, 42.185812496756043 ] } },
{ "type": "Feature", "properties": { "date": "2026-09-18T00:00:00", "REW": 86.807740929033656, "DDS": 1.8958687835161341, "LFMC": 130.35099665428535, "DFMC": 31.321913416408265, "SFP": 4.9634810153002276, "CFP": 6.2952707964257621 }, "geometry": { "type": "Point", "coordinates": [ 1.447096380590298, 42.185578173574584 ] } },
{ "type": "Feature", "properties": { "date": "2026-09-18T00:00:00", "REW": 92.4335040785015, "DDS": 0.24818994436035258, "LFMC": 154.56885071054981, "DFMC": 36.360293261009289, "SFP": 2.3350714714321303, "CFP": 4.5877728313961557 }, "geometry": { "type": "Point", "coordinates": [ 1.459169678781155, 42.185108577384163 ] } },
{ "type": "Feature", "properties": { "date": "2026-09-18T00:00:00", "REW": 92.376703286591052, "DDS": 0.11964822073041168, "LFMC": 121.51091282756865, "DFMC": 41.135137417863014, "SFP": 0.7104968624876834, "CFP": 4.2771610102512021 }, "geometry": { "type": "Point", "coordinates": [ 1.471242688705798, 42.184637714828014 ] } },
{ "type": "Feature", "properties": { "date": "2026-09-18T00:00:00", "REW": 89.394564429410821, "DDS": 1.5408740644455534, "LFMC": 119.74487251365599, "DFMC": 44.67212456442634, "SFP": 1.5904465377370134, "CFP": 4.1171388951371863 }, "geometry": { "type": "Point", "coordinates": [ 1.477279085328213, 42.184401808689493 ] } },
{ "type": "Feature", "properties": { "date": "2026-09-18T00:00:00", "REW": 100.0, "DDS": 0.044923462486567985, "LFMC": 119.87629254187345, "DFMC": 46.64504067700917, "SFP": 0.58311689993492966, "CFP": 2.5766445434476664 }, "geometry": { "type": "Point", "coordinates": [ 1.483315409596, 42.184165585991586 ] } },
{ "type": "Feature", "properties": { "date": "2026-09-18T00:00:00", "REW": 36.725736706124074, "DDS": 9.7291182541763934, "LFMC": 117.57315992392245, "DFMC": 28.271370083275887, "SFP": 3.8146074971219059, "CFP": 7.955602728729783 }, "geometry": { "type": "Point", "coordinates": [ 1.388904593718267, 42.219336793162491 ] } },
{ "type": "Feature", "properties": { "date": "2026-09-18T00:00:00", "REW": 33.625293497388391, "DDS": 10.799853299452364, "LFMC": 117.35864605537135, "DFMC": 26.68706639011679, "SFP": 4.1371648206265537, "CFP": 7.48744522814743 }, "geometry": { "type": "Point", "coordinates": [ 1.394944968612815, 42.219105066366978 ] } },
{ "type": "Feature", "properties": { "date": "2026-09-18T00:00:00", "REW": 39.173936443356894, "DDS": 11.450163691044871, "LFMC": 131.01440345599326, "DFMC": 29.353494595618884, "SFP": 6.5121805769080492, "CFP": 6.1147745611813109 }, "geometry": { "type": "Point", "coordinates": [ 1.407025504880524, 42.218640661627539 ] } },
{ "type": "Feature", "properties": { "date": "2026-09-18T00:00:00", "REW": 93.673193019094342, "DDS": 0.65533202349473596, "LFMC": 87.788048174821682, "DFMC": 27.32105030997451, "SFP": 7.4438890386855636, "CFP": 7.6406472228030484 }, "geometry": { "type": "Point", "coordinates": [ 1.413065666061118, 42.21840798370468 ] } },
{ "type": "Feature", "properties": { "date": "2026-09-18T00:00:00", "REW": 38.696615061824502, "DDS": 5.322766894138721, "LFMC": 123.42187553487427, "DFMC": 29.336420604922147, "SFP": 8.4890608302892048, "CFP": 7.9076474645020447 }, "geometry": { "type": "Point", "coordinates": [ 1.419105755811169, 42.218174988760481 ] } },
{ "type": "Feature", "properties": { "date": "2026-09-18T00:00:00", "REW": 86.070941392829951, "DDS": 0.1038805197870654, "LFMC": 154.44476451819537, "DFMC": 34.312999439489865, "SFP": 3.1573102903019801, "CFP": 5.5053809236479498 }, "geometry": { "type": "Point", "coordinates": [ 1.425145774034414, 42.217941676805495 ] } },
{ "type": "Feature", "properties": { "date": "2026-09-18T00:00:00", "REW": 66.253143453628326, "DDS": 1.4331348904148071, "LFMC": 148.55416191543361, "DFMC": 37.297257612856207, "SFP": 1.7245037964816432, "CFP": 5.6734679651616888 }, "geometry": { "type": "Point", "coordinates": [ 1.431185720634591, 42.21770804785033 ] } },
{ "type": "Feature", "properties": { "date": "2026-09-18T00:00:00", "REW": 36.529892428106592, "DDS": 1.1262739055958149, "LFMC": 150.76760388147466, "DFMC": 36.602319073268326, "SFP": 1.3872015194839955, "CFP": 2.4300541450423676 }, "geometry": { "type": "Point", "coordinates": [ 1.443265398580749, 42.217239838981868 ] } },
{ "type": "Feature", "properties": { "date": "2026-09-18T00:00:00", "REW": 30.22250321069934, "DDS": 1.6358812609309648, "LFMC": 152.31459198601578, "DFMC": 35.774191741740282, "SFP": 1.4982252597464072, "CFP": 2.7193453301690917 }, "geometry": { "type": "Point", "coordinates": [ 1.449305129734249, 42.217005259089817 ] } },
{ "type": "Feature", "properties": { "date": "2026-09-18T00:00:00", "REW": 71.797472948340754, "DDS": 0.82507281914827135, "LFMC": 129.05304080106765, "DFMC": 34.216928374974458, "SFP": 4.4284619771441003, "CFP": 8.9007048998205764 }, "geometry": { "type": "Point", "coordinates": [ 1.455344788879719, 42.216770362240069 ] } },
{ "type": "Feature", "properties": { "date": "2026-09-18T00:00:00", "REW": 42.68986927436486, "DDS": 0.95987807438542061, "LFMC": 154.49759358849522, "DFMC": 33.295097037354836, "SFP": 2.7475427079827552, "CFP": 6.3857960601147674 }, "geometry": { "type": "Point", "coordinates": [ 1.461384375920939, 42.216535148443292 ] } },
{ "type": "Feature", "properties": { "date": "2026-09-18T00:00:00", "REW": 91.37414244097063, "DDS": 1.0760144688157354, "LFMC": 116.09103590674717, "DFMC": 29.800451721897833, "SFP": 3.154660138773913, "CFP": 5.9904056986565504 }, "geometry": { "type": "Point", "coordinates": [ 1.467423890761693, 42.216299617710156 ] } },
{ "type": "Feature", "properties": { "date": "2026-09-18T00:00:00", "REW": 92.05065748851375, "DDS": 0.093823483229175608, "LFMC": 154.64370397772515, "DFMC": 29.847912247833815, "SFP": 3.128558011954814, "CFP": 5.0476474476474458 }, "geometry": { "type": "Point", "coordinates": [ 1.473463333305773, 42.216063770051342 ] } },
{ "type": "Feature", "properties": { "date": "2026-09-18T00:00:00", "REW": 55.654245342783796, "DDS": 1.7273364603033579, "LFMC": 154.62432222891468, "DFMC": 29.229539299872112, "SFP": 3.1141503299783686, "CFP": 5.4697646270665867 }, "geometry": { "type": "Point", "coordinates": [ 1.479502703456978, 42.215827605477564 ] } },
{ "type": "Feature", "properties": { "date": "2026-09-18T00:00:00", "REW": 88.304202930187188, "DDS": 0.31514202634742733, "LFMC": 146.09095978682427, "DFMC": 29.493169073020113, "SFP": 2.2101081960467792, "CFP": 5.3821518475398111 }, "geometry": { "type": "Point", "coordinates": [ 1.485542001119116, 42.215591123999523 ] } },
{ "type": "Feature", "properties": { "date": "2026-09-18T00:00:00", "REW": 64.626899620584808, "DDS": 1.3607788579166211, "LFMC": 137.8077453256486, "DFMC": 26.615831266644957, "SFP": 1.8967892020503245, "CFP": 5.6884164050612185 }, "geometry": { "type": "Point", "coordinates": [ 1.497620378591457, 42.215117210373613 ] } },
{ "type": "Feature", "properties": { "date": "2026-09-18T00:00:00", "REW": null, "DDS": null, "LFMC": null, "DFMC": null, "SFP": null, "CFP": null }, "geometry": { "type": "Point", "coordinates": [ 1.503659458209309, 42.214879778247237 ] } },
{ "type": "Feature", "properties": { "date": "2026-09-18T00:00:00", "REW": 45.775469058656, "DDS": 1.5224388302396397, "LFMC": 147.03102991990841, "DFMC": 34.497488069235217, "SFP": 2.4312693722571259, "CFP": 7.4298751675027868 }, "geometry": { "type": "Point", "coordinates": [ 1.509698464953398, 42.214642029259615 ] } },
{ "type": "Feature", "properties": { "date": "2026-09-18T00:00:00", "REW": 56.69003209407726, "DDS": 0.47070646168069158, "LFMC": 150.63797420727116, "DFMC": 37.666407972219929, "SFP": 1.2834008452019738, "CFP": 6.4142751119154218 }, "geometry": { "type": "Point", "coordinates": [ 1.515737398727565, 42.214403963421518 ] } },
{ "type": "Feature", "properties": { "date": "2026-09-18T00:00:00", "REW": 75.633444731471627, "DDS": 0.23327425673421326, "LFMC": 128.60312152646804, "DFMC": 41.74120234247286, "SFP": 0.0, "CFP": 0.0 }, "geometry": { "type": "Point", "coordinates": [ 1.52177625943566, 42.21416558074376 ] } },
{ "type": "Feature", "properties": { "date": "2026-09-18T00:00:00", "REW": 16.60220769165036, "DDS": 27.826266573808759, "LFMC": 109.26485100103048, "DFMC": 22.045128583287003, "SFP": 6.9053746279056671, "CFP": 8.2228850003129281 }, "geometry": { "type": "Point", "coordinates": [ 1.361956750456949, 42.179849648017999 ] } },
{ "type": "Feature", "properties": { "date": "2026-09-18T00:00:00", "REW": 48.107493902052305, "DDS": 4.0059345209490536, "LFMC": 124.46631844696637, "DFMC": 23.612187088602042, "SFP": 4.7845883570586283, "CFP": 9.0 }, "geometry": { "type": "Point", "coordinates": [ 1.367993583639947, 42.179619513782519 ] } },
{ "type": "Feature", "properties": { "date": "2026-09-18T00:00:00", "REW": 33.544412066252683, "DDS": 9.6952697234936025, "LFMC": 121.59711423401673, "DFMC": 24.552111974340175, "SFP": 4.3573627237676265, "CFP": 8.7350811066223564 }, "geometry": { "type": "Point", "coordinates": [ 1.374030346235179, 42.179389062895858 ] } },
{ "type": "Feature", "properties": { "date": "2026-09-18T00:00:00", "REW": 17.76841662898866, "DDS": 30.107744374583739, "LFMC": 116.77197385964328, "DFMC": 24.329515210500642, "SFP": 4.7882282146855246, "CFP": 7.9764560393858561 }, "geometry": { "type": "Point", "coordinates": [ 1.380067038146555, 42.179158295368474 ] } },
{ "type": "Feature", "properties": { "date": "2026-09-18T00:00:00", "REW": 39.709284496246468, "DDS": 10.268154240695933, "LFMC": 114.00159922166155, "DFMC": 23.487117623446043, "SFP": 9.0, "CFP": 0.0 }, "geometry": { "type": "Point", "coordinates": [ 1.386103659277991, 42.178927211210834 ] } },
{ "type": "Feature", "properties": { "date": "2026-09-18T00:00:00", "REW": 53.408811915904387, "DDS": 18.017027955678262, "LFMC": 52.917652475117698, "DFMC": 22.582248831069329, "SFP": 9.0, "CFP": 7.8821141974448876 }, "geometry": { "type": "Point", "coordinates": [ 1.392140209533412, 42.178695810433389 ] } },
{ "type": "Feature", "properties": { "date": "2026-09-18T00:00:00", "REW": 44.737539539816076, "DDS": 8.0683398160289475, "LFMC": 85.545184107356434, "DFMC": 23.036085474348557, "SFP": 9.0, "CFP": 8.9134201447376249 }, "geometry": { "type": "Point", "coordinates": [ 1.398176688816749, 42.178464093046671 ] } },
{ "type": "Feature", "properties": { "date": "2026-09-18T00:00:00", "REW": 91.537280394214989, "DDS": 1.0866841377835323, "LFMC": 99.960465392354081, "DFMC": 25.185128374542185, "SFP": 6.4615376484845664, "CFP": 6.8502824190470095 }, "geometry": { "type": "Point", "coordinates": [ 1.40421309703194, 42.178232059061152 ] } },
{ "type": "Feature", "properties": { "date": "2026-09-18T00:00:00", "REW": 90.776472768622554, "DDS": 1.0518990925373264, "LFMC": 105.27378592079403, "DFMC": 25.876558660260365, "SFP": 0.0, "CFP": 0.0 }, "geometry": { "type": "Point", "coordinates": [ 1.410249434082934, 42.177999708487377 ] } },
{ "type": "Feature", "properties": { "date": "2026-09-18T00:00:00", "REW": 82.906732677337288, "DDS": 0.4073640325013182, "LFMC": 91.755318870478192, "DFMC": 24.527485162730223, "SFP": 4.3935167787384355, "CFP": 6.060968512753278 }, "geometry": { "type": "Point", "coordinates": [ 1.416285699873679, 42.177767041335869 ] } },
{ "type": "Feature", "properties": { "date": "2026-09-18T00:00:00", "REW": 94.752455367314738, "DDS": 0.38924471450714004, "LFMC": 142.81562595035894, "DFMC": 27.449750994647609, "SFP": 3.945847914266702, "CFP": 5.1748819475895358 }, "geometry": { "type": "Point", "coordinates": [ 1.42835801729028, 42.177300757341889 ] } },
{ "type": "Feature", "properties": { "date": "2026-09-18T00:00:00", "REW": 23.503718211669693, "DDS": 26.008155263936047, "LFMC": 154.51103449853068, "DFMC": 29.195145644609585, "SFP": 6.8979599455864884, "CFP": 7.9220475272195561 }, "geometry": { "type": "Point", "coordinates": [ 1.434394068724077, 42.177067140520542 ] } },
{ "type": "Feature", "properties": { "date": "2026-09-18T00:00:00", "REW": 69.050257600681547, "DDS": 2.3616368717649996, "LFMC": 153.42823086453097, "DFMC": 31.58330607117761, "SFP": 7.3314893978551021, "CFP": 6.9910458370922628 }, "geometry": { "type": "Point", "coordinates": [ 1.440430048513512, 42.176833207163753 ] } },
{ "type": "Feature", "properties": { "date": "2026-09-18T00:00:00", "REW": 89.150515962983519, "DDS": 0.28290809439215997, "LFMC": 125.01978209240826, "DFMC": 41.781436473396212, "SFP": 1.3032982593611384, "CFP": 4.3086657858259034 }, "geometry": { "type": "Point", "coordinates": [ 1.458537557055575, 42.176129507986843 ] } },
{ "type": "Feature", "properties": { "date": "2026-09-18T00:00:00", "REW": 80.931152004304053, "DDS": 2.0535199429017759, "LFMC": 123.69157728393151, "DFMC": 42.73133675084474, "SFP": 1.5031413851798754, "CFP": 4.4385563854942189 }, "geometry": { "type": "Point", "coordinates": [ 1.464573249307528, 42.175894308594479 ] } },
{ "type": "Feature", "properties": { "date": "2026-09-18T00:00:00", "REW": 86.43351278284463, "DDS": 0.66171237001421734, "LFMC": 139.39531779812313, "DFMC": 42.840316822509145, "SFP": 0.81495921802733351, "CFP": 4.0809702657436357 }, "geometry": { "type": "Point", "coordinates": [ 1.470608869435138, 42.175658792719815 ] } },
{ "type": "Feature", "properties": { "date": "2026-09-18T00:00:00", "REW": 86.89354196599858, "DDS": 2.8587737092678642, "LFMC": 120.24522594709289, "DFMC": 46.063721804944038, "SFP": 1.6058704548015661, "CFP": 3.5304613807095504 }, "geometry": { "type": "Point", "coordinates": [ 1.488715296112202, 42.174950346309046 ] } },
{ "type": "Feature", "properties": { "date": "2026-09-18T00:00:00", "REW": 93.196373923551789, "DDS": 3.0972638878786753, "LFMC": 120.79728882237059, "DFMC": 46.996126853196202, "SFP": 0.48903865505973088, "CFP": 0.0 }, "geometry": { "type": "Point", "coordinates": [ 1.494750626782772, 42.17471356461219 ] } },
{ "type": "Feature", "properties": { "date": "2026-09-18T00:00:00", "REW": 93.68650899745235, "DDS": 1.7275890312511699, "LFMC": 152.57168834634331, "DFMC": 50.337887808259538, "SFP": 0.0, "CFP": 0.0 }, "geometry": { "type": "Point", "coordinates": [ 1.512856182785886, 42.174001320992097 ] } },
{ "type": "Feature", "properties": { "date": "2026-09-18T00:00:00", "REW": 63.365118018906955, "DDS": 4.7590983878654196, "LFMC": 128.22255911628687, "DFMC": 29.123954232631863, "SFP": 7.0073104235299768, "CFP": 7.476585669220766 }, "geometry": { "type": "Point", "coordinates": [ 1.364742384649089, 42.220260529604545 ] } },
{ "type": "Feature", "properties": { "date": "2026-09-18T00:00:00", "REW": 49.611530787499916, "DDS": 5.5521528895861527, "LFMC": 119.80785274105921, "DFMC": 29.903228426281338, "SFP": 3.5400258458372176, "CFP": 4.2542624593642842 }, "geometry": { "type": "Point", "coordinates": [ 1.370783043147412, 42.220030071126011 ] } },
{ "type": "Feature", "properties": { "date": "2026-09-18T00:00:00", "REW": 95.212750378223546, "DDS": 0.34885657798660252, "LFMC": 77.752950858877156, "DFMC": 31.01246061640742, "SFP": 5.5283712359509494, "CFP": 7.4918217936833926 }, "geometry": { "type": "Point", "coordinates": [ 1.376823630889261, 42.219799295552505 ] } },
{ "type": "Feature", "properties": { "date": "2026-09-18T00:00:00", "REW": 52.574313426084728, "DDS": 5.6843873746405853, "LFMC": 132.11211075248454, "DFMC": 29.661973582035838, "SFP": 6.7921932048488785, "CFP": 7.0291909700032287 }, "geometry": { "type": "Point", "coordinates": [ 1.382864147778315, 42.2195682028945 ] } },
{ "type": "Feature", "properties": { "date": "2026-09-18T00:00:00", "REW": 42.890120214263163, "DDS": 4.247908208902305, "LFMC": 120.19792767521261, "DFMC": 24.698661500955879, "SFP": 4.1900268840570609, "CFP": 8.7553807499259371 }, "geometry": { "type": "Point", "coordinates": [ 1.36319410437059, 42.197810093574944 ] } },
{ "type": "Feature", "properties": { "date": "2026-09-18T00:00:00", "REW": 87.006385264812621, "DDS": 1.3058725776690903, "LFMC": 106.64533736589456, "DFMC": 30.228854409836813, "SFP": 8.8244919812731162, "CFP": 0.0 }, "geometry": { "type": "Point", "coordinates": [ 1.38130948936961, 42.197118308160775 ] } },
{ "type": "Feature", "properties": { "date": "2026-09-18T00:00:00", "REW": 86.415823258773656, "DDS": 1.3424567857635046, "LFMC": 110.08619108980507, "DFMC": 30.307973364335755, "SFP": 8.572590198472378, "CFP": 0.0 }, "geometry": { "type": "Point", "coordinates": [ 1.387347809454095, 42.196887079353935 ] } },
{ "type": "Feature", "properties": { "date": "2026-09-18T00:00:00", "REW": 62.128223636496436, "DDS": 5.1526007818400856, "LFMC": 148.86482808084011, "DFMC": 30.407501384546002, "SFP": 9.0, "CFP": 0.0 }, "geometry": { "type": "Point", "coordinates": [ 1.393386058587352, 42.196655533730151 ] } },
{ "type": "Feature", "properties": { "date": "2026-09-18T00:00:00", "REW": 88.086676740685306, "DDS": 1.1806319727243451, "LFMC": 107.75516930717147, "DFMC": 31.380275394740398, "SFP": 8.2451561310598152, "CFP": 7.2474739961255734 }, "geometry": { "type": "Point", "coordinates": [ 1.399424236673212, 42.196423671299961 ] } },
{ "type": "Feature", "properties": { "date": "2026-09-18T00:00:00", "REW": 94.153387725265517, "DDS": 0.79058212988358856, "LFMC": 111.92883910752248, "DFMC": 33.421761795572714, "SFP": 7.4155234420596603, "CFP": 0.0 }, "geometry": { "type": "Point", "coordinates": [ 1.411500379318105, 42.195958996062394 ] } },
{ "type": "Feature", "properties": { "date": "2026-09-18T00:00:00", "REW": 94.581498550236631, "DDS": 0.93227364381025035, "LFMC": 126.60326256756488, "DFMC": 33.579847200583067, "SFP": 6.1183548630760036, "CFP": 0.0 }, "geometry": { "type": "Point", "coordinates": [ 1.429614058026155, 42.195259607421292 ] } },
{ "type": "Feature", "properties": { "date": "2026-09-18T00:00:00", "REW": 91.74857633187132, "DDS": 0.23168144441470931, "LFMC": 152.79473836286829, "DFMC": 39.362380364563862, "SFP": 1.5693638686395104, "CFP": 3.9025987338025927 }, "geometry": { "type": "Point", "coordinates": [ 1.471876797010919, 42.193616615079407 ] } },
{ "type": "Feature", "properties": { "date": "2026-09-18T00:00:00", "REW": 91.989829729411682, "DDS": 0.48737476353319581, "LFMC": 119.82171985716785, "DFMC": 43.107596017525609, "SFP": 1.5281289255507657, "CFP": 4.4649217337915745 }, "geometry": { "type": "Point", "coordinates": [ 1.489988316900672, 42.192907725262266 ] } },
{ "type": "Feature", "properties": { "date": "2026-09-18T00:00:00", "REW": 93.164985296856401, "DDS": 0.06917297786641631, "LFMC": 119.8424745832652, "DFMC": 44.772756772901459, "SFP": 0.85872079918901489, "CFP": 3.9339184591451191 }, "geometry": { "type": "Point", "coordinates": [ 1.496025345155098, 42.192670795369366 ] } },
{ "type": "Feature", "properties": { "date": "2026-09-18T00:00:00", "REW": 90.136746924222848, "DDS": 1.3067296104132355, "LFMC": 119.75783990488463, "DFMC": 45.632477241203631, "SFP": 1.6047962490947607, "CFP": 3.9102225125233931 }, "geometry": { "type": "Point", "coordinates": [ 1.502062300728362, 42.192433548850772 ] } },
{ "type": "Feature", "properties": { "date": "2026-09-18T00:00:00", "REW": 90.581508704878843, "DDS": 2.0050626008471224, "LFMC": 119.73024370790992, "DFMC": 47.857371407901084, "SFP": 0.0, "CFP": 0.0 }, "geometry": { "type": "Point", "coordinates": [ 1.508099183524428, 42.192195985717248 ] } },
{ "type": "Feature", "properties": { "date": "2026-09-18T00:00:00", "REW": 89.768783280698855, "DDS": 3.7095831593941639, "LFMC": 119.81658761079959, "DFMC": 49.239622518983715, "SFP": 0.0, "CFP": 0.0 }, "geometry": { "type": "Point", "coordinates": [ 1.514135993447264, 42.191958105979545 ] } },
{ "type": "Feature", "properties": { "date": "2026-09-18T00:00:00", "REW": 48.443038210761841, "DDS": 5.4485293383138735, "LFMC": 75.468739110646922, "DFMC": 21.779081782385504, "SFP": 9.0, "CFP": 9.0 }, "geometry": { "type": "Point", "coordinates": [ 1.368303240984425, 42.184109597223582 ] } },
{ "type": "Feature", "properties": { "date": "2026-09-18T00:00:00", "REW": 49.539018370687586, "DDS": 5.6678961014152627, "LFMC": 173.47101789306251, "DFMC": 22.235813984779249, "SFP": 9.0, "CFP": 9.0 }, "geometry": { "type": "Point", "coordinates": [ 1.38037754473548, 42.18364830664791 ] } },
{ "type": "Feature", "properties": { "date": "2026-09-18T00:00:00", "REW": 23.276715896248753, "DDS": 28.660557177281987, "LFMC": 149.60285635063516, "DFMC": 24.769813498130617, "SFP": 5.9058725490326216, "CFP": 7.7306703295423391 }, "geometry": { "type": "Point", "coordinates": [ 1.392451565291716, 42.183185749354088 ] } },
{ "type": "Feature", "properties": { "date": "2026-09-18T00:00:00", "REW": 95.705510589890523, "DDS": 0.77402158138047317, "LFMC": 94.667867933992753, "DFMC": 24.71958273530992, "SFP": 6.1978859504465769, "CFP": 0.0 }, "geometry": { "type": "Point", "coordinates": [ 1.39848846913153, 42.182953995714101 ] } },
{ "type": "Feature", "properties": { "date": "2026-09-18T00:00:00", "REW": 67.062999329283741, "DDS": 6.6395482561338932, "LFMC": 126.73029387313312, "DFMC": 25.578536307430188, "SFP": 8.7375816669484294, "CFP": 8.5831212780776571 }, "geometry": { "type": "Point", "coordinates": [ 1.404525301884355, 42.182721925426037 ] } },
{ "type": "Feature", "properties": { "date": "2026-09-18T00:00:00", "REW": 94.514118706366503, "DDS": 0.5485852278814195, "LFMC": 77.40349099785216, "DFMC": 28.501080717406801, "SFP": 7.7541464255327988, "CFP": 8.0234928758313409 }, "geometry": { "type": "Point", "coordinates": [ 1.410562063454115, 42.182489538500448 ] } },
{ "type": "Feature", "properties": { "date": "2026-09-18T00:00:00", "REW": 27.474622000233506, "DDS": 15.461263339577926, "LFMC": 144.4083268527863, "DFMC": 29.279292210471848, "SFP": 3.0790331102305197, "CFP": 6.8322142754677584 }, "geometry": { "type": "Point", "coordinates": [ 1.434708395981144, 42.181556824633766 ] } },
{ "type": "Feature", "properties": { "date": "2026-09-18T00:00:00", "REW": 87.953351317277111, "DDS": 0.78422458517761151, "LFMC": 134.53143986095785, "DFMC": 31.494075398401129, "SFP": 5.0109450033805869, "CFP": 5.6227096076702381 }, "geometry": { "type": "Point", "coordinates": [ 1.44074480019463, 42.181322854678868 ] } },
{ "type": "Feature", "properties": { "date": "2026-09-18T00:00:00", "REW": 92.716345583269842, "DDS": 0.49758203675357132, "LFMC": 134.40190962710463, "DFMC": 33.761938796982619, "SFP": 4.5702636075062006, "CFP": 5.3078628671356798 }, "geometry": { "type": "Point", "coordinates": [ 1.446781132648726, 42.181088568149889 ] } },
{ "type": "Feature", "properties": { "date": "2026-09-18T00:00:00", "REW": 94.438634433078946, "DDS": 0.040290123548945914, "LFMC": 140.39186060116387, "DFMC": 37.232808182006337, "SFP": 3.2903313972671233, "CFP": 4.806821913803133 }, "geometry": { "type": "Point", "coordinates": [ 1.452817393247402, 42.180853965057437 ] } },
{ "type": "Feature", "properties": { "date": "2026-09-18T00:00:00", "REW": 80.051137510081233, "DDS": 0.68964441525690767, "LFMC": 119.7320226405967, "DFMC": 42.285142426692765, "SFP": 1.5195691394612563, "CFP": 2.8363288339123565 }, "geometry": { "type": "Point", "coordinates": [ 1.470925742950737, 42.18014825650571 ] } },
{ "type": "Feature", "properties": { "date": "2026-09-18T00:00:00", "REW": 85.928348048944073, "DDS": 2.1602787939591637, "LFMC": 123.90539892757297, "DFMC": 45.803001104258463, "SFP": 0.0, "CFP": 0.0 }, "geometry": { "type": "Point", "coordinates": [ 1.476961715167595, 42.179912387265901 ] } },
{ "type": "Feature", "properties": { "date": "2026-09-18T00:00:00", "REW": 84.074685240314608, "DDS": 6.3093707427725034, "LFMC": 137.89228286583443, "DFMC": 46.78788614767118, "SFP": 0.0, "CFP": 0.0 }, "geometry": { "type": "Point", "coordinates": [ 1.482997615049, 42.179676201515939 ] } },
{ "type": "Feature", "properties": { "date": "2026-09-18T00:00:00", "REW": 83.83569332343572, "DDS": 9.2242904395124778, "LFMC": 140.12413800732557, "DFMC": 47.319479435222839, "SFP": 0.0, "CFP": 0.0 }, "geometry": { "type": "Point", "coordinates": [ 1.489033442498968, 42.179439699266538 ] } },
{ "type": "Feature", "properties": { "date": "2026-09-18T00:00:00", "REW": 98.516123241126962, "DDS": 4.3110355183689082, "LFMC": 120.81328826864993, "DFMC": 48.22368401171726, "SFP": 0.0, "CFP": 0.0 }, "geometry": { "type": "Point", "coordinates": [ 1.495069197421521, 42.179202880528429 ] } },
{ "type": "Feature", "properties": { "date": "2026-09-18T00:00:00", "REW": 92.063661601703046, "DDS": 2.5457813047570244, "LFMC": 138.79645438970743, "DFMC": 48.016930326512529, "SFP": 0.0, "CFP": 0.0 }, "geometry": { "type": "Point", "coordinates": [ 1.501104879720688, 42.178965745312347 ] } },
{ "type": "Feature", "properties": { "date": "2026-09-18T00:00:00", "REW": 37.135626776905035, "DDS": 4.8646251265271205, "LFMC": 144.14978194790572, "DFMC": 30.988295817601742, "SFP": 5.1822041774086349, "CFP": 8.3660409445740385 }, "geometry": { "type": "Point", "coordinates": [ 1.382553074273644, 42.21507823472934 ] } },
{ "type": "Feature", "properties": { "date": "2026-09-18T00:00:00", "REW": 58.227052321036268, "DDS": 5.1893572466730395, "LFMC": 122.28176513415451, "DFMC": 29.213421322890191, "SFP": 4.5146089806875374, "CFP": 8.1358658169136078 }, "geometry": { "type": "Point", "coordinates": [ 1.38859309485, 42.214846861192491 ] } },
{ "type": "Feature", "properties": { "date": "2026-09-18T00:00:00", "REW": 85.885295615392636, "DDS": 0.52247505932153093, "LFMC": 97.698359997766602, "DFMC": 27.508477820962312, "SFP": 3.3077194828970056, "CFP": 8.1167276438312381 }, "geometry": { "type": "Point", "coordinates": [ 1.371093336624918, 42.224520106151559 ] } },
{ "type": "Feature", "properties": { "date": "2026-09-18T00:00:00", "REW": 79.922679600685996, "DDS": 1.2382876476503244, "LFMC": 115.44386000896749, "DFMC": 27.865990184610567, "SFP": 3.4249293635145821, "CFP": 4.6062699040813291 }, "geometry": { "type": "Point", "coordinates": [ 1.377134349864303, 42.22428929447652 ] } },
{ "type": "Feature", "properties": { "date": "2026-09-18T00:00:00", "REW": 96.165070725969954, "DDS": 0.39864795145542481, "LFMC": 113.3475107388186, "DFMC": 26.595906339095627, "SFP": 2.9559293003217819, "CFP": 4.1581906641076509 }, "geometry": { "type": "Point", "coordinates": [ 1.383175292232089, 42.224058165667664 ] } },
{ "type": "Feature", "properties": { "date": "2026-09-18T00:00:00", "REW": 78.814845296118222, "DDS": 0.67597787884496674, "LFMC": 110.62896501010516, "DFMC": 23.875187828415257, "SFP": 3.5666691303071101, "CFP": 4.7989300562590707 }, "geometry": { "type": "Point", "coordinates": [ 1.389216163631941, 42.223826719735442 ] } },
{ "type": "Feature", "properties": { "date": "2026-09-18T00:00:00", "REW": 39.645587001963698, "DDS": 8.3167136993096609, "LFMC": 109.72740287456637, "DFMC": 23.566394859572778, "SFP": 4.0897374514656439, "CFP": 8.7176775367410499 }, "geometry": { "type": "Point", "coordinates": [ 1.395256963967532, 42.223594956690391 ] } },
{ "type": "Feature", "properties": { "date": "2026-09-18T00:00:00", "REW": 62.664310003082448, "DDS": 1.3236664123324704, "LFMC": 109.49378698181206, "DFMC": 24.51170110467125, "SFP": 3.1522585471175555, "CFP": 4.5143317862880501 }, "geometry": { "type": "Point", "coordinates": [ 1.40129769314254, 42.223362876543028 ] } },
{ "type": "Feature", "properties": { "date": "2026-09-18T00:00:00", "REW": 75.376445098600769, "DDS": 0.7332357874453268, "LFMC": 110.20889747000349, "DFMC": 25.597704039728562, "SFP": 3.754129711618146, "CFP": 9.0 }, "geometry": { "type": "Point", "coordinates": [ 1.407338351060654, 42.223130479303869 ] } },
{ "type": "Feature", "properties": { "date": "2026-09-18T00:00:00", "REW": 88.386569371771486, "DDS": 1.4702329062139097, "LFMC": 117.22882436846199, "DFMC": 26.178046946846941, "SFP": 6.4524777334857299, "CFP": 7.4650594694861043 }, "geometry": { "type": "Point", "coordinates": [ 1.413378937625567, 42.222897764983493 ] } },
{ "type": "Feature", "properties": { "date": "2026-09-18T00:00:00", "REW": 78.128874126758546, "DDS": 3.6310397219592692, "LFMC": 144.97531258035855, "DFMC": 30.882000775801174, "SFP": 9.0, "CFP": 8.8252403217957305 }, "geometry": { "type": "Point", "coordinates": [ 1.419419452740981, 42.222664733592431 ] } },
{ "type": "Feature", "properties": { "date": "2026-09-18T00:00:00", "REW": 62.481077070846624, "DDS": 0.18732907538452473, "LFMC": 154.05337430180847, "DFMC": 33.770425192483096, "SFP": 3.4801520181837153, "CFP": 6.516719390378471 }, "geometry": { "type": "Point", "coordinates": [ 1.425459896310606, 42.222431385141284 ] } },
{ "type": "Feature", "properties": { "date": "2026-09-18T00:00:00", "REW": 70.451409691980032, "DDS": 0.43173017944642417, "LFMC": 152.70224593706214, "DFMC": 35.10529941854162, "SFP": 2.021824196351059, "CFP": 5.9333231672843789 }, "geometry": { "type": "Point", "coordinates": [ 1.431500268238153, 42.222197719640619 ] } },
{ "type": "Feature", "properties": { "date": "2026-09-18T00:00:00", "REW": 69.816677404473452, "DDS": 0.59094492173449131, "LFMC": 150.84065304116433, "DFMC": 34.387038412800592, "SFP": 3.067403655131554, "CFP": 6.9729936515850159 }, "geometry": { "type": "Point", "coordinates": [ 1.43754056842735, 42.221963737101063 ] } },
{ "type": "Feature", "properties": { "date": "2026-09-18T00:00:00", "REW": 32.807683609411328, "DDS": 4.0369387464939237, "LFMC": 152.41601190291277, "DFMC": 34.239863868033247, "SFP": 2.158539396656121, "CFP": 7.5943711623412486 }, "geometry": { "type": "Point", "coordinates": [ 1.443580796781927, 42.221729437533227 ] } },
{ "type": "Feature", "properties": { "date": "2026-09-18T00:00:00", "REW": 27.859800907200466, "DDS": 1.8671585690235373, "LFMC": 153.51690361536862, "DFMC": 33.864765495309918, "SFP": 1.4597745232217838, "CFP": 7.7346594290231581 }, "geometry": { "type": "Point", "coordinates": [ 1.449620953205621, 42.221494820947733 ] } },
{ "type": "Feature", "properties": { "date": "2026-09-18T00:00:00", "REW": 74.288602840248842, "DDS": 0.76736935156177721, "LFMC": 149.33450033792016, "DFMC": 33.239808720910631, "SFP": 1.7580106528211896, "CFP": 7.6506705625063187 }, "geometry": { "type": "Point", "coordinates": [ 1.455661037602178, 42.221259887355245 ] } },
{ "type": "Feature", "properties": { "date": "2026-09-18T00:00:00", "REW": 54.480012198150504, "DDS": 2.1388393968007322, "LFMC": 154.32484331786847, "DFMC": 31.957234735590855, "SFP": 1.6659828979108326, "CFP": 6.9012776532914568 }, "geometry": { "type": "Point", "coordinates": [ 1.461701049875348, 42.221024636766415 ] } },
{ "type": "Feature", "properties": { "date": "2026-09-18T00:00:00", "REW": 94.26131541388628, "DDS": 0.20762833736084266, "LFMC": 155.55329089691378, "DFMC": 29.060286526995238, "SFP": 2.4626600433921282, "CFP": 4.4839456390899866 }, "geometry": { "type": "Point", "coordinates": [ 1.467740989928894, 42.22078906919193 ] } },
{ "type": "Feature", "properties": { "date": "2026-09-18T00:00:00", "REW": 36.777607253132423, "DDS": 4.2665969922277132, "LFMC": 152.90480169664571, "DFMC": 27.949783616228078, "SFP": 3.0594650873629323, "CFP": 5.9943221689705277 }, "geometry": { "type": "Point", "coordinates": [ 1.485860375809488, 42.220080464661457 ] } },
{ "type": "Feature", "properties": { "date": "2026-09-18T00:00:00", "REW": 21.107143892107498, "DDS": 7.3581746035703359, "LFMC": 147.2906989480899, "DFMC": 25.539408506923568, "SFP": 2.8117726949051196, "CFP": 6.7560532932767652 }, "geometry": { "type": "Point", "coordinates": [ 1.491900026022277, 42.219843629251351 ] } },
{ "type": "Feature", "properties": { "date": "2026-09-18T00:00:00", "REW": 99.026761118242689, "DDS": 0.41132339467874851, "LFMC": 87.168196681546675, "DFMC": 26.557775047240415, "SFP": 3.2608317437547703, "CFP": 6.2684459660796277 }, "geometry": { "type": "Point", "coordinates": [ 1.497939603534351, 42.219606476909171 ] } },
{ "type": "Feature", "properties": { "date": "2026-09-18T00:00:00", "REW": 40.687758000061123, "DDS": 4.0230146646659772, "LFMC": 144.9302894669479, "DFMC": 31.177994242172389, "SFP": 1.5943800104274251, "CFP": 7.0983803631081939 }, "geometry": { "type": "Point", "coordinates": [ 1.510018540071571, 42.219131221471656 ] } },
{ "type": "Feature", "properties": { "date": "2026-09-18T00:00:00", "REW": 68.01112749196902, "DDS": 0.56036156894934952, "LFMC": 154.13219651583634, "DFMC": 34.690851691895205, "SFP": 0.98300719862198027, "CFP": 2.3561533581717446 }, "geometry": { "type": "Point", "coordinates": [ 1.516057898904347, 42.218893118397901 ] } },
{ "type": "Feature", "properties": { "date": "2026-09-18T00:00:00", "REW": 55.894196243911509, "DDS": 0.41332435021220387, "LFMC": 151.53347519274374, "DFMC": 37.869522498498718, "SFP": 1.2590686851388391, "CFP": 2.022867764017628 }, "geometry": { "type": "Point", "coordinates": [ 1.52209718465167, 42.218654698435181 ] } },
{ "type": "Feature", "properties": { "date": "2026-09-18T00:00:00", "REW": 87.632192592641616, "DDS": 1.8069664231624185, "LFMC": 93.926772840089214, "DFMC": 30.759298782890681, "SFP": 6.5945771504833095, "CFP": 7.6627292982652877 }, "geometry": { "type": "Point", "coordinates": [ 1.38423955991904, 42.151987247259804 ] } },
{ "type": "Feature", "properties": { "date": "2026-09-18T00:00:00", "REW": 65.72713271020794, "DDS": 4.6514596986480425, "LFMC": 142.72752883667386, "DFMC": 30.633455841157335, "SFP": 8.9984389666821851, "CFP": 8.834146821902273 }, "geometry": { "type": "Point", "coordinates": [ 1.389962705390792, 42.147266086915714 ] } },
{ "type": "Feature", "properties": { "date": "2026-09-18T00:00:00", "REW": 64.428944624513591, "DDS": 4.0068467991392289, "LFMC": 127.19620243655051, "DFMC": 33.099749256067227, "SFP": 5.5646333316733418, "CFP": 6.4490411552887004 }, "geometry": { "type": "Point", "coordinates": [ 1.396307498700156, 42.151524563627099 ] } },
{ "type": "Feature", "properties": { "date": "2026-09-18T00:00:00", "REW": 96.158885440666978, "DDS": 0.82554905269330559, "LFMC": 98.424270801751021, "DFMC": 33.809428581659837, "SFP": 4.3703872731217208, "CFP": 0.0 }, "geometry": { "type": "Point", "coordinates": [ 1.40806302271452, 42.146570746897879 ] } },
{ "type": "Feature", "properties": { "date": "2026-09-18T00:00:00", "REW": 84.197806290883165, "DDS": 0.92738320806180541, "LFMC": 156.10183737389193, "DFMC": 36.50383269519601, "SFP": 3.4330612086505976, "CFP": 5.1340675372736673 }, "geometry": { "type": "Point", "coordinates": [ 1.40837515366031, 42.151060614781166 ] } },
{ "type": "Feature", "properties": { "date": "2026-09-18T00:00:00", "REW": 69.013513793337324, "DDS": 1.3716714059223234, "LFMC": 153.76767529440369, "DFMC": 38.284191725017557, "SFP": 2.0598883931660974, "CFP": 5.4458867057928133 }, "geometry": { "type": "Point", "coordinates": [ 1.414408874467773, 42.150828165929518 ] } },
{ "type": "Feature", "properties": { "date": "2026-09-18T00:00:00", "REW": 90.091630119468874, "DDS": 1.7461656501161069, "LFMC": 140.43702129485274, "DFMC": 35.278023806720689, "SFP": 6.6199129611211607, "CFP": 7.3992734608188746 }, "geometry": { "type": "Point", "coordinates": [ 1.414096319693861, 42.14633833441178 ] } },
{ "type": "Feature", "properties": { "date": "2026-09-18T00:00:00", "REW": 91.079812635630773, "DDS": 0.032169965960882854, "LFMC": 156.60279130768697, "DFMC": 37.470847464522812, "SFP": 1.4304475464007576, "CFP": 4.2152388076939467 }, "geometry": { "type": "Point", "coordinates": [ 1.42012954544914, 42.146105605703134 ] } },
{ "type": "Feature", "properties": { "date": "2026-09-18T00:00:00", "REW": 69.816493888193037, "DDS": 0.096463345650122906, "LFMC": 156.372905353395, "DFMC": 39.180336350279092, "SFP": 1.2425974553329437, "CFP": 4.7003887709625118 }, "geometry": { "type": "Point", "coordinates": [ 1.420442524032306, 42.150595400806104 ] } },
{ "type": "Feature", "properties": { "date": "2026-09-18T00:00:00", "REW": 65.346888051371266, "DDS": 1.9611056393238959, "LFMC": 144.54930025280945, "DFMC": 37.001553921275303, "SFP": 2.4716144497680737, "CFP": 5.0917877754544358 }, "geometry": { "type": "Point", "coordinates": [ 1.426162699884496, 42.1458725607825 ] } },
{ "type": "Feature", "properties": { "date": "2026-09-18T00:00:00", "REW": 80.275663676067268, "DDS": 0.016143918048933562, "LFMC": 156.38980453810078, "DFMC": 37.917770752777052, "SFP": 1.5711048909308931, "CFP": 4.5549744339204397 }, "geometry": { "type": "Point", "coordinates": [ 1.426476102258023, 42.15036231942149 ] } },
{ "type": "Feature", "properties": { "date": "2026-09-18T00:00:00", "REW": 84.505248346683743, "DDS": 0.23001722376379355, "LFMC": 152.36168112385937, "DFMC": 38.275250233010674, "SFP": 1.4803975553128026, "CFP": 4.1430230514181101 }, "geometry": { "type": "Point", "coordinates": [ 1.432195782904082, 42.145639199660437 ] } },
{ "type": "Feature", "properties": { "date": "2026-09-18T00:00:00", "REW": 82.49462676480357, "DDS": 0.27963030498657065, "LFMC": 170.20514967124362, "DFMC": 38.60274381999298, "SFP": 0.0, "CFP": 0.0 }, "geometry": { "type": "Point", "coordinates": [ 1.432509609049055, 42.150128921786226 ] } },
{ "type": "Feature", "properties": { "date": "2026-09-18T00:00:00", "REW": 100.0, "DDS": 0.002378320509617708, "LFMC": 159.94785231638616, "DFMC": 39.756088338412248, "SFP": 1.0979293917565103, "CFP": 2.7005159419356146 }, "geometry": { "type": "Point", "coordinates": [ 1.43854304430953, 42.149895207910895 ] } },
{ "type": "Feature", "properties": { "date": "2026-09-18T00:00:00", "REW": 100.0, "DDS": 0.0059581113455713531, "LFMC": 153.14254066469482, "DFMC": 39.819684397110379, "SFP": 1.5205609668494042, "CFP": 3.8785858058085689 }, "geometry": { "type": "Point", "coordinates": [ 1.438228794412054, 42.145405522347495 ] } },
{ "type": "Feature", "properties": { "date": "2026-09-18T00:00:00", "REW": 100.0, "DDS": 0.10002889201738839, "LFMC": 144.41473200371072, "DFMC": 40.607299665528664, "SFP": 1.5321991502128656, "CFP": 3.4165066789941747 }, "geometry": { "type": "Point", "coordinates": [ 1.444261734312579, 42.145171528854277 ] } },
{ "type": "Feature", "properties": { "date": "2026-09-18T00:00:00", "REW": 100.0, "DDS": 0.098073167139096445, "LFMC": 140.21946415359486, "DFMC": 39.781049171868077, "SFP": 1.3566251571906676, "CFP": 3.1332274301001397 }, "geometry": { "type": "Point", "coordinates": [ 1.450294602509826, 42.144937219191377 ] } },
{ "type": "Feature", "properties": { "date": "2026-09-18T00:00:00", "REW": 90.635023808172917, "DDS": 1.3936562784863475, "LFMC": 130.86403265116311, "DFMC": 42.369808118333644, "SFP": 0.0, "CFP": 0.0 }, "geometry": { "type": "Point", "coordinates": [ 1.456642919949055, 42.149192168950435 ] } },
{ "type": "Feature", "properties": { "date": "2026-09-18T00:00:00", "REW": 100.0, "DDS": 0.23048977320197264, "LFMC": 167.87680674037489, "DFMC": 39.164858870917683, "SFP": 0.92772243891862827, "CFP": 2.7753032875713055 }, "geometry": { "type": "Point", "coordinates": [ 1.456327398907977, 42.144702593369423 ] } },
{ "type": "Feature", "properties": { "date": "2026-09-18T00:00:00", "REW": 100.0, "DDS": 0.15849929146470026, "LFMC": 141.58328393734644, "DFMC": 41.706414976297097, "SFP": 0.91789409702477121, "CFP": 2.8261307743876696 }, "geometry": { "type": "Point", "coordinates": [ 1.462676068128777, 42.148957190220862 ] } },
{ "type": "Feature", "properties": { "date": "2026-09-18T00:00:00", "REW": 100.0, "DDS": 0.041384284741207276, "LFMC": 115.15177610441178, "DFMC": 36.947673405496545, "SFP": 2.0264819246688965, "CFP": 4.4306571843628788 }, "geometry": { "type": "Point", "coordinates": [ 1.462360123411216, 42.144467651399047 ] } },
{ "type": "Feature", "properties": { "date": "2026-09-18T00:00:00", "REW": 60.889064369777593, "DDS": 8.1623660184507223, "LFMC": 210.23164908055026, "DFMC": 38.193863869444449, "SFP": 2.8675067363301574, "CFP": 4.0953201855337458 }, "geometry": { "type": "Point", "coordinates": [ 1.468709144298714, 42.148721895304305 ] } },
{ "type": "Feature", "properties": { "date": "2026-09-18T00:00:00", "REW": 80.151495410035508, "DDS": 1.2666706433535755, "LFMC": 143.7426452649652, "DFMC": 34.003633272725075, "SFP": 2.4105126619172705, "CFP": 4.1600466991618736 }, "geometry": { "type": "Point", "coordinates": [ 1.468392775923738, 42.144232393290871 ] } },
{ "type": "Feature", "properties": { "date": "2026-09-18T00:00:00", "REW": 100.0, "DDS": 0.86413392786861476, "LFMC": 158.25375228341542, "DFMC": 35.202240727967194, "SFP": 2.5129897054238222, "CFP": 0.0 }, "geometry": { "type": "Point", "coordinates": [ 1.474742148363042, 42.148486284211415 ] } },
{ "type": "Feature", "properties": { "date": "2026-09-18T00:00:00", "REW": 55.273584679043338, "DDS": 5.5027909303482287, "LFMC": 192.33978115742099, "DFMC": 32.552535469925651, "SFP": 3.0911179520040961, "CFP": 4.5486244479563522 }, "geometry": { "type": "Point", "coordinates": [ 1.48045786459344, 42.143760928703784 ] } },
{ "type": "Feature", "properties": { "date": "2026-09-18T00:00:00", "REW": 90.167350238203113, "DDS": 0.73981341433319536, "LFMC": 142.55352495292948, "DFMC": 34.906062371329242, "SFP": 2.0236336145970939, "CFP": 3.6363447450734361 }, "geometry": { "type": "Point", "coordinates": [ 1.486490300559045, 42.143524722246241 ] } },
{ "type": "Feature", "properties": { "date": "2026-09-18T00:00:00", "REW": 95.060002807797005, "DDS": 6.6082236723176155, "LFMC": 119.12307141546526, "DFMC": 34.177755861194406, "SFP": 1.6210358015901059, "CFP": 0.0 }, "geometry": { "type": "Point", "coordinates": [ 1.486807939791613, 42.148014113539389 ] } },
{ "type": "Feature", "properties": { "date": "2026-09-18T00:00:00", "REW": 96.249613947622009, "DDS": 0.18275765443837327, "LFMC": 149.38934316540681, "DFMC": 36.738872958497154, "SFP": 1.3373395104309371, "CFP": 3.1023535504123632 }, "geometry": { "type": "Point", "coordinates": [ 1.492522664150779, 42.143288199693608 ] } },
{ "type": "Feature", "properties": { "date": "2026-09-18T00:00:00", "REW": 93.189859374444097, "DDS": 0.0094172166919671944, "LFMC": 153.03057629623819, "DFMC": 39.351225902339337, "SFP": 1.4616231560831137, "CFP": 3.6863394263361582 }, "geometry": { "type": "Point", "coordinates": [ 1.498554955272876, 42.143051361056614 ] } },
{ "type": "Feature", "properties": { "date": "2026-09-18T00:00:00", "REW": 96.495723292316455, "DDS": 0.39809033839284957, "LFMC": 151.7446748927207, "DFMC": 40.394341127716409, "SFP": 1.1126733217547531, "CFP": 3.0202844210709885 }, "geometry": { "type": "Point", "coordinates": [ 1.498873441648042, 42.147540678290348 ] } },
{ "type": "Feature", "properties": { "date": "2026-09-18T00:00:00", "REW": 86.886412848644355, "DDS": 0.64255881301432527, "LFMC": 173.84145753355438, "DFMC": 40.926254137555745, "SFP": 0.0, "CFP": 0.0 }, "geometry": { "type": "Point", "coordinates": [ 1.504906083747223, 42.14730348647624 ] } },
{ "type": "Feature", "properties": { "date": "2026-09-18T00:00:00", "REW": 76.486510358718959, "DDS": 0.33413864250536329, "LFMC": 150.43340082961549, "DFMC": 38.780433939776117, "SFP": 2.0858975750802462, "CFP": 4.2585131935493505 }, "geometry": { "type": "Point", "coordinates": [ 1.50458717382957, 42.142814206345989 ] } },
{ "type": "Feature", "properties": { "date": "2026-09-18T00:00:00", "REW": 100.0, "DDS": 2.1314186923503482, "LFMC": 131.56283442383273, "DFMC": 37.563395123450675, "SFP": 1.2535659691742438, "CFP": 3.2437037478178445 }, "geometry": { "type": "Point", "coordinates": [ 1.510619319725107, 42.142576735572462 ] } },
{ "type": "Feature", "properties": { "date": "2026-09-18T00:00:00", "REW": 88.531939974454261, "DDS": 0.012965935734885952, "LFMC": 153.22899262672385, "DFMC": 40.477848748956383, "SFP": 1.3925946370745805, "CFP": 3.760285616705247 }, "geometry": { "type": "Point", "coordinates": [ 1.510938653166002, 42.147065978550067 ] } },
{ "type": "Feature", "properties": { "date": "2026-09-18T00:00:00", "REW": 100.0, "DDS": 1.6359991879299742, "LFMC": 118.19565521661717, "DFMC": 35.928521727307412, "SFP": 1.7589368857216252, "CFP": 1.9617195800190184 }, "geometry": { "type": "Point", "coordinates": [ 1.516651392863739, 42.142338948746797 ] } },
{ "type": "Feature", "properties": { "date": "2026-09-18T00:00:00", "REW": 87.809020413622207, "DDS": 0.1732616389477013, "LFMC": 154.255975884273, "DFMC": 39.102906339857036, "SFP": 1.1488762661767191, "CFP": 3.6754312407340812 }, "geometry": { "type": "Point", "coordinates": [ 1.516971149808609, 42.146828154522581 ] } },
{ "type": "Feature", "properties": { "date": "2026-09-18T00:00:00", "REW": 96.424154732408525, "DDS": 0.14467559510451097, "LFMC": 160.07631123701927, "DFMC": 38.597805347637546, "SFP": 1.7129215808962792, "CFP": 3.6220764442396201 }, "geometry": { "type": "Point", "coordinates": [ 1.432823506724585, 42.154618638483505 ] } },
{ "type": "Feature", "properties": { "date": "2026-09-18T00:00:00", "REW": 96.285786908843647, "DDS": 0.22059906925328859, "LFMC": 155.96919244776061, "DFMC": 38.486034246832226, "SFP": 1.2437531988993646, "CFP": 3.1101623010172585 }, "geometry": { "type": "Point", "coordinates": [ 1.433137475949622, 42.159108349751648 ] } },
{ "type": "Feature", "properties": { "date": "2026-09-18T00:00:00", "REW": 100.0, "DDS": 0.056116763164927107, "LFMC": 121.03366626715018, "DFMC": 39.120562284136348, "SFP": 2.4328885738609967, "CFP": 0.0 }, "geometry": { "type": "Point", "coordinates": [ 1.438857365833423, 42.154384888040674 ] } },
{ "type": "Feature", "properties": { "date": "2026-09-18T00:00:00", "REW": 79.593172532920605, "DDS": 0.94773716840507627, "LFMC": 134.09685236537462, "DFMC": 38.700843709934105, "SFP": 0.94653942697243498, "CFP": 4.1929437124852127 }, "geometry": { "type": "Point", "coordinates": [ 1.439171759002708, 42.158874562736237 ] } },
{ "type": "Feature", "properties": { "date": "2026-09-18T00:00:00", "REW": 93.315896259113046, "DDS": 0.22860441344114343, "LFMC": 119.86933060372664, "DFMC": 40.105635796843153, "SFP": 2.4888653536619656, "CFP": 3.6895695949186234 }, "geometry": { "type": "Point", "coordinates": [ 1.444891153296871, 42.15415082131917 ] } },
{ "type": "Feature", "properties": { "date": "2026-09-18T00:00:00", "REW": 86.800414640452274, "DDS": 0.059984001767059966, "LFMC": 138.56597425800109, "DFMC": 38.490078752190563, "SFP": 1.5363613077425868, "CFP": 5.0809426118861474 }, "geometry": { "type": "Point", "coordinates": [ 1.445205970391422, 42.158640459392913 ] } },
{ "type": "Feature", "properties": { "date": "2026-09-18T00:00:00", "REW": 90.894006091467745, "DDS": 0.14877271771184417, "LFMC": 120.05826456848963, "DFMC": 39.679241890218762, "SFP": 0.93008193594170319, "CFP": 4.3940086763918575 }, "geometry": { "type": "Point", "coordinates": [ 1.451240110019861, 42.158406039732292 ] } },
{ "type": "Feature", "properties": { "date": "2026-09-18T00:00:00", "REW": 100.0, "DDS": 0.054855299497777406, "LFMC": 120.50610240522444, "DFMC": 41.925691668507312, "SFP": 0.78116711495348279, "CFP": 3.3652719395550901 }, "geometry": { "type": "Point", "coordinates": [ 1.456958512904089, 42.153681739082515 ] } },
{ "type": "Feature", "properties": { "date": "2026-09-18T00:00:00", "REW": 76.066970958420598, "DDS": 0.31351869346821948, "LFMC": 120.60724556328685, "DFMC": 41.527976197537654, "SFP": 2.5180230831393424, "CFP": 2.341049850656086 }, "geometry": { "type": "Point", "coordinates": [ 1.457274177792127, 42.158171303765002 ] } },
{ "type": "Feature", "properties": { "date": "2026-09-18T00:00:00", "REW": 93.598224128799927, "DDS": 0.12248370385185571, "LFMC": 120.52806668260733, "DFMC": 42.813492948003429, "SFP": 1.0478699973524743, "CFP": 3.6347607580848496 }, "geometry": { "type": "Point", "coordinates": [ 1.463308173612334, 42.157936251501667 ] } },
{ "type": "Feature", "properties": { "date": "2026-09-18T00:00:00", "REW": 100.0, "DDS": 0.041770985727409005, "LFMC": 119.96932239795646, "DFMC": 43.926018740069928, "SFP": 0.74802151040087828, "CFP": 2.8788233626332653 }, "geometry": { "type": "Point", "coordinates": [ 1.462992084856126, 42.153446723588615 ] } },
{ "type": "Feature", "properties": { "date": "2026-09-18T00:00:00", "REW": 100.0, "DDS": 2.0039890545992649, "LFMC": 123.21571198672271, "DFMC": 43.600385168108879, "SFP": 1.5269235444662237, "CFP": 2.725066307435176 }, "geometry": { "type": "Point", "coordinates": [ 1.469025584779302, 42.153211391858534 ] } },
{ "type": "Feature", "properties": { "date": "2026-09-18T00:00:00", "REW": 92.307335980574905, "DDS": 0.70610352565272705, "LFMC": 121.52122252007165, "DFMC": 44.425288840862606, "SFP": 1.4580505005367352, "CFP": 3.2907244758931475 }, "geometry": { "type": "Point", "coordinates": [ 1.4693420973846, 42.157700882952945 ] } },
{ "type": "Feature", "properties": { "date": "2026-09-18T00:00:00", "REW": 100.0, "DDS": 0.027574215164291191, "LFMC": 119.93580203808236, "DFMC": 45.442452618419694, "SFP": 0.96570243885217621, "CFP": 0.0 }, "geometry": { "type": "Point", "coordinates": [ 1.475375949013047, 42.157465198129508 ] } },
{ "type": "Feature", "properties": { "date": "2026-09-18T00:00:00", "REW": 94.595048157162083, "DDS": 1.285803133416825, "LFMC": 161.03812074417991, "DFMC": 39.265279779414691, "SFP": 2.2782519932864389, "CFP": 0.0 }, "geometry": { "type": "Point", "coordinates": [ 1.487443435455039, 42.156992879701185 ] } },
{ "type": "Feature", "properties": { "date": "2026-09-18T00:00:00", "REW": 94.43552518034889, "DDS": 0.1596909894512285, "LFMC": 122.54905511364947, "DFMC": 35.902251785871243, "SFP": 2.5356939751463847, "CFP": 0.0 }, "geometry": { "type": "Point", "coordinates": [ 1.49315886226654, 42.152266902789883 ] } },
{ "type": "Feature", "properties": { "date": "2026-09-18T00:00:00", "REW": 79.610244644346508, "DDS": 3.9035384201362464, "LFMC": 127.4965515973177, "DFMC": 39.984033939021543, "SFP": 4.0316726968186236, "CFP": 5.2078769009866095 }, "geometry": { "type": "Point", "coordinates": [ 1.499192000607828, 42.152029990039125 ] } },
{ "type": "Feature", "properties": { "date": "2026-09-18T00:00:00", "REW": 91.031370690065188, "DDS": 0.16069011843368261, "LFMC": 122.91333106187363, "DFMC": 38.870969930026405, "SFP": 1.9622394088509543, "CFP": 4.1606211501592156 }, "geometry": { "type": "Point", "coordinates": [ 1.499510632171461, 42.156519296302328 ] } },
{ "type": "Feature", "properties": { "date": "2026-09-18T00:00:00", "REW": 100.0, "DDS": 0.060899110123281412, "LFMC": 125.65628991656797, "DFMC": 44.395436018322229, "SFP": 1.0978455434364509, "CFP": 3.3439019324653421 }, "geometry": { "type": "Point", "coordinates": [ 1.505225066345274, 42.151792761116369 ] } },
{ "type": "Feature", "properties": { "date": "2026-09-18T00:00:00", "REW": 94.976231134671067, "DDS": 0.069736647290925338, "LFMC": 119.94147947583951, "DFMC": 43.871588102929842, "SFP": 0.8460424569335192, "CFP": 3.6394239241911501 }, "geometry": { "type": "Point", "coordinates": [ 1.505544121642976, 42.156282030265743 ] } },
{ "type": "Feature", "properties": { "date": "2026-09-18T00:00:00", "REW": 100.0, "DDS": 0.18458080619859607, "LFMC": 129.23621051220309, "DFMC": 45.363267412621788, "SFP": 0.75074303586570734, "CFP": 2.7448033389245245 }, "geometry": { "type": "Point", "coordinates": [ 1.511258059383069, 42.151555216032364 ] } },
{ "type": "Feature", "properties": { "date": "2026-09-18T00:00:00", "REW": 100.0, "DDS": 0.051104596149557764, "LFMC": 120.46223249433386, "DFMC": 46.22392303570809, "SFP": 0.37813232983608031, "CFP": 2.365172953363273 }, "geometry": { "type": "Point", "coordinates": [ 1.511577538395586, 42.15604444801874 ] } },
{ "type": "Feature", "properties": { "date": "2026-09-18T00:00:00", "REW": 100.0, "DDS": 0.10519397447084439, "LFMC": 120.45236155209841, "DFMC": 43.705242419668316, "SFP": 1.3296608726657191, "CFP": 3.1889909623894015 }, "geometry": { "type": "Point", "coordinates": [ 1.517290979625418, 42.151317354797875 ] } },
{ "type": "Feature", "properties": { "date": "2026-09-18T00:00:00", "REW": 84.437767481712569, "DDS": 1.0703580514255169, "LFMC": 129.32757599544121, "DFMC": 27.507829289819984, "SFP": 3.9922362038965882, "CFP": 5.373715045146719 }, "geometry": { "type": "Point", "coordinates": [ 1.360720524410173, 42.161889116517429 ] } },
{ "type": "Feature", "properties": { "date": "2026-09-18T00:00:00", "REW": 59.489263087841024, "DDS": 5.9174844507285638, "LFMC": 115.27089523218552, "DFMC": 24.135619674610574, "SFP": 5.7982256497160218, "CFP": 9.0 }, "geometry": { "type": "Point", "coordinates": [ 1.366755659952647, 42.161659126259281 ] } },
{ "type": "Feature", "properties": { "date": "2026-09-18T00:00:00", "REW": 68.69681910608962, "DDS": 1.8010485967918941, "LFMC": 124.06954111019179, "DFMC": 26.603068578611328, "SFP": 8.463049208628302, "CFP": 9.0 }, "geometry": { "type": "Point", "coordinates": [ 1.37279072498215, 42.161428819546991 ] } },
{ "type": "Feature", "properties": { "date": "2026-09-18T00:00:00", "REW": 94.009619294536535, "DDS": 0.33175819275154689, "LFMC": 137.18400990146748, "DFMC": 29.139502774955702, "SFP": 4.733191283771637, "CFP": 9.0 }, "geometry": { "type": "Point", "coordinates": [ 1.378825719402694, 42.161198196391048 ] } },
{ "type": "Feature", "properties": { "date": "2026-09-18T00:00:00", "REW": 44.124496649068348, "DDS": 8.5077190229003072, "LFMC": 116.77802077093394, "DFMC": 31.35524589088698, "SFP": 5.5196817294324241, "CFP": 8.2567182770048344 }, "geometry": { "type": "Point", "coordinates": [ 1.384550066127586, 42.156477254725139 ] } },
{ "type": "Feature", "properties": { "date": "2026-09-18T00:00:00", "REW": 91.303663849838031, "DDS": 1.24442888114161, "LFMC": 114.79420536816491, "DFMC": 29.986714637847694, "SFP": 8.2744950513964834, "CFP": 9.0 }, "geometry": { "type": "Point", "coordinates": [ 1.384860643118294, 42.160967256801875 ] } },
{ "type": "Feature", "properties": { "date": "2026-09-18T00:00:00", "REW": 40.42196973433299, "DDS": 8.609418479631799, "LFMC": 127.71613913874371, "DFMC": 29.967246483946731, "SFP": 5.9712191815883333, "CFP": 6.0588477255178264 }, "geometry": { "type": "Point", "coordinates": [ 1.390584494947067, 42.156246034891971 ] } },
{ "type": "Feature", "properties": { "date": "2026-09-18T00:00:00", "REW": 34.680709510981963, "DDS": 6.3955467854981372, "LFMC": 126.94412608814017, "DFMC": 28.759724942007569, "SFP": 4.255101751040737, "CFP": 7.9101716583258801 }, "geometry": { "type": "Point", "coordinates": [ 1.390895496032976, 42.160736000789953 ] } },
{ "type": "Feature", "properties": { "date": "2026-09-18T00:00:00", "REW": 74.596761334225008, "DDS": 1.4429977509671446, "LFMC": 132.21181723058504, "DFMC": 31.432958399792916, "SFP": 3.5088897195152908, "CFP": 8.2491664049131366 }, "geometry": { "type": "Point", "coordinates": [ 1.396618852888443, 42.156014498695768 ] } },
{ "type": "Feature", "properties": { "date": "2026-09-18T00:00:00", "REW": 47.21408011345342, "DDS": 2.1980222524424682, "LFMC": 133.30494149813296, "DFMC": 31.611975355139261, "SFP": 3.5879085863907911, "CFP": 8.1524443886966687 }, "geometry": { "type": "Point", "coordinates": [ 1.402964989075721, 42.160272539539775 ] } },
{ "type": "Feature", "properties": { "date": "2026-09-18T00:00:00", "REW": 76.807055978306337, "DDS": 0.54649204461172862, "LFMC": 147.48007667321991, "DFMC": 35.141386045788813, "SFP": 2.125493704143806, "CFP": 7.473060270374031 }, "geometry": { "type": "Point", "coordinates": [ 1.402653139855777, 42.155782646147031 ] } },
{ "type": "Feature", "properties": { "date": "2026-09-18T00:00:00", "REW": 57.913374425060738, "DDS": 1.9445425525897246, "LFMC": 142.61777398463087, "DFMC": 37.160442108332305, "SFP": 1.3140098006449639, "CFP": 7.111293337176674 }, "geometry": { "type": "Point", "coordinates": [ 1.408687355753142, 42.15555047725627 ] } },
{ "type": "Feature", "properties": { "date": "2026-09-18T00:00:00", "REW": 66.588484155446665, "DDS": 0.48814101907347707, "LFMC": 150.87119755434682, "DFMC": 35.98341816927406, "SFP": 2.1965425108117946, "CFP": 7.5735099861812287 }, "geometry": { "type": "Point", "coordinates": [ 1.415034197763267, 42.159807812724566 ] } },
{ "type": "Feature", "properties": { "date": "2026-09-18T00:00:00", "REW": 78.088199568217803, "DDS": 0.28054336758993792, "LFMC": 168.45992987906831, "DFMC": 39.818964946885572, "SFP": 0.0, "CFP": 0.0 }, "geometry": { "type": "Point", "coordinates": [ 1.414721500484617, 42.155317992033986 ] } },
{ "type": "Feature", "properties": { "date": "2026-09-18T00:00:00", "REW": 59.10152925535489, "DDS": 0.072685950434202659, "LFMC": 156.12006360137426, "DFMC": 38.247684058024447, "SFP": 1.6798227811362949, "CFP": 5.959306912850681 }, "geometry": { "type": "Point", "coordinates": [ 1.421068695233981, 42.159574974756396 ] } },
{ "type": "Feature", "properties": { "date": "2026-09-18T00:00:00", "REW": 56.492341583048045, "DDS": 0.62643714695275865, "LFMC": 165.11403421213933, "DFMC": 39.806426100772178, "SFP": 0.0, "CFP": 0.0 }, "geometry": { "type": "Point", "coordinates": [ 1.420755573954286, 42.15508519049073 ] } },
{ "type": "Feature", "properties": { "date": "2026-09-18T00:00:00", "REW": 29.99384262865626, "DDS": 7.886750681010966, "LFMC": 141.50838172885059, "DFMC": 32.129519389010682, "SFP": 3.7188616117579407, "CFP": 7.8659780320151489 }, "geometry": { "type": "Point", "coordinates": [ 1.359794094318712, 42.148418661514583 ] } },
{ "type": "Feature", "properties": { "date": "2026-09-18T00:00:00", "REW": 39.618834814261504, "DDS": 3.1155053484234503, "LFMC": 140.44798647290298, "DFMC": 29.360928149660374, "SFP": 4.6965343904448318, "CFP": 9.0 }, "geometry": { "type": "Point", "coordinates": [ 1.360102833963313, 42.152908818550294 ] } },
{ "type": "Feature", "properties": { "date": "2026-09-18T00:00:00", "REW": 44.090177543189604, "DDS": 2.9079530118350463, "LFMC": 145.22167510270302, "DFMC": 29.915862415047417, "SFP": 4.2941868239708638, "CFP": 7.2557462156218655 }, "geometry": { "type": "Point", "coordinates": [ 1.366137121261606, 42.15267890025067 ] } },
{ "type": "Feature", "properties": { "date": "2026-09-18T00:00:00", "REW": 50.918138474637274, "DDS": 4.2598626732775715, "LFMC": 136.77224313462537, "DFMC": 31.080005790607849, "SFP": 5.1798402817177633, "CFP": 6.3315261983975724 }, "geometry": { "type": "Point", "coordinates": [ 1.372171338084283, 42.152448665595422 ] } },
{ "type": "Feature", "properties": { "date": "2026-09-18T00:00:00", "REW": 54.167590524737641, "DDS": 3.1046138974838291, "LFMC": 84.894133529485799, "DFMC": 27.275636124791035, "SFP": 6.7016381482354319, "CFP": 9.0 }, "geometry": { "type": "Point", "coordinates": [ 1.360411643987584, 42.157398970218097 ] } },
{ "type": "Feature", "properties": { "date": "2026-09-18T00:00:00", "REW": 61.329602212801994, "DDS": 5.6559000288682579, "LFMC": 115.41083559517718, "DFMC": 27.029197368461023, "SFP": 4.9034061324739575, "CFP": 9.0 }, "geometry": { "type": "Point", "coordinates": [ 1.366446355359981, 42.157169015941726 ] } },
{ "type": "Feature", "properties": { "date": "2026-09-18T00:00:00", "REW": 39.664067564732377, "DDS": 5.6869381372503423, "LFMC": 139.85825873941809, "DFMC": 31.33013087759657, "SFP": 4.2513765201041629, "CFP": 7.0791963599212551 }, "geometry": { "type": "Point", "coordinates": [ 1.378515566525943, 42.156708158184792 ] } },
{ "type": "Feature", "properties": { "date": "2026-09-18T00:00:00", "REW": 100.0, "DDS": 1.206651384877371, "LFMC": 120.19510979570065, "DFMC": 45.671138286519465, "SFP": 0.91851591856096471, "CFP": 2.6167690652365252 }, "geometry": { "type": "Point", "coordinates": [ 1.517610882333465, 42.155806549572056 ] } },
{ "type": "Feature", "properties": { "date": "2026-09-18T00:00:00", "REW": 30.328044247327057, "DDS": 22.280030389340723, "LFMC": 115.05878735372316, "DFMC": 24.949913510756442, "SFP": 9.0, "CFP": 9.0 }, "geometry": { "type": "Point", "coordinates": [ 1.36536219125037, 42.22924066638253 ] } },
{ "type": "Feature", "properties": { "date": "2026-09-18T00:00:00", "REW": 48.86849672850164, "DDS": 9.8849365778143117, "LFMC": 114.88315941603004, "DFMC": 22.822498305670454, "SFP": 9.0, "CFP": 9.0 }, "geometry": { "type": "Point", "coordinates": [ 1.371403700877682, 42.229010135794582 ] } },
{ "type": "Feature", "properties": { "date": "2026-09-18T00:00:00", "REW": 67.722053506754094, "DDS": 1.2204397329895664, "LFMC": 103.9657305324139, "DFMC": 24.278882009296833, "SFP": 3.3521142948080831, "CFP": 5.2210255868166708 }, "geometry": { "type": "Point", "coordinates": [ 1.361029475249738, 42.166379257447701 ] } },
{ "type": "Feature", "properties": { "date": "2026-09-18T00:00:00", "REW": 56.739783424591053, "DDS": 1.3104144813930199, "LFMC": 66.622814952741763, "DFMC": 21.025242416973381, "SFP": 9.0, "CFP": 9.0 }, "geometry": { "type": "Point", "coordinates": [ 1.36133849652494, 42.170869393008275 ] } },
{ "type": "Feature", "properties": { "date": "2026-09-18T00:00:00", "REW": 47.320867518754305, "DDS": 2.6358563449533552, "LFMC": 93.663552537137733, "DFMC": 23.387625521650985, "SFP": 7.3096264623195131, "CFP": 9.0 }, "geometry": { "type": "Point", "coordinates": [ 1.367065035058286, 42.166149231202745 ] } },
{ "type": "Feature", "properties": { "date": "2026-09-18T00:00:00", "REW": 28.86745921285377, "DDS": 32.62749957745315, "LFMC": 139.81236670579793, "DFMC": 21.220776482191461, "SFP": 7.1384022246039089, "CFP": 5.0967783413880481 }, "geometry": { "type": "Point", "coordinates": [ 1.367374480695583, 42.170639330771493 ] } },
{ "type": "Feature", "properties": { "date": "2026-09-18T00:00:00", "REW": 71.807824968773275, "DDS": 3.3871277883444981, "LFMC": 127.34426490095574, "DFMC": 26.083979707008599, "SFP": 6.2618069608187534, "CFP": 6.9666510326238402 }, "geometry": { "type": "Point", "coordinates": [ 1.373100524335173, 42.165918888454414 ] } },
{ "type": "Feature", "properties": { "date": "2026-09-18T00:00:00", "REW": 48.724080185636772, "DDS": 2.5995289003669346, "LFMC": 109.51813911347836, "DFMC": 21.465813903009156, "SFP": 5.4553213891599261, "CFP": 5.164633201597062 }, "geometry": { "type": "Point", "coordinates": [ 1.373410394315871, 42.17040895198209 ] } },
{ "type": "Feature", "properties": { "date": "2026-09-18T00:00:00", "REW": 12.968862106217713, "DDS": 31.301502290786381, "LFMC": 102.99259461066372, "DFMC": 21.440102753125608, "SFP": 9.0, "CFP": 8.8933941070530391 }, "geometry": { "type": "Point", "coordinates": [ 1.361647588254452, 42.17535952319858 ] } },
{ "type": "Feature", "properties": { "date": "2026-09-18T00:00:00", "REW": 14.597943366310911, "DDS": 35.443971605118996, "LFMC": 105.97682289799791, "DFMC": 21.975311809522129, "SFP": 9.0, "CFP": 9.0 }, "geometry": { "type": "Point", "coordinates": [ 1.367683996883236, 42.175129424964958 ] } },
{ "type": "Feature", "properties": { "date": "2026-09-18T00:00:00", "REW": 15.542152817198534, "DDS": 28.705904376149558, "LFMC": 112.84675606659876, "DFMC": 22.479783932124878, "SFP": 9.0, "CFP": 9.0 }, "geometry": { "type": "Point", "coordinates": [ 1.373720334942964, 42.174899010129444 ] } },
{ "type": "Feature", "properties": { "date": "2026-09-18T00:00:00", "REW": 73.893267390208536, "DDS": 1.242181379307983, "LFMC": 105.1390195917282, "DFMC": 25.715346170121727, "SFP": 3.287716817214287, "CFP": 4.7256608042100741 }, "geometry": { "type": "Point", "coordinates": [ 1.379135942984388, 42.16568822921316 ] } },
{ "type": "Feature", "properties": { "date": "2026-09-18T00:00:00", "REW": 87.201385800930765, "DDS": 1.4566485406262542, "LFMC": 118.13950111930946, "DFMC": 26.150023804757343, "SFP": 4.6709778570567781, "CFP": 5.831067664609864 }, "geometry": { "type": "Point", "coordinates": [ 1.385171290909921, 42.165457253489421 ] } },
{ "type": "Feature", "properties": { "date": "2026-09-18T00:00:00", "REW": 28.611647265144391, "DDS": 24.13167402835661, "LFMC": 133.12776463455336, "DFMC": 26.93179934310464, "SFP": 6.0049995775827094, "CFP": 8.3782237264445634 }, "geometry": { "type": "Point", "coordinates": [ 1.391206568015773, 42.165225961293693 ] } },
{ "type": "Feature", "properties": { "date": "2026-09-18T00:00:00", "REW": 46.038403747056364, "DDS": 5.5166967151580737, "LFMC": 126.34081313979945, "DFMC": 28.261569024417884, "SFP": 6.942985359048059, "CFP": 6.2686114078052819 }, "geometry": { "type": "Point", "coordinates": [ 1.39724177420595, 42.164994352636448 ] } },
{ "type": "Feature", "properties": { "date": "2026-09-18T00:00:00", "REW": 70.435487522863269, "DDS": 2.0948403010108998, "LFMC": 118.69059179629377, "DFMC": 30.625048624161401, "SFP": 8.504575029248679, "CFP": 8.2620750038367081 }, "geometry": { "type": "Point", "coordinates": [ 1.409311973455342, 42.164530185979416 ] } },
{ "type": "Feature", "properties": { "date": "2026-09-18T00:00:00", "REW": 93.539786504201288, "DDS": 0.26860735540950781, "LFMC": 145.08517272285417, "DFMC": 31.858020516979128, "SFP": 3.2046221709351586, "CFP": 5.6651177007950855 }, "geometry": { "type": "Point", "coordinates": [ 1.415346966322607, 42.164297628000675 ] } },
{ "type": "Feature", "properties": { "date": "2026-09-18T00:00:00", "REW": 73.590785232151319, "DDS": 0.40207808353498892, "LFMC": 151.04855303277748, "DFMC": 35.918899508634787, "SFP": 2.5406090698294981, "CFP": 6.1068622457522803 }, "geometry": { "type": "Point", "coordinates": [ 1.421381887890295, 42.164064753602482 ] } },
{ "type": "Feature", "properties": { "date": "2026-09-18T00:00:00", "REW": 72.965316991896927, "DDS": 1.816673592001397, "LFMC": 152.31938003905097, "DFMC": 37.376879760830491, "SFP": 3.3157506259416869, "CFP": 6.9211118841464723 }, "geometry": { "type": "Point", "coordinates": [ 1.42741673806245, 42.163831562795416 ] } },
{ "type": "Feature", "properties": { "date": "2026-09-18T00:00:00", "REW": 90.193941285600502, "DDS": 0.028192598491479415, "LFMC": 156.56267250939698, "DFMC": 37.857307365632096, "SFP": 0.72476546412818432, "CFP": 1.1693316249421553 }, "geometry": { "type": "Point", "coordinates": [ 1.433451516743121, 42.163598055590043 ] } },
{ "type": "Feature", "properties": { "date": "2026-09-18T00:00:00", "REW": 57.605526744022093, "DDS": 0.30808237956796514, "LFMC": 151.66742207026343, "DFMC": 37.481745242356737, "SFP": 1.1260237838763263, "CFP": 1.8053413288256133 }, "geometry": { "type": "Point", "coordinates": [ 1.439486223836366, 42.163364231996944 ] } },
{ "type": "Feature", "properties": { "date": "2026-09-18T00:00:00", "REW": 66.379145656420761, "DDS": 0.19950185472652809, "LFMC": 146.43895607750181, "DFMC": 37.552503439104363, "SFP": 1.2005328518692444, "CFP": 5.4677551001348048 }, "geometry": { "type": "Point", "coordinates": [ 1.44552085924625, 42.163130092026705 ] } },
{ "type": "Feature", "properties": { "date": "2026-09-18T00:00:00", "REW": 63.228665174775131, "DDS": 0.55633402312113722, "LFMC": 148.90000552837924, "DFMC": 38.689218033114081, "SFP": 1.2818651510102916, "CFP": 5.3260794076576792 }, "geometry": { "type": "Point", "coordinates": [ 1.451555422876845, 42.162895635689956 ] } },
{ "type": "Feature", "properties": { "date": "2026-09-18T00:00:00", "REW": 68.331332902598902, "DDS": 0.46207126869868326, "LFMC": 151.50540714166974, "DFMC": 40.368978146883158, "SFP": 1.0827864355052514, "CFP": 3.9971613531549592 }, "geometry": { "type": "Point", "coordinates": [ 1.457589914632227, 42.162660862997299 ] } },
{ "type": "Feature", "properties": { "date": "2026-09-18T00:00:00", "REW": 83.928986338930486, "DDS": 2.2211459387342494, "LFMC": 123.76358689196601, "DFMC": 41.997382793353985, "SFP": 1.672764843205836, "CFP": 4.2700875102975351 }, "geometry": { "type": "Point", "coordinates": [ 1.463624334416486, 42.162425773959406 ] } },
{ "type": "Feature", "properties": { "date": "2026-09-18T00:00:00", "REW": 89.929454974238126, "DDS": 2.187181104145052, "LFMC": 125.20356830752628, "DFMC": 26.703502493896579, "SFP": 7.0459070067971288, "CFP": 0.0 }, "geometry": { "type": "Point", "coordinates": [ 1.362884660089234, 42.193319990245016 ] } },
{ "type": "Feature", "properties": { "date": "2026-09-18T00:00:00", "REW": 44.590959559683078, "DDS": 11.540113978904751, "LFMC": 141.637728484364, "DFMC": 27.014150730463534, "SFP": 9.0, "CFP": 8.0523560854515566 }, "geometry": { "type": "Point", "coordinates": [ 1.36892276751156, 42.193089747973787 ] } },
{ "type": "Feature", "properties": { "date": "2026-09-18T00:00:00", "REW": 51.273653896642898, "DDS": 8.5706261009593661, "LFMC": 151.81270877707078, "DFMC": 28.482509555351989, "SFP": 9.0, "CFP": 9.0 }, "geometry": { "type": "Point", "coordinates": [ 1.374960804289947, 42.192859188903526 ] } },
{ "type": "Feature", "properties": { "date": "2026-09-18T00:00:00", "REW": 89.580927702783555, "DDS": 1.3160827819531626, "LFMC": 102.97346294809768, "DFMC": 26.164720973971296, "SFP": 7.2801047303736874, "CFP": 0.0 }, "geometry": { "type": "Point", "coordinates": [ 1.387036665530252, 42.192397120407698 ] } },
{ "type": "Feature", "properties": { "date": "2026-09-18T00:00:00", "REW": 67.627857940925324, "DDS": 2.6508518475746912, "LFMC": 104.64018445277995, "DFMC": 24.911631861988308, "SFP": 8.7812537093252079, "CFP": 0.0 }, "geometry": { "type": "Point", "coordinates": [ 1.393074489799858, 42.192165611003091 ] } },
{ "type": "Feature", "properties": { "date": "2026-09-18T00:00:00", "REW": 15.589675031273064, "DDS": 25.678407752795053, "LFMC": 148.75864600742989, "DFMC": 25.580201404703963, "SFP": 6.1420450296979183, "CFP": 8.4841640301981229 }, "geometry": { "type": "Point", "coordinates": [ 1.405149925157264, 42.191701641933008 ] } },
{ "type": "Feature", "properties": { "date": "2026-09-18T00:00:00", "REW": 32.249740308875644, "DDS": 17.97852453269844, "LFMC": 160.07902329911477, "DFMC": 27.854464761765186, "SFP": 7.3178889610007971, "CFP": 7.4231182080328857 }, "geometry": { "type": "Point", "coordinates": [ 1.411187536052796, 42.191469182288571 ] } },
{ "type": "Feature", "properties": { "date": "2026-09-18T00:00:00", "REW": 95.729616840597842, "DDS": 0.2645976226581841, "LFMC": 151.17324229645632, "DFMC": 31.633929687819787, "SFP": 4.4058131047374784, "CFP": 4.8943302876421972 }, "geometry": { "type": "Point", "coordinates": [ 1.41722507563138, 42.191236405918595 ] } },
{ "type": "Feature", "properties": { "date": "2026-09-18T00:00:00", "REW": 86.654735123416941, "DDS": 1.5355080768337195, "LFMC": 155.09122096966433, "DFMC": 32.611515298214158, "SFP": 5.1105200977608192, "CFP": 5.5169596464592248 }, "geometry": { "type": "Point", "coordinates": [ 1.423262543796906, 42.191003312833637 ] } },
{ "type": "Feature", "properties": { "date": "2026-09-18T00:00:00", "REW": 94.986830200761773, "DDS": 0.41097553540281656, "LFMC": 87.890034703490855, "DFMC": 29.988387134518181, "SFP": 4.75440676830104, "CFP": 5.4377859271032145 }, "geometry": { "type": "Point", "coordinates": [ 1.429299940453261, 42.190769903044277 ] } },
{ "type": "Feature", "properties": { "date": "2026-09-18T00:00:00", "REW": 90.19283173202848, "DDS": 1.1777851228584231, "LFMC": 105.5664425326091, "DFMC": 28.990918976718451, "SFP": 7.2642559914139841, "CFP": 8.3048511616617233 }, "geometry": { "type": "Point", "coordinates": [ 1.435337265504346, 42.190536176561082 ] } },
{ "type": "Feature", "properties": { "date": "2026-09-18T00:00:00", "REW": 92.075708677280858, "DDS": 0.44956160376914228, "LFMC": 90.274314829776159, "DFMC": 30.638769276883266, "SFP": 3.9924500695305545, "CFP": 6.12514993696134 }, "geometry": { "type": "Point", "coordinates": [ 1.441374518854067, 42.19030213339466 ] } },
{ "type": "Feature", "properties": { "date": "2026-09-18T00:00:00", "REW": 89.84727083532951, "DDS": 0.043814090760976809, "LFMC": 142.81036852632906, "DFMC": 40.305633661138202, "SFP": 1.4912172603447029, "CFP": 4.8602955329264068 }, "geometry": { "type": "Point", "coordinates": [ 1.477596527843463, 42.18889122464374 ] } },
{ "type": "Feature", "properties": { "date": "2026-09-18T00:00:00", "REW": 90.933035390659938, "DDS": 0.58908024432417083, "LFMC": 139.59903619711307, "DFMC": 43.663934755242344, "SFP": 0.96874150941865689, "CFP": 3.9389672323663425 }, "geometry": { "type": "Point", "coordinates": [ 1.483633276593642, 42.188654964992729 ] } },
{ "type": "Feature", "properties": { "date": "2026-09-18T00:00:00", "REW": 91.368221711845294, "DDS": 0.94193672818972307, "LFMC": 121.52057940461378, "DFMC": 46.346334088444635, "SFP": 1.0825960432694797, "CFP": 3.1117741001754728 }, "geometry": { "type": "Point", "coordinates": [ 1.489669952873973, 42.188418388743784 ] } },
{ "type": "Feature", "properties": { "date": "2026-09-18T00:00:00", "REW": 95.421819545500611, "DDS": 0.14516731778266403, "LFMC": 119.85708724676724, "DFMC": 47.906797755778896, "SFP": 0.0, "CFP": 0.0 }, "geometry": { "type": "Point", "coordinates": [ 1.495706556588429, 42.188181495907656 ] } },
{ "type": "Feature", "properties": { "date": "2026-09-18T00:00:00", "REW": 93.883826884738355, "DDS": 1.6244252744076568, "LFMC": 119.77594891901417, "DFMC": 49.453287891862452, "SFP": 0.0, "CFP": 0.0 }, "geometry": { "type": "Point", "coordinates": [ 1.501743087640989, 42.187944286495075 ] } },
{ "type": "Feature", "properties": { "date": "2026-09-18T00:00:00", "REW": 33.173405532003827, "DDS": 14.747367606029625, "LFMC": 92.683576597169861, "DFMC": 23.288025647193717, "SFP": 5.6448946520956378, "CFP": 9.0 }, "geometry": { "type": "Point", "coordinates": [ 1.363503619218428, 42.202300191531016 ] } },
{ "type": "Feature", "properties": { "date": "2026-09-18T00:00:00", "REW": 33.55544245277509, "DDS": 17.915036455027117, "LFMC": 120.59182975247825, "DFMC": 24.884929511240667, "SFP": 9.0, "CFP": 9.0 }, "geometry": { "type": "Point", "coordinates": [ 1.363813204651464, 42.2067902841126 ] } },
{ "type": "Feature", "properties": { "date": "2026-09-18T00:00:00", "REW": 26.88718677306786, "DDS": 10.942700320935698, "LFMC": 143.34050771672372, "DFMC": 25.434565222820876, "SFP": 6.0833420082614627, "CFP": 9.0 }, "geometry": { "type": "Point", "coordinates": [ 1.369852587178673, 42.206559933760374 ] } },
{ "type": "Feature", "properties": { "date": "2026-09-18T00:00:00", "REW": 32.438298937654345, "DDS": 15.434176128533275, "LFMC": 126.44675304533183, "DFMC": 25.784678623427443, "SFP": 4.5791748028088399, "CFP": 8.4184034197300441 }, "geometry": { "type": "Point", "coordinates": [ 1.36954257661446, 42.202069877210818 ] } },
{ "type": "Feature", "properties": { "date": "2026-09-18T00:00:00", "REW": 72.343787675354406, "DDS": 1.5463341838312985, "LFMC": 123.57036504861257, "DFMC": 27.95236529846154, "SFP": 3.9937114138779566, "CFP": 9.0 }, "geometry": { "type": "Point", "coordinates": [ 1.375581463329069, 42.201839245992964 ] } },
{ "type": "Feature", "properties": { "date": "2026-09-18T00:00:00", "REW": 67.631875690408577, "DDS": 1.174373036430272, "LFMC": 128.09744665497266, "DFMC": 27.103513647319897, "SFP": 5.2720885469020642, "CFP": 6.6913578125029058 }, "geometry": { "type": "Point", "coordinates": [ 1.375891899005704, 42.206329266461168 ] } },
{ "type": "Feature", "properties": { "date": "2026-09-18T00:00:00", "REW": 92.78424480941716, "DDS": 3.3931182640060067, "LFMC": 154.71430552640066, "DFMC": 31.389141521338782, "SFP": 9.0, "CFP": 7.9548656050451934 }, "geometry": { "type": "Point", "coordinates": [ 1.381620279266042, 42.201608297887908 ] } },
{ "type": "Feature", "properties": { "date": "2026-09-18T00:00:00", "REW": 86.24842678328919, "DDS": 1.2809101255216031, "LFMC": 105.07980472368554, "DFMC": 30.160924352775648, "SFP": 7.0110335675599664, "CFP": 7.8653066958149074 }, "geometry": { "type": "Point", "coordinates": [ 1.381931140036321, 42.206098282225447 ] } },
{ "type": "Feature", "properties": { "date": "2026-09-18T00:00:00", "REW": 47.216990734957378, "DDS": 4.2433932354743948, "LFMC": 152.41177437826897, "DFMC": 33.034713161827362, "SFP": 2.0157718973109362, "CFP": 7.2364594371598301 }, "geometry": { "type": "Point", "coordinates": [ 1.387970310174288, 42.205866981063707 ] } },
{ "type": "Feature", "properties": { "date": "2026-09-18T00:00:00", "REW": 80.038101984068561, "DDS": 3.4375161787415771, "LFMC": 153.15923708469433, "DFMC": 33.402555381884781, "SFP": 9.0, "CFP": 9.0 }, "geometry": { "type": "Point", "coordinates": [ 1.387659024329167, 42.201377032906137 ] } },
{ "type": "Feature", "properties": { "date": "2026-09-18T00:00:00", "REW": 50.217635186779219, "DDS": 4.1313965631716281, "LFMC": 137.4192540561256, "DFMC": 33.031088587598177, "SFP": 3.9724377625961478, "CFP": 6.9280648878524307 }, "geometry": { "type": "Point", "coordinates": [ 1.393697698422242, 42.201145451058139 ] } },
{ "type": "Feature", "properties": { "date": "2026-09-18T00:00:00", "REW": 36.905217902915119, "DDS": 4.0430821832920669, "LFMC": 144.5491315382535, "DFMC": 32.176888999143266, "SFP": 2.8026521028067402, "CFP": 8.4181002527824393 }, "geometry": { "type": "Point", "coordinates": [ 1.394009409323378, 42.20563536298642 ] } },
{ "type": "Feature", "properties": { "date": "2026-09-18T00:00:00", "REW": 64.304137589358817, "DDS": 0.88329855742156382, "LFMC": 145.60772962926538, "DFMC": 34.239213862801648, "SFP": 3.9638356671729627, "CFP": 6.4745741470503821 }, "geometry": { "type": "Point", "coordinates": [ 1.399736301449077, 42.200913552354422 ] } },
{ "type": "Feature", "properties": { "date": "2026-09-18T00:00:00", "REW": 42.464364025316165, "DDS": 6.2219409760030029, "LFMC": 136.30053747269582, "DFMC": 33.366982512623167, "SFP": 3.3671381572563859, "CFP": 7.6022739795900112 }, "geometry": { "type": "Point", "coordinates": [ 1.400048437387371, 42.205403428004104 ] } },
{ "type": "Feature", "properties": { "date": "2026-09-18T00:00:00", "REW": null, "DDS": null, "LFMC": null, "DFMC": null, "SFP": null, "CFP": null }, "geometry": { "type": "Point", "coordinates": [ 1.405774833313481, 42.200681336805488 ] } },
{ "type": "Feature", "properties": { "date": "2026-09-18T00:00:00", "REW": 45.428596974714516, "DDS": 1.7241834567911429, "LFMC": 145.35355229414583, "DFMC": 32.479208891704658, "SFP": 3.3307796350551806, "CFP": 7.7051459030362492 }, "geometry": { "type": "Point", "coordinates": [ 1.406087394270057, 42.205171176127287 ] } },
{ "type": "Feature", "properties": { "date": "2026-09-18T00:00:00", "REW": null, "DDS": null, "LFMC": null, "DFMC": null, "SFP": null, "CFP": null }, "geometry": { "type": "Point", "coordinates": [ 1.411813293919276, 42.20044880442191 ] } },
{ "type": "Feature", "properties": { "date": "2026-09-18T00:00:00", "REW": 98.502643879043021, "DDS": 0.54071908775617872, "LFMC": 76.075928503699402, "DFMC": 31.864900795994082, "SFP": 4.8600019763691931, "CFP": 6.6458873154432059 }, "geometry": { "type": "Point", "coordinates": [ 1.412126279875231, 42.204938607366522 ] } },
{ "type": "Feature", "properties": { "date": "2026-09-18T00:00:00", "REW": 95.837163734061079, "DDS": 0.20365668175108095, "LFMC": 150.65799574012433, "DFMC": 33.229283950732395, "SFP": 3.4476390406301505, "CFP": 4.2248263151828738 }, "geometry": { "type": "Point", "coordinates": [ 1.423890000970352, 42.199982789192958 ] } },
{ "type": "Feature", "properties": { "date": "2026-09-18T00:00:00", "REW": 89.46801318687595, "DDS": 2.6938154871663977, "LFMC": 172.56297096983127, "DFMC": 35.654309384584579, "SFP": 6.6512447827548709, "CFP": 0.0 }, "geometry": { "type": "Point", "coordinates": [ 1.42420383686825, 42.204472519235281 ] } },
{ "type": "Feature", "properties": { "date": "2026-09-18T00:00:00", "REW": 97.633763789844451, "DDS": 0.029539493508308163, "LFMC": 153.05953340868905, "DFMC": 34.75181261259489, "SFP": 3.4935327676344579, "CFP": 4.2774167235372529 }, "geometry": { "type": "Point", "coordinates": [ 1.42992824722331, 42.199749306368723 ] } },
{ "type": "Feature", "properties": { "date": "2026-09-18T00:00:00", "REW": 92.516371524824038, "DDS": 1.2351479271385708, "LFMC": 130.73063889393268, "DFMC": 35.00962120102389, "SFP": 8.7848293312103323, "CFP": 7.6102590441337927 }, "geometry": { "type": "Point", "coordinates": [ 1.430242508063723, 42.204238999885966 ] } },
{ "type": "Feature", "properties": { "date": "2026-09-18T00:00:00", "REW": 98.979329339902051, "DDS": 0.4673523523345478, "LFMC": 81.423443403737252, "DFMC": 35.494023153833382, "SFP": 4.1706825591655576, "CFP": 0.0 }, "geometry": { "type": "Point", "coordinates": [ 1.435966421833013, 42.199515506752114 ] } },
{ "type": "Feature", "properties": { "date": "2026-09-18T00:00:00", "REW": 90.06821673346758, "DDS": 0.15253143288986687, "LFMC": 148.39897678296123, "DFMC": 37.428632591984027, "SFP": 2.8336787899086104, "CFP": 5.2819889516884713 }, "geometry": { "type": "Point", "coordinates": [ 1.436281107596938, 42.20400516369498 ] } },
{ "type": "Feature", "properties": { "date": "2026-09-18T00:00:00", "REW": 94.125154557906953, "DDS": 0.42562707927958482, "LFMC": 197.81227310912024, "DFMC": 38.901092831751498, "SFP": 0.0, "CFP": 0.0 }, "geometry": { "type": "Point", "coordinates": [ 1.442319635371721, 42.203771010672931 ] } },
{ "type": "Feature", "properties": { "date": "2026-09-18T00:00:00", "REW": 93.505866893586642, "DDS": 0.58805586119597864, "LFMC": 146.68322440314216, "DFMC": 38.816953268318983, "SFP": 2.9208648820848881, "CFP": 4.2986969369244248 }, "geometry": { "type": "Point", "coordinates": [ 1.448358091291914, 42.203536540830441 ] } },
{ "type": "Feature", "properties": { "date": "2026-09-18T00:00:00", "REW": 60.594994092897572, "DDS": 0.067920175196013163, "LFMC": 156.10360848949298, "DFMC": 38.429950611011748, "SFP": 1.8186644962436542, "CFP": 5.1458055300169505 }, "geometry": { "type": "Point", "coordinates": [ 1.466473026963436, 42.202831230486723 ] } },
{ "type": "Feature", "properties": { "date": "2026-09-18T00:00:00", "REW": 85.899611783162086, "DDS": 0.042857844376602991, "LFMC": 156.5352404552699, "DFMC": 38.614459546506353, "SFP": 1.3943152858060039, "CFP": 4.3937123738029493 }, "geometry": { "type": "Point", "coordinates": [ 1.4661562168679, 42.19834175715495 ] } },
{ "type": "Feature", "properties": { "date": "2026-09-18T00:00:00", "REW": 42.147557901359036, "DDS": 0.50694628724087742, "LFMC": 155.66509419050888, "DFMC": 35.47770684377307, "SFP": 0.50464598578971254, "CFP": 1.3708221188190925 }, "geometry": { "type": "Point", "coordinates": [ 1.472193959599302, 42.19810605700723 ] } },
{ "type": "Feature", "properties": { "date": "2026-09-18T00:00:00", "REW": 35.173441960276804, "DDS": 0.65325589106536674, "LFMC": 149.66352846567275, "DFMC": 34.230652298668375, "SFP": 0.96460533044664576, "CFP": 1.984544668632906 }, "geometry": { "type": "Point", "coordinates": [ 1.472511194503795, 42.202595493468955 ] } },
{ "type": "Feature", "properties": { "date": "2026-09-18T00:00:00", "REW": 33.924609619367466, "DDS": 1.1080212235540394, "LFMC": 155.13490437530217, "DFMC": 34.612123057983496, "SFP": 0.55508657728645638, "CFP": 1.5489695410803259 }, "geometry": { "type": "Point", "coordinates": [ 1.478549289708864, 42.202359439684074 ] } },
{ "type": "Feature", "properties": { "date": "2026-09-18T00:00:00", "REW": 50.688795554023343, "DDS": 0.36413046577182195, "LFMC": 155.14328424994986, "DFMC": 38.753460474570304, "SFP": 1.1348036133878667, "CFP": 1.8885619902229716 }, "geometry": { "type": "Point", "coordinates": [ 1.478231630014593, 42.197870040141659 ] } },
{ "type": "Feature", "properties": { "date": "2026-09-18T00:00:00", "REW": 52.15670074393136, "DDS": 0.47240560764081518, "LFMC": 144.8705126496925, "DFMC": 35.944703329271768, "SFP": 2.2916592577362254, "CFP": 3.1278043419025106 }, "geometry": { "type": "Point", "coordinates": [ 1.484587312482527, 42.202123069142772 ] } },
{ "type": "Feature", "properties": { "date": "2026-09-18T00:00:00", "REW": 32.210611457405264, "DDS": 29.593387947526558, "LFMC": 152.42248118104328, "DFMC": 28.133843616267509, "SFP": 9.0, "CFP": 0.0 }, "geometry": { "type": "Point", "coordinates": [ 1.364122860688429, 42.211280371319113 ] } },
{ "type": "Feature", "properties": { "date": "2026-09-18T00:00:00", "REW": 36.029984455747389, "DDS": 5.3798125161754884, "LFMC": 143.81074013711671, "DFMC": 31.817434042798819, "SFP": 4.9698941230695501, "CFP": 8.3877003587349606 }, "geometry": { "type": "Point", "coordinates": [ 1.382242071699252, 42.210588261172788 ] } },
{ "type": "Feature", "properties": { "date": "2026-09-18T00:00:00", "REW": 40.223558569047803, "DDS": 1.4766080682822091, "LFMC": 153.73155285506601, "DFMC": 30.495153461027893, "SFP": 2.0303665268168896, "CFP": 8.1193956568657022 }, "geometry": { "type": "Point", "coordinates": [ 1.388281667008287, 42.210356923826012 ] } },
{ "type": "Feature", "properties": { "date": "2026-09-18T00:00:00", "REW": 35.811399826904292, "DDS": 9.6657541617181089, "LFMC": 147.36037340000715, "DFMC": 31.131330317768029, "SFP": 6.2222434001963194, "CFP": 9.0 }, "geometry": { "type": "Point", "coordinates": [ 1.394321191309609, 42.210125269514378 ] } },
{ "type": "Feature", "properties": { "date": "2026-09-18T00:00:00", "REW": 73.516476918742754, "DDS": 1.2083455174997455, "LFMC": 137.90983138176691, "DFMC": 32.735744426065665, "SFP": 2.6183978083675741, "CFP": 6.6678613383895122 }, "geometry": { "type": "Point", "coordinates": [ 1.400360644506975, 42.20989329824841 ] } },
{ "type": "Feature", "properties": { "date": "2026-09-18T00:00:00", "REW": 93.376062274397299, "DDS": 0.33466313615781873, "LFMC": 101.60634807237118, "DFMC": 31.564806685764726, "SFP": 9.0, "CFP": 8.1974136748775202 }, "geometry": { "type": "Point", "coordinates": [ 1.406400026504148, 42.20966101003863 ] } },
{ "type": "Feature", "properties": { "date": "2026-09-18T00:00:00", "REW": 68.088883466650245, "DDS": 2.2573057298161836, "LFMC": 141.31829096065741, "DFMC": 29.731457105924633, "SFP": 5.7078053541029616, "CFP": 6.2500040070361251 }, "geometry": { "type": "Point", "coordinates": [ 1.412439337204895, 42.209428404895576 ] } },
{ "type": "Feature", "properties": { "date": "2026-09-18T00:00:00", "REW": 89.304151335296908, "DDS": 0.65505612379945233, "LFMC": 127.14452786216827, "DFMC": 32.709648604374252, "SFP": 2.7854222685540413, "CFP": 5.6679946339532039 }, "geometry": { "type": "Point", "coordinates": [ 1.418478576512996, 42.209195482829799 ] } },
{ "type": "Feature", "properties": { "date": "2026-09-18T00:00:00", "REW": 89.929217227537734, "DDS": 0.16417679672954974, "LFMC": 147.83100989314281, "DFMC": 36.413695676654513, "SFP": 3.2347315042484177, "CFP": 5.4661238676324118 }, "geometry": { "type": "Point", "coordinates": [ 1.424517744332234, 42.208962243851872 ] } },
{ "type": "Feature", "properties": { "date": "2026-09-18T00:00:00", "REW": 86.71815918443518, "DDS": 0.0068389679948155377, "LFMC": 156.42902494037418, "DFMC": 36.034002649818603, "SFP": 2.1006128686729229, "CFP": 5.2606464191252336 }, "geometry": { "type": "Point", "coordinates": [ 1.436595865119293, 42.208494815201931 ] } },
{ "type": "Feature", "properties": { "date": "2026-09-18T00:00:00", "REW": 49.261100493867296, "DDS": 5.4007681938166954, "LFMC": 146.42243338791098, "DFMC": 38.142013173597654, "SFP": 0.91386407872449316, "CFP": 6.2434847891645147 }, "geometry": { "type": "Point", "coordinates": [ 1.44263481789472, 42.208260625551098 ] } },
{ "type": "Feature", "properties": { "date": "2026-09-18T00:00:00", "REW": 44.916541511828697, "DDS": 0.39134836896989078, "LFMC": 155.58333989397198, "DFMC": 38.364562376460611, "SFP": 0.37917347677554414, "CFP": 1.2443713501809077 }, "geometry": { "type": "Point", "coordinates": [ 1.448673698796493, 42.208026119030542 ] } },
{ "type": "Feature", "properties": { "date": "2026-09-18T00:00:00", "REW": 45.554773114852601, "DDS": 0.29161117888769034, "LFMC": 155.76493287275667, "DFMC": 37.694719915402452, "SFP": 0.21960568721266066, "CFP": 1.0027495647214177 }, "geometry": { "type": "Point", "coordinates": [ 1.454712507728434, 42.207791295650892 ] } },
{ "type": "Feature", "properties": { "date": "2026-09-18T00:00:00", "REW": 36.461579630177468, "DDS": 1.1093769447150006, "LFMC": 154.50555618368841, "DFMC": 35.851083604517569, "SFP": 1.4241149937047415, "CFP": 2.37183083324532 }, "geometry": { "type": "Point", "coordinates": [ 1.46075124459437, 42.207556155422793 ] } },
{ "type": "Feature", "properties": { "date": "2026-09-18T00:00:00", "REW": 43.384099867450722, "DDS": 2.7867086059046757, "LFMC": 181.09044510467206, "DFMC": 35.780897790443461, "SFP": 0.0, "CFP": 0.0 }, "geometry": { "type": "Point", "coordinates": [ 1.466789909298137, 42.207320698356931 ] } },
{ "type": "Feature", "properties": { "date": "2026-09-18T00:00:00", "REW": 35.835248088446882, "DDS": 0.94494148616501106, "LFMC": 155.06117781644306, "DFMC": 34.151840323863688, "SFP": 2.5022156437591465, "CFP": 6.956492837161032 }, "geometry": { "type": "Point", "coordinates": [ 1.472828501743576, 42.207084924463956 ] } },
{ "type": "Feature", "properties": { "date": "2026-09-18T00:00:00", "REW": 21.516706889181304, "DDS": 6.4270607173371541, "LFMC": 152.61917596676989, "DFMC": 31.604540133324875, "SFP": 1.6505521049780534, "CFP": 7.3528307618071151 }, "geometry": { "type": "Point", "coordinates": [ 1.478867021834541, 42.206848833754606 ] } },
{ "type": "Feature", "properties": { "date": "2026-09-18T00:00:00", "REW": 88.835014939513997, "DDS": 1.3103527886991351, "LFMC": 108.89013731159861, "DFMC": 22.859549901729675, "SFP": 8.3897418282689955, "CFP": 9.0 }, "geometry": { "type": "Point", "coordinates": [ 1.377445139710947, 42.22877928801298 ] } },
{ "type": "Feature", "properties": { "date": "2026-09-18T00:00:00", "REW": 49.899856054070206, "DDS": 7.9596448398529054, "LFMC": 110.75746781616242, "DFMC": 24.099113207336337, "SFP": 9.0, "CFP": 9.0 }, "geometry": { "type": "Point", "coordinates": [ 1.383486507653799, 42.228548123048199 ] } },
{ "type": "Feature", "properties": { "date": "2026-09-18T00:00:00", "REW": 86.565897750992633, "DDS": 2.9191848409957135, "LFMC": 156.62319781283767, "DFMC": 27.337400840853185, "SFP": 6.6832413426209722, "CFP": 7.938740909058752 }, "geometry": { "type": "Point", "coordinates": [ 1.389527804609879, 42.228316640910727 ] } },
{ "type": "Feature", "properties": { "date": "2026-09-18T00:00:00", "REW": 87.671338364741914, "DDS": 2.4972066894855587, "LFMC": 162.77528552056825, "DFMC": 27.618817184447366, "SFP": 6.9832552503083409, "CFP": 7.4498881544280229 }, "geometry": { "type": "Point", "coordinates": [ 1.395569030482831, 42.228084841611071 ] } },
{ "type": "Feature", "properties": { "date": "2026-09-18T00:00:00", "REW": 65.932895366357982, "DDS": 8.0466164874783832, "LFMC": 168.19985763894624, "DFMC": 27.988676679206627, "SFP": 9.0, "CFP": 8.0211482767758167 }, "geometry": { "type": "Point", "coordinates": [ 1.401610185176313, 42.227852725159764 ] } },
{ "type": "Feature", "properties": { "date": "2026-09-18T00:00:00", "REW": 61.404078917600735, "DDS": 2.9527691953162836, "LFMC": 93.272011211303678, "DFMC": 25.736121440447096, "SFP": 7.971657720904294, "CFP": 8.3670455430878938 }, "geometry": { "type": "Point", "coordinates": [ 1.407651268593985, 42.227620291567327 ] } },
{ "type": "Feature", "properties": { "date": "2026-09-18T00:00:00", "REW": 92.565784300398832, "DDS": 0.89831170106235481, "LFMC": 95.280601345585737, "DFMC": 23.882471854777421, "SFP": 5.7774079196319752, "CFP": 7.7708834087723666 }, "geometry": { "type": "Point", "coordinates": [ 1.413692280639516, 42.227387540844319 ] } },
{ "type": "Feature", "properties": { "date": "2026-09-18T00:00:00", "REW": 94.770923986520344, "DDS": 0.45952227391716216, "LFMC": 72.718500557526468, "DFMC": 28.860296475900199, "SFP": 4.4122177054864506, "CFP": 7.4579246492245863 }, "geometry": { "type": "Point", "coordinates": [ 1.419733221216583, 42.227154473001313 ] } },
{ "type": "Feature", "properties": { "date": "2026-09-18T00:00:00", "REW": 39.976869236432904, "DDS": 1.5098857395067162, "LFMC": 157.73561513926037, "DFMC": 32.020401178265359, "SFP": 1.8937017095891393, "CFP": 7.6748420935522939 }, "geometry": { "type": "Point", "coordinates": [ 1.425774090228871, 42.22692108804889 ] } },
{ "type": "Feature", "properties": { "date": "2026-09-18T00:00:00", "REW": 56.854344678578883, "DDS": 4.3320623156836469, "LFMC": 146.48055337087212, "DFMC": 31.345670965026883, "SFP": 2.7226500246870633, "CFP": 3.3083188566003003 }, "geometry": { "type": "Point", "coordinates": [ 1.431814887580066, 42.226687385997629 ] } },
{ "type": "Feature", "properties": { "date": "2026-09-18T00:00:00", "REW": 68.671015495626577, "DDS": 4.1256431729450336, "LFMC": 121.97530390398806, "DFMC": 32.020200651029526, "SFP": 3.134141250738617, "CFP": 4.0787065781162557 }, "geometry": { "type": "Point", "coordinates": [ 1.443896266913988, 42.226219030641062 ] } },
{ "type": "Feature", "properties": { "date": "2026-09-18T00:00:00", "REW": 42.386990366873597, "DDS": 9.6459447424924907, "LFMC": 118.97175416145654, "DFMC": 31.47979029059589, "SFP": 2.1001437015948414, "CFP": 3.3129899893239996 }, "geometry": { "type": "Point", "coordinates": [ 1.449936848704133, 42.225984377357001 ] } },
{ "type": "Feature", "properties": { "date": "2026-09-18T00:00:00", "REW": 82.598480547700802, "DDS": 5.8778054134939, "LFMC": 196.1045657564128, "DFMC": 32.105095712122051, "SFP": 5.5251785266657008, "CFP": 6.352807692680444 }, "geometry": { "type": "Point", "coordinates": [ 1.455977358448022, 42.225749407016636 ] } },
{ "type": "Feature", "properties": { "date": "2026-09-18T00:00:00", "REW": 40.519953420210577, "DDS": 2.3145968226255529, "LFMC": 145.09904376384497, "DFMC": 31.970691715395681, "SFP": 3.1778403447871062, "CFP": 6.8612097912168357 }, "geometry": { "type": "Point", "coordinates": [ 1.462017796049385, 42.225514119630624 ] } },
{ "type": "Feature", "properties": { "date": "2026-09-18T00:00:00", "REW": 90.86945476829824, "DDS": 0.40315917034545501, "LFMC": 96.455737946017251, "DFMC": 29.776644850686004, "SFP": 2.1899577352987372, "CFP": 6.3514620399343338 }, "geometry": { "type": "Point", "coordinates": [ 1.468058161411956, 42.225278515209617 ] } },
{ "type": "Feature", "properties": { "date": "2026-09-18T00:00:00", "REW": 46.494092662860922, "DDS": 2.0970283328005812, "LFMC": 134.67642468140573, "DFMC": 24.921754796051811, "SFP": 3.5900395834552787, "CFP": 9.0 }, "geometry": { "type": "Point", "coordinates": [ 1.474098454439476, 42.22504259376435 ] } },
{ "type": "Feature", "properties": { "date": "2026-09-18T00:00:00", "REW": 39.40272504239995, "DDS": 5.1105543785218002, "LFMC": 135.61289371491037, "DFMC": 27.96457224028039, "SFP": 3.4290333904467909, "CFP": 7.3647632188730503 }, "geometry": { "type": "Point", "coordinates": [ 1.480138675035696, 42.224806355305503 ] } },
{ "type": "Feature", "properties": { "date": "2026-09-18T00:00:00", "REW": 21.327376995582412, "DDS": 35.435119763939632, "LFMC": 129.68428496462781, "DFMC": 22.522266473763956, "SFP": 6.2203502570052107, "CFP": 5.5994114144577694 }, "geometry": { "type": "Point", "coordinates": [ 1.379446237289764, 42.170178256650495 ] } },
{ "type": "Feature", "properties": { "date": "2026-09-18T00:00:00", "REW": 45.221510761619356, "DDS": 5.7682126877122712, "LFMC": 133.53994268215359, "DFMC": 23.428859065252862, "SFP": 5.257068885733867, "CFP": 6.1366883689589518 }, "geometry": { "type": "Point", "coordinates": [ 1.385482009521232, 42.169947244787167 ] } },
{ "type": "Feature", "properties": { "date": "2026-09-18T00:00:00", "REW": 41.145637583233437, "DDS": 15.165388542809252, "LFMC": 131.89942858133497, "DFMC": 21.681302178874894, "SFP": 7.3151849145541217, "CFP": 8.4822717884152823 }, "geometry": { "type": "Point", "coordinates": [ 1.385792798970996, 42.174437230694501 ] } },
{ "type": "Feature", "properties": { "date": "2026-09-18T00:00:00", "REW": 35.513455171924136, "DDS": 4.4770035532262984, "LFMC": 140.17167618687623, "DFMC": 23.026767496445743, "SFP": 8.9547132837131418, "CFP": 7.8812740752201691 }, "geometry": { "type": "Point", "coordinates": [ 1.391828924747192, 42.174205866116019 ] } },
{ "type": "Feature", "properties": { "date": "2026-09-18T00:00:00", "REW": 25.577474312697852, "DDS": 23.830425192107537, "LFMC": 124.58942653860602, "DFMC": 24.532445349765265, "SFP": 5.9032141236139948, "CFP": 7.3847383013807448 }, "geometry": { "type": "Point", "coordinates": [ 1.391517710914247, 42.169715916402581 ] } },
{ "type": "Feature", "properties": { "date": "2026-09-18T00:00:00", "REW": 90.970847574481667, "DDS": 0.95627143260379688, "LFMC": 94.182537605556519, "DFMC": 25.868646344479238, "SFP": 6.2282026734278571, "CFP": 7.5296873619059195 }, "geometry": { "type": "Point", "coordinates": [ 1.397864979570114, 42.17397418497751 ] } },
{ "type": "Feature", "properties": { "date": "2026-09-18T00:00:00", "REW": 57.966946062442418, "DDS": 13.258530226856466, "LFMC": 194.40739944036511, "DFMC": 27.899269430390309, "SFP": 9.0, "CFP": 9.0 }, "geometry": { "type": "Point", "coordinates": [ 1.397553341372791, 42.16948427150723 ] } },
{ "type": "Feature", "properties": { "date": "2026-09-18T00:00:00", "REW": 65.558611712983449, "DDS": 1.1380410399186689, "LFMC": 137.6351058548041, "DFMC": 25.305891453913329, "SFP": 4.6105603452490422, "CFP": 7.0692512809333552 }, "geometry": { "type": "Point", "coordinates": [ 1.403900963343726, 42.173742187289477 ] } },
{ "type": "Feature", "properties": { "date": "2026-09-18T00:00:00", "REW": 55.263085669371357, "DDS": 7.1699617019223112, "LFMC": 156.05244775159588, "DFMC": 24.686961258382727, "SFP": 5.4564905079797432, "CFP": 6.2869084671458308 }, "geometry": { "type": "Point", "coordinates": [ 1.409936875972001, 42.17350987306245 ] } },
{ "type": "Feature", "properties": { "date": "2026-09-18T00:00:00", "REW": 66.212273709204879, "DDS": 2.5444824813597293, "LFMC": 122.14039649638045, "DFMC": 26.082465110528954, "SFP": 2.3279742912573336, "CFP": 2.3206709223403492 }, "geometry": { "type": "Point", "coordinates": [ 1.415972717358913, 42.173277242306931 ] } },
{ "type": "Feature", "properties": { "date": "2026-09-18T00:00:00", "REW": 93.727103154813975, "DDS": 0.35851196962588366, "LFMC": 143.95416208092865, "DFMC": 28.325168664993097, "SFP": 3.6914989820626665, "CFP": 5.5232779909863607 }, "geometry": { "type": "Point", "coordinates": [ 1.42200848740845, 42.173044295033492 ] } },
{ "type": "Feature", "properties": { "date": "2026-09-18T00:00:00", "REW": 88.877425367897686, "DDS": 0.37689460051203405, "LFMC": 130.22623749513886, "DFMC": 29.250377558016528, "SFP": 5.1072426805504207, "CFP": 6.5096657288238946 }, "geometry": { "type": "Point", "coordinates": [ 1.428044186024604, 42.172811031252699 ] } },
{ "type": "Feature", "properties": { "date": "2026-09-18T00:00:00", "REW": 51.545475070397352, "DDS": 0.88744369215156982, "LFMC": 150.61174620717844, "DFMC": 33.509988126829839, "SFP": 2.7745502128267669, "CFP": 7.5180562755451277 }, "geometry": { "type": "Point", "coordinates": [ 1.427730426288311, 42.168321299737002 ] } },
{ "type": "Feature", "properties": { "date": "2026-09-18T00:00:00", "REW": 56.840671071396329, "DDS": 1.2650184987632642, "LFMC": 150.26110433540921, "DFMC": 36.177057747216239, "SFP": 0.0, "CFP": 0.0 }, "geometry": { "type": "Point", "coordinates": [ 1.433765629124049, 42.168087755998066 ] } },
{ "type": "Feature", "properties": { "date": "2026-09-18T00:00:00", "REW": 69.324950282366203, "DDS": 1.3504873456067257, "LFMC": 134.59574412719024, "DFMC": 30.435291744286133, "SFP": 3.7778091884980842, "CFP": 6.7257478979273202 }, "geometry": { "type": "Point", "coordinates": [ 1.434079813111375, 42.172577450975112 ] } },
{ "type": "Feature", "properties": { "date": "2026-09-18T00:00:00", "REW": 53.468147670773433, "DDS": 1.098626123159401, "LFMC": 150.80190499658505, "DFMC": 36.779228602133344, "SFP": 1.7123461075137649, "CFP": 6.1713697474846727 }, "geometry": { "type": "Point", "coordinates": [ 1.439800760353387, 42.167853895822176 ] } },
{ "type": "Feature", "properties": { "date": "2026-09-18T00:00:00", "REW": 56.414986321460191, "DDS": 0.78491284023819374, "LFMC": 150.80904777363975, "DFMC": 32.714545403332494, "SFP": 2.5784953228211931, "CFP": 6.0032481975619953 }, "geometry": { "type": "Point", "coordinates": [ 1.440115368572769, 42.172343554211331 ] } },
{ "type": "Feature", "properties": { "date": "2026-09-18T00:00:00", "REW": 84.310760580236987, "DDS": 0.8282322442402289, "LFMC": 136.19939826609686, "DFMC": 36.727992471860148, "SFP": 1.4137391466543081, "CFP": 4.6037133567509567 }, "geometry": { "type": "Point", "coordinates": [ 1.451870807609041, 42.167385226201915 ] } },
{ "type": "Feature", "properties": { "date": "2026-09-18T00:00:00", "REW": 88.369970877049269, "DDS": 0.6624140199573727, "LFMC": 136.8146829718697, "DFMC": 40.513861074762232, "SFP": 0.96260482022434635, "CFP": 4.0846803657788682 }, "geometry": { "type": "Point", "coordinates": [ 1.457905723443454, 42.167150416778796 ] } },
{ "type": "Feature", "properties": { "date": "2026-09-18T00:00:00", "REW": 87.332371548687462, "DDS": 0.2456643825806292, "LFMC": 159.82364362775871, "DFMC": 40.398256106750203, "SFP": 0.0, "CFP": 0.0 }, "geometry": { "type": "Point", "coordinates": [ 1.464256872244982, 42.171404802506437 ] } },
{ "type": "Feature", "properties": { "date": "2026-09-18T00:00:00", "REW": 91.033272361162844, "DDS": 0.60875132650277963, "LFMC": 127.66611375979898, "DFMC": 43.55012169351388, "SFP": 1.8003575058066836, "CFP": 3.6208522322673522 }, "geometry": { "type": "Point", "coordinates": [ 1.469975339045759, 42.166679848759784 ] } },
{ "type": "Feature", "properties": { "date": "2026-09-18T00:00:00", "REW": 89.476320986604875, "DDS": 0.14450748179641562, "LFMC": 126.15663656187812, "DFMC": 41.191956364978836, "SFP": 1.7936539258666693, "CFP": 4.2945156932703288 }, "geometry": { "type": "Point", "coordinates": [ 1.470292068139858, 42.17116932347097 ] } },
{ "type": "Feature", "properties": { "date": "2026-09-18T00:00:00", "REW": 62.116013891327185, "DDS": 1.6988789908029169, "LFMC": 156.79432283895235, "DFMC": 42.939100399200434, "SFP": 0.59355663736807829, "CFP": 1.7287823918131846 }, "geometry": { "type": "Point", "coordinates": [ 1.476327191833551, 42.170933528013137 ] } },
{ "type": "Feature", "properties": { "date": "2026-09-18T00:00:00", "REW": null, "DDS": null, "LFMC": null, "DFMC": null, "SFP": null, "CFP": null }, "geometry": { "type": "Point", "coordinates": [ 1.476010038621796, 42.16644409018523 ] } },
{ "type": "Feature", "properties": { "date": "2026-09-18T00:00:00", "REW": 88.085019476632965, "DDS": 1.1940384380664739, "LFMC": 121.54462433140479, "DFMC": 44.702103696899705, "SFP": 1.3917207008356727, "CFP": 3.7513908872859427 }, "geometry": { "type": "Point", "coordinates": [ 1.482362243230122, 42.170697416143625 ] } },
{ "type": "Feature", "properties": { "date": "2026-09-18T00:00:00", "REW": 97.517756787464748, "DDS": 0.96929791906688045, "LFMC": 158.6696002851622, "DFMC": 49.393178929659996, "SFP": 0.0, "CFP": 0.0 }, "geometry": { "type": "Point", "coordinates": [ 1.500466962677789, 42.169987182172058 ] } },
{ "type": "Feature", "properties": { "date": "2026-09-18T00:00:00", "REW": 96.35355355220635, "DDS": 14.458532257160071, "LFMC": 118.56513796044953, "DFMC": 46.593614147273122, "SFP": 1.5036417353179137, "CFP": 3.0237331081340555 }, "geometry": { "type": "Point", "coordinates": [ 1.512536412398682, 42.169512110995854 ] } },
{ "type": "Feature", "properties": { "date": "2026-09-18T00:00:00", "REW": 100.0, "DDS": 0.07721143327108497, "LFMC": 120.05925885298795, "DFMC": 48.771915368359366, "SFP": 0.0, "CFP": 0.0 }, "geometry": { "type": "Point", "coordinates": [ 1.518571027998146, 42.169274100881474 ] } },
{ "type": "Feature", "properties": { "date": "2026-09-18T00:00:00", "REW": 13.72201753098736, "DDS": 39.439705936866588, "LFMC": 123.41517691584251, "DFMC": 21.809870336070755, "SFP": 9.0, "CFP": 9.0 }, "geometry": { "type": "Point", "coordinates": [ 1.37975660233757, 42.17466827870247 ] } },
{ "type": "Feature", "properties": { "date": "2026-09-18T00:00:00", "REW": 65.663281070211269, "DDS": 1.416693396429821, "LFMC": 110.31145090267665, "DFMC": 28.677572056203534, "SFP": 2.6952826964316441, "CFP": 3.9218685701558154 }, "geometry": { "type": "Point", "coordinates": [ 1.394633044399799, 42.214615170641437 ] } },
{ "type": "Feature", "properties": { "date": "2026-09-18T00:00:00", "REW": 43.477453027557175, "DDS": 7.5581467292461904, "LFMC": 118.62903731927196, "DFMC": 29.967664591639252, "SFP": 3.0252418297725785, "CFP": 3.9146290730733231 }, "geometry": { "type": "Point", "coordinates": [ 1.400672922826775, 42.214383163086744 ] } },
{ "type": "Feature", "properties": { "date": "2026-09-18T00:00:00", "REW": 55.001603408687963, "DDS": 2.1769856116275341, "LFMC": 138.17620315492383, "DFMC": 30.761271133757003, "SFP": 2.6015120074779512, "CFP": 6.9497109694700185 }, "geometry": { "type": "Point", "coordinates": [ 1.406712730034664, 42.21415083853892 ] } },
{ "type": "Feature", "properties": { "date": "2026-09-18T00:00:00", "REW": 94.636983155459504, "DDS": 0.43386449485413259, "LFMC": 69.980637243549594, "DFMC": 28.918576563582626, "SFP": 6.9357770084760819, "CFP": 7.1923086473450013 }, "geometry": { "type": "Point", "coordinates": [ 1.412752465927211, 42.21391819700851 ] } },
{ "type": "Feature", "properties": { "date": "2026-09-18T00:00:00", "REW": 88.402488750169326, "DDS": 2.1938406888030801, "LFMC": 115.53290234058748, "DFMC": 31.017610489216551, "SFP": 8.6584903849343693, "CFP": 8.4513949311456269 }, "geometry": { "type": "Point", "coordinates": [ 1.418792130408165, 42.213685238506059 ] } },
{ "type": "Feature", "properties": { "date": "2026-09-18T00:00:00", "REW": 87.739558405662237, "DDS": 2.1618047503338564, "LFMC": 115.56616486786243, "DFMC": 34.824734270320533, "SFP": 7.123801199313319, "CFP": 7.8751934712930201 }, "geometry": { "type": "Point", "coordinates": [ 1.424831723381291, 42.213451963042168 ] } },
{ "type": "Feature", "properties": { "date": "2026-09-18T00:00:00", "REW": 90.526144844000825, "DDS": 0.0060525822992107056, "LFMC": 156.46800277544349, "DFMC": 37.559093490787674, "SFP": 2.3962822180884218, "CFP": 4.7901112196276383 }, "geometry": { "type": "Point", "coordinates": [ 1.430871244750348, 42.213218370627388 ] } },
{ "type": "Feature", "properties": { "date": "2026-09-18T00:00:00", "REW": 50.247582043353177, "DDS": 0.16919999763807855, "LFMC": 155.96145407562602, "DFMC": 37.521168446590188, "SFP": 0.29262216375224015, "CFP": 1.0857212256849738 }, "geometry": { "type": "Point", "coordinates": [ 1.442950072291372, 42.212750234987624 ] } },
{ "type": "Feature", "properties": { "date": "2026-09-18T00:00:00", "REW": 32.17257049901626, "DDS": 2.5782686263345544, "LFMC": 151.10354328070741, "DFMC": 37.094032041154449, "SFP": 1.0719136673188538, "CFP": 2.1953298215645769 }, "geometry": { "type": "Point", "coordinates": [ 1.448989378270908, 42.212515691783885 ] } },
{ "type": "Feature", "properties": { "date": "2026-09-18T00:00:00", "REW": 31.134369193733065, "DDS": 1.5117561467314542, "LFMC": 154.784268577049, "DFMC": 36.007181342383859, "SFP": 0.93771764265792124, "CFP": 2.0157222809833479 }, "geometry": { "type": "Point", "coordinates": [ 1.455028612261514, 42.212280831671755 ] } },
{ "type": "Feature", "properties": { "date": "2026-09-18T00:00:00", "REW": 71.271979697365765, "DDS": 1.1661597104801928, "LFMC": 123.11620179438144, "DFMC": 33.828119831143567, "SFP": 3.727323266986124, "CFP": 8.465892037039227 }, "geometry": { "type": "Point", "coordinates": [ 1.461067774166997, 42.212045654661878 ] } },
{ "type": "Feature", "properties": { "date": "2026-09-18T00:00:00", "REW": 30.821793922563383, "DDS": 2.3782585876403735, "LFMC": 153.68655895888264, "DFMC": 31.969008750374272, "SFP": 1.566803788308027, "CFP": 6.8735532578836303 }, "geometry": { "type": "Point", "coordinates": [ 1.467106863891166, 42.211810160764955 ] } },
{ "type": "Feature", "properties": { "date": "2026-09-18T00:00:00", "REW": 66.18194321592776, "DDS": 0.051097680056866872, "LFMC": 148.42719860488785, "DFMC": 32.175344107841752, "SFP": 2.2337580768887424, "CFP": 5.4662563822319363 }, "geometry": { "type": "Point", "coordinates": [ 1.473145881337838, 42.211574349991643 ] } },
{ "type": "Feature", "properties": { "date": "2026-09-18T00:00:00", "REW": 25.439850647251781, "DDS": 5.645798507079248, "LFMC": 146.66082213957608, "DFMC": 30.836149540791425, "SFP": 3.2819957635347596, "CFP": 7.0810979589791287 }, "geometry": { "type": "Point", "coordinates": [ 1.485223699014, 42.211101777858694 ] } },
{ "type": "Feature", "properties": { "date": "2026-09-18T00:00:00", "REW": 87.734319664434267, "DDS": 0.17483498539203324, "LFMC": 65.822653633106384, "DFMC": 29.187189154893453, "SFP": 4.2835355725382529, "CFP": 5.4096055445340676 }, "geometry": { "type": "Point", "coordinates": [ 1.491262499051161, 42.210865016520493 ] } },
{ "type": "Feature", "properties": { "date": "2026-09-18T00:00:00", "REW": 56.094853264063424, "DDS": 0.84803681311384804, "LFMC": 138.96953072078384, "DFMC": 28.779029375198782, "SFP": 4.9659772785326766, "CFP": 7.1835685353091723 }, "geometry": { "type": "Point", "coordinates": [ 1.49730122642617, 42.210627938348779 ] } },
{ "type": "Feature", "properties": { "date": "2026-09-18T00:00:00", "REW": 55.188917419147757, "DDS": 0.28006489269710305, "LFMC": 154.96852172210413, "DFMC": 33.995816786550662, "SFP": 1.6945107977172424, "CFP": 5.9277314899470035 }, "geometry": { "type": "Point", "coordinates": [ 1.503339881042878, 42.210390543354336 ] } },
{ "type": "Feature", "properties": { "date": "2026-09-18T00:00:00", "REW": 93.521175124342946, "DDS": 0.24177313952667981, "LFMC": 119.90606900251447, "DFMC": 44.023048296803687, "SFP": 1.1799244348750153, "CFP": 3.4784816043416735 }, "geometry": { "type": "Point", "coordinates": [ 1.469658682133713, 42.162190368586906 ] } },
{ "type": "Feature", "properties": { "date": "2026-09-18T00:00:00", "REW": null, "DDS": null, "LFMC": null, "DFMC": null, "SFP": null, "CFP": null }, "geometry": { "type": "Point", "coordinates": [ 1.47569295768801, 42.161954646890479 ] } },
{ "type": "Feature", "properties": { "date": "2026-09-18T00:00:00", "REW": 94.574643889372041, "DDS": 0.12172126328530974, "LFMC": 119.86675907597213, "DFMC": 45.531881180388055, "SFP": 0.86414009921413615, "CFP": 2.9888057610302496 }, "geometry": { "type": "Point", "coordinates": [ 1.482044665919864, 42.166208015248202 ] } },
{ "type": "Feature", "properties": { "date": "2026-09-18T00:00:00", "REW": 100.0, "DDS": 5.3415370628133916, "LFMC": 119.56305003941019, "DFMC": 46.783953009658759, "SFP": 0.46748570264511558, "CFP": 1.5634625000763476 }, "geometry": { "type": "Point", "coordinates": [ 1.481727160983486, 42.161718608880797 ] } },
{ "type": "Feature", "properties": { "date": "2026-09-18T00:00:00", "REW": 100.0, "DDS": 0.38412092508854606, "LFMC": 119.8608971445977, "DFMC": 47.88976837763137, "SFP": 0.0, "CFP": 0.0 }, "geometry": { "type": "Point", "coordinates": [ 1.488079220844054, 42.165971623959422 ] } },
{ "type": "Feature", "properties": { "date": "2026-09-18T00:00:00", "REW": 99.221551880436863, "DDS": 1.626518458397491, "LFMC": 122.8361766972717, "DFMC": 41.19313768799509, "SFP": 2.526993073939976, "CFP": 3.8210425765384746 }, "geometry": { "type": "Point", "coordinates": [ 1.493795350414439, 42.161245583964494 ] } },
{ "type": "Feature", "properties": { "date": "2026-09-18T00:00:00", "REW": 100.0, "DDS": 0.37402698370296561, "LFMC": 120.31182851653209, "DFMC": 47.446568344509821, "SFP": 0.16566957550995925, "CFP": 0.0 }, "geometry": { "type": "Point", "coordinates": [ 1.494113703298464, 42.165734916329576 ] } },
{ "type": "Feature", "properties": { "date": "2026-09-18T00:00:00", "REW": 84.275529488428631, "DDS": 1.3157650864482859, "LFMC": 140.60683318487187, "DFMC": 40.045159362676138, "SFP": 2.2198003379282132, "CFP": 4.2365886442749412 }, "geometry": { "type": "Point", "coordinates": [ 1.499829336358171, 42.161008597079302 ] } },
{ "type": "Feature", "properties": { "date": "2026-09-18T00:00:00", "REW": 81.326554347902658, "DDS": 3.9773199142196751, "LFMC": 119.499569235441, "DFMC": 43.587476727339691, "SFP": 1.9436704720097506, "CFP": 3.9876215642586339 }, "geometry": { "type": "Point", "coordinates": [ 1.506182450414371, 42.165260552089684 ] } },
{ "type": "Feature", "properties": { "date": "2026-09-18T00:00:00", "REW": 90.584016674026628, "DDS": 0.13752384317773558, "LFMC": 125.46010043669708, "DFMC": 42.234404736733055, "SFP": 1.0034150920954441, "CFP": 4.0858170398470381 }, "geometry": { "type": "Point", "coordinates": [ 1.505863249659587, 42.160771293923737 ] } },
{ "type": "Feature", "properties": { "date": "2026-09-18T00:00:00", "REW": 86.545690467049667, "DDS": 3.8745546921194847, "LFMC": 122.38218995121106, "DFMC": 46.255828647063545, "SFP": 0.0, "CFP": 0.0 }, "geometry": { "type": "Point", "coordinates": [ 1.512216714884098, 42.16502289550111 ] } },
{ "type": "Feature", "properties": { "date": "2026-09-18T00:00:00", "REW": 100.0, "DDS": 0.09329377232507706, "LFMC": 120.02987157611939, "DFMC": 47.180500735224193, "SFP": 0.1594397671797432, "CFP": 1.789445375587716 }, "geometry": { "type": "Point", "coordinates": [ 1.511897090222832, 42.160533674508542 ] } },
{ "type": "Feature", "properties": { "date": "2026-09-18T00:00:00", "REW": 90.341912299504031, "DDS": 2.1281731206330297, "LFMC": 122.10517642948614, "DFMC": 47.335909687126957, "SFP": 0.0, "CFP": 0.0 }, "geometry": { "type": "Point", "coordinates": [ 1.518250906500511, 42.164784922614487 ] } },
{ "type": "Feature", "properties": { "date": "2026-09-18T00:00:00", "REW": 75.361426148362852, "DDS": 0.33780002647716106, "LFMC": 136.95788074075062, "DFMC": 39.740939775038569, "SFP": 3.3885008880522474, "CFP": 6.3636917815635492 }, "geometry": { "type": "Point", "coordinates": [ 1.484269228017685, 42.197633706568951 ] } },
{ "type": "Feature", "properties": { "date": "2026-09-18T00:00:00", "REW": 86.915372827879878, "DDS": 0.16912405979095929, "LFMC": 120.95481329222032, "DFMC": 37.627885723091836, "SFP": 0.072623546081096987, "CFP": 0.51446632710534435 }, "geometry": { "type": "Point", "coordinates": [ 1.490306753512489, 42.197397056299806 ] } },
{ "type": "Feature", "properties": { "date": "2026-09-18T00:00:00", "REW": 65.843840321839735, "DDS": 0.40864648026622385, "LFMC": 130.32125479590047, "DFMC": 40.170115130544929, "SFP": 3.3859285762716351, "CFP": 6.262613276382524 }, "geometry": { "type": "Point", "coordinates": [ 1.49634420640293, 42.197160089344976 ] } },
{ "type": "Feature", "properties": { "date": "2026-09-18T00:00:00", "REW": 82.772589164936207, "DDS": 0.86910220722337173, "LFMC": 120.11399340489864, "DFMC": 42.789268660098202, "SFP": 2.9294612805665423, "CFP": 5.1570500712336953 }, "geometry": { "type": "Point", "coordinates": [ 1.502381586592935, 42.196922805715189 ] } },
{ "type": "Feature", "properties": { "date": "2026-09-18T00:00:00", "REW": 92.322299138536508, "DDS": 0.071586994651307009, "LFMC": 119.83941989809499, "DFMC": 45.129343640418902, "SFP": 0.96469518554056033, "CFP": 3.5748295187832326 }, "geometry": { "type": "Point", "coordinates": [ 1.508418893986445, 42.196685205421211 ] } },
{ "type": "Feature", "properties": { "date": "2026-09-18T00:00:00", "REW": 87.375172499515358, "DDS": 2.2774288358911874, "LFMC": 123.02645378195521, "DFMC": 47.066919609829618, "SFP": 0.0, "CFP": 0.0 }, "geometry": { "type": "Point", "coordinates": [ 1.514456128487399, 42.196447288473841 ] } },
{ "type": "Feature", "properties": { "date": "2026-09-18T00:00:00", "REW": 92.951328099858728, "DDS": 0.067446930984771378, "LFMC": 119.84468755479249, "DFMC": 47.854171995236506, "SFP": 0.0, "CFP": 0.0 }, "geometry": { "type": "Point", "coordinates": [ 1.520493289999755, 42.196209054883838 ] } },
{ "type": "Feature", "properties": { "date": "2026-09-18T00:00:00", "REW": 27.886265164797774, "DDS": 1.7030148530858282, "LFMC": 152.11695533956708, "DFMC": 33.347940288273819, "SFP": 1.1294763083732033, "CFP": 2.2169793900411272 }, "geometry": { "type": "Point", "coordinates": [ 1.484905469474885, 42.206612426239559 ] } },
{ "type": "Feature", "properties": { "date": "2026-09-18T00:00:00", "REW": 68.545238419464326, "DDS": 0.35827388224981443, "LFMC": 134.57389910819808, "DFMC": 31.012146507898866, "SFP": 4.4787336805156244, "CFP": 7.484891033345745 }, "geometry": { "type": "Point", "coordinates": [ 1.490943844568474, 42.206375701929538 ] } },
{ "type": "Feature", "properties": { "date": "2026-09-18T00:00:00", "REW": 47.13851827730312, "DDS": 0.63921616538169368, "LFMC": 137.01229350835987, "DFMC": 32.777678201429701, "SFP": 1.9313832239726598, "CFP": 6.9229144683271038 }, "geometry": { "type": "Point", "coordinates": [ 1.49698214701918, 42.206138660835308 ] } },
{ "type": "Feature", "properties": { "date": "2026-09-18T00:00:00", "REW": 50.253439203959651, "DDS": 0.74968550509788578, "LFMC": 147.52860270259961, "DFMC": 36.574341030655546, "SFP": 1.4584718019271228, "CFP": 2.6163406947386063 }, "geometry": { "type": "Point", "coordinates": [ 1.503020376730883, 42.205901302967597 ] } },
{ "type": "Feature", "properties": { "date": "2026-09-18T00:00:00", "REW": 84.365878818537155, "DDS": 1.7646806536833861, "LFMC": 141.15370355572563, "DFMC": 41.142589086813352, "SFP": 0.0, "CFP": 0.0 }, "geometry": { "type": "Point", "coordinates": [ 1.50905853360747, 42.205663628337177 ] } },
{ "type": "Feature", "properties": { "date": "2026-09-18T00:00:00", "REW": 88.057423250540822, "DDS": 0.10237524163012673, "LFMC": 148.61879552268155, "DFMC": 44.157784920286517, "SFP": 0.78726885625166942, "CFP": 2.9955011504492233 }, "geometry": { "type": "Point", "coordinates": [ 1.515096617552834, 42.205425636954836 ] } },
{ "type": "Feature", "properties": { "date": "2026-09-18T00:00:00", "REW": 71.44638434820709, "DDS": 2.3866100091012972, "LFMC": 119.5926178476283, "DFMC": 45.706828976808531, "SFP": 2.1977940643696074, "CFP": 4.463549326339729 }, "geometry": { "type": "Point", "coordinates": [ 1.521134628470876, 42.205187328831364 ] } },
{ "type": "Feature", "properties": { "date": "2026-09-18T00:00:00", "REW": 37.006379828131237, "DDS": 4.8841325290174016, "LFMC": 136.29919429115998, "DFMC": 28.382865275372669, "SFP": 3.4188054690009735, "CFP": 7.0480254183594706 }, "geometry": { "type": "Point", "coordinates": [ 1.486178823104372, 42.224569799843806 ] } },
{ "type": "Feature", "properties": { "date": "2026-09-18T00:00:00", "REW": 36.322381189547833, "DDS": 4.6058924966870878, "LFMC": 137.59919377353901, "DFMC": 24.714849023335638, "SFP": 3.7481941519833022, "CFP": 7.5812150195268382 }, "geometry": { "type": "Point", "coordinates": [ 1.492218898549268, 42.224332927390002 ] } },
{ "type": "Feature", "properties": { "date": "2026-09-18T00:00:00", "REW": 29.302827267805238, "DDS": 5.5576647621770654, "LFMC": 143.0490405826296, "DFMC": 25.746113139252984, "SFP": 1.986278090290273, "CFP": 7.0380912807381391 }, "geometry": { "type": "Point", "coordinates": [ 1.498258901274155, 42.224095737954819 ] } },
{ "type": "Feature", "properties": { "date": "2026-09-18T00:00:00", "REW": 70.248091115216283, "DDS": 1.4075265668948942, "LFMC": 121.06336821733939, "DFMC": 27.590886155326324, "SFP": 2.1885128402228413, "CFP": 3.5192456500404883 }, "geometry": { "type": "Point", "coordinates": [ 1.504298831182812, 42.223858231549023 ] } },
{ "type": "Feature", "properties": { "date": "2026-09-18T00:00:00", "REW": 54.609202475909925, "DDS": 3.4778435514355142, "LFMC": 123.46561578932139, "DFMC": 28.61893207502083, "SFP": 2.8110555868147138, "CFP": 8.0047377106815709 }, "geometry": { "type": "Point", "coordinates": [ 1.510338688179026, 42.223620408183415 ] } },
{ "type": "Feature", "properties": { "date": "2026-09-18T00:00:00", "REW": 51.66142903010433, "DDS": 1.5871006429556307, "LFMC": 147.02232545527656, "DFMC": 32.027840303434779, "SFP": 0.93680909444807015, "CFP": 2.0986546854365757 }, "geometry": { "type": "Point", "coordinates": [ 1.516378472166588, 42.223382267868772 ] } },
{ "type": "Feature", "properties": { "date": "2026-09-18T00:00:00", "REW": 59.585933851029807, "DDS": 0.7014113771498951, "LFMC": 154.69827229746457, "DFMC": 34.590538365090211, "SFP": 0.66583595165762721, "CFP": 2.0318171020325417 }, "geometry": { "type": "Point", "coordinates": [ 1.522418183049303, 42.223143810615895 ] } },
{ "type": "Feature", "properties": { "date": "2026-09-18T00:00:00", "REW": 25.98902352160804, "DDS": 3.6873441144020154, "LFMC": 140.64726411971867, "DFMC": 33.311109873686988, "SFP": 1.5803085253420834, "CFP": 2.5111874608237894 }, "geometry": { "type": "Point", "coordinates": [ 1.490625262728672, 42.201886381855786 ] } },
{ "type": "Feature", "properties": { "date": "2026-09-18T00:00:00", "REW": 96.631866906596002, "DDS": 0.92821403350985487, "LFMC": 104.64493753659778, "DFMC": 36.70096694361014, "SFP": 2.1708882827275584, "CFP": 6.0857338888793109 }, "geometry": { "type": "Point", "coordinates": [ 1.496663140351198, 42.201649377833832 ] } },
{ "type": "Feature", "properties": { "date": "2026-09-18T00:00:00", "REW": 68.172801923199927, "DDS": 0.40973479640895466, "LFMC": 149.89291480749878, "DFMC": 39.635559229702636, "SFP": 1.2602851351265847, "CFP": 5.7429356430459011 }, "geometry": { "type": "Point", "coordinates": [ 1.502700945254008, 42.20141205708768 ] } },
{ "type": "Feature", "properties": { "date": "2026-09-18T00:00:00", "REW": 81.191457380995089, "DDS": 1.9546605937463113, "LFMC": 119.66955354931883, "DFMC": 44.070227263532715, "SFP": 1.9283579883261761, "CFP": 4.6033289870912446 }, "geometry": { "type": "Point", "coordinates": [ 1.508738677341015, 42.201174419628074 ] } },
{ "type": "Feature", "properties": { "date": "2026-09-18T00:00:00", "REW": 89.613503060043868, "DDS": 0.58032774363235062, "LFMC": 119.78385078239511, "DFMC": 46.238966052075199, "SFP": 0.97289985827312808, "CFP": 3.3628931745885136 }, "geometry": { "type": "Point", "coordinates": [ 1.514776336516137, 42.200936465465809 ] } },
{ "type": "Feature", "properties": { "date": "2026-09-18T00:00:00", "REW": 87.791137034474801, "DDS": 1.7239723965821641, "LFMC": 123.97860680053766, "DFMC": 47.571548326339808, "SFP": 0.0, "CFP": 0.0 }, "geometry": { "type": "Point", "coordinates": [ 1.520813922683303, 42.200698194611675 ] } },
{ "type": "Feature", "properties": { "date": "2026-09-18T00:00:00", "REW": 53.22374288059433, "DDS": 1.04780815938384, "LFMC": 156.09802056715839, "DFMC": 38.014124073502366, "SFP": 0.84558035679443733, "CFP": 2.2762520704328684 }, "geometry": { "type": "Point", "coordinates": [ 1.50937846280515, 42.210152831547909 ] } },
{ "type": "Feature", "properties": { "date": "2026-09-18T00:00:00", "REW": 78.955043809836326, "DDS": 0.33721479128822995, "LFMC": 123.73616752184608, "DFMC": 41.322108781017093, "SFP": 0.98975291009070498, "CFP": 1.5642381904893483 }, "geometry": { "type": "Point", "coordinates": [ 1.515416971616852, 42.20991480294029 ] } },
{ "type": "Feature", "properties": { "date": "2026-09-18T00:00:00", "REW": 89.268634488844953, "DDS": 2.633470363686635, "LFMC": 119.72572585722804, "DFMC": 43.598507485594489, "SFP": 2.081115291038147, "CFP": 2.0573256061027099 }, "geometry": { "type": "Point", "coordinates": [ 1.521455407381864, 42.209676457542272 ] } }
]
}
