{"type": "FeatureCollection", "features": [{"type": "Feature", "properties": {"sector_id": "BH-01", "area_ha": 5.75, "hic_ha": 5.75, "priority_hic_ha": 0.0, "connector_ha": 0.0, "natural_cover_pct": 100.0, "bare_pct": 0.0, "records": 2, "road_km": 0.41, "access_km_km2": 7.16, "public_points": 0, "historic_fire_ha": 0.0, "historic_fire_events": 0, "ndvi": 0.537, "ndmi": 0.059, "lst_c": 31.054, "fire_today": 50.136, "value_reasons": ["5.8 ha d\u2019HIC cartografiat", "100 % de cobertes naturals o seminaturals com a context de continu\u00eftat"], "pressure_reasons": ["accessibilitat potencial relativa elevada (7.2 km de xarxa/km\u00b2); no \u00e9s freq\u00fcentaci\u00f3 real"], "knowledge_class": "Poca informaci\u00f3", "followup": "Atenci\u00f3", "recommendation": "Fer seguiment dirigit i verificar la pressi\u00f3 coincident sobre el terreny.", "missing": ["prospecci\u00f3 biol\u00f2gica homog\u00e8nia i de camp", "estat local de conservaci\u00f3 dels h\u00e0bitats", "fragmentaci\u00f3 funcional espec\u00edfica per fauna"], "valuable": true, "pressured": true}, "geometry": {"type": "MultiPolygon", "coordinates": [[[[1.4447245691512387, 42.19712980760589], [1.4447190488707156, 42.19735488341651], [1.4438109677586597, 42.19734256551125], [1.4437888731254174, 42.19824286827286], [1.4443942690571268, 42.198251081265695], [1.4443887473877355, 42.198476156996875], [1.4452968449787482, 42.19848847059473], [1.4452913264664242, 42.198713546413025], [1.4465021284310255, 42.19872995349458], [1.4464966141492577, 42.198955029432085], [1.4467993158714176, 42.198959129238595], [1.4468048290797746, 42.19873405326895], [1.4480156323048026, 42.19875044438234], [1.448021141156544, 42.19852536827471], [1.448323841046844, 42.19852946402491], [1.4483458715306787, 42.19762915937141], [1.4480431759338652, 42.197625063749676], [1.448048684470789, 42.197399987594785], [1.4477459900102772, 42.1973958912068], [1.447751499557567, 42.19717081507461], [1.4447245691512387, 42.19712980760589]]]]}}, {"type": "Feature", "properties": {"sector_id": "BH-02", "area_ha": 2.69, "hic_ha": 0.11, "priority_hic_ha": 0.0, "connector_ha": 0.0, "natural_cover_pct": 100.0, "bare_pct": 0.0, "records": 0, "road_km": 0.0, "access_km_km2": 0.0, "public_points": 0, "historic_fire_ha": 0.0, "historic_fire_events": 0, "ndvi": 0.475, "ndmi": -0.075, "lst_c": 33.747, "fire_today": 52.035, "value_reasons": ["0.1 ha d\u2019HIC cartografiat", "100 % de cobertes naturals o seminaturals com a context de continu\u00eftat"], "pressure_reasons": ["NDMI relativament baix (-0.07; observaci\u00f3 07/07/2026)", "NDVI relativament baix (0.47; observaci\u00f3 07/07/2026)", "temperatura superficial estival relativament elevada (33.7 \u00b0C)"], "knowledge_class": "Pr\u00e0cticament sense dades", "followup": "Prioritat de comprovaci\u00f3", "recommendation": "Comprovar al camp l\u2019estat de l\u2019h\u00e0bitat i les coincid\u00e8ncies abans de decidir actuacions.", "missing": ["prospecci\u00f3 biol\u00f2gica homog\u00e8nia i de camp", "estat local de conservaci\u00f3 dels h\u00e0bitats", "fragmentaci\u00f3 funcional espec\u00edfica per fauna"], "valuable": true, "pressured": true}, "geometry": {"type": "MultiPolygon", "coordinates": [[[[1.4354022099370114, 42.19452635356498], [1.4353966570821795, 42.19475142847877], [1.4341859374649628, 42.19473490543716], [1.4341692656414915, 42.19541012973306], [1.4344719486700923, 42.195414261788095], [1.4344608359499427, 42.195864411336224], [1.4347635211884713, 42.195868542657756], [1.4347579658063652, 42.196093617450025], [1.4353633386203586, 42.19610187776291], [1.4353577853212425, 42.1963269526105], [1.4362658482379742, 42.19633933718953], [1.4362713983173543, 42.19611426224483], [1.4365740850099058, 42.19611838880882], [1.4365851828319052, 42.19566823882632], [1.4362824982858111, 42.19566411232704], [1.4362991477627494, 42.194988887379445], [1.4359964664996792, 42.194984760178954], [1.4360020172716357, 42.19475968520986], [1.4356993371451805, 42.19475555724346], [1.4357048889268542, 42.19453048229729], [1.4354022099370114, 42.19452635356498]]]]}}, {"type": "Feature", "properties": {"sector_id": "BH-03", "area_ha": 52.97, "hic_ha": 36.39, "priority_hic_ha": 0.0, "connector_ha": 0.0, "natural_cover_pct": 99.99, "bare_pct": 0.0, "records": 30, "road_km": 2.45, "access_km_km2": 4.63, "public_points": 1, "historic_fire_ha": 1.6, "historic_fire_events": 1, "ndvi": 0.529, "ndmi": 0.051, "lst_c": 31.1, "fire_today": 43.834, "value_reasons": ["36.4 ha d\u2019HIC cartografiat", "30 registres p\u00fablics agregats; indiquen coneixement, no abund\u00e0ncia", "100 % de cobertes naturals o seminaturals com a context de continu\u00eftat"], "pressure_reasons": ["coincid\u00e8ncia amb un per\u00edmetre hist\u00f2ric (1.6 ha solapades)"], "knowledge_class": "Ben prospectat en fonts p\u00fabliques", "followup": "Atenci\u00f3", "recommendation": "Fer seguiment dirigit i verificar la pressi\u00f3 coincident sobre el terreny.", "missing": ["estat local de conservaci\u00f3 dels h\u00e0bitats", "fragmentaci\u00f3 funcional espec\u00edfica per fauna"], "valuable": true, "pressured": true}, "geometry": {"type": "MultiPolygon", "coordinates": [[[[1.4444494822800429, 42.19600032343412], [1.4441467950157434, 42.19599621765888], [1.444141272904173, 42.19622129345237], [1.4432332082702513, 42.19620897124005], [1.4432276828757633, 42.19643404692746], [1.4420169266216765, 42.19641760600544], [1.442011396870929, 42.196642681554465], [1.4414060169765055, 42.19663445623894], [1.4414004850159818, 42.19685953171401], [1.4407951032279023, 42.19685130314057], [1.4407895690575558, 42.197076378541674], [1.440486877185095, 42.197072263025156], [1.4404813418781868, 42.197297338384516], [1.4401786489956854, 42.197293222037366], [1.4401675760454151, 42.197743372663176], [1.440470271074567, 42.197747489074885], [1.44045920001787, 42.198197639727454], [1.440761897256993, 42.19820175540533], [1.4407563627071078, 42.1984268307497], [1.4413617595218566, 42.198435059774845], [1.441356227055477, 42.1986601351743], [1.4419616262699342, 42.198668361070375], [1.4419560958871118, 42.19889343652487], [1.4425614975012102, 42.19890165929183], [1.4425559692019965, 42.199126734801375], [1.4431613732156696, 42.19913495443914], [1.4431558470001165, 42.199360030003675], [1.4440639567146039, 42.19937235356887], [1.444058433656202, 42.199597429220596], [1.4446638425950695, 42.199605641003004], [1.444658321620445, 42.19983071670968], [1.4458691445491552, 42.19984713082204], [1.445863627805297, 42.200072206647995], [1.44707445603679, 42.20008860811397], [1.4470689435238084, 42.200313684059076], [1.4507014471457915, 42.20036281219131], [1.4507069467768905, 42.20013773586095], [1.4519177790361826, 42.200154086226206], [1.4519232743104824, 42.19992900975818], [1.4522259814588787, 42.19993309532132], [1.4522369696721087, 42.199482942292875], [1.4519342646706492, 42.19947885679381], [1.4519397597565182, 42.19925378029746], [1.4516370558913168, 42.199249694032005], [1.4516425519878149, 42.199024617558244], [1.45133984925887, 42.199020530526404], [1.4513453463659711, 42.19879545407526], [1.4510426447732814, 42.19879136627706], [1.451059138937797, 42.198116136963094], [1.450756440628144, 42.19811204846267], [1.450783935012269, 42.19698666624414], [1.4504812421322075, 42.19698257710564], [1.4505087403115378, 42.19585719481129], [1.4508114278251678, 42.195861283789455], [1.4508224245104064, 42.195411130741455], [1.4511251099403921, 42.195415218857164], [1.4511306071155206, 42.19519014228695], [1.4514332915351102, 42.19519422957227], [1.451438787574194, 42.19496915296055], [1.4520441544553835, 42.19497732507219], [1.4520496482852425, 42.19475224838694], [1.4523523307468276, 42.19475633321325], [1.4523578234407026, 42.19453125648652], [1.4526605048918735, 42.19453534048252], [1.452665996449789, 42.19431026371431], [1.4529686768905445, 42.19431434687998], [1.4529741673125243, 42.194089270070315], [1.4532768467428623, 42.19409335240568], [1.4532823360289318, 42.193868275554564], [1.4535850144488511, 42.19387235705963], [1.453590502599034, 42.19364728016706], [1.4538931800085328, 42.19365136084184], [1.4539041539744628, 42.193201206964346], [1.4542068293004144, 42.19320528677688], [1.4542178008692839, 42.19275513279765], [1.4545204741117228, 42.19275921174793], [1.4545259587290211, 42.19253413471216], [1.4548286309610574, 42.19253821283222], [1.454834114442594, 42.19231313575502], [1.4551367856642259, 42.19231721304485], [1.4551422680100243, 42.19209213592626], [1.455747608495123, 42.19210028804728], [1.4557530886321544, 42.19187521085529], [1.4596877939380053, 42.191928121399044], [1.459693260062775, 42.19170304378268], [1.4599959290662972, 42.191707108205016], [1.460006858982345, 42.191256952880245], [1.4603095259022558, 42.19126101644062], [1.4603204534224408, 42.190810861014356], [1.4597151239371258, 42.19080273322288], [1.4597205897495353, 42.19057765555934], [1.4560886309644363, 42.190528822144586], [1.456094109590079, 42.19030374485455], [1.4554887861478945, 42.19029559484132], [1.4554942668568354, 42.19007051760576], [1.454888945811122, 42.19006236446373], [1.454899911332834, 42.18961221009216], [1.454597253049839, 42.189608132387846], [1.4546027367896188, 42.18938305521987], [1.4543000796422152, 42.18937897674937], [1.454311049079551, 42.18892882244908], [1.4540083941406272, 42.188924743244385], [1.4540138798381477, 42.18869966611207], [1.4537112260347989, 42.18869558614125], [1.4537167127424897, 42.188470509031454], [1.4534140600747132, 42.188466428294504], [1.4534195477925496, 42.188241351207296], [1.4528142447908714, 42.18823318740299], [1.4528197345916678, 42.18800811037036], [1.4503985336783345, 42.18797542348464], [1.4504040319989717, 42.187750346698884], [1.447730892498723, 42.18771419933584], [1.4477470000000001, 42.18772999999999], [1.4479490000000004, 42.187996999999996], [1.4480220000000004, 42.18812599999998], [1.447733000000001, 42.188347000000014], [1.4476512486517457, 42.18838857451012], [1.4497822329570134, 42.18841739719693], [1.4497767323021422, 42.1886424738902], [1.4525006114486048, 42.18867925827657], [1.4524951203867023, 42.18890433524884], [1.4531004297000851, 42.18891250084148], [1.4530949407211997, 42.18913757786836], [1.4533975965448858, 42.189141659499484], [1.4533921085761674, 42.189366736548905], [1.453694765535477, 42.18937081741388], [1.4536837915557117, 42.18982097154844], [1.4539864507235736, 42.18982505167925], [1.4539754786388512, 42.190275205840024], [1.454278140015306, 42.19027928523664], [1.4542726549518576, 42.19050436233488], [1.454575317463967, 42.190508440965296], [1.4545478965713698, 42.19163382647464], [1.4542452286942487, 42.191629747684296], [1.4542397432546474, 42.19185482472585], [1.4539370743671824, 42.191850745105285], [1.4539261011537805, 42.19230089909608], [1.4536234301829112, 42.19229681861329], [1.453617942409073, 42.19252189556252], [1.4533152704278511, 42.1925178142495], [1.4533042925458242, 42.19296796805563], [1.4530016184811552, 42.192963885880324], [1.4529961283729294, 42.19318896273721], [1.4526934532979, 42.19318487973164], [1.4526879620538038, 42.19340995654706], [1.4523852859684157, 42.1934058727112], [1.452379793588425, 42.193630949485154], [1.452077116492681, 42.193626864819], [1.4520716229767718, 42.19385194155147], [1.4514662668273726, 42.19384376976027], [1.451460771102366, 42.194068846419206], [1.4505527341299371, 42.19405658264914], [1.450547235122623, 42.19428165920246], [1.449639195496362, 42.19426938815162], [1.4496336932066727, 42.19449446459928], [1.446599930407043, 42.194453414654014], [1.4466429999999997, 42.19450800000001], [1.446930000000001, 42.19489500000001], [1.4470130000000005, 42.195035000000004], [1.4470170000000004, 42.195039000000016], [1.4469820000000004, 42.19505], [1.4468560000000004, 42.195066000000004], [1.4467070000000004, 42.195079], [1.446656, 42.19513], [1.4465650000000005, 42.195212999999995], [1.4464600000000003, 42.195305999999995], [1.4463170000000005, 42.195384000000004], [1.4461880000000005, 42.195415999999994], [1.4459730000000006, 42.195470000000014], [1.4458059999999997, 42.19548], [1.4455960000000008, 42.19548500000001], [1.445402000000001, 42.19543199999999], [1.4452230000000008, 42.19532199999998], [1.4450710000000009, 42.195234], [1.4449690000000006, 42.19517299999999], [1.4448269999999999, 42.195109], [1.444694, 42.19504400000001], [1.4445899999999998, 42.19499700000001], [1.4445630000000005, 42.195035000000004], [1.444504, 42.195028], [1.4444738100830727, 42.19500852264463], [1.4444494822800429, 42.19600032343412]], [[1.4477459900102772, 42.1973958912068], [1.448048684470789, 42.197399987594785], [1.4480431759338652, 42.197625063749676], [1.4483458715306787, 42.19762915937141], [1.448323841046844, 42.19852946402491], [1.448021141156544, 42.19852536827471], [1.4480156323048026, 42.19875044438234], [1.4468048290797746, 42.19873405326895], [1.4467993158714176, 42.198959129238595], [1.4464966141492577, 42.198955029432085], [1.4465021284310255, 42.19872995349458], [1.4452913264664242, 42.198713546413025], [1.4452968449787482, 42.19848847059473], [1.4443887473877355, 42.198476156996875], [1.4443942690571268, 42.198251081265695], [1.4437888731254174, 42.19824286827286], [1.4438109677586597, 42.19734256551125], [1.4447190488707156, 42.19735488341651], [1.4447245691512387, 42.19712980760589], [1.447751499557567, 42.19717081507461], [1.4477459900102772, 42.1973958912068]]], [[[1.4438717227917919, 42.194866732137115], [1.4442955431874356, 42.19487248178382], [1.4442989999999998, 42.194831000000015], [1.444333000000001, 42.194755], [1.4440640000000005, 42.194691], [1.443999, 42.194764000000006], [1.443875138587162, 42.194727525501115], [1.4438717227917919, 42.194866732137115]]]]}}, {"type": "Feature", "properties": {"sector_id": "BH-04", "area_ha": 95.27, "hic_ha": 40.39, "priority_hic_ha": 0.0, "connector_ha": 0.0, "natural_cover_pct": 99.98, "bare_pct": 0.0, "records": 7, "road_km": 4.66, "access_km_km2": 4.9, "public_points": 1, "historic_fire_ha": 5.9, "historic_fire_events": 1, "ndvi": 0.514, "ndmi": 0.035, "lst_c": 31.204, "fire_today": 43.433, "value_reasons": ["40.4 ha d\u2019HIC cartografiat", "7 registres p\u00fablics agregats; indiquen coneixement, no abund\u00e0ncia", "100 % de cobertes naturals o seminaturals com a context de continu\u00eftat"], "pressure_reasons": ["coincid\u00e8ncia amb un per\u00edmetre hist\u00f2ric (5.9 ha solapades)"], "knowledge_class": "Ben prospectat en fonts p\u00fabliques", "followup": "Atenci\u00f3", "recommendation": "Fer seguiment dirigit i verificar la pressi\u00f3 coincident sobre el terreny.", "missing": ["estat local de conservaci\u00f3 dels h\u00e0bitats", "fragmentaci\u00f3 funcional espec\u00edfica per fauna"], "valuable": true, "pressured": true}, "geometry": {"type": "MultiPolygon", "coordinates": [[[[1.4408615083385192, 42.1941503975901], [1.440558830417943, 42.194146282493115], [1.4405422267746506, 42.194821508911545], [1.440239545697851, 42.194817392919454], [1.440228474139652, 42.195267543753246], [1.4399257909797438, 42.19526342689831], [1.4399202540325287, 42.19548850226874], [1.4396175698626974, 42.1954843845832], [1.4396120317789771, 42.19570945991189], [1.439309346599225, 42.195705341395744], [1.4393038073789755, 42.19593041668269], [1.4390011211893041, 42.19592629733592], [1.4389955808325012, 42.19615137258109], [1.438692893632912, 42.196147252403705], [1.4386873521395311, 42.19637232760711], [1.4380819757838705, 42.196364084792705], [1.4380764320806223, 42.19658915992203], [1.4374710538318851, 42.19658091384963], [1.4374655079187233, 42.19680598890483], [1.4371628178161555, 42.196801864638786], [1.4371461764764415, 42.19747708965062], [1.4374488697989043, 42.19748121401369], [1.4374322311085674, 42.198156439037454], [1.4377349277144291, 42.19816056269918], [1.4377293824308919, 42.19838563772052], [1.4380320801734965, 42.198389760616195], [1.4380265358999509, 42.198614835660415], [1.4383292347793, 42.198618957790025], [1.4383236915157702, 42.19884403285711], [1.4389290916113076, 42.19885227478578], [1.438923550431219, 42.19907734990805], [1.4395289529268984, 42.19908558870771], [1.439523413830304, 42.19931066388513], [1.4398261162465318, 42.19931478211964], [1.4398205781600526, 42.19953985731989], [1.440425985329253, 42.199548091458226], [1.4404204493263557, 42.19977316671361], [1.4407231540793193, 42.199777282617426], [1.4407176190866, 42.20000235789563], [1.4413230309292193, 42.20001058737249], [1.4413174980201717, 42.20023566270577], [1.4419229122626942, 42.2002438890534], [1.4419173814373696, 42.20046896444173], [1.4425227980797288, 42.20047718766008], [1.4425172693381787, 42.20070226310343], [1.4434253979961331, 42.20071459203923], [1.4434198724119205, 42.200939667569834], [1.444328004858832, 42.20095198941611], [1.4443224824320369, 42.20117706503389], [1.4455333308723444, 42.201193483112455], [1.4455278126765894, 42.20141855884954], [1.4470413800137556, 42.20143906364286], [1.4470358671227088, 42.201664139531275], [1.4506684480390746, 42.201713269975095], [1.450662947967927, 42.20193834623931], [1.453387399259524, 42.201975118902745], [1.4533928896684083, 42.20175004235016], [1.4539983218322279, 42.20175820520558], [1.454003810031202, 42.20153312857952], [1.4546092402987914, 42.201541288176955], [1.4546147262879012, 42.20131621147747], [1.4549174404421936, 42.20132029004645], [1.4549229252950426, 42.20109521330556], [1.4552256384384723, 42.20109929104407], [1.4552640231385192, 42.1995237533695], [1.4549613175096408, 42.19951967585481], [1.4549668018609732, 42.19929459903835], [1.454664097368239, 42.199290520757216], [1.4546695827303302, 42.19906544396329], [1.4543668793737392, 42.19906136491569], [1.454372365746565, 42.19883628814434], [1.4540696635261143, 42.1988322083303], [1.4540751509096512, 42.19860713158149], [1.4537724498253393, 42.19860305100104], [1.453777938219562, 42.198377974274784], [1.453475238271388, 42.198373892927926], [1.4534917062978108, 42.19769866278851], [1.4531890096325197, 42.19769458073928], [1.4532109704160572, 42.196794273882524], [1.4535136627880008, 42.19679835580371], [1.4535301294968916, 42.19612312546597], [1.4538328187116891, 42.196127206492775], [1.4538437940574094, 42.19567705282305], [1.4541464811884, 42.19568113298752], [1.4541574541367532, 42.195230979216035], [1.4544601391839702, 42.19523505851819], [1.4544711097350604, 42.19478490464495], [1.4547737926985376, 42.194788983084834], [1.4547847608524664, 42.19433882910984], [1.455087441732237, 42.19434290668746], [1.455103890273544, 42.193667675558245], [1.45540656799649, 42.193671752241656], [1.4554120496451217, 42.19344667514772], [1.4557147263575796, 42.19345075100089], [1.4557202068704314, 42.193225673865555], [1.4563255583369954, 42.193233823113175], [1.4563310366409734, 42.19300874590451], [1.457541736032897, 42.1930250346928], [1.4575362620213976, 42.19325011202921], [1.458141614239039, 42.19325825169761], [1.4581361423112433, 42.19348332908844], [1.4587414969253203, 42.193491465627574], [1.4587360270812797, 42.193716543072746], [1.4590387055552494, 42.193720610176804], [1.4590441743261404, 42.19349553269973], [1.460254884554348, 42.193511793005584], [1.4602603489701762, 42.19328671539156], [1.4605630256102564, 42.19329077844046], [1.4605684888905004, 42.19306570078515], [1.4608711645198937, 42.193069763003926], [1.4608766266645774, 42.192844685307314], [1.4611793012832819, 42.19284874669597], [1.461184762292431, 42.19262366895805], [1.4617901095708612, 42.19263178927692], [1.461795568371404, 42.192406711465885], [1.4627035865376599, 42.192418885861784], [1.462709042056556, 42.19219380794585], [1.463314385666341, 42.19220192015491], [1.4633198389767343, 42.191976842165914], [1.464227851639612, 42.191989004397286], [1.4642333016684834, 42.19176392630349], [1.46453597160764, 42.191767978752345], [1.4645686640346662, 42.19041750980072], [1.4642660005336516, 42.19041345754253], [1.4642714501265113, 42.19018837938268], [1.4639687877607606, 42.190184326358086], [1.4639742383643035, 42.18995924822059], [1.4633689159656371, 42.1899511398404], [1.463374368652793, 42.18972606175706], [1.463071708619887, 42.189722006401496], [1.4630771623176644, 42.189496928340496], [1.462471844584737, 42.18948881529847], [1.4624773003660383, 42.18926373729168], [1.461569327453117, 42.18925156183784], [1.4615747863908022, 42.189026483917104], [1.460364161005412, 42.1890102389318], [1.4603696241722988, 42.188785161129005], [1.45976431399998, 42.188777033911165], [1.4597588486873032, 42.18900211165022], [1.45824556898536, 42.18898177947863], [1.458240098245697, 42.18920685704879], [1.4576347846567053, 42.189198718529276], [1.4576293117086883, 42.18942379602618], [1.456721338575623, 42.189411582164965], [1.4567268147423758, 42.18918650476384], [1.4561215017790703, 42.189178358262794], [1.456126980029031, 42.1889532809161], [1.455824324714186, 42.1889492065003], [1.4558298039744197, 42.18872412917613], [1.4555271497950812, 42.18872005399413], [1.4555326300655635, 42.188494976692475], [1.4552299770217287, 42.188490900744306], [1.4552409395204975, 42.18804074617661], [1.4549382886850106, 42.188036669494245], [1.4549437709132609, 42.18781159222819], [1.4546411212132622, 42.187807514779685], [1.4546466044516757, 42.18758243753618], [1.4543439558871638, 42.18757835932154], [1.454349440135717, 42.18735328210057], [1.4537441453403521, 42.187345123340954], [1.4537496316718128, 42.187120046174535], [1.4531443392728418, 42.18711188428652], [1.4531498276871582, 42.18688680717465], [1.452544537684648, 42.186878642158305], [1.452550028181768, 42.18665356510104], [1.4516420968669492, 42.186641311686984], [1.4516475905195718, 42.186416234716354], [1.4504370206031998, 42.18639988578608], [1.45044251848398, 42.186174808934204], [1.449231953863885, 42.18615844736314], [1.4492374559727106, 42.18593337063014], [1.4483295363860131, 42.18592109116849], [1.4483350416500713, 42.18569601452236], [1.4477297643855829, 42.18568782428854], [1.4477352717321044, 42.185462747697194], [1.4471299968647608, 42.18545455433546], [1.4471355062936946, 42.18522947779889], [1.4468328700271407, 42.185225379953096], [1.446838380465772, 42.18500030343923], [1.446535745334857, 42.184996204827556], [1.4465412567831621, 42.18477112833637], [1.4462386227878847, 42.184767028958824], [1.446249647640794, 42.184316876012424], [1.445947015853776, 42.18431277590116], [1.445963555878453, 42.18363754650714], [1.4456609273722403, 42.18363344569436], [1.4456664416603564, 42.18340836924295], [1.445363814289737, 42.18340426766434], [1.445369329587394, 42.183179191235666], [1.4450667033523663, 42.18317508889123], [1.4450722196595405, 42.182950012485264], [1.444164344550403, 42.18293770076071], [1.4441588250255906, 42.18316277707013], [1.443856199042809, 42.18315867153382], [1.4438506783823606, 42.183383747801585], [1.4435480513901149, 42.183379641435096], [1.4435425295940054, 42.18360471766121], [1.4432399015922976, 42.18360061046454], [1.4432122863021268, 42.1847259912923], [1.4429096530005219, 42.184721883136554], [1.442896916184019, 42.18524081244605], [1.4430330000000002, 42.185299], [1.443217, 42.185304], [1.4434290000000005, 42.18528600000001], [1.4436360000000004, 42.185300000000005], [1.4437660000000005, 42.185339000000006], [1.4439840000000006, 42.18544200000001], [1.4441750000000007, 42.185494], [1.4442210000000006, 42.18550800000002], [1.4442500000000005, 42.185515999999986], [1.4443140000000005, 42.18553499999999], [1.4445230000000004, 42.18555800000001], [1.444709000000001, 42.18557700000001], [1.4448900000000005, 42.185641000000004], [1.445103, 42.185736], [1.4451680000000005, 42.185762], [1.4452700000000012, 42.185801], [1.4454130000000005, 42.18584900000001], [1.4454999999999996, 42.18586899999999], [1.445595, 42.185891000000005], [1.4458070000000005, 42.185928999999994], [1.4460230000000003, 42.185981000000005], [1.4461780000000015, 42.18600599999998], [1.4464070000000009, 42.186079], [1.446567, 42.18614400000001], [1.4466590000000006, 42.18618200000001], [1.4467710000000003, 42.186224999999986], [1.4470519999999998, 42.18631200000002], [1.447279, 42.186374], [1.4474550000000004, 42.18642100000002], [1.4477310000000008, 42.186434999999996], [1.4479930000000003, 42.18642999999998], [1.448193000000001, 42.186414], [1.4482710000000005, 42.186389999999975], [1.448292, 42.186412999999995], [1.448327, 42.18655000000001], [1.4483340000000005, 42.18656900000002], [1.4482410000000001, 42.18661500000001], [1.4480050000000002, 42.18674], [1.4477180000000005, 42.186872000000015], [1.4475240000000003, 42.186948999999984], [1.4478200000000006, 42.18738499999999], [1.4475630000000004, 42.18752700000001], [1.4475809999999998, 42.18756299999999], [1.4476420000000008, 42.18762699999999], [1.447730892498723, 42.18771419933584], [1.4504040319989717, 42.187750346698884], [1.4503985336783345, 42.18797542348464], [1.4528197345916678, 42.18800811037036], [1.4528142447908714, 42.18823318740299], [1.4534195477925496, 42.188241351207296], [1.4534140600747132, 42.188466428294504], [1.4537167127424897, 42.188470509031454], [1.4537112260347989, 42.18869558614125], [1.4540138798381477, 42.18869966611207], [1.4540083941406272, 42.188924743244385], [1.454311049079551, 42.18892882244908], [1.4543000796422152, 42.18937897674937], [1.4546027367896188, 42.18938305521987], [1.454597253049839, 42.189608132387846], [1.454899911332834, 42.18961221009216], [1.454888945811122, 42.19006236446373], [1.4554942668568354, 42.19007051760576], [1.4554887861478945, 42.19029559484132], [1.456094109590079, 42.19030374485455], [1.4560886309644363, 42.190528822144586], [1.4597205897495353, 42.19057765555934], [1.4597151239371258, 42.19080273322288], [1.4603204534224408, 42.190810861014356], [1.4603095259022558, 42.19126101644062], [1.460006858982345, 42.191256952880245], [1.4599959290662972, 42.191707108205016], [1.459693260062775, 42.19170304378268], [1.4596877939380053, 42.191928121399044], [1.4557530886321544, 42.19187521085529], [1.455747608495123, 42.19210028804728], [1.4551422680100243, 42.19209213592626], [1.4551367856642259, 42.19231721304485], [1.454834114442594, 42.19231313575502], [1.4548286309610574, 42.19253821283222], [1.4545259587290211, 42.19253413471216], [1.4545204741117228, 42.19275921174793], [1.4542178008692839, 42.19275513279765], [1.4542068293004144, 42.19320528677688], [1.4539041539744628, 42.193201206964346], [1.4538931800085328, 42.19365136084184], [1.453590502599034, 42.19364728016706], [1.4535850144488511, 42.19387235705963], [1.4532823360289318, 42.193868275554564], [1.4532768467428623, 42.19409335240568], [1.4529741673125243, 42.194089270070315], [1.4529686768905445, 42.19431434687998], [1.452665996449789, 42.19431026371431], [1.4526605048918735, 42.19453534048252], [1.4523578234407026, 42.19453125648652], [1.4523523307468276, 42.19475633321325], [1.4520496482852425, 42.19475224838694], [1.4520441544553835, 42.19497732507219], [1.451438787574194, 42.19496915296055], [1.4514332915351102, 42.19519422957227], [1.4511306071155206, 42.19519014228695], [1.4511251099403921, 42.195415218857164], [1.4508224245104064, 42.195411130741455], [1.4508114278251678, 42.195861283789455], [1.4505087403115378, 42.19585719481129], [1.4504812421322075, 42.19698257710564], [1.450783935012269, 42.19698666624414], [1.450756440628144, 42.19811204846267], [1.451059138937797, 42.198116136963094], [1.4510426447732814, 42.19879136627706], [1.4513453463659711, 42.19879545407526], [1.45133984925887, 42.199020530526404], [1.4516425519878149, 42.199024617558244], [1.4516370558913168, 42.199249694032005], [1.4519397597565182, 42.19925378029746], [1.4519342646706492, 42.19947885679381], [1.4522369696721087, 42.199482942292875], [1.4522259814588787, 42.19993309532132], [1.4519232743104824, 42.19992900975818], [1.4519177790361826, 42.200154086226206], [1.4507069467768905, 42.20013773586095], [1.4507014471457915, 42.20036281219131], [1.4470689435238084, 42.200313684059076], [1.44707445603679, 42.20008860811397], [1.445863627805297, 42.200072206647995], [1.4458691445491552, 42.19984713082204], [1.444658321620445, 42.19983071670968], [1.4446638425950695, 42.199605641003004], [1.444058433656202, 42.199597429220596], [1.4440639567146039, 42.19937235356887], [1.4431558470001165, 42.199360030003675], [1.4431613732156696, 42.19913495443914], [1.4425559692019965, 42.199126734801375], [1.4425614975012102, 42.19890165929183], [1.4419560958871118, 42.19889343652487], [1.4419616262699342, 42.198668361070375], [1.441356227055477, 42.1986601351743], [1.4413617595218566, 42.198435059774845], [1.4407563627071078, 42.1984268307497], [1.440761897256993, 42.19820175540533], [1.44045920001787, 42.198197639727454], [1.440470271074567, 42.197747489074885], [1.4401675760454151, 42.197743372663176], [1.4401786489956854, 42.197293222037366], [1.4404813418781868, 42.197297338384516], [1.440486877185095, 42.197072263025156], [1.4407895690575558, 42.197076378541674], [1.4407951032279023, 42.19685130314057], [1.4414004850159818, 42.19685953171401], [1.4414060169765055, 42.19663445623894], [1.442011396870929, 42.196642681554465], [1.4420169266216765, 42.19641760600544], [1.4432276828757633, 42.19643404692746], [1.4432332082702513, 42.19620897124005], [1.444141272904173, 42.19622129345237], [1.4441467950157434, 42.19599621765888], [1.4444494822800429, 42.19600032343412], [1.4444738100830727, 42.19500852264463], [1.4444420000000004, 42.19498799999999], [1.444387000000001, 42.194987999999995], [1.4443020000000009, 42.19498799999999], [1.4442920000000006, 42.194915000000016], [1.4442955431874356, 42.19487248178382], [1.4438717227917919, 42.194866732137115], [1.443875138587162, 42.194727525501115], [1.443836000000001, 42.194716], [1.4438140000000006, 42.194774], [1.4437540000000006, 42.19481200000001], [1.4436820000000008, 42.194773000000005], [1.4436029999999997, 42.194724000000015], [1.4435280000000004, 42.194690000000016], [1.4434260000000005, 42.19464500000001], [1.4433510000000003, 42.19460399999999], [1.4432170000000004, 42.19453100000001], [1.4432010000000004, 42.194535999999985], [1.4431660000000002, 42.194539], [1.4431380000000005, 42.194512], [1.443112, 42.19448099999999], [1.4430030000000011, 42.19443499999999], [1.4428870000000007, 42.19439599999998], [1.442836000000001, 42.19435699999999], [1.4427360000000005, 42.1943], [1.4425950000000007, 42.19426099999998], [1.4424920000000006, 42.19427299999998], [1.4423780000000006, 42.194297000000006], [1.4422700000000006, 42.194317999999974], [1.4419570000000004, 42.194307], [1.441882, 42.194316], [1.4418350000000006, 42.194315], [1.4417010000000001, 42.194306999999995], [1.4413730000000002, 42.19427200000001], [1.441085, 42.19422200000001], [1.4410530000000008, 42.194215], [1.4409940000000014, 42.194129], [1.4409010000000002, 42.194044], [1.4408645615598152, 42.19402620449724], [1.4408615083385192, 42.1941503975901]], [[1.4601230000000007, 42.189351000000016], [1.4602040000000003, 42.18931500000001], [1.4603010000000012, 42.18929099999999], [1.4603890000000002, 42.18929600000001], [1.4604610000000005, 42.18929799999999], [1.4605140000000005, 42.189289], [1.4605670000000002, 42.18928800000001], [1.4606130000000004, 42.18930600000002], [1.4606980000000005, 42.1895], [1.4607960000000002, 42.18968100000001], [1.4608700000000006, 42.189743], [1.4609440000000011, 42.189783999999996], [1.461068, 42.189826000000004], [1.4611860000000005, 42.18988100000001], [1.461251, 42.18992399999999], [1.4613890000000007, 42.19005999999999], [1.4615190000000002, 42.190222000000006], [1.461583000000001, 42.190293000000004], [1.4616609999999999, 42.190312000000006], [1.4616870000000008, 42.19032599999999], [1.4618210000000005, 42.19043500000001], [1.4619900000000006, 42.19056600000002], [1.4621200000000003, 42.190659000000004], [1.462193000000001, 42.19070700000002], [1.4622600000000001, 42.19074600000002], [1.4624530000000002, 42.19079299999999], [1.462601, 42.19084200000001], [1.462719000000001, 42.19088600000003], [1.4628090000000007, 42.19093699999999], [1.462894, 42.19097100000001], [1.462889000000001, 42.19097899999999], [1.4630000000000005, 42.19106800000002], [1.4630860000000008, 42.19114600000002], [1.46316, 42.19122000000001], [1.4629830000000004, 42.19125699999999], [1.4626910000000002, 42.19130099999999], [1.4624450000000007, 42.191299], [1.4622610000000005, 42.19127999999999], [1.4621050000000004, 42.19123200000001], [1.4619129999999998, 42.191225], [1.461728, 42.191236999999994], [1.461647, 42.19125500000003], [1.4615930000000004, 42.191283], [1.4614520000000006, 42.191269], [1.4611990000000004, 42.191272], [1.4609570000000005, 42.191286999999974], [1.4609440000000007, 42.19114], [1.460911, 42.191058], [1.4608839999999998, 42.19098499999998], [1.4608500000000006, 42.19089399999998], [1.4608180000000002, 42.190818], [1.4607800000000009, 42.19078099999999], [1.4608040000000004, 42.19075499999999], [1.4608140000000012, 42.19072899999998], [1.4608220000000003, 42.19070700000002], [1.4607660000000002, 42.19064100000001], [1.4606890000000001, 42.19058999999999], [1.4605790000000003, 42.19054299999999], [1.460452, 42.190487000000005], [1.4603700000000006, 42.190443], [1.46032, 42.190404], [1.460289, 42.19037400000001], [1.460285000000001, 42.190325000000016], [1.460291000000001, 42.190242000000005], [1.460301000000001, 42.19014999999999], [1.4602920000000004, 42.190068000000004], [1.4602490000000004, 42.189975999999994], [1.4601890000000002, 42.189832999999986], [1.460128, 42.18974600000001], [1.4600810000000002, 42.189626999999994], [1.4600650000000008, 42.18957600000002], [1.4600280000000005, 42.189493999999996], [1.4599860000000002, 42.18936600000001], [1.4599910000000007, 42.189358], [1.460023000000001, 42.18936200000002], [1.4600710000000006, 42.189362000000024], [1.4601230000000007, 42.189351000000016]]], [[[1.439392427306163, 42.19232921095718], [1.4394191750715624, 42.19232957491206], [1.4394400000000005, 42.192296000000006], [1.4394509999999994, 42.19224900000002], [1.439454000000001, 42.192198999999995], [1.4394240000000005, 42.19209999999999], [1.439399562804853, 42.19203922034454], [1.439392427306163, 42.19232921095718]]], [[[1.4391008367842204, 42.191874941306], [1.43918903686748, 42.19187614163694], [1.4391020146152924, 42.1918270820767], [1.4391008367842204, 42.191874941306]]]]}}, {"type": "Feature", "properties": {"sector_id": "BH-05", "area_ha": 5.7, "hic_ha": 4.05, "priority_hic_ha": 0.0, "connector_ha": 0.0, "natural_cover_pct": 99.97, "bare_pct": 0.0, "records": 0, "road_km": 0.35, "access_km_km2": 6.06, "public_points": 0, "historic_fire_ha": 0.0, "historic_fire_events": 0, "ndvi": 0.506, "ndmi": 0.051, "lst_c": 30.098, "fire_today": 42.134, "value_reasons": ["4.1 ha d\u2019HIC cartografiat", "100 % de cobertes naturals o seminaturals com a context de continu\u00eftat"], "pressure_reasons": [], "knowledge_class": "Pr\u00e0cticament sense dades", "followup": "Coneixement insuficient", "recommendation": "Prospectar de manera dirigida; la manca de registres no indica baixa biodiversitat.", "missing": ["prospecci\u00f3 biol\u00f2gica homog\u00e8nia i de camp", "estat local de conservaci\u00f3 dels h\u00e0bitats", "fragmentaci\u00f3 funcional espec\u00edfica per fauna"], "valuable": true, "pressured": false}, "geometry": {"type": "MultiPolygon", "coordinates": [[[[1.4493475222837249, 42.19381514334531], [1.4493530254578888, 42.19359006690139], [1.45026105523718, 42.19360234005836], [1.4502665551290719, 42.19337726350875], [1.4511745822547315, 42.1933895293851], [1.4511800788644185, 42.193164452729874], [1.4517854284494294, 42.19317262592535], [1.4517909228500843, 42.19294754919659], [1.4523962705400741, 42.19295571913496], [1.4524017627317436, 42.192730642332684], [1.452704435597809, 42.19273472607246], [1.452715417646679, 42.192284572375506], [1.4530180884293478, 42.19228865525301], [1.4530290680810796, 42.191838501454235], [1.453331736780386, 42.19184258346948], [1.4533482025683342, 42.19116735260447], [1.4536508681112996, 42.19117143372547], [1.4536618428436299, 42.19072127970423], [1.4533591794466514, 42.19071719864724], [1.453375644293673, 42.19004196764057], [1.453072984178309, 42.19003788588142], [1.453083962575226, 42.18958773189378], [1.4527813046684612, 42.18958364940048], [1.4527867948457283, 42.18935857242451], [1.4524841380746232, 42.189354489165076], [1.4524896292620422, 42.18912941221168], [1.4481002818431183, 42.189070104263855], [1.4480130000000007, 42.18917699999999], [1.447906, 42.18925000000001], [1.4477946357320846, 42.18929111917561], [1.452181481366278, 42.18935040510748], [1.4521759890431887, 42.189575482019414], [1.4524786468244444, 42.189579566109025], [1.452473155511506, 42.18980464304353], [1.4527758144284464, 42.18980872636702], [1.4527373809913295, 42.191384264868276], [1.4524347145635796, 42.19138018132063], [1.4524237308707106, 42.19183033502909], [1.4521210623596736, 42.19182625061918], [1.4521155693460412, 42.19205132742722], [1.45181289982474, 42.19204724218706], [1.4518019114630034, 42.19249739571071], [1.4511965683165475, 42.192489222707515], [1.4511910718953258, 42.19271429939108], [1.4508883993432429, 42.19271021166006], [1.450882901786109, 42.19293528830213], [1.4499748812876407, 42.192923020223404], [1.449969380448368, 42.193148096759806], [1.447593426078384, 42.193115961559734], [1.4476850000000003, 42.19330800000002], [1.4477420000000012, 42.19348100000001], [1.4477729999999998, 42.19361400000001], [1.4477520000000008, 42.193725000000015], [1.447691190376488, 42.193792737329254], [1.4493475222837249, 42.19381514334531]]]]}}, {"type": "Feature", "properties": {"sector_id": "BH-06", "area_ha": 9.26, "hic_ha": 4.74, "priority_hic_ha": 0.0, "connector_ha": 0.0, "natural_cover_pct": 99.97, "bare_pct": 0.0, "records": 0, "road_km": 0.35, "access_km_km2": 3.74, "public_points": 0, "historic_fire_ha": 0.0, "historic_fire_events": 0, "ndvi": 0.459, "ndmi": 0.02, "lst_c": 31.86, "fire_today": 40.304, "value_reasons": ["4.7 ha d\u2019HIC cartografiat", "100 % de cobertes naturals o seminaturals com a context de continu\u00eftat"], "pressure_reasons": ["NDMI relativament baix (0.02; observaci\u00f3 07/07/2026)", "NDVI relativament baix (0.46; observaci\u00f3 07/07/2026)"], "knowledge_class": "Pr\u00e0cticament sense dades", "followup": "Prioritat de comprovaci\u00f3", "recommendation": "Comprovar al camp l\u2019estat de l\u2019h\u00e0bitat i les coincid\u00e8ncies abans de decidir actuacions.", "missing": ["prospecci\u00f3 biol\u00f2gica homog\u00e8nia i de camp", "estat local de conservaci\u00f3 dels h\u00e0bitats", "fragmentaci\u00f3 funcional espec\u00edfica per fauna"], "valuable": true, "pressured": true}, "geometry": {"type": "MultiPolygon", "coordinates": [[[[1.4496336932066727, 42.19449446459928], [1.449639195496362, 42.19426938815162], [1.450547235122623, 42.19428165920246], [1.4505527341299371, 42.19405658264914], [1.451460771102366, 42.194068846419206], [1.4514662668273726, 42.19384376976027], [1.4520716229767718, 42.19385194155147], [1.452077116492681, 42.193626864819], [1.452379793588425, 42.193630949485154], [1.4523852859684157, 42.1934058727112], [1.4526879620538038, 42.19340995654706], [1.4526934532979, 42.19318487973164], [1.4529961283729294, 42.19318896273721], [1.4530016184811552, 42.192963885880324], [1.4533042925458242, 42.19296796805563], [1.4533152704278511, 42.1925178142495], [1.453617942409073, 42.19252189556252], [1.4536234301829112, 42.19229681861329], [1.4539261011537805, 42.19230089909608], [1.4539370743671824, 42.191850745105285], [1.4542397432546474, 42.19185482472585], [1.4542452286942487, 42.191629747684296], [1.4545478965713698, 42.19163382647464], [1.454575317463967, 42.190508440965296], [1.4542726549518576, 42.19050436233488], [1.454278140015306, 42.19027928523664], [1.4539754786388512, 42.190275205840024], [1.4539864507235736, 42.18982505167925], [1.4536837915557117, 42.18982097154844], [1.453694765535477, 42.18937081741388], [1.4533921085761674, 42.189366736548905], [1.4533975965448858, 42.189141659499484], [1.4530949407211997, 42.18913757786836], [1.4531004297000851, 42.18891250084148], [1.4524951203867023, 42.18890433524884], [1.4525006114486048, 42.18867925827657], [1.4497767323021422, 42.1886424738902], [1.4497822329570134, 42.18841739719693], [1.4476512486517457, 42.18838857451012], [1.4474990000000003, 42.188466000000005], [1.4475190000000002, 42.18850299999999], [1.4475490000000002, 42.18854499999998], [1.4478680000000004, 42.188536], [1.448058, 42.188539999999996], [1.4481850000000005, 42.1886], [1.448250000000001, 42.18869200000001], [1.4483790000000005, 42.18885599999999], [1.4484550000000007, 42.188909], [1.448513, 42.18895500000001], [1.4483510000000002, 42.18902], [1.4482420000000003, 42.189044], [1.448168, 42.18904399999999], [1.4481019999999998, 42.189068], [1.4481002818431183, 42.189070104263855], [1.4524896292620422, 42.18912941221168], [1.4524841380746232, 42.189354489165076], [1.4527867948457283, 42.18935857242451], [1.4527813046684612, 42.18958364940048], [1.453083962575226, 42.18958773189378], [1.453072984178309, 42.19003788588142], [1.453375644293673, 42.19004196764057], [1.4533591794466514, 42.19071719864724], [1.4536618428436299, 42.19072127970423], [1.4536508681112996, 42.19117143372547], [1.4533482025683342, 42.19116735260447], [1.453331736780386, 42.19184258346948], [1.4530290680810796, 42.191838501454235], [1.4530180884293478, 42.19228865525301], [1.452715417646679, 42.192284572375506], [1.452704435597809, 42.19273472607246], [1.4524017627317436, 42.192730642332684], [1.4523962705400741, 42.19295571913496], [1.4517909228500843, 42.19294754919659], [1.4517854284494294, 42.19317262592535], [1.4511800788644185, 42.193164452729874], [1.4511745822547315, 42.1933895293851], [1.4502665551290719, 42.19337726350875], [1.45026105523718, 42.19360234005836], [1.4493530254578888, 42.19359006690139], [1.4493475222837249, 42.19381514334531], [1.447691190376488, 42.193792737329254], [1.4476730000000007, 42.193813000000006], [1.4475330000000002, 42.19388600000002], [1.4472990000000003, 42.19396499999999], [1.4470680000000005, 42.194038], [1.4468530000000006, 42.19411800000001], [1.44673, 42.194137999999995], [1.4465160000000008, 42.194170000000014], [1.4464130000000006, 42.194187], [1.446418, 42.194203000000016], [1.446456000000001, 42.194271000000015], [1.446599930407043, 42.194453414654014], [1.4496336932066727, 42.19449446459928]]]]}}, {"type": "Feature", "properties": {"sector_id": "BH-07", "area_ha": 4.2, "hic_ha": 2.58, "priority_hic_ha": 0.0, "connector_ha": 0.0, "natural_cover_pct": 99.91, "bare_pct": 0.0, "records": 0, "road_km": 0.1, "access_km_km2": 2.37, "public_points": 0, "historic_fire_ha": 0.0, "historic_fire_events": 0, "ndvi": 0.616, "ndmi": 0.114, "lst_c": 27.494, "fire_today": 41.306, "value_reasons": ["2.6 ha d\u2019HIC cartografiat", "100 % de cobertes naturals o seminaturals com a context de continu\u00eftat"], "pressure_reasons": [], "knowledge_class": "Pr\u00e0cticament sense dades", "followup": "Coneixement insuficient", "recommendation": "Prospectar de manera dirigida; la manca de registres no indica baixa biodiversitat.", "missing": ["prospecci\u00f3 biol\u00f2gica homog\u00e8nia i de camp", "estat local de conservaci\u00f3 dels h\u00e0bitats", "fragmentaci\u00f3 funcional espec\u00edfica per fauna"], "valuable": true, "pressured": false}, "geometry": {"type": "MultiPolygon", "coordinates": [[[[1.446409299010715, 42.19039811698786], [1.4463749999999997, 42.190465], [1.4464660000000005, 42.19050000000001], [1.4465400000000004, 42.190502000000016], [1.4465860000000008, 42.190448], [1.4465982534557922, 42.19040067636098], [1.446409299010715, 42.19039811698786]]], [[[1.4481698563554364, 42.1924483097972], [1.4481753634444672, 42.192223233425025], [1.4484780332844787, 42.19222732827601], [1.4484890451276342, 42.1917771754391], [1.448791712884493, 42.191781269427636], [1.448797217638655, 42.1915561929629], [1.4490998843854055, 42.19156028612113], [1.4491218984809409, 42.19065998003934], [1.4479112490393524, 42.19064360313088], [1.4479167566978322, 42.19041852671525], [1.4468111843645681, 42.19040356012019], [1.4467510000000003, 42.190462], [1.4466870000000007, 42.19049099999999], [1.4466140000000007, 42.190514000000015], [1.4465580000000007, 42.19054799999998], [1.4464949999999999, 42.190625], [1.4464179999999995, 42.19069600000001], [1.4463520000000003, 42.19075599999999], [1.4463820000000005, 42.19083799999999], [1.4463900000000005, 42.190903000000006], [1.446365, 42.19098900000001], [1.446316, 42.19105499999999], [1.4462310000000005, 42.19109499999999], [1.4461199999999999, 42.19112700000002], [1.4459999999999997, 42.191126], [1.4459790000000003, 42.191148999999996], [1.4460190000000008, 42.19119600000001], [1.446117000000001, 42.19126799999998], [1.446153000000001, 42.19133899999999], [1.4461540000000013, 42.19143599999999], [1.446203, 42.191523000000004], [1.4463020000000006, 42.191625], [1.4463420000000002, 42.191700000000004], [1.4463510000000006, 42.191774], [1.446396, 42.191819], [1.4464300000000003, 42.19184799999998], [1.4464590000000004, 42.19187400000001], [1.4465139999999999, 42.191904999999984], [1.4465500000000004, 42.191928], [1.4465560000000002, 42.191931999999994], [1.4466450000000004, 42.191968999999986], [1.4467469999999996, 42.192074], [1.4468580000000009, 42.19226200000001], [1.4469454175988052, 42.19243173601471], [1.4481698563554364, 42.1924483097972]]]]}}, {"type": "Feature", "properties": {"sector_id": "BH-08", "area_ha": 4.6, "hic_ha": 2.67, "priority_hic_ha": 0.0, "connector_ha": 0.0, "natural_cover_pct": 99.98, "bare_pct": 0.0, "records": 0, "road_km": 0.1, "access_km_km2": 2.13, "public_points": 0, "historic_fire_ha": 0.0, "historic_fire_events": 0, "ndvi": 0.482, "ndmi": 0.035, "lst_c": 31.753, "fire_today": 43.767, "value_reasons": ["2.7 ha d\u2019HIC cartografiat", "100 % de cobertes naturals o seminaturals com a context de continu\u00eftat"], "pressure_reasons": ["NDVI relativament baix (0.48; observaci\u00f3 07/07/2026)"], "knowledge_class": "Pr\u00e0cticament sense dades", "followup": "Atenci\u00f3", "recommendation": "Fer seguiment dirigit i verificar la pressi\u00f3 coincident sobre el terreny.", "missing": ["prospecci\u00f3 biol\u00f2gica homog\u00e8nia i de camp", "estat local de conservaci\u00f3 dels h\u00e0bitats", "fragmentaci\u00f3 funcional espec\u00edfica per fauna"], "valuable": true, "pressured": true}, "geometry": {"type": "MultiPolygon", "coordinates": [[[[1.449969380448368, 42.193148096759806], [1.4499748812876407, 42.192923020223404], [1.450882901786109, 42.19293528830213], [1.4508883993432429, 42.19271021166006], [1.4511910718953258, 42.19271429939108], [1.4511965683165475, 42.192489222707515], [1.4518019114630034, 42.19249739571071], [1.45181289982474, 42.19204724218706], [1.4521155693460412, 42.19205132742722], [1.4521210623596736, 42.19182625061918], [1.4524237308707106, 42.19183033502909], [1.4524347145635796, 42.19138018132063], [1.4527373809913295, 42.191384264868276], [1.4527758144284464, 42.18980872636702], [1.452473155511506, 42.18980464304353], [1.4524786468244444, 42.189579566109025], [1.4521759890431887, 42.189575482019414], [1.452181481366278, 42.18935040510748], [1.4477946357320846, 42.18929111917561], [1.4477110000000006, 42.189322], [1.4475920000000004, 42.189361000000005], [1.4474410000000002, 42.18943300000002], [1.4473390000000008, 42.18949199999999], [1.4472826452735184, 42.189509339936016], [1.4512680160761038, 42.18956322496161], [1.4512625204714784, 42.18978830176796], [1.4521704966573272, 42.18980055892188], [1.4521485264861393, 42.19070086643735], [1.4518458634029225, 42.1906967813894], [1.451834875794693, 42.19114693502639], [1.4515322106282869, 42.19114284911617], [1.45152671565698, 42.191367925888464], [1.4512240494803712, 42.19136383914798], [1.4512130572032953, 42.191813992600125], [1.4509103889434547, 42.19180990499733], [1.4509048916376486, 42.192034981677196], [1.4506022223675965, 42.19203089324412], [1.450591225421372, 42.19248104651134], [1.4499858827775758, 42.192472867122234], [1.4499803820640431, 42.192697943677544], [1.4496777097633669, 42.19269385275354], [1.4496722079138764, 42.19291892926733], [1.4473063591716595, 42.192886924743135], [1.447462000000001, 42.192960000000014], [1.447582, 42.19309200000001], [1.447593426078384, 42.193115961559734], [1.449969380448368, 42.193148096759806]]]]}}, {"type": "Feature", "properties": {"sector_id": "BH-09", "area_ha": 4.85, "hic_ha": 3.17, "priority_hic_ha": 0.0, "connector_ha": 0.0, "natural_cover_pct": 99.75, "bare_pct": 0.0, "records": 0, "road_km": 0.08, "access_km_km2": 1.71, "public_points": 0, "historic_fire_ha": 0.0, "historic_fire_events": 0, "ndvi": 0.451, "ndmi": 0.027, "lst_c": 31.585, "fire_today": 44.965, "value_reasons": ["3.2 ha d\u2019HIC cartografiat", "100 % de cobertes naturals o seminaturals com a context de continu\u00eftat"], "pressure_reasons": ["NDMI relativament baix (0.03; observaci\u00f3 07/07/2026)", "NDVI relativament baix (0.45; observaci\u00f3 07/07/2026)"], "knowledge_class": "Pr\u00e0cticament sense dades", "followup": "Prioritat de comprovaci\u00f3", "recommendation": "Comprovar al camp l\u2019estat de l\u2019h\u00e0bitat i les coincid\u00e8ncies abans de decidir actuacions.", "missing": ["prospecci\u00f3 biol\u00f2gica homog\u00e8nia i de camp", "estat local de conservaci\u00f3 dels h\u00e0bitats", "fragmentaci\u00f3 funcional espec\u00edfica per fauna"], "valuable": true, "pressured": true}, "geometry": {"type": "MultiPolygon", "coordinates": [[[[1.4496722079138764, 42.19291892926733], [1.4496777097633669, 42.19269385275354], [1.4499803820640431, 42.192697943677544], [1.4499858827775758, 42.192472867122234], [1.450591225421372, 42.19248104651134], [1.4506022223675965, 42.19203089324412], [1.4509048916376486, 42.192034981677196], [1.4509103889434547, 42.19180990499733], [1.4512130572032953, 42.191813992600125], [1.4512240494803712, 42.19136383914798], [1.45152671565698, 42.191367925888464], [1.4515322106282869, 42.19114284911617], [1.451834875794693, 42.19114693502639], [1.4518458634029225, 42.1906967813894], [1.4521485264861393, 42.19070086643735], [1.4521704966573272, 42.18980055892188], [1.4512625204714784, 42.18978830176796], [1.4512680160761038, 42.18956322496161], [1.4472826452735184, 42.189509339936016], [1.4472220000000002, 42.189528], [1.4472240000000005, 42.189566], [1.4471950000000005, 42.189603999999996], [1.4471330000000007, 42.18963300000003], [1.4470240000000003, 42.18966099999999], [1.446807, 42.18969200000002], [1.4468066466106666, 42.18972804580688], [1.4503545448509203, 42.18977603743055], [1.4503490459646913, 42.19000111413128], [1.4506517055149775, 42.19000520307397], [1.4506297136334205, 42.19090550991072], [1.4503270497912917, 42.19090142083975], [1.4503160513274889, 42.19135157413731], [1.4500133854022177, 42.191347484204], [1.4499968840160338, 42.19202271398329], [1.4496942149345469, 42.19201862315554], [1.4496832115499745, 42.19246877623032], [1.4490778692834292, 42.19246059205179], [1.4490723653506727, 42.192685668510826], [1.447020712071031, 42.1926579064302], [1.4470370000000001, 42.19271599999998], [1.4472980000000004, 42.19288299999998], [1.4473063591716595, 42.192886924743135], [1.4496722079138764, 42.19291892926733]]], [[[1.4471810000000003, 42.18956099999997], [1.4471740000000006, 42.189538], [1.447146000000001, 42.18952300000001], [1.447072000000001, 42.18952], [1.4467700000000003, 42.189528], [1.4465790000000014, 42.18953699999999], [1.446423000000001, 42.18955699999999], [1.4464250000000005, 42.189666000000024], [1.4465399999999993, 42.189666000000024], [1.4468049999999997, 42.189673000000006], [1.4470170000000007, 42.18963899999998], [1.4471200000000002, 42.18961200000001], [1.447162000000001, 42.189587000000024], [1.4471810000000003, 42.18956099999997]]]]}}, {"type": "Feature", "properties": {"sector_id": "BH-10", "area_ha": 5.53, "hic_ha": 3.54, "priority_hic_ha": 0.0, "connector_ha": 0.0, "natural_cover_pct": 99.93, "bare_pct": 0.0, "records": 4, "road_km": 0.12, "access_km_km2": 2.15, "public_points": 0, "historic_fire_ha": 0.0, "historic_fire_events": 0, "ndvi": 0.6, "ndmi": 0.114, "lst_c": 29.979, "fire_today": 46.528, "value_reasons": ["3.5 ha d\u2019HIC cartografiat", "4 registres p\u00fablics agregats; indiquen coneixement, no abund\u00e0ncia", "100 % de cobertes naturals o seminaturals com a context de continu\u00eftat"], "pressure_reasons": [], "knowledge_class": "Ben prospectat en fonts p\u00fabliques", "followup": "Seguiment recomanat", "recommendation": "Mantenir observaci\u00f3 i repetir les lectures din\u00e0miques quan hi hagi una nova dada v\u00e0lida.", "missing": ["estat local de conservaci\u00f3 dels h\u00e0bitats", "fragmentaci\u00f3 funcional espec\u00edfica per fauna"], "valuable": true, "pressured": false}, "geometry": {"type": "MultiPolygon", "coordinates": [[[[1.4490723653506727, 42.192685668510826], [1.4490778692834292, 42.19246059205179], [1.4496832115499745, 42.19246877623032], [1.4496942149345469, 42.19201862315554], [1.4499968840160338, 42.19202271398329], [1.4500133854022177, 42.191347484204], [1.4503160513274889, 42.19135157413731], [1.4503270497912917, 42.19090142083975], [1.4506297136334205, 42.19090550991072], [1.4506517055149775, 42.19000520307397], [1.4503490459646913, 42.19000111413128], [1.4503545448509203, 42.18977603743055], [1.4468066466106666, 42.18972804580688], [1.446806000000001, 42.189794000000006], [1.4467220000000003, 42.189812000000025], [1.446413, 42.189844000000015], [1.4464070000000004, 42.189899999999994], [1.4464290000000004, 42.189959000000016], [1.4464719999999993, 42.19000100000001], [1.4465240000000008, 42.19003299999999], [1.4465570000000003, 42.19004400000001], [1.446644, 42.19009099999999], [1.4466770000000015, 42.19015699999999], [1.4466510000000004, 42.190242], [1.4467230000000009, 42.190195], [1.4468370000000006, 42.190137], [1.4469560000000006, 42.19010399999999], [1.4469460000000005, 42.19013000000003], [1.446897000000001, 42.19026500000001], [1.4468200000000002, 42.190394999999995], [1.4468111843645681, 42.19040356012019], [1.4479167566978322, 42.19041852671525], [1.4479112490393524, 42.19064360313088], [1.4491218984809409, 42.19065998003934], [1.4490998843854055, 42.19156028612113], [1.448797217638655, 42.1915561929629], [1.448791712884493, 42.191781269427636], [1.4484890451276342, 42.1917771754391], [1.4484780332844787, 42.19222732827601], [1.4481753634444672, 42.192223233425025], [1.4481698563554364, 42.1924483097972], [1.4469454175988052, 42.19243173601471], [1.4469780000000005, 42.192494999999994], [1.4470070000000004, 42.192609000000004], [1.447020712071031, 42.1926579064302], [1.4490723653506727, 42.192685668510826]]], [[[1.4465982534557922, 42.19040067636098], [1.446615000000001, 42.190335999999995], [1.446636000000001, 42.190281000000006], [1.4466510000000004, 42.190242], [1.4465270000000003, 42.19029699999998], [1.4464010000000005, 42.190326000000006], [1.4464350000000004, 42.190348000000014], [1.446409299010715, 42.19039811698786], [1.4465982534557922, 42.19040067636098]]]]}}, {"type": "Feature", "properties": {"sector_id": "BH-11", "area_ha": 4430.73, "hic_ha": 2697.66, "priority_hic_ha": 1030.12, "connector_ha": 637.85, "natural_cover_pct": 99.96, "bare_pct": 0.0, "records": 557, "road_km": 89.04, "access_km_km2": 2.01, "public_points": 16, "historic_fire_ha": 9.94, "historic_fire_events": 2, "ndvi": 0.624, "ndmi": 0.114, "lst_c": 27.996, "fire_today": 54.077, "value_reasons": ["1030.1 ha d\u2019HIC prioritari cartografiat", "2697.7 ha d\u2019HIC cartografiat", "637.9 ha dins connectors terrestres oficials", "557 registres p\u00fablics agregats; indiquen coneixement, no abund\u00e0ncia", "100 % de cobertes naturals o seminaturals com a context de continu\u00eftat"], "pressure_reasons": ["coincid\u00e8ncia amb dos per\u00edmetres hist\u00f2rics (9.9 ha solapades)"], "knowledge_class": "Ben prospectat en fonts p\u00fabliques", "followup": "Atenci\u00f3", "recommendation": "Fer seguiment dirigit i verificar la pressi\u00f3 coincident sobre el terreny.", "missing": ["estat local de conservaci\u00f3 dels h\u00e0bitats", "fragmentaci\u00f3 funcional espec\u00edfica per fauna"], "valuable": true, "pressured": true}, "geometry": {"type": "MultiPolygon", "coordinates": [[[[1.3912230778030223, 42.181531877139406], [1.3906178569367735, 42.18152338625966], [1.3906121477805784, 42.181748456801344], [1.390309536372957, 42.181744210131384], [1.3902981157200835, 42.182194351119655], [1.3906007292724547, 42.18219859785624], [1.3905721818603207, 42.183323950327356], [1.3902695629458612, 42.18331970342426], [1.390263852195232, 42.1835447738567], [1.3899612322735815, 42.1835405261224], [1.3899555203852232, 42.18376559651204], [1.389652899456384, 42.183761347946486], [1.389647186430271, 42.18398641829333], [1.3887393208181107, 42.18397366770915], [1.3887450370616499, 42.183748597462305], [1.387837175254848, 42.18373583979681], [1.3878428946504426, 42.18351076964052], [1.3872376559176165, 42.18350226060732], [1.387243377392742, 42.183277190508264], [1.386940759196847, 42.18327293482816], [1.3869464816790198, 42.183047864752986], [1.3863412476282968, 42.18303935106583], [1.386352696686105, 42.18258921102052], [1.3860500819036927, 42.18258495304689], [1.3860558074068605, 42.18235988304338], [1.3857531937622722, 42.18235562430526], [1.385770373096299, 42.18168041433796], [1.3854677627342535, 42.18167615490217], [1.3854963990104248, 42.18055080493382], [1.385193794075419, 42.1805465448672], [1.3852167062073304, 42.17964626485525], [1.38491410562683, 42.17964200412445], [1.3849198345683942, 42.17941693413114], [1.3846172351255916, 42.179412672635955], [1.3846229650739046, 42.17918760266658], [1.3843203667688, 42.17918334040703], [1.3843260977238374, 42.17895827046157], [1.3837209034545228, 42.17894974361598], [1.383726636488451, 42.17872467372788], [1.3828188487924429, 42.178711877576475], [1.382824584977385, 42.178486807779244], [1.3816142065891788, 42.17846973520906], [1.3816199469972155, 42.178244665536226], [1.3804095739472317, 42.178227580335765], [1.3804153185782508, 42.178002510787415], [1.379810134591382, 42.17799396346766], [1.3798158813010157, 42.177768893976825], [1.3792106997210887, 42.17776034353312], [1.379216448509285, 42.17753527409986], [1.3789138588899734, 42.177530997714925], [1.3789196086845785, 42.17730592830569], [1.3786170202030752, 42.17730165115656], [1.378622771004065, 42.17707658177138], [1.3783201836603676, 42.17707230385807], [1.3783259354677178, 42.176847234496925], [1.3780233492618257, 42.17684295581945], [1.3780291020755113, 42.17661788648237], [1.3777265170074224, 42.17661360704073], [1.377732270827419, 42.1763885377277], [1.3771271030326064, 42.17637997651844], [1.3771328589309262, 42.17615490726305], [1.3765276935432849, 42.17614634293013], [1.3765334515198768, 42.17592127373241], [1.3759282885394741, 42.17591270627589], [1.3759340485942853, 42.175687637135866], [1.3738159877409613, 42.17565762614626], [1.3738102201821145, 42.17588269505095], [1.3719947355889222, 42.1758569400341], [1.3719889615320973, 42.176082008727306], [1.3701566555559603, 42.17605598581425], [1.3701980000000002, 42.17609900000001], [1.371231, 42.17744800000001], [1.3719610000000004, 42.178431999999994], [1.3722960000000008, 42.178491], [1.3726590000000003, 42.178589999999986], [1.3731200000000006, 42.17871299999999], [1.3747510000000005, 42.179140000000004], [1.3770340000000003, 42.17975099999999], [1.378415, 42.18011200000001], [1.3787120000000002, 42.180512], [1.379108, 42.181090000000005], [1.3795579999999996, 42.181681999999995], [1.3800819999999998, 42.18239100000001], [1.3809630000000008, 42.183582000000015], [1.3815290000000011, 42.184316], [1.3815440000000008, 42.184334], [1.3815680000000006, 42.18436599999998], [1.3818860000000008, 42.18492700000001], [1.3819020000000002, 42.184954000000005], [1.3819300000000008, 42.18499100000001], [1.3828740000000002, 42.18675700000001], [1.3832889999999998, 42.18756400000001], [1.3835550000000008, 42.188153000000014], [1.3839220000000005, 42.18926200000001], [1.384513, 42.19100300000001], [1.384907, 42.192272999999986], [1.385199000000001, 42.19306399999998], [1.3856850000000005, 42.19467700000002], [1.3861089999999998, 42.196031000000005], [1.3863710000000005, 42.197076], [1.3865950000000005, 42.197891999999996], [1.3868570000000007, 42.198611], [1.3868850000000008, 42.198686], [1.3870430000000007, 42.199190000000016], [1.3872620000000007, 42.19944199999999], [1.3876830000000009, 42.19982000000002], [1.3879970000000008, 42.20004500000002], [1.3882270000000005, 42.200194], [1.3885060000000011, 42.200362999999996], [1.3887960000000006, 42.200491], [1.3889840000000009, 42.20054899999999], [1.3891800000000012, 42.200597999999985], [1.3894980000000003, 42.200666000000005], [1.3898280000000003, 42.200729], [1.389533, 42.20114699999999], [1.3890720000000008, 42.201882], [1.3882020000000002, 42.20331200000002], [1.387677, 42.204111000000026], [1.3870480000000007, 42.205149999999996], [1.3865279999999995, 42.20598699999999], [1.3861330000000005, 42.20601400000001], [1.385153000000001, 42.20609900000001], [1.3850270000000002, 42.206117000000006], [1.3842500000000006, 42.20736599999999], [1.383547, 42.20839799999998], [1.3831930000000003, 42.208994], [1.3824380000000007, 42.210149999999985], [1.3819180000000006, 42.21097999999999], [1.3816330000000001, 42.21142999999999], [1.3811690000000005, 42.21216500000001], [1.380867, 42.212696000000015], [1.3808530000000008, 42.212721999999985], [1.3808360000000013, 42.212751], [1.380537, 42.213339999999974], [1.3804610000000008, 42.21353899999999], [1.380432000000001, 42.213646000000004], [1.3803760000000003, 42.213739999999994], [1.3801340000000004, 42.21434], [1.379923, 42.214830000000006], [1.3796369999999998, 42.215470999999994], [1.3794890000000002, 42.215870000000024], [1.3793730000000004, 42.216393000000004], [1.3792650000000009, 42.216794999999976], [1.379183000000001, 42.216988000000015], [1.3791410000000004, 42.217168], [1.3791580000000006, 42.21729800000002], [1.3791720000000007, 42.217373], [1.379221, 42.21747500000001], [1.3792730000000002, 42.21755300000001], [1.3793580000000005, 42.21761600000001], [1.379542000000001, 42.217717], [1.3796790000000005, 42.21778999999999], [1.37982, 42.217877999999985], [1.3798970000000002, 42.217949999999995], [1.3799650000000006, 42.21803799999999], [1.3800419999999995, 42.21813499999999], [1.3801020000000002, 42.21824300000001], [1.3801660000000004, 42.218357], [1.380249, 42.218517000000006], [1.3803100000000001, 42.218632], [1.3804030000000012, 42.218762000000005], [1.3804900000000007, 42.21884999999999], [1.3806189999999998, 42.21897799999999], [1.380748, 42.219095], [1.3808850000000001, 42.21922800000001], [1.381044, 42.219379], [1.3812360000000001, 42.21956599999999], [1.3815520000000003, 42.21989600000001], [1.3816629999999999, 42.22000400000001], [1.3817110000000001, 42.22011500000001], [1.3817290000000004, 42.220193000000016], [1.3817320000000004, 42.22029799999999], [1.3817240000000002, 42.220384], [1.381693000000001, 42.220473], [1.3816589999999995, 42.220581999999986], [1.381680000000001, 42.220656000000005], [1.3816890000000002, 42.220701000000005], [1.381720000000001, 42.220781999999986], [1.3817739999999998, 42.22083800000001], [1.3818470000000005, 42.22089500000001], [1.3819160000000001, 42.22095200000002], [1.3820170000000007, 42.221038], [1.3821190000000008, 42.22111200000001], [1.3822970000000003, 42.221242], [1.3823950000000005, 42.221313999999985], [1.382554, 42.22141100000002], [1.3827030000000013, 42.22148700000001], [1.382878, 42.221563999999994], [1.3830660000000004, 42.221629000000014], [1.3834230000000005, 42.221699999999984], [1.3838340000000011, 42.22178899999999], [1.3841320000000001, 42.22186799999999], [1.3844520000000005, 42.22197099999999], [1.384732000000001, 42.222046000000006], [1.3849759999999998, 42.22217], [1.3851690000000003, 42.22227800000002], [1.3853400000000002, 42.222349999999985], [1.3854410000000006, 42.222376999999994], [1.385564000000001, 42.222396999999994], [1.3856689999999998, 42.222398000000005], [1.3858030000000003, 42.222379999999994], [1.3859720000000002, 42.222373000000005], [1.3861970000000001, 42.22233799999999], [1.386329, 42.22233700000001], [1.3865540000000005, 42.22233999999999], [1.3866940000000003, 42.22235900000001], [1.386797000000001, 42.222367000000006], [1.3869350000000005, 42.22240000000001], [1.3870490000000006, 42.222428999999984], [1.387157000000001, 42.222474000000005], [1.3872520000000004, 42.22251700000002], [1.387335, 42.222564000000006], [1.3874120000000012, 42.22261999999999], [1.387526, 42.222716000000005], [1.3876660000000005, 42.222874], [1.3877009999999994, 42.222902], [1.3878089999999996, 42.222994000000014], [1.3878590000000006, 42.22303999999999], [1.388009999999999, 42.223167000000004], [1.388182000000001, 42.223322999999986], [1.3882960000000006, 42.223415], [1.3884450000000002, 42.223548], [1.3885600000000005, 42.22365900000001], [1.3886459999999996, 42.223729999999996], [1.388745, 42.22380499999999], [1.3888510000000003, 42.22387799999999], [1.3889690000000003, 42.223949], [1.3891250000000006, 42.224038000000014], [1.3892680000000006, 42.224104000000004], [1.389428000000001, 42.22419799999999], [1.389574000000001, 42.22427100000001], [1.3897290000000007, 42.224365], [1.3898520000000003, 42.224476], [1.3899909999999998, 42.224608999999994], [1.3900880000000004, 42.22471099999999], [1.3903270000000003, 42.224792], [1.390543, 42.22487400000001], [1.3906579999999997, 42.224922000000014], [1.3907290000000003, 42.224937], [1.390786, 42.224946], [1.3908489999999998, 42.224946], [1.3909290000000005, 42.224945999999996], [1.3910440000000004, 42.22492900000001], [1.3913319999999996, 42.224880000000006], [1.3917290000000002, 42.22478199999997], [1.3919910000000009, 42.22469999999999], [1.392062, 42.224672999999996], [1.392163000000001, 42.22464699999999], [1.3922710000000005, 42.224644], [1.3923829999999997, 42.22466699999999], [1.3924670000000008, 42.22467999999999], [1.3925400000000006, 42.22467699999999], [1.3926250000000002, 42.224668], [1.3927070000000001, 42.224639000000025], [1.3927840000000011, 42.224615000000014], [1.3930270000000002, 42.22448099999999], [1.3933390000000008, 42.224328], [1.393443000000001, 42.224295999999995], [1.393518000000001, 42.224274999999984], [1.3936040000000007, 42.224253], [1.3936810000000002, 42.224256000000004], [1.3937700000000004, 42.224250999999995], [1.3938900000000005, 42.22427200000001], [1.3941350000000001, 42.22432200000001], [1.3943500000000009, 42.22437500000002], [1.3946710000000007, 42.22447300000001], [1.3948289999999999, 42.224515000000004], [1.394923, 42.22452699999999], [1.3949860000000005, 42.224524000000024], [1.3950430000000003, 42.224506999999996], [1.3951040000000003, 42.224473999999994], [1.3951570000000004, 42.22444700000001], [1.395224000000001, 42.224401000000015], [1.3952710000000004, 42.22434499999999], [1.3953200000000008, 42.22429899999998], [1.3953580000000003, 42.224253000000004], [1.3954420000000007, 42.224204999999984], [1.3955820000000012, 42.22416900000001], [1.395845, 42.224097], [1.395928, 42.224082], [1.3960500000000007, 42.22406800000001], [1.3962130000000006, 42.224077], [1.3962790000000007, 42.22407599999999], [1.3963710000000005, 42.224085999999986], [1.3964740000000002, 42.224111999999984], [1.3966630000000007, 42.224197999999994], [1.3967810000000003, 42.224271000000016], [1.3968650000000007, 42.224322], [1.3969320000000005, 42.22435200000001], [1.3970350000000005, 42.224388], [1.3974479999999998, 42.22447900000002], [1.397808000000001, 42.224557], [1.3979330000000003, 42.22458100000001], [1.3980460000000003, 42.224636], [1.398256, 42.22477300000001], [1.3984009999999998, 42.224901], [1.3984870000000007, 42.22496600000001], [1.3986130000000006, 42.225037000000015], [1.3986980000000009, 42.225076000000016], [1.39878, 42.225096000000015], [1.3988730000000005, 42.225113], [1.3990619999999998, 42.225122000000006], [1.399229, 42.22512200000001], [1.3993620000000004, 42.22509800000002], [1.399553, 42.22506699999999], [1.3997150000000005, 42.22506099999999], [1.399935, 42.225047], [1.400163000000001, 42.224994999999986], [1.400309, 42.224953], [1.4003910000000008, 42.224908], [1.4005430000000003, 42.22481699999999], [1.4006980000000002, 42.224717999999996], [1.400827000000001, 42.22462099999998], [1.4009800000000006, 42.2245], [1.401061, 42.224440000000016], [1.4011810000000007, 42.224377999999994], [1.401232000000001, 42.22435700000001], [1.4012980000000006, 42.22434300000001], [1.4014559999999998, 42.22436900000002], [1.401753, 42.22443799999999], [1.402282000000001, 42.22459699999999], [1.4027270000000005, 42.22468299999999], [1.4030520000000002, 42.224717000000005], [1.4035600000000013, 42.22472999999998], [1.4040480000000004, 42.224716], [1.4045680000000003, 42.224694], [1.4047300000000007, 42.22467999999999], [1.4048970000000003, 42.22465000000002], [1.4050900000000002, 42.22460000000001], [1.4052109999999998, 42.22456100000001], [1.4052919999999998, 42.224548], [1.4053770000000003, 42.22453700000002], [1.4054669999999998, 42.22453000000001], [1.4055790000000006, 42.22452599999999], [1.4057100000000011, 42.224538999999986], [1.4058180000000002, 42.224571], [1.405879, 42.2246], [1.405977, 42.224616000000005], [1.406274000000001, 42.224598], [1.4066630000000009, 42.22456300000001], [1.4071000000000002, 42.22451], [1.4071229999999997, 42.224506000000005], [1.4077650000000004, 42.224409000000016], [1.4081100000000002, 42.224360000000004], [1.4082990000000004, 42.224374], [1.4084420000000006, 42.22440200000001], [1.4085880000000006, 42.22447900000002], [1.4086450000000001, 42.224514], [1.4086550000000004, 42.22451999999999], [1.4086590000000003, 42.22452300000001], [1.408754, 42.22459699999999], [1.4088510000000005, 42.22469400000001], [1.4089130000000007, 42.224755999999985], [1.4089600000000004, 42.22478300000002], [1.4090080000000005, 42.22481200000002], [1.4090439999999997, 42.224831000000016], [1.409231, 42.224838000000005], [1.4093480000000005, 42.224839], [1.4094850000000005, 42.22485000000001], [1.4096210000000002, 42.22472000000001], [1.4098650000000004, 42.224575000000016], [1.4101600000000005, 42.2244], [1.4104790000000003, 42.22423899999999], [1.4106239999999999, 42.224166], [1.4108360000000006, 42.22405900000001], [1.4115870000000004, 42.22360200000001], [1.4123820000000002, 42.22316899999999], [1.4125760000000005, 42.22307899999999], [1.4131220000000004, 42.22277399999999], [1.4134010000000006, 42.22265900000002], [1.4136290000000005, 42.222577], [1.4137620000000009, 42.22254100000001], [1.4140480000000002, 42.222463000000005], [1.4146620000000005, 42.22229899999999], [1.4152739999999997, 42.22211000000002], [1.4155779999999996, 42.222008000000024], [1.4159660000000005, 42.22187900000001], [1.416856000000001, 42.221558999999985], [1.4168830000000008, 42.22155100000001], [1.417729000000001, 42.22129100000001], [1.417955, 42.221183], [1.4181770000000005, 42.221058000000006], [1.4186960000000006, 42.22082599999999], [1.4194150000000012, 42.22057300000002], [1.420009, 42.220377000000006], [1.4201990000000004, 42.22031400000001], [1.4203899999999996, 42.22023800000002], [1.4204370000000004, 42.22022599999999], [1.4208620000000003, 42.22026100000001], [1.4215510000000007, 42.220382], [1.4222480000000002, 42.22042499999999], [1.4227470000000002, 42.22041999999999], [1.4231060000000006, 42.22038600000001], [1.423311000000001, 42.22036700000001], [1.4237059999999997, 42.220341000000026], [1.424036000000001, 42.22028499999998], [1.4242480000000004, 42.22024699999999], [1.4246410000000007, 42.22018299999999], [1.4249300000000007, 42.22014399999998], [1.4252780000000005, 42.22011400000001], [1.425554000000001, 42.220105999999994], [1.426119000000001, 42.22001999999998], [1.4265400000000004, 42.219954], [1.4269560000000008, 42.219882000000005], [1.427357, 42.21982499999999], [1.428264, 42.21967000000002], [1.4286650000000007, 42.21959699999999], [1.4291160000000007, 42.219495], [1.4298170000000003, 42.21933899999999], [1.4303590000000008, 42.219176999999995], [1.4309690000000002, 42.219012], [1.4316750000000007, 42.218777], [1.4324150000000013, 42.21852700000001], [1.432825, 42.218376], [1.4336710000000006, 42.21805699999998], [1.434293000000001, 42.21779800000001], [1.4346970000000001, 42.217652], [1.4351110000000005, 42.217493], [1.4354040000000006, 42.21736799999997], [1.4358780000000002, 42.217238], [1.4363799999999998, 42.217067], [1.436692000000001, 42.21692099999999], [1.4369070000000002, 42.216845000000006], [1.4371660000000004, 42.216738], [1.4375630000000008, 42.21654300000002], [1.4379390000000007, 42.216334000000025], [1.4380840000000004, 42.21623799999999], [1.4383910000000006, 42.21635199999998], [1.4387640000000006, 42.21647200000002], [1.4392070000000001, 42.216611], [1.439758, 42.21681099999999], [1.4402830000000002, 42.217025000000014], [1.4405070000000002, 42.217101000000014], [1.440633000000001, 42.21714600000001], [1.440922000000001, 42.217116000000004], [1.4412370000000005, 42.21704000000001], [1.4418450000000003, 42.21684199999999], [1.4422330000000003, 42.216622999999984], [1.4426460000000005, 42.21633099999999], [1.443002, 42.216005], [1.4433319999999998, 42.21557700000001], [1.4435300000000006, 42.215352], [1.4438190000000006, 42.215013000000006], [1.444011, 42.214771000000006], [1.444112, 42.214259], [1.4441230000000007, 42.21403], [1.444094000000001, 42.21381399999999], [1.444074, 42.21373400000001], [1.4439870000000008, 42.213469999999994], [1.4439060000000001, 42.21322500000001], [1.4438190000000002, 42.21307600000001], [1.4437250000000004, 42.21292700000001], [1.4436340000000012, 42.21279299999999], [1.443618, 42.212747000000014], [1.4435910000000005, 42.212662], [1.4435570000000004, 42.21255800000001], [1.4435410000000004, 42.212465999999985], [1.443542, 42.212262], [1.4436860000000007, 42.211950999999985], [1.443782, 42.211768], [1.4438750000000005, 42.21163], [1.443936, 42.21153399999999], [1.443980000000001, 42.21144100000002], [1.4440180000000002, 42.211350000000024], [1.444018, 42.211310000000005], [1.444018, 42.211242], [1.4439640000000005, 42.21103199999999], [1.4438590000000002, 42.21068900000002], [1.4438029999999997, 42.210464000000016], [1.4437690000000003, 42.21022], [1.4437780000000004, 42.210031999999984], [1.4438000000000009, 42.20985], [1.443811000000001, 42.20975699999999], [1.4439490000000006, 42.209623], [1.4440540000000002, 42.209512999999994], [1.444150000000001, 42.20935499999999], [1.4442710000000005, 42.20920600000001], [1.444447000000001, 42.208968999999996], [1.4445330000000007, 42.20877699999999], [1.444642000000001, 42.20855999999999], [1.444702, 42.208397000000005], [1.4449790000000005, 42.208136999999994], [1.4452810000000007, 42.20786300000001], [1.4454640000000007, 42.20757900000001], [1.4455130000000005, 42.207494], [1.445626, 42.207296000000014], [1.4457110000000002, 42.207045000000015], [1.4457220000000002, 42.206646000000006], [1.4456229999999999, 42.206089000000006], [1.445487, 42.205449000000016], [1.4453690000000006, 42.20502700000002], [1.4453030000000002, 42.20476500000001], [1.445255000000001, 42.204473000000014], [1.445209, 42.204294000000004], [1.4451910000000003, 42.20418700000001], [1.4452030000000013, 42.20407199999998], [1.4452290000000012, 42.203983999999984], [1.445309000000001, 42.203879999999984], [1.4455170000000002, 42.203693], [1.446004000000001, 42.203464999999994], [1.4465480000000004, 42.20319600000001], [1.4468070000000006, 42.203084999999994], [1.4469410000000003, 42.203027], [1.4474650000000007, 42.20299700000002], [1.4484520000000012, 42.203007], [1.4494810000000007, 42.203071], [1.4498280000000006, 42.203088000000015], [1.4500250000000006, 42.20323299999999], [1.450569, 42.20347900000001], [1.4508040000000004, 42.203574999999994], [1.4511440000000004, 42.203688], [1.451361, 42.203759], [1.4514840000000013, 42.203793], [1.4524390000000003, 42.204012], [1.4531430000000003, 42.20412100000001], [1.4537280000000001, 42.20419200000001], [1.4539790000000004, 42.20425200000001], [1.4541910000000002, 42.20411899999998], [1.4542190000000006, 42.204101], [1.4542959999999998, 42.20405100000002], [1.454439, 42.20397699999999], [1.4546940000000008, 42.20390799999999], [1.4550390000000002, 42.203744999999984], [1.4553320000000005, 42.20358200000001], [1.4556100000000007, 42.203428], [1.4556920000000004, 42.203403999999985], [1.4561880000000005, 42.203396000000005], [1.4565909999999997, 42.203403], [1.4568470000000002, 42.203396000000005], [1.4570589999999999, 42.20339899999999], [1.4572660000000006, 42.20341199999999], [1.4576060000000008, 42.203421000000006], [1.4579240000000009, 42.203378999999984], [1.4582040000000007, 42.20330500000001], [1.4584120000000005, 42.20327799999999], [1.4586639999999997, 42.20329499999999], [1.4590130000000006, 42.20331900000002], [1.4591860000000005, 42.203314], [1.459335, 42.203309999999995], [1.459848000000001, 42.203212], [1.4600360000000001, 42.20318099999999], [1.4602660000000007, 42.20306499999999], [1.4604220000000006, 42.202986999999986], [1.460554, 42.20292500000001], [1.4608069999999997, 42.20280400000002], [1.461015000000001, 42.20272199999999], [1.4611620000000003, 42.202704], [1.4614190000000011, 42.202685], [1.4618209999999998, 42.20267600000001], [1.4619509999999996, 42.20268200000002], [1.4621110000000008, 42.20268900000001], [1.462226, 42.202710999999994], [1.4624770000000007, 42.202775000000024], [1.4626300000000005, 42.20282200000001], [1.4627130000000002, 42.20284400000002], [1.4628000000000012, 42.202866], [1.4629030000000003, 42.20286], [1.463053, 42.20284999999998], [1.463403, 42.20278799999999], [1.463779000000001, 42.202713], [1.4639510000000002, 42.202710999999994], [1.4641060000000001, 42.20272], [1.4644090000000007, 42.202761000000024], [1.4645900000000007, 42.20277900000002], [1.4647070000000009, 42.202784], [1.4648070000000004, 42.202781999999985], [1.4649440000000011, 42.202756999999984], [1.465326, 42.20266300000002], [1.465643000000001, 42.20250699999999], [1.4659620000000007, 42.20235800000001], [1.4662600000000001, 42.202145], [1.4659759999999997, 42.201959], [1.4658520000000008, 42.20186600000001], [1.4657370000000003, 42.20174899999999], [1.4656720000000005, 42.201651], [1.4656180000000003, 42.20154999999998], [1.4655880000000003, 42.20143699999999], [1.4655600000000002, 42.20133700000001], [1.4655510000000007, 42.20122600000001], [1.4655920000000004, 42.201038000000004], [1.4656809999999996, 42.20064900000002], [1.465730000000001, 42.200458999999995], [1.4657319999999998, 42.200339000000014], [1.4657280000000004, 42.200259999999986], [1.4657170000000002, 42.20017500000002], [1.465699000000001, 42.200116000000016], [1.465661000000001, 42.20004900000001], [1.4656130000000003, 42.19999800000001], [1.4655490000000009, 42.19992999999999], [1.465499, 42.19988600000001], [1.4654440000000002, 42.199845], [1.4652970000000007, 42.199732999999995], [1.465347000000001, 42.199644], [1.465397000000001, 42.199428], [1.4654250000000006, 42.199207000000015], [1.465417, 42.199051], [1.4653869999999998, 42.19895999999999], [1.465327000000001, 42.19881799999999], [1.4652580000000002, 42.19870900000001], [1.4651790000000007, 42.198614], [1.465093000000001, 42.19852500000001], [1.464963000000001, 42.198409000000005], [1.4646139999999999, 42.19814499999999], [1.4643479999999995, 42.197938], [1.4640250000000001, 42.197691], [1.4638960000000005, 42.19756500000001], [1.4638229999999999, 42.197485], [1.4637590000000014, 42.197383999999985], [1.4637200000000008, 42.197298], [1.4636740000000001, 42.197185], [1.4636689999999997, 42.19708200000001], [1.463686, 42.19698000000002], [1.463727, 42.196860999999984], [1.4638799999999996, 42.19667700000001], [1.464125, 42.19635100000003], [1.4641570000000004, 42.19616999999999], [1.4641230000000003, 42.196004999999985], [1.4641060000000001, 42.195778], [1.4640929999999999, 42.19559399999999], [1.4640540000000006, 42.195468000000005], [1.4640260000000007, 42.19536099999999], [1.4640040000000007, 42.195285], [1.4639750000000005, 42.19521900000002], [1.4639340000000007, 42.19512100000001], [1.464280000000001, 42.19498399999999], [1.4646390000000016, 42.194862], [1.4649760000000005, 42.194785], [1.4654450000000006, 42.19471699999998], [1.465734, 42.19465600000001], [1.465984, 42.194606000000014], [1.4660540000000004, 42.19458099999998], [1.4661940000000004, 42.194515], [1.4664180000000004, 42.194393999999996], [1.4667590000000004, 42.194250999999994], [1.4670540000000005, 42.194112], [1.4672860000000008, 42.194025], [1.46743, 42.193965], [1.4675100000000012, 42.193903999999996], [1.4677780000000007, 42.193651], [1.4680010000000003, 42.19340399999998], [1.4681160000000002, 42.19327400000001], [1.4682630000000003, 42.19315000000001], [1.4682720000000005, 42.193141999999995], [1.4683030000000004, 42.193116000000025], [1.4685040000000007, 42.19296299999999], [1.4688000000000008, 42.19264599999999], [1.4690520000000005, 42.192346], [1.4693620000000005, 42.19197500000001], [1.469496, 42.191790999999995], [1.4699050000000005, 42.191952999999984], [1.4702430000000006, 42.19206300000001], [1.4706420000000002, 42.19217499999999], [1.4710320000000003, 42.19227], [1.4714460000000011, 42.19237699999999], [1.4718560000000005, 42.19248100000001], [1.4723190000000004, 42.19261200000002], [1.4727650000000008, 42.192713000000005], [1.4732800000000004, 42.192847], [1.4738290000000005, 42.192960000000014], [1.4742140000000001, 42.193026000000025], [1.474432, 42.19303400000001], [1.4746050000000006, 42.193071000000025], [1.4748889999999997, 42.193089], [1.4751700000000014, 42.19315200000002], [1.4753670000000003, 42.19323000000001], [1.4756200000000004, 42.193304], [1.475793, 42.19335999999999], [1.4760600000000001, 42.193407], [1.4763620000000006, 42.19345199999999], [1.4766280000000003, 42.193469000000015], [1.4768570000000005, 42.193481], [1.477081000000001, 42.19348800000002], [1.4773079999999998, 42.193523], [1.4775280000000006, 42.193540999999996], [1.4777830000000005, 42.19356700000001], [1.4779980000000004, 42.193596000000014], [1.4781880000000003, 42.193629], [1.478352, 42.19366399999999], [1.478724, 42.19388699999998], [1.4790599999999998, 42.19408299999999], [1.479262000000001, 42.194215000000014], [1.479774000000001, 42.194365999999995], [1.4805810000000004, 42.194693], [1.481259000000001, 42.19498500000001], [1.481440000000001, 42.195066999999995], [1.4817760000000002, 42.195208], [1.4819970000000007, 42.19526499999999], [1.4822450000000005, 42.195316000000005], [1.4824819999999996, 42.19535299999998], [1.482791, 42.195352], [1.4830000000000008, 42.195328999999994], [1.4833080000000003, 42.19524800000001], [1.483789000000001, 42.19502599999999], [1.4840530000000005, 42.19490400000001], [1.4842620000000002, 42.194784999999996], [1.4845180000000002, 42.19466300000002], [1.4847210000000008, 42.194565], [1.4850140000000003, 42.19442500000001], [1.4853129999999997, 42.194289], [1.485591, 42.194126], [1.4858180000000003, 42.194034], [1.4861670000000007, 42.19384499999999], [1.4864890000000006, 42.19368399999998], [1.486697, 42.193590999999984], [1.4868730000000003, 42.19348399999999], [1.4872129999999995, 42.193318000000005], [1.487504, 42.19312199999999], [1.4877880000000003, 42.192912], [1.488043000000001, 42.19277300000002], [1.4884260000000002, 42.192591], [1.4887720000000004, 42.192401999999994], [1.4892310000000006, 42.192133], [1.4896210000000005, 42.191857000000006], [1.4902450000000003, 42.191238], [1.4908760000000014, 42.19067099999999], [1.4914340000000006, 42.19010299999999], [1.4917130000000007, 42.18982], [1.4923370000000005, 42.18902099999999], [1.4930060000000014, 42.18824999999998], [1.4936170000000004, 42.187562999999976], [1.493876000000001, 42.187229000000016], [1.4951140000000005, 42.185582], [1.496070000000001, 42.18432099999999], [1.4966820000000007, 42.18349200000001], [1.4976380000000002, 42.18383499999999], [1.4988159999999995, 42.18418299999999], [1.5004310000000003, 42.18471100000001], [1.501304, 42.185058999999995], [1.501527000000001, 42.185202999999994], [1.5017520000000009, 42.185311999999996], [1.5021590000000007, 42.185505], [1.5024450000000005, 42.185627], [1.502846, 42.185809000000006], [1.5034150000000004, 42.18600300000001], [1.5037419999999995, 42.18611200000001], [1.504301000000001, 42.186315], [1.5047930000000007, 42.186432], [1.5053480000000004, 42.18653800000002], [1.505775000000001, 42.18668099999999], [1.5062689999999999, 42.186823000000004], [1.5067059999999999, 42.18692400000002], [1.5069550000000003, 42.186969999999995], [1.5070400000000004, 42.186979], [1.5073000000000005, 42.186977], [1.5081970000000005, 42.18700000000002], [1.5084280000000003, 42.18700900000004], [1.5087870000000003, 42.187016], [1.5090870000000007, 42.18701400000001], [1.5094050000000003, 42.187034999999995], [1.5103450000000007, 42.187052], [1.5111849999999998, 42.18707899999999], [1.511778000000001, 42.187117999999984], [1.512564, 42.187191000000006], [1.51298, 42.18724799999999], [1.5134690000000002, 42.18727899999998], [1.514067, 42.18732900000002], [1.5143999999999997, 42.18732100000001], [1.5151790000000007, 42.18737799999999], [1.5157030000000007, 42.187426999999985], [1.5158550000000006, 42.18744599999999], [1.5159200000000006, 42.187445999999994], [1.516086, 42.187434], [1.5164250000000001, 42.18738799999999], [1.5169850000000005, 42.187322000000016], [1.5175800000000004, 42.187225000000005], [1.517891000000001, 42.187177000000005], [1.5179710000000004, 42.18714400000001], [1.5180680000000002, 42.18702100000002], [1.5183960000000003, 42.18664299999999], [1.518955000000001, 42.185992999999996], [1.5195740000000009, 42.18529099999999], [1.5199389999999993, 42.184872999999996], [1.5192410000000016, 42.18447899999999], [1.5185920000000008, 42.184068999999994], [1.5178260000000001, 42.183541999999996], [1.5171150000000004, 42.18304800000001], [1.5164550000000008, 42.182650999999986], [1.516329, 42.182556], [1.515751, 42.182050000000004], [1.5147580000000005, 42.181301], [1.5134590000000003, 42.18035300000002], [1.5127790000000003, 42.179821999999994], [1.5122460000000002, 42.179502000000014], [1.5116810000000005, 42.17920199999998], [1.5110990000000004, 42.178869], [1.5105270000000006, 42.178571], [1.509927000000001, 42.178195], [1.509359000000001, 42.177904999999996], [1.5086530000000002, 42.177530999999995], [1.5079570000000002, 42.177198], [1.5074010000000004, 42.17689699999998], [1.5070400000000006, 42.176709], [1.5068780000000004, 42.176606], [1.5066330000000006, 42.176427999999994], [1.5061370000000005, 42.17611], [1.5056960000000001, 42.17586000000002], [1.5053370000000001, 42.175639999999994], [1.5047790000000003, 42.17528600000001], [1.504431000000001, 42.17506899999999], [1.5042119999999999, 42.17489700000001], [1.5039870000000002, 42.17468300000001], [1.5037030000000002, 42.174417000000005], [1.5032870000000005, 42.174049], [1.5029500000000005, 42.173739999999995], [1.502653, 42.17348100000002], [1.502227000000001, 42.17313], [1.5020300000000009, 42.17298600000002], [1.5018710000000004, 42.17284700000001], [1.5017070000000001, 42.172676999999986], [1.501652, 42.172628], [1.5015500000000004, 42.172557999999995], [1.5012570000000007, 42.17237800000002], [1.5010549999999998, 42.172217], [1.5009600000000007, 42.17214], [1.500898000000001, 42.172078999999975], [1.5008190000000003, 42.17201300000003], [1.5006910000000002, 42.17193900000001], [1.5005540000000006, 42.17185200000001], [1.5004590000000004, 42.17179300000002], [1.5003319999999998, 42.17170600000001], [1.5000770000000005, 42.171605], [1.4999100000000007, 42.171513], [1.4998430000000003, 42.17144199999999], [1.4997070000000003, 42.17131299999999], [1.4996200000000002, 42.17122600000001], [1.4994800000000008, 42.171091000000004], [1.499366, 42.17097800000001], [1.499162, 42.17078800000001], [1.4988860000000013, 42.170546000000016], [1.4985840000000004, 42.170362999999995], [1.498269000000001, 42.17020400000001], [1.4979680000000006, 42.170066], [1.4976370000000006, 42.169896000000016], [1.497273000000001, 42.169659000000024], [1.4969099999999997, 42.16942000000002], [1.4965350000000004, 42.16909100000001], [1.4962710000000008, 42.16885900000001], [1.4957979999999997, 42.168417], [1.4951329999999998, 42.16780800000001], [1.494697, 42.16741699999999], [1.4943730000000002, 42.167123999999994], [1.4940090000000004, 42.166730000000015], [1.4938040000000004, 42.16664799999998], [1.4936870000000002, 42.166594], [1.4935700000000012, 42.16651499999999], [1.4934580000000004, 42.16646000000002], [1.493334, 42.16640399999999], [1.4931750000000004, 42.16638100000001], [1.492841000000001, 42.1664], [1.4925230000000003, 42.16640800000001], [1.4923630000000006, 42.16641699999998], [1.4922480000000005, 42.166423999999985], [1.4921720000000007, 42.166420999999985], [1.492091000000001, 42.166401999999984], [1.4920189999999995, 42.166364], [1.4919529999999996, 42.16631300000002], [1.4918669999999996, 42.166242], [1.4917490000000009, 42.166074999999985], [1.4915620000000007, 42.165861000000014], [1.491352, 42.16570299999999], [1.491189000000001, 42.165614], [1.4909120000000005, 42.165469999999985], [1.490634, 42.165339000000024], [1.4903500000000007, 42.16524499999999], [1.490067000000001, 42.16524599999998], [1.4897780000000005, 42.165307000000006], [1.4895030000000002, 42.165345], [1.4893530000000004, 42.165342000000024], [1.4891690000000002, 42.165332], [1.4890149999999998, 42.165278], [1.4889380000000005, 42.165219000000015], [1.4888510000000004, 42.16515300000001], [1.4887110000000001, 42.16506800000001], [1.4884780000000006, 42.164999999999985], [1.4880570000000009, 42.16488300000001], [1.4876610000000003, 42.164735000000015], [1.4873539999999998, 42.164601], [1.487255000000001, 42.16452900000001], [1.4871690000000004, 42.16444200000001], [1.487104000000001, 42.16436000000001], [1.487040000000001, 42.164275999999994], [1.4869590000000008, 42.164213000000004], [1.4868669999999997, 42.164154], [1.4867880000000007, 42.164106999999994], [1.4867119999999998, 42.16407000000001], [1.4866260000000007, 42.164042000000016], [1.4865540000000002, 42.16403], [1.4864720000000005, 42.164018000000006], [1.4863290000000011, 42.16400399999999], [1.486139, 42.16399400000002], [1.4860300000000004, 42.16397799999999], [1.485835000000001, 42.163934999999995], [1.4856980000000002, 42.16389000000001], [1.4855560000000008, 42.163850999999994], [1.4853100000000008, 42.163747], [1.4849690000000006, 42.163605], [1.4847450000000009, 42.16351800000002], [1.4842300000000004, 42.16330600000001], [1.4840810000000004, 42.16323200000001], [1.4838600000000006, 42.16309599999999], [1.4837140000000004, 42.163], [1.4835350000000007, 42.162888], [1.4832050000000003, 42.16264200000001], [1.4828980000000005, 42.16244400000001], [1.4826360000000007, 42.16227000000002], [1.4822609999999998, 42.162049000000025], [1.4817770000000006, 42.161835000000025], [1.4816459999999996, 42.16178800000001], [1.481462, 42.16173100000001], [1.4813420000000004, 42.161671], [1.4810850000000002, 42.161521], [1.4807620000000001, 42.161331000000025], [1.480482000000001, 42.161154999999994], [1.4801750000000005, 42.16095799999998], [1.4798820000000004, 42.160773], [1.479578000000001, 42.160575], [1.4792610000000006, 42.16030700000002], [1.4784500000000005, 42.159812], [1.4775400000000005, 42.159194], [1.4766210000000006, 42.15861000000001], [1.475862, 42.158165999999994], [1.4751370000000006, 42.15773999999999], [1.4743360000000005, 42.157281000000005], [1.4734110000000005, 42.156723000000014], [1.472731000000001, 42.156413000000015], [1.4724100000000002, 42.156266999999986], [1.4718650000000004, 42.155922], [1.471545000000001, 42.15566200000001], [1.4713300000000002, 42.15548000000001], [1.4711230000000004, 42.15532899999999], [1.4708270000000006, 42.155275], [1.4705250000000005, 42.155231000000015], [1.4703350000000004, 42.15507700000001], [1.4700650000000002, 42.15476399999999], [1.4696770000000003, 42.15441400000002], [1.4693380000000007, 42.15418399999997], [1.4688620000000001, 42.153965], [1.4680400000000005, 42.153723999999976], [1.467454000000001, 42.153541999999995], [1.4667600000000005, 42.15328700000003], [1.4660770000000003, 42.153111], [1.4655320000000003, 42.15296099999999], [1.4648980000000011, 42.152795000000005], [1.464569, 42.15269500000002], [1.464360000000001, 42.152596999999986], [1.4641790000000003, 42.15247500000001], [1.4640360000000001, 42.15239799999999], [1.463815, 42.15233799999999], [1.4635400000000007, 42.152319999999996], [1.4632260000000004, 42.152279], [1.462909000000001, 42.152192], [1.4624050000000004, 42.15198299999999], [1.4618120000000008, 42.15177899999999], [1.4614060000000004, 42.151647999999994], [1.4608870000000003, 42.151504999999986], [1.4603780000000002, 42.15132900000001], [1.4598150000000008, 42.151146999999995], [1.45926, 42.150993], [1.458922, 42.150867000000034], [1.4586290000000002, 42.150737], [1.4583400000000004, 42.150613], [1.4579540000000004, 42.150464], [1.4575880000000008, 42.15033700000001], [1.457323, 42.15019800000003], [1.45692, 42.149958], [1.456562000000001, 42.149746], [1.4563540000000008, 42.149554000000016], [1.4561100000000005, 42.14933599999999], [1.4557790000000002, 42.149128], [1.4554980000000008, 42.148916000000014], [1.455119, 42.14867800000001], [1.454857000000001, 42.14850199999999], [1.4545190000000003, 42.148289999999996], [1.4541680000000003, 42.14808200000002], [1.4536020000000005, 42.14782099999999], [1.4531220000000007, 42.14761100000002], [1.4526660000000002, 42.147411000000005], [1.4521759999999997, 42.147173000000016], [1.451829000000001, 42.14699499999999], [1.4514830000000005, 42.146798000000004], [1.4511050000000008, 42.14660600000001], [1.4510680000000002, 42.14659000000002], [1.4507810000000005, 42.146478], [1.4504090000000005, 42.146347999999996], [1.4500479999999998, 42.146259999999984], [1.4497570000000006, 42.146220000000014], [1.4494640000000003, 42.14617799999999], [1.4492030000000005, 42.146128999999995], [1.4489220000000005, 42.146098000000016], [1.4486420000000002, 42.14604700000001], [1.4484399999999997, 42.145970000000005], [1.448325, 42.145897], [1.4481280000000003, 42.14571100000001], [1.4479600000000001, 42.145558], [1.447741, 42.14543099999999], [1.447346000000001, 42.14524500000002], [1.446892, 42.145037000000016], [1.446376000000001, 42.14487799999998], [1.445939000000001, 42.144752000000004], [1.4455339999999999, 42.144638000000015], [1.4452049999999992, 42.14450900000001], [1.4448900000000007, 42.144434], [1.4447339999999997, 42.144429], [1.4446380000000008, 42.144427], [1.444626, 42.144428], [1.444383, 42.14445500000001], [1.4447320000000003, 42.14500499999999], [1.445018, 42.145474], [1.4452779999999998, 42.145897], [1.445569000000001, 42.146517999999986], [1.4458100000000005, 42.14704300000001], [1.4458930000000008, 42.14726599999999], [1.4459089999999999, 42.14741999999999], [1.4458930000000008, 42.147514000000015], [1.4458300000000008, 42.14761800000001], [1.445708000000001, 42.14772200000001], [1.4455070000000014, 42.147822999999995], [1.44502, 42.147928000000014], [1.4446570000000007, 42.14803099999998], [1.4442320000000004, 42.148098000000005], [1.4436360000000008, 42.148174], [1.443276000000001, 42.14822499999998], [1.4425180000000004, 42.14824200000001], [1.441797, 42.14826000000001], [1.4417779999999998, 42.148454999999984], [1.4417330000000008, 42.148610999999995], [1.4416310000000008, 42.148809000000014], [1.4414950000000013, 42.148985], [1.4413600000000002, 42.14909899999999], [1.4410810000000005, 42.14927100000001], [1.4403990000000002, 42.14962400000001], [1.4399690000000003, 42.149899000000005], [1.4399180000000005, 42.14992900000002], [1.4398150000000005, 42.14995499999999], [1.4396950000000008, 42.15002], [1.4395779999999998, 42.15010800000002], [1.4394530000000008, 42.150234000000005], [1.439393, 42.15033700000002], [1.4393400000000003, 42.15036099999999], [1.4391250000000007, 42.15045099999999], [1.4386250000000005, 42.150724000000004], [1.4382090000000007, 42.15100600000001], [1.4380950000000001, 42.151105], [1.438007, 42.15128300000001], [1.4379420000000003, 42.151495], [1.4378890000000006, 42.151699999999984], [1.4378210000000002, 42.151883000000005], [1.4377360000000006, 42.152082999999976], [1.4376090000000001, 42.15228], [1.4374700000000007, 42.152436], [1.4371250000000002, 42.152665], [1.4368430000000008, 42.152867000000015], [1.4365180000000004, 42.15319199999999], [1.4362700000000002, 42.153357000000014], [1.4359870000000003, 42.15349300000002], [1.435588, 42.15360999999999], [1.4351710000000002, 42.15371199999999], [1.4348029999999996, 42.15375699999999], [1.4345070000000006, 42.153705], [1.4342960000000002, 42.154472], [1.4341520000000014, 42.15508400000001], [1.4340510000000004, 42.155449999999995], [1.4340870000000001, 42.15545500000001], [1.4340660000000007, 42.155543], [1.4340210000000009, 42.15567099999999], [1.4339720000000007, 42.155835], [1.4339460000000008, 42.15602], [1.4339430000000006, 42.156041999999985], [1.433910000000001, 42.156102999999995], [1.4338280000000005, 42.15621300000001], [1.4337129999999998, 42.15635100000001], [1.4335820000000006, 42.15647200000001], [1.4334209999999998, 42.156611999999996], [1.4333070000000008, 42.156703], [1.4330810000000003, 42.15686100000001], [1.4328410000000005, 42.15705399999999], [1.4326000000000005, 42.157253000000004], [1.4324370000000006, 42.15739599999999], [1.4323420000000002, 42.157512000000004], [1.4321920000000004, 42.15761700000002], [1.431961, 42.157782], [1.4317660000000003, 42.157924], [1.4317269999999995, 42.15797000000002], [1.4317130000000005, 42.158032999999996], [1.4317400000000005, 42.158101000000016], [1.4317690000000007, 42.15818800000001], [1.4317690000000012, 42.15830299999999], [1.4317660000000008, 42.158442000000015], [1.431727, 42.15862099999998], [1.4316750000000003, 42.15882100000001], [1.4316140000000002, 42.15896700000001], [1.4315390000000008, 42.15908499999999], [1.4313970000000005, 42.159212000000004], [1.4313069999999999, 42.15928900000001], [1.4310670000000005, 42.15942000000002], [1.431046000000001, 42.159398], [1.430794, 42.159384], [1.4302640000000009, 42.15931199999998], [1.429508, 42.159274], [1.4294830000000003, 42.159295], [1.4292210000000003, 42.15919800000001], [1.4290110000000007, 42.159124999999996], [1.4288190000000007, 42.159086999999985], [1.4286060000000007, 42.15907900000001], [1.4284190000000003, 42.159086000000016], [1.4282400000000004, 42.15910800000001], [1.428142, 42.15914200000001], [1.4279950000000008, 42.159227999999985], [1.4277390000000005, 42.159323000000015], [1.427400000000001, 42.15943399999999], [1.4270460000000003, 42.15951300000002], [1.4268270000000007, 42.15952700000001], [1.4266830000000006, 42.159507000000005], [1.4264240000000001, 42.159487000000006], [1.4263660000000011, 42.15948699999999], [1.4263420000000004, 42.159485999999994], [1.4262290000000002, 42.15948499999998], [1.4260740000000005, 42.15949600000001], [1.4258990000000005, 42.15953300000001], [1.4255310000000003, 42.15961900000001], [1.4252850000000006, 42.15967899999999], [1.4251290000000003, 42.15970900000002], [1.4249750000000003, 42.159699999999994], [1.4247610000000004, 42.159675], [1.424755, 42.159649], [1.4246940000000008, 42.159603999999995], [1.4245740000000005, 42.159510999999995], [1.424472000000001, 42.15942700000001], [1.4243420000000007, 42.159365], [1.4242760000000003, 42.159366], [1.4242110000000001, 42.15938], [1.4241000000000004, 42.159422], [1.4239020000000013, 42.159458999999984], [1.4237049999999998, 42.15947600000002], [1.4234370000000007, 42.15951600000001], [1.4231620000000007, 42.15954100000001], [1.4227360000000002, 42.159575], [1.422741000000001, 42.159598], [1.4226000000000003, 42.15961499999999], [1.4222779999999997, 42.15966400000002], [1.421861000000001, 42.159726000000006], [1.4216370000000007, 42.159729], [1.4213030000000006, 42.15965799999998], [1.4210760000000007, 42.15959200000001], [1.4209400000000003, 42.159526], [1.4208310000000004, 42.15945399999999], [1.42069, 42.159362999999985], [1.4205480000000001, 42.159211000000006], [1.420379000000001, 42.159107000000006], [1.4202370000000006, 42.15903400000002], [1.4200600000000008, 42.158979], [1.41982, 42.15885400000001], [1.419691, 42.15881100000001], [1.4195900000000001, 42.158753000000004], [1.4194350000000007, 42.158660999999995], [1.419266, 42.158620000000006], [1.4190910000000014, 42.15857599999998], [1.419013000000001, 42.15852000000001], [1.4189430000000005, 42.15847], [1.418862, 42.15842499999999], [1.4187320000000008, 42.158358999999976], [1.4185310000000009, 42.15834200000002], [1.4181850000000007, 42.158262000000015], [1.4179630000000005, 42.15821700000002], [1.4178300000000006, 42.158184], [1.417737, 42.158154999999994], [1.4176599999999997, 42.15815000000002], [1.4175259999999996, 42.15816000000001], [1.4173570000000004, 42.15818499999999], [1.417192000000001, 42.15818999999998], [1.4169640000000003, 42.15818599999999], [1.4168250000000011, 42.15815600000001], [1.4167110000000003, 42.15813000000001], [1.4165900000000002, 42.15812700000001], [1.416178000000001, 42.15813200000001], [1.4157080000000013, 42.158092999999994], [1.4150440000000002, 42.15800100000001], [1.4146589999999997, 42.15792699999999], [1.4141439999999998, 42.15776300000001], [1.4139260000000007, 42.15773300000001], [1.4137860000000004, 42.157799999999995], [1.4133150000000008, 42.158065], [1.4132070000000005, 42.158146000000016], [1.4130660000000002, 42.158089], [1.4127530000000006, 42.15799200000001], [1.4122050000000002, 42.15787400000001], [1.4119190000000006, 42.15783400000001], [1.4118969999999997, 42.15782999999999], [1.4118830000000002, 42.157827999999995], [1.4116360000000003, 42.15764800000001], [1.4114490000000006, 42.15750400000002], [1.4114430000000002, 42.157500000000006], [1.4112480000000007, 42.15737000000001], [1.410981, 42.15718300000001], [1.410774, 42.15703100000002], [1.4105920000000007, 42.15688400000001], [1.4104340000000009, 42.156761], [1.410317, 42.156711], [1.4101690000000011, 42.156663], [1.4099620000000008, 42.156586999999995], [1.4097430000000009, 42.15649000000001], [1.4092300000000002, 42.156317], [1.4091030000000007, 42.156274999999994], [1.4081530000000009, 42.156043000000004], [1.407434000000001, 42.155919], [1.4069930000000008, 42.155850999999984], [1.4067550000000009, 42.155781000000005], [1.4063179999999995, 42.155684000000015], [1.406152, 42.155671000000005], [1.4059410000000003, 42.15565500000002], [1.4055330000000006, 42.15563599999999], [1.405196, 42.155576], [1.4051550000000006, 42.15557000000001], [1.404937000000001, 42.15544200000001], [1.4043380000000005, 42.15518], [1.4041439999999998, 42.15509300000001], [1.403876, 42.154975], [1.4035140000000008, 42.15479], [1.4031450000000008, 42.154608999999994], [1.403086, 42.15457699999999], [1.4028590000000003, 42.154457], [1.4025380000000005, 42.15430800000001], [1.4023660000000004, 42.154208999999994], [1.4022050000000004, 42.154069], [1.4019710000000003, 42.15391900000001], [1.4013630000000008, 42.153639000000005], [1.4008050000000007, 42.15337600000001], [1.4001489999999996, 42.153102], [1.4000309999999998, 42.15304900000001], [1.399615, 42.152863999999994], [1.3993910000000003, 42.152726], [1.3991380000000004, 42.152570999999995], [1.3986140000000011, 42.152241], [1.3983400000000006, 42.152080999999995], [1.3979590000000006, 42.151822], [1.3976650000000006, 42.15172499999999], [1.3972190000000002, 42.151613000000005], [1.3970769999999997, 42.15154299999998], [1.3969770000000001, 42.151492000000005], [1.3959270000000004, 42.15094799999999], [1.3956600000000006, 42.150911000000015], [1.3954560000000005, 42.150871], [1.3950400000000005, 42.15082200000001], [1.3946830000000001, 42.15082999999999], [1.3944970000000008, 42.15085799999999], [1.3942399999999997, 42.15088800000004], [1.394157000000001, 42.150882999999986], [1.3940570000000003, 42.15084600000001], [1.3939789999999999, 42.150813], [1.3939010000000005, 42.150770999999985], [1.3938879999999998, 42.150763000000005], [1.3937589999999993, 42.15072099999999], [1.3935290000000007, 42.150680999999985], [1.3928210000000003, 42.15064799999998], [1.3927970000000007, 42.15064900000003], [1.392759, 42.15064999999998], [1.3927150000000006, 42.150650999999996], [1.3923590000000001, 42.15072000000002], [1.3919850000000002, 42.150847000000006], [1.3909989999999999, 42.15113800000001], [1.390972, 42.151146], [1.3909589999999996, 42.151149000000004], [1.3909400000000005, 42.151151999999996], [1.3908910000000005, 42.151163000000004], [1.3908000000000007, 42.151091], [1.3907789999999995, 42.15107499999999], [1.3907080000000007, 42.15097400000001], [1.3906720000000004, 42.15085599999998], [1.3906400000000003, 42.15070600000001], [1.3906090000000009, 42.150632], [1.3905640000000004, 42.15061300000001], [1.3905320000000005, 42.15061600000001], [1.3904980000000005, 42.150661000000014], [1.3904980000000007, 42.150721999999995], [1.3904940000000003, 42.150784999999985], [1.3904970000000008, 42.15086999999998], [1.3905060000000014, 42.150951999999975], [1.3905340000000004, 42.15102999999999], [1.390522, 42.15110600000001], [1.3904990000000006, 42.15117099999998], [1.3904500000000006, 42.151256], [1.3904239999999999, 42.15128600000003], [1.3903380000000003, 42.15132599999999], [1.3902651378738071, 42.15134817545758], [1.3907773606510068, 42.151355362688726], [1.3907716580882938, 42.15158043443545], [1.3910741258440433, 42.15158467744195], [1.3910684242869065, 42.15180974921249], [1.3916733621352744, 42.15181823290094], [1.39166766265448, 42.15204330472852], [1.3919701327470893, 42.152047545410454], [1.391964434271933, 42.1522726172618], [1.3922669055004047, 42.15227685717994], [1.3922612080309111, 42.15250192905505], [1.3925636803952464, 42.152506168209385], [1.3925579839314395, 42.15273124010825], [1.3928604574316403, 42.15273547849877], [1.392854761973545, 42.152960550421405], [1.393157236609613, 42.15296478804808], [1.3931515421572533, 42.15318985999446], [1.393454017929191, 42.1531940968573], [1.3934483244825908, 42.15341916882743], [1.3937508013903999, 42.15342340492642], [1.393745108949585, 42.15364847692027], [1.3940475869932654, 42.15365271225538], [1.3940418955582596, 42.15387778427298], [1.3946468539823846, 42.15388625261836], [1.3946411646240737, 42.15411132469287], [1.3952461254499335, 42.15411978991626], [1.395240438168369, 42.154344862047665], [1.3961478831071021, 42.154357554003994], [1.3961421989732254, 42.15458262622547], [1.3967471647322327, 42.15459108361044], [1.396741482675219, 42.15481615588876], [1.3973464508357152, 42.15482461015156], [1.3973407708556158, 42.1550496824867], [1.3979457414175347, 42.155058133627264], [1.3979400635144024, 42.15528320601919], [1.3982425499636086, 42.15528743042691], [1.3982368730665478, 42.155512502842505], [1.3985393606515615, 42.1555167264862], [1.398533684760597, 42.15574179892542], [1.3988361734814192, 42.15574602180508], [1.3988304985965747, 42.15597109426795], [1.3991329884532075, 42.15597531638356], [1.3991273145745082, 42.15620038887007], [1.3994298055669536, 42.15620461022163], [1.3994241326944241, 42.15642968273175], [1.4000291170157453, 42.15643812310957], [1.400023446220421, 42.15666319567641], [1.4003259395492884, 42.156667414702646], [1.400320269760196, 42.15689248729308], [1.4006227642248685, 42.156896705555205], [1.400617095442032, 42.15712177816927], [1.400919591042512, 42.157125995667286], [1.4009139232659569, 42.157351068304926], [1.401216420002246, 42.15735528503882], [1.4012107532319955, 42.15758035770005], [1.4015132511040962, 42.15758457366981], [1.4015075853401748, 42.157809646354615], [1.401810084348088, 42.15781386156023], [1.4018044195905206, 42.15803893426862], [1.4021069197342484, 42.158043148710064], [1.4021012559830592, 42.15826822144203], [1.4024037572626034, 42.15827243511929], [1.4023924317083278, 42.15872258062088], [1.4026949351948188, 42.158726793567], [1.402655301214919, 42.16030230275521], [1.402957812264353, 42.16030651513533], [1.402940828516256, 42.160981733315765], [1.403243342844097, 42.160985944997684], [1.403232022164475, 42.16143609046997], [1.403534538699535, 42.16144030142065], [1.4035288793340008, 42.16166537417559], [1.403831397005017, 42.16166958436196], [1.4038257386461215, 42.16189465714044], [1.4041282574530942, 42.1618988665625], [1.4041226001008615, 42.16212393936453], [1.404425120043794, 42.16212814802227], [1.404419463698249, 42.162353220847805], [1.4047219847771426, 42.16235742874119], [1.4047163294383096, 42.162582501590265], [1.4050188516531654, 42.1625867087193], [1.4050131973210689, 42.16281178159189], [1.4053157206718885, 42.16281598795659], [1.4053100673465537, 42.16304106085268], [1.4059151163847106, 42.16304947125591], [1.4059094651375434, 42.1632745442085], [1.406514516576759, 42.163282951488185], [1.406508867407812, 42.16350802449722], [1.4083240297026367, 42.16353322739699], [1.4083296724431826, 42.1633081541903], [1.4092372512469773, 42.163320744776755], [1.4092428907088728, 42.16309567146184], [1.4095454160343044, 42.163099866696335], [1.4095510543603815, 42.16287479333904], [1.4101561030617447, 42.162883181350125], [1.4101617391806562, 42.16265810791756], [1.4107667859968764, 42.162666492673424], [1.4107724199086689, 42.162441419165624], [1.4113774648396666, 42.162449800666295], [1.4113830965443863, 42.16222472708331], [1.4119881395900806, 42.162233105328845], [1.4119937690877746, 42.16200803167066], [1.4125988102480855, 42.162016406661095], [1.4126044375387992, 42.16179133292777], [1.4129069571440798, 42.161795519194136], [1.412912583299178, 42.1615704454185], [1.4132151018974266, 42.1615746308547], [1.4132207269169341, 42.16134955703676], [1.4135232445081487, 42.161353741642806], [1.4135288683920897, 42.161128667782585], [1.4141339016246945, 42.16113703453707], [1.41413952330181, 42.16091196060175], [1.4153495862525902, 42.16092868441167], [1.4153439688606197, 42.16115375847815], [1.4159490028637443, 42.161162115664744], [1.4159433875501903, 42.16138718978729], [1.416245905719302, 42.161391367217355], [1.4162402914129, 42.1616164413632], [1.4165428107174771, 42.16162061802869], [1.4165371974182523, 42.16184569219782], [1.4171422383624668, 42.161854043202275], [1.4171366271417847, 42.16207911742743], [1.419254279964922, 42.16210832105558], [1.4192598836861903, 42.16188324660139], [1.4198649257836995, 42.161891583253556], [1.4198705272982661, 42.16166650872451], [1.420778087710519, 42.161679007624585], [1.4207836859471026, 42.161453932988046], [1.421993763106938, 42.16147058689468], [1.4219881691556715, 42.161695661661845], [1.4222906896767857, 42.16169982317778], [1.4222795037251972, 42.16214997274896], [1.4219769810613831, 42.16214581116775], [1.4219713869183597, 42.162370885906505], [1.4216688632470984, 42.16236672349529], [1.421657672626517, 42.1628168728791], [1.4213551468764196, 42.162812709605205], [1.4213327605823478, 42.16371300812865], [1.421635290618131, 42.16371717153316], [1.4216185034404947, 42.164392395424315], [1.421921036754612, 42.16439655812934], [1.4219154419723428, 42.16462163277345], [1.4222179764218785, 42.16462579471371], [1.4222011949060365, 42.165301018687124], [1.4225037326340368, 42.165305179927856], [1.4224925467803051, 42.165755329261415], [1.4227950867153067, 42.16575948976995], [1.422778310670122, 42.1664347137972], [1.4230808538837565, 42.16643887360615], [1.4230696716773568, 42.166889022975546], [1.4233722170980985, 42.166893182052256], [1.4233610367794125, 42.16734333144903], [1.4236635844073013, 42.16734748979347], [1.4236579952237949, 42.16757256451028], [1.4239605439872047, 42.167576722089805], [1.4239493675719364, 42.168026871560244], [1.424251918542548, 42.16803102840746], [1.424246331310822, 42.16825610316108], [1.4245488834169706, 42.16826025924337], [1.4245321245538711, 42.16893548354524], [1.4248346799390075, 42.16893963892775], [1.4248179237166552, 42.16961486324221], [1.425120482380882, 42.169619017924916], [1.4250981441447115, 42.17051931700871], [1.4254007071599497, 42.170523471024154], [1.4253839560282755, 42.17119869533536], [1.4256865223228483, 42.17120284865093], [1.4256697738325503, 42.171878072974685], [1.4259723434065597, 42.17188222559033], [1.4259555975578373, 42.172557449926614], [1.426258170411387, 42.17256160184231], [1.4262470083371994, 42.17301175141765], [1.426549583398424, 42.173015902600795], [1.426538423213077, 42.17346605220337], [1.4268410004820162, 42.17347020265395], [1.4268354213656862, 42.17369527747361], [1.427137999770375, 42.17369942715905], [1.4271324216622963, 42.17392450200179], [1.428947899860658, 42.17394938355809], [1.4289423281209657, 42.17417445858649], [1.429850071295939, 42.17418688869321], [1.429844502708689, 42.17441196380964], [1.4304496672876108, 42.174420246623875], [1.4304329675764318, 42.17509547211127], [1.4301303820389648, 42.17509133100558], [1.4301192464359218, 42.17554148121826], [1.4298166588178918, 42.175537339249864], [1.4298110898488166, 42.175762414309524], [1.4292059126594643, 42.17575412791453], [1.429200341482501, 42.175979202899754], [1.4279899835793881, 42.17596262040672], [1.4279844080502242, 42.17618769525246], [1.4270766370754595, 42.176175249908674], [1.4270654793930917, 42.176625399376505], [1.426762887051364, 42.17662124926798], [1.4267405666328374, 42.1775215479599], [1.427043163263301, 42.177525698198615], [1.4270320048158647, 42.17797584755288], [1.4273346036545294, 42.1779799970589], [1.427323447096549, 42.178430146440405], [1.4276260481434537, 42.17843429521368], [1.427614893475022, 42.178884444622405], [1.4279174967302075, 42.17888859266293], [1.427913858585147, 42.17903543692788], [1.428090000000001, 42.17903199999999], [1.4284790000000007, 42.179016999999995], [1.4287950000000007, 42.17897399999999], [1.4290480000000005, 42.178965999999996], [1.4290900000000004, 42.179059], [1.429172, 42.179149], [1.4292660000000004, 42.179175000000015], [1.4293890000000005, 42.17917500000002], [1.4296280000000008, 42.179069999999996], [1.429817000000001, 42.17900300000001], [1.429834, 42.179026000000015], [1.4301440000000005, 42.17915299999999], [1.4302380000000001, 42.17920700000001], [1.4302910000000004, 42.17923699999999], [1.4304220000000005, 42.179295], [1.4304170000000003, 42.179264], [1.430457, 42.17925999999999], [1.4305940000000001, 42.17937099999998], [1.4307960000000006, 42.17956399999999], [1.430938000000001, 42.179715], [1.430993, 42.17980400000001], [1.4309790000000004, 42.179872], [1.430848, 42.18008300000001], [1.4306680000000005, 42.180326000000015], [1.4304960000000009, 42.18054599999999], [1.4303510000000008, 42.18070000000001], [1.4302910000000002, 42.18077299999998], [1.430267, 42.180889], [1.4301560000000009, 42.181024], [1.429971000000001, 42.18116200000001], [1.429882, 42.181262000000004], [1.4299050000000009, 42.18147499999999], [1.4300090000000005, 42.18181800000001], [1.4301340000000007, 42.18205700000001], [1.4302430000000006, 42.182173000000006], [1.4304220000000003, 42.18232900000001], [1.4305620000000003, 42.182492], [1.4306200000000004, 42.18257599999999], [1.4307460000000003, 42.18293800000001], [1.4308800000000006, 42.183350000000004], [1.4309110000000005, 42.18354099999999], [1.4309580000000004, 42.183694999999986], [1.4310500000000004, 42.183921], [1.4311039999999997, 42.184017], [1.4311900000000006, 42.184179], [1.4312990000000003, 42.18439300000001], [1.4314500000000001, 42.18454999999999], [1.4315700000000013, 42.18465999999999], [1.4317349999999998, 42.18482099999999], [1.4318890000000004, 42.185031000000016], [1.4321289999999995, 42.18528600000002], [1.4324460000000003, 42.185532000000016], [1.4326670000000001, 42.185204000000006], [1.4328729999999996, 42.184891], [1.4331130000000003, 42.184555], [1.4333130000000005, 42.184243], [1.4330649999999998, 42.18411800000002], [1.4328360000000004, 42.184009000000025], [1.4326390000000007, 42.18385199999998], [1.4324700000000004, 42.18368600000001], [1.432346, 42.183523000000015], [1.432237, 42.183350999999995], [1.432179000000001, 42.18320400000002], [1.4320900000000003, 42.182994], [1.4320050000000004, 42.18275400000001], [1.4319300000000001, 42.182488000000006], [1.4318990000000003, 42.182327], [1.431907000000001, 42.18225000000001], [1.4319530000000003, 42.182141999999985], [1.4320680000000001, 42.182010999999996], [1.432161, 42.181934000000005], [1.4322360000000005, 42.181850000000004], [1.4320580000000007, 42.18179100000001], [1.4319369999999996, 42.18171000000002], [1.4318520000000003, 42.18161500000003], [1.4317710000000003, 42.181432], [1.4317020000000005, 42.181172], [1.4316830000000005, 42.18083299999999], [1.4316750000000011, 42.180576], [1.4316700000000002, 42.18036699999998], [1.4316920000000009, 42.18025600000001], [1.4317490000000004, 42.18016000000001], [1.4318280000000003, 42.18010700000001], [1.4319450000000005, 42.180087], [1.432116, 42.18010200000002], [1.4323120000000005, 42.18012], [1.4325790000000007, 42.180165], [1.432914, 42.180218], [1.4332380000000002, 42.180260000000004], [1.4334500000000001, 42.180273], [1.4336370000000012, 42.180262], [1.433818, 42.18023000000001], [1.4340180000000007, 42.18015900000001], [1.4341660000000005, 42.180144], [1.434444000000001, 42.18015200000001], [1.434815, 42.180189999999996], [1.4351220000000005, 42.18023], [1.4352470000000004, 42.180305000000004], [1.4353879999999997, 42.180409000000004], [1.4355750000000007, 42.18048999999999], [1.4358739999999997, 42.180527], [1.436161, 42.18059600000001], [1.4362879999999998, 42.18062399999998], [1.4362690000000002, 42.180724], [1.4364060000000005, 42.18078900000002], [1.4363750000000008, 42.180944000000004], [1.4363110000000003, 42.18110099999999], [1.4362930000000005, 42.181174000000006], [1.4362920000000001, 42.181276000000004], [1.4363500000000002, 42.181376999999976], [1.4363170000000005, 42.18151], [1.436235000000001, 42.18160700000001], [1.4360990000000007, 42.181702], [1.4361730000000004, 42.181796999999996], [1.4361700000000002, 42.18196800000002], [1.4361070000000002, 42.182141999999985], [1.4360140000000006, 42.182254], [1.435912000000001, 42.182330000000015], [1.4357730000000006, 42.182386000000015], [1.4355949999999997, 42.18241200000001], [1.435378, 42.182410000000004], [1.4353159999999996, 42.182615000000006], [1.4353060000000004, 42.18271000000001], [1.4352290000000008, 42.18288200000001], [1.435114, 42.18308199999999], [1.4350600000000007, 42.18317000000001], [1.4350340000000006, 42.183211000000014], [1.4350729999999998, 42.18322800000001], [1.4350350000000003, 42.18339000000002], [1.4350730000000005, 42.183372999999996], [1.4351860000000007, 42.183358999999996], [1.43542, 42.183347], [1.4358839999999997, 42.18329200000001], [1.4362529999999998, 42.18326299999999], [1.4365390000000007, 42.183261], [1.436731, 42.183273999999976], [1.4369210000000006, 42.183285000000005], [1.4371359999999997, 42.18332500000001], [1.437399, 42.183368], [1.4377120000000003, 42.18346600000001], [1.4379970000000006, 42.183547], [1.4382940000000004, 42.18362000000001], [1.4384359999999996, 42.18363900000001], [1.4386820000000011, 42.183668], [1.4388520000000002, 42.18366699999999], [1.4390399999999999, 42.183652], [1.4391609999999997, 42.18365900000001], [1.439240000000001, 42.18369400000002], [1.439325, 42.183779], [1.4394460000000007, 42.183898999999975], [1.439559, 42.18399000000002], [1.4397179999999998, 42.18407100000001], [1.4399050000000007, 42.18411800000001], [1.4400450000000005, 42.184115999999996], [1.4401940000000004, 42.18408199999999], [1.440324, 42.184035000000016], [1.4404190000000003, 42.183972], [1.4405630000000007, 42.18385399999998], [1.4407000000000003, 42.18375800000002], [1.4407920000000005, 42.183680999999986], [1.4408670000000003, 42.18366899999999], [1.4408930000000009, 42.18359300000001], [1.4408880000000002, 42.183468], [1.4408870000000005, 42.183391000000015], [1.440935000000001, 42.18331200000001], [1.4409560000000001, 42.183204000000025], [1.440958, 42.183116000000005], [1.4409779999999999, 42.183041], [1.4410570000000007, 42.18293400000002], [1.4411170000000002, 42.182789], [1.4411420000000013, 42.18265700000001], [1.4411349999999998, 42.182531000000004], [1.441273, 42.18247700000002], [1.441479, 42.182449000000005], [1.441616000000001, 42.18246600000001], [1.441721, 42.18251000000002], [1.4418609999999998, 42.182601000000005], [1.4419750000000007, 42.182643000000006], [1.442138, 42.18269999999998], [1.442298000000001, 42.182780000000015], [1.4424199999999998, 42.182906], [1.4425120000000007, 42.18300500000001], [1.4425680000000007, 42.18312500000001], [1.4425820000000003, 42.18316699999999], [1.4425320000000004, 42.18327700000001], [1.4425330000000005, 42.183399], [1.4425960000000009, 42.18350700000001], [1.4426150000000002, 42.183593], [1.4425380000000003, 42.18370399999999], [1.4424460000000003, 42.18371200000001], [1.442387, 42.183831], [1.4423680000000003, 42.18390900000001], [1.442385, 42.18398399999999], [1.4424090000000007, 42.184022], [1.442339000000001, 42.184155], [1.4422340000000002, 42.184180000000005], [1.4420430000000002, 42.18419699999999], [1.4419190000000006, 42.18422199999998], [1.4418030000000002, 42.184234999999994], [1.4417090000000001, 42.18426300000001], [1.4416529999999999, 42.18427700000001], [1.4415229999999997, 42.184205000000006], [1.441356000000001, 42.184174000000006], [1.4415140000000006, 42.18430500000002], [1.4416410000000013, 42.184396999999976], [1.441744, 42.184507], [1.4418680000000008, 42.18462299999999], [1.4420250000000006, 42.184726], [1.4421560000000004, 42.184854], [1.4422580000000012, 42.18491499999999], [1.4423620000000006, 42.184982999999995], [1.4424490000000005, 42.185078999999995], [1.442532, 42.185136], [1.4426980000000007, 42.18518499999999], [1.4428879999999997, 42.18523700000002], [1.442896916184019, 42.18524081244605], [1.4429096530005219, 42.184721883136554], [1.4432122863021268, 42.1847259912923], [1.4432399015922976, 42.18360061046454], [1.4435425295940054, 42.18360471766121], [1.4435480513901149, 42.183379641435096], [1.4438506783823606, 42.183383747801585], [1.443856199042809, 42.18315867153382], [1.4441588250255906, 42.18316277707013], [1.444164344550403, 42.18293770076071], [1.4450722196595405, 42.182950012485264], [1.4450667033523663, 42.18317508889123], [1.445369329587394, 42.183179191235666], [1.445363814289737, 42.18340426766434], [1.4456664416603564, 42.18340836924295], [1.4456609273722403, 42.18363344569436], [1.445963555878453, 42.18363754650714], [1.445947015853776, 42.18431277590116], [1.446249647640794, 42.184316876012424], [1.4462386227878847, 42.184767028958824], [1.4465412567831621, 42.18477112833637], [1.446535745334857, 42.184996204827556], [1.446838380465772, 42.18500030343923], [1.4468328700271407, 42.185225379953096], [1.4471355062936946, 42.18522947779889], [1.4471299968647608, 42.18545455433546], [1.4477352717321044, 42.185462747697194], [1.4477297643855829, 42.18568782428854], [1.4483350416500713, 42.18569601452236], [1.4483295363860131, 42.18592109116849], [1.4492374559727106, 42.18593337063014], [1.449231953863885, 42.18615844736314], [1.45044251848398, 42.186174808934204], [1.4504370206031998, 42.18639988578608], [1.4516475905195718, 42.186416234716354], [1.4516420968669492, 42.186641311686984], [1.452550028181768, 42.18665356510104], [1.452544537684648, 42.186878642158305], [1.4531498276871582, 42.18688680717465], [1.4531443392728418, 42.18711188428652], [1.4537496316718128, 42.187120046174535], [1.4537441453403521, 42.187345123340954], [1.454349440135717, 42.18735328210057], [1.4543439558871638, 42.18757835932154], [1.4546466044516757, 42.18758243753618], [1.4546411212132622, 42.187807514779685], [1.4549437709132609, 42.18781159222819], [1.4549382886850106, 42.188036669494245], [1.4552409395204975, 42.18804074617661], [1.4552299770217287, 42.188490900744306], [1.4555326300655635, 42.188494976692475], [1.4555271497950812, 42.18872005399413], [1.4558298039744197, 42.18872412917613], [1.455824324714186, 42.1889492065003], [1.456126980029031, 42.1889532809161], [1.4561215017790703, 42.189178358262794], [1.4567268147423758, 42.18918650476384], [1.456721338575623, 42.189411582164965], [1.4576293117086883, 42.18942379602618], [1.4576347846567053, 42.189198718529276], [1.458240098245697, 42.18920685704879], [1.45824556898536, 42.18898177947863], [1.4597588486873032, 42.18900211165022], [1.45976431399998, 42.188777033911165], [1.4603696241722988, 42.188785161129005], [1.460364161005412, 42.1890102389318], [1.4615747863908022, 42.189026483917104], [1.461569327453117, 42.18925156183784], [1.4624773003660383, 42.18926373729168], [1.462471844584737, 42.18948881529847], [1.4630771623176644, 42.189496928340496], [1.463071708619887, 42.189722006401496], [1.463374368652793, 42.18972606175706], [1.4633689159656371, 42.1899511398404], [1.4639742383643035, 42.18995924822059], [1.4639687877607606, 42.190184326358086], [1.4642714501265113, 42.19018837938268], [1.4642660005336516, 42.19041345754253], [1.4645686640346662, 42.19041750980072], [1.46453597160764, 42.191767978752345], [1.4642333016684834, 42.19176392630349], [1.464227851639612, 42.191989004397286], [1.4633198389767343, 42.191976842165914], [1.463314385666341, 42.19220192015491], [1.462709042056556, 42.19219380794585], [1.4627035865376599, 42.192418885861784], [1.461795568371404, 42.192406711465885], [1.4617901095708612, 42.19263178927692], [1.461184762292431, 42.19262366895805], [1.4611793012832819, 42.19284874669597], [1.4608766266645774, 42.192844685307314], [1.4608711645198937, 42.193069763003926], [1.4605684888905004, 42.19306570078515], [1.4605630256102564, 42.19329077844046], [1.4602603489701762, 42.19328671539156], [1.460254884554348, 42.193511793005584], [1.4590441743261404, 42.19349553269973], [1.4590387055552494, 42.193720610176804], [1.4587360270812797, 42.193716543072746], [1.4587414969253203, 42.193491465627574], [1.4581361423112433, 42.19348332908844], [1.458141614239039, 42.19325825169761], [1.4575362620213976, 42.19325011202921], [1.457541736032897, 42.1930250346928], [1.4563310366409734, 42.19300874590451], [1.4563255583369954, 42.193233823113175], [1.4557202068704314, 42.193225673865555], [1.4557147263575796, 42.19345075100089], [1.4554120496451217, 42.19344667514772], [1.45540656799649, 42.193671752241656], [1.455103890273544, 42.193667675558245], [1.455087441732237, 42.19434290668746], [1.4547847608524664, 42.19433882910984], [1.4547737926985376, 42.194788983084834], [1.4544711097350604, 42.19478490464495], [1.4544601391839702, 42.19523505851819], [1.4541574541367532, 42.195230979216035], [1.4541464811884, 42.19568113298752], [1.4538437940574094, 42.19567705282305], [1.4538328187116891, 42.196127206492775], [1.4535301294968916, 42.19612312546597], [1.4535136627880008, 42.19679835580371], [1.4532109704160572, 42.196794273882524], [1.4531890096325197, 42.19769458073928], [1.4534917062978108, 42.19769866278851], [1.453475238271388, 42.198373892927926], [1.453777938219562, 42.198377974274784], [1.4537724498253393, 42.19860305100104], [1.4540751509096512, 42.19860713158149], [1.4540696635261143, 42.1988322083303], [1.454372365746565, 42.19883628814434], [1.4543668793737392, 42.19906136491569], [1.4546695827303302, 42.19906544396329], [1.454664097368239, 42.199290520757216], [1.4549668018609732, 42.19929459903835], [1.4549613175096408, 42.19951967585481], [1.4552640231385192, 42.1995237533695], [1.4552256384384723, 42.20109929104407], [1.4549229252950426, 42.20109521330556], [1.4549174404421936, 42.20132029004645], [1.4546147262879012, 42.20131621147747], [1.4546092402987914, 42.201541288176955], [1.454003810031202, 42.20153312857952], [1.4539983218322279, 42.20175820520558], [1.4533928896684083, 42.20175004235016], [1.453387399259524, 42.201975118902745], [1.450662947967927, 42.20193834623931], [1.4506684480390746, 42.201713269975095], [1.4470358671227088, 42.201664139531275], [1.4470413800137556, 42.20143906364286], [1.4455278126765894, 42.20141855884954], [1.4455333308723444, 42.201193483112455], [1.4443224824320369, 42.20117706503389], [1.444328004858832, 42.20095198941611], [1.4434198724119205, 42.200939667569834], [1.4434253979961331, 42.20071459203923], [1.4425172693381787, 42.20070226310343], [1.4425227980797288, 42.20047718766008], [1.4419173814373696, 42.20046896444173], [1.4419229122626942, 42.2002438890534], [1.4413174980201717, 42.20023566270577], [1.4413230309292193, 42.20001058737249], [1.4407176190866, 42.20000235789563], [1.4407231540793193, 42.199777282617426], [1.4404204493263557, 42.19977316671361], [1.440425985329253, 42.199548091458226], [1.4398205781600526, 42.19953985731989], [1.4398261162465318, 42.19931478211964], [1.439523413830304, 42.19931066388513], [1.4395289529268984, 42.19908558870771], [1.438923550431219, 42.19907734990805], [1.4389290916113076, 42.19885227478578], [1.4383236915157702, 42.19884403285711], [1.4383292347793, 42.198618957790025], [1.4380265358999509, 42.198614835660415], [1.4380320801734965, 42.198389760616195], [1.4377293824308919, 42.19838563772052], [1.4377349277144291, 42.19816056269918], [1.4374322311085674, 42.198156439037454], [1.4374488697989043, 42.19748121401369], [1.4371461764764415, 42.19747708965062], [1.4371628178161555, 42.196801864638786], [1.4374655079187233, 42.19680598890483], [1.4374710538318851, 42.19658091384963], [1.4380764320806223, 42.19658915992203], [1.4380819757838705, 42.196364084792705], [1.4386873521395311, 42.19637232760711], [1.438692893632912, 42.196147252403705], [1.4389955808325012, 42.19615137258109], [1.4390011211893041, 42.19592629733592], [1.4393038073789755, 42.19593041668269], [1.439309346599225, 42.195705341395744], [1.4396120317789771, 42.19570945991189], [1.4396175698626974, 42.1954843845832], [1.4399202540325287, 42.19548850226874], [1.4399257909797438, 42.19526342689831], [1.440228474139652, 42.195267543753246], [1.440239545697851, 42.194817392919454], [1.4405422267746506, 42.194821508911545], [1.440558830417943, 42.194146282493115], [1.4408615083385192, 42.1941503975901], [1.4408645615598152, 42.19402620449724], [1.4408150000000008, 42.194002000000026], [1.4407210000000013, 42.19389099999999], [1.4406570000000003, 42.19381000000001], [1.4405560000000006, 42.19377200000001], [1.4404830000000004, 42.19370600000002], [1.4404180000000004, 42.19354500000002], [1.4403239999999997, 42.193418], [1.4401910000000002, 42.193329000000006], [1.4401610000000002, 42.19329200000001], [1.4401320000000006, 42.193256000000005], [1.4400640000000005, 42.19313800000001], [1.4398810000000002, 42.192944000000004], [1.4397080000000004, 42.19277300000002], [1.4395540000000002, 42.192672999999985], [1.4393989999999999, 42.192563000000014], [1.4393529999999999, 42.19247300000001], [1.4393910000000003, 42.19237499999999], [1.4394191750715624, 42.19232957491206], [1.439392427306163, 42.19232921095718], [1.439399562804853, 42.19203922034454], [1.4393850000000006, 42.192003000000014], [1.4392420000000008, 42.19190600000001], [1.43918903686748, 42.19187614163694], [1.4391008367842204, 42.191874941306], [1.4391020146152924, 42.1918270820767], [1.4390930000000002, 42.19182199999999], [1.4389400000000003, 42.191755000000015], [1.438838, 42.19172100000001], [1.4387070000000004, 42.191678], [1.4385850000000002, 42.191635], [1.438455, 42.191558000000015], [1.438359, 42.191438000000005], [1.4383040000000002, 42.19131599999999], [1.4382210000000006, 42.19125400000001], [1.4380439999999999, 42.19122600000001], [1.437761000000001, 42.191222999999994], [1.4374950000000006, 42.191226000000015], [1.4370400000000012, 42.191201999999976], [1.4366550000000005, 42.191197999999986], [1.436273, 42.191209000000015], [1.4360570000000008, 42.19124800000003], [1.435991, 42.19127700000001], [1.4358150000000005, 42.191269], [1.4356370000000007, 42.19124199999999], [1.4354670000000005, 42.191236999999994], [1.435262, 42.19125900000001], [1.4350800000000004, 42.19123400000002], [1.4348980000000002, 42.191172000000016], [1.4346370000000006, 42.191078000000005], [1.4343239999999997, 42.19099400000002], [1.4340830000000007, 42.190897], [1.4338429999999998, 42.19078400000002], [1.4336239999999998, 42.190666], [1.4334860000000007, 42.190574000000005], [1.4333240000000005, 42.190488], [1.433132, 42.19035000000001], [1.433032000000001, 42.19019900000002], [1.4329700000000003, 42.190050000000014], [1.4329310000000004, 42.19000899999999], [1.432866, 42.18997300000002], [1.4327280000000007, 42.18992999999998], [1.4326090000000005, 42.18987700000001], [1.432557, 42.189809], [1.4324849999999998, 42.18972000000001], [1.4324270000000003, 42.189650000000015], [1.4323459999999997, 42.189572000000005], [1.4321940000000009, 42.189402999999984], [1.4320770000000005, 42.18925499999999], [1.4319830000000002, 42.189102], [1.4318960000000003, 42.188962000000025], [1.4317790000000006, 42.18882299999999], [1.4316100000000005, 42.188679999999984], [1.4315460000000007, 42.18859199999999], [1.4315360000000004, 42.18853000000001], [1.4313650000000004, 42.188519], [1.431063, 42.188491000000006], [1.4309080000000005, 42.188518999999985], [1.4308170000000004, 42.188554999999994], [1.4307330000000003, 42.18858699999999], [1.4306580000000007, 42.188562000000005], [1.430663000000001, 42.18844100000001], [1.4307250000000007, 42.18820100000001], [1.4306829999999997, 42.18804200000002], [1.4305350000000006, 42.18784300000002], [1.4304120000000007, 42.187694999999984], [1.4302989999999998, 42.18756400000001], [1.4302870000000008, 42.187521000000004], [1.4302320000000008, 42.187484], [1.4301370000000002, 42.18746300000001], [1.4299900000000003, 42.18744200000001], [1.4298600000000004, 42.187429], [1.4297480000000007, 42.18736500000001], [1.4297200000000003, 42.187293], [1.429698000000001, 42.18718100000001], [1.429636000000001, 42.18707199999998], [1.4295420000000008, 42.186957], [1.4294260000000003, 42.186832], [1.4293320000000005, 42.18666199999999], [1.4292420000000003, 42.18643900000001], [1.429130000000001, 42.186261000000016], [1.429003, 42.186147], [1.4287740000000007, 42.18607599999999], [1.428528, 42.18606000000001], [1.4283690000000009, 42.186082], [1.4281830000000002, 42.186116999999996], [1.4279509999999997, 42.186107000000014], [1.4277680000000001, 42.18606900000002], [1.4275730000000002, 42.18598400000002], [1.4273400000000003, 42.18588100000001], [1.4271540000000005, 42.18583900000001], [1.426992, 42.18581600000002], [1.4268110000000012, 42.185752999999984], [1.426565000000001, 42.18571700000001], [1.4262120000000003, 42.18568299999999], [1.4263760000000012, 42.18545799999999], [1.4265430000000001, 42.185231000000016], [1.4266650000000007, 42.185074000000014], [1.4267300000000005, 42.184998000000014], [1.4270819999999997, 42.18481700000002], [1.4274010000000004, 42.18462700000002], [1.4277110000000004, 42.184435], [1.4279500000000005, 42.184251], [1.4278940000000004, 42.184217000000004], [1.4278360000000003, 42.18412899999999], [1.4277380000000006, 42.183896000000004], [1.4276180000000003, 42.183597999999996], [1.4275530000000005, 42.183416], [1.4275280000000004, 42.18323099999999], [1.4273070000000003, 42.183403000000006], [1.4271570000000005, 42.18345599999999], [1.4269700000000003, 42.183484], [1.4266100000000006, 42.183298], [1.4261400000000006, 42.183118], [1.4257230000000007, 42.18297999999998], [1.4254170000000008, 42.182915000000015], [1.4254360000000006, 42.183001000000004], [1.425419, 42.183065000000006], [1.4253650000000004, 42.18312000000001], [1.425250000000001, 42.18313299999999], [1.4248000000000012, 42.18305299999999], [1.4244849235241965, 42.18302893202332], [1.424482678608713, 42.18311933164404], [1.4235748100138959, 42.18310685694197], [1.4235753877670425, 42.183083605062166], [1.4235100000000007, 42.18309399999998], [1.4234510000000007, 42.183097], [1.423378000000001, 42.183083999999994], [1.4232390000000001, 42.18305999999999], [1.4231550000000002, 42.18305900000001], [1.4230530000000001, 42.183021000000004], [1.4229500000000004, 42.18299300000001], [1.4228380000000005, 42.18300399999998], [1.4226970000000005, 42.183005000000016], [1.4226030000000003, 42.182926], [1.4224730762834448, 42.182866557799514], [1.4223699162587915, 42.182865138868834], [1.4223704805593742, 42.18284244555312], [1.4223620000000015, 42.182840999999996], [1.4222470000000007, 42.182823000000006], [1.422093, 42.18284900000001], [1.4219960000000005, 42.182860999999995], [1.4218180000000007, 42.18283500000001], [1.4216480000000002, 42.182854000000006], [1.4215110000000004, 42.182936], [1.4214019999999998, 42.183055999999986], [1.4212730000000005, 42.18299100000001], [1.4210670000000007, 42.18290300000002], [1.4209120000000002, 42.182878], [1.420709, 42.18284], [1.4205749999999997, 42.182801], [1.420352000000001, 42.182837000000006], [1.420146, 42.18282300000001], [1.4200030000000006, 42.18278699999999], [1.4198990000000007, 42.18273800000001], [1.4198030000000004, 42.182676000000015], [1.419764, 42.18261299999998], [1.4197530000000003, 42.18247500000002], [1.4197660000000005, 42.18235400000002], [1.419757, 42.18224699999999], [1.4197160000000006, 42.182189999999984], [1.4196730111520495, 42.18215255811335], [1.4193605272701861, 42.18214825209723], [1.4193493125211474, 42.18259839942268], [1.4190466928250525, 42.18259422848699], [1.4190354756747197, 42.18304437570914], [1.41873285389776, 42.18304020391008], [1.4187216343460292, 42.18349035102894], [1.4184190104881715, 42.1834861783665], [1.4184077885349402, 42.18393632538202], [1.4181051625961507, 42.183932151856176], [1.418099550450803, 42.184157225317], [1.4162837897301153, 42.184132167208226], [1.4162950268271155, 42.18368202067012], [1.4159924024100703, 42.183677841591326], [1.4160036413952501, 42.18322769508087], [1.4157010191874442, 42.18322351526968], [1.4157284231920688, 42.18212608987712], [1.4153829999999994, 42.18231399999999], [1.4150430000000012, 42.182498999999986], [1.4147670000000003, 42.18259700000001], [1.414498, 42.182680000000005], [1.4142500000000005, 42.182755], [1.4140510000000008, 42.18278699999998], [1.4138870000000008, 42.18278500000001], [1.4137780000000004, 42.182767], [1.4137020000000005, 42.18277499999999], [1.4135960000000005, 42.18290100000001], [1.4134770000000008, 42.18301600000001], [1.4133850000000006, 42.183059], [1.4132920000000002, 42.18306900000001], [1.4130390000000008, 42.182964000000005], [1.4127760000000005, 42.182797999999984], [1.412506, 42.182617999999984], [1.4122839999999999, 42.18247500000002], [1.4120520000000005, 42.182378000000014], [1.4117080000000002, 42.182252000000005], [1.4113580000000008, 42.182174], [1.4110330000000002, 42.18210499999998], [1.4106970000000005, 42.18205100000001], [1.4105019999999997, 42.18198900000002], [1.4102220000000003, 42.181877000000014], [1.409975, 42.18174299999999], [1.409798, 42.18163800000001], [1.4095680000000004, 42.18148999999999], [1.4093830000000005, 42.181348], [1.4093610000000005, 42.181331000000014], [1.4092710000000004, 42.18125900000001], [1.4092090000000004, 42.18117000000001], [1.4091740000000001, 42.181103], [1.4091150000000006, 42.18095900000002], [1.4090600000000004, 42.180832], [1.4090230000000001, 42.18068200000002], [1.4089900000000002, 42.18055700000001], [1.4089870000000002, 42.180485000000004], [1.4090060000000004, 42.18042299999999], [1.409049, 42.180279999999996], [1.409113000000001, 42.180161000000005], [1.4092160000000002, 42.180066000000004], [1.4093810000000002, 42.18001499999998], [1.4096409999999997, 42.179938], [1.4099750000000004, 42.179868], [1.4100800000000002, 42.179866000000004], [1.4101170000000005, 42.179877000000026], [1.4101550000000003, 42.17980500000001], [1.410108000000001, 42.179699], [1.4100739999999994, 42.179629000000006], [1.4100810000000008, 42.17956600000001], [1.4100900000000005, 42.17944400000001], [1.4101170000000003, 42.179264], [1.4101590000000008, 42.179118000000024], [1.410205, 42.179041999999995], [1.4102520000000003, 42.178966], [1.4102920000000012, 42.17891399999998], [1.4101320000000002, 42.178958000000016], [1.4099000000000002, 42.17894799999999], [1.4095630000000006, 42.178920999999995], [1.4092370000000003, 42.178888], [1.4089650000000002, 42.17880100000001], [1.4086340000000006, 42.178694], [1.4084055035982828, 42.178619490494825], [1.408248418252927, 42.178617310556845], [1.4082427721982769, 42.178842383152066], [1.4076375719448377, 42.178833982491], [1.4076319236811716, 42.17905905501086], [1.4073293225790209, 42.17905485345065], [1.4073236731785495, 42.179279925928086], [1.4070210710687012, 42.17927572353712], [1.4070154205313994, 42.17950079597212], [1.406712817413856, 42.17949659275037], [1.4067071657396997, 42.179721665142914], [1.4064045616144623, 42.17971746109038], [1.406398908803427, 42.17994253344048], [1.4051884886594344, 42.17992570912005], [1.4051828314945902, 42.18015078132874], [1.403972408095787, 42.180133944110885], [1.4039780695498256, 42.17990887203423], [1.4018598385993573, 42.17987937641748], [1.4018655074946702, 42.17965430456266], [1.3997472872245351, 42.17962477008383], [1.3997416108232925, 42.17984984170704], [1.3991364034709148, 42.17984139603789], [1.3991307248602347, 42.180066467585384], [1.398896485231979, 42.180063197899514], [1.398879000000001, 42.180203999999996], [1.398818000000001, 42.180358999999996], [1.398711000000001, 42.180577], [1.398581, 42.180806], [1.398465, 42.180965999999984], [1.3984590000000006, 42.181031], [1.3983500000000004, 42.18126799999999], [1.3982240000000001, 42.18146800000002], [1.398103, 42.18164500000002], [1.3980020000000006, 42.181849], [1.3982529999999997, 42.181918000000024], [1.398495000000001, 42.182016000000004], [1.3985800000000004, 42.18207500000001], [1.3986490000000003, 42.18215], [1.3986870000000011, 42.182220999999984], [1.3987369999999995, 42.18233500000001], [1.3987660000000013, 42.18241399999999], [1.3988500000000006, 42.18246400000001], [1.3990410000000004, 42.18254000000002], [1.3992810000000007, 42.182617999999984], [1.39949, 42.18266400000002], [1.3996190000000004, 42.182715000000016], [1.3997770000000003, 42.182807000000004], [1.3998610000000005, 42.18290100000001], [1.40002, 42.183036], [1.4001890000000003, 42.18311200000001], [1.4004320000000001, 42.18318399999999], [1.4006100000000006, 42.18327299999999], [1.4008450000000006, 42.183414000000006], [1.4010920000000004, 42.183535000000006], [1.4014379999999997, 42.18369400000003], [1.4018550000000005, 42.183854], [1.4023210000000004, 42.184017], [1.4027220000000002, 42.18415199999999], [1.4031460000000004, 42.184307000000004], [1.4035539999999997, 42.184458000000014], [1.403929, 42.18459300000002], [1.404165, 42.18469199999999], [1.4039609999999993, 42.185007], [1.4036750000000002, 42.18556799999999], [1.4034860000000002, 42.18592000000002], [1.403283000000001, 42.18627100000001], [1.402803, 42.18606400000001], [1.4022300000000005, 42.18580999999999], [1.401689000000001, 42.18558300000001], [1.401138, 42.185378000000014], [1.4005389999999995, 42.18514], [1.3998680000000012, 42.184856], [1.3994519999999997, 42.18467100000002], [1.39897, 42.184419000000005], [1.3983539999999999, 42.18414400000002], [1.3977950000000003, 42.18394399999998], [1.3971550000000008, 42.18365099999999], [1.3966460000000007, 42.183424000000024], [1.3959270000000004, 42.18307200000001], [1.3956910000000005, 42.18296500000002], [1.3953510000000005, 42.182923], [1.394878, 42.18284200000001], [1.3943769999999995, 42.18272700000001], [1.393931000000001, 42.18256099999999], [1.393405, 42.182427999999994], [1.392981, 42.18230499999999], [1.3926950000000007, 42.18222299999999], [1.3923860000000008, 42.18210499999998], [1.3921100000000004, 42.181967000000014], [1.3917740000000014, 42.181734000000006], [1.3914560000000007, 42.18155], [1.391224639967279, 42.18147026874259], [1.3912230778030223, 42.181531877139406]], [[1.440979266215889, 42.177040518182054], [1.441584459073346, 42.17704874267443], [1.4415789315383096, 42.177273818939604], [1.4412763340057726, 42.17726970706008], [1.4412708053353374, 42.17749478328354], [1.4400604115482014, 42.177478327658314], [1.440065944507551, 42.17725325156389], [1.4394607501377672, 42.17724501902898], [1.4394662851783149, 42.177019942989666], [1.4391636891605097, 42.1770158255578], [1.439169225210005, 42.17679074954134], [1.4409847958321695, 42.17681544197195], [1.440979266215889, 42.177040518182054]], [[1.4356993371451805, 42.19475555724346], [1.4360020172716357, 42.19475968520986], [1.4359964664996792, 42.194984760178954], [1.4362991477627494, 42.194988887379445], [1.4362824982858111, 42.19566411232704], [1.4365851828319052, 42.19566823882632], [1.4365740850099058, 42.19611838880882], [1.4362713983173543, 42.19611426224483], [1.4362658482379742, 42.19633933718953], [1.4353577853212425, 42.1963269526105], [1.4353633386203586, 42.19610187776291], [1.4347579658063652, 42.196093617450025], [1.4347635211884713, 42.195868542657756], [1.4344608359499427, 42.195864411336224], [1.4344719486700923, 42.195414261788095], [1.4341692656414915, 42.19541012973306], [1.4341859374649628, 42.19473490543716], [1.4353966570821795, 42.19475142847877], [1.4354022099370114, 42.19452635356498], [1.4357048889268542, 42.19453048229729], [1.4356993371451805, 42.19475555724346]], [[1.4482691159466363, 42.176013616464026], [1.4470587463794418, 42.17599723513712], [1.4470697620310848, 42.17554708132521], [1.4482801230210314, 42.17556346239518], [1.4482691159466363, 42.176013616464026]], [[1.3939880000000011, 42.21740000000002], [1.394023000000001, 42.21739399999998], [1.3940450000000006, 42.217378000000004], [1.394088000000001, 42.21735400000001], [1.3941220000000005, 42.21733900000002], [1.394176, 42.217317999999985], [1.3942450000000002, 42.21729899999999], [1.3943510000000003, 42.21727200000002], [1.3941879999999995, 42.21710999999998], [1.3940850000000007, 42.21699500000002], [1.3939819999999998, 42.21682100000001], [1.3939260000000002, 42.21669100000001], [1.3938920000000001, 42.216637], [1.3938350000000008, 42.216604000000004], [1.393764000000001, 42.216564], [1.393677000000001, 42.216506999999986], [1.393455, 42.216347000000006], [1.3932860000000005, 42.216234], [1.3930400000000007, 42.216091], [1.392857, 42.216007], [1.3925650000000005, 42.215835000000006], [1.3922470000000005, 42.21560200000001], [1.3916170000000003, 42.21560000000002], [1.3909830000000003, 42.21560000000003], [1.3904540000000007, 42.215616], [1.3900200000000005, 42.21562400000002], [1.3893860000000005, 42.215656], [1.3889570000000004, 42.215707000000016], [1.3889020000000005, 42.21567799999999], [1.3886040000000004, 42.21571300000001], [1.3885910000000004, 42.21563699999999], [1.3885850000000002, 42.21550700000002], [1.3886430000000003, 42.215264999999995], [1.3885720000000006, 42.21511999999999], [1.3885120000000002, 42.214980000000004], [1.388443, 42.21481299999999], [1.3884230000000002, 42.214707000000004], [1.388407, 42.21464400000001], [1.388384, 42.21458399999999], [1.3883700000000012, 42.21454900000001], [1.3883380000000012, 42.214517000000015], [1.3882470000000002, 42.214480000000016], [1.3880060000000003, 42.214393000000015], [1.3879390000000003, 42.214361], [1.3878949999999997, 42.21431900000002], [1.3878660000000003, 42.214265000000005], [1.3878530000000007, 42.214203999999995], [1.3877060000000003, 42.214074999999994], [1.3876460000000002, 42.213964999999995], [1.3875630000000003, 42.213850999999984], [1.3874990000000005, 42.213759999999986], [1.3874790000000004, 42.21369099999999], [1.3874509999999998, 42.21361600000002], [1.3874310000000003, 42.213559], [1.3874230000000005, 42.21349800000002], [1.387419, 42.21345], [1.387433, 42.21340300000001], [1.3874510000000004, 42.21337100000001], [1.3872240000000007, 42.21338900000001], [1.3870670000000005, 42.213387999999995], [1.3869770000000006, 42.213388], [1.3869049999999998, 42.21338], [1.386813000000001, 42.213348999999994], [1.3867410000000002, 42.213325000000005], [1.3866930000000008, 42.213299], [1.3866580000000002, 42.213271], [1.3866210000000003, 42.21322599999999], [1.3865869999999998, 42.213164000000006], [1.3865520000000002, 42.213085], [1.3865100000000006, 42.212927000000015], [1.3864699999999996, 42.21277200000002], [1.386467, 42.212721], [1.3864610000000004, 42.212633000000004], [1.3864340000000013, 42.21250599999999], [1.3864060000000005, 42.212362], [1.3864060000000002, 42.212278000000005], [1.3864, 42.21218700000001], [1.3864070000000006, 42.21211099999999], [1.3864439999999998, 42.21183699999999], [1.386552, 42.21152000000001], [1.3866339999999997, 42.21133], [1.3868000000000005, 42.21103400000001], [1.387011, 42.210675000000016], [1.3872720000000007, 42.21021499999999], [1.3873870000000006, 42.210049000000005], [1.387498, 42.209937000000004], [1.3875750000000002, 42.209879], [1.3877310000000007, 42.20980000000001], [1.3879310000000005, 42.20974900000001], [1.3881350000000008, 42.20973500000001], [1.3883149999999997, 42.20973099999999], [1.388489, 42.209772], [1.388637, 42.209868], [1.3887940000000014, 42.209960999999986], [1.3889370000000008, 42.21006800000001], [1.3890840000000004, 42.210193000000004], [1.389256000000001, 42.21036400000001], [1.3895050000000007, 42.210601000000004], [1.3896869999999997, 42.210815999999994], [1.3899280000000003, 42.21107500000001], [1.3900780000000004, 42.21126900000002], [1.3902690000000004, 42.21156099999999], [1.3903470000000013, 42.21172499999999], [1.3903990000000008, 42.21188000000002], [1.390425, 42.212011000000004], [1.3906470000000004, 42.21182400000001], [1.390963, 42.21158100000001], [1.3910889999999998, 42.211481], [1.3911880000000008, 42.21143099999999], [1.391417000000001, 42.21135000000002], [1.3917090000000003, 42.211259], [1.392062, 42.21119600000001], [1.3921490000000007, 42.21116599999999], [1.3922160000000003, 42.211165], [1.3922800000000002, 42.211158999999995], [1.392346000000001, 42.211155], [1.3923860000000001, 42.21115000000001], [1.3924680000000005, 42.21111399999999], [1.3926670000000003, 42.21096600000002], [1.3929300000000007, 42.21077399999999], [1.3931720000000005, 42.210634999999996], [1.393367000000001, 42.21057499999999], [1.3936730000000002, 42.210379], [1.3938570000000001, 42.210264999999985], [1.3941740000000007, 42.210117999999994], [1.3943510000000006, 42.21004299999999], [1.3945080000000005, 42.20999200000001], [1.3945940000000001, 42.20996900000002], [1.3947060000000002, 42.209922], [1.39498, 42.20983900000002], [1.3951940000000012, 42.20980800000001], [1.395382, 42.20980800000002], [1.3955060000000001, 42.209828999999985], [1.3956120000000007, 42.20984400000001], [1.3957170000000005, 42.209853000000024], [1.395766, 42.20985], [1.3957970000000004, 42.209849], [1.3959280000000003, 42.209824000000005], [1.3960810000000006, 42.209751], [1.3963520000000005, 42.209641], [1.3964949999999998, 42.209572], [1.3966040000000004, 42.20951700000001], [1.3966890000000007, 42.20949900000001], [1.3968520000000004, 42.209500000000006], [1.39724, 42.209513], [1.397336, 42.209529], [1.3973880000000007, 42.209531999999996], [1.3974460000000013, 42.209517000000005], [1.3974840000000004, 42.209489999999995], [1.3974940000000005, 42.20943200000002], [1.3974850000000012, 42.20934599999999], [1.397472, 42.209259999999986], [1.3973580000000005, 42.20913199999998], [1.39727, 42.20896399999997], [1.397189, 42.20880000000002], [1.397113, 42.208578000000024], [1.3970360000000002, 42.20839700000002], [1.3970040000000006, 42.208267], [1.3970030000000004, 42.208186000000005], [1.397022000000001, 42.20810700000001], [1.3970560000000005, 42.20803700000002], [1.3971240000000005, 42.207950999999994], [1.397186000000001, 42.207899000000005], [1.3973170000000001, 42.207858], [1.3974180000000005, 42.20783100000002], [1.3975189999999997, 42.207824], [1.397661000000001, 42.207841], [1.39783, 42.207876999999996], [1.398032, 42.207942], [1.398222000000001, 42.20801100000002], [1.3983870000000005, 42.20806300000001], [1.3985330000000005, 42.208122000000024], [1.3987650000000007, 42.20819899999999], [1.3989490000000007, 42.20826799999999], [1.3990800000000008, 42.208274999999986], [1.3991860000000003, 42.20828999999999], [1.3992790000000002, 42.20829400000001], [1.3993450000000003, 42.20828300000002], [1.3993679999999995, 42.20821700000002], [1.3993490000000008, 42.20812299999999], [1.399314, 42.208026], [1.3992870000000004, 42.207918], [1.399282000000001, 42.207844], [1.3992800000000005, 42.20777499999999], [1.3992880000000008, 42.20772000000001], [1.3993259999999998, 42.207665999999996], [1.3994950000000002, 42.207467], [1.3997370000000005, 42.207080000000005], [1.4000569999999999, 42.20655300000001], [1.4002949999999996, 42.20610000000003], [1.4003660000000004, 42.205829000000016], [1.4003810000000008, 42.20560199999999], [1.400351, 42.20544700000001], [1.400334, 42.205321000000005], [1.4003060000000007, 42.20523699999999], [1.4003260000000002, 42.205122999999986], [1.4004010000000005, 42.20499300000002], [1.4005400000000006, 42.20482500000001], [1.4007290000000001, 42.204657], [1.400905000000001, 42.204523999999985], [1.4011369999999999, 42.204374999999985], [1.4013720000000014, 42.20422799999999], [1.4013960000000005, 42.204206], [1.4014010000000006, 42.20422200000001], [1.4014850000000003, 42.20440000000001], [1.401728000000001, 42.204774000000015], [1.401956, 42.20508], [1.40198, 42.20514999999999], [1.4020300000000008, 42.205365000000015], [1.4020600000000003, 42.205499999999994], [1.4020250000000003, 42.205726000000006], [1.401989000000001, 42.205823], [1.401914, 42.205955], [1.4017820000000005, 42.20622199999999], [1.4016650000000006, 42.206481000000004], [1.4015640000000007, 42.20672500000001], [1.4014410000000008, 42.207038], [1.4013920000000004, 42.2073], [1.401374, 42.207559], [1.4013809999999995, 42.207692], [1.401415, 42.20791300000001], [1.401469, 42.20812900000001], [1.4015210000000005, 42.20839700000001], [1.4015560000000002, 42.208490999999995], [1.4015890000000004, 42.20858800000001], [1.401614, 42.20868699999999], [1.4016320000000009, 42.208776999999984], [1.4016500000000003, 42.20887399999998], [1.4016820000000003, 42.20896300000001], [1.4017110000000002, 42.209027000000006], [1.4018060000000003, 42.20915700000002], [1.4019430000000008, 42.20931100000001], [1.4021020000000004, 42.209508], [1.4021580000000005, 42.20953500000001], [1.402238, 42.209587000000006], [1.4022990000000004, 42.209631], [1.4023460000000003, 42.20967000000002], [1.4023870000000007, 42.20971100000001], [1.402424000000001, 42.209721], [1.4025060000000003, 42.209747], [1.4025620000000014, 42.209786], [1.4025460000000005, 42.209833000000025], [1.4025280000000004, 42.20986699999999], [1.4024590000000003, 42.209941000000015], [1.4024230000000002, 42.209979000000004], [1.402415, 42.21001400000002], [1.402416000000001, 42.210047], [1.4024430000000008, 42.210092], [1.402466, 42.21010900000001], [1.4025460000000005, 42.210133000000006], [1.4027290000000003, 42.21016600000002], [1.4028659999999995, 42.21019500000001], [1.4029560000000012, 42.21022399999997], [1.4030380000000005, 42.210272000000025], [1.403118, 42.21032700000001], [1.4032140000000006, 42.210391999999985], [1.403312, 42.21046400000002], [1.403267, 42.21027099999999], [1.4031850000000003, 42.210113000000014], [1.403134, 42.20998800000001], [1.40311, 42.20989699999999], [1.4030930000000008, 42.209797], [1.4030870000000009, 42.20972900000001], [1.4030850000000004, 42.20966600000001], [1.403094000000001, 42.209604], [1.4031060000000002, 42.209565], [1.4031150000000001, 42.209536000000014], [1.4031490000000006, 42.20950200000001], [1.4031910000000003, 42.209460000000014], [1.4032439999999997, 42.20944099999999], [1.4035360000000003, 42.20941400000001], [1.403685000000001, 42.20938900000002], [1.403841, 42.20934299999999], [1.4041250000000003, 42.209249], [1.4043600000000007, 42.209149], [1.4046600000000005, 42.209014], [1.4051090000000004, 42.208824000000014], [1.4055849999999999, 42.208642], [1.4059080000000006, 42.208517000000015], [1.4061780000000002, 42.20839700000002], [1.4064630000000011, 42.208320000000015], [1.4065929999999998, 42.208283000000016], [1.4067149999999997, 42.208259999999996], [1.40682, 42.208284], [1.4069690000000006, 42.20831599999999], [1.4070600000000004, 42.208347999999994], [1.4071419999999997, 42.20839700000002], [1.4072540000000004, 42.20844599999999], [1.407292, 42.20845600000001], [1.4074700000000004, 42.20846199999999], [1.4080220000000012, 42.208443999999986], [1.4082450000000009, 42.208447], [1.4082730000000003, 42.20845400000001], [1.4083829999999997, 42.20846199999998], [1.408588, 42.20851499999999], [1.408991000000001, 42.20855899999999], [1.4092610000000008, 42.20858400000001], [1.4093290000000007, 42.208606], [1.409566, 42.208619999999996], [1.4096230000000005, 42.208637], [1.4096979999999997, 42.208665], [1.4097870000000006, 42.20870099999998], [1.4099580000000007, 42.20877399999999], [1.4101540000000004, 42.20886000000001], [1.4102770000000002, 42.20890600000001], [1.4104190000000003, 42.20893600000001], [1.4105920000000007, 42.20897799999999], [1.4108000000000003, 42.209021000000014], [1.4109449999999997, 42.20905400000001], [1.41112, 42.209097000000014], [1.4111930000000004, 42.20912900000001], [1.4112470000000006, 42.209167], [1.411286, 42.209141], [1.411359000000001, 42.209144000000016], [1.4114510000000005, 42.209162000000006], [1.4115090000000003, 42.20916999999999], [1.411534, 42.20916299999998], [1.4115489999999995, 42.20913900000001], [1.4115910000000014, 42.208995], [1.4116270000000004, 42.20904899999999], [1.4116870000000001, 42.20910599999999], [1.4117440000000008, 42.20914700000001], [1.4118229999999998, 42.20921400000001], [1.411931, 42.209300999999996], [1.4120150000000007, 42.209399000000005], [1.4120880000000005, 42.20951600000001], [1.4122060000000005, 42.20962800000002], [1.4122960000000002, 42.209712], [1.4124210000000006, 42.209807], [1.4125210000000006, 42.20987600000001], [1.412648, 42.209937000000004], [1.4127760000000003, 42.21000200000001], [1.412973, 42.21010999999998], [1.4130740000000006, 42.21019999999999], [1.413128, 42.210266], [1.413159000000001, 42.210334], [1.4131970000000005, 42.210446], [1.4132330000000004, 42.210497999999994], [1.413262, 42.210524], [1.4133150000000003, 42.210632], [1.4133890000000007, 42.210731], [1.4134330000000004, 42.210842000000014], [1.4131850000000001, 42.210816], [1.4127610000000006, 42.21076500000001], [1.4127650000000005, 42.210783000000006], [1.4127760000000007, 42.210809999999995], [1.412817, 42.210857999999995], [1.4128900000000002, 42.210948999999985], [1.4129740000000006, 42.211065], [1.413071, 42.211200000000005], [1.4131950000000004, 42.21138800000001], [1.4132410000000002, 42.21146600000001], [1.4132439999999995, 42.211511999999985], [1.4132330000000008, 42.21153900000002], [1.4132149999999997, 42.211571000000006], [1.4131899999999995, 42.211612], [1.4131620000000003, 42.211678000000006], [1.4131300000000002, 42.21174800000001], [1.4131, 42.211848999999994], [1.413078000000001, 42.211929000000005], [1.4130460000000011, 42.211977999999995], [1.413008000000001, 42.212006], [1.412983000000001, 42.21200899999999], [1.4129730000000003, 42.212005], [1.412962000000001, 42.21199199999999], [1.4129580000000006, 42.21197500000001], [1.4129419999999997, 42.21192100000001], [1.4129179999999997, 42.211852999999984], [1.4128830000000006, 42.21176499999999], [1.412822, 42.211685000000024], [1.412730000000001, 42.211573], [1.412624, 42.211496000000004], [1.4125490000000007, 42.21145400000002], [1.4125540000000003, 42.211539000000016], [1.4125850000000004, 42.211758], [1.4126190000000003, 42.21198700000001], [1.4127300000000003, 42.212054], [1.4127890000000003, 42.21212299999998], [1.412822, 42.212196], [1.412838000000001, 42.21225799999997], [1.4128590000000005, 42.21235200000001], [1.412904, 42.21251000000002], [1.412975, 42.212797000000016], [1.4130200000000002, 42.212896000000015], [1.4130590000000003, 42.21297200000001], [1.4130880000000003, 42.21301100000001], [1.4131130000000003, 42.21303399999998], [1.4131490000000007, 42.21305600000001], [1.4132090000000006, 42.21307900000001], [1.4132370000000003, 42.213083999999995], [1.4132650000000007, 42.21308700000002], [1.413292, 42.21308100000001], [1.4133190000000007, 42.21305299999999], [1.4133479999999998, 42.21302400000001], [1.413370000000001, 42.21300599999999], [1.4133880000000005, 42.21299399999999], [1.413425, 42.212990000000005], [1.4134780000000007, 42.213004000000005], [1.4135190000000002, 42.213014], [1.4133610000000003, 42.213173999999995], [1.41321, 42.213299000000006], [1.412981000000001, 42.21345399999999], [1.4128060000000002, 42.213553], [1.4127930000000009, 42.21359700000003], [1.412783, 42.21368399999999], [1.4128670000000005, 42.21366199999999], [1.4131930000000006, 42.21353100000001], [1.4136370000000011, 42.213312], [1.4140350000000004, 42.21315400000001], [1.4142590000000008, 42.213104], [1.414396, 42.213097], [1.4144619999999999, 42.21310799999999], [1.4145200000000002, 42.213121000000015], [1.414591000000001, 42.213142], [1.4146600000000003, 42.213176], [1.414718, 42.213163], [1.4147589999999999, 42.21316400000001], [1.4148629999999995, 42.21318000000002], [1.415012, 42.21320599999999], [1.4150130000000005, 42.213308000000005], [1.4150030000000005, 42.213395000000006], [1.4149930000000008, 42.21345899999999], [1.414998, 42.213518], [1.4150180000000003, 42.213573999999994], [1.4150350000000007, 42.21361100000002], [1.415067, 42.21365500000001], [1.415081, 42.213691000000004], [1.415074, 42.21375100000001], [1.4150420000000006, 42.213885000000005], [1.4150090000000008, 42.214001], [1.4150510000000003, 42.214058], [1.4150770000000004, 42.214098], [1.4151410000000009, 42.21418200000001], [1.4151510000000003, 42.21423400000001], [1.4151539999999996, 42.214299], [1.4151310000000001, 42.214384], [1.415121000000001, 42.214466000000016], [1.4150860000000003, 42.214534], [1.4150260000000003, 42.21455600000001], [1.4149220000000005, 42.214568000000014], [1.4147420000000002, 42.214566000000005], [1.414477, 42.21454299999999], [1.4143640000000004, 42.214521000000005], [1.4141860000000004, 42.21446899999999], [1.4139640000000007, 42.21438800000002], [1.4136600000000004, 42.21429399999999], [1.4134360000000004, 42.21423699999999], [1.4131970000000003, 42.21420600000001], [1.412978, 42.21420100000001], [1.4129260000000008, 42.214211999999996], [1.4128450000000006, 42.214233000000014], [1.4128330000000002, 42.214231999999996], [1.4128420000000008, 42.21410899999999], [1.4128349999999998, 42.214047000000015], [1.4127470000000006, 42.21393800000001], [1.4126430000000005, 42.21380100000001], [1.4124390000000002, 42.21359700000002], [1.412254, 42.213422000000016], [1.412088000000001, 42.213275], [1.411853, 42.21310100000001], [1.4116250000000004, 42.21292900000001], [1.4114370000000005, 42.21279], [1.4112650000000007, 42.212684999999986], [1.4111560000000005, 42.21264], [1.4110100000000005, 42.21256700000002], [1.4109920000000007, 42.212546], [1.4109810000000003, 42.212514], [1.4109750000000005, 42.21247700000003], [1.4109600000000007, 42.212441999999996], [1.4109370000000008, 42.212413], [1.4108910000000003, 42.21239300000003], [1.4107990000000001, 42.212356000000014], [1.410701, 42.21230700000002], [1.4107, 42.212221000000014], [1.410682, 42.21218700000001], [1.4106630000000007, 42.212155999999986], [1.4106240000000005, 42.212105999999984], [1.4105499999999995, 42.21203600000001], [1.4103100000000006, 42.21189900000003], [1.410099, 42.21179400000001], [1.4098449999999998, 42.21168700000001], [1.409568, 42.21162299999998], [1.4092380000000009, 42.21155799999998], [1.408916, 42.211538000000004], [1.4084240000000003, 42.211513999999994], [1.4083190000000003, 42.211461000000014], [1.4082010000000007, 42.21140499999999], [1.4081390000000005, 42.21134399999998], [1.408096, 42.211245999999996], [1.4079670000000002, 42.210857999999995], [1.4078960000000007, 42.21075599999998], [1.4078050000000006, 42.210684], [1.4076680000000008, 42.210644000000016], [1.4075770000000012, 42.21063099999999], [1.407407, 42.210646000000004], [1.407199000000001, 42.21070100000001], [1.4069850000000004, 42.21078799999999], [1.4068790000000002, 42.210850000000015], [1.4066760000000005, 42.210872], [1.4063670000000006, 42.21086299999999], [1.40621, 42.210839000000014], [1.4058270000000004, 42.21075200000001], [1.4052880000000003, 42.21061800000002], [1.4050900000000002, 42.210574], [1.4049340000000003, 42.210564], [1.404853, 42.21056699999999], [1.4048100000000006, 42.21058299999999], [1.4047730000000007, 42.210608], [1.404715000000001, 42.21064099999999], [1.4045670000000006, 42.210719000000005], [1.4044440000000002, 42.210806999999996], [1.4043680000000012, 42.21082999999998], [1.404292, 42.21082800000001], [1.4042100000000002, 42.210838000000024], [1.4040060000000005, 42.21083099999998], [1.4038290000000002, 42.210826], [1.4039690000000005, 42.21089799999999], [1.4041210000000008, 42.21095900000001], [1.4041090000000005, 42.21097899999999], [1.4036450000000003, 42.211170999999986], [1.4033010000000004, 42.21128], [1.4029940000000005, 42.211372999999995], [1.4028420000000004, 42.21139299999999], [1.4027750000000005, 42.21138], [1.4023360000000007, 42.211211999999996], [1.4019500000000005, 42.211073], [1.4015380000000004, 42.210955000000006], [1.4012380000000006, 42.21087099999999], [1.4010670000000012, 42.210836999999984], [1.4008580000000002, 42.210812999999995], [1.4006080000000005, 42.210820999999996], [1.400392, 42.21086000000001], [1.4002540000000006, 42.210893000000006], [1.4001070000000002, 42.21093800000001], [1.3999080000000004, 42.21099500000001], [1.3996900000000008, 42.21107900000002], [1.3994810000000002, 42.211147000000004], [1.3992880000000008, 42.21121599999998], [1.3990640000000008, 42.21130599999998], [1.3988360000000009, 42.21138499999999], [1.3985150000000006, 42.211535999999995], [1.3985120000000004, 42.211541000000004], [1.3982790000000003, 42.21166600000001], [1.3981360000000005, 42.21173400000001], [1.3978900000000007, 42.21186799999999], [1.397655000000001, 42.21194900000001], [1.397549000000001, 42.211974000000005], [1.3974240000000007, 42.211987999999984], [1.3972840000000004, 42.211985000000006], [1.3971429999999998, 42.21197099999998], [1.3970630000000002, 42.21197299999999], [1.3969769999999997, 42.21199099999999], [1.396854000000001, 42.212044], [1.3964970000000003, 42.21206699999998], [1.3961539999999997, 42.21209199999999], [1.3959280000000005, 42.212134], [1.3957010000000007, 42.21219300000001], [1.3954290000000005, 42.21218999999999], [1.3950840000000002, 42.21222199999998], [1.3947640000000006, 42.212296], [1.3944450000000002, 42.21234400000001], [1.3941450000000004, 42.21233099999999], [1.393839000000001, 42.21228599999999], [1.3935989999999998, 42.21224], [1.3933760000000008, 42.21216299999998], [1.3932610000000005, 42.212162000000006], [1.3931520000000002, 42.21218000000002], [1.392967, 42.212216], [1.3923420000000013, 42.21239599999998], [1.3918400000000002, 42.21254600000001], [1.3915650000000002, 42.21262500000002], [1.39142, 42.212714000000005], [1.391302, 42.212810000000005], [1.3912090000000001, 42.212889000000004], [1.391071, 42.213033999999986], [1.3909229999999997, 42.21312000000002], [1.3908660000000006, 42.213140999999986], [1.390773, 42.21315], [1.3907090000000006, 42.21314799999998], [1.390623, 42.21313399999998], [1.3905330000000005, 42.21310200000003], [1.3904300000000007, 42.213066], [1.3903570000000005, 42.213039999999985], [1.3903170000000002, 42.21303600000001], [1.3902830000000008, 42.213041], [1.3902400000000001, 42.21306299999999], [1.3901690000000002, 42.213101], [1.3900810000000003, 42.213144], [1.3895990000000007, 42.213313999999976], [1.3891370000000005, 42.21344], [1.3890990000000007, 42.213550999999995], [1.3890790000000002, 42.213640000000005], [1.3890930000000006, 42.213726], [1.3891360000000008, 42.213827000000016], [1.3892450000000003, 42.21400599999999], [1.3894180000000012, 42.214207000000016], [1.3895940000000004, 42.214406], [1.3897750000000006, 42.214594000000005], [1.389837000000001, 42.214662], [1.389882, 42.214701000000005], [1.3899430000000006, 42.214736000000016], [1.3900240000000006, 42.21477500000001], [1.3900950000000005, 42.21480600000002], [1.390167, 42.214823], [1.3902780000000008, 42.214845999999994], [1.390442, 42.21484000000003], [1.390630000000001, 42.214833999999996], [1.3907820000000004, 42.21480099999999], [1.390935000000001, 42.21474200000001], [1.3910530000000005, 42.214697000000015], [1.391111000000001, 42.21466699999999], [1.391189, 42.214648999999994], [1.3912580000000008, 42.21463900000002], [1.391485, 42.214638000000015], [1.3919280000000003, 42.214732999999995], [1.3925710000000002, 42.21486099999999], [1.3930150000000008, 42.21495500000002], [1.3932330000000008, 42.21503800000002], [1.393312000000001, 42.21508499999999], [1.3934220000000002, 42.215173000000014], [1.3935459999999997, 42.215275], [1.3936610000000007, 42.215359000000014], [1.3937639999999998, 42.21542], [1.3940950000000008, 42.215572], [1.3943540000000003, 42.21569699999999], [1.3945240000000005, 42.215801000000006], [1.394665000000001, 42.21588899999999], [1.394823, 42.21597100000002], [1.39501, 42.21603100000002], [1.3951740000000008, 42.216076999999984], [1.395342, 42.216097999999995], [1.3955840000000004, 42.216107999999984], [1.3959280000000003, 42.216153999999996], [1.3962070000000009, 42.21618599999999], [1.3964450000000004, 42.21622300000001], [1.3967150000000004, 42.21629400000002], [1.396822, 42.216341], [1.3968550000000008, 42.216365999999994], [1.396874000000001, 42.216388], [1.3968790000000002, 42.21642000000001], [1.3968760000000005, 42.21643699999998], [1.3969960000000008, 42.216439], [1.3971420000000006, 42.216434], [1.3972600000000008, 42.216424000000025], [1.3974810000000004, 42.21634100000001], [1.3976740000000003, 42.21629300000001], [1.3978140000000008, 42.21625000000001], [1.397946, 42.21622200000001], [1.398106000000001, 42.2162], [1.398259000000001, 42.216182], [1.3984090000000005, 42.21618899999999], [1.3986590000000008, 42.216145999999995], [1.3988490000000005, 42.21613300000001], [1.3990980000000002, 42.21613000000001], [1.3994970000000004, 42.216143], [1.3999150000000005, 42.216185000000024], [1.400354000000001, 42.216217], [1.4006820000000009, 42.216243999999996], [1.4009400000000005, 42.21622300000001], [1.4011070000000003, 42.216209], [1.4012800000000007, 42.21618599999999], [1.4014550000000006, 42.21635100000001], [1.4016480000000002, 42.216547000000006], [1.4018569999999992, 42.21678300000001], [1.4020930000000005, 42.21713000000001], [1.402270000000001, 42.217366000000005], [1.4024360000000002, 42.217614999999995], [1.4025390000000006, 42.21783800000001], [1.4026710000000011, 42.218198999999984], [1.402706, 42.218349], [1.4027219999999998, 42.21845900000002], [1.402725, 42.21877500000001], [1.4026880000000004, 42.21901599999998], [1.4026309999999997, 42.21934300000001], [1.402528, 42.219659000000014], [1.402397, 42.21993100000002], [1.4023540000000008, 42.21999499999999], [1.402281, 42.220116999999995], [1.4022200000000002, 42.220184], [1.4021030000000005, 42.220234000000005], [1.4019740000000007, 42.220263000000024], [1.4018480000000006, 42.220270000000006], [1.4018209999999995, 42.220281], [1.4016710000000001, 42.22039599999999], [1.4015740000000005, 42.22045000000002], [1.401463, 42.220472], [1.4012980000000002, 42.22049200000001], [1.4011930000000001, 42.22050400000001], [1.401027000000001, 42.220497000000016], [1.4008670000000008, 42.22047899999999], [1.4007260000000004, 42.22044099999999], [1.4006370000000001, 42.220393000000016], [1.4005950000000007, 42.220655], [1.4005680000000007, 42.22077299999999], [1.4005169999999998, 42.22087300000002], [1.4004160000000008, 42.22104299999998], [1.4003790000000012, 42.22110700000002], [1.4003510000000001, 42.22111700000001], [1.4002590000000001, 42.22110199999999], [1.3997430000000004, 42.220978999999986], [1.399124, 42.22081200000001], [1.3987630000000006, 42.22071300000001], [1.398288000000001, 42.220603], [1.3981390000000007, 42.22058799999999], [1.3980090000000003, 42.22057700000002], [1.397855, 42.220602], [1.3976410000000008, 42.22065300000001], [1.3975420000000007, 42.220696999999994], [1.3974510000000002, 42.22073900000002], [1.3973530000000005, 42.220780999999995], [1.397162, 42.220897], [1.3971110000000002, 42.220929000000005], [1.397034000000001, 42.220959999999984], [1.3969060000000004, 42.22100800000001], [1.3965740000000006, 42.22110099999999], [1.396406000000001, 42.221143000000005], [1.3962590000000001, 42.221187], [1.3960950000000008, 42.221246], [1.3960249999999998, 42.221272999999975], [1.3959280000000012, 42.221309999999995], [1.3958659999999994, 42.22130700000001], [1.3957630000000008, 42.22131900000001], [1.3956339999999998, 42.22135299999999], [1.395414000000001, 42.221427], [1.3953200000000001, 42.22142999999999], [1.3952410000000004, 42.22143300000002], [1.3951290000000003, 42.221428], [1.3950530000000008, 42.22144200000002], [1.3949890000000003, 42.221455], [1.3949430000000005, 42.221469], [1.3948980000000004, 42.22149099999999], [1.3948460000000003, 42.22151399999999], [1.3947810000000012, 42.221547], [1.3946859999999996, 42.221577000000025], [1.3945960000000006, 42.221596999999996], [1.3945460000000003, 42.221595], [1.394472, 42.221588000000004], [1.3943700000000008, 42.22157500000002], [1.394187, 42.22155500000001], [1.3940320000000004, 42.221477], [1.394063, 42.221300999999976], [1.3941260000000002, 42.221158], [1.394194000000001, 42.22109200000001], [1.3942280000000002, 42.22100599999999], [1.394255, 42.220876999999994], [1.3942360000000005, 42.22079500000002], [1.3941660000000007, 42.220689000000014], [1.3940830000000004, 42.220569999999995], [1.394023, 42.220438999999985], [1.3939809999999997, 42.220315000000014], [1.3939760000000005, 42.22012200000002], [1.393961000000001, 42.220009999999995], [1.393890000000001, 42.21990800000002], [1.3937950000000008, 42.219747], [1.3937470000000007, 42.21970300000001], [1.3936860000000004, 42.219678999999985], [1.3936170000000005, 42.219663], [1.3934860000000004, 42.21965900000001], [1.3933100000000005, 42.21962700000002], [1.3932360000000001, 42.219606000000006], [1.3931580000000001, 42.219561], [1.3930830000000003, 42.219484], [1.39303, 42.21936199999998], [1.3930150000000006, 42.219270000000016], [1.3930280000000006, 42.219200000000015], [1.393051000000001, 42.21911299999998], [1.3931120000000001, 42.21898400000001], [1.3931370000000003, 42.21889900000001], [1.3931360000000013, 42.218782], [1.393121, 42.21853], [1.3930730000000007, 42.21833800000001], [1.3930100000000005, 42.218217], [1.392971999999999, 42.21813900000001], [1.3929580000000001, 42.21807799999999], [1.393032000000001, 42.21799299999999], [1.3930390000000004, 42.217973999999984], [1.3930500000000003, 42.21794700000001], [1.3930909999999996, 42.21783100000002], [1.3931340000000008, 42.217732], [1.3931490000000004, 42.21768100000001], [1.3932180000000005, 42.21761800000001], [1.3932690000000008, 42.217605000000006], [1.3933750000000005, 42.21758099999999], [1.3935340000000003, 42.21755300000001], [1.3936360000000005, 42.21753599999999], [1.3936890000000006, 42.21752800000001], [1.3936990000000007, 42.217503999999984], [1.3937200000000007, 42.21745000000001], [1.3937530000000005, 42.217402], [1.3937800000000005, 42.217397999999996], [1.3938190000000006, 42.21738999999999], [1.3938819999999994, 42.21739200000001], [1.3939360000000007, 42.21739900000001], [1.3939880000000011, 42.21740000000002]], [[1.4046960000000006, 42.214753], [1.4043620000000008, 42.21430300000001], [1.4042440000000005, 42.214127], [1.4043170000000005, 42.214002000000015], [1.4043780000000001, 42.21390599999999], [1.4044180000000002, 42.21383100000001], [1.4044370000000004, 42.213786999999996], [1.4044730000000005, 42.21370699999999], [1.4045470000000002, 42.21356600000002], [1.4046609999999995, 42.21338499999999], [1.4047880000000006, 42.213201999999995], [1.404856, 42.21313399999998], [1.4049579999999995, 42.21303600000001], [1.405038, 42.21297700000002], [1.4052040000000006, 42.212886], [1.4054209999999996, 42.21278000000002], [1.4055920000000006, 42.212690999999985], [1.405685000000001, 42.212643999999976], [1.4058270000000002, 42.21260399999999], [1.4061800000000002, 42.21256700000002], [1.4066170000000007, 42.21256900000002], [1.4069350000000005, 42.212604000000006], [1.4072550000000004, 42.212641999999995], [1.4076030000000002, 42.21270800000001], [1.408027, 42.212807999999995], [1.408517, 42.212876000000016], [1.408705000000001, 42.21288499999999], [1.4092090000000006, 42.212835999999996], [1.409356, 42.212827], [1.409548000000001, 42.21280399999999], [1.4097480000000004, 42.212766999999985], [1.4099640000000009, 42.21271699999999], [1.4101830000000006, 42.21265199999999], [1.4105660000000002, 42.21254499999999], [1.4106780000000008, 42.212493], [1.4107079999999994, 42.21256700000003], [1.4107200000000004, 42.21262300000001], [1.4107160000000003, 42.212672], [1.4106950000000007, 42.212727000000015], [1.410653, 42.212806000000015], [1.4104829999999997, 42.213072], [1.4104090000000005, 42.213164000000006], [1.410372, 42.21324499999999], [1.4103480000000004, 42.213360000000016], [1.4102590000000006, 42.21361400000001], [1.4101810000000006, 42.213711], [1.4101330000000007, 42.21378300000002], [1.4100750000000009, 42.21382800000001], [1.4100000000000004, 42.21385500000003], [1.4098940000000006, 42.21389499999999], [1.4095590000000007, 42.213988000000015], [1.4093400000000007, 42.21405300000001], [1.4091950000000002, 42.214071000000004], [1.4090320000000005, 42.21409999999999], [1.4087920000000012, 42.214173999999986], [1.4086850000000002, 42.214211000000006], [1.4085470000000004, 42.21430800000001], [1.4081060000000007, 42.21454499999998], [1.4078660000000012, 42.21468400000003], [1.4078280000000007, 42.21474300000001], [1.4077970000000004, 42.21481399999999], [1.4077770000000007, 42.21491799999999], [1.4077680000000006, 42.21498399999999], [1.4077760000000001, 42.21506900000001], [1.4077919999999995, 42.215127], [1.407836000000001, 42.21517599999999], [1.4078710000000003, 42.215229], [1.4078909999999998, 42.21529199999999], [1.4079020000000004, 42.215367999999984], [1.4078990000000002, 42.21547000000002], [1.407873, 42.215627999999995], [1.4078200000000003, 42.215751000000004], [1.4077700000000002, 42.215921999999985], [1.4077559999999998, 42.215988], [1.407771, 42.21600300000001], [1.407807, 42.21602399999998], [1.4078440000000003, 42.21603800000001], [1.4078930000000005, 42.21605799999999], [1.407957, 42.216115], [1.4079970000000002, 42.21618699999999], [1.4080309999999998, 42.216269], [1.4080460000000006, 42.216330000000006], [1.408033, 42.216393000000004], [1.4080160000000004, 42.21647300000001], [1.407993000000001, 42.21654599999999], [1.4079560000000007, 42.21661300000001], [1.407912000000001, 42.21666999999999], [1.4078569999999997, 42.21676200000001], [1.4077440000000003, 42.21689100000002], [1.4075360000000001, 42.217023], [1.4072630000000004, 42.21724199999999], [1.4071499999999997, 42.217336999999986], [1.4071120000000001, 42.21742500000001], [1.407105000000001, 42.217479], [1.4071010000000006, 42.21753599999999], [1.4071010000000006, 42.21759700000001], [1.407114, 42.21766499999998], [1.4071470000000013, 42.217777], [1.4071870000000006, 42.217964], [1.4072190000000002, 42.218101999999995], [1.4072320000000007, 42.218202000000005], [1.4072300000000006, 42.218278], [1.4072740000000001, 42.21833000000001], [1.4072330000000004, 42.218439000000004], [1.4072010000000001, 42.218447000000005], [1.4070190000000002, 42.218290000000025], [1.406851, 42.218115999999995], [1.4067299999999996, 42.21798400000002], [1.4066749999999995, 42.21790599999999], [1.4066370000000001, 42.21779399999999], [1.406538000000001, 42.21763800000001], [1.406393, 42.217457999999986], [1.406290000000001, 42.21732], [1.4062500000000004, 42.217227000000015], [1.4062320000000006, 42.217175999999995], [1.406222000000001, 42.21711399999999], [1.4062220000000003, 42.217045000000006], [1.4062300000000003, 42.216970999999994], [1.4059890000000006, 42.21664799999999], [1.4057620000000004, 42.216347000000006], [1.405772, 42.21632500000001], [1.4055730000000006, 42.216048999999984], [1.4054000000000006, 42.21585299999999], [1.4050590000000007, 42.21536899999999], [1.4046960000000006, 42.214753]], [[1.4152449999999999, 42.21446699999999], [1.4152310000000001, 42.21445200000001], [1.4152270000000002, 42.21442799999999], [1.4152439999999995, 42.21438899999998], [1.415287000000001, 42.21432999999998], [1.4153590000000007, 42.214305999999986], [1.4153950000000004, 42.21428300000001], [1.4154380000000002, 42.21422999999999], [1.4155129999999998, 42.214132000000006], [1.4155720000000005, 42.21408700000002], [1.4155960000000007, 42.21408099999999], [1.415624000000001, 42.21409], [1.4156420000000007, 42.21410600000001], [1.4156550000000003, 42.214138], [1.4156510000000004, 42.21416000000001], [1.4156520000000004, 42.21418], [1.415665000000001, 42.214196], [1.415694, 42.214206], [1.4157160000000006, 42.21420299999998], [1.4157359999999999, 42.214201999999986], [1.4157610000000005, 42.21419499999999], [1.4157870000000006, 42.214186000000005], [1.4158070000000005, 42.214190999999985], [1.4158110000000008, 42.214211000000006], [1.4158039999999994, 42.21426900000001], [1.4157680000000006, 42.21433299999999], [1.4157360000000008, 42.21437799999999], [1.4156850000000007, 42.21444000000001], [1.4156370000000005, 42.214489], [1.4156019999999998, 42.214516000000025], [1.4155720000000005, 42.214528], [1.4155360000000003, 42.214521], [1.4154880000000003, 42.21450599999999], [1.415428000000001, 42.214490000000005], [1.415329000000001, 42.21448899999999], [1.415277, 42.21448300000001], [1.4152449999999999, 42.21446699999999]], [[1.4194480000000005, 42.19852799999999], [1.4195340000000007, 42.19855299999999], [1.4196460000000002, 42.19860599999999], [1.4198120000000005, 42.19868400000001], [1.4199460000000002, 42.19877600000001], [1.4200500000000003, 42.198882], [1.420189000000001, 42.199037], [1.4201880000000007, 42.199099], [1.4201700000000002, 42.19925900000001], [1.4201210000000004, 42.19940700000001], [1.4201630000000003, 42.199468999999986], [1.4201040000000014, 42.199535], [1.4200990000000004, 42.199573], [1.420139, 42.199625000000005], [1.4202400000000004, 42.199677], [1.420356, 42.199712], [1.4202160000000006, 42.20001299999999], [1.420156000000001, 42.20018000000002], [1.4200800000000007, 42.200458000000005], [1.419997, 42.200928], [1.4187900000000004, 42.201021000000004], [1.4180630000000003, 42.199933], [1.4179370000000004, 42.199721], [1.417888, 42.199608], [1.4182200000000003, 42.199313000000004], [1.4186040000000006, 42.19892500000002], [1.4189410000000002, 42.198547], [1.4190270000000005, 42.198439], [1.4191720000000003, 42.19844499999999], [1.4192370000000007, 42.198463], [1.4194480000000005, 42.19852799999999]], [[1.4331269999999998, 42.175907999999986], [1.4332020000000003, 42.175929000000004], [1.4332, 42.175947999999984], [1.4332030000000002, 42.176003999999985], [1.4332260000000003, 42.176239], [1.4328540000000005, 42.17632699999999], [1.4324330000000005, 42.17642200000002], [1.4321990000000004, 42.17649499999999], [1.4320650000000004, 42.176332000000016], [1.4319440000000012, 42.176181000000014], [1.43193, 42.176156000000006], [1.4321280000000005, 42.176057], [1.4322570000000006, 42.175958], [1.432331, 42.17589800000001], [1.4323600000000005, 42.175834], [1.4323590000000006, 42.175813999999995], [1.4323950000000005, 42.175809999999984], [1.4325720000000006, 42.175811999999986], [1.4327999999999999, 42.175845], [1.4330160000000003, 42.175892000000005], [1.4331269999999998, 42.175907999999986]], [[1.3853880000000007, 42.18457399999998], [1.3856730000000004, 42.184644], [1.3862750000000006, 42.184781000000015], [1.3866110000000007, 42.184912], [1.3869870000000002, 42.18499300000001], [1.3874020000000002, 42.185086000000005], [1.387782000000001, 42.18518600000002], [1.3879760000000012, 42.185145000000006], [1.3884810000000007, 42.18509199999998], [1.388864, 42.185021], [1.389233000000001, 42.18493699999999], [1.389675, 42.18481499999999], [1.3900620000000004, 42.18465800000003], [1.3902380000000003, 42.184784000000015], [1.3905530000000006, 42.18492700000001], [1.390947, 42.185129999999994], [1.391297, 42.185354], [1.3916490000000008, 42.18550399999999], [1.391495, 42.185811999999984], [1.3913590000000005, 42.18608100000002], [1.3911579999999997, 42.186438], [1.3909990000000008, 42.18679300000001], [1.3909170000000008, 42.187005000000006], [1.3909180000000005, 42.18702299999999], [1.390884, 42.187223], [1.3908420000000001, 42.187386000000025], [1.3906840000000003, 42.187479], [1.390504, 42.187564], [1.3903549999999998, 42.18760600000002], [1.390183, 42.18765299999999], [1.3899390000000003, 42.18771200000001], [1.3898520000000005, 42.18764800000002], [1.3897379999999995, 42.18756400000001], [1.3893640000000007, 42.18731500000003], [1.3890960000000014, 42.18713199999999], [1.3888580000000008, 42.18697300000001], [1.388622, 42.186851000000004], [1.3883469999999998, 42.186748000000016], [1.3880160000000004, 42.186647000000015], [1.387688, 42.18652500000002], [1.3873870000000004, 42.186439000000014], [1.3871820000000004, 42.186374], [1.3869990000000005, 42.18633100000001], [1.3868480000000003, 42.186339999999994], [1.3867779999999996, 42.18641800000001], [1.386746, 42.18654000000001], [1.3867820000000006, 42.18663899999999], [1.3868900000000006, 42.18680200000001], [1.3869969999999998, 42.186999], [1.3870530000000003, 42.187126], [1.3870669999999998, 42.18725100000002], [1.3870259999999999, 42.187416], [1.3869180000000005, 42.187563999999995], [1.3868830000000008, 42.187599999999996], [1.3868140000000004, 42.18766200000002], [1.3867129999999999, 42.18771500000001], [1.3866130000000003, 42.187749], [1.3864600000000007, 42.18779700000001], [1.3863230000000002, 42.187824000000006], [1.386195000000001, 42.187823], [1.3860400000000002, 42.187821], [1.385742000000001, 42.18779399999999], [1.385466, 42.187744], [1.3852700000000013, 42.187693], [1.3851480000000005, 42.18765199999999], [1.385002000000001, 42.187563999999995], [1.384656, 42.18737300000001], [1.3842779999999995, 42.187139], [1.383881, 42.186926], [1.3836540000000004, 42.186752999999996], [1.3835640000000005, 42.186632], [1.383479, 42.186504], [1.3833380000000002, 42.18629399999999], [1.3831880000000008, 42.186097999999994], [1.3830270000000007, 42.185891], [1.3828869999999998, 42.185678], [1.3828480000000005, 42.185536000000006], [1.382862, 42.185402000000025], [1.3828670000000007, 42.18533900000001], [1.382871, 42.185302000000014], [1.382881, 42.185201000000006], [1.3829030000000007, 42.185049999999976], [1.382935000000001, 42.18478699999998], [1.382970000000001, 42.184577999999995], [1.3829840000000002, 42.184563], [1.3830140000000002, 42.184508], [1.3831040000000003, 42.18446600000002], [1.3832660000000003, 42.18445900000001], [1.383546, 42.18448300000001], [1.3839750000000002, 42.184527], [1.3845009999999998, 42.18452], [1.3849979999999997, 42.184549000000004], [1.3853880000000007, 42.18457399999998]], [[1.4062780000000008, 42.18741700000001], [1.4061380000000006, 42.187405000000005], [1.406142, 42.187389], [1.406149, 42.187345], [1.406176, 42.187293999999994], [1.406232, 42.18716700000001], [1.4063600000000005, 42.18692300000002], [1.4065130000000003, 42.186631999999996], [1.4066520000000007, 42.18640700000001], [1.4067930000000008, 42.186128], [1.4068950000000007, 42.185981000000005], [1.4069890000000012, 42.18592000000002], [1.407085, 42.18590900000001], [1.4072, 42.18592600000002], [1.4074170000000006, 42.18595399999999], [1.4075770000000005, 42.18595899999998], [1.4080000000000004, 42.185939], [1.408283, 42.18592099999999], [1.4085650000000005, 42.18584999999999], [1.4088740000000002, 42.185762000000004], [1.4092969999999998, 42.18561700000001], [1.4095280000000008, 42.185515], [1.4097360000000003, 42.185423999999976], [1.4097200000000003, 42.185305], [1.4097430000000009, 42.185223], [1.4098340000000003, 42.18527500000002], [1.4098860000000004, 42.18532199999999], [1.4099140000000008, 42.18531300000001], [1.4099370000000007, 42.18523399999999], [1.409963, 42.18519100000001], [1.409989000000001, 42.18517999999998], [1.410234, 42.185072], [1.410618, 42.184918999999994], [1.4108860000000008, 42.18478199999998], [1.4111460000000005, 42.184628], [1.4114509999999998, 42.18446300000001], [1.411741, 42.184313], [1.4119270000000004, 42.184229], [1.4121010000000003, 42.184201999999985], [1.4123270000000008, 42.184264000000006], [1.4126510000000014, 42.18433000000001], [1.4129290000000003, 42.184449], [1.4133210000000003, 42.18461300000001], [1.413734, 42.184838], [1.4140470000000003, 42.18506500000002], [1.4142740000000005, 42.18523299999999], [1.4145070000000008, 42.185390999999996], [1.414675, 42.185480000000005], [1.4147800000000001, 42.18554199999999], [1.4151670000000005, 42.18570299999998], [1.4154920000000002, 42.18584599999999], [1.4158050000000009, 42.18595199999998], [1.4161330000000005, 42.186122999999995], [1.4164370000000004, 42.186286000000024], [1.4166830000000001, 42.18640600000001], [1.4168900000000004, 42.186527], [1.4170760000000002, 42.18665000000001], [1.4172260000000008, 42.18679799999999], [1.4173000000000011, 42.18687200000001], [1.4174579999999997, 42.18701400000002], [1.417551000000001, 42.18711199999999], [1.417585000000001, 42.187282], [1.4175890000000004, 42.18740400000001], [1.4175960000000005, 42.18748300000002], [1.417588, 42.187563999999995], [1.417549, 42.187810000000006], [1.4175090000000001, 42.188004000000014], [1.4175510000000004, 42.188100000000006], [1.4176320000000002, 42.188191999999994], [1.4176639999999998, 42.18828199999999], [1.4175880000000007, 42.18829099999999], [1.4174420000000005, 42.188314000000005], [1.4173079999999998, 42.18835299999998], [1.4171430000000005, 42.18840300000001], [1.4170270000000005, 42.18843400000001], [1.4168729999999998, 42.18848700000001], [1.4168340000000001, 42.18856699999999], [1.416795, 42.18865500000001], [1.4167130000000006, 42.188779], [1.416555, 42.18889100000001], [1.416321, 42.18902200000002], [1.416136000000001, 42.18905399999998], [1.4159740000000003, 42.18904399999999], [1.4158030000000008, 42.189102], [1.4156800000000005, 42.18913600000001], [1.415569000000001, 42.18915899999999], [1.4154500000000003, 42.18917299999999], [1.415356, 42.18922000000001], [1.4148859999999999, 42.189431000000006], [1.4148130000000005, 42.18946599999998], [1.4147190000000003, 42.18951599999998], [1.414619000000001, 42.189569000000006], [1.4140710000000003, 42.18982500000002], [1.4130940000000005, 42.19012500000001], [1.4125800000000006, 42.190237], [1.412360000000001, 42.190302], [1.4121130000000002, 42.19041099999999], [1.4118380000000004, 42.190535999999994], [1.4117600000000003, 42.190547], [1.4116719999999998, 42.19054599999999], [1.4115140000000006, 42.19052599999999], [1.411275000000001, 42.190496999999986], [1.4111299999999998, 42.19050600000001], [1.4109790000000002, 42.190571000000006], [1.410176, 42.19084499999999], [1.4101540000000004, 42.190855000000006], [1.4100460000000012, 42.19077299999999], [1.409927000000001, 42.190713999999986], [1.409654, 42.190589], [1.4094590000000005, 42.190517], [1.4092990000000007, 42.190486], [1.4092, 42.190486000000014], [1.4091409999999998, 42.19050299999998], [1.4089990000000006, 42.19054599999998], [1.4088210000000005, 42.190615], [1.4087029999999998, 42.190634], [1.4085760000000005, 42.190632], [1.4083159999999997, 42.19060600000002], [1.4080550000000003, 42.19058799999999], [1.4077690000000005, 42.19055900000001], [1.4075150000000005, 42.190554], [1.4072470000000001, 42.19052100000002], [1.4070740000000002, 42.19046100000001], [1.4070370000000003, 42.19042600000002], [1.4070210000000003, 42.190411], [1.406921, 42.19027700000002], [1.4068080000000005, 42.190150999999986], [1.4068249999999995, 42.19014099999999], [1.4070430000000003, 42.189820999999974], [1.4073540000000009, 42.18951700000003], [1.4076190000000006, 42.189286999999986], [1.4077979999999999, 42.189174000000015], [1.4080090000000003, 42.189048000000014], [1.4075980000000001, 42.188446000000006], [1.407265, 42.187824000000006], [1.406605, 42.187564], [1.406478, 42.187482000000024], [1.4062780000000008, 42.18741700000001]]], [[[1.4275479601101986, 42.181585340279966], [1.4275333299603572, 42.182175646694], [1.4275800000000005, 42.18224599999999], [1.4276610000000003, 42.182288000000014], [1.4277270000000006, 42.182327], [1.4277880000000007, 42.18240600000001], [1.4279250000000006, 42.182593999999995], [1.4279880000000007, 42.18273000000001], [1.428160000000001, 42.18266800000001], [1.428107, 42.182512], [1.4280730000000001, 42.18242899999999], [1.4280490000000003, 42.182349], [1.4280450000000007, 42.182289000000004], [1.4280710000000008, 42.182189999999984], [1.4280370000000013, 42.18205999999999], [1.427996000000001, 42.18180900000002], [1.4279309999999996, 42.181787000000014], [1.427925000000001, 42.18182100000002], [1.427863, 42.181834999999985], [1.427826, 42.181799000000005], [1.4277760000000004, 42.18166599999999], [1.4276750000000007, 42.18166799999999], [1.4275949999999997, 42.18167400000002], [1.4275594164532794, 42.18158549734447], [1.4275479601101986, 42.181585340279966]]], [[[1.430009000000001, 42.18524200000001], [1.430124000000001, 42.18530799999998], [1.430212000000001, 42.18538900000001], [1.4302470000000005, 42.18553100000002], [1.4302330000000008, 42.185672000000004], [1.4301960000000002, 42.18577899999999], [1.430086, 42.185873], [1.429971, 42.185959], [1.4301310000000003, 42.186144000000006], [1.4303910000000002, 42.186357000000015], [1.4305420000000006, 42.186478000000015], [1.4307970000000005, 42.18665399999999], [1.4308460000000003, 42.18655000000002], [1.4308909999999997, 42.18641099999999], [1.4309260000000006, 42.18628199999999], [1.430894, 42.18616400000002], [1.4308110000000007, 42.185887000000015], [1.4307149999999997, 42.185576], [1.4306220000000003, 42.18535399999999], [1.4305339999999998, 42.18521799999998], [1.4304419999999998, 42.185135], [1.430354, 42.18503999999999], [1.4302060000000014, 42.18506300000001], [1.430109, 42.18512900000001], [1.430009000000001, 42.18524200000001]]], [[[1.4299060000000003, 42.18621499999999], [1.429985000000001, 42.186300999999986], [1.430125, 42.186377], [1.4302460000000008, 42.18642299999999], [1.4303130000000002, 42.18643200000001], [1.430364, 42.186375], [1.4301020000000004, 42.186161000000006], [1.4299249999999997, 42.18595500000001], [1.4299030000000004, 42.186037999999996], [1.4298710000000006, 42.18612799999999], [1.4299060000000003, 42.18621499999999]]]]}}, {"type": "Feature", "properties": {"sector_id": "BH-12", "area_ha": 0.72, "hic_ha": 0.31, "priority_hic_ha": 0.0, "connector_ha": 0.72, "natural_cover_pct": 92.05, "bare_pct": 0.0, "records": 0, "road_km": 0.08, "access_km_km2": 11.29, "public_points": 0, "historic_fire_ha": 0.0, "historic_fire_events": 0, "ndvi": 0.427, "ndmi": 0.02, "lst_c": 35.607, "fire_today": 48.705, "value_reasons": ["0.3 ha d\u2019HIC cartografiat", "0.7 ha dins connectors terrestres oficials", "92 % de cobertes naturals o seminaturals com a context de continu\u00eftat"], "pressure_reasons": ["NDMI relativament baix (0.02; observaci\u00f3 07/07/2026)", "NDVI relativament baix (0.43; observaci\u00f3 07/07/2026)", "temperatura superficial estival relativament elevada (35.6 \u00b0C)", "accessibilitat potencial relativa elevada (11.3 km de xarxa/km\u00b2); no \u00e9s freq\u00fcentaci\u00f3 real"], "knowledge_class": "Pr\u00e0cticament sense dades", "followup": "Prioritat de comprovaci\u00f3", "recommendation": "Comprovar al camp l\u2019estat de l\u2019h\u00e0bitat i les coincid\u00e8ncies abans de decidir actuacions.", "missing": ["prospecci\u00f3 biol\u00f2gica homog\u00e8nia i de camp", "estat local de conservaci\u00f3 dels h\u00e0bitats", "fragmentaci\u00f3 funcional espec\u00edfica per fauna"], "valuable": true, "pressured": true}, "geometry": {"type": "MultiPolygon", "coordinates": [[[[1.3964471018009856, 42.17845292334038], [1.396144505240121, 42.178448692327734], [1.3961501941184933, 42.17822362104539], [1.3952424080425763, 42.17821092332036], [1.3952481000724646, 42.17798585212809], [1.3951376024397775, 42.17798430605017], [1.3951380000000002, 42.177985999999976], [1.3951680000000004, 42.178074], [1.3952200000000008, 42.178139999999985], [1.3952160000000005, 42.178189], [1.3952360000000001, 42.178267000000005], [1.3952350000000004, 42.178349000000004], [1.3952270000000004, 42.178427000000006], [1.3952049999999998, 42.17852000000001], [1.3951780000000005, 42.17862100000001], [1.3951170000000006, 42.178785], [1.3950470000000004, 42.178960000000004], [1.3950300000000007, 42.179081], [1.3950300000000004, 42.17921], [1.3950960000000006, 42.17928799999999], [1.3953280000000001, 42.179148000000005], [1.395689, 42.17886100000002], [1.3958579999999998, 42.17876100000001], [1.3959269999999997, 42.178736000000015], [1.3962550000000018, 42.17863699999998], [1.3964436211786693, 42.17859065324477], [1.3964471018009856, 42.17845292334038]]]]}}, {"type": "Feature", "properties": {"sector_id": "BH-13", "area_ha": 2.74, "hic_ha": 0.49, "priority_hic_ha": 0.49, "connector_ha": 2.74, "natural_cover_pct": 99.69, "bare_pct": 0.0, "records": 0, "road_km": 0.0, "access_km_km2": 0.0, "public_points": 0, "historic_fire_ha": 0.0, "historic_fire_events": 0, "ndvi": 0.506, "ndmi": -0.035, "lst_c": 37.878, "fire_today": 58.451, "value_reasons": ["0.5 ha d\u2019HIC prioritari cartografiat", "0.5 ha d\u2019HIC cartografiat", "2.7 ha dins connectors terrestres oficials", "100 % de cobertes naturals o seminaturals com a context de continu\u00eftat"], "pressure_reasons": ["NDMI relativament baix (-0.04; observaci\u00f3 07/07/2026)", "temperatura superficial estival relativament elevada (37.9 \u00b0C)"], "knowledge_class": "Pr\u00e0cticament sense dades", "followup": "Prioritat de comprovaci\u00f3", "recommendation": "Comprovar al camp l\u2019estat de l\u2019h\u00e0bitat i les coincid\u00e8ncies abans de decidir actuacions.", "missing": ["prospecci\u00f3 biol\u00f2gica homog\u00e8nia i de camp", "estat local de conservaci\u00f3 dels h\u00e0bitats", "fragmentaci\u00f3 funcional espec\u00edfica per fauna"], "valuable": true, "pressured": true}, "geometry": {"type": "MultiPolygon", "coordinates": [[[[1.3868498690311712, 42.174941080480885], [1.3865472906378715, 42.17493682444009], [1.3865530128449055, 42.174711754080406], [1.3862504355889724, 42.174707497275314], [1.386256158802582, 42.17448242693952], [1.3856510066308594, 42.174473911003126], [1.3856567319229716, 42.17424884072462], [1.385354157007191, 42.174244581593335], [1.3853598833058167, 42.17401951133874], [1.3843630317382893, 42.17400547378114], [1.3844340000000002, 42.17405599999999], [1.38461, 42.174153000000004], [1.3847990000000006, 42.17424799999999], [1.385192000000001, 42.17441], [1.385373000000001, 42.174460999999994], [1.3855630000000003, 42.17453499999999], [1.3857890000000006, 42.174606999999995], [1.3860380000000014, 42.17467299999999], [1.3862550000000002, 42.17475000000002], [1.3863710000000005, 42.174832000000016], [1.3864660000000006, 42.174932], [1.3865630000000007, 42.17506399999998], [1.3867260000000001, 42.17512999999999], [1.3868434821710258, 42.17519233755887], [1.3868498690311712, 42.174941080480885]]], [[[1.3804440407486638, 42.17687716290317], [1.380746627480038, 42.17688143519889], [1.3807408842493265, 42.17710650482824], [1.3813460600531215, 42.17711504709351], [1.3813403189009714, 42.17734011678036], [1.3828532649188563, 42.17736145865065], [1.382847529061658, 42.17758652849536], [1.3855708456712956, 42.177624893905254], [1.3855717393177467, 42.17758976906198], [1.3851860000000005, 42.177445000000006], [1.3849699999999998, 42.17748200000001], [1.3847170000000004, 42.177511999999986], [1.3845390000000009, 42.17747500000001], [1.3844249999999996, 42.177401], [1.384333000000001, 42.17728700000001], [1.3842140000000005, 42.177147], [1.3841290000000006, 42.17701300000001], [1.3841100000000006, 42.176884000000015], [1.3841230000000004, 42.17670600000001], [1.384123227994572, 42.1767039053054], [1.3827609716728437, 42.17668470511834], [1.3827280000000004, 42.17670900000001], [1.3825859999999994, 42.176764], [1.3823700000000005, 42.17677400000001], [1.3820479999999997, 42.17676399999999], [1.3817120000000005, 42.176804], [1.3813890000000002, 42.17683900000002], [1.3810950000000002, 42.176857000000005], [1.380635000000001, 42.17682000000001], [1.3804458669447912, 42.176805609514425], [1.3804440407486638, 42.17687716290317]]]]}}, {"type": "Feature", "properties": {"sector_id": "BH-14", "area_ha": 1.06, "hic_ha": 0.0, "priority_hic_ha": 0.0, "connector_ha": 0.0, "natural_cover_pct": 100.0, "bare_pct": 0.0, "records": 0, "road_km": 0.0, "access_km_km2": 0.0, "public_points": 0, "historic_fire_ha": 0.0, "historic_fire_events": 0, "ndvi": 0.522, "ndmi": 0.035, "lst_c": 29.032, "fire_today": 51.32, "value_reasons": [], "pressure_reasons": [], "knowledge_class": "Pr\u00e0cticament sense dades", "followup": "Coneixement insuficient", "recommendation": "Prospectar de manera dirigida; la manca de registres no indica baixa biodiversitat.", "missing": ["prospecci\u00f3 biol\u00f2gica homog\u00e8nia i de camp", "estat local de conservaci\u00f3 dels h\u00e0bitats", "fragmentaci\u00f3 funcional espec\u00edfica per fauna"], "valuable": false, "pressured": false}, "geometry": {"type": "MultiPolygon", "coordinates": [[[[1.439169225210005, 42.17679074954134], [1.4391636891605097, 42.1770158255578], [1.4394662851783149, 42.177019942989666], [1.4394607501377672, 42.17724501902898], [1.440065944507551, 42.17725325156389], [1.4400604115482014, 42.177478327658314], [1.4412708053353374, 42.17749478328354], [1.4412763340057726, 42.17726970706008], [1.4415789315383096, 42.177273818939604], [1.441584459073346, 42.17704874267443], [1.440979266215889, 42.177040518182054], [1.4409847958321695, 42.17681544197195], [1.439169225210005, 42.17679074954134]]]]}}, {"type": "Feature", "properties": {"sector_id": "BH-15", "area_ha": 0.79, "hic_ha": 0.0, "priority_hic_ha": 0.0, "connector_ha": 0.79, "natural_cover_pct": 98.49, "bare_pct": 0.0, "records": 0, "road_km": 0.15, "access_km_km2": 19.03, "public_points": 0, "historic_fire_ha": 0.0, "historic_fire_events": 0, "ndvi": 0.608, "ndmi": 0.09, "lst_c": 37.218, "fire_today": 61.495, "value_reasons": ["0.8 ha dins connectors terrestres oficials", "98 % de cobertes naturals o seminaturals com a context de continu\u00eftat"], "pressure_reasons": ["temperatura superficial estival relativament elevada (37.2 \u00b0C)", "perill EcoRadar actual alt al sector (61/100)", "accessibilitat potencial relativa elevada (19.0 km de xarxa/km\u00b2); no \u00e9s freq\u00fcentaci\u00f3 real"], "knowledge_class": "Pr\u00e0cticament sense dades", "followup": "Prioritat de comprovaci\u00f3", "recommendation": "Comprovar al camp l\u2019estat de l\u2019h\u00e0bitat i les coincid\u00e8ncies abans de decidir actuacions.", "missing": ["prospecci\u00f3 biol\u00f2gica homog\u00e8nia i de camp", "estat local de conservaci\u00f3 dels h\u00e0bitats", "fragmentaci\u00f3 funcional espec\u00edfica per fauna"], "valuable": true, "pressured": true}, "geometry": {"type": "MultiPolygon", "coordinates": [[[[1.384123227994572, 42.1767039053054], [1.384139, 42.17655899999999], [1.3838400000000006, 42.176552], [1.3835190000000004, 42.17654700000001], [1.383195000000001, 42.176571999999986], [1.3829630000000004, 42.176572], [1.3828420000000001, 42.176625], [1.3827609716728437, 42.17668470511834], [1.384123227994572, 42.1767039053054]]], [[[1.3842960000000009, 42.175405], [1.3841380000000005, 42.175361000000024], [1.3840000000000008, 42.175342999999984], [1.3837850000000005, 42.175342999999984], [1.3836000000000002, 42.175345999999976], [1.383440000000001, 42.175323], [1.3831620000000011, 42.17528100000001], [1.3829330000000004, 42.175224000000014], [1.38288, 42.17530800000001], [1.3828670000000003, 42.17533300000001], [1.3828090000000002, 42.17544300000001], [1.3827680000000002, 42.17549099999999], [1.383005000000001, 42.17556600000001], [1.383175, 42.175587], [1.3832690000000003, 42.17559299999999], [1.3833910000000003, 42.175594999999994], [1.3836360000000005, 42.175589], [1.3838280000000003, 42.17559000000001], [1.38381, 42.17566999999999], [1.3837850000000003, 42.17573399999999], [1.3841250000000003, 42.175805999999994], [1.3840730000000006, 42.17596700000001], [1.3840340000000002, 42.176036999999994], [1.3841989999999995, 42.176134], [1.3842960000000002, 42.17621300000001], [1.384467000000001, 42.175906], [1.3845370000000001, 42.175744], [1.3845480000000003, 42.175723], [1.38462, 42.175560999999995], [1.3844910000000004, 42.175488000000016], [1.3842960000000009, 42.175405]]]]}}, {"type": "Feature", "properties": {"sector_id": "BH-16", "area_ha": 0.5, "hic_ha": 0.5, "priority_hic_ha": 0.0, "connector_ha": 0.0, "natural_cover_pct": 100.0, "bare_pct": 0.0, "records": 0, "road_km": 0.0, "access_km_km2": 0.0, "public_points": 0, "historic_fire_ha": 0.0, "historic_fire_events": 0, "ndvi": 0.518, "ndmi": 0.149, "lst_c": 23.872, "fire_today": 40.148, "value_reasons": ["0.5 ha d\u2019HIC cartografiat", "100 % de cobertes naturals o seminaturals com a context de continu\u00eftat"], "pressure_reasons": [], "knowledge_class": "Pr\u00e0cticament sense dades", "followup": "Coneixement insuficient", "recommendation": "Prospectar de manera dirigida; la manca de registres no indica baixa biodiversitat.", "missing": ["prospecci\u00f3 biol\u00f2gica homog\u00e8nia i de camp", "estat local de conservaci\u00f3 dels h\u00e0bitats", "fragmentaci\u00f3 funcional espec\u00edfica per fauna"], "valuable": true, "pressured": false}, "geometry": {"type": "MultiPolygon", "coordinates": [[[[1.4470697620310848, 42.17554708132521], [1.4470587463794418, 42.17599723513712], [1.4482691159466363, 42.176013616464026], [1.4482801230210314, 42.17556346239518], [1.4470697620310848, 42.17554708132521]]]]}}, {"type": "Feature", "properties": {"sector_id": "BH-17", "area_ha": 8.14, "hic_ha": 0.0, "priority_hic_ha": 0.0, "connector_ha": 8.14, "natural_cover_pct": 96.34, "bare_pct": 0.0, "records": 0, "road_km": 0.35, "access_km_km2": 4.31, "public_points": 0, "historic_fire_ha": 0.0, "historic_fire_events": 0, "ndvi": 0.435, "ndmi": -0.059, "lst_c": 38.311, "fire_today": 58.682, "value_reasons": ["8.1 ha dins connectors terrestres oficials", "96 % de cobertes naturals o seminaturals com a context de continu\u00eftat"], "pressure_reasons": ["NDMI relativament baix (-0.06; observaci\u00f3 07/07/2026)", "NDVI relativament baix (0.43; observaci\u00f3 07/07/2026)", "temperatura superficial estival relativament elevada (38.3 \u00b0C)"], "knowledge_class": "Pr\u00e0cticament sense dades", "followup": "Prioritat de comprovaci\u00f3", "recommendation": "Comprovar al camp l\u2019estat de l\u2019h\u00e0bitat i les coincid\u00e8ncies abans de decidir actuacions.", "missing": ["prospecci\u00f3 biol\u00f2gica homog\u00e8nia i de camp", "estat local de conservaci\u00f3 dels h\u00e0bitats", "fragmentaci\u00f3 funcional espec\u00edfica per fauna"], "valuable": true, "pressured": true}, "geometry": {"type": "MultiPolygon", "coordinates": [[[[1.3693524780826656, 42.172667295209656], [1.3693466953029991, 42.17289236373257], [1.3678338659371039, 42.17287084558059], [1.367839654075908, 42.17264577722642], [1.3670946099771248, 42.17263517259192], [1.3671080000000009, 42.17265500000001], [1.3672520000000006, 42.172843000000015], [1.3674150000000007, 42.17305799999998], [1.367527, 42.17319500000001], [1.3676259999999996, 42.17334300000001], [1.3676740000000003, 42.173412000000006], [1.3677580000000007, 42.17353399999999], [1.3678430000000008, 42.17363599999999], [1.367959, 42.173761000000006], [1.3681480000000006, 42.17389899999999], [1.3683470000000004, 42.174158999999996], [1.3686290000000005, 42.174480999999986], [1.3690544051308777, 42.174914564060295], [1.3692946473122865, 42.17491798001098], [1.3693004306867065, 42.17469291157363], [1.3702081548245721, 42.174705813703106], [1.3702023746659755, 42.17493088224163], [1.3715329198178423, 42.17494978131971], [1.3715570000000004, 42.174901999999996], [1.3716560000000004, 42.17471000000002], [1.3718239999999997, 42.17449100000002], [1.3719690000000007, 42.17433100000002], [1.372094000000001, 42.174243999999995], [1.372426000000001, 42.17430900000001], [1.3727640000000005, 42.17435500000001], [1.3726720827143295, 42.17451564832429], [1.3729371012487186, 42.17451940816719], [1.3729428716279166, 42.174294339306435], [1.3731657372502095, 42.17429750063419], [1.3731610000000005, 42.17423999999998], [1.3731060000000004, 42.173799], [1.373083, 42.173725999999995], [1.373202000000001, 42.17368199999999], [1.3734480000000002, 42.17349800000001], [1.3735715799121795, 42.17338355178776], [1.3735768584714287, 42.17317757746266], [1.373274290470176, 42.1731732865602], [1.373280059381902, 42.17294821760877], [1.3729774925184246, 42.172943925942356], [1.3729832624360705, 42.17271885701508], [1.3720755654568035, 42.17270597733124], [1.372081338523997, 42.17248090849546], [1.3711736453539258, 42.17246802173434], [1.37116786907126, 42.172693090469046], [1.370344380036948, 42.172681392908515], [1.3704050000000003, 42.172747999999984], [1.3704660000000004, 42.17280200000001], [1.370343, 42.172839000000025], [1.3698010000000003, 42.172901999999986], [1.3697487554782677, 42.17267292844836], [1.3693524780826656, 42.172667295209656]], [[1.3714210000000002, 42.17353100000002], [1.3711010000000006, 42.173581000000006], [1.3707750000000007, 42.173607999999994], [1.370465000000001, 42.17367399999999], [1.37027, 42.17373299999999], [1.370146, 42.173764], [1.3700210000000006, 42.173735999999984], [1.369915, 42.173733000000006], [1.3698609999999993, 42.173732000000015], [1.3698110000000003, 42.173722999999995], [1.369743, 42.173722999999995], [1.3697120000000012, 42.17368599999999], [1.3697110000000001, 42.173639], [1.3697530000000002, 42.173591999999985], [1.3693760000000004, 42.173680000000004], [1.369123, 42.17373], [1.3689550000000004, 42.173735], [1.3688330000000013, 42.173708], [1.3687460000000002, 42.173672], [1.368689000000001, 42.17359799999999], [1.3686600000000013, 42.17351999999998], [1.3686910000000005, 42.17328999999999], [1.3686849999999997, 42.173218000000006], [1.369147, 42.173155], [1.3695230000000012, 42.17311400000001], [1.3699350000000006, 42.173064000000004], [1.3702400000000001, 42.173047000000004], [1.3705449999999997, 42.172979999999995], [1.370566, 42.17305000000001], [1.3709330000000004, 42.17317299999998], [1.3713500000000005, 42.173254999999976], [1.3714210000000002, 42.17353100000002]]], [[[1.372628755430876, 42.17474018428512], [1.3726329060970572, 42.17457832319856], [1.3725230175127978, 42.17473868395925], [1.372628755430876, 42.17474018428512]]]]}}, {"type": "Feature", "properties": {"sector_id": "BH-18", "area_ha": 2.9, "hic_ha": 0.48, "priority_hic_ha": 0.3, "connector_ha": 0.0, "natural_cover_pct": 98.54, "bare_pct": 0.0, "records": 3, "road_km": 0.4, "access_km_km2": 13.7, "public_points": 0, "historic_fire_ha": 0.0, "historic_fire_events": 0, "ndvi": 0.608, "ndmi": 0.082, "lst_c": 29.297, "fire_today": 50.534, "value_reasons": ["0.3 ha d\u2019HIC prioritari cartografiat", "0.5 ha d\u2019HIC cartografiat", "99 % de cobertes naturals o seminaturals com a context de continu\u00eftat"], "pressure_reasons": ["accessibilitat potencial relativa elevada (13.7 km de xarxa/km\u00b2); no \u00e9s freq\u00fcentaci\u00f3 real"], "knowledge_class": "Informaci\u00f3 moderada", "followup": "Atenci\u00f3", "recommendation": "Fer seguiment dirigit i verificar la pressi\u00f3 coincident sobre el terreny.", "missing": ["prospecci\u00f3 biol\u00f2gica homog\u00e8nia i de camp", "estat local de conservaci\u00f3 dels h\u00e0bitats", "fragmentaci\u00f3 funcional espec\u00edfica per fauna"], "valuable": true, "pressured": true}, "geometry": {"type": "MultiPolygon", "coordinates": [[[[1.4198873431589574, 42.17314946639917], [1.4195847684317076, 42.17314529763472], [1.4195903731475503, 42.172920223579055], [1.4186826525659761, 42.172907712597876], [1.418688260433579, 42.17268263863085], [1.4180831158434584, 42.172674294053884], [1.4180887257908203, 42.17244922014285], [1.4177861546638344, 42.17244504669062], [1.417791765618998, 42.17221997280284], [1.4174891956280369, 42.17221579858571], [1.417494807590978, 42.1719907247212], [1.4171922387360392, 42.171986549739174], [1.4172146902339786, 42.171086254317395], [1.4169121257306296, 42.17108207866872], [1.416957034222275, 42.1692814876326], [1.4166544783573793, 42.16927731144835], [1.4165814860399772, 42.17220327114849], [1.4168840558385136, 42.17220744775853], [1.4168728274325957, 42.17265759532816], [1.417175399439108, 42.17266177120607], [1.4171697862118455, 42.17288684500944], [1.417472359354432, 42.172891020122435], [1.4174667471349678, 42.17311609394907], [1.4189796191693618, 42.173136957712856], [1.4189740122455519, 42.173362031693635], [1.4192765879166551, 42.17336620208611], [1.4192709820007439, 42.173591276090136], [1.4195735588078802, 42.173595445717645], [1.4195559525758912, 42.174302443386416], [1.4195990000000003, 42.17431899999998], [1.4198554369758838, 42.17443095029611], [1.4198873431589574, 42.17314946639917]]]]}}, {"type": "Feature", "properties": {"sector_id": "BH-19", "area_ha": 10.46, "hic_ha": 4.18, "priority_hic_ha": 4.12, "connector_ha": 0.0, "natural_cover_pct": 97.78, "bare_pct": 0.0, "records": 7, "road_km": 0.91, "access_km_km2": 8.66, "public_points": 0, "historic_fire_ha": 0.0, "historic_fire_events": 0, "ndvi": 0.678, "ndmi": 0.161, "lst_c": 29.341, "fire_today": 53.305, "value_reasons": ["4.1 ha d\u2019HIC prioritari cartografiat", "4.2 ha d\u2019HIC cartografiat", "7 registres p\u00fablics agregats; indiquen coneixement, no abund\u00e0ncia", "98 % de cobertes naturals o seminaturals com a context de continu\u00eftat"], "pressure_reasons": ["accessibilitat potencial relativa elevada (8.7 km de xarxa/km\u00b2); no \u00e9s freq\u00fcentaci\u00f3 real"], "knowledge_class": "Ben prospectat en fonts p\u00fabliques", "followup": "Atenci\u00f3", "recommendation": "Fer seguiment dirigit i verificar la pressi\u00f3 coincident sobre el terreny.", "missing": ["estat local de conservaci\u00f3 dels h\u00e0bitats", "fragmentaci\u00f3 funcional espec\u00edfica per fauna"], "valuable": true, "pressured": true}, "geometry": {"type": "MultiPolygon", "coordinates": [[[[1.411443442692923, 42.171907073531635], [1.411140875123127, 42.17190288259711], [1.4111465095312696, 42.17167780941202], [1.4105413767285726, 42.17166942521587], [1.410547013216032, 42.171444352087065], [1.4102444479831413, 42.171440158825455], [1.410250085478029, 42.171215085720064], [1.410552649639083, 42.17121927894878], [1.4105639222919633, 42.170769132643805], [1.4108664843737857, 42.17077332500916], [1.4109115638350742, 42.1689727391472], [1.4103064568839663, 42.16896435414498], [1.409701350190503, 42.16895596595262], [1.4096562364329812, 42.170756550762185], [1.409353674608856, 42.170752355206474], [1.4093365954302952, 42.171433848365204], [1.409362000000001, 42.171433999999984], [1.4095920000000008, 42.171464], [1.409761000000001, 42.171502], [1.4099440000000005, 42.171558], [1.4102140000000007, 42.17167700000001], [1.4104560000000002, 42.171781], [1.4105990000000004, 42.17183899999998], [1.410873000000001, 42.17190699999998], [1.4112900000000004, 42.171994000000005], [1.411440859642127, 42.1720102753757], [1.411443442692923, 42.171907073531635]]], [[[1.4195735588078802, 42.173595445717645], [1.4192709820007439, 42.173591276090136], [1.4192765879166551, 42.17336620208611], [1.4189740122455519, 42.173362031693635], [1.4189796191693618, 42.173136957712856], [1.4174667471349678, 42.17311609394907], [1.417472359354432, 42.172891020122435], [1.4171697862118455, 42.17288684500944], [1.417175399439108, 42.17266177120607], [1.4168728274325957, 42.17265759532816], [1.4168840558385136, 42.17220744775853], [1.4165814860399772, 42.17220327114849], [1.4166544783573793, 42.16927731144835], [1.4163519225566383, 42.16927313446655], [1.4163350759228248, 42.1699483559796], [1.4160325169709846, 42.16994417810195], [1.4160269002262618, 42.17016925188792], [1.4157243402668243, 42.17016507317993], [1.4157187223861267, 42.170390146923665], [1.4154161614190937, 42.17038596738532], [1.415410542402397, 42.1706110410868], [1.4151079804277704, 42.17060686071809], [1.4151023602750505, 42.17083193437731], [1.4147997972928317, 42.17082775317823], [1.4147941760040637, 42.171052826795204], [1.4144916120142554, 42.17104864476571], [1.4144859895894153, 42.17127371834041], [1.4141834245920177, 42.171269535480526], [1.4141778010310808, 42.17149460901294], [1.4138752350260964, 42.17149042532264], [1.4138696103290382, 42.17171549881278], [1.4135670433164689, 42.17171131429205], [1.4135622825843894, 42.17190177769355], [1.413998000000001, 42.171991], [1.4144860000000004, 42.17207899999999], [1.4151240000000007, 42.17217499999998], [1.4153550000000004, 42.172228000000004], [1.4153640000000005, 42.172233999999996], [1.4154050000000005, 42.172435], [1.4154330000000004, 42.172639], [1.4155040000000005, 42.172837000000015], [1.415631000000001, 42.17305199999999], [1.4157320000000002, 42.173213], [1.4158000000000006, 42.173311], [1.415857, 42.17337700000001], [1.4160310000000007, 42.17343099999998], [1.4161840000000006, 42.17342200000001], [1.4162830000000002, 42.17341600000001], [1.4163660000000005, 42.173418999999996], [1.4164120000000007, 42.17344700000001], [1.4167099999999997, 42.17353800000003], [1.4169450000000008, 42.173652], [1.4170510000000007, 42.17372699999999], [1.4171470000000002, 42.17382799999999], [1.4172440000000004, 42.17389000000001], [1.4173640000000003, 42.173924999999976], [1.4174760000000006, 42.17390899999999], [1.417564, 42.17385700000002], [1.4177310000000007, 42.173957000000016], [1.4177600000000006, 42.17389100000002], [1.4178030000000004, 42.173843], [1.4178810000000004, 42.17382], [1.417943, 42.17379700000001], [1.4180010000000003, 42.173768], [1.418086000000001, 42.17368199999999], [1.4181459999999997, 42.173587000000005], [1.4183250000000005, 42.173668999999975], [1.4184469999999998, 42.173743], [1.418571, 42.173807000000004], [1.4186510000000006, 42.17387800000001], [1.4187140000000007, 42.17393199999999], [1.4187460000000003, 42.17395900000001], [1.4188649999999996, 42.17402800000002], [1.418949000000001, 42.17406799999999], [1.4191030000000004, 42.174127], [1.4192480000000003, 42.174184], [1.4195559525758912, 42.174302443386416], [1.4195735588078802, 42.173595445717645]]]]}}, {"type": "Feature", "properties": {"sector_id": "BH-20", "area_ha": 8.98, "hic_ha": 4.05, "priority_hic_ha": 3.48, "connector_ha": 0.0, "natural_cover_pct": 98.31, "bare_pct": 0.0, "records": 0, "road_km": 0.45, "access_km_km2": 4.99, "public_points": 0, "historic_fire_ha": 0.0, "historic_fire_events": 0, "ndvi": 0.663, "ndmi": 0.129, "lst_c": 30.22, "fire_today": 53.502, "value_reasons": ["3.5 ha d\u2019HIC prioritari cartografiat", "4.0 ha d\u2019HIC cartografiat", "98 % de cobertes naturals o seminaturals com a context de continu\u00eftat"], "pressure_reasons": [], "knowledge_class": "Pr\u00e0cticament sense dades", "followup": "Coneixement insuficient", "recommendation": "Prospectar de manera dirigida; la manca de registres no indica baixa biodiversitat.", "missing": ["prospecci\u00f3 biol\u00f2gica homog\u00e8nia i de camp", "estat local de conservaci\u00f3 dels h\u00e0bitats", "fragmentaci\u00f3 funcional espec\u00edfica per fauna"], "valuable": true, "pressured": false}, "geometry": {"type": "MultiPolygon", "coordinates": [[[[1.4135670433164689, 42.17171131429205], [1.4138696103290382, 42.17171549881278], [1.4138752350260964, 42.17149042532264], [1.4141778010310808, 42.17149460901294], [1.4141834245920177, 42.171269535480526], [1.4144859895894153, 42.17127371834041], [1.4144916120142554, 42.17104864476571], [1.4147941760040637, 42.171052826795204], [1.4147997972928317, 42.17082775317823], [1.4151023602750505, 42.17083193437731], [1.4151079804277704, 42.17060686071809], [1.415410542402397, 42.1706110410868], [1.4154161614190937, 42.17038596738532], [1.4157187223861267, 42.170390146923665], [1.4157243402668243, 42.17016507317993], [1.4160269002262618, 42.17016925188792], [1.4160325169709846, 42.16994417810195], [1.4163350759228248, 42.1699483559796], [1.4163519225566383, 42.16927313446655], [1.4163687686129458, 42.16859791286828], [1.4154611112412387, 42.1685853774325], [1.4154554927381848, 42.16881045120976], [1.4148503860012929, 42.16880209019935], [1.4148447652906047, 42.169027163901546], [1.414239656667192, 42.169018799635374], [1.4142115414328102, 42.17014416767634], [1.413908981858728, 42.170139984182896], [1.413897733171601, 42.17059013126738], [1.4135951715182038, 42.17058594691073], [1.4135895460064254, 42.17081102040594], [1.4132869833455017, 42.17080683521888], [1.4132813566976186, 42.1710319086718], [1.4120711024097266, 42.17101515981631], [1.4121217785098321, 42.16898949958119], [1.4109115638350742, 42.1689727391472], [1.4108664843737857, 42.17077332500916], [1.4105639222919633, 42.170769132643805], [1.410552649639083, 42.17121927894878], [1.410250085478029, 42.171215085720064], [1.4102444479831413, 42.171440158825455], [1.410547013216032, 42.171444352087065], [1.4105413767285726, 42.17166942521587], [1.4111465095312696, 42.17167780941202], [1.411140875123127, 42.17190288259711], [1.411443442692923, 42.171907073531635], [1.411440859642127, 42.1720102753757], [1.4115310000000003, 42.17202000000002], [1.4117600000000001, 42.17201099999998], [1.4121980000000005, 42.171902], [1.4126850000000004, 42.171798], [1.413, 42.171768000000014], [1.4131640000000003, 42.171766000000005], [1.413176, 42.171769000000026], [1.4134950000000002, 42.171887999999996], [1.4135622825843894, 42.17190177769355], [1.4135670433164689, 42.17171131429205]]]]}}, {"type": "Feature", "properties": {"sector_id": "BH-21", "area_ha": 6.12, "hic_ha": 2.78, "priority_hic_ha": 0.87, "connector_ha": 0.0, "natural_cover_pct": 99.99, "bare_pct": 0.0, "records": 2, "road_km": 0.37, "access_km_km2": 6.06, "public_points": 0, "historic_fire_ha": 0.0, "historic_fire_events": 0, "ndvi": 0.569, "ndmi": 0.071, "lst_c": 29.512, "fire_today": 48.603, "value_reasons": ["0.9 ha d\u2019HIC prioritari cartografiat", "2.8 ha d\u2019HIC cartografiat", "100 % de cobertes naturals o seminaturals com a context de continu\u00eftat"], "pressure_reasons": [], "knowledge_class": "Poca informaci\u00f3", "followup": "Coneixement insuficient", "recommendation": "Prospectar de manera dirigida; la manca de registres no indica baixa biodiversitat.", "missing": ["prospecci\u00f3 biol\u00f2gica homog\u00e8nia i de camp", "estat local de conservaci\u00f3 dels h\u00e0bitats", "fragmentaci\u00f3 funcional espec\u00edfica per fauna"], "valuable": true, "pressured": false}, "geometry": {"type": "MultiPolygon", "coordinates": [[[[1.4201843153142772, 42.1733787084775], [1.4204868912415478, 42.1733828756793], [1.4204924928055498, 42.17315780153505], [1.4201899179502424, 42.17315363436593], [1.4202011230301061, 42.172703486114386], [1.4198985503827093, 42.172699318212985], [1.419904153898535, 42.17247424410569], [1.4196015823870969, 42.17247007543933], [1.4196071869108027, 42.17224500135526], [1.4190020462238953, 42.17223666169501], [1.4190076528273554, 42.17201158766688], [1.4187050836518962, 42.172007416673004], [1.4187106912631744, 42.171782342668116], [1.4184081232236798, 42.17177817090933], [1.4184137318427523, 42.171553096927695], [1.4181111649392202, 42.17154892440399], [1.4181167745660614, 42.17132385044562], [1.4178142087984904, 42.17131967715704], [1.4178254300035502, 42.17086952927731], [1.4175228664437716, 42.170865355256595], [1.417534089536013, 42.17041520740447], [1.4172315281839865, 42.170411032651636], [1.4172652023523842, 42.16906058906441], [1.4169626474950785, 42.169056413710464], [1.4170300017658901, 42.166355525906255], [1.4155172927408375, 42.166334639139095], [1.41551167487976, 42.16655971301106], [1.4152091321956977, 42.16655553323243], [1.41519227501248, 42.16723075469314], [1.4148897291778075, 42.167226574018684], [1.4148784885913488, 42.16767672154623], [1.4145759406776273, 42.167672540008695], [1.4145703192164112, 42.16789761372546], [1.414267770295271, 42.1678934313576], [1.4142621476981543, 42.1681185050321], [1.4139595977695985, 42.16811432183394], [1.413953974036557, 42.16833939546614], [1.41304632142148, 42.16832684098809], [1.4130406944091163, 42.16855191451238], [1.4142509023111742, 42.16856865235268], [1.4142565250367891, 42.168343578697126], [1.41486162722999, 42.168351942766506], [1.414867247748, 42.16812686903589], [1.4151697978692654, 42.1681310498415], [1.4151866558229915, 42.16745582849444], [1.4154892027935038, 42.16746000840419], [1.4155004389650228, 42.167009860726566], [1.415802983856481, 42.16701403977326], [1.4158086007743398, 42.16678896588747], [1.4167162326189389, 42.16680149814433], [1.4166544783573793, 42.16927731144835], [1.416957034222275, 42.1692814876326], [1.4169121257306296, 42.17108207866872], [1.4172146902339786, 42.171086254317395], [1.4171922387360392, 42.171986549739174], [1.417494807590978, 42.1719907247212], [1.4174891956280369, 42.17221579858571], [1.417791765618998, 42.17221997280284], [1.4177861546638344, 42.17244504669062], [1.4180887257908203, 42.17244922014285], [1.4180831158434584, 42.172674294053884], [1.418688260433579, 42.17268263863085], [1.4186826525659761, 42.172907712597876], [1.4195903731475503, 42.172920223579055], [1.4195847684317076, 42.17314529763472], [1.4198873431589574, 42.17314946639917], [1.4198554369758838, 42.17443095029611], [1.420064, 42.174522], [1.4201549960695394, 42.17455650534485], [1.4201843153142772, 42.1733787084775]]]]}}, {"type": "Feature", "properties": {"sector_id": "BH-22", "area_ha": 1.76, "hic_ha": 0.92, "priority_hic_ha": 0.92, "connector_ha": 0.0, "natural_cover_pct": 99.94, "bare_pct": 0.0, "records": 0, "road_km": 0.02, "access_km_km2": 1.05, "public_points": 0, "historic_fire_ha": 0.0, "historic_fire_events": 0, "ndvi": 0.569, "ndmi": 0.043, "lst_c": 31.05, "fire_today": 56.214, "value_reasons": ["0.9 ha d\u2019HIC prioritari cartografiat", "0.9 ha d\u2019HIC cartografiat", "100 % de cobertes naturals o seminaturals com a context de continu\u00eftat"], "pressure_reasons": [], "knowledge_class": "Pr\u00e0cticament sense dades", "followup": "Coneixement insuficient", "recommendation": "Prospectar de manera dirigida; la manca de registres no indica baixa biodiversitat.", "missing": ["prospecci\u00f3 biol\u00f2gica homog\u00e8nia i de camp", "estat local de conservaci\u00f3 dels h\u00e0bitats", "fragmentaci\u00f3 funcional espec\u00edfica per fauna"], "valuable": true, "pressured": false}, "geometry": {"type": "MultiPolygon", "coordinates": [[[[1.409353674608856, 42.170752355206474], [1.4096562364329812, 42.170756550762185], [1.409701350190503, 42.16895596595262], [1.4103064568839663, 42.16896435414498], [1.410312093670284, 42.16873928093536], [1.4091018848279027, 42.16872250149207], [1.4090962437547827, 42.1689475745701], [1.4087936906336065, 42.16894337768253], [1.4087824061505514, 42.169393523744326], [1.4090849614151615, 42.169397720697724], [1.4090511128491856, 42.170748158853165], [1.4087485511539817, 42.17074396170229], [1.4087313619450843, 42.17142958445672], [1.4087630000000002, 42.17145200000001], [1.408895, 42.171442000000006], [1.4090270000000005, 42.171432], [1.4093365954302952, 42.171433848365204], [1.409353674608856, 42.170752355206474]]]]}}, {"type": "Feature", "properties": {"sector_id": "BH-23", "area_ha": 3.44, "hic_ha": 1.01, "priority_hic_ha": 0.99, "connector_ha": 0.0, "natural_cover_pct": 97.8, "bare_pct": 0.0, "records": 0, "road_km": 0.46, "access_km_km2": 13.45, "public_points": 0, "historic_fire_ha": 0.0, "historic_fire_events": 0, "ndvi": 0.71, "ndmi": 0.208, "lst_c": 30.466, "fire_today": 54.087, "value_reasons": ["1.0 ha d\u2019HIC prioritari cartografiat", "1.0 ha d\u2019HIC cartografiat", "98 % de cobertes naturals o seminaturals com a context de continu\u00eftat"], "pressure_reasons": ["accessibilitat potencial relativa elevada (13.5 km de xarxa/km\u00b2); no \u00e9s freq\u00fcentaci\u00f3 real"], "knowledge_class": "Pr\u00e0cticament sense dades", "followup": "Atenci\u00f3", "recommendation": "Fer seguiment dirigit i verificar la pressi\u00f3 coincident sobre el terreny.", "missing": ["prospecci\u00f3 biol\u00f2gica homog\u00e8nia i de camp", "estat local de conservaci\u00f3 dels h\u00e0bitats", "fragmentaci\u00f3 funcional espec\u00edfica per fauna"], "valuable": true, "pressured": true}, "geometry": {"type": "MultiPolygon", "coordinates": [[[[1.4127268862332862, 42.168997875012955], [1.4121217785098321, 42.16898949958119], [1.4120711024097266, 42.17101515981631], [1.4132813566976186, 42.1710319086718], [1.4132869833455017, 42.17080683521888], [1.4135895460064254, 42.17081102040594], [1.4135951715182038, 42.17058594691073], [1.413897733171601, 42.17059013126738], [1.413908981858728, 42.170139984182896], [1.4142115414328102, 42.17014416767634], [1.414239656667192, 42.169018799635374], [1.4127268862332862, 42.168997875012955]], [[1.413006930984618, 42.16990235545916], [1.412704372739454, 42.16989816880826], [1.4127100012093854, 42.169673095373646], [1.4130125583827906, 42.16967728199171], [1.413006930984618, 42.16990235545916]]]]}}, {"type": "Feature", "properties": {"sector_id": "BH-24", "area_ha": 0.06, "hic_ha": 0.0, "priority_hic_ha": 0.0, "connector_ha": 0.0, "natural_cover_pct": 100.0, "bare_pct": 0.0, "records": 0, "road_km": 0.0, "access_km_km2": 0.0, "public_points": 0, "historic_fire_ha": 0.0, "historic_fire_events": 0, "ndvi": 0.655, "ndmi": 0.173, "lst_c": 30.714, "fire_today": null, "value_reasons": [], "pressure_reasons": [], "knowledge_class": "Pr\u00e0cticament sense dades", "followup": "Coneixement insuficient", "recommendation": "Prospectar de manera dirigida; la manca de registres no indica baixa biodiversitat.", "missing": ["prospecci\u00f3 biol\u00f2gica homog\u00e8nia i de camp", "estat local de conservaci\u00f3 dels h\u00e0bitats", "fragmentaci\u00f3 funcional espec\u00edfica per fauna"], "valuable": false, "pressured": false}, "geometry": {"type": "MultiPolygon", "coordinates": [[[[1.4127100012093854, 42.169673095373646], [1.412704372739454, 42.16989816880826], [1.413006930984618, 42.16990235545916], [1.4130125583827906, 42.16967728199171], [1.4127100012093854, 42.169673095373646]]]]}}, {"type": "Feature", "properties": {"sector_id": "BH-25", "area_ha": 3.94, "hic_ha": 0.14, "priority_hic_ha": 0.14, "connector_ha": 0.01, "natural_cover_pct": 99.64, "bare_pct": 0.0, "records": 0, "road_km": 0.22, "access_km_km2": 5.59, "public_points": 0, "historic_fire_ha": 0.0, "historic_fire_events": 0, "ndvi": 0.475, "ndmi": -0.02, "lst_c": 34.256, "fire_today": 73.17, "value_reasons": ["0.1 ha d\u2019HIC prioritari cartografiat", "0.1 ha d\u2019HIC cartografiat", "100 % de cobertes naturals o seminaturals com a context de continu\u00eftat"], "pressure_reasons": ["NDMI relativament baix (-0.02; observaci\u00f3 07/07/2026)", "NDVI relativament baix (0.47; observaci\u00f3 07/07/2026)", "temperatura superficial estival relativament elevada (34.3 \u00b0C)", "perill EcoRadar actual alt al sector (73/100)"], "knowledge_class": "Pr\u00e0cticament sense dades", "followup": "Prioritat de comprovaci\u00f3", "recommendation": "Comprovar al camp l\u2019estat de l\u2019h\u00e0bitat i les coincid\u00e8ncies abans de decidir actuacions.", "missing": ["prospecci\u00f3 biol\u00f2gica homog\u00e8nia i de camp", "estat local de conservaci\u00f3 dels h\u00e0bitats", "fragmentaci\u00f3 funcional espec\u00edfica per fauna"], "valuable": true, "pressured": true}, "geometry": {"type": "MultiPolygon", "coordinates": [[[[1.4081716513330613, 42.169610200395745], [1.4078690951901782, 42.169606001016774], [1.4078803862325437, 42.169155855171496], [1.4075778322976236, 42.16915165506086], [1.4075834787937485, 42.16892658215694], [1.407280925995056, 42.16892238128172], [1.4072865734983535, 42.16869730840128], [1.4069840218358882, 42.16869310676147], [1.4069896703463338, 42.168468033904496], [1.4066871198200939, 42.168463831500105], [1.4066927693376634, 42.168238758666625], [1.4063902199476468, 42.16823455549769], [1.406395870472316, 42.16800948268768], [1.4060933222185208, 42.1680052787542], [1.4060989737502647, 42.16778020596769], [1.4054938795797043, 42.16777179577419], [1.4054995331901268, 42.16754672304415], [1.403684258659049, 42.167521473521695], [1.4036785986188782, 42.16774654605371], [1.4048887856675543, 42.167763382390675], [1.4048831298492523, 42.167988455045254], [1.4054882259046795, 42.167996868494726], [1.4054825721650512, 42.168221941205815], [1.4057851213613284, 42.16822614676729], [1.4057794686287604, 42.16845121950186], [1.4060820189612946, 42.16845542429879], [1.4060707154457457, 42.16890556980548], [1.4063732679862304, 42.16890977387084], [1.4063619663557696, 42.16935991940555], [1.406664521104244, 42.1693641227393], [1.4066475713894824, 42.17003934106917], [1.4069501294177402, 42.17004354370427], [1.4069331823372522, 42.17071876204773], [1.4072357436453968, 42.17072296398411], [1.407224383339237, 42.17117566280608], [1.4073220000000006, 42.17117700000001], [1.407515000000001, 42.17117000000001], [1.4077100000000002, 42.171099], [1.4080400000000006, 42.17097999999999], [1.4080690000000005, 42.171007], [1.4081356452719012, 42.17104587650442], [1.4081716513330613, 42.169610200395745]]], [[[1.4062319790393056, 42.174536590329794], [1.406301190581042, 42.1745375520377], [1.406299, 42.174534], [1.4062350484209298, 42.17441436969349], [1.4062319790393056, 42.174536590329794]]]]}}, {"type": "Feature", "properties": {"sector_id": "BH-26", "area_ha": 11.28, "hic_ha": 4.37, "priority_hic_ha": 1.07, "connector_ha": 0.0, "natural_cover_pct": 99.73, "bare_pct": 0.0, "records": 3, "road_km": 1.06, "access_km_km2": 9.42, "public_points": 0, "historic_fire_ha": 0.0, "historic_fire_events": 0, "ndvi": 0.624, "ndmi": 0.09, "lst_c": 29.562, "fire_today": 47.079, "value_reasons": ["1.1 ha d\u2019HIC prioritari cartografiat", "4.4 ha d\u2019HIC cartografiat", "100 % de cobertes naturals o seminaturals com a context de continu\u00eftat"], "pressure_reasons": ["accessibilitat potencial relativa elevada (9.4 km de xarxa/km\u00b2); no \u00e9s freq\u00fcentaci\u00f3 real"], "knowledge_class": "Informaci\u00f3 moderada", "followup": "Atenci\u00f3", "recommendation": "Fer seguiment dirigit i verificar la pressi\u00f3 coincident sobre el terreny.", "missing": ["prospecci\u00f3 biol\u00f2gica homog\u00e8nia i de camp", "estat local de conservaci\u00f3 dels h\u00e0bitats", "fragmentaci\u00f3 funcional espec\u00edfica per fauna"], "valuable": true, "pressured": true}, "geometry": {"type": "MultiPolygon", "coordinates": [[[[1.420778266056755, 42.17383719040888], [1.4210808442560032, 42.17384135608067], [1.4210920432881113, 42.17339120768987], [1.4213946194073794, 42.17339537249864], [1.4214058160396192, 42.172945224004664], [1.421103242064271, 42.172941059261206], [1.4211144405844902, 42.17249091079467], [1.4208118688169953, 42.17248674531889], [1.4208174690530455, 42.172261671104096], [1.4205148984214617, 42.17225750486335], [1.4205204996654197, 42.17203243067176], [1.4202179301697455, 42.17202826366605], [1.4202235324215875, 42.17180318949767], [1.4199209640618204, 42.17179902172701], [1.4199265673215213, 42.17157394758185], [1.4196240000976605, 42.17156977904626], [1.4196296043651961, 42.17134470492432], [1.4193270382772394, 42.171340535623806], [1.4193326435525853, 42.171115461525105], [1.4190300786005308, 42.171111291459674], [1.419035684883662, 42.1708862173842], [1.4187331210675087, 42.17088204655387], [1.4187387283584019, 42.17065697250165], [1.4184361656781477, 42.17065280090644], [1.4184417739767772, 42.17042772687746], [1.4181392124324197, 42.170423554517384], [1.4181504309810067, 42.169973406496446], [1.417847871644331, 42.16996923340424], [1.4178590920800649, 42.16951908541089], [1.4175565349510293, 42.169514911586575], [1.4176350858249196, 42.166363875030804], [1.417332543763345, 42.166359700867275], [1.4173381551307944, 42.16613462678928], [1.4170356142049145, 42.166130451861015], [1.4170412265798076, 42.165905377806304], [1.4158310678039598, 42.165888670249586], [1.4158254511428257, 42.16611374417326], [1.415220369996811, 42.166105385544604], [1.4152147511283564, 42.16633045939326], [1.414912209580081, 42.166326278849944], [1.4148953493747045, 42.16700150024071], [1.4145928046758702, 42.16699731880154], [1.4145871834073558, 42.167222392546726], [1.4142846377011373, 42.16721821027728], [1.4142790152967615, 42.1674432839802], [1.4139764685831606, 42.16743910088044], [1.4139708450428996, 42.16766417454109], [1.4136682973219188, 42.167659990611014], [1.4136626726457473, 42.16788506422936], [1.4133601239173874, 42.167880879468974], [1.4133544981052812, 42.16810595304505], [1.4127493986981063, 42.168097581066085], [1.412743770678368, 42.168322654567014], [1.4094157167513415, 42.168276551298895], [1.4094213565594236, 42.16805147815953], [1.4088162588260549, 42.16804308544523], [1.4088219007129923, 42.16781801236222], [1.4085193530146545, 42.167813814841715], [1.4085249959087602, 42.167588741782154], [1.4082224493465374, 42.167584543497085], [1.408239380856815, 42.16690932436028], [1.4079368375739143, 42.1669051253765], [1.4079481270681449, 42.16645497930378], [1.407343044982173, 42.166446579075576], [1.4073486917756584, 42.16622150609087], [1.4049283745861596, 42.16618787354326], [1.4049227192202292, 42.166412946264174], [1.4064354223371769, 42.166433972752266], [1.4064297722644579, 42.166659045628606], [1.407337398124164, 42.16667165205078], [1.4073317512016295, 42.16689672501653], [1.4076342943555147, 42.16690092559526], [1.4076173564155792, 42.16757614453444], [1.4079199028488063, 42.1675803444145], [1.4079086127095493, 42.16803049039246], [1.408211161350562, 42.1680346895409], [1.408205517255835, 42.16825976254859], [1.4085080670330004, 42.168263960932435], [1.408502423945451, 42.168489033963574], [1.4127381425943197, 42.16854772805846], [1.4130406944091163, 42.16855191451238], [1.41304632142148, 42.16832684098809], [1.413953974036557, 42.16833939546614], [1.4139595977695985, 42.16811432183394], [1.4142621476981543, 42.1681185050321], [1.414267770295271, 42.1678934313576], [1.4145703192164112, 42.16789761372546], [1.4145759406776273, 42.167672540008695], [1.4148784885913488, 42.16767672154623], [1.4148897291778075, 42.167226574018684], [1.41519227501248, 42.16723075469314], [1.4152091321956977, 42.16655553323243], [1.41551167487976, 42.16655971301106], [1.4155172927408375, 42.166334639139095], [1.4170300017658901, 42.166355525906255], [1.4169626474950785, 42.169056413710464], [1.4172652023523842, 42.16906058906441], [1.4172315281839865, 42.170411032651636], [1.417534089536013, 42.17041520740447], [1.4175228664437716, 42.170865355256595], [1.4178254300035502, 42.17086952927731], [1.4178142087984904, 42.17131967715704], [1.4181167745660614, 42.17132385044562], [1.4181111649392202, 42.17154892440399], [1.4184137318427523, 42.171553096927695], [1.4184081232236798, 42.17177817090933], [1.4187106912631744, 42.171782342668116], [1.4187050836518962, 42.172007416673004], [1.4190076528273554, 42.17201158766688], [1.4190020462238953, 42.17223666169501], [1.4196071869108027, 42.17224500135526], [1.4196015823870969, 42.17247007543933], [1.419904153898535, 42.17247424410569], [1.4198985503827093, 42.172699318212985], [1.4202011230301061, 42.172703486114386], [1.4201899179502424, 42.17315363436593], [1.4204924928055498, 42.17315780153505], [1.4204868912415478, 42.1733828756793], [1.4201843153142772, 42.1733787084775], [1.4201549960695394, 42.17455650534485], [1.4203620000000001, 42.174635000000016], [1.4207543291610556, 42.17479912206438], [1.420778266056755, 42.17383719040888]]]]}}, {"type": "Feature", "properties": {"sector_id": "BH-27", "area_ha": 32.0, "hic_ha": 10.75, "priority_hic_ha": 4.7, "connector_ha": 7.68, "natural_cover_pct": 97.62, "bare_pct": 0.0, "records": 1, "road_km": 1.89, "access_km_km2": 5.91, "public_points": 0, "historic_fire_ha": 0.0, "historic_fire_events": 0, "ndvi": 0.608, "ndmi": 0.09, "lst_c": 30.466, "fire_today": 49.725, "value_reasons": ["4.7 ha d\u2019HIC prioritari cartografiat", "10.7 ha d\u2019HIC cartografiat", "7.7 ha dins connectors terrestres oficials", "98 % de cobertes naturals o seminaturals com a context de continu\u00eftat"], "pressure_reasons": [], "knowledge_class": "Poca informaci\u00f3", "followup": "Coneixement insuficient", "recommendation": "Prospectar de manera dirigida; la manca de registres no indica baixa biodiversitat.", "missing": ["prospecci\u00f3 biol\u00f2gica homog\u00e8nia i de camp", "estat local de conservaci\u00f3 dels h\u00e0bitats", "fragmentaci\u00f3 funcional espec\u00edfica per fauna"], "valuable": true, "pressured": false}, "geometry": {"type": "MultiPolygon", "coordinates": [[[[1.4216804033784232, 42.1740747592777], [1.421982982841605, 42.174078922589075], [1.4219885792376306, 42.17385384830991], [1.4222911576927597, 42.173858010790944], [1.4223023481489834, 42.17340786213892], [1.4226049245240764, 42.17341202375699], [1.4226161125806214, 42.172961875001846], [1.4223135383494547, 42.172957713449044], [1.4223303231706421, 42.17228249034321], [1.422027752219206, 42.17227832809068], [1.4220333481036407, 42.172053253735776], [1.4217307782880577, 42.17204909071824], [1.421736375180441, 42.17182401638652], [1.421433806500708, 42.17181985260402], [1.4214394044010166, 42.171594778295486], [1.421136836857133, 42.171590613748], [1.421142435765341, 42.17136553946267], [1.420839869357305, 42.17136137415024], [1.4208454692733885, 42.1711362998881], [1.4205429040011983, 42.1711321338107], [1.4205485049251332, 42.17090705957179], [1.4202459407887862, 42.17090289272947], [1.4202515427205482, 42.17067781851376], [1.4199489797200429, 42.17067365090654], [1.4199545826596072, 42.17044857671403], [1.4196520207949426, 42.170444408341886], [1.4196576247422847, 42.17021933417261], [1.4193550640134593, 42.17021516503557], [1.419360668968554, 42.16999009088953], [1.4190581093755654, 42.16998592098763], [1.4190637153383892, 42.16976084686482], [1.4187611568812357, 42.169756676198034], [1.4187723707582227, 42.16930652798942], [1.4184698145086534, 42.1693023565905], [1.418486638058792, 42.16862713430471], [1.4181840850884784, 42.1686229622064], [1.4182121284155171, 42.1674975917043], [1.418514676027451, 42.167501763639], [1.4185483194753805, 42.166151318527696], [1.4182457782930986, 42.1661471467893], [1.418251386381737, 42.16592207260366], [1.4179488463351024, 42.16591790010051], [1.4179544554312122, 42.165692825938116], [1.417651916520223, 42.16568865267025], [1.4176575266237799, 42.16546357853113], [1.417354988848434, 42.16545940449853], [1.4173605999594137, 42.16523433038266], [1.4161504537854126, 42.16521762640881], [1.4161448383883346, 42.16544270039367], [1.4152372262169506, 42.16543016394183], [1.415231607541107, 42.16565523781889], [1.414929069207501, 42.165651057373935], [1.4149178295201041, 42.166101205034074], [1.4146152891076145, 42.16609702372608], [1.4146096680960238, 42.16632209750916], [1.414307126676195, 42.16631791537091], [1.4142958823171534, 42.16676806284303], [1.4139933388183978, 42.1667638798417], [1.4139877154709088, 42.166988953530755], [1.4136851709648073, 42.166984769699134], [1.4136795464814478, 42.1672098433459], [1.4133770009680016, 42.167205658683976], [1.4133713753487467, 42.16743073228846], [1.4130688288279578, 42.16742654679621], [1.4130632020727827, 42.1676516203584], [1.4124581070808315, 42.16764324691574], [1.4124524781180652, 42.16786832040277], [1.4112422846195234, 42.16785156381603], [1.4112366513058054, 42.168076637162166], [1.4106315527993967, 42.16806825401801], [1.4106371882564246, 42.16784318073761], [1.4097295441947677, 42.167830600138686], [1.4097351828023228, 42.16760552694748], [1.4094326359822558, 42.167601331852396], [1.4094382755970072, 42.1673762586846], [1.409135729913009, 42.167372062824924], [1.4091413705349323, 42.16714698968057], [1.408838825987, 42.16714279305633], [1.4088501091806767, 42.166692646805004], [1.408547566840398, 42.1666884494491], [1.4085532094121147, 42.16646337634216], [1.4082506682078866, 42.16645917822171], [1.4082563117866904, 42.16623410513821], [1.40795377171851, 42.166229906253214], [1.4079594163043767, 42.166004833193156], [1.405236568238571, 42.16596700763939], [1.4052422224037318, 42.16574193486652], [1.4043346107588823, 42.16572931209351], [1.4043402680739812, 42.16550423941016], [1.403735196110306, 42.16549582030699], [1.4037408555037636, 42.16527074768018], [1.4034383206904202, 42.16526653696546], [1.4034439810906985, 42.1650414643622], [1.4031414474135209, 42.16503725288308], [1.4031471088205951, 42.16481218030336], [1.4028445762795807, 42.164807968059876], [1.4028502386934267, 42.16458289550371], [1.4025477072885737, 42.16457868249585], [1.4025590340650482, 42.164128537421156], [1.4022565048677904, 42.16412432368198], [1.4022621692303827, 42.16389925116347], [1.4019596411692703, 42.16389503665995], [1.40196530653855, 42.163669964165], [1.40166277961358, 42.16366574889717], [1.4016684459895226, 42.163440676425786], [1.4010633944766244, 42.163432243564095], [1.4010690629305869, 42.16320717114939], [1.4007665383426677, 42.163202953555576], [1.4007722078032305, 42.16297788116445], [1.4004696843514621, 42.162973662806344], [1.4004753548186009, 42.16274859043883], [1.4001728325029796, 42.162744371316464], [1.4001785039766705, 42.16251929897253], [1.3992709406327022, 42.162506636920604], [1.399276615255578, 42.16228156466651], [1.3986715754930983, 42.16227311937807], [1.398665898727569, 42.162498191565916], [1.3983633778722928, 42.16249396769257], [1.3983576999705607, 42.16271903983782], [1.3980551781088235, 42.16271481513399], [1.3980494990708654, 42.16293988723662], [1.3977469762026686, 42.162935661702306], [1.3977412960284596, 42.1631607337623], [1.3974387721538057, 42.16315650739749], [1.3974330908433212, 42.163381579414846], [1.3971305659622117, 42.16337735221951], [1.3971192010037123, 42.1638274961595], [1.3968166740447545, 42.16382326810049], [1.3967882551550501, 42.16494862761867], [1.3970907874711656, 42.16495285584348], [1.3970851045698554, 42.16517792775183], [1.3973876380223746, 42.16518215521239], [1.3973819561276106, 42.1654072271444], [1.397987025370373, 42.16541567973955], [1.3979813455536738, 42.16564075172836], [1.3985864171990288, 42.1656492012001], [1.3985807394604464, 42.1658742732457], [1.3991858135083273, 42.165882719593945], [1.399180137847913, 42.166107791696305], [1.3994826760406625, 42.166112013707384], [1.3994770013869315, 42.16633708583336], [1.3997795407160596, 42.16634130708011], [1.399773867069036, 42.166566379229714], [1.4000764075345442, 42.1665705997121], [1.4000707348942523, 42.16679567188532], [1.400373276496142, 42.16679989160334], [1.4003676048626061, 42.16702496380017], [1.4006701476008794, 42.16702918275382], [1.4006644769741243, 42.16725425497426], [1.4012695647882265, 42.1672626905553], [1.4012638962398793, 42.16748776283241], [1.4021715316616064, 42.167500410322035], [1.4021658662633358, 42.167725482688866], [1.4033760520183687, 42.16774233497573], [1.4033703908418875, 42.16796740746524], [1.403975486250852, 42.16797582888976], [1.4039698271529752, 42.16820090143583], [1.4045749249638948, 42.16820931973634], [1.4045692679446737, 42.16843439233896], [1.4048718180187632, 42.16843860032596], [1.404866162006574, 42.1686636729521], [1.4051687132169681, 42.16866788017459], [1.405163058211836, 42.16889295282424], [1.4054656105585368, 42.168897159282174], [1.4054599565604857, 42.169122231955335], [1.4057625100434943, 42.169126437648735], [1.4057455508768681, 42.16980165571031], [1.4060481076396514, 42.16980586070511], [1.4060141939929158, 42.1711562967702], [1.4060756027360568, 42.171157150165826], [1.406084000000001, 42.17108000000001], [1.4060900000000003, 42.170914999999994], [1.4061939999999997, 42.17107300000002], [1.4062505052259098, 42.17115958060065], [1.4063167572509796, 42.171160501165275], [1.4063157261657917, 42.17120156515181], [1.4063769999999998, 42.17123600000002], [1.4064119999999998, 42.17124199999999], [1.4065290000000001, 42.171250999999984], [1.4067210000000003, 42.17125099999999], [1.4068260000000001, 42.171237000000005], [1.4068910000000006, 42.171224], [1.4069260000000003, 42.17120100000001], [1.4069810000000003, 42.171132000000014], [1.4070660000000008, 42.171157000000015], [1.4071760000000002, 42.17117500000001], [1.407224383339237, 42.17117566280608], [1.4072357436453968, 42.17072296398411], [1.4069331823372522, 42.17071876204773], [1.4069501294177402, 42.17004354370427], [1.4066475713894824, 42.17003934106917], [1.406664521104244, 42.1693641227393], [1.4063619663557696, 42.16935991940555], [1.4063732679862304, 42.16890977387084], [1.4060707154457457, 42.16890556980548], [1.4060820189612946, 42.16845542429879], [1.4057794686287604, 42.16845121950186], [1.4057851213613284, 42.16822614676729], [1.4054825721650512, 42.168221941205815], [1.4054882259046795, 42.167996868494726], [1.4048831298492523, 42.167988455045254], [1.4048887856675543, 42.167763382390675], [1.4036785986188782, 42.16774654605371], [1.403684258659049, 42.167521473521695], [1.4033817131301611, 42.16751726247674], [1.4024740769316713, 42.16750462455695], [1.4024797411935996, 42.1672795521476], [1.4018746528614179, 42.167271122946396], [1.4018803192018099, 42.16704605059367], [1.4015777762044264, 42.167041834829924], [1.4015834435516512, 42.16681676250077], [1.401280901690606, 42.16681254597261], [1.4012865700446397, 42.16658747366705], [1.400984029319931, 42.1665832563745], [1.4009896986807486, 42.16635818409254], [1.4006871590923742, 42.16635396603561], [1.4006928294599512, 42.166128893777234], [1.4000877526206736, 42.1661204553372], [1.4000934250665127, 42.16589538313553], [1.3997908878156184, 42.16589116275244], [1.3997965612681555, 42.165666090574376], [1.399494025153602, 42.16566186942696], [1.3994996996128122, 42.16543679727251], [1.3985920948727346, 42.16542412914501], [1.3985977724815655, 42.16519905708045], [1.397690171539818, 42.165186381875536], [1.3976958522981897, 42.16496130990088], [1.3973933198522166, 42.164957083270885], [1.3974046833171319, 42.164506939359434], [1.3971021530789827, 42.164502711998345], [1.3971135184270673, 42.164052568115274], [1.397416046522364, 42.16405679541007], [1.3974274094679195, 42.16360665142275], [1.3980324615676454, 42.16361510348758], [1.3980381408002776, 42.1633900314134], [1.3983406658760997, 42.163394256216634], [1.398346343972465, 42.16316918409985], [1.3989513921759862, 42.16317763124797], [1.3989570680647472, 42.16295255905545], [1.3992595911924322, 42.16295678140033], [1.399253916375035, 42.16318185362597], [1.399858964967647, 42.16319029598991], [1.3998532922281632, 42.16341536827226], [1.4004583432228057, 42.16342380751292], [1.4004526725612865, 42.163648879852005], [1.4013602527533568, 42.16366153283193], [1.4013545852412606, 42.16388660526076], [1.4016571131728917, 42.16389082135905], [1.4016514466674563, 42.16411589381145], [1.401953975735256, 42.164120109145415], [1.4019483102365058, 42.164345181621385], [1.4022508404404743, 42.164349396191014], [1.4022338467701767, 42.165024613661245], [1.4025363802532478, 42.1650288275326], [1.4025307166385126, 42.165253900036774], [1.4028332512577828, 42.165258113143764], [1.4028275886498296, 42.16548318567149], [1.4031301244053003, 42.165487398014086], [1.403124462804153, 42.16571247056535], [1.4034269996958264, 42.16571668214356], [1.4034213391015093, 42.16594175471838], [1.4046314916009879, 42.16595859318885], [1.4046258352281384, 42.16618366588626], [1.4049283745861596, 42.16618787354326], [1.4073486917756584, 42.16622150609087], [1.407343044982173, 42.166446579075576], [1.4079481270681449, 42.16645497930378], [1.4079368375739143, 42.1669051253765], [1.408239380856815, 42.16690932436028], [1.4082224493465374, 42.167584543497085], [1.4085249959087602, 42.167588741782154], [1.4085193530146545, 42.167813814841715], [1.4088219007129923, 42.16781801236222], [1.4088162588260549, 42.16804308544523], [1.4094213565594236, 42.16805147815953], [1.4094157167513415, 42.168276551298895], [1.412743770678368, 42.168322654567014], [1.4127493986981063, 42.168097581066085], [1.4133544981052812, 42.16810595304505], [1.4133601239173874, 42.167880879468974], [1.4136626726457473, 42.16788506422936], [1.4136682973219188, 42.167659990611014], [1.4139708450428996, 42.16766417454109], [1.4139764685831606, 42.16743910088044], [1.4142790152967615, 42.1674432839802], [1.4142846377011373, 42.16721821027728], [1.4145871834073558, 42.167222392546726], [1.4145928046758702, 42.16699731880154], [1.4148953493747045, 42.16700150024071], [1.414912209580081, 42.166326278849944], [1.4152147511283564, 42.16633045939326], [1.415220369996811, 42.166105385544604], [1.4158254511428257, 42.16611374417326], [1.4158310678039598, 42.165888670249586], [1.4170412265798076, 42.165905377806304], [1.4170356142049145, 42.166130451861015], [1.4173381551307944, 42.16613462678928], [1.417332543763345, 42.166359700867275], [1.4176350858249196, 42.166363875030804], [1.4175565349510293, 42.169514911586575], [1.4178590920800649, 42.16951908541089], [1.417847871644331, 42.16996923340424], [1.4181504309810067, 42.169973406496446], [1.4181392124324197, 42.170423554517384], [1.4184417739767772, 42.17042772687746], [1.4184361656781477, 42.17065280090644], [1.4187387283584019, 42.17065697250165], [1.4187331210675087, 42.17088204655387], [1.419035684883662, 42.1708862173842], [1.4190300786005308, 42.171111291459674], [1.4193326435525853, 42.171115461525105], [1.4193270382772394, 42.171340535623806], [1.4196296043651961, 42.17134470492432], [1.4196240000976605, 42.17156977904626], [1.4199265673215213, 42.17157394758185], [1.4199209640618204, 42.17179902172701], [1.4202235324215875, 42.17180318949767], [1.4202179301697455, 42.17202826366605], [1.4205204996654197, 42.17203243067176], [1.4205148984214617, 42.17225750486335], [1.4208174690530455, 42.172261671104096], [1.4208118688169953, 42.17248674531889], [1.4211144405844902, 42.17249091079467], [1.421103242064271, 42.172941059261206], [1.4214058160396192, 42.172945224004664], [1.4213946194073794, 42.17339537249864], [1.4210920432881113, 42.17339120768987], [1.4210808442560032, 42.17384135608067], [1.420778266056755, 42.17383719040888], [1.4207543291610556, 42.17479912206438], [1.4208640000000006, 42.17484500000001], [1.421044, 42.174923000000014], [1.4213000000000002, 42.175002000000006], [1.4214060000000002, 42.17504600000001], [1.4216546429863337, 42.17511055162944], [1.4216804033784232, 42.1740747592777]]], [[[1.4056437836672506, 42.173852962288294], [1.4056324749073352, 42.174303107274056], [1.4053298967718229, 42.174298900821974], [1.4053242412229474, 42.17452397326764], [1.4050216620800684, 42.17451976598489], [1.4050160053945586, 42.174744838388094], [1.4047134252443148, 42.174740630274655], [1.4047077674221462, 42.174965702635376], [1.4044051862645395, 42.174961493691235], [1.4043995273056868, 42.17518656600947], [1.404096945140719, 42.17518235623463], [1.4040912850451588, 42.17540742851035], [1.4037887018728314, 42.17540321790478], [1.403783040640538, 42.175628290138], [1.4034804564608532, 42.17562407870171], [1.4034747940918029, 42.17584915089243], [1.402567038724849, 42.17583651169811], [1.4025613730748712, 42.17606158378023], [1.4004432719807631, 42.176032064175175], [1.4004375987614692, 42.176257136016304], [1.400135012078028, 42.176252915705874], [1.4001293377218127, 42.17647798750445], [1.4046681608565852, 42.17654120889496], [1.4046738191313546, 42.1763161366006], [1.404976406785978, 42.17632034494505], [1.4049820639239972, 42.176095272608215], [1.4052846505711762, 42.17609948012195], [1.405290306572469, 42.175874407742626], [1.4058954779165564, 42.17588282031091], [1.4059011317090782, 42.17565774785613], [1.406203716405972, 42.17566195291071], [1.4062093690618274, 42.17543688041347], [1.4068145365052718, 42.17544528806354], [1.4068192683276264, 42.17525680697414], [1.40672, 42.175162], [1.4067080000000012, 42.175146000000005], [1.4066120000000002, 42.175067], [1.4065130000000003, 42.174881000000006], [1.406301190581042, 42.1745375520377], [1.4062319790393056, 42.174536590329794], [1.4062350484209298, 42.17441436969349], [1.406098, 42.174158], [1.4059417006375725, 42.17385710312485], [1.4056437836672506, 42.173852962288294]]]]}}, {"type": "Feature", "properties": {"sector_id": "BH-28", "area_ha": 237.33, "hic_ha": 99.3, "priority_hic_ha": 28.09, "connector_ha": 138.85, "natural_cover_pct": 99.89, "bare_pct": 0.0, "records": 26, "road_km": 5.84, "access_km_km2": 2.46, "public_points": 0, "historic_fire_ha": 0.0, "historic_fire_events": 0, "ndvi": 0.537, "ndmi": 0.035, "lst_c": 31.172, "fire_today": 56.834, "value_reasons": ["28.1 ha d\u2019HIC prioritari cartografiat", "99.3 ha d\u2019HIC cartografiat", "138.8 ha dins connectors terrestres oficials", "26 registres p\u00fablics agregats; indiquen coneixement, no abund\u00e0ncia", "100 % de cobertes naturals o seminaturals com a context de continu\u00eftat"], "pressure_reasons": [], "knowledge_class": "Ben prospectat en fonts p\u00fabliques", "followup": "Seguiment recomanat", "recommendation": "Mantenir observaci\u00f3 i repetir les lectures din\u00e0miques quan hi hagi una nova dada v\u00e0lida.", "missing": ["estat local de conservaci\u00f3 dels h\u00e0bitats", "fragmentaci\u00f3 funcional espec\u00edfica per fauna"], "valuable": true, "pressured": false}, "geometry": {"type": "MultiPolygon", "coordinates": [[[[1.3702023746659755, 42.17493088224163], [1.3702081548245721, 42.174705813703106], [1.3693004306867065, 42.17469291157363], [1.3692946473122865, 42.17491798001098], [1.3690544051308777, 42.174914564060295], [1.3693069999999998, 42.17517200000003], [1.3701566555559603, 42.17605598581425], [1.3719889615320973, 42.176082008727306], [1.3719947355889222, 42.1758569400341], [1.3738102201821145, 42.17588269505095], [1.3738159877409613, 42.17565762614626], [1.3759340485942853, 42.175687637135866], [1.3759282885394741, 42.17591270627589], [1.3765334515198768, 42.17592127373241], [1.3765276935432849, 42.17614634293013], [1.3771328589309262, 42.17615490726305], [1.3771271030326064, 42.17637997651844], [1.377732270827419, 42.1763885377277], [1.3777265170074224, 42.17661360704073], [1.3780291020755113, 42.17661788648237], [1.3780233492618257, 42.17684295581945], [1.3783259354677178, 42.176847234496925], [1.3783201836603676, 42.17707230385807], [1.378622771004065, 42.17707658177138], [1.3786170202030752, 42.17730165115656], [1.3789196086845785, 42.17730592830569], [1.3789138588899734, 42.177530997714925], [1.379216448509285, 42.17753527409986], [1.3792106997210887, 42.17776034353312], [1.3798158813010157, 42.177768893976825], [1.379810134591382, 42.17799396346766], [1.3804153185782508, 42.178002510787415], [1.3804095739472317, 42.178227580335765], [1.3816199469972155, 42.178244665536226], [1.3816142065891788, 42.17846973520906], [1.382824584977385, 42.178486807779244], [1.3828188487924429, 42.178711877576475], [1.383726636488451, 42.17872467372788], [1.3837209034545228, 42.17894974361598], [1.3843260977238374, 42.17895827046157], [1.3843203667688, 42.17918334040703], [1.3846229650739046, 42.17918760266658], [1.3846172351255916, 42.179412672635955], [1.3849198345683942, 42.17941693413114], [1.38491410562683, 42.17964200412445], [1.3852167062073304, 42.17964626485525], [1.385193794075419, 42.1805465448672], [1.3854963990104248, 42.18055080493382], [1.3854677627342535, 42.18167615490217], [1.385770373096299, 42.18168041433796], [1.3857531937622722, 42.18235562430526], [1.3860558074068605, 42.18235988304338], [1.3860500819036927, 42.18258495304689], [1.386352696686105, 42.18258921102052], [1.3863412476282968, 42.18303935106583], [1.3869464816790198, 42.183047864752986], [1.386940759196847, 42.18327293482816], [1.387243377392742, 42.183277190508264], [1.3872376559176165, 42.18350226060732], [1.3878428946504426, 42.18351076964052], [1.387837175254848, 42.18373583979681], [1.3887450370616499, 42.183748597462305], [1.3887393208181107, 42.18397366770915], [1.389647186430271, 42.18398641829333], [1.389652899456384, 42.183761347946486], [1.3899555203852232, 42.18376559651204], [1.3899612322735815, 42.1835405261224], [1.390263852195232, 42.1835447738567], [1.3902695629458612, 42.18331970342426], [1.3905721818603207, 42.183323950327356], [1.3906007292724547, 42.18219859785624], [1.3902981157200835, 42.182194351119655], [1.390309536372957, 42.181744210131384], [1.3906121477805784, 42.181748456801344], [1.3906178569367735, 42.18152338625966], [1.3912230778030223, 42.181531877139406], [1.391224639967279, 42.18147026874259], [1.3909540000000007, 42.18137699999999], [1.3903250000000005, 42.18118900000002], [1.3898949999999999, 42.181054999999986], [1.3892860000000007, 42.18082999999999], [1.389032, 42.180736], [1.3890229999999997, 42.180825000000006], [1.389013000000001, 42.18106600000001], [1.3891850000000003, 42.18115600000001], [1.3893970000000007, 42.18134300000002], [1.389591, 42.181553], [1.3896930000000005, 42.181736], [1.3897420000000007, 42.18192399999998], [1.3897290000000002, 42.18212200000001], [1.3897080000000002, 42.18223100000001], [1.3896610000000003, 42.182349], [1.3895470000000008, 42.182182999999995], [1.3893940000000002, 42.182044], [1.3892360000000006, 42.181952], [1.389026000000001, 42.18187599999999], [1.38881, 42.18184899999999], [1.3886840000000005, 42.18184599999997], [1.388529000000001, 42.181875], [1.3883509999999997, 42.181909000000005], [1.3882390000000007, 42.18193300000001], [1.3881140000000003, 42.18191000000001], [1.3879380000000001, 42.18185299999999], [1.38776, 42.18172900000001], [1.387679000000001, 42.18163499999998], [1.3875759999999995, 42.18145499999999], [1.3874790000000006, 42.181305999999985], [1.3874330000000001, 42.18144600000001], [1.387395000000001, 42.181546000000004], [1.387331000000001, 42.181515999999995], [1.3872620000000002, 42.18146299999999], [1.3871540000000002, 42.18136600000001], [1.387004000000001, 42.18122200000001], [1.3868869999999995, 42.18117000000001], [1.3867070000000006, 42.18112599999999], [1.3867330000000009, 42.181045000000005], [1.386738000000001, 42.180933999999986], [1.3866680000000005, 42.180849999999985], [1.386697, 42.18077399999999], [1.3867459999999996, 42.18063200000001], [1.3867690000000004, 42.18056300000001], [1.3868380000000005, 42.180422000000014], [1.3866940000000008, 42.180215000000004], [1.3865750000000003, 42.18000700000002], [1.3864940000000003, 42.17985199999998], [1.3864180000000008, 42.179763], [1.3863580000000006, 42.17968699999999], [1.3862510000000006, 42.17962500000001], [1.38607, 42.179593000000004], [1.3858590000000002, 42.17955299999999], [1.3855020000000011, 42.17952900000001], [1.3851660000000006, 42.17950200000002], [1.3850429999999996, 42.179439], [1.3848770000000008, 42.17931500000001], [1.3849410000000002, 42.17922], [1.3850870000000002, 42.17906500000001], [1.3852889999999995, 42.178808], [1.3854730000000006, 42.17857000000001], [1.385676, 42.17863800000001], [1.3859470000000007, 42.17875999999998], [1.3864120000000004, 42.17897500000001], [1.386751, 42.179159], [1.3870320000000005, 42.17927100000001], [1.3872370000000003, 42.17934200000001], [1.3875140000000004, 42.179328000000005], [1.3876980000000003, 42.179306999999994], [1.387704, 42.17916], [1.3876900000000005, 42.17901599999999], [1.3876480000000004, 42.178872000000005], [1.3875329999999997, 42.178729], [1.3875250000000006, 42.17861299999999], [1.3875810000000002, 42.17850500000001], [1.3876130000000004, 42.17842900000002], [1.387199000000001, 42.17861199999999], [1.3870720000000003, 42.178543], [1.3868620000000007, 42.178375], [1.3866370000000006, 42.178188], [1.3863750000000006, 42.178051], [1.386152000000001, 42.17788], [1.3859199999999998, 42.177721], [1.385599000000001, 42.177599999999984], [1.3855717393177467, 42.17758976906198], [1.3855708456712956, 42.177624893905254], [1.382847529061658, 42.17758652849536], [1.3828532649188563, 42.17736145865065], [1.3813403189009714, 42.17734011678036], [1.3813460600531215, 42.17711504709351], [1.3807408842493265, 42.17710650482824], [1.380746627480038, 42.17688143519889], [1.3804440407486638, 42.17687716290317], [1.3804458669447912, 42.176805609514425], [1.3803590000000006, 42.176798999999995], [1.380116000000001, 42.176763999999984], [1.3797100000000007, 42.17666], [1.3791360000000012, 42.17647900000002], [1.378692000000001, 42.17635800000002], [1.3783600000000005, 42.176251], [1.3779950000000007, 42.17610000000001], [1.3776120000000012, 42.17592700000001], [1.3774620000000009, 42.17591300000002], [1.3773060000000008, 42.175852], [1.3771019999999994, 42.17572400000001], [1.3769219999999998, 42.17561700000002], [1.3767460000000005, 42.175484999999995], [1.3766230000000002, 42.17534899999999], [1.376499000000001, 42.175186], [1.3763229999999997, 42.175039999999996], [1.3761880000000004, 42.175008999999996], [1.375972, 42.17499900000002], [1.3756770000000003, 42.17502800000001], [1.3753940000000007, 42.17504799999999], [1.375054000000001, 42.17506399999998], [1.3747669999999996, 42.17511900000002], [1.3745220000000005, 42.175174999999996], [1.3741390000000002, 42.175212999999985], [1.3739250000000005, 42.175208999999995], [1.373747, 42.17516000000001], [1.3734660000000007, 42.175044000000014], [1.3732760000000006, 42.174929], [1.3732400000000002, 42.174792000000004], [1.3731900000000004, 42.174592000000004], [1.3731657372502095, 42.17429750063419], [1.3729428716279166, 42.174294339306435], [1.3729371012487186, 42.17451940816719], [1.3726720827143295, 42.17451564832429], [1.3726530000000003, 42.174549000000006], [1.3726329060970572, 42.17457832319856], [1.372628755430876, 42.17474018428512], [1.3725230175127978, 42.17473868395925], [1.3724810000000005, 42.17480000000002], [1.3723140000000003, 42.17505299999999], [1.3721720000000013, 42.175292], [1.3720969999999997, 42.175484999999995], [1.371972, 42.17562499999998], [1.371822, 42.17574900000001], [1.371677, 42.175818], [1.3715610000000005, 42.175809], [1.371450000000001, 42.175780999999986], [1.37139, 42.175702000000015], [1.3713409999999995, 42.17554500000001], [1.3713600000000004, 42.175345000000014], [1.3714300000000001, 42.175154], [1.3715329198178423, 42.17494978131971], [1.3702023746659755, 42.17493088224163]]], [[[1.37116786907126, 42.172693090469046], [1.3711736453539258, 42.17246802173434], [1.372081338523997, 42.17248090849546], [1.3720755654568035, 42.17270597733124], [1.3729832624360705, 42.17271885701508], [1.3729774925184246, 42.172943925942356], [1.373280059381902, 42.17294821760877], [1.373274290470176, 42.1731732865602], [1.3735768584714287, 42.17317757746266], [1.3735715799121795, 42.17338355178776], [1.3736510000000013, 42.173309999999994], [1.3736880000000014, 42.173280000000005], [1.373738000000001, 42.17323899999998], [1.373802, 42.173186], [1.3739090000000003, 42.173125], [1.3740550000000007, 42.173067], [1.3742940000000003, 42.17304299999999], [1.3746120000000006, 42.173059], [1.3749469999999995, 42.173108], [1.3752870000000004, 42.17315800000001], [1.3758990000000004, 42.17325399999999], [1.3759390000000007, 42.17315800000001], [1.3759170000000005, 42.17304399999999], [1.3759170000000007, 42.17302], [1.375918000000001, 42.172984], [1.3758849999999998, 42.172664999999995], [1.3758530000000004, 42.172367000000015], [1.375828, 42.17207799999999], [1.3758070000000007, 42.17183800000001], [1.375815000000001, 42.17175700000002], [1.3759640000000004, 42.171867000000006], [1.3761380000000007, 42.171991], [1.37635, 42.172087000000005], [1.3766480000000003, 42.172186000000025], [1.376912, 42.172257999999985], [1.3771230000000003, 42.172248999999994], [1.3773970000000004, 42.172200999999994], [1.3776739999999996, 42.17212999999999], [1.3779400000000004, 42.17205199999997], [1.378155000000001, 42.17198299999998], [1.3783250000000007, 42.17194200000001], [1.3785200000000004, 42.17193600000002], [1.3786790000000007, 42.17196800000002], [1.3788140000000004, 42.172017], [1.3789310000000008, 42.17211099999998], [1.3789970000000007, 42.172160000000005], [1.3790520000000006, 42.17222900000001], [1.3791180000000003, 42.17234500000001], [1.3791709999999997, 42.17247199999999], [1.3792710000000001, 42.17261799999999], [1.3793880000000007, 42.172688999999984], [1.379501, 42.17272199999998], [1.3797320000000004, 42.172717], [1.3800700000000004, 42.17267699999999], [1.3803380000000005, 42.17264300000001], [1.3805919999999998, 42.172617999999986], [1.380691239706642, 42.17260278815662], [1.3805531700306943, 42.172600838777434], [1.3805589130208071, 42.17237576899162], [1.3799537826331212, 42.172367223347464], [1.379959527701258, 42.17214215361917], [1.3793543997198152, 42.17213360485168], [1.3793601468659245, 42.171908535180926], [1.3784524586017644, 42.17189570614838], [1.3784582088975903, 42.17167063656875], [1.3778530858602622, 42.17166207995959], [1.3778588382339432, 42.17143701043757], [1.3772537176031048, 42.171428450705235], [1.37725947205459, 42.17120338124083], [1.3766543538303073, 42.1711948183854], [1.376660110359545, 42.17096974897864], [1.375449878987439, 42.17095261383146], [1.3754556397378535, 42.17072754454959], [1.3706147419373689, 42.17065887689166], [1.3706089640392716, 42.17088394563501], [1.3663731773228327, 42.17082369347913], [1.3663673843545026, 42.17104876174046], [1.3656287095886654, 42.17103823835393], [1.3661090000000002, 42.17145599999999], [1.3663880000000006, 42.17174599999999], [1.366521000000001, 42.171867], [1.3666900000000002, 42.17203100000001], [1.3668480000000007, 42.17226999999998], [1.3670946099771248, 42.17263517259192], [1.367839654075908, 42.17264577722642], [1.3678338659371039, 42.17287084558059], [1.3693466953029991, 42.17289236373257], [1.3693524780826656, 42.172667295209656], [1.3697487554782677, 42.17267292844836], [1.3697099999999998, 42.17250300000002], [1.3696530000000005, 42.172201], [1.3696220000000006, 42.17203200000001], [1.3697580000000011, 42.172047], [1.3699180000000002, 42.172193999999976], [1.3701039999999998, 42.172385000000006], [1.370256, 42.17254100000001], [1.3703240000000005, 42.17265899999999], [1.370344380036948, 42.172681392908515], [1.37116786907126, 42.172693090469046]], [[1.3742270000000012, 42.17287799999998], [1.37399, 42.172884000000025], [1.373659, 42.172892], [1.373258000000001, 42.17289099999999], [1.3732470000000008, 42.172562], [1.373280000000001, 42.17228], [1.3739439999999998, 42.17230599999999], [1.3744900000000004, 42.17233699999999], [1.374668, 42.172349], [1.3746800000000003, 42.17273], [1.3746900000000004, 42.172926000000004], [1.3745550000000004, 42.172879], [1.3744110000000005, 42.172856], [1.374313, 42.17285900000002], [1.3742270000000012, 42.17287799999998]]], [[[1.3814608693198964, 42.172613651362184], [1.3812287961928582, 42.17261037622919], [1.3812500000000005, 42.17263500000001], [1.381385, 42.17267500000001], [1.3814581752724493, 42.172719290326455], [1.3814608693198964, 42.172613651362184]]], [[[1.391821951231186, 42.157899410461745], [1.3918162510629808, 42.1581244820664], [1.3924212492729646, 42.15813296283481], [1.3924155511818048, 42.15835803449648], [1.3930205517943848, 42.158366512142514], [1.393014855780321, 42.1585915838612], [1.393317357255341, 42.15859582152162], [1.3933116622473105, 42.158820893264036], [1.3936141648585156, 42.158825130160466], [1.3936084708565426, 42.159050201926625], [1.393910974603934, 42.15905443805904], [1.3939052816080426, 42.15927950984893], [1.3942077864916225, 42.15928374521732], [1.3941964024470153, 42.1597338888351], [1.3944989095379527, 42.15973812347265], [1.3944875273755672, 42.160188267118905], [1.3947900366739017, 42.16019250102561], [1.3947445139932002, 42.16199307549679], [1.3944419961248882, 42.16198884132442], [1.3944306126618993, 42.16243898478094], [1.3941280927160047, 42.162434749744826], [1.3941110138197397, 42.16310996475881], [1.393808490724881, 42.16310572882569], [1.3937857136669667, 42.1640060152453], [1.3934831863516537, 42.16400177838192], [1.3934490123841468, 42.16535220752732], [1.3937515461281018, 42.165356444590074], [1.393740156427921, 42.1658065876291], [1.3940426923799278, 42.16581082396088], [1.3940313045624848, 42.16626096702841], [1.3943338427225829, 42.16626520262919], [1.3943281497878026, 42.16649027418194], [1.3946306890844848, 42.16649450901849], [1.3946249971562004, 42.166719580594965], [1.3952300780877664, 42.16672804794214], [1.3952243882375632, 42.166953119575524], [1.395829471572314, 42.166961583799235], [1.3958237838002439, 42.16718665548953], [1.3961263266366883, 42.16719088643838], [1.3961206398712138, 42.167415958152354], [1.3967257278822096, 42.167424417723964], [1.3967200431949565, 42.16764948949481], [1.3970225883694982, 42.16765371811758], [1.3970169046889023, 42.1678787899121], [1.397319451000006, 42.16788301777052], [1.397313768326092, 42.16810808958871], [1.397616315773758, 42.1681123166828], [1.3976049523744212, 42.168562460357045], [1.3979075020303051, 42.16856668671993], [1.3979018213049177, 42.16879175857596], [1.3982043720973816, 42.168795984174466], [1.3981986923787608, 42.169021056054156], [1.3985012443078053, 42.16902528088828], [1.3984955655959757, 42.16925035279162], [1.3987981186616032, 42.16925457686134], [1.398792440956589, 42.16947964878833], [1.3997001037578125, 42.16949231631166], [1.3996944292030797, 42.169717388328515], [1.4012072071937438, 42.16973848508206], [1.4012015379328453, 42.16996355725486], [1.4021092087199383, 42.169976205835624], [1.4021035426095108, 42.17020127809816], [1.402406100739803, 42.17020549272969], [1.4024004356363935, 42.170430565015785], [1.4027029949031857, 42.17043477888281], [1.4026973308068198, 42.170659851192475], [1.402999891210114, 42.170664064294954], [1.402982901748079, 42.1713392812662], [1.4032854654314983, 42.171343493670214], [1.4032628161968366, 42.17224378296463], [1.4029602482260288, 42.17223957042847], [1.4029489210767, 42.17268971495272], [1.4026463510268437, 42.17268550155285], [1.4026406862831993, 42.172910573767716], [1.4023381152261738, 42.17290635953716], [1.4023324493458842, 42.173131431709486], [1.4017273052822568, 42.17312300078937], [1.4017216371933738, 42.17334807288611], [1.3993010549552913, 42.17331431703523], [1.3992953782261845, 42.17353938885774], [1.3983876577411225, 42.17352671715313], [1.3983819777313284, 42.17375178886679], [1.398079403294167, 42.173747563336825], [1.3980737221475157, 42.17397263500785], [1.3977711467033247, 42.17396840864708], [1.3977654644197919, 42.174193480275484], [1.3974628879685738, 42.1741892530839], [1.3974515210627494, 42.17463939624596], [1.3971489425325214, 42.17463516819039], [1.3971375732229026, 42.175085311248196], [1.3968349926136316, 42.17508108232862], [1.3968293067893613, 42.17530615381011], [1.3965267251730453, 42.17530192405969], [1.396521038211769, 42.17552699549854], [1.3962184555884103, 42.175522764917226], [1.3962127674901037, 42.17574783631341], [1.3959101838597026, 42.17574360490122], [1.3959044946243415, 42.17596867625473], [1.3940889877753335, 42.175943270830466], [1.3940946834429992, 42.17571819967618], [1.390766272099864, 42.17567154884488], [1.3907719794947857, 42.17544647804695], [1.3898642355316901, 42.17543373844115], [1.3898699460774302, 42.17520866773364], [1.3895673659589067, 42.1752044196363], [1.3895730775113893, 42.17497934895263], [1.389270498530132, 42.17497510009092], [1.3892762110893335, 42.17475002943107], [1.3889736332453406, 42.174745779805015], [1.3889850603118403, 42.17429563852349], [1.3886824846770705, 42.17429138816643], [1.3886881991843338, 42.17406631754476], [1.3883856246868107, 42.17406206642338], [1.3883913402007073, 42.17383699582557], [1.3880887668404316, 42.173832743939876], [1.3880944833609372, 42.17360767336591], [1.3877919111379058, 42.17360342071592], [1.3877976286649958, 42.17337835016582], [1.3865873447139712, 42.17336133172295], [1.3865930664633008, 42.17313626129682], [1.3853827878459763, 42.173119230225424], [1.3853885138174349, 42.17289415992335], [1.3816603673389418, 42.17284161728015], [1.3816610000000007, 42.17284200000001], [1.3819239999999997, 42.17294500000001], [1.382165, 42.173068000000015], [1.3823230000000006, 42.17312600000002], [1.3825950000000007, 42.17322200000002], [1.3827010000000002, 42.17326800000003], [1.3828960000000003, 42.17331800000001], [1.3829690000000003, 42.173292], [1.382993, 42.17334499999998], [1.3830249999999997, 42.17339100000002], [1.38311, 42.17344899999999], [1.3832529999999998, 42.173502000000006], [1.3834750000000007, 42.173594], [1.3838260000000002, 42.173722], [1.3840560000000004, 42.17382000000001], [1.38425, 42.17392499999998], [1.3843630317382893, 42.17400547378114], [1.3853598833058167, 42.17401951133874], [1.385354157007191, 42.174244581593335], [1.3856567319229716, 42.17424884072462], [1.3856510066308594, 42.174473911003126], [1.386256158802582, 42.17448242693952], [1.3862504355889724, 42.174707497275314], [1.3865530128449055, 42.174711754080406], [1.3865472906378715, 42.17493682444009], [1.3868498690311712, 42.174941080480885], [1.3868434821710258, 42.17519233755887], [1.3869220000000002, 42.17523400000001], [1.3870860000000005, 42.175287999999995], [1.3871440000000002, 42.17530200000001], [1.387245, 42.175271000000016], [1.3872860000000007, 42.175173999999984], [1.3873980000000006, 42.17491699999999], [1.3875160000000013, 42.174646], [1.3876569999999997, 42.1744], [1.3877180000000002, 42.17429000000001], [1.3877570000000001, 42.174258], [1.3877850000000003, 42.174263], [1.387773000000001, 42.174409999999995], [1.3879310000000005, 42.17440900000001], [1.387991000000001, 42.174423], [1.3880280000000005, 42.174447000000015], [1.3880330000000005, 42.17448400000002], [1.388043, 42.174543], [1.3880440000000003, 42.17463299999999], [1.3880389999999996, 42.174718000000006], [1.3880550000000011, 42.174829], [1.3880690000000009, 42.174910999999994], [1.388120000000001, 42.17501600000001], [1.3881660000000005, 42.17511400000001], [1.388197, 42.175192], [1.3881740000000002, 42.17525899999999], [1.3881460000000005, 42.175317], [1.3881030000000003, 42.17538500000002], [1.388076, 42.175446], [1.3880740000000007, 42.175484000000004], [1.3881269999999999, 42.17555700000001], [1.3881990000000004, 42.175633], [1.3882950000000014, 42.175724], [1.3882920000000005, 42.17574599999998], [1.3882730000000008, 42.175763999999994], [1.3883690000000002, 42.17582399999999], [1.3885059999999998, 42.175934], [1.3886720000000001, 42.176049999999975], [1.3888310000000001, 42.17615399999999], [1.3889740000000004, 42.176252], [1.3890610000000008, 42.17633799999998], [1.3890350000000002, 42.17637199999999], [1.3890600000000004, 42.176384999999996], [1.3891180000000003, 42.17641500000002], [1.3891910000000012, 42.176463], [1.3892660000000003, 42.17652], [1.3893950000000002, 42.176590999999995], [1.389591, 42.17666200000001], [1.3898300000000008, 42.176716999999975], [1.390047, 42.17673700000001], [1.390347, 42.17676899999998], [1.390486000000001, 42.176804], [1.390639, 42.17681800000001], [1.3907160000000005, 42.176772], [1.3907960000000004, 42.176733999999996], [1.3909090000000006, 42.17665400000002], [1.3910390000000006, 42.176553000000006], [1.3911380000000004, 42.17650799999999], [1.3913719999999996, 42.176494], [1.3915830000000011, 42.17648600000001], [1.3917020000000007, 42.17644800000002], [1.391809000000001, 42.17638900000001], [1.3919800000000004, 42.176306999999994], [1.3922220000000007, 42.176258999999995], [1.3924720000000002, 42.17624299999999], [1.3926790000000004, 42.176172], [1.3928559999999996, 42.176099000000015], [1.3930490000000004, 42.176078000000004], [1.3932660000000001, 42.17611], [1.3934900000000006, 42.17613399999999], [1.3936360000000008, 42.17620200000001], [1.3937910000000002, 42.176278], [1.3939260000000004, 42.17632099999999], [1.3941480000000008, 42.176349000000016], [1.3943170000000007, 42.176386], [1.394529, 42.176477000000006], [1.3947159999999996, 42.17656200000001], [1.3948910000000003, 42.176680999999995], [1.3950410000000002, 42.17680699999998], [1.3951639999999998, 42.17695500000002], [1.3952310000000012, 42.177085999999996], [1.3952430000000005, 42.177198000000004], [1.395262, 42.17734600000001], [1.3952530000000003, 42.17743600000001], [1.3952200000000008, 42.17752700000001], [1.3951780000000005, 42.177630999999984], [1.3951370000000005, 42.17774600000001], [1.3951110000000007, 42.17781399999999], [1.3951150000000003, 42.177888000000024], [1.3951376024397775, 42.17798430605017], [1.3952481000724646, 42.17798585212809], [1.3952424080425763, 42.17821092332036], [1.3961501941184933, 42.17822362104539], [1.396144505240121, 42.178448692327734], [1.3964471018009856, 42.17845292334038], [1.3964436211786693, 42.17859065324477], [1.3966050000000005, 42.178551000000006], [1.3968980000000002, 42.17847799999999], [1.397107, 42.178409999999985], [1.3972690000000005, 42.17831800000001], [1.3974430000000004, 42.17820399999999], [1.3975190000000004, 42.178158999999994], [1.397543, 42.178146000000005], [1.3975510000000004, 42.17814099999998], [1.3976140000000004, 42.178194000000005], [1.3975780000000009, 42.17821500000001], [1.3975490000000002, 42.178232], [1.3975290000000016, 42.178313], [1.3974950000000004, 42.178409999999985], [1.3974870000000004, 42.178513000000024], [1.3974800000000012, 42.17859599999999], [1.3975220000000002, 42.17875600000001], [1.3976210000000007, 42.17898900000001], [1.3977860000000002, 42.17920099999998], [1.3979420000000005, 42.179325000000006], [1.3979930000000005, 42.179368999999994], [1.3980979999999998, 42.179477], [1.3981230000000002, 42.179596], [1.3982259999999995, 42.179691000000005], [1.3984480000000008, 42.179778000000006], [1.3985570000000007, 42.17978200000002], [1.3986350000000012, 42.179798000000005], [1.3988890000000007, 42.179939999999995], [1.3988900000000004, 42.179962000000025], [1.3988980000000009, 42.180050999999985], [1.398896485231979, 42.180063197899514], [1.3991307248602347, 42.180066467585384], [1.3991364034709148, 42.17984139603789], [1.3997416108232925, 42.17984984170704], [1.3997472872245351, 42.17962477008383], [1.4018655074946702, 42.17965430456266], [1.4018598385993573, 42.17987937641748], [1.4039780695498256, 42.17990887203423], [1.403972408095787, 42.180133944110885], [1.4051828314945902, 42.18015078132874], [1.4051884886594344, 42.17992570912005], [1.406398908803427, 42.17994253344048], [1.4064045616144623, 42.17971746109038], [1.4067071657396997, 42.179721665142914], [1.406712817413856, 42.17949659275037], [1.4070154205313994, 42.17950079597212], [1.4070210710687012, 42.17927572353712], [1.4073236731785495, 42.179279925928086], [1.4073293225790209, 42.17905485345065], [1.4076319236811716, 42.17905905501086], [1.4076375719448377, 42.178833982491], [1.4082427721982769, 42.178842383152066], [1.408248418252927, 42.178617310556845], [1.4084055035982828, 42.178619490494825], [1.4082660000000002, 42.178574000000005], [1.4079310000000003, 42.17848700000001], [1.407769, 42.178437000000024], [1.4077730000000004, 42.17789799999999], [1.407737000000001, 42.177398000000004], [1.4077180000000002, 42.176933999999996], [1.4077071310546228, 42.17680858937816], [1.4076884034133277, 42.17680832938576], [1.4076827557305525, 42.17703340199092], [1.407077572890343, 42.177024998665836], [1.4070719229987332, 42.17725007119561], [1.4067693306033229, 42.17724586830348], [1.4067636795749894, 42.17747094079082], [1.4064610861719993, 42.177466737067945], [1.4064554340069184, 42.17769180951284], [1.4061528395963503, 42.177687604959225], [1.4061471862944963, 42.177912677361675], [1.4058445908763513, 42.17790847197732], [1.4058389364377002, 42.1781335443373], [1.4049311473544446, 42.17812092329855], [1.404925489634567, 42.17834599555008], [1.403109906780862, 42.17832073173427], [1.403115570933934, 42.17809565968086], [1.398576640083081, 42.178032374986145], [1.3985823202540912, 42.17780730341955], [1.3979771327209125, 42.177798851964326], [1.3980225889061302, 42.17599827962037], [1.3983251740633387, 42.17600250548175], [1.398342215845314, 42.17532729059685], [1.3986447978512935, 42.175331515561076], [1.3986561565706728, 42.174881372190804], [1.3992613164892465, 42.1748898195937], [1.3992669936075854, 42.174664747828075], [1.3995695725921882, 42.174668970299884], [1.3995752485736632, 42.174443898491674], [1.401390717410995, 42.17446921637257], [1.401396386895725, 42.17424414435632], [1.4026066964619204, 42.174261006857776], [1.4026123615939727, 42.1740359346998], [1.403217514621595, 42.174044361098396], [1.4032231775449844, 42.17381928886485], [1.403828328687527, 42.173827712006705], [1.4038396500523862, 42.17337756737907], [1.4041422235767986, 42.17338177768746], [1.404147883090271, 42.1731567053264], [1.4044504556074258, 42.173160914804136], [1.404478746845253, 42.1720355526916], [1.4047813140675962, 42.172039761206655], [1.404786971049333, 42.17181468872272], [1.4044844048988474, 42.17181048024067], [1.4045183518626958, 42.17046004533593], [1.4042157922077487, 42.170455836254334], [1.4042327680321671, 42.16978061877302], [1.4039302116571564, 42.169776408992895], [1.4039358712077097, 42.16955133651319], [1.4036333159691026, 42.16954712596855], [1.4036389765267059, 42.16932205351237], [1.403336422424501, 42.1693178422032], [1.40334208398913, 42.16909276977057], [1.4027369781222288, 42.16908434482569], [1.4027426417655513, 42.168859272449666], [1.4018349866656894, 42.16884662915002], [1.401840653459333, 42.16862155686367], [1.4003279016131813, 42.168600468912516], [1.400333573700392, 42.168375396782054], [1.3997284755588653, 42.16836695608518], [1.3997341497245592, 42.16814188401144], [1.3994316018226938, 42.16813766249985], [1.3994372769951857, 42.16791259044973], [1.3991347302298036, 42.167908368173755], [1.3991404064090696, 42.16768329614726], [1.3988378607801684, 42.1676790731069], [1.3988435379661839, 42.16745400110406], [1.3985409934737627, 42.16744977729934], [1.398546671666503, 42.16722470532013], [1.39824412831056, 42.16722048075107], [1.3982498075100003, 42.16699540879551], [1.3979472652905331, 42.1669911834621], [1.3979529454966495, 42.166766111530194], [1.397347863395582, 42.16675765853727], [1.3973535456799058, 42.16653258666218], [1.3970510057983148, 42.16652835900268], [1.3970566890892517, 42.166303287151266], [1.3964516116639871, 42.166294829506256], [1.3964572970330424, 42.16606975771167], [1.3961547594893777, 42.16606552772617], [1.396160445864985, 42.16584045595527], [1.3958579094578114, 42.1658362252055], [1.3958635968399458, 42.16561115345831], [1.3955610615692606, 42.16560692194429], [1.3955667499578979, 42.16538185022079], [1.3952642158236994, 42.16537761794255], [1.3953097291644203, 42.16357704407855], [1.3956122547271521, 42.163581276091264], [1.3956293179432508, 42.162906060636175], [1.3959318403568726, 42.16291029175196], [1.3959432133666565, 42.16246014800143], [1.3962457337025795, 42.16246437825352], [1.3962514190386912, 42.162239306330854], [1.3965539383682573, 42.16224353575242], [1.3965653067029942, 42.161793391812296], [1.396867823954904, 42.16179762037021], [1.396901920972892, 42.1604471881232], [1.3965994101485024, 42.160442959764275], [1.3966107774441268, 42.159992815672375], [1.3963082688270863, 42.159988586582486], [1.3963139534486726, 42.15976351455548], [1.3960114459677686, 42.15975928470152], [1.3960228171584204, 42.15930914068538], [1.3957203118848105, 42.1593049101005], [1.3957316849578945, 42.15885476611281], [1.395429181891539, 42.15885053479705], [1.3954405568469634, 42.15840039083777], [1.3951380559878215, 42.15839615879115], [1.3951437444391546, 42.15817108683047], [1.3948412447161038, 42.158166854019825], [1.394846934173526, 42.15794178208286], [1.394544435586564, 42.157937548508194], [1.394548444056627, 42.15777900386603], [1.394431055472413, 42.15771080994838], [1.394247628599175, 42.15770824225628], [1.3942496209364232, 42.157629454618764], [1.394095, 42.15760800000001], [1.3935610000000014, 42.15763599999998], [1.3933839999999997, 42.157737], [1.3931000000000004, 42.157951000000004], [1.3930220000000004, 42.15790700000002], [1.3929630000000008, 42.15786399999999], [1.3928959999999997, 42.15779800000001], [1.3928890000000012, 42.15772700000001], [1.3928780000000005, 42.157566], [1.3928139999999998, 42.15744200000002], [1.392758, 42.157341999999986], [1.3926900000000009, 42.15725199999999], [1.3926480000000003, 42.157208000000004], [1.3926200000000004, 42.157150999999985], [1.3927570000000002, 42.15712300000001], [1.3929390000000004, 42.15711500000001], [1.3930010000000006, 42.157047999999996], [1.3930545397733685, 42.15702346095487], [1.3930547265120947, 42.157016081631234], [1.3927522325996102, 42.15701184340627], [1.3927636257935847, 42.15656169989309], [1.3924611340882063, 42.15655746093743], [1.3924668316585542, 42.156332389199854], [1.392164341089264, 42.156328149480274], [1.392175738176611, 42.15587800604315], [1.3918732498143715, 42.15587376559293], [1.3918789493313348, 42.15564869389339], [1.3915764621051667, 42.155644452679276], [1.3915821626279494, 42.15541938100353], [1.3906747045530972, 42.15540665267814], [1.3906804082235247, 42.15518158109273], [1.3894704693198114, 42.155164598965484], [1.3894761772087116, 42.154939527503764], [1.3888712102899134, 42.15493103172401], [1.388876920255389, 42.154705960319426], [1.3883134437426823, 42.154698044367954], [1.388346000000001, 42.154793000000005], [1.3883890000000005, 42.155018000000005], [1.3884070000000002, 42.155145000000005], [1.3884910000000006, 42.155345000000004], [1.3885020000000006, 42.15534199999999], [1.388604, 42.15551500000002], [1.388674, 42.15566999999999], [1.388732000000001, 42.15584399999999], [1.388827, 42.15604600000001], [1.3888790000000004, 42.15610799999998], [1.3889650000000002, 42.156166], [1.389137000000001, 42.156290000000006], [1.3893630000000008, 42.156462], [1.389402, 42.15647400000001], [1.3894390000000005, 42.15648500000002], [1.3897540000000002, 42.15656299999999], [1.3899700000000006, 42.15663399999999], [1.3900400000000004, 42.156668], [1.3901450000000006, 42.15674400000001], [1.3902660000000004, 42.15684099999999], [1.390376000000001, 42.156999000000006], [1.3904400000000003, 42.157093], [1.3905640000000008, 42.157192], [1.390688, 42.15725000000001], [1.3909260000000003, 42.157341], [1.3909670000000016, 42.157377000000004], [1.3909910000000008, 42.15741499999998], [1.3910200000000001, 42.15747000000001], [1.3910319999999998, 42.157529], [1.3910330000000006, 42.157571000000004], [1.3910380000000009, 42.157617000000016], [1.3910498187264821, 42.157663430717186], [1.3912226576690625, 42.15766585502343], [1.391217135458503, 42.15788382051919], [1.3912246064319744, 42.157891033881484], [1.391821951231186, 42.157899410461745]], [[1.3936350000000006, 42.164335], [1.3935990000000005, 42.164224], [1.3935759999999997, 42.164165], [1.3935610000000003, 42.16412900000001], [1.3935600000000001, 42.164106], [1.3935650000000004, 42.16407399999999], [1.3935870000000008, 42.16407100000001], [1.393668, 42.164079999999984], [1.3937650000000006, 42.164123000000004], [1.393993000000001, 42.16436100000001], [1.3942840000000012, 42.164636], [1.394369, 42.16473500000003], [1.3944110000000012, 42.16479300000001], [1.394443, 42.16483899999999], [1.3944550000000004, 42.164882000000006], [1.3944460000000003, 42.16492300000002], [1.3943590000000003, 42.165008], [1.3942770000000009, 42.16506900000001], [1.3942470000000005, 42.165103999999985], [1.3941970000000001, 42.16511799999999], [1.3941390000000011, 42.16511799999999], [1.3940889999999997, 42.16509200000001], [1.394052000000001, 42.165038000000024], [1.3939620000000006, 42.16484899999999], [1.3939380000000003, 42.164795999999996], [1.3937630000000008, 42.16455199999999], [1.3936350000000006, 42.164335]]], [[[1.38011070131825, 42.15435734373278], [1.3801049603628008, 42.1545824141779], [1.380407440821821, 42.15458668554915], [1.3804017008716487, 42.15481175601826], [1.3807041824671191, 42.154816026625916], [1.3806984435222478, 42.15504109711903], [1.3810009262541714, 42.155045366963066], [1.3809951883146256, 42.155270437480176], [1.3822051241813653, 42.15528750901904], [1.3821993904599013, 42.15551257966053], [1.3867366753527, 42.15557648484214], [1.3867309576296827, 42.155801555975344], [1.387940907035656, 42.155818567199404], [1.3879351935311142, 42.15604363845654], [1.3885041284305213, 42.156051632989424], [1.3884290000000001, 42.155957000000015], [1.38835, 42.155866], [1.3882900000000002, 42.155808000000015], [1.3882349999999999, 42.155762], [1.388182, 42.15572099999999], [1.388107, 42.155652], [1.3879900000000005, 42.155579999999986], [1.3879230000000002, 42.15554099999999], [1.3878410000000008, 42.155491000000005], [1.3877270000000002, 42.15528299999998], [1.387485, 42.155145], [1.3873950000000002, 42.15509699999999], [1.3872500000000005, 42.155004000000005], [1.3870110000000007, 42.154807999999996], [1.3866659999999997, 42.154557999999994], [1.386505969801769, 42.1544474819467], [1.3834172235571975, 42.15440399210285], [1.3830250000000006, 42.15476799999999], [1.3828089999999995, 42.154619000000004], [1.3824640000000008, 42.154426000000015], [1.3823819875549292, 42.154389397261866], [1.3822280584121347, 42.15438722635807], [1.3822297341115268, 42.15432144520101], [1.3821660000000004, 42.15429300000002], [1.3819940000000002, 42.154216], [1.3817801697836898, 42.15415575694222], [1.3816288344503627, 42.154153621828556], [1.3816297676152582, 42.154117002859124], [1.3812740000000008, 42.15404799999999], [1.3807770000000004, 42.154047000000006], [1.3806690000000008, 42.154065000000024], [1.380414000000001, 42.154163], [1.3802030000000005, 42.15427499999999], [1.3800522690130315, 42.15435651851314], [1.38011070131825, 42.15435734373278]]], [[[1.3882776677813347, 42.15447239007043], [1.3882273121799484, 42.1544716825041], [1.388274688120323, 42.15458979784827], [1.3882776677813347, 42.15447239007043]]], [[[1.3904292631390298, 42.15315169236038], [1.3904235589842573, 42.15337676399792], [1.39102851156294, 42.153385251340474], [1.3910228094846477, 42.15361032303509], [1.3913252869425439, 42.15361456554401], [1.3913195858699425, 42.15383963726242], [1.391622064463815, 42.15384387900753], [1.3916106642649186, 42.1542940224824], [1.391913145065636, 42.15429826349693], [1.3919017467480015, 42.15474840700038], [1.3922042297556023, 42.15475264728431], [1.3921928333193232, 42.15520279081632], [1.3924953185338484, 42.15520703036964], [1.3924896212889795, 42.15543210215466], [1.3940020536924151, 42.15545328813042], [1.3939963617371698, 42.15567836007211], [1.3952063131143748, 42.155695294636985], [1.3952006253779332, 42.155920366702006], [1.39610809280611, 42.15593305935513], [1.3961024082176068, 42.156158131510225], [1.3967073889697785, 42.156166589359515], [1.3967017064583038, 42.15639166157145], [1.3970041980027743, 42.15639588933351], [1.396998516497376, 42.156620961569104], [1.3973010091777642, 42.15662518856715], [1.3972953286784666, 42.15685026082642], [1.3975978224947752, 42.15685448706042], [1.3975921430016023, 42.15707955934335], [1.397894637953831, 42.15708378481331], [1.3978889594668085, 42.1573088571199], [1.3984939517079817, 42.15731730573451], [1.3984882752981886, 42.15754237809787], [1.3987907725871223, 42.15754660124249], [1.3987850971835414, 42.1577716736295], [1.3993900940980737, 42.15778011759335], [1.399384420771811, 42.158005190037095], [1.3996869203973994, 42.15800941085631], [1.3996812480774108, 42.15823448332368], [1.3999837488389064, 42.15823870337877], [1.3999780775252155, 42.158463775869755], [1.4002805794226203, 42.1584679951607], [1.400274909115252, 42.158693067675294], [1.4005774121485668, 42.158697286202106], [1.4005660734817476, 42.159147431269], [1.4008685787221231, 42.159151649064725], [1.4008288988460877, 42.160727156731774], [1.4011314116496163, 42.16073137396176], [1.4011087402948432, 42.161631663980906], [1.4014112574481965, 42.16163588054588], [1.401405590518895, 42.161860953060035], [1.4017081088082965, 42.161865168860736], [1.4017024428855533, 42.16209024139849], [1.402004962311005, 42.16209445643491], [1.4019992973948447, 42.16231952899622], [1.4023018179563478, 42.162323743268374], [1.4022961540467955, 42.16254881585325], [1.402598675744352, 42.16255302936111], [1.402593012841431, 42.16277810196955], [1.4031980585733486, 42.162786526659296], [1.403192397748447, 42.16301159932433], [1.403494921782799, 42.16301581050619], [1.4034836020817123, 42.163465955873875], [1.4037861283235007, 42.16347016632441], [1.4037804694473512, 42.16369523902706], [1.4040829968252013, 42.16369944871324], [1.404077338955806, 42.16392452143943], [1.4043798674697203, 42.16392873036122], [1.4043742106071038, 42.16415380311094], [1.4046767402570837, 42.16415801126835], [1.4046710844012702, 42.16438308404159], [1.4049736151873171, 42.1643872914346], [1.404967960338331, 42.16461236423135], [1.4061780884143633, 42.164629185961296], [1.4061724377866354, 42.1648542588805], [1.4098028410676524, 42.164904647913865], [1.4097972032332067, 42.16512972121878], [1.4104022734921504, 42.16513810829288], [1.4103966377362944, 42.165363181654094], [1.4106991740338741, 42.16536737402787], [1.41069353928514, 42.16559244741249], [1.4119036894052754, 42.1656092090647], [1.411909319867924, 42.16538413554862], [1.4122118564873076, 42.16538832393521], [1.4122231150765867, 42.16493817680894], [1.411920580600213, 42.164933988488045], [1.411943101292783, 42.16403369425322], [1.412245631483283, 42.16403788244272], [1.4122512604241575, 42.163812808827494], [1.4128563188552237, 42.163821182748606], [1.4128619455889264, 42.16359610905822], [1.4137695305034106, 42.16360866386098], [1.4137751539585697, 42.16338359006266], [1.4152877914105673, 42.16340449862206], [1.4152934094444318, 42.163179424650295], [1.4168060431442202, 42.16320031311116], [1.4168004304674167, 42.16342538724677], [1.4180105428673624, 42.16344208379349], [1.41800493441214, 42.16366715805056], [1.4186099931395275, 42.163675501605], [1.4186043867631057, 42.16390057591805], [1.4189069172943403, 42.16390474653188], [1.4189013119253138, 42.16412982086816], [1.419203843592055, 42.164133990717296], [1.419198239230449, 42.1643590650768], [1.4195007720326982, 42.16436323416122], [1.4194951686785364, 42.16458830854397], [1.4197977026162958, 42.164592476863646], [1.4197921002696021, 42.16481755126962], [1.4200946353428732, 42.164821718824555], [1.4200890340036731, 42.165046793253744], [1.4203915702124572, 42.16505096004393], [1.4203803694850994, 42.16550110893927], [1.4206829079009335, 42.16550527499735], [1.420671709060708, 42.16595542392016], [1.4209742496836315, 42.165959589246135], [1.4209630527306298, 42.166409738196414], [1.421265595560685, 42.16641390279025], [1.4212208137628255, 42.168214498473986], [1.4215233652299744, 42.16821866253158], [1.421512171284259, 42.16866881142317], [1.4218147249587696, 42.16867297474854], [1.4218035329006833, 42.16912312366757], [1.422106088782597, 42.169127286260675], [1.4221004937293822, 42.169352360738635], [1.4224030507469778, 42.169356522566844], [1.4223974567015885, 42.169581597067975], [1.4227000148548679, 42.16958575813125], [1.4226888287158774, 42.17003590717038], [1.4229913890766295, 42.17004006750133], [1.422985796983064, 42.17026514203934], [1.423288358479516, 42.17026930160533], [1.4232771762443155, 42.17071945071817], [1.4235797399482946, 42.17072360955182], [1.4235685596012169, 42.17117375869203], [1.4238711255127636, 42.17117791679328], [1.4238599470539017, 42.17162806596085], [1.4241625151730553, 42.17163222332971], [1.4241513386025009, 42.17208237252464], [1.4244539089293022, 42.17208652916106], [1.4243645043206206, 42.17568772187912], [1.4246670918633626, 42.17569187823942], [1.424627979711503, 42.177267399519856], [1.4249305748231258, 42.17727155531053], [1.424915955181459, 42.177860546427056], [1.4249300000000003, 42.17788100000002], [1.4251850000000004, 42.178056999999995], [1.42537, 42.17816900000002], [1.4254930000000003, 42.17824899999999], [1.4256769999999999, 42.178297], [1.4257830000000002, 42.17832999999999], [1.4259390000000005, 42.178349000000004], [1.426161000000001, 42.178388], [1.426497, 42.178471], [1.426897, 42.17859600000001], [1.427215000000001, 42.17875], [1.4274720000000007, 42.17890699999999], [1.4276569999999997, 42.17900800000002], [1.427885, 42.179036000000025], [1.427913858585147, 42.17903543692788], [1.4279174967302075, 42.17888859266293], [1.427614893475022, 42.178884444622405], [1.4276260481434537, 42.17843429521368], [1.427323447096549, 42.178430146440405], [1.4273346036545294, 42.1779799970589], [1.4270320048158647, 42.17797584755288], [1.427043163263301, 42.177525698198615], [1.4267405666328374, 42.1775215479599], [1.426762887051364, 42.17662124926798], [1.4270654793930917, 42.176625399376505], [1.4270766370754595, 42.176175249908674], [1.4279844080502242, 42.17618769525246], [1.4279899835793881, 42.17596262040672], [1.429200341482501, 42.175979202899754], [1.4292059126594643, 42.17575412791453], [1.4298110898488166, 42.175762414309524], [1.4298166588178918, 42.175537339249864], [1.4301192464359218, 42.17554148121826], [1.4301303820389648, 42.17509133100558], [1.4304329675764318, 42.17509547211127], [1.4304496672876108, 42.174420246623875], [1.429844502708689, 42.17441196380964], [1.429850071295939, 42.17418688869321], [1.4289423281209657, 42.17417445858649], [1.428947899860658, 42.17394938355809], [1.4271324216622963, 42.17392450200179], [1.427137999770375, 42.17369942715905], [1.4268354213656862, 42.17369527747361], [1.4268410004820162, 42.17347020265395], [1.426538423213077, 42.17346605220337], [1.426549583398424, 42.173015902600795], [1.4262470083371994, 42.17301175141765], [1.426258170411387, 42.17256160184231], [1.4259555975578373, 42.172557449926614], [1.4259723434065597, 42.17188222559033], [1.4256697738325503, 42.171878072974685], [1.4256865223228483, 42.17120284865093], [1.4253839560282755, 42.17119869533536], [1.4254007071599497, 42.170523471024154], [1.4250981441447115, 42.17051931700871], [1.425120482380882, 42.169619017924916], [1.4248179237166552, 42.16961486324221], [1.4248346799390075, 42.16893963892775], [1.4245321245538711, 42.16893548354524], [1.4245488834169706, 42.16826025924337], [1.424246331310822, 42.16825610316108], [1.424251918542548, 42.16803102840746], [1.4239493675719364, 42.168026871560244], [1.4239605439872047, 42.167576722089805], [1.4236579952237949, 42.16757256451028], [1.4236635844073013, 42.16734748979347], [1.4233610367794125, 42.16734333144903], [1.4233722170980985, 42.166893182052256], [1.4230696716773568, 42.166889022975546], [1.4230808538837565, 42.16643887360615], [1.422778310670122, 42.1664347137972], [1.4227950867153067, 42.16575948976995], [1.4224925467803051, 42.165755329261415], [1.4225037326340368, 42.165305179927856], [1.4222011949060365, 42.165301018687124], [1.4222179764218785, 42.16462579471371], [1.4219154419723428, 42.16462163277345], [1.421921036754612, 42.16439655812934], [1.4216185034404947, 42.164392395424315], [1.421635290618131, 42.16371717153316], [1.4213327605823478, 42.16371300812865], [1.4213551468764196, 42.162812709605205], [1.421657672626517, 42.1628168728791], [1.4216688632470984, 42.16236672349529], [1.4219713869183597, 42.162370885906505], [1.4219769810613831, 42.16214581116775], [1.4222795037251972, 42.16214997274896], [1.4222906896767857, 42.16169982317778], [1.4219881691556715, 42.161695661661845], [1.421993763106938, 42.16147058689468], [1.4207836859471026, 42.161453932988046], [1.420778087710519, 42.161679007624585], [1.4198705272982661, 42.16166650872451], [1.4198649257836995, 42.161891583253556], [1.4192598836861903, 42.16188324660139], [1.419254279964922, 42.16210832105558], [1.4171366271417847, 42.16207911742743], [1.4171422383624668, 42.161854043202275], [1.4165371974182523, 42.16184569219782], [1.4165428107174771, 42.16162061802869], [1.4162402914129, 42.1616164413632], [1.416245905719302, 42.161391367217355], [1.4159433875501903, 42.16138718978729], [1.4159490028637443, 42.161162115664744], [1.4153439688606197, 42.16115375847815], [1.4153495862525902, 42.16092868441167], [1.41413952330181, 42.16091196060175], [1.4141339016246945, 42.16113703453707], [1.4135288683920897, 42.161128667782585], [1.4135232445081487, 42.161353741642806], [1.4132207269169341, 42.16134955703676], [1.4132151018974266, 42.1615746308547], [1.412912583299178, 42.1615704454185], [1.4129069571440798, 42.161795519194136], [1.4126044375387992, 42.16179133292777], [1.4125988102480855, 42.162016406661095], [1.4119937690877746, 42.16200803167066], [1.4119881395900806, 42.162233105328845], [1.4113830965443863, 42.16222472708331], [1.4113774648396666, 42.162449800666295], [1.4107724199086689, 42.162441419165624], [1.4107667859968764, 42.162666492673424], [1.4101617391806562, 42.16265810791756], [1.4101561030617447, 42.162883181350125], [1.4095510543603815, 42.16287479333904], [1.4095454160343044, 42.163099866696335], [1.4092428907088728, 42.16309567146184], [1.4092372512469773, 42.163320744776755], [1.4083296724431826, 42.1633081541903], [1.4083240297026367, 42.16353322739699], [1.406508867407812, 42.16350802449722], [1.406514516576759, 42.163282951488185], [1.4059094651375434, 42.1632745442085], [1.4059151163847106, 42.16304947125591], [1.4053100673465537, 42.16304106085268], [1.4053157206718885, 42.16281598795659], [1.4050131973210689, 42.16281178159189], [1.4050188516531654, 42.1625867087193], [1.4047163294383096, 42.162582501590265], [1.4047219847771426, 42.16235742874119], [1.404419463698249, 42.162353220847805], [1.404425120043794, 42.16212814802227], [1.4041226001008615, 42.16212393936453], [1.4041282574530942, 42.1618988665625], [1.4038257386461215, 42.16189465714044], [1.403831397005017, 42.16166958436196], [1.4035288793340008, 42.16166537417559], [1.403534538699535, 42.16144030142065], [1.403232022164475, 42.16143609046997], [1.403243342844097, 42.160985944997684], [1.402940828516256, 42.160981733315765], [1.402957812264353, 42.16030651513533], [1.402655301214919, 42.16030230275521], [1.4026949351948188, 42.158726793567], [1.4023924317083278, 42.15872258062088], [1.4024037572626034, 42.15827243511929], [1.4021012559830592, 42.15826822144203], [1.4021069197342484, 42.158043148710064], [1.4018044195905206, 42.15803893426862], [1.401810084348088, 42.15781386156023], [1.4015075853401748, 42.157809646354615], [1.4015132511040962, 42.15758457366981], [1.4012107532319955, 42.15758035770005], [1.401216420002246, 42.15735528503882], [1.4009139232659569, 42.157351068304926], [1.400919591042512, 42.157125995667286], [1.400617095442032, 42.15712177816927], [1.4006227642248685, 42.156896705555205], [1.400320269760196, 42.15689248729308], [1.4003259395492884, 42.156667414702646], [1.400023446220421, 42.15666319567641], [1.4000291170157453, 42.15643812310957], [1.3994241326944241, 42.15642968273175], [1.3994298055669536, 42.15620461022163], [1.3991273145745082, 42.15620038887007], [1.3991329884532075, 42.15597531638356], [1.3988304985965747, 42.15597109426795], [1.3988361734814192, 42.15574602180508], [1.398533684760597, 42.15574179892542], [1.3985393606515615, 42.1555167264862], [1.3982368730665478, 42.155512502842505], [1.3982425499636086, 42.15528743042691], [1.3979400635144024, 42.15528320601919], [1.3979457414175347, 42.155058133627264], [1.3973407708556158, 42.1550496824867], [1.3973464508357152, 42.15482461015156], [1.396741482675219, 42.15481615588876], [1.3967471647322327, 42.15459108361044], [1.3961421989732254, 42.15458262622547], [1.3961478831071021, 42.154357554003994], [1.395240438168369, 42.154344862047665], [1.3952461254499335, 42.15411978991626], [1.3946411646240737, 42.15411132469287], [1.3946468539823846, 42.15388625261836], [1.3940418955582596, 42.15387778427298], [1.3940475869932654, 42.15365271225538], [1.393745108949585, 42.15364847692027], [1.3937508013903999, 42.15342340492642], [1.3934483244825908, 42.15341916882743], [1.393454017929191, 42.1531940968573], [1.3931515421572533, 42.15318985999446], [1.393157236609613, 42.15296478804808], [1.392854761973545, 42.152960550421405], [1.3928604574316403, 42.15273547849877], [1.3925579839314395, 42.15273124010825], [1.3925636803952464, 42.152506168209385], [1.3922612080309111, 42.15250192905505], [1.3922669055004047, 42.15227685717994], [1.391964434271933, 42.1522726172618], [1.3919701327470893, 42.152047545410454], [1.39166766265448, 42.15204330472852], [1.3916733621352744, 42.15181823290094], [1.3910684242869065, 42.15180974921249], [1.3910741258440433, 42.15158467744195], [1.3907716580882938, 42.15158043443545], [1.3907773606510068, 42.151355362688726], [1.3902651378738071, 42.15134817545758], [1.3902000000000005, 42.151368], [1.3898920000000001, 42.15145900000001], [1.3898190000000001, 42.15151800000002], [1.389777, 42.151609], [1.3897710000000008, 42.151702], [1.3897280000000014, 42.151724999999985], [1.3896679999999997, 42.15188], [1.389441, 42.15221300000001], [1.3892010000000006, 42.15241899999998], [1.3888920000000002, 42.15256000000001], [1.3888020000000005, 42.15257800000001], [1.3886510000000007, 42.152609], [1.3884480000000001, 42.152643000000026], [1.3883239420672773, 42.15264895119881], [1.3883233617679813, 42.15267181894943], [1.3889283070090563, 42.15268031725113], [1.388922597630693, 42.15290538874113], [1.3894819916744405, 42.15291324433065], [1.3894940000000002, 42.152906999999985], [1.3895369999999994, 42.15290899999997], [1.3896639999999998, 42.152921000000006], [1.3897730000000008, 42.152951], [1.3898540000000001, 42.152976], [1.3898920000000001, 42.15299600000001], [1.3899090000000003, 42.15302499999999], [1.3899140000000012, 42.153102999999994], [1.389917100896807, 42.15314450438025], [1.3904292631390298, 42.15315169236038]]], [[[1.4275479601101986, 42.181585340279966], [1.4275594164532794, 42.18158549734447], [1.4275560000000005, 42.181577], [1.4276220000000002, 42.181550000000016], [1.427775000000001, 42.18153199999999], [1.4277730000000004, 42.18151300000002], [1.427771, 42.181485999999985], [1.4276710000000001, 42.18144500000002], [1.4275510000000007, 42.18141900000002], [1.4274810000000007, 42.18135399999999], [1.4273830000000007, 42.181219], [1.4273270000000005, 42.181163000000005], [1.427285, 42.18111000000001], [1.427288, 42.181158000000025], [1.4272950000000004, 42.181262000000004], [1.4272970000000007, 42.18140700000001], [1.4273440000000004, 42.181537000000006], [1.427385, 42.18170900000001], [1.4274390000000001, 42.181940000000004], [1.4275130000000007, 42.182145], [1.4275333299603572, 42.182175646694], [1.4275479601101986, 42.181585340279966]]], [[[1.4235748100138959, 42.18310685694197], [1.424482678608713, 42.18311933164404], [1.4244849235241965, 42.18302893202332], [1.4242240000000002, 42.183009], [1.424027, 42.182993000000025], [1.4238760000000006, 42.18301399999999], [1.423705, 42.183062999999976], [1.4235753877670425, 42.183083605062166], [1.4235748100138959, 42.18310685694197]]], [[[1.4223699162587915, 42.182865138868834], [1.4224730762834448, 42.182866557799514], [1.4224500000000007, 42.18285600000001], [1.4223704805593742, 42.18284244555312], [1.4223699162587915, 42.182865138868834]]], [[[1.4157010191874442, 42.18322351526968], [1.4160036413952501, 42.18322769508087], [1.4159924024100703, 42.183677841591326], [1.4162950268271155, 42.18368202067012], [1.4162837897301153, 42.184132167208226], [1.418099550450803, 42.184157225317], [1.4181051625961507, 42.183932151856176], [1.4184077885349402, 42.18393632538202], [1.4184190104881715, 42.1834861783665], [1.4187216343460292, 42.18349035102894], [1.41873285389776, 42.18304020391008], [1.4190354756747197, 42.18304437570914], [1.4190466928250525, 42.18259422848699], [1.4193493125211474, 42.18259839942268], [1.4193605272701861, 42.18214825209723], [1.4196730111520495, 42.18215255811335], [1.4196540000000002, 42.18213600000003], [1.419556000000001, 42.18206700000003], [1.419369000000001, 42.181979999999996], [1.419152000000001, 42.181906000000005], [1.41896, 42.181851000000016], [1.4186560000000004, 42.18180199999999], [1.4182860000000002, 42.18175199999999], [1.4179120000000003, 42.18172100000001], [1.4176409999999997, 42.18172400000002], [1.4173460000000007, 42.181698999999995], [1.4169740000000002, 42.18170900000001], [1.4167450000000006, 42.18172799999999], [1.4164660000000011, 42.181795999999984], [1.4161740000000007, 42.18188599999999], [1.4160030000000001, 42.181986000000016], [1.415758, 42.18211000000002], [1.4157284231920688, 42.18212608987712], [1.4157010191874442, 42.18322351526968]]]]}}, {"type": "Feature", "properties": {"sector_id": "BH-29", "area_ha": 0.38, "hic_ha": 0.07, "priority_hic_ha": 0.07, "connector_ha": 0.0, "natural_cover_pct": 97.33, "bare_pct": 0.0, "records": 0, "road_km": 0.05, "access_km_km2": 13.91, "public_points": 0, "historic_fire_ha": 0.0, "historic_fire_events": 0, "ndvi": 0.667, "ndmi": 0.11, "lst_c": 30.471, "fire_today": 48.486, "value_reasons": [], "pressure_reasons": ["accessibilitat potencial relativa elevada (13.9 km de xarxa/km\u00b2); no \u00e9s freq\u00fcentaci\u00f3 real"], "knowledge_class": "Pr\u00e0cticament sense dades", "followup": "Coneixement insuficient", "recommendation": "Prospectar de manera dirigida; la manca de registres no indica baixa biodiversitat.", "missing": ["prospecci\u00f3 biol\u00f2gica homog\u00e8nia i de camp", "estat local de conservaci\u00f3 dels h\u00e0bitats", "fragmentaci\u00f3 funcional espec\u00edfica per fauna"], "valuable": false, "pressured": true}, "geometry": {"type": "MultiPolygon", "coordinates": [[[[1.4109171984779854, 42.168747665871834], [1.4109115638350742, 42.1689727391472], [1.4121217785098321, 42.16898949958119], [1.4127268862332862, 42.168997875012955], [1.4127325144459595, 42.168772801540456], [1.4109171984779854, 42.168747665871834]]]]}}, {"type": "Feature", "properties": {"sector_id": "BH-30", "area_ha": 0.31, "hic_ha": 0.19, "priority_hic_ha": 0.11, "connector_ha": 0.0, "natural_cover_pct": 100.0, "bare_pct": 0.0, "records": 0, "road_km": 0.0, "access_km_km2": 0.0, "public_points": 0, "historic_fire_ha": 0.0, "historic_fire_events": 0, "ndvi": 0.765, "ndmi": 0.18, "lst_c": 29.051, "fire_today": null, "value_reasons": ["0.1 ha d\u2019HIC prioritari cartografiat", "0.2 ha d\u2019HIC cartografiat", "100 % de cobertes naturals o seminaturals com a context de continu\u00eftat"], "pressure_reasons": [], "knowledge_class": "Pr\u00e0cticament sense dades", "followup": "Coneixement insuficient", "recommendation": "Prospectar de manera dirigida; la manca de registres no indica baixa biodiversitat.", "missing": ["prospecci\u00f3 biol\u00f2gica homog\u00e8nia i de camp", "estat local de conservaci\u00f3 dels h\u00e0bitats", "fragmentaci\u00f3 funcional espec\u00edfica per fauna"], "valuable": true, "pressured": false}, "geometry": {"type": "MultiPolygon", "coordinates": [[[[1.4130406944091163, 42.16855191451238], [1.4127381425943197, 42.16854772805846], [1.4127325144459595, 42.168772801540456], [1.414245279521309, 42.16879372599877], [1.4142509023111742, 42.16856865235268], [1.4130406944091163, 42.16855191451238]]]]}}, {"type": "Feature", "properties": {"sector_id": "BH-31", "area_ha": 49.82, "hic_ha": 22.91, "priority_hic_ha": 8.41, "connector_ha": 15.22, "natural_cover_pct": 97.87, "bare_pct": 0.0, "records": 2, "road_km": 2.55, "access_km_km2": 5.12, "public_points": 0, "historic_fire_ha": 0.0, "historic_fire_events": 0, "ndvi": 0.545, "ndmi": 0.043, "lst_c": 30.686, "fire_today": 51.856, "value_reasons": ["8.4 ha d\u2019HIC prioritari cartografiat", "22.9 ha d\u2019HIC cartografiat", "15.2 ha dins connectors terrestres oficials", "98 % de cobertes naturals o seminaturals com a context de continu\u00eftat"], "pressure_reasons": [], "knowledge_class": "Poca informaci\u00f3", "followup": "Coneixement insuficient", "recommendation": "Prospectar de manera dirigida; la manca de registres no indica baixa biodiversitat.", "missing": ["prospecci\u00f3 biol\u00f2gica homog\u00e8nia i de camp", "estat local de conservaci\u00f3 dels h\u00e0bitats", "fragmentaci\u00f3 funcional espec\u00edfica per fauna"], "valuable": true, "pressured": false}, "geometry": {"type": "MultiPolygon", "coordinates": [[[[1.3975694243799803, 42.157979848380236], [1.3972366816764437, 42.15797519938585], [1.3972689999999997, 42.15803000000001], [1.397334000000001, 42.158072], [1.3974610000000007, 42.158131000000004], [1.3975645156595697, 42.158174364754835], [1.3975694243799803, 42.157979848380236]]], [[[1.4228907216148168, 42.17409140773706], [1.423193301333736, 42.17409556785765], [1.423243628005302, 42.17206989782953], [1.4229410579340123, 42.172065738002544], [1.4229522430797084, 42.17161558906854], [1.4226496752161073, 42.17161142850918], [1.4226552687649672, 42.17138635406061], [1.4223527020371576, 42.171382192736246], [1.4223582965939585, 42.171157118310845], [1.4220557310019366, 42.17115295622152], [1.4220613265666544, 42.170927881819296], [1.4217587621104193, 42.170923718965], [1.421764358683029, 42.170698644585954], [1.4214617953625792, 42.170694480966716], [1.4214673929430568, 42.17046940661085], [1.4211648307583908, 42.17046524222667], [1.4211704293467118, 42.17024016789399], [1.4208678682978273, 42.170236002744886], [1.4208734678939665, 42.170010928435424], [1.4205709079808628, 42.170006762521396], [1.4205765085847961, 42.16978168823514], [1.4202739498074708, 42.16977752155621], [1.4202851529668685, 42.16932737302063], [1.4199825963970738, 42.1693232056095], [1.4199881989525018, 42.1690981313602], [1.4196856435184695, 42.169093963184196], [1.419691247081607, 42.16886888895812], [1.4193886927833348, 42.16886472001726], [1.4194335275567764, 42.167064126129304], [1.419736073281663, 42.1670682948086], [1.419758484845082, 42.16616799750661], [1.419455943406595, 42.1661638289581], [1.4194615472089647, 42.16593875464162], [1.4191590069060784, 42.16593458532832], [1.419170216461822, 42.16548443673238], [1.4188676783660792, 42.165480266687034], [1.4188732841194178, 42.16525519240756], [1.41857074715926, 42.165251021597456], [1.4185763539200618, 42.16502594734123], [1.4182738180954866, 42.16502177576642], [1.4182794258637281, 42.16479670153343], [1.417674356549831, 42.16478835605693], [1.4176799663969777, 42.16456328187993], [1.4173774329076645, 42.16455910797828], [1.4173830437621882, 42.164334033824545], [1.416475446893403, 42.16432150743327], [1.4164698328244514, 42.16454658148878], [1.4155622333185836, 42.164534047822464], [1.4155566159710258, 42.164759121770196], [1.4149515478117234, 42.16475076194], [1.4149459282569872, 42.16497583581268], [1.4146433932021527, 42.164971654668655], [1.4146377725116976, 42.16519672849909], [1.4143352364495814, 42.16519254652483], [1.4143296146233826, 42.165417620312994], [1.4140270775539872, 42.16541343750849], [1.414021454592021, 42.16563851125437], [1.4137189165153476, 42.165634327619614], [1.4137020440292758, 42.16630954870201], [1.4133995028022097, 42.16630536417135], [1.4133938774400776, 42.16653043781372], [1.4130913352057142, 42.16652625245277], [1.4130800821454228, 42.166976399643445], [1.412474993583212, 42.16696802639779], [1.4124693648134043, 42.16719309991324], [1.410351549371069, 42.16716376820274], [1.4103571856421284, 42.16693869491731], [1.410054641908061, 42.1669345015159], [1.4100602791863088, 42.16670942825388], [1.4097577365882479, 42.16670523408787], [1.409763374873659, 42.16648016084929], [1.4094608334116028, 42.16647596591871], [1.4094664727041537, 42.166250892703545], [1.409163932378101, 42.1662466970084], [1.4091695726777664, 42.166021623816654], [1.408867033487715, 42.16601742735696], [1.4088726747944709, 42.16579235418866], [1.4079650608257455, 42.165779760123634], [1.4079707052826171, 42.165554687044626], [1.4058529491142073, 42.165525273212985], [1.4058586010071448, 42.1653002003552], [1.4046484603317435, 42.165283375039756], [1.404654116446068, 42.16505830230442], [1.4040490486390766, 42.16504988492815], [1.4040547068317262, 42.164824812249364], [1.4037521740966803, 42.164820602398116], [1.4037578332961407, 42.164595529742854], [1.4034553016972224, 42.16459131912722], [1.4034666220450407, 42.164141173854325], [1.403164092653686, 42.16413696250733], [1.403169753802008, 42.163911889889704], [1.4028672255467642, 42.16390767777833], [1.402872887701813, 42.16368260518425], [1.4025703605826783, 42.16367839230855], [1.4025760237444285, 42.16345331973802], [1.4022734977614015, 42.16344910609797], [1.4022791619298292, 42.16322403355102], [1.4019766370829083, 42.16321981914667], [1.4019823022579883, 42.16299474662328], [1.4016797785471713, 42.16299053145461], [1.40168544472888, 42.1627654589548], [1.4010803996442063, 42.16275702629151], [1.4010860679038646, 42.16253195384835], [1.400783546530017, 42.162527736353766], [1.4007892157962414, 42.1623026639342], [1.4004866955585047, 42.16229844567535], [1.4004980360392492, 42.161848300873935], [1.400195518008927, 42.16184408188392], [1.400206860373095, 42.16139393711076], [1.3999043445501478, 42.16138971738959], [1.3999156887976465, 42.1609395726447], [1.3996131751820344, 42.16093535219243], [1.3996585581493362, 42.159134773098316], [1.3993560531681457, 42.15913055211359], [1.3993617268185288, 42.15890547971726], [1.3990592229733085, 42.15890125796838], [1.3990648976299975, 42.15867618559569], [1.3987623949207466, 42.15867196308269], [1.3987680705837173, 42.158446890733615], [1.3981630675020114, 42.158438443382146], [1.398168745242344, 42.15821337108985], [1.3976399984308412, 42.158205985883505], [1.3976830000000005, 42.15822399999999], [1.3978650000000004, 42.15832500000001], [1.3979310000000003, 42.158375000000014], [1.3979759999999999, 42.15843099999999], [1.3980210000000002, 42.15852699999999], [1.3980410000000003, 42.158568], [1.3980480000000004, 42.158627], [1.3980530000000013, 42.15867400000002], [1.3980480000000006, 42.158776], [1.3980230000000002, 42.15886], [1.3980249999999999, 42.158889], [1.3980280000000005, 42.158945999999986], [1.397985, 42.159013000000016], [1.3979790000000005, 42.15911899999999], [1.397972, 42.15915900000001], [1.397933000000001, 42.159181999999994], [1.3978590000000004, 42.15920700000001], [1.397701000000001, 42.159233999999984], [1.3976440000000008, 42.15924099999999], [1.3976180000000005, 42.15922899999999], [1.3975939999999998, 42.15921], [1.3975650000000002, 42.15916200000001], [1.3975230000000005, 42.15910099999999], [1.3974360000000003, 42.15903300000002], [1.397338, 42.158964999999995], [1.3972179999999996, 42.158866], [1.3970800000000012, 42.15878599999999], [1.3969480000000003, 42.15873199999999], [1.3969452535121134, 42.15873084358732], [1.3969303333689724, 42.15932182765654], [1.3972328389023574, 42.15932605505241], [1.3972214762810444, 42.15977619933385], [1.3975239840216818, 42.15978042599877], [1.397518303684841, 42.16000549815841], [1.3978208125615694, 42.1600097240592], [1.397820034774475, 42.16004054795727], [1.3979, 42.16005400000002], [1.3981160000000008, 42.160114000000014], [1.3982480000000002, 42.16013900000001], [1.398315000000001, 42.16015999999998], [1.3983720000000002, 42.16019500000001], [1.3984020000000008, 42.16024800000001], [1.3983940000000001, 42.16031399999998], [1.3983640000000004, 42.16036100000001], [1.398338, 42.16038800000002], [1.398304, 42.16041000000001], [1.3982570000000014, 42.16042200000001], [1.3982080000000003, 42.16043399999999], [1.398126000000001, 42.160436], [1.398112762470103, 42.16043248116768], [1.398111964919626, 42.160464093586114], [1.3984144760685424, 42.16046831795862], [1.3983804111882325, 42.16181875119994], [1.39807789361177, 42.161814526628646], [1.3980722148333644, 42.162039598769205], [1.3977696962504889, 42.162035373367445], [1.3977640163358847, 42.16226044546538], [1.3974614967465973, 42.162256219233136], [1.3974558156957697, 42.16248129128845], [1.397153295100072, 42.162477064225726], [1.3971476129129967, 42.162702136238416], [1.3968450913108907, 42.16269790834519], [1.3968280411460312, 42.163373124226815], [1.3965255163947918, 42.163368895436754], [1.3965141471507394, 42.163819039244096], [1.396211620321679, 42.16381480959033], [1.3961831907176723, 42.16494016877681], [1.3964857229038818, 42.16494439859645], [1.39647435275043, 42.16539454227098], [1.3967768871445454, 42.16539877135954], [1.3967712030418702, 42.16562384321575], [1.3973762741679217, 42.16563229906692], [1.3973705921433073, 42.16585737097996], [1.3976731288752338, 42.165861597742534], [1.3976674478572124, 42.16608666967925], [1.3982725236588345, 42.1660951208784], [1.3982668447189632, 42.16632019287191], [1.3985693837886493, 42.166324417308445], [1.3985637058554332, 42.16654948932559], [1.399168786332524, 42.166557935872554], [1.399163110477547, 42.16678300794647], [1.3994656518849424, 42.16678723005688], [1.399459977036682, 42.167012302154426], [1.399762519580495, 42.16701652350047], [1.399751171832624, 42.167466667733315], [1.4003562614011094, 42.1674751081654], [1.4003505895731465, 42.16770018033379], [1.4009556815440976, 42.16770861764212], [1.4009500117945761, 42.16793368986719], [1.4021602008003278, 42.16795055504621], [1.4021545352725815, 42.168175627394064], [1.4030621809216184, 42.168188268003725], [1.4030565185441009, 42.16841334044124], [1.4036616181103068, 42.16842176359287], [1.403655957811426, 42.16864683608698], [1.4042610597796903, 42.168655256114576], [1.4042554015594992, 42.168880328665225], [1.404557953712305, 42.16888453751576], [1.404552296499156, 42.16910961008993], [1.4048548497883044, 42.16911381817592], [1.4048435373115054, 42.16956396336185], [1.4051460928087214, 42.169568170716325], [1.4051347822168712, 42.17001831593031], [1.4054373399221955, 42.17002252255321], [1.4054090676705733, 42.171147885587274], [1.4057116307994428, 42.17115209157753], [1.4056730017057437, 42.17268989098436], [1.4056759999999997, 42.172674000000015], [1.4057140000000008, 42.172548000000006], [1.4057990000000005, 42.17229999999999], [1.405905, 42.171963999999996], [1.4059860000000002, 42.17167999999999], [1.4060520000000005, 42.171374], [1.4060756027360568, 42.171157150165826], [1.4060141939929158, 42.1711562967702], [1.4060481076396514, 42.16980586070511], [1.4057455508768681, 42.16980165571031], [1.4057625100434943, 42.169126437648735], [1.4054599565604857, 42.169122231955335], [1.4054656105585368, 42.168897159282174], [1.405163058211836, 42.16889295282424], [1.4051687132169681, 42.16866788017459], [1.404866162006574, 42.1686636729521], [1.4048718180187632, 42.16843860032596], [1.4045692679446737, 42.16843439233896], [1.4045749249638948, 42.16820931973634], [1.4039698271529752, 42.16820090143583], [1.403975486250852, 42.16797582888976], [1.4033703908418875, 42.16796740746524], [1.4033760520183687, 42.16774233497573], [1.4021658662633358, 42.167725482688866], [1.4021715316616064, 42.167500410322035], [1.4012638962398793, 42.16748776283241], [1.4012695647882265, 42.1672626905553], [1.4006644769741243, 42.16725425497426], [1.4006701476008794, 42.16702918275382], [1.4003676048626061, 42.16702496380017], [1.400373276496142, 42.16679989160334], [1.4000707348942523, 42.16679567188532], [1.4000764075345442, 42.1665705997121], [1.399773867069036, 42.166566379229714], [1.3997795407160596, 42.16634130708011], [1.3994770013869315, 42.16633708583336], [1.3994826760406625, 42.166112013707384], [1.399180137847913, 42.166107791696305], [1.3991858135083273, 42.165882719593945], [1.3985807394604464, 42.1658742732457], [1.3985864171990288, 42.1656492012001], [1.3979813455536738, 42.16564075172836], [1.397987025370373, 42.16541567973955], [1.3973819561276106, 42.1654072271444], [1.3973876380223746, 42.16518215521239], [1.3970851045698554, 42.16517792775183], [1.3970907874711656, 42.16495285584348], [1.3967882551550501, 42.16494862761867], [1.3968166740447545, 42.16382326810049], [1.3971192010037123, 42.1638274961595], [1.3971305659622117, 42.16337735221951], [1.3974330908433212, 42.163381579414846], [1.3974387721538057, 42.16315650739749], [1.3977412960284596, 42.1631607337623], [1.3977469762026686, 42.162935661702306], [1.3980494990708654, 42.16293988723662], [1.3980551781088235, 42.16271481513399], [1.3983576999705607, 42.16271903983782], [1.3983633778722928, 42.16249396769257], [1.398665898727569, 42.162498191565916], [1.3986715754930983, 42.16227311937807], [1.399276615255578, 42.16228156466651], [1.3992709406327022, 42.162506636920604], [1.4001785039766705, 42.16251929897253], [1.4001728325029796, 42.162744371316464], [1.4004753548186009, 42.16274859043883], [1.4004696843514621, 42.162973662806344], [1.4007722078032305, 42.16297788116445], [1.4007665383426677, 42.163202953555576], [1.4010690629305869, 42.16320717114939], [1.4010633944766244, 42.163432243564095], [1.4016684459895226, 42.163440676425786], [1.40166277961358, 42.16366574889717], [1.40196530653855, 42.163669964165], [1.4019596411692703, 42.16389503665995], [1.4022621692303827, 42.16389925116347], [1.4022565048677904, 42.16412432368198], [1.4025590340650482, 42.164128537421156], [1.4025477072885737, 42.16457868249585], [1.4028502386934267, 42.16458289550371], [1.4028445762795807, 42.164807968059876], [1.4031471088205951, 42.16481218030336], [1.4031414474135209, 42.16503725288308], [1.4034439810906985, 42.1650414643622], [1.4034383206904202, 42.16526653696546], [1.4037408555037636, 42.16527074768018], [1.403735196110306, 42.16549582030699], [1.4043402680739812, 42.16550423941016], [1.4043346107588823, 42.16572931209351], [1.4052422224037318, 42.16574193486652], [1.405236568238571, 42.16596700763939], [1.4079594163043767, 42.166004833193156], [1.40795377171851, 42.166229906253214], [1.4082563117866904, 42.16623410513821], [1.4082506682078866, 42.16645917822171], [1.4085532094121147, 42.16646337634216], [1.408547566840398, 42.1666884494491], [1.4088501091806767, 42.166692646805004], [1.408838825987, 42.16714279305633], [1.4091413705349323, 42.16714698968057], [1.409135729913009, 42.167372062824924], [1.4094382755970072, 42.1673762586846], [1.4094326359822558, 42.167601331852396], [1.4097351828023228, 42.16760552694748], [1.4097295441947677, 42.167830600138686], [1.4106371882564246, 42.16784318073761], [1.4106315527993967, 42.16806825401801], [1.4112366513058054, 42.168076637162166], [1.4112422846195234, 42.16785156381603], [1.4124524781180652, 42.16786832040277], [1.4124581070808315, 42.16764324691574], [1.4130632020727827, 42.1676516203584], [1.4130688288279578, 42.16742654679621], [1.4133713753487467, 42.16743073228846], [1.4133770009680016, 42.167205658683976], [1.4136795464814478, 42.1672098433459], [1.4136851709648073, 42.166984769699134], [1.4139877154709088, 42.166988953530755], [1.4139933388183978, 42.1667638798417], [1.4142958823171534, 42.16676806284303], [1.414307126676195, 42.16631791537091], [1.4146096680960238, 42.16632209750916], [1.4146152891076145, 42.16609702372608], [1.4149178295201041, 42.166101205034074], [1.414929069207501, 42.165651057373935], [1.415231607541107, 42.16565523781889], [1.4152372262169506, 42.16543016394183], [1.4161448383883346, 42.16544270039367], [1.4161504537854126, 42.16521762640881], [1.4173605999594137, 42.16523433038266], [1.417354988848434, 42.16545940449853], [1.4176575266237799, 42.16546357853113], [1.417651916520223, 42.16568865267025], [1.4179544554312122, 42.165692825938116], [1.4179488463351024, 42.16591790010051], [1.418251386381737, 42.16592207260366], [1.4182457782930986, 42.1661471467893], [1.4185483194753805, 42.166151318527696], [1.418514676027451, 42.167501763639], [1.4182121284155171, 42.1674975917043], [1.4181840850884784, 42.1686229622064], [1.418486638058792, 42.16862713430471], [1.4184698145086534, 42.1693023565905], [1.4187723707582227, 42.16930652798942], [1.4187611568812357, 42.169756676198034], [1.4190637153383892, 42.16976084686482], [1.4190581093755654, 42.16998592098763], [1.419360668968554, 42.16999009088953], [1.4193550640134593, 42.17021516503557], [1.4196576247422847, 42.17021933417261], [1.4196520207949426, 42.170444408341886], [1.4199545826596072, 42.17044857671403], [1.4199489797200429, 42.17067365090654], [1.4202515427205482, 42.17067781851376], [1.4202459407887862, 42.17090289272947], [1.4205485049251332, 42.17090705957179], [1.4205429040011983, 42.1711321338107], [1.4208454692733885, 42.1711362998881], [1.420839869357305, 42.17136137415024], [1.421142435765341, 42.17136553946267], [1.421136836857133, 42.171590613748], [1.4214394044010166, 42.171594778295486], [1.421433806500708, 42.17181985260402], [1.421736375180441, 42.17182401638652], [1.4217307782880577, 42.17204909071824], [1.4220333481036407, 42.172053253735776], [1.422027752219206, 42.17227832809068], [1.4223303231706421, 42.17228249034321], [1.4223135383494547, 42.172957713449044], [1.4226161125806214, 42.172961875001846], [1.4226049245240764, 42.17341202375699], [1.4223023481489834, 42.17340786213892], [1.4222911576927597, 42.173858010790944], [1.4219885792376306, 42.17385384830991], [1.421982982841605, 42.174078922589075], [1.4216804033784232, 42.1740747592777], [1.4216546429863337, 42.17511055162944], [1.4217180000000003, 42.175127], [1.4217930000000003, 42.17514], [1.4218730000000002, 42.175134000000014], [1.4220090000000003, 42.17509699999999], [1.422117, 42.17507700000001], [1.4221929999999996, 42.17505100000002], [1.4222640000000002, 42.17504100000001], [1.4223920000000014, 42.175032999999985], [1.4225430000000003, 42.175032000000016], [1.422756000000001, 42.17507399999999], [1.4227880000000004, 42.175081], [1.4228540000000003, 42.17511400000001], [1.4228652871342922, 42.175114880563086], [1.4228907216148168, 42.17409140773706]]], [[[1.4053638287079253, 42.172948465948885], [1.4053468630306867, 42.173623683428076], [1.4050442881757101, 42.17361947627731], [1.4050386317487575, 42.17384454871843], [1.4047360558864623, 42.17384034073699], [1.404730398322903, 42.17406541313563], [1.4044278214532901, 42.17406120432352], [1.4044221627531, 42.174286276679666], [1.4041195848761714, 42.17428206703688], [1.404113925039325, 42.17450713935053], [1.4038113461550825, 42.17450292887704], [1.4038056851815564, 42.17472800114819], [1.4035031052900013, 42.174723789843995], [1.4034974431797702, 42.174948862072654], [1.4025897006773334, 42.174936223274806], [1.4025840352863248, 42.17516129539485], [1.4001633828864708, 42.17512755657084], [1.400157708854464, 42.17535262841681], [1.399855126524101, 42.17534840744107], [1.3998494513552135, 42.17557347924446], [1.3995468680176626, 42.175569257437914], [1.399535515341212, 42.17601940095003], [1.3992329299244126, 42.176015178279535], [1.3992158972069684, 42.17669039337723], [1.399518485840031, 42.17669461614706], [1.3995071325148971, 42.17714475956434], [1.4001123142640979, 42.17715320284323], [1.4001066396485002, 42.17737827460385], [1.4043429341602938, 42.17743728867036], [1.4043485937658622, 42.17721221644694], [1.4049537775874192, 42.17722063419763], [1.4049594349840335, 42.176995561898714], [1.4055646169199119, 42.17700397639239], [1.4055702721076175, 42.176778904018], [1.4058728621003713, 42.17678311003521], [1.4058785161513345, 42.17655803761834], [1.4061811051365818, 42.17656224280483], [1.4061867580508265, 42.17633717034552], [1.4064893460285652, 42.176341374701295], [1.4064949978061156, 42.176116302199524], [1.4071001718111475, 42.176124708451944], [1.4071058213799434, 42.175899635874785], [1.4074060993024207, 42.175903805722676], [1.4073320000000005, 42.17581600000001], [1.4071720000000014, 42.175648999999986], [1.4071280000000006, 42.175583], [1.4068979999999998, 42.175332000000004], [1.4068192683276264, 42.17525680697414], [1.4068145365052718, 42.17544528806354], [1.4062093690618274, 42.17543688041347], [1.406203716405972, 42.17566195291071], [1.4059011317090782, 42.17565774785613], [1.4058954779165564, 42.17588282031091], [1.405290306572469, 42.175874407742626], [1.4052846505711762, 42.17609948012195], [1.4049820639239972, 42.176095272608215], [1.404976406785978, 42.17632034494505], [1.4046738191313546, 42.1763161366006], [1.4046681608565852, 42.17654120889496], [1.4001293377218127, 42.17647798750445], [1.400135012078028, 42.176252915705874], [1.4004375987614692, 42.176257136016304], [1.4004432719807631, 42.176032064175175], [1.4025613730748712, 42.17606158378023], [1.402567038724849, 42.17583651169811], [1.4034747940918029, 42.17584915089243], [1.4034804564608532, 42.17562407870171], [1.403783040640538, 42.175628290138], [1.4037887018728314, 42.17540321790478], [1.4040912850451588, 42.17540742851035], [1.404096945140719, 42.17518235623463], [1.4043995273056868, 42.17518656600947], [1.4044051862645395, 42.174961493691235], [1.4047077674221462, 42.174965702635376], [1.4047134252443148, 42.174740630274655], [1.4050160053945586, 42.174744838388094], [1.4050216620800684, 42.17451976598489], [1.4053242412229474, 42.17452397326764], [1.4053298967718229, 42.174298900821974], [1.4056324749073352, 42.174303107274056], [1.4056437836672506, 42.173852962288294], [1.4059417006375725, 42.17385710312485], [1.405911, 42.173798], [1.405747, 42.17344299999999], [1.4057090000000005, 42.173328999999995], [1.405708, 42.173188999999994], [1.4056750000000002, 42.173025], [1.4056612440947882, 42.17295260052827], [1.4053638287079253, 42.172948465948885]]], [[[1.396644877772461, 42.15864238316908], [1.396743438995461, 42.158643760853344], [1.3966460330886736, 42.15859662900372], [1.396644877772461, 42.15864238316908]]], [[[1.4063167572509796, 42.171160501165275], [1.4062505052259098, 42.17115958060065], [1.4062560000000002, 42.171168], [1.4063157261657917, 42.17120156515181], [1.4063167572509796, 42.171160501165275]]]]}}, {"type": "Feature", "properties": {"sector_id": "BH-32", "area_ha": 6.77, "hic_ha": 1.27, "priority_hic_ha": 1.27, "connector_ha": 0.1, "natural_cover_pct": 99.85, "bare_pct": 0.0, "records": 1, "road_km": 0.74, "access_km_km2": 10.97, "public_points": 0, "historic_fire_ha": 0.0, "historic_fire_events": 0, "ndvi": 0.584, "ndmi": 0.027, "lst_c": 31.895, "fire_today": 57.597, "value_reasons": ["1.3 ha d\u2019HIC prioritari cartografiat", "1.3 ha d\u2019HIC cartografiat", "0.1 ha dins connectors terrestres oficials", "100 % de cobertes naturals o seminaturals com a context de continu\u00eftat"], "pressure_reasons": ["NDMI relativament baix (0.03; observaci\u00f3 07/07/2026)", "accessibilitat potencial relativa elevada (11.0 km de xarxa/km\u00b2); no \u00e9s freq\u00fcentaci\u00f3 real"], "knowledge_class": "Poca informaci\u00f3", "followup": "Prioritat de comprovaci\u00f3", "recommendation": "Comprovar al camp l\u2019estat de l\u2019h\u00e0bitat i les coincid\u00e8ncies abans de decidir actuacions.", "missing": ["prospecci\u00f3 biol\u00f2gica homog\u00e8nia i de camp", "estat local de conservaci\u00f3 dels h\u00e0bitats", "fragmentaci\u00f3 funcional espec\u00edfica per fauna"], "valuable": true, "pressured": true}, "geometry": {"type": "MultiPolygon", "coordinates": [[[[1.4087485511539817, 42.17074396170229], [1.4090511128491856, 42.170748158853165], [1.4090849614151615, 42.169397720697724], [1.4087824061505514, 42.169393523744326], [1.4087936906336065, 42.16894337768253], [1.4090962437547827, 42.1689475745701], [1.4091018848279027, 42.16872250149207], [1.410312093670284, 42.16873928093536], [1.4103064568839663, 42.16896435414498], [1.4109115638350742, 42.1689727391472], [1.4109171984779854, 42.168747665871834], [1.4127325144459595, 42.168772801540456], [1.4127381425943197, 42.16854772805846], [1.408502423945451, 42.168489033963574], [1.4085080670330004, 42.168263960932435], [1.408205517255835, 42.16825976254859], [1.408211161350562, 42.1680346895409], [1.4079086127095493, 42.16803049039246], [1.4079199028488063, 42.1675803444145], [1.4076173564155792, 42.16757614453444], [1.4076342943555147, 42.16690092559526], [1.4073317512016295, 42.16689672501653], [1.407337398124164, 42.16667165205078], [1.4064297722644579, 42.166659045628606], [1.406412821658926, 42.1673342642008], [1.4033873741772662, 42.16729218996828], [1.4033817131301611, 42.16751726247674], [1.403684258659049, 42.167521473521695], [1.4054995331901268, 42.16754672304415], [1.4054938795797043, 42.16777179577419], [1.4060989737502647, 42.16778020596769], [1.4060933222185208, 42.1680052787542], [1.406395870472316, 42.16800948268768], [1.4063902199476468, 42.16823455549769], [1.4066927693376634, 42.168238758666625], [1.4066871198200939, 42.168463831500105], [1.4069896703463338, 42.168468033904496], [1.4069840218358882, 42.16869310676147], [1.4072865734983535, 42.16869730840128], [1.407280925995056, 42.16892238128172], [1.4075834787937485, 42.16892658215694], [1.4075778322976236, 42.16915165506086], [1.4078803862325437, 42.169155855171496], [1.4078690951901782, 42.169606001016774], [1.4081716513330613, 42.169610200395745], [1.4081356452719012, 42.17104587650442], [1.4082850000000007, 42.17113299999999], [1.408516, 42.17127700000001], [1.4087313619450843, 42.17142958445672], [1.4087485511539817, 42.17074396170229]]]]}}, {"type": "Feature", "properties": {"sector_id": "BH-33", "area_ha": 1.56, "hic_ha": 1.28, "priority_hic_ha": 0.19, "connector_ha": 0.0, "natural_cover_pct": 100.0, "bare_pct": 0.0, "records": 0, "road_km": 0.0, "access_km_km2": 0.0, "public_points": 0, "historic_fire_ha": 0.0, "historic_fire_events": 0, "ndvi": 0.494, "ndmi": 0.008, "lst_c": 29.869, "fire_today": 43.956, "value_reasons": ["0.2 ha d\u2019HIC prioritari cartografiat", "1.3 ha d\u2019HIC cartografiat", "100 % de cobertes naturals o seminaturals com a context de continu\u00eftat"], "pressure_reasons": ["NDMI relativament baix (0.01; observaci\u00f3 07/07/2026)"], "knowledge_class": "Pr\u00e0cticament sense dades", "followup": "Atenci\u00f3", "recommendation": "Fer seguiment dirigit i verificar la pressi\u00f3 coincident sobre el terreny.", "missing": ["prospecci\u00f3 biol\u00f2gica homog\u00e8nia i de camp", "estat local de conservaci\u00f3 dels h\u00e0bitats", "fragmentaci\u00f3 funcional espec\u00edfica per fauna"], "valuable": true, "pressured": true}, "geometry": {"type": "MultiPolygon", "coordinates": [[[[1.414245279521309, 42.16879372599877], [1.4127325144459595, 42.168772801540456], [1.4127268862332862, 42.168997875012955], [1.414239656667192, 42.169018799635374], [1.4148447652906047, 42.169027163901546], [1.4148503860012929, 42.16880209019935], [1.4154554927381848, 42.16881045120976], [1.4154611112412387, 42.1685853774325], [1.4163687686129458, 42.16859791286828], [1.4163968440901733, 42.16747254334842], [1.4157917498282127, 42.16746418751644], [1.4157805155432042, 42.16791433522173], [1.415477966365195, 42.167910156043924], [1.4154667296800911, 42.16836030364579], [1.4151641784229338, 42.1683561236049], [1.4151585589123896, 42.16858119735885], [1.4142509023111742, 42.16856865235268], [1.414245279521309, 42.16879372599877]]]]}}, {"type": "Feature", "properties": {"sector_id": "BH-34", "area_ha": 1.81, "hic_ha": 1.56, "priority_hic_ha": 0.05, "connector_ha": 0.0, "natural_cover_pct": 100.0, "bare_pct": 0.0, "records": 0, "road_km": 0.1, "access_km_km2": 5.5, "public_points": 0, "historic_fire_ha": 0.0, "historic_fire_events": 0, "ndvi": 0.427, "ndmi": -0.035, "lst_c": 32.402, "fire_today": 52.343, "value_reasons": ["1.6 ha d\u2019HIC cartografiat", "100 % de cobertes naturals o seminaturals com a context de continu\u00eftat"], "pressure_reasons": ["NDMI relativament baix (-0.04; observaci\u00f3 07/07/2026)", "NDVI relativament baix (0.43; observaci\u00f3 07/07/2026)", "temperatura superficial estival relativament elevada (32.4 \u00b0C)"], "knowledge_class": "Pr\u00e0cticament sense dades", "followup": "Prioritat de comprovaci\u00f3", "recommendation": "Comprovar al camp l\u2019estat de l\u2019h\u00e0bitat i les coincid\u00e8ncies abans de decidir actuacions.", "missing": ["prospecci\u00f3 biol\u00f2gica homog\u00e8nia i de camp", "estat local de conservaci\u00f3 dels h\u00e0bitats", "fragmentaci\u00f3 funcional espec\u00edfica per fauna"], "valuable": true, "pressured": true}, "geometry": {"type": "MultiPolygon", "coordinates": [[[[1.4151585589123896, 42.16858119735885], [1.4151641784229338, 42.1683561236049], [1.4154667296800911, 42.16836030364579], [1.415477966365195, 42.167910156043924], [1.4157805155432042, 42.16791433522173], [1.4157917498282127, 42.16746418751644], [1.4163968440901733, 42.16747254334842], [1.4163687686129458, 42.16859791286828], [1.4163519225566383, 42.16927313446655], [1.4166544783573793, 42.16927731144835], [1.4167162326189389, 42.16680149814433], [1.4158086007743398, 42.16678896588747], [1.415802983856481, 42.16701403977326], [1.4155004389650228, 42.167009860726566], [1.4154892027935038, 42.16746000840419], [1.4151866558229915, 42.16745582849444], [1.4151697978692654, 42.1681310498415], [1.414867247748, 42.16812686903589], [1.41486162722999, 42.168351942766506], [1.4142565250367891, 42.168343578697126], [1.4142509023111742, 42.16856865235268], [1.4151585589123896, 42.16858119735885]]]]}}, {"type": "Feature", "properties": {"sector_id": "BH-35", "area_ha": 0.12, "hic_ha": 0.0, "priority_hic_ha": 0.0, "connector_ha": 0.12, "natural_cover_pct": 98.33, "bare_pct": 0.0, "records": 0, "road_km": 0.0, "access_km_km2": 0.0, "public_points": 0, "historic_fire_ha": 0.0, "historic_fire_events": 0, "ndvi": 0.667, "ndmi": 0.114, "lst_c": 31.397, "fire_today": null, "value_reasons": ["0.1 ha dins connectors terrestres oficials", "98 % de cobertes naturals o seminaturals com a context de continu\u00eftat"], "pressure_reasons": [], "knowledge_class": "Pr\u00e0cticament sense dades", "followup": "Coneixement insuficient", "recommendation": "Prospectar de manera dirigida; la manca de registres no indica baixa biodiversitat.", "missing": ["prospecci\u00f3 biol\u00f2gica homog\u00e8nia i de camp", "estat local de conservaci\u00f3 dels h\u00e0bitats", "fragmentaci\u00f3 funcional espec\u00edfica per fauna"], "valuable": true, "pressured": false}, "geometry": {"type": "MultiPolygon", "coordinates": [[[[1.4030904918386893, 42.16706290567395], [1.402787948582392, 42.16705869310008], [1.4027822854567813, 42.16728376555197], [1.4033873741772662, 42.16729218996828], [1.4033930351596848, 42.16706711745032], [1.4030904918386893, 42.16706290567395]]]]}}, {"type": "Feature", "properties": {"sector_id": "BH-36", "area_ha": 340.39, "hic_ha": 167.26, "priority_hic_ha": 138.26, "connector_ha": 335.31, "natural_cover_pct": 99.98, "bare_pct": 0.0, "records": 68, "road_km": 6.49, "access_km_km2": 1.91, "public_points": 0, "historic_fire_ha": 0.0, "historic_fire_events": 0, "ndvi": 0.663, "ndmi": 0.161, "lst_c": 30.351, "fire_today": 64.661, "value_reasons": ["138.3 ha d\u2019HIC prioritari cartografiat", "167.3 ha d\u2019HIC cartografiat", "335.3 ha dins connectors terrestres oficials", "68 registres p\u00fablics agregats; indiquen coneixement, no abund\u00e0ncia", "100 % de cobertes naturals o seminaturals com a context de continu\u00eftat"], "pressure_reasons": ["perill EcoRadar actual alt al sector (65/100)"], "knowledge_class": "Ben prospectat en fonts p\u00fabliques", "followup": "Atenci\u00f3", "recommendation": "Fer seguiment dirigit i verificar la pressi\u00f3 coincident sobre el terreny.", "missing": ["estat local de conservaci\u00f3 dels h\u00e0bitats", "fragmentaci\u00f3 funcional espec\u00edfica per fauna"], "valuable": true, "pressured": true}, "geometry": {"type": "MultiPolygon", "coordinates": [[[[1.3879351935311142, 42.15604363845654], [1.387940907035656, 42.155818567199404], [1.3867309576296827, 42.155801555975344], [1.3867366753527, 42.15557648484214], [1.3821993904599013, 42.15551257966053], [1.3822051241813653, 42.15528750901904], [1.3809951883146256, 42.155270437480176], [1.3810009262541714, 42.155045366963066], [1.3806984435222478, 42.15504109711903], [1.3807041824671191, 42.154816026625916], [1.3804017008716487, 42.15481175601826], [1.380407440821821, 42.15458668554915], [1.3801049603628008, 42.1545824141779], [1.38011070131825, 42.15435734373278], [1.3800522690130315, 42.15435651851314], [1.3795170000000003, 42.15464600000003], [1.378900000000001, 42.155019999999986], [1.3789170000000004, 42.15522900000001], [1.3789490000000002, 42.15589499999999], [1.3789650000000002, 42.15665299999999], [1.378979, 42.156838000000015], [1.3789770000000006, 42.156897000000015], [1.3789600000000009, 42.15699300000001], [1.378906, 42.157176], [1.3787510000000003, 42.15746900000001], [1.3785890000000007, 42.157839999999986], [1.3782610000000002, 42.158289999999994], [1.3780909999999997, 42.15851300000002], [1.3778559999999995, 42.15880299999998], [1.377612, 42.159280000000024], [1.3775430000000006, 42.159462000000005], [1.3775030000000004, 42.15960599999999], [1.3774060000000004, 42.15981000000001], [1.377266, 42.160029], [1.377056, 42.160337999999996], [1.376743, 42.16081000000001], [1.3766880000000001, 42.16088500000001], [1.3766130000000003, 42.16104999999999], [1.3765140000000011, 42.16123100000001], [1.3764590000000005, 42.161312999999986], [1.3763740000000007, 42.16165300000001], [1.3761420000000006, 42.16212599999999], [1.376049000000001, 42.162250000000014], [1.3759510000000006, 42.162382], [1.375739000000001, 42.162752], [1.3755540000000004, 42.163178], [1.375272000000001, 42.16359], [1.374888000000001, 42.16412499999999], [1.3747040000000008, 42.164274000000006], [1.3744350000000003, 42.164478], [1.3741070000000002, 42.16479599999999], [1.3737770000000011, 42.16512999999999], [1.373532, 42.165378999999994], [1.3733960000000005, 42.16555900000001], [1.3731480000000007, 42.16586000000001], [1.3728290000000003, 42.16612400000001], [1.3727790000000006, 42.16615000000001], [1.3727100000000003, 42.166158], [1.3723490000000007, 42.16620299999998], [1.3720370000000006, 42.166304000000004], [1.3717750000000009, 42.166356], [1.3715699999999997, 42.16635299999999], [1.3712140000000004, 42.166332], [1.3709190000000009, 42.166375999999985], [1.3708190000000007, 42.16640300000001], [1.3707140000000007, 42.16644100000001], [1.370527000000001, 42.166520999999996], [1.3704519999999998, 42.166581999999984], [1.3702920000000003, 42.16673000000001], [1.3697530000000002, 42.166955000000016], [1.369300000000001, 42.167137999999994], [1.3688519999999997, 42.167286000000004], [1.3684500000000004, 42.167416], [1.3681480000000006, 42.167475], [1.367774, 42.167576999999994], [1.3673640000000002, 42.167701000000015], [1.3671990000000003, 42.167790000000004], [1.3670549999999997, 42.16786700000001], [1.366765000000001, 42.16792199999999], [1.3664310000000008, 42.16803099999998], [1.3659920000000003, 42.168273], [1.3657430000000008, 42.16842200000002], [1.365552, 42.16862900000001], [1.3653010000000003, 42.16890500000001], [1.3650550000000008, 42.16904799999999], [1.3647820000000008, 42.169195999999985], [1.3646299999999998, 42.169242], [1.3643720000000006, 42.16928899999999], [1.3641629999999998, 42.16935399999999], [1.363998, 42.16947200000001], [1.364195, 42.169660999999984], [1.364622, 42.17012000000001], [1.3649020000000014, 42.170371], [1.3654100000000011, 42.17084800000001], [1.3656287095886654, 42.17103823835393], [1.3663673843545026, 42.17104876174046], [1.3663731773228327, 42.17082369347913], [1.3706089640392716, 42.17088394563501], [1.3706147419373689, 42.17065887689166], [1.3754556397378535, 42.17072754454959], [1.375449878987439, 42.17095261383146], [1.376660110359545, 42.17096974897864], [1.3766543538303073, 42.1711948183854], [1.37725947205459, 42.17120338124083], [1.3772537176031048, 42.171428450705235], [1.3778588382339432, 42.17143701043757], [1.3778530858602622, 42.17166207995959], [1.3784582088975903, 42.17167063656875], [1.3784524586017644, 42.17189570614838], [1.3793601468659245, 42.171908535180926], [1.3793543997198152, 42.17213360485168], [1.379959527701258, 42.17214215361917], [1.3799537826331212, 42.172367223347464], [1.3805589130208071, 42.17237576899162], [1.3805531700306943, 42.172600838777434], [1.380691239706642, 42.17260278815662], [1.380866, 42.17257600000001], [1.3810790000000006, 42.172560999999995], [1.3812189999999998, 42.172598999999984], [1.3812287961928582, 42.17261037622919], [1.3814608693198964, 42.172613651362184], [1.3814581752724493, 42.172719290326455], [1.381499, 42.172744], [1.3816603673389418, 42.17284161728015], [1.3853885138174349, 42.17289415992335], [1.3853827878459763, 42.173119230225424], [1.3865930664633008, 42.17313626129682], [1.3865873447139712, 42.17336133172295], [1.3877976286649958, 42.17337835016582], [1.3877919111379058, 42.17360342071592], [1.3880944833609372, 42.17360767336591], [1.3880887668404316, 42.173832743939876], [1.3883913402007073, 42.17383699582557], [1.3883856246868107, 42.17406206642338], [1.3886881991843338, 42.17406631754476], [1.3886824846770705, 42.17429138816643], [1.3889850603118403, 42.17429563852349], [1.3889736332453406, 42.174745779805015], [1.3892762110893335, 42.17475002943107], [1.389270498530132, 42.17497510009092], [1.3895730775113893, 42.17497934895263], [1.3895673659589067, 42.1752044196363], [1.3898699460774302, 42.17520866773364], [1.3898642355316901, 42.17543373844115], [1.3907719794947857, 42.17544647804695], [1.390766272099864, 42.17567154884488], [1.3940946834429992, 42.17571819967618], [1.3940889877753335, 42.175943270830466], [1.3959044946243415, 42.17596867625473], [1.3959101838597026, 42.17574360490122], [1.3962127674901037, 42.17574783631341], [1.3962184555884103, 42.175522764917226], [1.396521038211769, 42.17552699549854], [1.3965267251730453, 42.17530192405969], [1.3968293067893613, 42.17530615381011], [1.3968349926136316, 42.17508108232862], [1.3971375732229026, 42.175085311248196], [1.3971489425325214, 42.17463516819039], [1.3974515210627494, 42.17463939624596], [1.3974628879685738, 42.1741892530839], [1.3977654644197919, 42.174193480275484], [1.3977711467033247, 42.17396840864708], [1.3980737221475157, 42.17397263500785], [1.398079403294167, 42.173747563336825], [1.3983819777313284, 42.17375178886679], [1.3983876577411225, 42.17352671715313], [1.3992953782261845, 42.17353938885774], [1.3993010549552913, 42.17331431703523], [1.4017216371933738, 42.17334807288611], [1.4017273052822568, 42.17312300078937], [1.4023324493458842, 42.173131431709486], [1.4023381152261738, 42.17290635953716], [1.4026406862831993, 42.172910573767716], [1.4026463510268437, 42.17268550155285], [1.4029489210767, 42.17268971495272], [1.4029602482260288, 42.17223957042847], [1.4032628161968366, 42.17224378296463], [1.4032854654314983, 42.171343493670214], [1.402982901748079, 42.1713392812662], [1.402999891210114, 42.170664064294954], [1.4026973308068198, 42.170659851192475], [1.4027029949031857, 42.17043477888281], [1.4024004356363935, 42.170430565015785], [1.402406100739803, 42.17020549272969], [1.4021035426095108, 42.17020127809816], [1.4021092087199383, 42.169976205835624], [1.4012015379328453, 42.16996355725486], [1.4012072071937438, 42.16973848508206], [1.3996944292030797, 42.169717388328515], [1.3997001037578125, 42.16949231631166], [1.398792440956589, 42.16947964878833], [1.3987981186616032, 42.16925457686134], [1.3984955655959757, 42.16925035279162], [1.3985012443078053, 42.16902528088828], [1.3981986923787608, 42.169021056054156], [1.3982043720973816, 42.168795984174466], [1.3979018213049177, 42.16879175857596], [1.3979075020303051, 42.16856668671993], [1.3976049523744212, 42.168562460357045], [1.397616315773758, 42.1681123166828], [1.397313768326092, 42.16810808958871], [1.397319451000006, 42.16788301777052], [1.3970169046889023, 42.1678787899121], [1.3970225883694982, 42.16765371811758], [1.3967200431949565, 42.16764948949481], [1.3967257278822096, 42.167424417723964], [1.3961206398712138, 42.167415958152354], [1.3961263266366883, 42.16719088643838], [1.3958237838002439, 42.16718665548953], [1.395829471572314, 42.166961583799235], [1.3952243882375632, 42.166953119575524], [1.3952300780877664, 42.16672804794214], [1.3946249971562004, 42.166719580594965], [1.3946306890844848, 42.16649450901849], [1.3943281497878026, 42.16649027418194], [1.3943338427225829, 42.16626520262919], [1.3940313045624848, 42.16626096702841], [1.3940426923799278, 42.16581082396088], [1.393740156427921, 42.1658065876291], [1.3937515461281018, 42.165356444590074], [1.3934490123841468, 42.16535220752732], [1.3934831863516537, 42.16400177838192], [1.3937857136669667, 42.1640060152453], [1.393808490724881, 42.16310572882569], [1.3941110138197397, 42.16310996475881], [1.3941280927160047, 42.162434749744826], [1.3944306126618993, 42.16243898478094], [1.3944419961248882, 42.16198884132442], [1.3947445139932002, 42.16199307549679], [1.3947900366739017, 42.16019250102561], [1.3944875273755672, 42.160188267118905], [1.3944989095379527, 42.15973812347265], [1.3941964024470153, 42.1597338888351], [1.3942077864916225, 42.15928374521732], [1.3939052816080426, 42.15927950984893], [1.393910974603934, 42.15905443805904], [1.3936084708565426, 42.159050201926625], [1.3936141648585156, 42.158825130160466], [1.3933116622473105, 42.158820893264036], [1.393317357255341, 42.15859582152162], [1.393014855780321, 42.1585915838612], [1.3930205517943848, 42.158366512142514], [1.3924155511818048, 42.15835803449648], [1.3924212492729646, 42.15813296283481], [1.3918162510629808, 42.1581244820664], [1.391821951231186, 42.157899410461745], [1.3912246064319744, 42.157891033881484], [1.3913240000000002, 42.15798700000001], [1.391387, 42.158083], [1.391431, 42.1582], [1.3914510000000004, 42.15829500000001], [1.391502, 42.15837199999999], [1.391568, 42.15843799999999], [1.3915700000000006, 42.15843900000001], [1.39156, 42.158444], [1.3914550000000006, 42.15853200000002], [1.391376000000001, 42.15859600000001], [1.3911020000000012, 42.158801999999994], [1.3909960000000006, 42.158909], [1.3909500000000006, 42.158992000000005], [1.3909260000000014, 42.159074], [1.390919999999999, 42.159160000000014], [1.3909360000000004, 42.15922299999999], [1.3909410000000002, 42.15928000000003], [1.3909400000000012, 42.15936800000002], [1.3909110000000002, 42.15943200000001], [1.3908580000000006, 42.15949199999999], [1.3907969999999996, 42.159552], [1.390758, 42.159595000000024], [1.3907400000000005, 42.15965], [1.3907470000000004, 42.159699], [1.390749, 42.15977700000001], [1.3906970000000007, 42.15985100000002], [1.3906299999999998, 42.159934000000014], [1.3905890000000007, 42.159979000000014], [1.390523000000001, 42.159992], [1.3903560000000001, 42.160031000000004], [1.3898950000000005, 42.160117], [1.3897120000000005, 42.16013499999999], [1.389603, 42.16013099999999], [1.3894220000000004, 42.160112000000005], [1.3890370000000007, 42.160097], [1.3888470000000004, 42.16008], [1.388524, 42.160108000000015], [1.3882940000000001, 42.16010900000002], [1.3880110000000003, 42.16012800000001], [1.387761, 42.16011900000001], [1.3875860000000009, 42.16008999999999], [1.387524, 42.16009400000002], [1.3874430000000002, 42.160101000000004], [1.3873750000000005, 42.160114999999976], [1.3873240000000004, 42.16013099999999], [1.3872430000000007, 42.160118], [1.387150000000001, 42.16013499999998], [1.3870090000000004, 42.160118], [1.3867600000000009, 42.160078999999996], [1.3865260000000006, 42.160041], [1.3864940000000003, 42.160015], [1.3864730000000005, 42.159983000000004], [1.3863240000000006, 42.159817], [1.3861450000000002, 42.15966100000001], [1.38596, 42.15951500000001], [1.3859030000000003, 42.159491000000024], [1.385845, 42.15947499999999], [1.3857210000000004, 42.159434999999995], [1.3856000000000008, 42.15939499999998], [1.3854660000000005, 42.15935699999999], [1.3852670000000005, 42.15926499999999], [1.385191, 42.15923300000002], [1.3850179999999996, 42.15915400000001], [1.3848900000000006, 42.159074999999994], [1.3848110000000005, 42.159022000000014], [1.3846420000000004, 42.158882], [1.3845260000000001, 42.158776999999986], [1.3843899999999996, 42.158623], [1.3842670000000008, 42.158463], [1.3841550000000007, 42.158272000000004], [1.384049000000001, 42.15807300000001], [1.3839820000000005, 42.15790799999999], [1.3839319999999997, 42.157777], [1.3839040000000005, 42.157654000000015], [1.3838800000000007, 42.15753699999999], [1.3838749999999997, 42.157433999999995], [1.3838830000000009, 42.157359000000014], [1.3839250000000007, 42.15721200000001], [1.3839759999999999, 42.157106000000006], [1.3841120000000011, 42.156909000000006], [1.3843070000000004, 42.156776], [1.3844290000000001, 42.156721999999995], [1.3847079999999998, 42.15665], [1.385049, 42.15659300000001], [1.3853100000000012, 42.15657999999999], [1.3856870000000001, 42.15655500000001], [1.385968, 42.15658100000001], [1.3864690000000004, 42.156655], [1.386773, 42.15669100000001], [1.386933, 42.156690000000005], [1.3869690000000003, 42.15669200000002], [1.3877520000000008, 42.15671899999999], [1.388493000000001, 42.156696], [1.3884640000000001, 42.15658899999998], [1.388445, 42.156505999999986], [1.3884360000000007, 42.156434999999995], [1.3884260000000004, 42.156383], [1.388438, 42.156286999999985], [1.388489, 42.15617000000001], [1.3885329999999991, 42.156088], [1.3885041284305213, 42.156051632989424], [1.3879351935311142, 42.15604363845654]], [[1.3912249999999997, 42.164654000000006], [1.3912320000000005, 42.164594999999984], [1.3912360000000012, 42.16455499999997], [1.3912300000000009, 42.16447], [1.3911880000000008, 42.164386], [1.3911660000000006, 42.164311], [1.3911570000000009, 42.16426300000001], [1.3911530000000008, 42.164228999999985], [1.3911450000000007, 42.16419400000001], [1.3911420000000008, 42.164165999999994], [1.3911550000000006, 42.164136000000006], [1.3912280000000001, 42.16408799999999], [1.391672, 42.164014], [1.3918180000000004, 42.16397600000001], [1.3918920000000001, 42.163956000000006], [1.3919480000000004, 42.16392400000001], [1.3919780000000002, 42.163906999999995], [1.3920040000000011, 42.163892999999995], [1.392036000000001, 42.16389199999999], [1.3920820000000003, 42.16390799999999], [1.3922960000000002, 42.16411899999999], [1.3924570000000005, 42.164279000000015], [1.3925380000000005, 42.16436499999999], [1.3926160000000003, 42.16440899999999], [1.392720000000001, 42.164455], [1.392786000000001, 42.164480000000005], [1.3928669999999999, 42.164502], [1.3929220000000009, 42.164526], [1.3929500000000001, 42.16453799999999], [1.3929710000000006, 42.16456199999999], [1.3929550000000006, 42.16458600000001], [1.3928730000000002, 42.164625999999984], [1.392506000000001, 42.164766], [1.3922590000000006, 42.164845000000014], [1.3921490000000005, 42.164874], [1.3918630000000014, 42.16489099999998], [1.3916310000000003, 42.164894999999994], [1.3913960000000005, 42.16487299999999], [1.3911720000000007, 42.16485799999999], [1.3912249999999997, 42.164654000000006]], [[1.3884940000000006, 42.161395000000006], [1.3886660000000006, 42.16115700000001], [1.3886090000000002, 42.16098], [1.3885490000000005, 42.160869000000005], [1.3884830000000008, 42.16077700000001], [1.3884500000000004, 42.160742000000006], [1.3884600000000007, 42.160664999999995], [1.3885099999999997, 42.160605999999994], [1.3886829999999997, 42.160456000000025], [1.3889640000000008, 42.160289000000006], [1.3892130000000003, 42.16041700000001], [1.38943, 42.160573], [1.3896880000000003, 42.160784000000014], [1.3901400000000002, 42.161205], [1.3904120000000004, 42.161422999999985], [1.3905240000000008, 42.161495], [1.3906140000000002, 42.16154100000001], [1.3909209999999999, 42.16164600000001], [1.3910840000000002, 42.16172800000001], [1.3911880000000008, 42.16180200000001], [1.3912730000000006, 42.161879], [1.391368, 42.162082000000005], [1.3914530000000005, 42.162270000000014], [1.391525, 42.162394000000006], [1.3917490000000003, 42.16251599999999], [1.391868, 42.162594999999996], [1.3919459999999995, 42.162654], [1.3919770000000005, 42.162688999999986], [1.3919980000000003, 42.16273300000002], [1.3919850000000002, 42.16279600000001], [1.3919660000000005, 42.16291399999997], [1.3914130000000011, 42.16276899999999], [1.3908840000000005, 42.16266800000001], [1.3906170000000007, 42.162653], [1.3904619999999999, 42.162639999999996], [1.3904289999999997, 42.162661000000014], [1.3903930000000007, 42.162810000000015], [1.3903329999999998, 42.16305700000001], [1.3902250000000003, 42.16316199999999], [1.3896699999999995, 42.16282300000002], [1.3892450000000003, 42.162555], [1.3888209999999999, 42.16234899999999], [1.388427, 42.16217300000002], [1.387961, 42.162022], [1.3875870000000001, 42.161898], [1.3876180000000007, 42.161829], [1.38765, 42.161752000000014], [1.387676000000001, 42.16167000000001], [1.3877430000000008, 42.161613999999986], [1.3877900000000007, 42.16154900000001], [1.3878300000000006, 42.16147300000001], [1.3878600000000008, 42.16138999999999], [1.3878799999999998, 42.161297000000005], [1.3881330000000003, 42.161328], [1.388307000000001, 42.16135700000002], [1.3884940000000006, 42.161395000000006]], [[1.3868190000000007, 42.16028499999998], [1.3868340000000008, 42.160306000000006], [1.3868330000000004, 42.16033900000001], [1.3868240000000005, 42.16035600000001], [1.3867950000000004, 42.160351000000006], [1.386759000000001, 42.16034799999998], [1.386733, 42.16034500000001], [1.3867180000000003, 42.160351000000006], [1.386717, 42.160377000000004], [1.3867330000000004, 42.160394], [1.3867570000000007, 42.16043100000001], [1.3867059999999998, 42.160434], [1.3866470000000006, 42.16044500000001], [1.386607, 42.16044500000001], [1.3865750000000003, 42.16046200000002], [1.3865449999999997, 42.160466000000014], [1.3864979999999998, 42.16045000000002], [1.386481, 42.160438000000006], [1.3864690000000002, 42.160406], [1.3864699999999999, 42.16036700000002], [1.386461, 42.16033300000002], [1.3864510000000003, 42.160317], [1.3864200000000004, 42.16030700000002], [1.3863930000000004, 42.1603], [1.3863800000000006, 42.160292], [1.3863790000000005, 42.16027799999999], [1.3863960000000006, 42.16026], [1.3864399999999997, 42.160239999999995], [1.3865000000000012, 42.160203], [1.386545, 42.16017100000001], [1.3865700000000007, 42.160157000000005], [1.3865950000000005, 42.160142999999984], [1.3866320000000003, 42.16013700000001], [1.3866820000000013, 42.160141], [1.386727000000001, 42.16015200000001], [1.386737, 42.16019100000002], [1.3867410000000002, 42.160225], [1.386762, 42.160247], [1.3867910000000008, 42.160266], [1.3868190000000007, 42.16028499999998]], [[1.3875010000000005, 42.16076300000001], [1.3876220000000001, 42.160681], [1.3877860000000006, 42.1608], [1.3876820000000003, 42.160862999999985], [1.3875730000000006, 42.16087300000001], [1.3875350000000004, 42.16083199999999], [1.3875140000000006, 42.16080500000001], [1.3875010000000005, 42.16076300000001]], [[1.3915000000000002, 42.159001999999994], [1.3914780000000004, 42.158925000000025], [1.391460000000001, 42.158838], [1.391449, 42.158751999999986], [1.3914570000000002, 42.158694], [1.3914780000000009, 42.158618999999995], [1.3915320000000007, 42.158513000000006], [1.3916100000000002, 42.158577999999984], [1.3916819999999999, 42.15866199999999], [1.3917280000000007, 42.15875599999997], [1.3917480000000009, 42.158891000000004], [1.3917700000000004, 42.15896800000001], [1.3918180000000004, 42.159058], [1.3916629999999999, 42.159129], [1.3915810000000004, 42.159077], [1.3915229999999996, 42.15904100000002], [1.3915000000000002, 42.159001999999994]]], [[[1.3912226576690625, 42.15766585502343], [1.3910498187264821, 42.157663430717186], [1.391052000000001, 42.157672], [1.3910739999999995, 42.15771800000001], [1.3911060000000006, 42.157764], [1.3911790000000004, 42.157847], [1.391217135458503, 42.15788382051919], [1.3912226576690625, 42.15766585502343]]]]}}, {"type": "Feature", "properties": {"sector_id": "BH-37", "area_ha": 1.12, "hic_ha": 0.0, "priority_hic_ha": 0.0, "connector_ha": 0.13, "natural_cover_pct": 100.0, "bare_pct": 0.0, "records": 0, "road_km": 0.0, "access_km_km2": 0.0, "public_points": 0, "historic_fire_ha": 0.0, "historic_fire_events": 0, "ndvi": 0.718, "ndmi": 0.2, "lst_c": 33.554, "fire_today": 54.293, "value_reasons": ["0.1 ha dins connectors terrestres oficials", "100 % de cobertes naturals o seminaturals com a context de continu\u00eftat"], "pressure_reasons": ["temperatura superficial estival relativament elevada (33.6 \u00b0C)"], "knowledge_class": "Pr\u00e0cticament sense dades", "followup": "Atenci\u00f3", "recommendation": "Fer seguiment dirigit i verificar la pressi\u00f3 coincident sobre el terreny.", "missing": ["prospecci\u00f3 biol\u00f2gica homog\u00e8nia i de camp", "estat local de conservaci\u00f3 dels h\u00e0bitats", "fragmentaci\u00f3 funcional espec\u00edfica per fauna"], "valuable": true, "pressured": true}, "geometry": {"type": "MultiPolygon", "coordinates": [[[[1.405219605355436, 42.16664222590115], [1.4052082964436279, 42.167092371361605], [1.4043006655107362, 42.16707974799462], [1.403695578545366, 42.16707132842924], [1.4033930351596848, 42.16706711745032], [1.4033873741772662, 42.16729218996828], [1.406412821658926, 42.1673342642008], [1.4064297722644579, 42.166659045628606], [1.405219605355436, 42.16664222590115]]]]}}, {"type": "Feature", "properties": {"sector_id": "BH-38", "area_ha": 0.25, "hic_ha": 0.01, "priority_hic_ha": 0.0, "connector_ha": 0.25, "natural_cover_pct": 87.78, "bare_pct": 0.0, "records": 0, "road_km": 0.05, "access_km_km2": 20.17, "public_points": 0, "historic_fire_ha": 0.0, "historic_fire_events": 0, "ndvi": 0.408, "ndmi": 0.059, "lst_c": 31.325, "fire_today": null, "value_reasons": ["0.2 ha dins connectors terrestres oficials", "88 % de cobertes naturals o seminaturals com a context de continu\u00eftat"], "pressure_reasons": ["NDVI relativament baix (0.41; observaci\u00f3 07/07/2026)", "accessibilitat potencial relativa elevada (20.2 km de xarxa/km\u00b2); no \u00e9s freq\u00fcentaci\u00f3 real"], "knowledge_class": "Pr\u00e0cticament sense dades", "followup": "Prioritat de comprovaci\u00f3", "recommendation": "Comprovar al camp l\u2019estat de l\u2019h\u00e0bitat i les coincid\u00e8ncies abans de decidir actuacions.", "missing": ["prospecci\u00f3 biol\u00f2gica homog\u00e8nia i de camp", "estat local de conservaci\u00f3 dels h\u00e0bitats", "fragmentaci\u00f3 funcional espec\u00edfica per fauna"], "valuable": true, "pressured": true}, "geometry": {"type": "MultiPolygon", "coordinates": [[[[1.4031018157526265, 42.166612760675676], [1.4030904918386893, 42.16706290567395], [1.4033930351596848, 42.16706711745032], [1.403695578545366, 42.16707132842924], [1.4037068981729892, 42.166621183298844], [1.4031018157526265, 42.166612760675676]]]]}}, {"type": "Feature", "properties": {"sector_id": "BH-39", "area_ha": 0.25, "hic_ha": 0.06, "priority_hic_ha": 0.0, "connector_ha": 0.22, "natural_cover_pct": 86.78, "bare_pct": 0.0, "records": 0, "road_km": 0.05, "access_km_km2": 20.88, "public_points": 0, "historic_fire_ha": 0.0, "historic_fire_events": 0, "ndvi": 0.467, "ndmi": 0.027, "lst_c": 31.857, "fire_today": 50.033, "value_reasons": ["0.2 ha dins connectors terrestres oficials", "87 % de cobertes naturals o seminaturals com a context de continu\u00eftat"], "pressure_reasons": ["NDMI relativament baix (0.03; observaci\u00f3 07/07/2026)", "NDVI relativament baix (0.47; observaci\u00f3 07/07/2026)", "accessibilitat potencial relativa elevada (20.9 km de xarxa/km\u00b2); no \u00e9s freq\u00fcentaci\u00f3 real"], "knowledge_class": "Pr\u00e0cticament sense dades", "followup": "Prioritat de comprovaci\u00f3", "recommendation": "Comprovar al camp l\u2019estat de l\u2019h\u00e0bitat i les coincid\u00e8ncies abans de decidir actuacions.", "missing": ["prospecci\u00f3 biol\u00f2gica homog\u00e8nia i de camp", "estat local de conservaci\u00f3 dels h\u00e0bitats", "fragmentaci\u00f3 funcional espec\u00edfica per fauna"], "valuable": true, "pressured": true}, "geometry": {"type": "MultiPolygon", "coordinates": [[[[1.4037068981729892, 42.166621183298844], [1.403695578545366, 42.16707132842924], [1.4043006655107362, 42.16707974799462], [1.4043119808520383, 42.166629602732165], [1.4037068981729892, 42.166621183298844]]]]}}, {"type": "Feature", "properties": {"sector_id": "BH-40", "area_ha": 0.38, "hic_ha": 0.0, "priority_hic_ha": 0.0, "connector_ha": 0.0, "natural_cover_pct": 90.96, "bare_pct": 0.0, "records": 0, "road_km": 0.05, "access_km_km2": 12.41, "public_points": 0, "historic_fire_ha": 0.0, "historic_fire_events": 0, "ndvi": 0.749, "ndmi": 0.247, "lst_c": 33.011, "fire_today": 59.474, "value_reasons": [], "pressure_reasons": ["temperatura superficial estival relativament elevada (33.0 \u00b0C)", "accessibilitat potencial relativa elevada (12.4 km de xarxa/km\u00b2); no \u00e9s freq\u00fcentaci\u00f3 real"], "knowledge_class": "Pr\u00e0cticament sense dades", "followup": "Coneixement insuficient", "recommendation": "Prospectar de manera dirigida; la manca de registres no indica baixa biodiversitat.", "missing": ["prospecci\u00f3 biol\u00f2gica homog\u00e8nia i de camp", "estat local de conservaci\u00f3 dels h\u00e0bitats", "fragmentaci\u00f3 funcional espec\u00edfica per fauna"], "valuable": false, "pressured": true}, "geometry": {"type": "MultiPolygon", "coordinates": [[[[1.4049170637896764, 42.16663801897562], [1.4043119808520383, 42.166629602732165], [1.4043006655107362, 42.16707974799462], [1.4052082964436279, 42.167092371361605], [1.405219605355436, 42.16664222590115], [1.4049170637896764, 42.16663801897562]]]]}}, {"type": "Feature", "properties": {"sector_id": "BH-41", "area_ha": 0.62, "hic_ha": 0.17, "priority_hic_ha": 0.0, "connector_ha": 0.53, "natural_cover_pct": 96.12, "bare_pct": 0.0, "records": 0, "road_km": 0.04, "access_km_km2": 6.05, "public_points": 0, "historic_fire_ha": 0.0, "historic_fire_events": 0, "ndvi": 0.51, "ndmi": 0.086, "lst_c": 31.772, "fire_today": null, "value_reasons": ["0.2 ha d\u2019HIC cartografiat", "0.5 ha dins connectors terrestres oficials", "96 % de cobertes naturals o seminaturals com a context de continu\u00eftat"], "pressure_reasons": [], "knowledge_class": "Pr\u00e0cticament sense dades", "followup": "Coneixement insuficient", "recommendation": "Prospectar de manera dirigida; la manca de registres no indica baixa biodiversitat.", "missing": ["prospecci\u00f3 biol\u00f2gica homog\u00e8nia i de camp", "estat local de conservaci\u00f3 dels h\u00e0bitats", "fragmentaci\u00f3 funcional espec\u00edfica per fauna"], "valuable": true, "pressured": false}, "geometry": {"type": "MultiPolygon", "coordinates": [[[[1.4031131394077783, 42.166162615639486], [1.4031074776125503, 42.16638768816232], [1.4028049375709661, 42.16638347568757], [1.402787948582392, 42.16705869310008], [1.4030904918386893, 42.16706290567395], [1.4031018157526265, 42.166612760675676], [1.4037068981729892, 42.166621183298844], [1.4043119808520383, 42.166629602732165], [1.4049170637896764, 42.16663801897562], [1.4049227192202292, 42.166412946264174], [1.4034100177188293, 42.16639189983961], [1.4034156784425107, 42.16616682728374], [1.4031131394077783, 42.166162615639486]]]]}}, {"type": "Feature", "properties": {"sector_id": "BH-42", "area_ha": 0.31, "hic_ha": 0.01, "priority_hic_ha": 0.0, "connector_ha": 0.0, "natural_cover_pct": 95.31, "bare_pct": 0.0, "records": 0, "road_km": 0.03, "access_km_km2": 8.48, "public_points": 0, "historic_fire_ha": 0.0, "historic_fire_events": 0, "ndvi": 0.604, "ndmi": 0.098, "lst_c": 33.61, "fire_today": null, "value_reasons": [], "pressure_reasons": ["temperatura superficial estival relativament elevada (33.6 \u00b0C)", "accessibilitat potencial relativa elevada (8.5 km de xarxa/km\u00b2); no \u00e9s freq\u00fcentaci\u00f3 real"], "knowledge_class": "Pr\u00e0cticament sense dades", "followup": "Coneixement insuficient", "recommendation": "Prospectar de manera dirigida; la manca de registres no indica baixa biodiversitat.", "missing": ["prospecci\u00f3 biol\u00f2gica homog\u00e8nia i de camp", "estat local de conservaci\u00f3 dels h\u00e0bitats", "fragmentaci\u00f3 funcional espec\u00edfica per fauna"], "valuable": false, "pressured": true}, "geometry": {"type": "MultiPolygon", "coordinates": [[[[1.4049170637896764, 42.16663801897562], [1.405219605355436, 42.16664222590115], [1.4064297722644579, 42.166659045628606], [1.4064354223371769, 42.166433972752266], [1.4049227192202292, 42.166412946264174], [1.4049170637896764, 42.16663801897562]]]]}}, {"type": "Feature", "properties": {"sector_id": "BH-43", "area_ha": 0.31, "hic_ha": 0.21, "priority_hic_ha": 0.0, "connector_ha": 0.24, "natural_cover_pct": 100.0, "bare_pct": 0.0, "records": 0, "road_km": 0.0, "access_km_km2": 0.0, "public_points": 0, "historic_fire_ha": 0.0, "historic_fire_events": 0, "ndvi": 0.349, "ndmi": -0.051, "lst_c": null, "fire_today": null, "value_reasons": ["0.2 ha d\u2019HIC cartografiat", "0.2 ha dins connectors terrestres oficials", "100 % de cobertes naturals o seminaturals com a context de continu\u00eftat"], "pressure_reasons": ["NDMI relativament baix (-0.05; observaci\u00f3 07/07/2026)", "NDVI relativament baix (0.35; observaci\u00f3 07/07/2026)"], "knowledge_class": "Pr\u00e0cticament sense dades", "followup": "Prioritat de comprovaci\u00f3", "recommendation": "Comprovar al camp l\u2019estat de l\u2019h\u00e0bitat i les coincid\u00e8ncies abans de decidir actuacions.", "missing": ["prospecci\u00f3 biol\u00f2gica homog\u00e8nia i de camp", "estat local de conservaci\u00f3 dels h\u00e0bitats", "fragmentaci\u00f3 funcional espec\u00edfica per fauna"], "valuable": true, "pressured": true}, "geometry": {"type": "MultiPolygon", "coordinates": [[[[1.4046258352281384, 42.16618366588626], [1.4034156784425107, 42.16616682728374], [1.4034100177188293, 42.16639189983961], [1.4049227192202292, 42.166412946264174], [1.4049283745861596, 42.16618787354326], [1.4046258352281384, 42.16618366588626]]]]}}, {"type": "Feature", "properties": {"sector_id": "BH-44", "area_ha": 0.25, "hic_ha": 0.16, "priority_hic_ha": 0.0, "connector_ha": 0.25, "natural_cover_pct": 100.0, "bare_pct": 0.0, "records": 0, "road_km": 0.0, "access_km_km2": 0.0, "public_points": 0, "historic_fire_ha": 0.0, "historic_fire_events": 0, "ndvi": 0.353, "ndmi": -0.004, "lst_c": 33.581, "fire_today": 45.585, "value_reasons": ["0.2 ha d\u2019HIC cartografiat", "0.2 ha dins connectors terrestres oficials", "100 % de cobertes naturals o seminaturals com a context de continu\u00eftat"], "pressure_reasons": ["NDMI relativament baix (-0.00; observaci\u00f3 07/07/2026)", "NDVI relativament baix (0.35; observaci\u00f3 07/07/2026)", "temperatura superficial estival relativament elevada (33.6 \u00b0C)"], "knowledge_class": "Pr\u00e0cticament sense dades", "followup": "Prioritat de comprovaci\u00f3", "recommendation": "Comprovar al camp l\u2019estat de l\u2019h\u00e0bitat i les coincid\u00e8ncies abans de decidir actuacions.", "missing": ["prospecci\u00f3 biol\u00f2gica homog\u00e8nia i de camp", "estat local de conservaci\u00f3 dels h\u00e0bitats", "fragmentaci\u00f3 funcional espec\u00edfica per fauna"], "valuable": true, "pressured": true}, "geometry": {"type": "MultiPolygon", "coordinates": [[[[1.4034156784425107, 42.16616682728374], [1.4046258352281384, 42.16618366588626], [1.4046314916009879, 42.16595859318885], [1.4034213391015093, 42.16594175471838], [1.4034156784425107, 42.16616682728374]]]]}}, {"type": "Feature", "properties": {"sector_id": "BH-45", "area_ha": 92.5, "hic_ha": 44.07, "priority_hic_ha": 5.75, "connector_ha": 37.53, "natural_cover_pct": 98.95, "bare_pct": 0.0, "records": 16, "road_km": 4.28, "access_km_km2": 4.63, "public_points": 0, "historic_fire_ha": 0.0, "historic_fire_events": 0, "ndvi": 0.522, "ndmi": 0.043, "lst_c": 30.085, "fire_today": 53.716, "value_reasons": ["5.8 ha d\u2019HIC prioritari cartografiat", "44.1 ha d\u2019HIC cartografiat", "37.5 ha dins connectors terrestres oficials", "16 registres p\u00fablics agregats; indiquen coneixement, no abund\u00e0ncia", "99 % de cobertes naturals o seminaturals com a context de continu\u00eftat"], "pressure_reasons": [], "knowledge_class": "Ben prospectat en fonts p\u00fabliques", "followup": "Seguiment recomanat", "recommendation": "Mantenir observaci\u00f3 i repetir les lectures din\u00e0miques quan hi hagi una nova dada v\u00e0lida.", "missing": ["estat local de conservaci\u00f3 dels h\u00e0bitats", "fragmentaci\u00f3 funcional espec\u00edfica per fauna"], "valuable": true, "pressured": false}, "geometry": {"type": "MultiPolygon", "coordinates": [[[[1.388922597630693, 42.15290538874113], [1.3889283070090563, 42.15268031725113], [1.3883233617679813, 42.15267181894943], [1.3883239420672773, 42.15264895119881], [1.3881770000000007, 42.15265599999999], [1.387845, 42.15263199999998], [1.387581, 42.15259399999999], [1.387427, 42.15255899999999], [1.387285000000001, 42.152526000000016], [1.386771, 42.152362999999994], [1.3865470000000009, 42.15232999999999], [1.3862050000000008, 42.15230200000002], [1.386005, 42.15234700000002], [1.3859580000000002, 42.152358000000014], [1.386018, 42.15236999999999], [1.3863620000000008, 42.15242299999999], [1.3867920000000007, 42.152515999999984], [1.387150000000001, 42.15258600000001], [1.3875270000000008, 42.15270000000001], [1.3879940000000002, 42.15284], [1.3882190000000005, 42.152919000000004], [1.388189, 42.152988], [1.3881050000000008, 42.15317300000002], [1.3880760000000005, 42.15325900000001], [1.3878979999999999, 42.15363699999999], [1.3878720000000004, 42.153715999999996], [1.3879200000000007, 42.153793], [1.3880380000000005, 42.154016], [1.3881290000000004, 42.15421900000001], [1.388213, 42.154436000000004], [1.3882273121799484, 42.1544716825041], [1.3882776677813347, 42.15447239007043], [1.388274688120323, 42.15458979784827], [1.388286000000001, 42.154618], [1.3883134437426823, 42.154698044367954], [1.388876920255389, 42.154705960319426], [1.3888712102899134, 42.15493103172401], [1.3894761772087116, 42.154939527503764], [1.3894704693198114, 42.155164598965484], [1.3906804082235247, 42.15518158109273], [1.3906747045530972, 42.15540665267814], [1.3915821626279494, 42.15541938100353], [1.3915764621051667, 42.155644452679276], [1.3918789493313348, 42.15564869389339], [1.3918732498143715, 42.15587376559293], [1.392175738176611, 42.15587800604315], [1.392164341089264, 42.156328149480274], [1.3924668316585542, 42.156332389199854], [1.3924611340882063, 42.15655746093743], [1.3927636257935847, 42.15656169989309], [1.3927522325996102, 42.15701184340627], [1.3930547265120947, 42.157016081631234], [1.3930545397733685, 42.15702346095487], [1.3930970000000005, 42.15700400000001], [1.3932049999999996, 42.156957], [1.3934300000000004, 42.15691899999999], [1.3937310000000007, 42.156874999999985], [1.3938989999999998, 42.156869], [1.3941080000000003, 42.156863], [1.394144, 42.156899], [1.3942060000000007, 42.156961], [1.3942590000000008, 42.15703300000001], [1.394295, 42.157102999999985], [1.394346, 42.157172], [1.394428000000001, 42.15722000000001], [1.3945230000000006, 42.157182], [1.394607, 42.157112999999995], [1.39451, 42.157090000000004], [1.3944350000000005, 42.15706300000002], [1.394379000000001, 42.157042], [1.3944500000000002, 42.15691799999999], [1.3945220000000005, 42.15683999999998], [1.3946070000000006, 42.156875], [1.3946610000000006, 42.15690500000001], [1.3947230000000006, 42.15695000000001], [1.39477, 42.15699100000001], [1.3948799999999997, 42.15696100000001], [1.3948980000000004, 42.15694600000002], [1.3949320000000005, 42.156921000000004], [1.3949609999999995, 42.15689800000003], [1.395048000000001, 42.156798], [1.3951230000000008, 42.156735000000005], [1.3952090000000004, 42.156746999999996], [1.3954980000000006, 42.15674599999999], [1.3956540000000008, 42.156733], [1.395741, 42.156738], [1.3958240000000006, 42.156738000000004], [1.395926, 42.15676], [1.396117, 42.15674100000001], [1.3962160000000001, 42.15673400000001], [1.3963840000000003, 42.15672700000001], [1.3965230000000002, 42.156683], [1.3966370000000008, 42.15668699999999], [1.396730000000001, 42.15668800000001], [1.3968710000000004, 42.156727000000004], [1.396971, 42.15677400000001], [1.3970600000000004, 42.156847], [1.397076, 42.156876], [1.3970950000000004, 42.156911], [1.3970670000000007, 42.157021999999984], [1.397032, 42.157101999999995], [1.397009, 42.157194], [1.3969890000000005, 42.157273], [1.3969760000000009, 42.157332], [1.3969880000000003, 42.15742100000001], [1.3970470000000001, 42.157559000000006], [1.3970730000000005, 42.15763900000002], [1.397136, 42.15776500000001], [1.3971820000000004, 42.157869999999996], [1.3972230000000003, 42.15795200000001], [1.3972366816764437, 42.15797519938585], [1.3975694243799803, 42.157979848380236], [1.3975645156595697, 42.158174364754835], [1.3976399984308412, 42.158205985883505], [1.398168745242344, 42.15821337108985], [1.3981630675020114, 42.158438443382146], [1.3987680705837173, 42.158446890733615], [1.3987623949207466, 42.15867196308269], [1.3990648976299975, 42.15867618559569], [1.3990592229733085, 42.15890125796838], [1.3993617268185288, 42.15890547971726], [1.3993560531681457, 42.15913055211359], [1.3996585581493362, 42.159134773098316], [1.3996131751820344, 42.16093535219243], [1.3999156887976465, 42.1609395726447], [1.3999043445501478, 42.16138971738959], [1.400206860373095, 42.16139393711076], [1.400195518008927, 42.16184408188392], [1.4004980360392492, 42.161848300873935], [1.4004866955585047, 42.16229844567535], [1.4007892157962414, 42.1623026639342], [1.400783546530017, 42.162527736353766], [1.4010860679038646, 42.16253195384835], [1.4010803996442063, 42.16275702629151], [1.40168544472888, 42.1627654589548], [1.4016797785471713, 42.16299053145461], [1.4019823022579883, 42.16299474662328], [1.4019766370829083, 42.16321981914667], [1.4022791619298292, 42.16322403355102], [1.4022734977614015, 42.16344910609797], [1.4025760237444285, 42.16345331973802], [1.4025703605826783, 42.16367839230855], [1.402872887701813, 42.16368260518425], [1.4028672255467642, 42.16390767777833], [1.403169753802008, 42.163911889889704], [1.403164092653686, 42.16413696250733], [1.4034666220450407, 42.164141173854325], [1.4034553016972224, 42.16459131912722], [1.4037578332961407, 42.164595529742854], [1.4037521740966803, 42.164820602398116], [1.4040547068317262, 42.164824812249364], [1.4040490486390766, 42.16504988492815], [1.404654116446068, 42.16505830230442], [1.4046484603317435, 42.165283375039756], [1.4058586010071448, 42.1653002003552], [1.4058529491142073, 42.165525273212985], [1.4079707052826171, 42.165554687044626], [1.4079650608257455, 42.165779760123634], [1.4088726747944709, 42.16579235418866], [1.408867033487715, 42.16601742735696], [1.4091695726777664, 42.166021623816654], [1.409163932378101, 42.1662466970084], [1.4094664727041537, 42.166250892703545], [1.4094608334116028, 42.16647596591871], [1.409763374873659, 42.16648016084929], [1.4097577365882479, 42.16670523408787], [1.4100602791863088, 42.16670942825388], [1.410054641908061, 42.1669345015159], [1.4103571856421284, 42.16693869491731], [1.410351549371069, 42.16716376820274], [1.4124693648134043, 42.16719309991324], [1.412474993583212, 42.16696802639779], [1.4130800821454228, 42.166976399643445], [1.4130913352057142, 42.16652625245277], [1.4133938774400776, 42.16653043781372], [1.4133995028022097, 42.16630536417135], [1.4137020440292758, 42.16630954870201], [1.4137189165153476, 42.165634327619614], [1.414021454592021, 42.16563851125437], [1.4140270775539872, 42.16541343750849], [1.4143296146233826, 42.165417620312994], [1.4143352364495814, 42.16519254652483], [1.4146377725116976, 42.16519672849909], [1.4146433932021527, 42.164971654668655], [1.4149459282569872, 42.16497583581268], [1.4149515478117234, 42.16475076194], [1.4155566159710258, 42.164759121770196], [1.4155622333185836, 42.164534047822464], [1.4164698328244514, 42.16454658148878], [1.416475446893403, 42.16432150743327], [1.4173830437621882, 42.164334033824545], [1.4173774329076645, 42.16455910797828], [1.4176799663969777, 42.16456328187993], [1.417674356549831, 42.16478835605693], [1.4182794258637281, 42.16479670153343], [1.4182738180954866, 42.16502177576642], [1.4185763539200618, 42.16502594734123], [1.41857074715926, 42.165251021597456], [1.4188732841194178, 42.16525519240756], [1.4188676783660792, 42.165480266687034], [1.419170216461822, 42.16548443673238], [1.4191590069060784, 42.16593458532832], [1.4194615472089647, 42.16593875464162], [1.419455943406595, 42.1661638289581], [1.419758484845082, 42.16616799750661], [1.419736073281663, 42.1670682948086], [1.4194335275567764, 42.167064126129304], [1.4193886927833348, 42.16886472001726], [1.419691247081607, 42.16886888895812], [1.4196856435184695, 42.169093963184196], [1.4199881989525018, 42.1690981313602], [1.4199825963970738, 42.1693232056095], [1.4202851529668685, 42.16932737302063], [1.4202739498074708, 42.16977752155621], [1.4205765085847961, 42.16978168823514], [1.4205709079808628, 42.170006762521396], [1.4208734678939665, 42.170010928435424], [1.4208678682978273, 42.170236002744886], [1.4211704293467118, 42.17024016789399], [1.4211648307583908, 42.17046524222667], [1.4214673929430568, 42.17046940661085], [1.4214617953625792, 42.170694480966716], [1.421764358683029, 42.170698644585954], [1.4217587621104193, 42.170923718965], [1.4220613265666544, 42.170927881819296], [1.4220557310019366, 42.17115295622152], [1.4223582965939585, 42.171157118310845], [1.4223527020371576, 42.171382192736246], [1.4226552687649672, 42.17138635406061], [1.4226496752161073, 42.17161142850918], [1.4229522430797084, 42.17161558906854], [1.4229410579340123, 42.172065738002544], [1.423243628005302, 42.17206989782953], [1.423193301333736, 42.17409556785765], [1.4228907216148168, 42.17409140773706], [1.4228652871342922, 42.175114880563086], [1.4229950000000005, 42.175125], [1.4231570000000002, 42.17500600000002], [1.4232890000000005, 42.17490200000001], [1.4233130000000007, 42.17490900000002], [1.4233260000000003, 42.174958], [1.4232860000000007, 42.175032000000016], [1.4232560000000003, 42.17510700000001], [1.4232490000000007, 42.17521700000001], [1.4232890000000005, 42.175216000000006], [1.4233470000000006, 42.175375999999986], [1.423455000000001, 42.17530500000001], [1.4235060000000008, 42.17524399999998], [1.4235500000000008, 42.175286], [1.4236010000000001, 42.175361999999986], [1.4236200000000003, 42.17543700000001], [1.4236079999999998, 42.175468999999985], [1.4237050000000002, 42.175574], [1.4237549999999999, 42.17563499999999], [1.423842, 42.17571300000001], [1.4238590000000002, 42.175816000000005], [1.4238780000000002, 42.17594], [1.4238870000000001, 42.176019], [1.4238910000000005, 42.176083999999996], [1.4239080000000002, 42.17622399999998], [1.4239540000000004, 42.176368], [1.4240220000000003, 42.176496], [1.424082, 42.17663800000001], [1.4242790000000003, 42.17679600000002], [1.424497, 42.17691600000001], [1.4244890000000006, 42.177054999999996], [1.4245050000000001, 42.177146], [1.4245450000000006, 42.17724], [1.4246100000000002, 42.17733200000001], [1.4246970000000003, 42.177471999999995], [1.424737, 42.17757900000002], [1.424827, 42.17773100000001], [1.424915955181459, 42.177860546427056], [1.4249305748231258, 42.17727155531053], [1.424627979711503, 42.177267399519856], [1.4246670918633626, 42.17569187823942], [1.4243645043206206, 42.17568772187912], [1.4244539089293022, 42.17208652916106], [1.4241513386025009, 42.17208237252464], [1.4241625151730553, 42.17163222332971], [1.4238599470539017, 42.17162806596085], [1.4238711255127636, 42.17117791679328], [1.4235685596012169, 42.17117375869203], [1.4235797399482946, 42.17072360955182], [1.4232771762443155, 42.17071945071817], [1.423288358479516, 42.17026930160533], [1.422985796983064, 42.17026514203934], [1.4229913890766295, 42.17004006750133], [1.4226888287158774, 42.17003590717038], [1.4227000148548679, 42.16958575813125], [1.4223974567015885, 42.169581597067975], [1.4224030507469778, 42.169356522566844], [1.4221004937293822, 42.169352360738635], [1.422106088782597, 42.169127286260675], [1.4218035329006833, 42.16912312366757], [1.4218147249587696, 42.16867297474854], [1.421512171284259, 42.16866881142317], [1.4215233652299744, 42.16821866253158], [1.4212208137628255, 42.168214498473986], [1.421265595560685, 42.16641390279025], [1.4209630527306298, 42.166409738196414], [1.4209742496836315, 42.165959589246135], [1.420671709060708, 42.16595542392016], [1.4206829079009335, 42.16550527499735], [1.4203803694850994, 42.16550110893927], [1.4203915702124572, 42.16505096004393], [1.4200890340036731, 42.165046793253744], [1.4200946353428732, 42.164821718824555], [1.4197921002696021, 42.16481755126962], [1.4197977026162958, 42.164592476863646], [1.4194951686785364, 42.16458830854397], [1.4195007720326982, 42.16436323416122], [1.419198239230449, 42.1643590650768], [1.419203843592055, 42.164133990717296], [1.4189013119253138, 42.16412982086816], [1.4189069172943403, 42.16390474653188], [1.4186043867631057, 42.16390057591805], [1.4186099931395275, 42.163675501605], [1.41800493441214, 42.16366715805056], [1.4180105428673624, 42.16344208379349], [1.4168004304674167, 42.16342538724677], [1.4168060431442202, 42.16320031311116], [1.4152934094444318, 42.163179424650295], [1.4152877914105673, 42.16340449862206], [1.4137751539585697, 42.16338359006266], [1.4137695305034106, 42.16360866386098], [1.4128619455889264, 42.16359610905822], [1.4128563188552237, 42.163821182748606], [1.4122512604241575, 42.163812808827494], [1.412245631483283, 42.16403788244272], [1.411943101292783, 42.16403369425322], [1.411920580600213, 42.164933988488045], [1.4122231150765867, 42.16493817680894], [1.4122118564873076, 42.16538832393521], [1.411909319867924, 42.16538413554862], [1.4119036894052754, 42.1656092090647], [1.41069353928514, 42.16559244741249], [1.4106991740338741, 42.16536737402787], [1.4103966377362944, 42.165363181654094], [1.4104022734921504, 42.16513810829288], [1.4097972032332067, 42.16512972121878], [1.4098028410676524, 42.164904647913865], [1.4061724377866354, 42.1648542588805], [1.4061780884143633, 42.164629185961296], [1.404967960338331, 42.16461236423135], [1.4049736151873171, 42.1643872914346], [1.4046710844012702, 42.16438308404159], [1.4046767402570837, 42.16415801126835], [1.4043742106071038, 42.16415380311094], [1.4043798674697203, 42.16392873036122], [1.404077338955806, 42.16392452143943], [1.4040829968252013, 42.16369944871324], [1.4037804694473512, 42.16369523902706], [1.4037861283235007, 42.16347016632441], [1.4034836020817123, 42.163465955873875], [1.403494921782799, 42.16301581050619], [1.403192397748447, 42.16301159932433], [1.4031980585733486, 42.162786526659296], [1.402593012841431, 42.16277810196955], [1.402598675744352, 42.16255302936111], [1.4022961540467955, 42.16254881585325], [1.4023018179563478, 42.162323743268374], [1.4019992973948447, 42.16231952899622], [1.402004962311005, 42.16209445643491], [1.4017024428855533, 42.16209024139849], [1.4017081088082965, 42.161865168860736], [1.401405590518895, 42.161860953060035], [1.4014112574481965, 42.16163588054588], [1.4011087402948432, 42.161631663980906], [1.4011314116496163, 42.16073137396176], [1.4008288988460877, 42.160727156731774], [1.4008685787221231, 42.159151649064725], [1.4005660734817476, 42.159147431269], [1.4005774121485668, 42.158697286202106], [1.400274909115252, 42.158693067675294], [1.4002805794226203, 42.1584679951607], [1.3999780775252155, 42.158463775869755], [1.3999837488389064, 42.15823870337877], [1.3996812480774108, 42.15823448332368], [1.3996869203973994, 42.15800941085631], [1.399384420771811, 42.158005190037095], [1.3993900940980737, 42.15778011759335], [1.3987850971835414, 42.1577716736295], [1.3987907725871223, 42.15754660124249], [1.3984882752981886, 42.15754237809787], [1.3984939517079817, 42.15731730573451], [1.3978889594668085, 42.1573088571199], [1.397894637953831, 42.15708378481331], [1.3975921430016023, 42.15707955934335], [1.3975978224947752, 42.15685448706042], [1.3972953286784666, 42.15685026082642], [1.3973010091777642, 42.15662518856715], [1.396998516497376, 42.156620961569104], [1.3970041980027743, 42.15639588933351], [1.3967017064583038, 42.15639166157145], [1.3967073889697785, 42.156166589359515], [1.3961024082176068, 42.156158131510225], [1.39610809280611, 42.15593305935513], [1.3952006253779332, 42.155920366702006], [1.3952063131143748, 42.155695294636985], [1.3939963617371698, 42.15567836007211], [1.3940020536924151, 42.15545328813042], [1.3924896212889795, 42.15543210215466], [1.3924953185338484, 42.15520703036964], [1.3921928333193232, 42.15520279081632], [1.3922042297556023, 42.15475264728431], [1.3919017467480015, 42.15474840700038], [1.391913145065636, 42.15429826349693], [1.3916106642649186, 42.1542940224824], [1.391622064463815, 42.15384387900753], [1.3913195858699425, 42.15383963726242], [1.3913252869425439, 42.15361456554401], [1.3910228094846477, 42.15361032303509], [1.39102851156294, 42.153385251340474], [1.3904235589842573, 42.15337676399792], [1.3904292631390298, 42.15315169236038], [1.389917100896807, 42.15314450438025], [1.389927000000001, 42.15327699999998], [1.3899410000000003, 42.15342700000002], [1.3899670000000006, 42.15357500000001], [1.3899970000000001, 42.153739000000016], [1.3900350000000001, 42.15395099999999], [1.3899880000000007, 42.154014999999994], [1.389901000000001, 42.153969], [1.3896340000000003, 42.15379699999999], [1.3895140000000001, 42.15373000000002], [1.389423000000001, 42.15367300000001], [1.3894940000000002, 42.153623], [1.3895100000000005, 42.153573], [1.3894950000000004, 42.153527], [1.3894440000000008, 42.15348300000001], [1.3893679999999997, 42.153441999999984], [1.3893270000000002, 42.15342900000002], [1.389342000000001, 42.15340499999999], [1.3894100000000005, 42.153384999999986], [1.3894360000000006, 42.153364], [1.3894540000000009, 42.15333599999999], [1.3894650000000008, 42.15329800000001], [1.3894660000000003, 42.15325], [1.3894610000000003, 42.15317999999999], [1.389445000000001, 42.153121], [1.3894270000000004, 42.153074000000004], [1.38942, 42.15304200000001], [1.3894230000000005, 42.15300200000001], [1.3894350000000004, 42.15296400000001], [1.389452, 42.15293599999999], [1.3894690000000003, 42.15292], [1.3894819916744405, 42.15291324433065], [1.388922597630693, 42.15290538874113]]], [[[1.394544435586564, 42.157937548508194], [1.394846934173526, 42.15794178208286], [1.3948412447161038, 42.158166854019825], [1.3951437444391546, 42.15817108683047], [1.3951380559878215, 42.15839615879115], [1.3954405568469634, 42.15840039083777], [1.395429181891539, 42.15885053479705], [1.3957316849578945, 42.15885476611281], [1.3957203118848105, 42.1593049101005], [1.3960228171584204, 42.15930914068538], [1.3960114459677686, 42.15975928470152], [1.3963139534486726, 42.15976351455548], [1.3963082688270863, 42.159988586582486], [1.3966107774441268, 42.159992815672375], [1.3965994101485024, 42.160442959764275], [1.396901920972892, 42.1604471881232], [1.396867823954904, 42.16179762037021], [1.3965653067029942, 42.161793391812296], [1.3965539383682573, 42.16224353575242], [1.3962514190386912, 42.162239306330854], [1.3962457337025795, 42.16246437825352], [1.3959432133666565, 42.16246014800143], [1.3959318403568726, 42.16291029175196], [1.3956293179432508, 42.162906060636175], [1.3956122547271521, 42.163581276091264], [1.3953097291644203, 42.16357704407855], [1.3952642158236994, 42.16537761794255], [1.3955667499578979, 42.16538185022079], [1.3955610615692606, 42.16560692194429], [1.3958635968399458, 42.16561115345831], [1.3958579094578114, 42.1658362252055], [1.396160445864985, 42.16584045595527], [1.3961547594893777, 42.16606552772617], [1.3964572970330424, 42.16606975771167], [1.3964516116639871, 42.166294829506256], [1.3970566890892517, 42.166303287151266], [1.3970510057983148, 42.16652835900268], [1.3973535456799058, 42.16653258666218], [1.397347863395582, 42.16675765853727], [1.3979529454966495, 42.166766111530194], [1.3979472652905331, 42.1669911834621], [1.3982498075100003, 42.16699540879551], [1.39824412831056, 42.16722048075107], [1.398546671666503, 42.16722470532013], [1.3985409934737627, 42.16744977729934], [1.3988435379661839, 42.16745400110406], [1.3988378607801684, 42.1676790731069], [1.3991404064090696, 42.16768329614726], [1.3991347302298036, 42.167908368173755], [1.3994372769951857, 42.16791259044973], [1.3994316018226938, 42.16813766249985], [1.3997341497245592, 42.16814188401144], [1.3997284755588653, 42.16836695608518], [1.400333573700392, 42.168375396782054], [1.4003279016131813, 42.168600468912516], [1.401840653459333, 42.16862155686367], [1.4018349866656894, 42.16884662915002], [1.4027426417655513, 42.168859272449666], [1.4027369781222288, 42.16908434482569], [1.40334208398913, 42.16909276977057], [1.403336422424501, 42.1693178422032], [1.4036389765267059, 42.16932205351237], [1.4036333159691026, 42.16954712596855], [1.4039358712077097, 42.16955133651319], [1.4039302116571564, 42.169776408992895], [1.4042327680321671, 42.16978061877302], [1.4042157922077487, 42.170455836254334], [1.4045183518626958, 42.17046004533593], [1.4044844048988474, 42.17181048024067], [1.404786971049333, 42.17181468872272], [1.4047813140675962, 42.172039761206655], [1.404478746845253, 42.1720355526916], [1.4044504556074258, 42.173160914804136], [1.404147883090271, 42.1731567053264], [1.4041422235767986, 42.17338177768746], [1.4038396500523862, 42.17337756737907], [1.403828328687527, 42.173827712006705], [1.4032231775449844, 42.17381928886485], [1.403217514621595, 42.174044361098396], [1.4026123615939727, 42.1740359346998], [1.4026066964619204, 42.174261006857776], [1.401396386895725, 42.17424414435632], [1.401390717410995, 42.17446921637257], [1.3995752485736632, 42.174443898491674], [1.3995695725921882, 42.174668970299884], [1.3992669936075854, 42.174664747828075], [1.3992613164892465, 42.1748898195937], [1.3986561565706728, 42.174881372190804], [1.3986447978512935, 42.175331515561076], [1.398342215845314, 42.17532729059685], [1.3983251740633387, 42.17600250548175], [1.3980225889061302, 42.17599827962037], [1.3979771327209125, 42.177798851964326], [1.3985823202540912, 42.17780730341955], [1.398576640083081, 42.178032374986145], [1.403115570933934, 42.17809565968086], [1.403109906780862, 42.17832073173427], [1.404925489634567, 42.17834599555008], [1.4049311473544446, 42.17812092329855], [1.4058389364377002, 42.1781335443373], [1.4058445908763513, 42.17790847197732], [1.4061471862944963, 42.177912677361675], [1.4061528395963503, 42.177687604959225], [1.4064554340069184, 42.17769180951284], [1.4064610861719993, 42.177466737067945], [1.4067636795749894, 42.17747094079082], [1.4067693306033229, 42.17724586830348], [1.4070719229987332, 42.17725007119561], [1.407077572890343, 42.177024998665836], [1.4076827557305525, 42.17703340199092], [1.4076884034133277, 42.17680832938576], [1.4077071310546228, 42.17680858937816], [1.4076919999999997, 42.17663399999999], [1.4076340000000007, 42.17633200000002], [1.4075660000000005, 42.17615900000001], [1.4075050000000007, 42.176021000000006], [1.4074060993024207, 42.175903805722676], [1.4071058213799434, 42.175899635874785], [1.4071001718111475, 42.176124708451944], [1.4064949978061156, 42.176116302199524], [1.4064893460285652, 42.176341374701295], [1.4061867580508265, 42.17633717034552], [1.4061811051365818, 42.17656224280483], [1.4058785161513345, 42.17655803761834], [1.4058728621003713, 42.17678311003521], [1.4055702721076175, 42.176778904018], [1.4055646169199119, 42.17700397639239], [1.4049594349840335, 42.176995561898714], [1.4049537775874192, 42.17722063419763], [1.4043485937658622, 42.17721221644694], [1.4043429341602938, 42.17743728867036], [1.4001066396485002, 42.17737827460385], [1.4001123142640979, 42.17715320284323], [1.3995071325148971, 42.17714475956434], [1.399518485840031, 42.17669461614706], [1.3992158972069684, 42.17669039337723], [1.3992329299244126, 42.176015178279535], [1.399535515341212, 42.17601940095003], [1.3995468680176626, 42.175569257437914], [1.3998494513552135, 42.17557347924446], [1.399855126524101, 42.17534840744107], [1.400157708854464, 42.17535262841681], [1.4001633828864708, 42.17512755657084], [1.4025840352863248, 42.17516129539485], [1.4025897006773334, 42.174936223274806], [1.4034974431797702, 42.174948862072654], [1.4035031052900013, 42.174723789843995], [1.4038056851815564, 42.17472800114819], [1.4038113461550825, 42.17450292887704], [1.404113925039325, 42.17450713935053], [1.4041195848761714, 42.17428206703688], [1.4044221627531, 42.174286276679666], [1.4044278214532901, 42.17406120432352], [1.404730398322903, 42.17406541313563], [1.4047360558864623, 42.17384034073699], [1.4050386317487575, 42.17384454871843], [1.4050442881757101, 42.17361947627731], [1.4053468630306867, 42.173623683428076], [1.4053638287079253, 42.172948465948885], [1.4056612440947882, 42.17295260052827], [1.4056560000000005, 42.172925000000006], [1.4056560000000005, 42.17278000000001], [1.4056730017057437, 42.17268989098436], [1.4057116307994428, 42.17115209157753], [1.4054090676705733, 42.171147885587274], [1.4054373399221955, 42.17002252255321], [1.4051347822168712, 42.17001831593031], [1.4051460928087214, 42.169568170716325], [1.4048435373115054, 42.16956396336185], [1.4048548497883044, 42.16911381817592], [1.404552296499156, 42.16910961008993], [1.404557953712305, 42.16888453751576], [1.4042554015594992, 42.168880328665225], [1.4042610597796903, 42.168655256114576], [1.403655957811426, 42.16864683608698], [1.4036616181103068, 42.16842176359287], [1.4030565185441009, 42.16841334044124], [1.4030621809216184, 42.168188268003725], [1.4021545352725815, 42.168175627394064], [1.4021602008003278, 42.16795055504621], [1.4009500117945761, 42.16793368986719], [1.4009556815440976, 42.16770861764212], [1.4003505895731465, 42.16770018033379], [1.4003562614011094, 42.1674751081654], [1.399751171832624, 42.167466667733315], [1.399762519580495, 42.16701652350047], [1.399459977036682, 42.167012302154426], [1.3994656518849424, 42.16678723005688], [1.399163110477547, 42.16678300794647], [1.399168786332524, 42.166557935872554], [1.3985637058554332, 42.16654948932559], [1.3985693837886493, 42.166324417308445], [1.3982668447189632, 42.16632019287191], [1.3982725236588345, 42.1660951208784], [1.3976674478572124, 42.16608666967925], [1.3976731288752338, 42.165861597742534], [1.3973705921433073, 42.16585737097996], [1.3973762741679217, 42.16563229906692], [1.3967712030418702, 42.16562384321575], [1.3967768871445454, 42.16539877135954], [1.39647435275043, 42.16539454227098], [1.3964857229038818, 42.16494439859645], [1.3961831907176723, 42.16494016877681], [1.396211620321679, 42.16381480959033], [1.3965141471507394, 42.163819039244096], [1.3965255163947918, 42.163368895436754], [1.3968280411460312, 42.163373124226815], [1.3968450913108907, 42.16269790834519], [1.3971476129129967, 42.162702136238416], [1.397153295100072, 42.162477064225726], [1.3974558156957697, 42.16248129128845], [1.3974614967465973, 42.162256219233136], [1.3977640163358847, 42.16226044546538], [1.3977696962504889, 42.162035373367445], [1.3980722148333644, 42.162039598769205], [1.39807789361177, 42.161814526628646], [1.3983804111882325, 42.16181875119994], [1.3984144760685424, 42.16046831795862], [1.398111964919626, 42.160464093586114], [1.398112762470103, 42.16043248116768], [1.3980470000000007, 42.16041500000001], [1.3979529999999996, 42.16038900000001], [1.3978130000000006, 42.16035499999999], [1.3976650000000004, 42.16032100000001], [1.3975220000000008, 42.16029699999999], [1.3973340000000005, 42.160316], [1.3972710000000002, 42.16034100000002], [1.397221000000001, 42.16032499999999], [1.3971860000000007, 42.16030999999999], [1.3971560000000005, 42.16027600000001], [1.397153, 42.160239], [1.3971560000000003, 42.16016699999999], [1.39719, 42.16010800000001], [1.3972760000000004, 42.16003600000001], [1.3973750000000005, 42.160004], [1.397686, 42.160018000000015], [1.397820034774475, 42.16004054795727], [1.3978208125615694, 42.1600097240592], [1.397518303684841, 42.16000549815841], [1.3975239840216818, 42.15978042599877], [1.3972214762810444, 42.15977619933385], [1.3972328389023574, 42.15932605505241], [1.3969303333689724, 42.15932182765654], [1.3969452535121134, 42.15873084358732], [1.3967770000000004, 42.15865999999999], [1.396743438995461, 42.158643760853344], [1.396644877772461, 42.15864238316908], [1.3966460330886736, 42.15859662900372], [1.396560000000001, 42.15855499999999], [1.396397000000001, 42.158524], [1.396359000000001, 42.15850600000001], [1.3963330000000005, 42.158486], [1.3962959999999998, 42.158446000000005], [1.3962060000000003, 42.15836200000001], [1.3959260000000002, 42.15814799999998], [1.3957640000000007, 42.15812500000001], [1.3956630000000005, 42.158087], [1.3955420000000003, 42.15803600000001], [1.3954020000000007, 42.15795200000001], [1.3952460000000004, 42.15789099999999], [1.3951450000000007, 42.157869999999996], [1.3948660000000006, 42.157851999999984], [1.39465, 42.157837999999984], [1.394548444056627, 42.15777900386603], [1.394544435586564, 42.157937548508194]]], [[[1.394247628599175, 42.15770824225628], [1.394431055472413, 42.15771080994838], [1.3943040000000004, 42.157637000000015], [1.3942496209364232, 42.157629454618764], [1.394247628599175, 42.15770824225628]]], [[[1.386505969801769, 42.1544474819467], [1.386485000000001, 42.15443300000001], [1.386194, 42.15428499999999], [1.385931, 42.154226], [1.3858860000000004, 42.15421200000001], [1.3858510000000002, 42.154140000000005], [1.3858090000000003, 42.15401200000001], [1.3857890000000004, 42.15386700000002], [1.385778000000001, 42.15377999999999], [1.3857320000000004, 42.15370099999999], [1.3856680000000001, 42.153549], [1.3856299999999997, 42.15343500000002], [1.3855813491897455, 42.15341097492132], [1.3855782263947252, 42.15353382157291], [1.3849732740241296, 42.153525305468825], [1.384967550464079, 42.15375037648717], [1.3841341351004441, 42.15373863895963], [1.3834172235571975, 42.15440399210285], [1.386505969801769, 42.1544474819467]]], [[[1.3822280584121347, 42.15438722635807], [1.3823819875549292, 42.154389397261866], [1.3822297341115268, 42.15432144520101], [1.3822280584121347, 42.15438722635807]]], [[[1.3816288344503627, 42.154153621828556], [1.3817801697836898, 42.15415575694222], [1.3816709999999999, 42.15412500000002], [1.3816297676152582, 42.154117002859124], [1.3816288344503627, 42.154153621828556]]]]}}, {"type": "Feature", "properties": {"sector_id": "BH-46", "area_ha": 5.38, "hic_ha": 0.86, "priority_hic_ha": 0.0, "connector_ha": 5.38, "natural_cover_pct": 94.17, "bare_pct": 0.0, "records": 0, "road_km": 0.33, "access_km_km2": 6.14, "public_points": 0, "historic_fire_ha": 0.0, "historic_fire_events": 0, "ndvi": 0.533, "ndmi": 0.075, "lst_c": 30.827, "fire_today": 56.929, "value_reasons": ["0.9 ha d\u2019HIC cartografiat", "5.4 ha dins connectors terrestres oficials", "94 % de cobertes naturals o seminaturals com a context de continu\u00eftat"], "pressure_reasons": [], "knowledge_class": "Pr\u00e0cticament sense dades", "followup": "Coneixement insuficient", "recommendation": "Prospectar de manera dirigida; la manca de registres no indica baixa biodiversitat.", "missing": ["prospecci\u00f3 biol\u00f2gica homog\u00e8nia i de camp", "estat local de conservaci\u00f3 dels h\u00e0bitats", "fragmentaci\u00f3 funcional espec\u00edfica per fauna"], "valuable": true, "pressured": false}, "geometry": {"type": "MultiPolygon", "coordinates": [[[[1.4033873741772662, 42.16729218996828], [1.4027822854567813, 42.16728376555197], [1.402787948582392, 42.16705869310008], [1.4024854053908047, 42.167054479728755], [1.4024910695232877, 42.16682940730044], [1.4021885274680042, 42.166825193164684], [1.4021941926073356, 42.16660012075993], [1.4018916516883546, 42.166595905859765], [1.4018973178345082, 42.166370833478595], [1.4015947780518276, 42.166366617814035], [1.4016004452047806, 42.16614154545645], [1.4012979065583988, 42.16613732902748], [1.4013035747181264, 42.16591225669348], [1.401001037208042, 42.165908039500145], [1.4010067063745193, 42.165682967189746], [1.4004016336917318, 42.16567453047692], [1.4004073049364378, 42.1654494582232], [1.399802234655865, 42.16544101838684], [1.3998079079787475, 42.165215946189825], [1.3989003062585794, 42.165203280553925], [1.3989059827310628, 42.16497820844674], [1.3983009173848544, 42.16496976076864], [1.3983065959353975, 42.16474468871824], [1.3977015329916502, 42.164736237916756], [1.3977242551164075, 42.1638359498854], [1.3983293094887272, 42.16384440042179], [1.3983349877148539, 42.163619328323946], [1.40015014596017, 42.16364466059726], [1.4001444741624514, 42.163869732893765], [1.4010520573743888, 42.163882388365096], [1.4010463887261146, 42.16410746075136], [1.4013489176644056, 42.1641116776801], [1.40134325002279, 42.16433675008996], [1.4016457800972735, 42.16434096625437], [1.4016401134623415, 42.16456603868781], [1.4019426446730192, 42.16457025408789], [1.4019256475941313, 42.16524547143053], [1.4022281820839584, 42.16524968613236], [1.4022111876369332, 42.16592490348881], [1.4034213391015093, 42.16594175471838], [1.4034269996958264, 42.16571668214356], [1.403124462804153, 42.16571247056535], [1.4031301244053003, 42.165487398014086], [1.4028275886498296, 42.16548318567149], [1.4028332512577828, 42.165258113143764], [1.4025307166385126, 42.165253900036774], [1.4025363802532478, 42.1650288275326], [1.4022338467701767, 42.165024613661245], [1.4022508404404743, 42.164349396191014], [1.4019483102365058, 42.164345181621385], [1.401953975735256, 42.164120109145415], [1.4016514466674563, 42.16411589381145], [1.4016571131728917, 42.16389082135905], [1.4013545852412606, 42.16388660526076], [1.4013602527533568, 42.16366153283193], [1.4004526725612865, 42.163648879852005], [1.4004583432228057, 42.16342380751292], [1.3998532922281632, 42.16341536827226], [1.399858964967647, 42.16319029598991], [1.399253916375035, 42.16318185362597], [1.3992595911924322, 42.16295678140033], [1.3989570680647472, 42.16295255905545], [1.3989513921759862, 42.16317763124797], [1.398346343972465, 42.16316918409985], [1.3983406658760997, 42.163394256216634], [1.3980381408002776, 42.1633900314134], [1.3980324615676454, 42.16361510348758], [1.3974274094679195, 42.16360665142275], [1.397416046522364, 42.16405679541007], [1.3971135184270673, 42.164052568115274], [1.3971021530789827, 42.164502711998345], [1.3974046833171319, 42.164506939359434], [1.3973933198522166, 42.164957083270885], [1.3976958522981897, 42.16496130990088], [1.397690171539818, 42.165186381875536], [1.3985977724815655, 42.16519905708045], [1.3985920948727346, 42.16542412914501], [1.3994996996128122, 42.16543679727251], [1.399494025153602, 42.16566186942696], [1.3997965612681555, 42.165666090574376], [1.3997908878156184, 42.16589116275244], [1.4000934250665127, 42.16589538313553], [1.4000877526206736, 42.1661204553372], [1.4006928294599512, 42.166128893777234], [1.4006871590923742, 42.16635396603561], [1.4009896986807486, 42.16635818409254], [1.400984029319931, 42.1665832563745], [1.4012865700446397, 42.16658747366705], [1.401280901690606, 42.16681254597261], [1.4015834435516512, 42.16681676250077], [1.4015777762044264, 42.167041834829924], [1.4018803192018099, 42.16704605059367], [1.4018746528614179, 42.167271122946396], [1.4024797411935996, 42.1672795521476], [1.4024740769316713, 42.16750462455695], [1.4033817131301611, 42.16751726247674], [1.4033873741772662, 42.16729218996828]]]]}}, {"type": "Feature", "properties": {"sector_id": "BH-47", "area_ha": 5.06, "hic_ha": 0.14, "priority_hic_ha": 0.0, "connector_ha": 5.06, "natural_cover_pct": 97.62, "bare_pct": 0.0, "records": 2, "road_km": 0.13, "access_km_km2": 2.56, "public_points": 0, "historic_fire_ha": 0.0, "historic_fire_events": 0, "ndvi": 0.643, "ndmi": 0.145, "lst_c": 30.597, "fire_today": 53.23, "value_reasons": ["0.1 ha d\u2019HIC cartografiat", "5.1 ha dins connectors terrestres oficials", "98 % de cobertes naturals o seminaturals com a context de continu\u00eftat"], "pressure_reasons": [], "knowledge_class": "Poca informaci\u00f3", "followup": "Coneixement insuficient", "recommendation": "Prospectar de manera dirigida; la manca de registres no indica baixa biodiversitat.", "missing": ["prospecci\u00f3 biol\u00f2gica homog\u00e8nia i de camp", "estat local de conservaci\u00f3 dels h\u00e0bitats", "fragmentaci\u00f3 funcional espec\u00edfica per fauna"], "valuable": true, "pressured": false}, "geometry": {"type": "MultiPolygon", "coordinates": [[[[1.399802234655865, 42.16544101838684], [1.4004073049364378, 42.1654494582232], [1.4004016336917318, 42.16567453047692], [1.4010067063745193, 42.165682967189746], [1.401001037208042, 42.165908039500145], [1.4013035747181264, 42.16591225669348], [1.4012979065583988, 42.16613732902748], [1.4016004452047806, 42.16614154545645], [1.4015947780518276, 42.166366617814035], [1.4018973178345082, 42.166370833478595], [1.4018916516883546, 42.166595905859765], [1.4021941926073356, 42.16660012075993], [1.4021885274680042, 42.166825193164684], [1.4024910695232877, 42.16682940730044], [1.4024854053908047, 42.167054479728755], [1.402787948582392, 42.16705869310008], [1.4028049375709661, 42.16638347568757], [1.4031074776125503, 42.16638768816232], [1.4031131394077783, 42.166162615639486], [1.4034156784425107, 42.16616682728374], [1.4034213391015093, 42.16594175471838], [1.4022111876369332, 42.16592490348881], [1.4022281820839584, 42.16524968613236], [1.4019256475941313, 42.16524547143053], [1.4019426446730192, 42.16457025408789], [1.4016401134623415, 42.16456603868781], [1.4016457800972735, 42.16434096625437], [1.40134325002279, 42.16433675008996], [1.4013489176644056, 42.1641116776801], [1.4010463887261146, 42.16410746075136], [1.4010520573743888, 42.163882388365096], [1.4001444741624514, 42.163869732893765], [1.40015014596017, 42.16364466059726], [1.3983349877148539, 42.163619328323946], [1.3983293094887272, 42.16384440042179], [1.3977242551164075, 42.1638359498854], [1.3977015329916502, 42.164736237916756], [1.3983065959353975, 42.16474468871824], [1.3983009173848544, 42.16496976076864], [1.3989059827310628, 42.16497820844674], [1.3989003062585794, 42.165203280553925], [1.3998079079787475, 42.165215946189825], [1.399802234655865, 42.16544101838684]], [[1.399813581236805, 42.164990873983314], [1.3995110483367168, 42.1649866529352], [1.3995167226014134, 42.16476158075232], [1.3989116591386836, 42.16475313633009], [1.3989173354814448, 42.16452806420394], [1.3986148049188138, 42.16452384082985], [1.3986261595526184, 42.16407369661536], [1.4004413310438621, 42.16409902450169], [1.4004356601879553, 42.16432409681231], [1.401040720013068, 42.16433253312813], [1.4010350512352479, 42.16455760549544], [1.4013375823164134, 42.16456182249034], [1.4013205788087097, 42.165237039634576], [1.3998079079787475, 42.165215946189825], [1.399813581236805, 42.164990873983314]]]]}}, {"type": "Feature", "properties": {"sector_id": "BH-48", "area_ha": 2.06, "hic_ha": 0.0, "priority_hic_ha": 0.0, "connector_ha": 2.06, "natural_cover_pct": 97.05, "bare_pct": 0.0, "records": 0, "road_km": 0.08, "access_km_km2": 3.76, "public_points": 0, "historic_fire_ha": 0.0, "historic_fire_events": 0, "ndvi": 0.667, "ndmi": 0.161, "lst_c": 30.615, "fire_today": 55.598, "value_reasons": ["2.1 ha dins connectors terrestres oficials", "97 % de cobertes naturals o seminaturals com a context de continu\u00eftat"], "pressure_reasons": [], "knowledge_class": "Pr\u00e0cticament sense dades", "followup": "Coneixement insuficient", "recommendation": "Prospectar de manera dirigida; la manca de registres no indica baixa biodiversitat.", "missing": ["prospecci\u00f3 biol\u00f2gica homog\u00e8nia i de camp", "estat local de conservaci\u00f3 dels h\u00e0bitats", "fragmentaci\u00f3 funcional espec\u00edfica per fauna"], "valuable": true, "pressured": false}, "geometry": {"type": "MultiPolygon", "coordinates": [[[[1.4013205788087097, 42.165237039634576], [1.4013375823164134, 42.16456182249034], [1.4010350512352479, 42.16455760549544], [1.401040720013068, 42.16433253312813], [1.4004356601879553, 42.16432409681231], [1.4004413310438621, 42.16409902450169], [1.3986261595526184, 42.16407369661536], [1.3986148049188138, 42.16452384082985], [1.3989173354814448, 42.16452806420394], [1.3989116591386836, 42.16475313633009], [1.3995167226014134, 42.16476158075232], [1.3995110483367168, 42.1649866529352], [1.399813581236805, 42.164990873983314], [1.3998079079787475, 42.165215946189825], [1.4013205788087097, 42.165237039634576]]]]}}, {"type": "Feature", "properties": {"sector_id": "BH-49", "area_ha": 0.58, "hic_ha": 0.43, "priority_hic_ha": 0.0, "connector_ha": 0.58, "natural_cover_pct": 99.6, "bare_pct": 0.0, "records": 0, "road_km": 0.0, "access_km_km2": 0.0, "public_points": 0, "historic_fire_ha": 0.0, "historic_fire_events": 0, "ndvi": 0.435, "ndmi": -0.035, "lst_c": 34.663, "fire_today": 61.979, "value_reasons": ["0.4 ha d\u2019HIC cartografiat", "0.6 ha dins connectors terrestres oficials", "100 % de cobertes naturals o seminaturals com a context de continu\u00eftat"], "pressure_reasons": ["NDMI relativament baix (-0.04; observaci\u00f3 07/07/2026)", "NDVI relativament baix (0.43; observaci\u00f3 07/07/2026)", "temperatura superficial estival relativament elevada (34.7 \u00b0C)", "perill EcoRadar actual alt al sector (62/100)"], "knowledge_class": "Pr\u00e0cticament sense dades", "followup": "Prioritat de comprovaci\u00f3", "recommendation": "Comprovar al camp l\u2019estat de l\u2019h\u00e0bitat i les coincid\u00e8ncies abans de decidir actuacions.", "missing": ["prospecci\u00f3 biol\u00f2gica homog\u00e8nia i de camp", "estat local de conservaci\u00f3 dels h\u00e0bitats", "fragmentaci\u00f3 funcional espec\u00edfica per fauna"], "valuable": true, "pressured": true}, "geometry": {"type": "MultiPolygon", "coordinates": [[[[1.384967550464079, 42.15375037648717], [1.3849732740241296, 42.153525305468825], [1.3855782263947252, 42.15353382157291], [1.3855813491897455, 42.15341097492132], [1.385549, 42.15339500000001], [1.3855300000000004, 42.153384999999986], [1.3855060000000006, 42.153363999999996], [1.3854840000000006, 42.153333999999994], [1.3854390000000008, 42.15327], [1.3853649999999997, 42.153135999999996], [1.3852280000000003, 42.15303099999999], [1.3851100000000003, 42.15294500000002], [1.3849910000000007, 42.152833], [1.384179, 42.153697], [1.3841341351004441, 42.15373863895963], [1.384967550464079, 42.15375037648717]]]]}}]}