{"type":"FeatureCollection","features":[{"type":"Feature","id":"HABITATS_TERRESTPNT.261016","geometry":{"type":"MultiPoint","coordinates":[[365059.3765,4674280.6009]]},"geometry_name":"GEOMETRIA","properties":{"ID":261016,"COD_GRUP":"4","GRUP_CA":"Boscos","COD_TIPUS":"42","TIPUS_CA":"Boscos aciculifolis","COD_SUBTIP":"42.6","SUBTIP_CA":"Boscos de pinassa","COD_CORINE":"42.67","CORINE_CA":"Pinedes de pinassa (Pinus nigra subsp. salzmannii), o repoblacions, sense sotabosc forestal","COD_HIC":"-","HIC_CA":null,"HIC_PRIOR":null,"COD_EUNIS":"G3.57","EUNIS_EN":"Pinus nigra reforestation","C_EUNIS_ES":"G3.57","EUNIS_ES":"[Pinus nigra] reforestation","COD_LPEHT":"42.67","LPEHT_ES":"Repoblaciones de Pinus nigra subsp. salzmannii en el entorno de su área natural","REL_EUN_LP":"L’hàbitat LPEHT es correspon totalment amb l’hàbitat EUNIS","AMENACA":1,"VGI":1,"EXCENTRICI":2,"SUP_ESTIM":4000,"PERCEN_PNT":null}},{"type":"Feature","id":"HABITATS_TERRESTPNT.261933","geometry":{"type":"MultiPoint","coordinates":[[365171.7883,4675126.3317]]},"geometry_name":"GEOMETRIA","properties":{"ID":261933,"COD_GRUP":"3","GRUP_CA":"Vegetació arbustiva i herbàcia","COD_TIPUS":"34","TIPUS_CA":"Prats (i altres formacions herbàcies) basòfils, secs, de terra baixa i de la muntanya mitjana","COD_SUBTIP":"34.3","SUBTIP_CA":"Prats medioeuropeus (o mediterranis) dominats per herbes perennes","COD_CORINE":"34.36","CORINE_CA":"Fenassars (prats de Brachypodium phoenicoides), amb Euphorbia serrata, Galium lucidum (espunyidella blanca)..., xeromesòfils, de sòls profunds de terra baixa i de la baixa muntanya mediterrània","COD_HIC":"-","HIC_CA":null,"HIC_PRIOR":null,"COD_EUNIS":"E1.2A","EUNIS_EN":"Brachypodium phoenicoides swards","C_EUNIS_ES":"E1.2A","EUNIS_ES":"[Brachypodium phoenicoides] swards","COD_LPEHT":"34.36","LPEHT_ES":"Herbazales vivaces altos, xerófilos, de suelos eutróficos, con Brachypodium phoenicoides, Elymus repens, Euphorbia serrata, Centaurea aspera, Scabiosa atropurpurea, etc.","REL_EUN_LP":"L’hàbitat LPEHT es correspon totalment amb l’hàbitat EUNIS","AMENACA":1,"VGI":4,"EXCENTRICI":3,"SUP_ESTIM":3800,"PERCEN_PNT":null}},{"type":"Feature","id":"HABITATS_TERRESTPNT.260781","geometry":{"type":"MultiPoint","coordinates":[[365467.8196,4674928.1521]]},"geometry_name":"GEOMETRIA","properties":{"ID":260781,"COD_GRUP":"6","GRUP_CA":"Roques, tarteres, glaceres, coves","COD_TIPUS":"62","TIPUS_CA":"Roques no litorals","COD_SUBTIP":"62.1","SUBTIP_CA":"Cingles i penyals calcaris","COD_CORINE":"62.1111","CORINE_CA":"Roques calcàries amb vegetació casmofítica, termòfila, de les contrades mediterrànies","COD_HIC":"8210","HIC_CA":"Costers rocosos calcaris amb vegetació rupícola","HIC_PRIOR":"No","COD_EUNIS":"H2.2111.ES","EUNIS_EN":"-","C_EUNIS_ES":"H3.2111.ES","EUNIS_ES":"Roquedos calcáreos y dolomíticos iberomediterráneos","COD_LPEHT":"62.1111","LPEHT_ES":"Roquedos calcáreos y dolomíticos iberomediterráneos","REL_EUN_LP":"L’hàbitat LPEHT es correspon totalment amb l’hàbitat EUNIS","AMENACA":1,"VGI":5,"EXCENTRICI":2,"SUP_ESTIM":400,"PERCEN_PNT":null}},{"type":"Feature","id":"HABITATS_TERRESTPNT.261735","geometry":{"type":"MultiPoint","coordinates":[[365851.4416,4675579.584]]},"geometry_name":"GEOMETRIA","properties":{"ID":261735,"COD_GRUP":"6","GRUP_CA":"Roques, tarteres, glaceres, coves","COD_TIPUS":"62","TIPUS_CA":"Roques no litorals","COD_SUBTIP":"62.1","SUBTIP_CA":"Cingles i penyals calcaris","COD_CORINE":"62.151","CORINE_CA":"Roques calcàries, amb Potentilla caulescens, Saxifraga longifolia, Asplenium fontanum..., de l'estatge montà i de les muntanyes mediterrànies","COD_HIC":"8210","HIC_CA":"Costers rocosos calcaris amb vegetació rupícola","HIC_PRIOR":"No","COD_EUNIS":"H3.251","EUNIS_EN":"Alpine calcareous cliff heliophile communities","C_EUNIS_ES":"H3.251","EUNIS_ES":"Alpine calcareous cliff heliophile communities","COD_LPEHT":"62.151","LPEHT_ES":"Rocas calcáreas con Potentilla caulescens, Saxifraga longifolia, Ramonda myconi, Asplenium fontanum, etc., del prepirineo y de las montañas catalanas","REL_EUN_LP":"L’hàbitat LPEHT es correspon totalment amb l’hàbitat EUNIS","AMENACA":1,"VGI":6,"EXCENTRICI":2,"SUP_ESTIM":900,"PERCEN_PNT":null}},{"type":"Feature","id":"HABITATS_TERRESTPNT.261757","geometry":{"type":"MultiPoint","coordinates":[[365891.1802,4675378.7686]]},"geometry_name":"GEOMETRIA","properties":{"ID":261757,"COD_GRUP":"3","GRUP_CA":"Vegetació arbustiva i herbàcia","COD_TIPUS":"31","TIPUS_CA":"Bosquines i matollars de muntanya i d'ambients frescals de terra baixa","COD_SUBTIP":"31.7","SUBTIP_CA":"Matollars xeroacàntics","COD_CORINE":"31.744","CORINE_CA":"Matollars xeroacàntics d'eriçó (Erinacea anthyllis), calcícoles, de carenes i vessants ventosos, amb sòl esquelètic, dels Prepirineus i de les muntanyes catalanídiques centrals i meridionals","COD_HIC":"4090","HIC_CA":"Matollars xeroacàntics endèmics oromediterranis","HIC_PRIOR":"No","COD_EUNIS":"F7.444","EUNIS_EN":"Catalano-Valencian Erinacea hedgehog-heaths","C_EUNIS_ES":"F7.444","EUNIS_ES":"Catalano-Valencian [Erinacea] hedgehog-heaths","COD_LPEHT":"31.744","LPEHT_ES":"Matorrales de Erinacea anthyllis con Anthyllis montana, sobre suelos esqueléticos y crestas venteadas, de las montañas nororientales ibéricas","REL_EUN_LP":"L’hàbitat LPEHT es correspon totalment amb l’hàbitat EUNIS","AMENACA":2,"VGI":7,"EXCENTRICI":2,"SUP_ESTIM":90,"PERCEN_PNT":null}},{"type":"Feature","id":"HABITATS_TERRESTPNT.261956","geometry":{"type":"MultiPoint","coordinates":[[366014.1455,4675352.9056]]},"geometry_name":"GEOMETRIA","properties":{"ID":261956,"COD_GRUP":"4","GRUP_CA":"Boscos","COD_TIPUS":"42","TIPUS_CA":"Boscos aciculifolis","COD_SUBTIP":"42.B+","SUBTIP_CA":"Boscos mixtos de coníferes","COD_CORINE":"42.B3+","CORINE_CA":"Boscos mixtos de pi roig (Pinus sylvestris) i pinassa (Pinus nigra subsp. salzmannii)","COD_HIC":"-","HIC_CA":null,"HIC_PRIOR":null,"COD_EUNIS":"G3.G3.ES","EUNIS_EN":"-","C_EUNIS_ES":"G3.G3.ES","EUNIS_ES":"Pinares mixtos de pino albar (Pinus sylvestris) y pino negral (Pinus nigra subsp. salzmannii)","COD_LPEHT":"42.G3","LPEHT_ES":"Pinares mixtos de pino albar (Pinus sylvestris) y pino negral (Pinus nigra subsp. salzmannii)","REL_EUN_LP":"L’hàbitat LPEHT es correspon totalment amb l’hàbitat EUNIS","AMENACA":1,"VGI":3,"EXCENTRICI":2,"SUP_ESTIM":5000,"PERCEN_PNT":null}},{"type":"Feature","id":"HABITATS_TERRESTPNT.261955","geometry":{"type":"MultiPoint","coordinates":[[366045.8295,4675352.5748]]},"geometry_name":"GEOMETRIA","properties":{"ID":261955,"COD_GRUP":"3","GRUP_CA":"Vegetació arbustiva i herbàcia","COD_TIPUS":"34","TIPUS_CA":"Prats (i altres formacions herbàcies) basòfils, secs, de terra baixa i de la muntanya mitjana","COD_SUBTIP":"34.7","SUBTIP_CA":"Prats submediterranis","COD_CORINE":"34.721","CORINE_CA":"Joncedes (prats, sovint emmatats, d'Aphyllanthes monspeliensis), calcícoles, de les contrades mediterrànies i de la muntanya mitjana poc plujosa","COD_HIC":"-","HIC_CA":null,"HIC_PRIOR":null,"COD_EUNIS":"E1.52","EUNIS_EN":"Aphyllanthes grassland and supra-Mediterranean steppes","C_EUNIS_ES":"E1.52","EUNIS_ES":"[Aphyllanthes] grassland and supra-Mediterranean steppes","COD_LPEHT":"34.721","LPEHT_ES":"Pastos y matorrales dominados por Aphyllanthes monspeliensis, calcícolas, con Catananche caerulea, Linum narbonense, L. suffruticosum s.l., Lavandula latifolia","REL_EUN_LP":"L’hàbitat LPEHT es correspon només parcialment amb l’hàbitat EUNIS","AMENACA":1,"VGI":5,"EXCENTRICI":2,"SUP_ESTIM":600,"PERCEN_PNT":null}},{"type":"Feature","id":"HABITATS_TERRESTPNT.261758","geometry":{"type":"MultiPoint","coordinates":[[366051.7826,4675416.075]]},"geometry_name":"GEOMETRIA","properties":{"ID":261758,"COD_GRUP":"3","GRUP_CA":"Vegetació arbustiva i herbàcia","COD_TIPUS":"31","TIPUS_CA":"Bosquines i matollars de muntanya i d'ambients frescals de terra baixa","COD_SUBTIP":"31.7","SUBTIP_CA":"Matollars xeroacàntics","COD_CORINE":"31.744","CORINE_CA":"Matollars xeroacàntics d'eriçó (Erinacea anthyllis), calcícoles, de carenes i vessants ventosos, amb sòl esquelètic, dels Prepirineus i de les muntanyes catalanídiques centrals i meridionals","COD_HIC":"4090","HIC_CA":"Matollars xeroacàntics endèmics oromediterranis","HIC_PRIOR":"No","COD_EUNIS":"F7.444","EUNIS_EN":"Catalano-Valencian Erinacea hedgehog-heaths","C_EUNIS_ES":"F7.444","EUNIS_ES":"Catalano-Valencian [Erinacea] hedgehog-heaths","COD_LPEHT":"31.744","LPEHT_ES":"Matorrales de Erinacea anthyllis con Anthyllis montana, sobre suelos esqueléticos y crestas venteadas, de las montañas nororientales ibéricas","REL_EUN_LP":"L’hàbitat LPEHT es correspon totalment amb l’hàbitat EUNIS","AMENACA":2,"VGI":7,"EXCENTRICI":2,"SUP_ESTIM":140,"PERCEN_PNT":null}},{"type":"Feature","id":"HABITATS_TERRESTPNT.261278","geometry":{"type":"MultiPoint","coordinates":[[366316.3231,4674163.8728]]},"geometry_name":"GEOMETRIA","properties":{"ID":261278,"COD_GRUP":"6","GRUP_CA":"Roques, tarteres, glaceres, coves","COD_TIPUS":"62","TIPUS_CA":"Roques no litorals","COD_SUBTIP":"62.1","SUBTIP_CA":"Cingles i penyals calcaris","COD_CORINE":"62.1111","CORINE_CA":"Roques calcàries amb vegetació casmofítica, termòfila, de les contrades mediterrànies","COD_HIC":"8210","HIC_CA":"Costers rocosos calcaris amb vegetació rupícola","HIC_PRIOR":"No","COD_EUNIS":"H2.2111.ES","EUNIS_EN":"-","C_EUNIS_ES":"H3.2111.ES","EUNIS_ES":"Roquedos calcáreos y dolomíticos iberomediterráneos","COD_LPEHT":"62.1111","LPEHT_ES":"Roquedos calcáreos y dolomíticos iberomediterráneos","REL_EUN_LP":"L’hàbitat LPEHT es correspon totalment amb l’hàbitat EUNIS","AMENACA":1,"VGI":5,"EXCENTRICI":2,"SUP_ESTIM":400,"PERCEN_PNT":null}},{"type":"Feature","id":"HABITATS_TERRESTPNT.261734","geometry":{"type":"MultiPoint","coordinates":[[366350.144,4675816.1382]]},"geometry_name":"GEOMETRIA","properties":{"ID":261734,"COD_GRUP":"6","GRUP_CA":"Roques, tarteres, glaceres, coves","COD_TIPUS":"62","TIPUS_CA":"Roques no litorals","COD_SUBTIP":"62.1","SUBTIP_CA":"Cingles i penyals calcaris","COD_CORINE":"62.151","CORINE_CA":"Roques calcàries, amb Potentilla caulescens, Saxifraga longifolia, Asplenium fontanum..., de l'estatge montà i de les muntanyes mediterrànies","COD_HIC":"8210","HIC_CA":"Costers rocosos calcaris amb vegetació rupícola","HIC_PRIOR":"No","COD_EUNIS":"H3.251","EUNIS_EN":"Alpine calcareous cliff heliophile communities","C_EUNIS_ES":"H3.251","EUNIS_ES":"Alpine calcareous cliff heliophile communities","COD_LPEHT":"62.151","LPEHT_ES":"Rocas calcáreas con Potentilla caulescens, Saxifraga longifolia, Ramonda myconi, Asplenium fontanum, etc., del prepirineo y de las montañas catalanas","REL_EUN_LP":"L’hàbitat LPEHT es correspon totalment amb l’hàbitat EUNIS","AMENACA":1,"VGI":6,"EXCENTRICI":2,"SUP_ESTIM":1100,"PERCEN_PNT":null}},{"type":"Feature","id":"HABITATS_TERRESTPNT.260726","geometry":{"type":"MultiPoint","coordinates":[[366465.4743,4674051.0284]]},"geometry_name":"GEOMETRIA","properties":{"ID":260726,"COD_GRUP":"6","GRUP_CA":"Roques, tarteres, glaceres, coves","COD_TIPUS":"62","TIPUS_CA":"Roques no litorals","COD_SUBTIP":"62.1","SUBTIP_CA":"Cingles i penyals calcaris","COD_CORINE":"62.1111","CORINE_CA":"Roques calcàries amb vegetació casmofítica, termòfila, de les contrades mediterrànies","COD_HIC":"8210","HIC_CA":"Costers rocosos calcaris amb vegetació rupícola","HIC_PRIOR":"No","COD_EUNIS":"H2.2111.ES","EUNIS_EN":"-","C_EUNIS_ES":"H3.2111.ES","EUNIS_ES":"Roquedos calcáreos y dolomíticos iberomediterráneos","COD_LPEHT":"62.1111","LPEHT_ES":"Roquedos calcáreos y dolomíticos iberomediterráneos","REL_EUN_LP":"L’hàbitat LPEHT es correspon totalment amb l’hàbitat EUNIS","AMENACA":1,"VGI":5,"EXCENTRICI":2,"SUP_ESTIM":3400,"PERCEN_PNT":null}},{"type":"Feature","id":"HABITATS_TERRESTPNT.261330","geometry":{"type":"MultiPoint","coordinates":[[367037.5109,4674670.5872]]},"geometry_name":"GEOMETRIA","properties":{"ID":261330,"COD_GRUP":"3","GRUP_CA":"Vegetació arbustiva i herbàcia","COD_TIPUS":"37","TIPUS_CA":"Herbassars, jonqueres i prats humits","COD_SUBTIP":"37.3","SUBTIP_CA":"Jonqueres i herbassars humits oligotròfics, medioeuropeus","COD_CORINE":"37.311","CORINE_CA":"Herbassars graminoides amb alba roja (Molinia coerulea), higròfils i basòfils, de la muntanya mitjana","COD_HIC":"6410","HIC_CA":"Herbassars de Molinia coerulea en sòls calcaris torbosos o argil·lollimosos (Molinion caeruleae)","HIC_PRIOR":"No","COD_EUNIS":"E3.511","EUNIS_EN":"Calcicline purple moorgrass meadows","C_EUNIS_ES":"E3.5115.ES","EUNIS_ES":"Prados higrófilos y basófilos de Molinia caerulea del sur de Francia y de la mitad norte de la Península Ibérica","COD_LPEHT":"37.3115","LPEHT_ES":"Prados higrófilos y basófilos de Molinia caerulea del sur de Francia y de la mitad norte de la Península Ibérica","REL_EUN_LP":"L’hàbitat LPEHT es correspon totalment amb l’hàbitat EUNIS","AMENACA":1,"VGI":5,"EXCENTRICI":2,"SUP_ESTIM":25,"PERCEN_PNT":null}},{"type":"Feature","id":"HABITATS_TERRESTPNT.261957","geometry":{"type":"MultiPoint","coordinates":[[367064.6537,4674644.7248]]},"geometry_name":"GEOMETRIA","properties":{"ID":261957,"COD_GRUP":"3","GRUP_CA":"Vegetació arbustiva i herbàcia","COD_TIPUS":"31","TIPUS_CA":"Bosquines i matollars de muntanya i d'ambients frescals de terra baixa","COD_SUBTIP":"31.8","SUBTIP_CA":"Bosquines, matollars i herbassars generalment preforestals o postforestals","COD_CORINE":"31.8122","CORINE_CA":"Bardisses amb esbarzer (Rubus ulmifolius), aranyoner (Prunus spinosa), gavarreres (Rosa spp.)..., mesoxeròfiles, lligades a boscos més aviat secs, de la muntanya mitjana poc plujosa","COD_HIC":"-","HIC_CA":null,"HIC_PRIOR":null,"COD_EUNIS":"F3.1122","EUNIS_EN":"Sub-Mediterranean blackthorn-privet scrub","C_EUNIS_ES":"F3.1122","EUNIS_ES":"Sub-Mediterranean blackthorn-privet scrub","COD_LPEHT":"31.8122","LPEHT_ES":"Zarzales, espinares y orlas submediterráneas con Prunus mahaleb, Acer monspessulanum y otras especies xerotermófilas","REL_EUN_LP":"L’hàbitat LPEHT es correspon totalment amb l’hàbitat EUNIS","AMENACA":1,"VGI":3,"EXCENTRICI":2,"SUP_ESTIM":200,"PERCEN_PNT":null}},{"type":"Feature","id":"HABITATS_TERRESTPNT.261263","geometry":{"type":"MultiPoint","coordinates":[[367265.029,4674619.2987]]},"geometry_name":"GEOMETRIA","properties":{"ID":261263,"COD_GRUP":"6","GRUP_CA":"Roques, tarteres, glaceres, coves","COD_TIPUS":"62","TIPUS_CA":"Roques no litorals","COD_SUBTIP":"62.1","SUBTIP_CA":"Cingles i penyals calcaris","COD_CORINE":"62.1111","CORINE_CA":"Roques calcàries amb vegetació casmofítica, termòfila, de les contrades mediterrànies","COD_HIC":"8210","HIC_CA":"Costers rocosos calcaris amb vegetació rupícola","HIC_PRIOR":"No","COD_EUNIS":"H2.2111.ES","EUNIS_EN":"-","C_EUNIS_ES":"H3.2111.ES","EUNIS_ES":"Roquedos calcáreos y dolomíticos iberomediterráneos","COD_LPEHT":"62.1111","LPEHT_ES":"Roquedos calcáreos y dolomíticos iberomediterráneos","REL_EUN_LP":"L’hàbitat LPEHT es correspon totalment amb l’hàbitat EUNIS","AMENACA":1,"VGI":5,"EXCENTRICI":2,"SUP_ESTIM":9000,"PERCEN_PNT":null}},{"type":"Feature","id":"HABITATS_TERRESTPNT.261019","geometry":{"type":"MultiPoint","coordinates":[[367287.2907,4674562.5358]]},"geometry_name":"GEOMETRIA","properties":{"ID":261019,"COD_GRUP":"3","GRUP_CA":"Vegetació arbustiva i herbàcia","COD_TIPUS":"32","TIPUS_CA":"Bosquines i matollars mediterranis i submediterranis","COD_SUBTIP":"32.4","SUBTIP_CA":"Bosquines i matollars calcícoles mediterranis","COD_CORINE":"32.4811+","CORINE_CA":"Argelagars (matollars de Genista scorpius), calcícoles, de terra baixa i de la muntanya mitjana","COD_HIC":"-","HIC_CA":null,"HIC_PRIOR":null,"COD_EUNIS":"F6.1811.ES","EUNIS_EN":"-","C_EUNIS_ES":"F6.1811.ES","EUNIS_ES":"Matorrales de Genista scorpius","COD_LPEHT":"32.4811","LPEHT_ES":"Matorrales de Genista scorpius","REL_EUN_LP":"L’hàbitat LPEHT es correspon totalment amb l’hàbitat EUNIS","AMENACA":1,"VGI":3,"EXCENTRICI":2,"SUP_ESTIM":2600,"PERCEN_PNT":null}},{"type":"Feature","id":"HABITATS_TERRESTPNT.261254","geometry":{"type":"MultiPoint","coordinates":[[367516.0826,4674313.6338]]},"geometry_name":"GEOMETRIA","properties":{"ID":261254,"COD_GRUP":"6","GRUP_CA":"Roques, tarteres, glaceres, coves","COD_TIPUS":"62","TIPUS_CA":"Roques no litorals","COD_SUBTIP":"62.1","SUBTIP_CA":"Cingles i penyals calcaris","COD_CORINE":"62.151","CORINE_CA":"Roques calcàries, amb Potentilla caulescens, Saxifraga longifolia, Asplenium fontanum..., de l'estatge montà i de les muntanyes mediterrànies","COD_HIC":"8210","HIC_CA":"Costers rocosos calcaris amb vegetació rupícola","HIC_PRIOR":"No","COD_EUNIS":"H3.251","EUNIS_EN":"Alpine calcareous cliff heliophile communities","C_EUNIS_ES":"H3.251","EUNIS_ES":"Alpine calcareous cliff heliophile communities","COD_LPEHT":"62.151","LPEHT_ES":"Rocas calcáreas con Potentilla caulescens, Saxifraga longifolia, Ramonda myconi, Asplenium fontanum, etc., del prepirineo y de las montañas catalanas","REL_EUN_LP":"L’hàbitat LPEHT es correspon totalment amb l’hàbitat EUNIS","AMENACA":1,"VGI":6,"EXCENTRICI":2,"SUP_ESTIM":200,"PERCEN_PNT":null}},{"type":"Feature","id":"HABITATS_TERRESTPNT.261528","geometry":{"type":"MultiPoint","coordinates":[[367639.7906,4674509.1324]]},"geometry_name":"GEOMETRIA","properties":{"ID":261528,"COD_GRUP":"6","GRUP_CA":"Roques, tarteres, glaceres, coves","COD_TIPUS":"61","TIPUS_CA":"Tarteres","COD_SUBTIP":"61.5+","SUBTIP_CA":"Terrers (badlands)","COD_CORINE":"61.51+","CORINE_CA":"Terrers (badlands) calcaris, generalment margosos o bé guixencs, amb vegetació molt esparsa o quasi nus","COD_HIC":"-","HIC_CA":null,"HIC_PRIOR":null,"COD_EUNIS":"H2.6I1.ES","EUNIS_EN":"-","C_EUNIS_ES":"H2.6I1.ES","EUNIS_ES":"Terreros erosionados (cárcavas) calcáreos, margosos o yesíferos, con vegetación dispersa o casi desnudos","COD_LPEHT":"61.A1","LPEHT_ES":"Terreros erosionados (cárcavas) calcáreos, margosos o yesíferos, con vegetación dispersa o casi desnudos","REL_EUN_LP":"L’hàbitat LPEHT es correspon totalment amb l’hàbitat EUNIS","AMENACA":1,"VGI":3,"EXCENTRICI":2,"SUP_ESTIM":8000,"PERCEN_PNT":null}},{"type":"Feature","id":"HABITATS_TERRESTPNT.261766","geometry":{"type":"MultiPoint","coordinates":[[367719.8468,4673188.4372]]},"geometry_name":"GEOMETRIA","properties":{"ID":261766,"COD_GRUP":"3","GRUP_CA":"Vegetació arbustiva i herbàcia","COD_TIPUS":"32","TIPUS_CA":"Bosquines i matollars mediterranis i submediterranis","COD_SUBTIP":"32.1","SUBTIP_CA":"Màquies i altres bosquines altes","COD_CORINE":"32.1134+","CORINE_CA":"Màquies de carrasca (Quercus rotundifolia), calcícoles, de les contrades mediterrànies i de l'estatge submontà","COD_HIC":"9340","HIC_CA":"Alzinars i carrascars","HIC_PRIOR":"No","COD_EUNIS":"F5.1134.ES","EUNIS_EN":"-","C_EUNIS_ES":"F5.1134.ES","EUNIS_ES":"Maquias (macrofruticedas: 2-6m) de encina (Quercus ilex subsp. rotundifolia) calcícolas","COD_LPEHT":"32.1134","LPEHT_ES":"Maquias (macrofruticedas: 2-6m) de encina (Quercus ilex subsp. rotundifolia) calcícolas","REL_EUN_LP":"L’hàbitat LPEHT es correspon totalment amb l’hàbitat EUNIS","AMENACA":1,"VGI":2,"EXCENTRICI":2,"SUP_ESTIM":4600,"PERCEN_PNT":null}},{"type":"Feature","id":"HABITATS_TERRESTPNT.261772","geometry":{"type":"MultiPoint","coordinates":[[367816.8567,4673485.0506]]},"geometry_name":"GEOMETRIA","properties":{"ID":261772,"COD_GRUP":"3","GRUP_CA":"Vegetació arbustiva i herbàcia","COD_TIPUS":"31","TIPUS_CA":"Bosquines i matollars de muntanya i d'ambients frescals de terra baixa","COD_SUBTIP":"31.7","SUBTIP_CA":"Matollars xeroacàntics","COD_CORINE":"31.744","CORINE_CA":"Matollars xeroacàntics d'eriçó (Erinacea anthyllis), calcícoles, de carenes i vessants ventosos, amb sòl esquelètic, dels Prepirineus i de les muntanyes catalanídiques centrals i meridionals","COD_HIC":"4090","HIC_CA":"Matollars xeroacàntics endèmics oromediterranis","HIC_PRIOR":"No","COD_EUNIS":"F7.444","EUNIS_EN":"Catalano-Valencian Erinacea hedgehog-heaths","C_EUNIS_ES":"F7.444","EUNIS_ES":"Catalano-Valencian [Erinacea] hedgehog-heaths","COD_LPEHT":"31.744","LPEHT_ES":"Matorrales de Erinacea anthyllis con Anthyllis montana, sobre suelos esqueléticos y crestas venteadas, de las montañas nororientales ibéricas","REL_EUN_LP":"L’hàbitat LPEHT es correspon totalment amb l’hàbitat EUNIS","AMENACA":2,"VGI":7,"EXCENTRICI":2,"SUP_ESTIM":40,"PERCEN_PNT":null}},{"type":"Feature","id":"HABITATS_TERRESTPNT.261960","geometry":{"type":"MultiPoint","coordinates":[[367888.3867,4673544.0379]]},"geometry_name":"GEOMETRIA","properties":{"ID":261960,"COD_GRUP":"4","GRUP_CA":"Boscos","COD_TIPUS":"42","TIPUS_CA":"Boscos aciculifolis","COD_SUBTIP":"42.B+","SUBTIP_CA":"Boscos mixtos de coníferes","COD_CORINE":"42.B3+","CORINE_CA":"Boscos mixtos de pi roig (Pinus sylvestris) i pinassa (Pinus nigra subsp. salzmannii)","COD_HIC":"-","HIC_CA":null,"HIC_PRIOR":null,"COD_EUNIS":"G3.G3.ES","EUNIS_EN":"-","C_EUNIS_ES":"G3.G3.ES","EUNIS_ES":"Pinares mixtos de pino albar (Pinus sylvestris) y pino negral (Pinus nigra subsp. salzmannii)","COD_LPEHT":"42.G3","LPEHT_ES":"Pinares mixtos de pino albar (Pinus sylvestris) y pino negral (Pinus nigra subsp. salzmannii)","REL_EUN_LP":"L’hàbitat LPEHT es correspon totalment amb l’hàbitat EUNIS","AMENACA":1,"VGI":3,"EXCENTRICI":2,"SUP_ESTIM":5000,"PERCEN_PNT":null}},{"type":"Feature","id":"HABITATS_TERRESTPNT.261774","geometry":{"type":"MultiPoint","coordinates":[[367891.8662,4673208.9574]]},"geometry_name":"GEOMETRIA","properties":{"ID":261774,"COD_GRUP":"3","GRUP_CA":"Vegetació arbustiva i herbàcia","COD_TIPUS":"31","TIPUS_CA":"Bosquines i matollars de muntanya i d'ambients frescals de terra baixa","COD_SUBTIP":"31.7","SUBTIP_CA":"Matollars xeroacàntics","COD_CORINE":"31.744","CORINE_CA":"Matollars xeroacàntics d'eriçó (Erinacea anthyllis), calcícoles, de carenes i vessants ventosos, amb sòl esquelètic, dels Prepirineus i de les muntanyes catalanídiques centrals i meridionals","COD_HIC":"4090","HIC_CA":"Matollars xeroacàntics endèmics oromediterranis","HIC_PRIOR":"No","COD_EUNIS":"F7.444","EUNIS_EN":"Catalano-Valencian Erinacea hedgehog-heaths","C_EUNIS_ES":"F7.444","EUNIS_ES":"Catalano-Valencian [Erinacea] hedgehog-heaths","COD_LPEHT":"31.744","LPEHT_ES":"Matorrales de Erinacea anthyllis con Anthyllis montana, sobre suelos esqueléticos y crestas venteadas, de las montañas nororientales ibéricas","REL_EUN_LP":"L’hàbitat LPEHT es correspon totalment amb l’hàbitat EUNIS","AMENACA":2,"VGI":7,"EXCENTRICI":2,"SUP_ESTIM":120,"PERCEN_PNT":null}},{"type":"Feature","id":"HABITATS_TERRESTPNT.261773","geometry":{"type":"MultiPoint","coordinates":[[367893.586,4673425.5192]]},"geometry_name":"GEOMETRIA","properties":{"ID":261773,"COD_GRUP":"3","GRUP_CA":"Vegetació arbustiva i herbàcia","COD_TIPUS":"31","TIPUS_CA":"Bosquines i matollars de muntanya i d'ambients frescals de terra baixa","COD_SUBTIP":"31.7","SUBTIP_CA":"Matollars xeroacàntics","COD_CORINE":"31.744","CORINE_CA":"Matollars xeroacàntics d'eriçó (Erinacea anthyllis), calcícoles, de carenes i vessants ventosos, amb sòl esquelètic, dels Prepirineus i de les muntanyes catalanídiques centrals i meridionals","COD_HIC":"4090","HIC_CA":"Matollars xeroacàntics endèmics oromediterranis","HIC_PRIOR":"No","COD_EUNIS":"F7.444","EUNIS_EN":"Catalano-Valencian Erinacea hedgehog-heaths","C_EUNIS_ES":"F7.444","EUNIS_ES":"Catalano-Valencian [Erinacea] hedgehog-heaths","COD_LPEHT":"31.744","LPEHT_ES":"Matorrales de Erinacea anthyllis con Anthyllis montana, sobre suelos esqueléticos y crestas venteadas, de las montañas nororientales ibéricas","REL_EUN_LP":"L’hàbitat LPEHT es correspon totalment amb l’hàbitat EUNIS","AMENACA":2,"VGI":7,"EXCENTRICI":2,"SUP_ESTIM":80,"PERCEN_PNT":null}},{"type":"Feature","id":"HABITATS_TERRESTPNT.261961","geometry":{"type":"MultiPoint","coordinates":[[367954.4734,4673108.3493]]},"geometry_name":"GEOMETRIA","properties":{"ID":261961,"COD_GRUP":"3","GRUP_CA":"Vegetació arbustiva i herbàcia","COD_TIPUS":"32","TIPUS_CA":"Bosquines i matollars mediterranis i submediterranis","COD_SUBTIP":"32.4","SUBTIP_CA":"Bosquines i matollars calcícoles mediterranis","COD_CORINE":"32.4811+","CORINE_CA":"Argelagars (matollars de Genista scorpius), calcícoles, de terra baixa i de la muntanya mitjana","COD_HIC":"-","HIC_CA":null,"HIC_PRIOR":null,"COD_EUNIS":"F6.1811.ES","EUNIS_EN":"-","C_EUNIS_ES":"F6.1811.ES","EUNIS_ES":"Matorrales de Genista scorpius","COD_LPEHT":"32.4811","LPEHT_ES":"Matorrales de Genista scorpius","REL_EUN_LP":"L’hàbitat LPEHT es correspon totalment amb l’hàbitat EUNIS","AMENACA":1,"VGI":3,"EXCENTRICI":2,"SUP_ESTIM":40,"PERCEN_PNT":null}},{"type":"Feature","id":"HABITATS_TERRESTPNT.261775","geometry":{"type":"MultiPoint","coordinates":[[367956.0278,4673126.2749]]},"geometry_name":"GEOMETRIA","properties":{"ID":261775,"COD_GRUP":"3","GRUP_CA":"Vegetació arbustiva i herbàcia","COD_TIPUS":"31","TIPUS_CA":"Bosquines i matollars de muntanya i d'ambients frescals de terra baixa","COD_SUBTIP":"31.7","SUBTIP_CA":"Matollars xeroacàntics","COD_CORINE":"31.744","CORINE_CA":"Matollars xeroacàntics d'eriçó (Erinacea anthyllis), calcícoles, de carenes i vessants ventosos, amb sòl esquelètic, dels Prepirineus i de les muntanyes catalanídiques centrals i meridionals","COD_HIC":"4090","HIC_CA":"Matollars xeroacàntics endèmics oromediterranis","HIC_PRIOR":"No","COD_EUNIS":"F7.444","EUNIS_EN":"Catalano-Valencian Erinacea hedgehog-heaths","C_EUNIS_ES":"F7.444","EUNIS_ES":"Catalano-Valencian [Erinacea] hedgehog-heaths","COD_LPEHT":"31.744","LPEHT_ES":"Matorrales de Erinacea anthyllis con Anthyllis montana, sobre suelos esqueléticos y crestas venteadas, de las montañas nororientales ibéricas","REL_EUN_LP":"L’hàbitat LPEHT es correspon totalment amb l’hàbitat EUNIS","AMENACA":2,"VGI":7,"EXCENTRICI":2,"SUP_ESTIM":250,"PERCEN_PNT":null}},{"type":"Feature","id":"HABITATS_TERRESTPNT.261003","geometry":{"type":"MultiPoint","coordinates":[[367994.8272,4674207.1316]]},"geometry_name":"GEOMETRIA","properties":{"ID":261003,"COD_GRUP":"3","GRUP_CA":"Vegetació arbustiva i herbàcia","COD_TIPUS":"34","TIPUS_CA":"Prats (i altres formacions herbàcies) basòfils, secs, de terra baixa i de la muntanya mitjana","COD_SUBTIP":"34.7","SUBTIP_CA":"Prats submediterranis","COD_CORINE":"34.7133","CORINE_CA":"Prats, sovint emmatats, d'Ononis striata, Anthyllis montana, Globularia cordifolia (lluqueta)..., calcícoles i xeròfils, de la muntanya mitjana (i de l'estatge subalpí), sobretot als Prepirineus","COD_HIC":"-","HIC_CA":null,"HIC_PRIOR":null,"COD_EUNIS":"E1.5133.ES","EUNIS_EN":"-","C_EUNIS_ES":"E1.5133.ES","EUNIS_ES":"Pastizales franco-ibéricos con Anthyllis montana, Ononis striata, Koeleria vallesiana y Festuca spp.","COD_LPEHT":"34.7133","LPEHT_ES":"Pastizales franco-ibéricos con Anthyllis montana, Ononis striata, Koeleria vallesiana y Festuca spp.","REL_EUN_LP":"L’hàbitat LPEHT es correspon totalment amb l’hàbitat EUNIS","AMENACA":1,"VGI":6,"EXCENTRICI":2,"SUP_ESTIM":4000,"PERCEN_PNT":null}},{"type":"Feature","id":"HABITATS_TERRESTPNT.261958","geometry":{"type":"MultiPoint","coordinates":[[368065.4422,4675362.144]]},"geometry_name":"GEOMETRIA","properties":{"ID":261958,"COD_GRUP":"3","GRUP_CA":"Vegetació arbustiva i herbàcia","COD_TIPUS":"34","TIPUS_CA":"Prats (i altres formacions herbàcies) basòfils, secs, de terra baixa i de la muntanya mitjana","COD_SUBTIP":"34.3","SUBTIP_CA":"Prats medioeuropeus (o mediterranis) dominats per herbes perennes","COD_CORINE":"34.36","CORINE_CA":"Fenassars (prats de Brachypodium phoenicoides), amb Euphorbia serrata, Galium lucidum (espunyidella blanca)..., xeromesòfils, de sòls profunds de terra baixa i de la baixa muntanya mediterrània","COD_HIC":"-","HIC_CA":null,"HIC_PRIOR":null,"COD_EUNIS":"E1.2A","EUNIS_EN":"Brachypodium phoenicoides swards","C_EUNIS_ES":"E1.2A","EUNIS_ES":"[Brachypodium phoenicoides] swards","COD_LPEHT":"34.36","LPEHT_ES":"Herbazales vivaces altos, xerófilos, de suelos eutróficos, con Brachypodium phoenicoides, Elymus repens, Euphorbia serrata, Centaurea aspera, Scabiosa atropurpurea, etc.","REL_EUN_LP":"L’hàbitat LPEHT es correspon totalment amb l’hàbitat EUNIS","AMENACA":1,"VGI":4,"EXCENTRICI":3,"SUP_ESTIM":5000,"PERCEN_PNT":null}},{"type":"Feature","id":"HABITATS_TERRESTPNT.261746","geometry":{"type":"MultiPoint","coordinates":[[368152.2768,4673429.8973]]},"geometry_name":"GEOMETRIA","properties":{"ID":261746,"COD_GRUP":"3","GRUP_CA":"Vegetació arbustiva i herbàcia","COD_TIPUS":"34","TIPUS_CA":"Prats (i altres formacions herbàcies) basòfils, secs, de terra baixa i de la muntanya mitjana","COD_SUBTIP":"34.3","SUBTIP_CA":"Prats medioeuropeus (o mediterranis) dominats per herbes perennes","COD_CORINE":"34.32611+","CORINE_CA":"Prats calcícoles i mesòfils, amb Festuca nigrescens, Plantago media (plantatge), Galium verum (espunyidella groga), Cirsium acaule..., de la muntanya mitjana i de l'estatge subalpí dels Pirineus i de les terres properes","COD_HIC":"6210","HIC_CA":"Prats -i fàcies emmatades- medioeuropeus, seminaturals, sobre substrat calcari (Festuco-Brometea)","HIC_PRIOR":"No","COD_EUNIS":"E1.26611.ES","EUNIS_EN":"-","C_EUNIS_ES":"E1.26611.ES","EUNIS_ES":"Pastos calcícolas y mesófilos, con Festuca nigrescens, Plantago media, Galium verum, Cirsium acaule, etc.","COD_LPEHT":"34.32611","LPEHT_ES":"Pastos calcícolas y mesófilos, con Festuca nigrescens, Plantago media, Galium verum, Cirsium acaule, etc.","REL_EUN_LP":"L’hàbitat LPEHT es correspon totalment amb l’hàbitat EUNIS","AMENACA":1,"VGI":5,"EXCENTRICI":2,"SUP_ESTIM":9000,"PERCEN_PNT":null}},{"type":"Feature","id":"HABITATS_TERRESTPNT.261186","geometry":{"type":"MultiPoint","coordinates":[[368260.2857,4674117.5352]]},"geometry_name":"GEOMETRIA","properties":{"ID":261186,"COD_GRUP":"6","GRUP_CA":"Roques, tarteres, glaceres, coves","COD_TIPUS":"62","TIPUS_CA":"Roques no litorals","COD_SUBTIP":"62.1","SUBTIP_CA":"Cingles i penyals calcaris","COD_CORINE":"62.151","CORINE_CA":"Roques calcàries, amb Potentilla caulescens, Saxifraga longifolia, Asplenium fontanum..., de l'estatge montà i de les muntanyes mediterrànies","COD_HIC":"8210","HIC_CA":"Costers rocosos calcaris amb vegetació rupícola","HIC_PRIOR":"No","COD_EUNIS":"H3.251","EUNIS_EN":"Alpine calcareous cliff heliophile communities","C_EUNIS_ES":"H3.251","EUNIS_ES":"Alpine calcareous cliff heliophile communities","COD_LPEHT":"62.151","LPEHT_ES":"Rocas calcáreas con Potentilla caulescens, Saxifraga longifolia, Ramonda myconi, Asplenium fontanum, etc., del prepirineo y de las montañas catalanas","REL_EUN_LP":"L’hàbitat LPEHT es correspon totalment amb l’hàbitat EUNIS","AMENACA":1,"VGI":6,"EXCENTRICI":2,"SUP_ESTIM":400,"PERCEN_PNT":null}},{"type":"Feature","id":"HABITATS_TERRESTPNT.261023","geometry":{"type":"MultiPoint","coordinates":[[368368.0242,4675015.7578]]},"geometry_name":"GEOMETRIA","properties":{"ID":261023,"COD_GRUP":"3","GRUP_CA":"Vegetació arbustiva i herbàcia","COD_TIPUS":"34","TIPUS_CA":"Prats (i altres formacions herbàcies) basòfils, secs, de terra baixa i de la muntanya mitjana","COD_SUBTIP":"34.7","SUBTIP_CA":"Prats submediterranis","COD_CORINE":"34.7133","CORINE_CA":"Prats, sovint emmatats, d'Ononis striata, Anthyllis montana, Globularia cordifolia (lluqueta)..., calcícoles i xeròfils, de la muntanya mitjana (i de l'estatge subalpí), sobretot als Prepirineus","COD_HIC":"-","HIC_CA":null,"HIC_PRIOR":null,"COD_EUNIS":"E1.5133.ES","EUNIS_EN":"-","C_EUNIS_ES":"E1.5133.ES","EUNIS_ES":"Pastizales franco-ibéricos con Anthyllis montana, Ononis striata, Koeleria vallesiana y Festuca spp.","COD_LPEHT":"34.7133","LPEHT_ES":"Pastizales franco-ibéricos con Anthyllis montana, Ononis striata, Koeleria vallesiana y Festuca spp.","REL_EUN_LP":"L’hàbitat LPEHT es correspon totalment amb l’hàbitat EUNIS","AMENACA":1,"VGI":6,"EXCENTRICI":2,"SUP_ESTIM":1000,"PERCEN_PNT":null}},{"type":"Feature","id":"HABITATS_TERRESTPNT.261004","geometry":{"type":"MultiPoint","coordinates":[[368531.638,4674910.281]]},"geometry_name":"GEOMETRIA","properties":{"ID":261004,"COD_GRUP":"3","GRUP_CA":"Vegetació arbustiva i herbàcia","COD_TIPUS":"34","TIPUS_CA":"Prats (i altres formacions herbàcies) basòfils, secs, de terra baixa i de la muntanya mitjana","COD_SUBTIP":"34.7","SUBTIP_CA":"Prats submediterranis","COD_CORINE":"34.721","CORINE_CA":"Joncedes (prats, sovint emmatats, d'Aphyllanthes monspeliensis), calcícoles, de les contrades mediterrànies i de la muntanya mitjana poc plujosa","COD_HIC":"-","HIC_CA":null,"HIC_PRIOR":null,"COD_EUNIS":"E1.52","EUNIS_EN":"Aphyllanthes grassland and supra-Mediterranean steppes","C_EUNIS_ES":"E1.52","EUNIS_ES":"[Aphyllanthes] grassland and supra-Mediterranean steppes","COD_LPEHT":"34.721","LPEHT_ES":"Pastos y matorrales dominados por Aphyllanthes monspeliensis, calcícolas, con Catananche caerulea, Linum narbonense, L. suffruticosum s.l., Lavandula latifolia","REL_EUN_LP":"L’hàbitat LPEHT es correspon només parcialment amb l’hàbitat EUNIS","AMENACA":1,"VGI":5,"EXCENTRICI":2,"SUP_ESTIM":600,"PERCEN_PNT":null}},{"type":"Feature","id":"HABITATS_TERRESTPNT.261867","geometry":{"type":"MultiPoint","coordinates":[[368549.3792,4673183.6584]]},"geometry_name":"GEOMETRIA","properties":{"ID":261867,"COD_GRUP":"6","GRUP_CA":"Roques, tarteres, glaceres, coves","COD_TIPUS":"61","TIPUS_CA":"Tarteres","COD_SUBTIP":"61.3","SUBTIP_CA":"Altres tarteres","COD_CORINE":"61.311","CORINE_CA":"Pedrusques calcàries, amb Stipa calamagrostis, Rumex scutatus..., de l'estatge montà poc plujós","COD_HIC":"8130","HIC_CA":"Tarteres de l'Europa meridional amb vegetació poc o molt termòfila","HIC_PRIOR":"No","COD_EUNIS":"H2.611","EUNIS_EN":"Rough-grass screes","C_EUNIS_ES":"H2.611","EUNIS_ES":"Rough-grass screes","COD_LPEHT":"61.311","LPEHT_ES":"Pedregales calcáreos, con Stipa calamagrostis, Rumex scutatus, etc., montano-subalpinos","REL_EUN_LP":"L’hàbitat LPEHT es correspon totalment amb l’hàbitat EUNIS","AMENACA":1,"VGI":6,"EXCENTRICI":2,"SUP_ESTIM":1700,"PERCEN_PNT":null}},{"type":"Feature","id":"HABITATS_TERRESTPNT.261776","geometry":{"type":"MultiPoint","coordinates":[[368628.9858,4673407.0645]]},"geometry_name":"GEOMETRIA","properties":{"ID":261776,"COD_GRUP":"3","GRUP_CA":"Vegetació arbustiva i herbàcia","COD_TIPUS":"31","TIPUS_CA":"Bosquines i matollars de muntanya i d'ambients frescals de terra baixa","COD_SUBTIP":"31.7","SUBTIP_CA":"Matollars xeroacàntics","COD_CORINE":"31.744","CORINE_CA":"Matollars xeroacàntics d'eriçó (Erinacea anthyllis), calcícoles, de carenes i vessants ventosos, amb sòl esquelètic, dels Prepirineus i de les muntanyes catalanídiques centrals i meridionals","COD_HIC":"4090","HIC_CA":"Matollars xeroacàntics endèmics oromediterranis","HIC_PRIOR":"No","COD_EUNIS":"F7.444","EUNIS_EN":"Catalano-Valencian Erinacea hedgehog-heaths","C_EUNIS_ES":"F7.444","EUNIS_ES":"Catalano-Valencian [Erinacea] hedgehog-heaths","COD_LPEHT":"31.744","LPEHT_ES":"Matorrales de Erinacea anthyllis con Anthyllis montana, sobre suelos esqueléticos y crestas venteadas, de las montañas nororientales ibéricas","REL_EUN_LP":"L’hàbitat LPEHT es correspon totalment amb l’hàbitat EUNIS","AMENACA":2,"VGI":7,"EXCENTRICI":2,"SUP_ESTIM":60,"PERCEN_PNT":null}},{"type":"Feature","id":"HABITATS_TERRESTPNT.261962","geometry":{"type":"MultiPoint","coordinates":[[368655.9734,4673472.6813]]},"geometry_name":"GEOMETRIA","properties":{"ID":261962,"COD_GRUP":"3","GRUP_CA":"Vegetació arbustiva i herbàcia","COD_TIPUS":"32","TIPUS_CA":"Bosquines i matollars mediterranis i submediterranis","COD_SUBTIP":"32.4","SUBTIP_CA":"Bosquines i matollars calcícoles mediterranis","COD_CORINE":"32.4811+","CORINE_CA":"Argelagars (matollars de Genista scorpius), calcícoles, de terra baixa i de la muntanya mitjana","COD_HIC":"-","HIC_CA":null,"HIC_PRIOR":null,"COD_EUNIS":"F6.1811.ES","EUNIS_EN":"-","C_EUNIS_ES":"F6.1811.ES","EUNIS_ES":"Matorrales de Genista scorpius","COD_LPEHT":"32.4811","LPEHT_ES":"Matorrales de Genista scorpius","REL_EUN_LP":"L’hàbitat LPEHT es correspon totalment amb l’hàbitat EUNIS","AMENACA":1,"VGI":3,"EXCENTRICI":2,"SUP_ESTIM":800,"PERCEN_PNT":null}},{"type":"Feature","id":"HABITATS_TERRESTPNT.260733","geometry":{"type":"MultiPoint","coordinates":[[368707.9908,4675345.0742]]},"geometry_name":"GEOMETRIA","properties":{"ID":260733,"COD_GRUP":"6","GRUP_CA":"Roques, tarteres, glaceres, coves","COD_TIPUS":"62","TIPUS_CA":"Roques no litorals","COD_SUBTIP":"62.1","SUBTIP_CA":"Cingles i penyals calcaris","COD_CORINE":"62.151","CORINE_CA":"Roques calcàries, amb Potentilla caulescens, Saxifraga longifolia, Asplenium fontanum..., de l'estatge montà i de les muntanyes mediterrànies","COD_HIC":"8210","HIC_CA":"Costers rocosos calcaris amb vegetació rupícola","HIC_PRIOR":"No","COD_EUNIS":"H3.251","EUNIS_EN":"Alpine calcareous cliff heliophile communities","C_EUNIS_ES":"H3.251","EUNIS_ES":"Alpine calcareous cliff heliophile communities","COD_LPEHT":"62.151","LPEHT_ES":"Rocas calcáreas con Potentilla caulescens, Saxifraga longifolia, Ramonda myconi, Asplenium fontanum, etc., del prepirineo y de las montañas catalanas","REL_EUN_LP":"L’hàbitat LPEHT es correspon totalment amb l’hàbitat EUNIS","AMENACA":1,"VGI":6,"EXCENTRICI":2,"SUP_ESTIM":2900,"PERCEN_PNT":null}},{"type":"Feature","id":"HABITATS_TERRESTPNT.262895","geometry":{"type":"MultiPoint","coordinates":[[368839.222,4674710.3413]]},"geometry_name":"GEOMETRIA","properties":{"ID":262895,"COD_GRUP":"3","GRUP_CA":"Vegetació arbustiva i herbàcia","COD_TIPUS":"34","TIPUS_CA":"Prats (i altres formacions herbàcies) basòfils, secs, de terra baixa i de la muntanya mitjana","COD_SUBTIP":"34.7","SUBTIP_CA":"Prats submediterranis","COD_CORINE":"34.7133","CORINE_CA":"Prats, sovint emmatats, d'Ononis striata, Anthyllis montana, Globularia cordifolia (lluqueta)..., calcícoles i xeròfils, de la muntanya mitjana (i de l'estatge subalpí), sobretot als Prepirineus","COD_HIC":"-","HIC_CA":null,"HIC_PRIOR":null,"COD_EUNIS":"E1.5133.ES","EUNIS_EN":"-","C_EUNIS_ES":"E1.5133.ES","EUNIS_ES":"Pastizales franco-ibéricos con Anthyllis montana, Ononis striata, Koeleria vallesiana y Festuca spp.","COD_LPEHT":"34.7133","LPEHT_ES":"Pastizales franco-ibéricos con Anthyllis montana, Ononis striata, Koeleria vallesiana y Festuca spp.","REL_EUN_LP":"L’hàbitat LPEHT es correspon totalment amb l’hàbitat EUNIS","AMENACA":1,"VGI":6,"EXCENTRICI":2,"SUP_ESTIM":400,"PERCEN_PNT":null}},{"type":"Feature","id":"HABITATS_TERRESTPNT.262036","geometry":{"type":"MultiPoint","coordinates":[[368846.1761,4673407.6287]]},"geometry_name":"GEOMETRIA","properties":{"ID":262036,"COD_GRUP":"6","GRUP_CA":"Roques, tarteres, glaceres, coves","COD_TIPUS":"62","TIPUS_CA":"Roques no litorals","COD_SUBTIP":"62.3","SUBTIP_CA":"Terraprims i codines","COD_CORINE":"62.32+","CORINE_CA":"Codines amb caragoles (Erodium rupestre, E. glandulosum), Arenaria aggregata, Allium senescens…, en terrenys calcaris o conglomeràtics, a la muntanya mitjana poc plujosa i a les serres catalanídiques","COD_HIC":"-","HIC_CA":null,"HIC_PRIOR":null,"COD_EUNIS":"H3.5112.ES","EUNIS_EN":"-","C_EUNIS_ES":"H3.5112.ES","EUNIS_ES":"Pavimentos, lapiaces y losas calcáreas de los niveles superiores de las altas montañas eurosiberianas y mediterráneas","COD_LPEHT":"62.3112","LPEHT_ES":"Pavimentos, lapiaces y losas calcáreas de los niveles superiores de las altas montañas eurosiberianas y mediterráneas","REL_EUN_LP":"L’hàbitat LPEHT es correspon totalment amb l’hàbitat EUNIS","AMENACA":4,"VGI":6,"EXCENTRICI":2,"SUP_ESTIM":10,"PERCEN_PNT":null}},{"type":"Feature","id":"HABITATS_TERRESTPNT.260718","geometry":{"type":"MultiPoint","coordinates":[[368864.0754,4673650.9322]]},"geometry_name":"GEOMETRIA","properties":{"ID":260718,"COD_GRUP":"6","GRUP_CA":"Roques, tarteres, glaceres, coves","COD_TIPUS":"62","TIPUS_CA":"Roques no litorals","COD_SUBTIP":"62.1","SUBTIP_CA":"Cingles i penyals calcaris","COD_CORINE":"62.151","CORINE_CA":"Roques calcàries, amb Potentilla caulescens, Saxifraga longifolia, Asplenium fontanum..., de l'estatge montà i de les muntanyes mediterrànies","COD_HIC":"8210","HIC_CA":"Costers rocosos calcaris amb vegetació rupícola","HIC_PRIOR":"No","COD_EUNIS":"H3.251","EUNIS_EN":"Alpine calcareous cliff heliophile communities","C_EUNIS_ES":"H3.251","EUNIS_ES":"Alpine calcareous cliff heliophile communities","COD_LPEHT":"62.151","LPEHT_ES":"Rocas calcáreas con Potentilla caulescens, Saxifraga longifolia, Ramonda myconi, Asplenium fontanum, etc., del prepirineo y de las montañas catalanas","REL_EUN_LP":"L’hàbitat LPEHT es correspon totalment amb l’hàbitat EUNIS","AMENACA":1,"VGI":6,"EXCENTRICI":2,"SUP_ESTIM":1400,"PERCEN_PNT":null}},{"type":"Feature","id":"HABITATS_TERRESTPNT.260788","geometry":{"type":"MultiPoint","coordinates":[[368907.3597,4675963.7407]]},"geometry_name":"GEOMETRIA","properties":{"ID":260788,"COD_GRUP":"4","GRUP_CA":"Boscos","COD_TIPUS":"41","TIPUS_CA":"Boscos caducifolis, planifolis","COD_SUBTIP":"41.4","SUBTIP_CA":"Boscos mixtos de vessants rostos i d’engorjats","COD_CORINE":"41.44","CORINE_CA":"Boscos caducifolis mixtos, sovint amb tells (Tilia spp.), dels engorjats i dels vessants ombrívols, pirenaicocantàbrics","COD_HIC":"9180*","HIC_CA":"Boscos de vessants rostos, tarteres o barrancs, del Tilio-Acerion","HIC_PRIOR":"Si","COD_EUNIS":"G1.A44","EUNIS_EN":"Pyreneo-Cantabrian mixed Ulmus - Quercus forests","C_EUNIS_ES":"G1.A44","EUNIS_ES":"Pyreneo-Cantabrian mixed [Ulmus] - [Quercus] forests","COD_LPEHT":"41.44","LPEHT_ES":"Bosques mixtos con olmo montano (Ulmus glabra), robles (Quercus petraea, Q. robur), tilos (Tilia spp.), etc., pirenaico-cantábricos","REL_EUN_LP":"L’hàbitat LPEHT es correspon totalment amb l’hàbitat EUNIS","AMENACA":4,"VGI":6,"EXCENTRICI":2,"SUP_ESTIM":2000,"PERCEN_PNT":null}},{"type":"Feature","id":"HABITATS_TERRESTPNT.260778","geometry":{"type":"MultiPoint","coordinates":[[368984.9712,4675110.8834]]},"geometry_name":"GEOMETRIA","properties":{"ID":260778,"COD_GRUP":"6","GRUP_CA":"Roques, tarteres, glaceres, coves","COD_TIPUS":"62","TIPUS_CA":"Roques no litorals","COD_SUBTIP":"62.1","SUBTIP_CA":"Cingles i penyals calcaris","COD_CORINE":"62.151","CORINE_CA":"Roques calcàries, amb Potentilla caulescens, Saxifraga longifolia, Asplenium fontanum..., de l'estatge montà i de les muntanyes mediterrànies","COD_HIC":"8210","HIC_CA":"Costers rocosos calcaris amb vegetació rupícola","HIC_PRIOR":"No","COD_EUNIS":"H3.251","EUNIS_EN":"Alpine calcareous cliff heliophile communities","C_EUNIS_ES":"H3.251","EUNIS_ES":"Alpine calcareous cliff heliophile communities","COD_LPEHT":"62.151","LPEHT_ES":"Rocas calcáreas con Potentilla caulescens, Saxifraga longifolia, Ramonda myconi, Asplenium fontanum, etc., del prepirineo y de las montañas catalanas","REL_EUN_LP":"L’hàbitat LPEHT es correspon totalment amb l’hàbitat EUNIS","AMENACA":1,"VGI":6,"EXCENTRICI":2,"SUP_ESTIM":600,"PERCEN_PNT":null}},{"type":"Feature","id":"HABITATS_TERRESTPNT.261666","geometry":{"type":"MultiPoint","coordinates":[[369079.478,4675160.3851]]},"geometry_name":"GEOMETRIA","properties":{"ID":261666,"COD_GRUP":"6","GRUP_CA":"Roques, tarteres, glaceres, coves","COD_TIPUS":"65","TIPUS_CA":"Coves","COD_SUBTIP":"65.4","SUBTIP_CA":"Coves i avencs","COD_CORINE":"65.4","CORINE_CA":"Coves i avencs","COD_HIC":"8310","HIC_CA":"Coves no explotades pel turisme","HIC_PRIOR":"No","COD_EUNIS":"H1.23","EUNIS_EN":"Troglobiont invertebrate caves","C_EUNIS_ES":"H1.23","EUNIS_ES":"Troglobiont invertebrate caves","COD_LPEHT":"65.4","LPEHT_ES":"Cuevas con invertebrados troglobiontes","REL_EUN_LP":"L’hàbitat LPEHT es correspon totalment amb l’hàbitat EUNIS","AMENACA":1,"VGI":4,"EXCENTRICI":2,"SUP_ESTIM":1,"PERCEN_PNT":null}},{"type":"Feature","id":"HABITATS_TERRESTPNT.262035","geometry":{"type":"MultiPoint","coordinates":[[369147.1402,4675668.4978]]},"geometry_name":"GEOMETRIA","properties":{"ID":262035,"COD_GRUP":"3","GRUP_CA":"Vegetació arbustiva i herbàcia","COD_TIPUS":"31","TIPUS_CA":"Bosquines i matollars de muntanya i d'ambients frescals de terra baixa","COD_SUBTIP":"31.8","SUBTIP_CA":"Bosquines, matollars i herbassars generalment preforestals o postforestals","COD_CORINE":"31.893","CORINE_CA":"Bardisses amb coralet (Berberis vulgaris subsp. seroi), mesoxeròfiles, de les muntanyes catalanídiques centrals i meridionals","COD_HIC":"-","HIC_CA":null,"HIC_PRIOR":null,"COD_EUNIS":"F3.223","EUNIS_EN":"Central Iberian sub-Mediterranean deciduous thickets","C_EUNIS_ES":"F3.223","EUNIS_ES":"Central Iberian sub-Mediterranean deciduous thickets","COD_LPEHT":"31.893","LPEHT_ES":"Arbustedas caducifolias ibérico-continentales","REL_EUN_LP":"L’hàbitat LPEHT es correspon totalment amb l’hàbitat EUNIS","AMENACA":4,"VGI":8,"EXCENTRICI":3,"SUP_ESTIM":12,"PERCEN_PNT":null}},{"type":"Feature","id":"HABITATS_TERRESTPNT.261751","geometry":{"type":"MultiPoint","coordinates":[[369155.6706,4672600.7183]]},"geometry_name":"GEOMETRIA","properties":{"ID":261751,"COD_GRUP":"1","GRUP_CA":"Ambients litorals i salins","COD_TIPUS":"15","TIPUS_CA":"Matollars i formacions herbàcies de sòls salins o guixencs","COD_SUBTIP":"15.9","SUBTIP_CA":"Brolles i timonedes ibèriques de sòls guixencs","COD_CORINE":"15.921","CORINE_CA":"Brolles amb dominància de trincola (Gypsophila hispanica), de sòls guixencs, de les contrades interiors","COD_HIC":"1520*","HIC_CA":"Vegetació gipsícola ibèrica (Gypsophiletalia)","HIC_PRIOR":"Si","COD_EUNIS":"F6.721","EUNIS_EN":"Gypsophila hispanica garrigues","C_EUNIS_ES":"F6.721","EUNIS_ES":"[Gypsophila hispanica] garrigues","COD_LPEHT":"15.921","LPEHT_ES":"Matorrales abiertos ricos en Gypsophila hispanica","REL_EUN_LP":"L’hàbitat LPEHT es correspon totalment amb l’hàbitat EUNIS","AMENACA":3,"VGI":7,"EXCENTRICI":3,"SUP_ESTIM":80,"PERCEN_PNT":null}},{"type":"Feature","id":"HABITATS_TERRESTPNT.261364","geometry":{"type":"MultiPoint","coordinates":[[369185.2359,4673683.5433]]},"geometry_name":"GEOMETRIA","properties":{"ID":261364,"COD_GRUP":"6","GRUP_CA":"Roques, tarteres, glaceres, coves","COD_TIPUS":"62","TIPUS_CA":"Roques no litorals","COD_SUBTIP":"62.1","SUBTIP_CA":"Cingles i penyals calcaris","COD_CORINE":"62.151","CORINE_CA":"Roques calcàries, amb Potentilla caulescens, Saxifraga longifolia, Asplenium fontanum..., de l'estatge montà i de les muntanyes mediterrànies","COD_HIC":"8210","HIC_CA":"Costers rocosos calcaris amb vegetació rupícola","HIC_PRIOR":"No","COD_EUNIS":"H3.251","EUNIS_EN":"Alpine calcareous cliff heliophile communities","C_EUNIS_ES":"H3.251","EUNIS_ES":"Alpine calcareous cliff heliophile communities","COD_LPEHT":"62.151","LPEHT_ES":"Rocas calcáreas con Potentilla caulescens, Saxifraga longifolia, Ramonda myconi, Asplenium fontanum, etc., del prepirineo y de las montañas catalanas","REL_EUN_LP":"L’hàbitat LPEHT es correspon totalment amb l’hàbitat EUNIS","AMENACA":1,"VGI":6,"EXCENTRICI":2,"SUP_ESTIM":5200,"PERCEN_PNT":null}},{"type":"Feature","id":"HABITATS_TERRESTPNT.261331","geometry":{"type":"MultiPoint","coordinates":[[369271.1443,4675121.1229]]},"geometry_name":"GEOMETRIA","properties":{"ID":261331,"COD_GRUP":"6","GRUP_CA":"Roques, tarteres, glaceres, coves","COD_TIPUS":"62","TIPUS_CA":"Roques no litorals","COD_SUBTIP":"62.1","SUBTIP_CA":"Cingles i penyals calcaris","COD_CORINE":"62.151","CORINE_CA":"Roques calcàries, amb Potentilla caulescens, Saxifraga longifolia, Asplenium fontanum..., de l'estatge montà i de les muntanyes mediterrànies","COD_HIC":"8210","HIC_CA":"Costers rocosos calcaris amb vegetació rupícola","HIC_PRIOR":"No","COD_EUNIS":"H3.251","EUNIS_EN":"Alpine calcareous cliff heliophile communities","C_EUNIS_ES":"H3.251","EUNIS_ES":"Alpine calcareous cliff heliophile communities","COD_LPEHT":"62.151","LPEHT_ES":"Rocas calcáreas con Potentilla caulescens, Saxifraga longifolia, Ramonda myconi, Asplenium fontanum, etc., del prepirineo y de las montañas catalanas","REL_EUN_LP":"L’hàbitat LPEHT es correspon totalment amb l’hàbitat EUNIS","AMENACA":1,"VGI":6,"EXCENTRICI":2,"SUP_ESTIM":375,"PERCEN_PNT":null}},{"type":"Feature","id":"HABITATS_TERRESTPNT.261934","geometry":{"type":"MultiPoint","coordinates":[[369425.7669,4673209.2885]]},"geometry_name":"GEOMETRIA","properties":{"ID":261934,"COD_GRUP":"3","GRUP_CA":"Vegetació arbustiva i herbàcia","COD_TIPUS":"32","TIPUS_CA":"Bosquines i matollars mediterranis i submediterranis","COD_SUBTIP":"32.6","SUBTIP_CA":"Matollars submediterranis i mediterranis muntanyencs","COD_CORINE":"32.631+","CORINE_CA":"Timonedes o brolles baixes amb abundància de sàlvia (Salvia lavandulifolia), espernallac (Santolina chamaecyparissus) i altres mates xeròfiles, calcícoles, de les muntanyes poc plujoses (i de terra baixa)","COD_HIC":"-","HIC_CA":null,"HIC_PRIOR":null,"COD_EUNIS":"F6.631.ES","EUNIS_EN":"-","C_EUNIS_ES":"F6.631.ES","EUNIS_ES":"Matorrales bajos meso-supramediterráneos con Salvia lavandulifolia s.l., Lavandula latifolia, Thymus spp., Teucrium spp., Satureja montana, etc.","COD_LPEHT":"32.631","LPEHT_ES":"Matorrales bajos meso-supramediterráneos con Salvia lavandulifolia s.l., Lavandula latifolia, Thymus spp., Teucrium spp., Satureja montana, etc.","REL_EUN_LP":"L’hàbitat LPEHT es correspon totalment amb l’hàbitat EUNIS","AMENACA":1,"VGI":4,"EXCENTRICI":1,"SUP_ESTIM":200,"PERCEN_PNT":null}},{"type":"Feature","id":"HABITATS_TERRESTPNT.261963","geometry":{"type":"MultiPoint","coordinates":[[369511.2407,4672940.9449]]},"geometry_name":"GEOMETRIA","properties":{"ID":261963,"COD_GRUP":"3","GRUP_CA":"Vegetació arbustiva i herbàcia","COD_TIPUS":"32","TIPUS_CA":"Bosquines i matollars mediterranis i submediterranis","COD_SUBTIP":"32.4","SUBTIP_CA":"Bosquines i matollars calcícoles mediterranis","COD_CORINE":"32.4811+","CORINE_CA":"Argelagars (matollars de Genista scorpius), calcícoles, de terra baixa i de la muntanya mitjana","COD_HIC":"-","HIC_CA":null,"HIC_PRIOR":null,"COD_EUNIS":"F6.1811.ES","EUNIS_EN":"-","C_EUNIS_ES":"F6.1811.ES","EUNIS_ES":"Matorrales de Genista scorpius","COD_LPEHT":"32.4811","LPEHT_ES":"Matorrales de Genista scorpius","REL_EUN_LP":"L’hàbitat LPEHT es correspon totalment amb l’hàbitat EUNIS","AMENACA":1,"VGI":3,"EXCENTRICI":2,"SUP_ESTIM":800,"PERCEN_PNT":null}},{"type":"Feature","id":"HABITATS_TERRESTPNT.261850","geometry":{"type":"MultiPoint","coordinates":[[366663.8834,4672238.5451]]},"geometry_name":"GEOMETRIA","properties":{"ID":261850,"COD_GRUP":"3","GRUP_CA":"Vegetació arbustiva i herbàcia","COD_TIPUS":"32","TIPUS_CA":"Bosquines i matollars mediterranis i submediterranis","COD_SUBTIP":"32.1","SUBTIP_CA":"Màquies i altres bosquines altes","COD_CORINE":"32.1321","CORINE_CA":"Savinoses (màquies o garrigues amb abundància de Juniperus phoenicea subsp. phoenicea arborescent), calcícoles, de les contrades mediterrànies no litorals","COD_HIC":"5210","HIC_CA":"Màquies i garrigues amb Juniperus spp. arborescents, no dunars","HIC_PRIOR":"No","COD_EUNIS":"F5.1321","EUNIS_EN":"Juniperus phoenicea arborescent matorral","C_EUNIS_ES":"F5.1321","EUNIS_ES":"[Juniperus phoenicea] arborescent matorral","COD_LPEHT":"32.1321","LPEHT_ES":"Sabinares negrales de Juniperus phoenicea subsp. phoenicea sobre sustratos rocosos principalmente interiores","REL_EUN_LP":"L’hàbitat LPEHT es correspon totalment amb l’hàbitat EUNIS","AMENACA":1,"VGI":4,"EXCENTRICI":2,"SUP_ESTIM":200,"PERCEN_PNT":null}},{"type":"Feature","id":"HABITATS_TERRESTPNT.261853","geometry":{"type":"MultiPoint","coordinates":[[366917.2224,4672268.3108]]},"geometry_name":"GEOMETRIA","properties":{"ID":261853,"COD_GRUP":"4","GRUP_CA":"Boscos","COD_TIPUS":"45","TIPUS_CA":"Boscos esclerofil·les i laurifolis","COD_SUBTIP":"45.3","SUBTIP_CA":"Alzinars i carrascars","COD_CORINE":"45.3417+","CORINE_CA":"Carrascars amb pins (Pinus spp.)","COD_HIC":"9340","HIC_CA":"Alzinars i carrascars","HIC_PRIOR":"No","COD_EUNIS":"G2.12417.ES","EUNIS_EN":"-","C_EUNIS_ES":"G4.E","EUNIS_ES":"Mixed mediterranean pine - evergreen oak woodland","COD_LPEHT":"45.3417","LPEHT_ES":"Encinares de Quercus rotundifolia con pinos (Pinus spp.)","REL_EUN_LP":"L’hàbitat LPEHT es correspon només parcialment amb l’hàbitat EUNIS","AMENACA":2,"VGI":3,"EXCENTRICI":3,"SUP_ESTIM":3000,"PERCEN_PNT":null}},{"type":"Feature","id":"HABITATS_TERRESTPNT.261852","geometry":{"type":"MultiPoint","coordinates":[[366953.6027,4672272.941]]},"geometry_name":"GEOMETRIA","properties":{"ID":261852,"COD_GRUP":"3","GRUP_CA":"Vegetació arbustiva i herbàcia","COD_TIPUS":"32","TIPUS_CA":"Bosquines i matollars mediterranis i submediterranis","COD_SUBTIP":"32.1","SUBTIP_CA":"Màquies i altres bosquines altes","COD_CORINE":"32.1321","CORINE_CA":"Savinoses (màquies o garrigues amb abundància de Juniperus phoenicea subsp. phoenicea arborescent), calcícoles, de les contrades mediterrànies no litorals","COD_HIC":"5210","HIC_CA":"Màquies i garrigues amb Juniperus spp. arborescents, no dunars","HIC_PRIOR":"No","COD_EUNIS":"F5.1321","EUNIS_EN":"Juniperus phoenicea arborescent matorral","C_EUNIS_ES":"F5.1321","EUNIS_ES":"[Juniperus phoenicea] arborescent matorral","COD_LPEHT":"32.1321","LPEHT_ES":"Sabinares negrales de Juniperus phoenicea subsp. phoenicea sobre sustratos rocosos principalmente interiores","REL_EUN_LP":"L’hàbitat LPEHT es correspon totalment amb l’hàbitat EUNIS","AMENACA":1,"VGI":4,"EXCENTRICI":2,"SUP_ESTIM":180,"PERCEN_PNT":null}},{"type":"Feature","id":"HABITATS_TERRESTPNT.261848","geometry":{"type":"MultiPoint","coordinates":[[367126.2437,4672335.1183]]},"geometry_name":"GEOMETRIA","properties":{"ID":261848,"COD_GRUP":"3","GRUP_CA":"Vegetació arbustiva i herbàcia","COD_TIPUS":"32","TIPUS_CA":"Bosquines i matollars mediterranis i submediterranis","COD_SUBTIP":"32.1","SUBTIP_CA":"Màquies i altres bosquines altes","COD_CORINE":"32.1321","CORINE_CA":"Savinoses (màquies o garrigues amb abundància de Juniperus phoenicea subsp. phoenicea arborescent), calcícoles, de les contrades mediterrànies no litorals","COD_HIC":"5210","HIC_CA":"Màquies i garrigues amb Juniperus spp. arborescents, no dunars","HIC_PRIOR":"No","COD_EUNIS":"F5.1321","EUNIS_EN":"Juniperus phoenicea arborescent matorral","C_EUNIS_ES":"F5.1321","EUNIS_ES":"[Juniperus phoenicea] arborescent matorral","COD_LPEHT":"32.1321","LPEHT_ES":"Sabinares negrales de Juniperus phoenicea subsp. phoenicea sobre sustratos rocosos principalmente interiores","REL_EUN_LP":"L’hàbitat LPEHT es correspon totalment amb l’hàbitat EUNIS","AMENACA":1,"VGI":4,"EXCENTRICI":2,"SUP_ESTIM":200,"PERCEN_PNT":null}},{"type":"Feature","id":"HABITATS_TERRESTPNT.261849","geometry":{"type":"MultiPoint","coordinates":[[367397.4421,4672354.3006]]},"geometry_name":"GEOMETRIA","properties":{"ID":261849,"COD_GRUP":"3","GRUP_CA":"Vegetació arbustiva i herbàcia","COD_TIPUS":"32","TIPUS_CA":"Bosquines i matollars mediterranis i submediterranis","COD_SUBTIP":"32.1","SUBTIP_CA":"Màquies i altres bosquines altes","COD_CORINE":"32.1321","CORINE_CA":"Savinoses (màquies o garrigues amb abundància de Juniperus phoenicea subsp. phoenicea arborescent), calcícoles, de les contrades mediterrànies no litorals","COD_HIC":"5210","HIC_CA":"Màquies i garrigues amb Juniperus spp. arborescents, no dunars","HIC_PRIOR":"No","COD_EUNIS":"F5.1321","EUNIS_EN":"Juniperus phoenicea arborescent matorral","C_EUNIS_ES":"F5.1321","EUNIS_ES":"[Juniperus phoenicea] arborescent matorral","COD_LPEHT":"32.1321","LPEHT_ES":"Sabinares negrales de Juniperus phoenicea subsp. phoenicea sobre sustratos rocosos principalmente interiores","REL_EUN_LP":"L’hàbitat LPEHT es correspon totalment amb l’hàbitat EUNIS","AMENACA":1,"VGI":4,"EXCENTRICI":2,"SUP_ESTIM":200,"PERCEN_PNT":null}},{"type":"Feature","id":"HABITATS_TERRESTPNT.261819","geometry":{"type":"MultiPoint","coordinates":[[366847.4038,4672392.3627]]},"geometry_name":"GEOMETRIA","properties":{"ID":261819,"COD_GRUP":"6","GRUP_CA":"Roques, tarteres, glaceres, coves","COD_TIPUS":"62","TIPUS_CA":"Roques no litorals","COD_SUBTIP":"62.1","SUBTIP_CA":"Cingles i penyals calcaris","COD_CORINE":"62.1111","CORINE_CA":"Roques calcàries amb vegetació casmofítica, termòfila, de les contrades mediterrànies","COD_HIC":"8210","HIC_CA":"Costers rocosos calcaris amb vegetació rupícola","HIC_PRIOR":"No","COD_EUNIS":"H2.2111.ES","EUNIS_EN":"-","C_EUNIS_ES":"H3.2111.ES","EUNIS_ES":"Roquedos calcáreos y dolomíticos iberomediterráneos","COD_LPEHT":"62.1111","LPEHT_ES":"Roquedos calcáreos y dolomíticos iberomediterráneos","REL_EUN_LP":"L’hàbitat LPEHT es correspon totalment amb l’hàbitat EUNIS","AMENACA":1,"VGI":5,"EXCENTRICI":2,"SUP_ESTIM":1500,"PERCEN_PNT":null}},{"type":"Feature","id":"HABITATS_TERRESTPNT.261854","geometry":{"type":"MultiPoint","coordinates":[[366694.1121,4672457.819]]},"geometry_name":"GEOMETRIA","properties":{"ID":261854,"COD_GRUP":"3","GRUP_CA":"Vegetació arbustiva i herbàcia","COD_TIPUS":"32","TIPUS_CA":"Bosquines i matollars mediterranis i submediterranis","COD_SUBTIP":"32.1","SUBTIP_CA":"Màquies i altres bosquines altes","COD_CORINE":"32.1321","CORINE_CA":"Savinoses (màquies o garrigues amb abundància de Juniperus phoenicea subsp. phoenicea arborescent), calcícoles, de les contrades mediterrànies no litorals","COD_HIC":"5210","HIC_CA":"Màquies i garrigues amb Juniperus spp. arborescents, no dunars","HIC_PRIOR":"No","COD_EUNIS":"F5.1321","EUNIS_EN":"Juniperus phoenicea arborescent matorral","C_EUNIS_ES":"F5.1321","EUNIS_ES":"[Juniperus phoenicea] arborescent matorral","COD_LPEHT":"32.1321","LPEHT_ES":"Sabinares negrales de Juniperus phoenicea subsp. phoenicea sobre sustratos rocosos principalmente interiores","REL_EUN_LP":"L’hàbitat LPEHT es correspon totalment amb l’hàbitat EUNIS","AMENACA":1,"VGI":4,"EXCENTRICI":2,"SUP_ESTIM":240,"PERCEN_PNT":null}},{"type":"Feature","id":"HABITATS_TERRESTPNT.262025","geometry":{"type":"MultiPoint","coordinates":[[366198.6788,4672530.5796]]},"geometry_name":"GEOMETRIA","properties":{"ID":262025,"COD_GRUP":"3","GRUP_CA":"Vegetació arbustiva i herbàcia","COD_TIPUS":"34","TIPUS_CA":"Prats (i altres formacions herbàcies) basòfils, secs, de terra baixa i de la muntanya mitjana","COD_SUBTIP":"34.7","SUBTIP_CA":"Prats submediterranis","COD_CORINE":"34.721","CORINE_CA":"Joncedes (prats, sovint emmatats, d'Aphyllanthes monspeliensis), calcícoles, de les contrades mediterrànies i de la muntanya mitjana poc plujosa","COD_HIC":"-","HIC_CA":null,"HIC_PRIOR":null,"COD_EUNIS":"E1.52","EUNIS_EN":"Aphyllanthes grassland and supra-Mediterranean steppes","C_EUNIS_ES":"E1.52","EUNIS_ES":"[Aphyllanthes] grassland and supra-Mediterranean steppes","COD_LPEHT":"34.721","LPEHT_ES":"Pastos y matorrales dominados por Aphyllanthes monspeliensis, calcícolas, con Catananche caerulea, Linum narbonense, L. suffruticosum s.l., Lavandula latifolia","REL_EUN_LP":"L’hàbitat LPEHT es correspon només parcialment amb l’hàbitat EUNIS","AMENACA":1,"VGI":5,"EXCENTRICI":2,"SUP_ESTIM":46,"PERCEN_PNT":null}},{"type":"Feature","id":"HABITATS_TERRESTPNT.262024","geometry":{"type":"MultiPoint","coordinates":[[366431.5126,4672531.9025]]},"geometry_name":"GEOMETRIA","properties":{"ID":262024,"COD_GRUP":"3","GRUP_CA":"Vegetació arbustiva i herbàcia","COD_TIPUS":"32","TIPUS_CA":"Bosquines i matollars mediterranis i submediterranis","COD_SUBTIP":"32.4","SUBTIP_CA":"Bosquines i matollars calcícoles mediterranis","COD_CORINE":"32.42","CORINE_CA":"Brolles dominades per romaní (Rosmarinus officinalis), calcícoles, de terra baixa","COD_HIC":"-","HIC_CA":null,"HIC_PRIOR":null,"COD_EUNIS":"F6.12","EUNIS_EN":"Western Rosmarinus officinalis garrigues","C_EUNIS_ES":"F6.12","EUNIS_ES":"Western [Rosmarinus officinalis] garrigues","COD_LPEHT":"32.42","LPEHT_ES":"Romerales calcícolas","REL_EUN_LP":"L’hàbitat LPEHT es correspon totalment amb l’hàbitat EUNIS","AMENACA":1,"VGI":4,"EXCENTRICI":2,"SUP_ESTIM":600,"PERCEN_PNT":null}},{"type":"Feature","id":"HABITATS_TERRESTPNT.261855","geometry":{"type":"MultiPoint","coordinates":[[365650.3288,4672570.9286]]},"geometry_name":"GEOMETRIA","properties":{"ID":261855,"COD_GRUP":"4","GRUP_CA":"Boscos","COD_TIPUS":"45","TIPUS_CA":"Boscos esclerofil·les i laurifolis","COD_SUBTIP":"45.3","SUBTIP_CA":"Alzinars i carrascars","COD_CORINE":"45.3417+","CORINE_CA":"Carrascars amb pins (Pinus spp.)","COD_HIC":"9340","HIC_CA":"Alzinars i carrascars","HIC_PRIOR":"No","COD_EUNIS":"G2.12417.ES","EUNIS_EN":"-","C_EUNIS_ES":"G4.E","EUNIS_ES":"Mixed mediterranean pine - evergreen oak woodland","COD_LPEHT":"45.3417","LPEHT_ES":"Encinares de Quercus rotundifolia con pinos (Pinus spp.)","REL_EUN_LP":"L’hàbitat LPEHT es correspon només parcialment amb l’hàbitat EUNIS","AMENACA":2,"VGI":3,"EXCENTRICI":3,"SUP_ESTIM":5600,"PERCEN_PNT":null}},{"type":"Feature","id":"HABITATS_TERRESTPNT.261013","geometry":{"type":"MultiPoint","coordinates":[[366785.9448,4672618.2282]]},"geometry_name":"GEOMETRIA","properties":{"ID":261013,"COD_GRUP":"3","GRUP_CA":"Vegetació arbustiva i herbàcia","COD_TIPUS":"34","TIPUS_CA":"Prats (i altres formacions herbàcies) basòfils, secs, de terra baixa i de la muntanya mitjana","COD_SUBTIP":"34.7","SUBTIP_CA":"Prats submediterranis","COD_CORINE":"34.721","CORINE_CA":"Joncedes (prats, sovint emmatats, d'Aphyllanthes monspeliensis), calcícoles, de les contrades mediterrànies i de la muntanya mitjana poc plujosa","COD_HIC":"-","HIC_CA":null,"HIC_PRIOR":null,"COD_EUNIS":"E1.52","EUNIS_EN":"Aphyllanthes grassland and supra-Mediterranean steppes","C_EUNIS_ES":"E1.52","EUNIS_ES":"[Aphyllanthes] grassland and supra-Mediterranean steppes","COD_LPEHT":"34.721","LPEHT_ES":"Pastos y matorrales dominados por Aphyllanthes monspeliensis, calcícolas, con Catananche caerulea, Linum narbonense, L. suffruticosum s.l., Lavandula latifolia","REL_EUN_LP":"L’hàbitat LPEHT es correspon només parcialment amb l’hàbitat EUNIS","AMENACA":1,"VGI":5,"EXCENTRICI":2,"SUP_ESTIM":400,"PERCEN_PNT":null}},{"type":"Feature","id":"HABITATS_TERRESTPNT.260739","geometry":{"type":"MultiPoint","coordinates":[[365945.4025,4672973.2509]]},"geometry_name":"GEOMETRIA","properties":{"ID":260739,"COD_GRUP":"3","GRUP_CA":"Vegetació arbustiva i herbàcia","COD_TIPUS":"31","TIPUS_CA":"Bosquines i matollars de muntanya i d'ambients frescals de terra baixa","COD_SUBTIP":"31.8","SUBTIP_CA":"Bosquines, matollars i herbassars generalment preforestals o postforestals","COD_CORINE":"31.8123","CORINE_CA":"Matollars de corner (Amelanchier ovalis), boix (Buxus sempervirens), espina cervina (Rhamnus saxatilis)..., calcícoles, de costers rocosos, secs, de la muntanya mitjana","COD_HIC":"5110","HIC_CA":"Boixedes xerotermòfiles permanents, dels vessants rocosos","HIC_PRIOR":"No","COD_EUNIS":"F3.1123","EUNIS_EN":"Rock pear scrub","C_EUNIS_ES":"F3.1123","EUNIS_ES":"Rock pear scrub","COD_LPEHT":"31.8123","LPEHT_ES":"Orlas y bosquetes de guillomo (Amelanchier ovalis), en ocasiones con Cotoneaster spp.","REL_EUN_LP":"L’hàbitat LPEHT es correspon totalment amb l’hàbitat EUNIS","AMENACA":1,"VGI":4,"EXCENTRICI":2,"SUP_ESTIM":3000,"PERCEN_PNT":null}},{"type":"Feature","id":"HABITATS_TERRESTPNT.260830","geometry":{"type":"MultiPoint","coordinates":[[366097.3847,4672991.0693]]},"geometry_name":"GEOMETRIA","properties":{"ID":260830,"COD_GRUP":"6","GRUP_CA":"Roques, tarteres, glaceres, coves","COD_TIPUS":"62","TIPUS_CA":"Roques no litorals","COD_SUBTIP":"62.1","SUBTIP_CA":"Cingles i penyals calcaris","COD_CORINE":"62.151","CORINE_CA":"Roques calcàries, amb Potentilla caulescens, Saxifraga longifolia, Asplenium fontanum..., de l'estatge montà i de les muntanyes mediterrànies","COD_HIC":"8210","HIC_CA":"Costers rocosos calcaris amb vegetació rupícola","HIC_PRIOR":"No","COD_EUNIS":"H3.251","EUNIS_EN":"Alpine calcareous cliff heliophile communities","C_EUNIS_ES":"H3.251","EUNIS_ES":"Alpine calcareous cliff heliophile communities","COD_LPEHT":"62.151","LPEHT_ES":"Rocas calcáreas con Potentilla caulescens, Saxifraga longifolia, Ramonda myconi, Asplenium fontanum, etc., del prepirineo y de las montañas catalanas","REL_EUN_LP":"L’hàbitat LPEHT es correspon totalment amb l’hàbitat EUNIS","AMENACA":1,"VGI":6,"EXCENTRICI":2,"SUP_ESTIM":300,"PERCEN_PNT":null}},{"type":"Feature","id":"HABITATS_TERRESTPNT.261747","geometry":{"type":"MultiPoint","coordinates":[[367284.6396,4673175.9191]]},"geometry_name":"GEOMETRIA","properties":{"ID":261747,"COD_GRUP":"3","GRUP_CA":"Vegetació arbustiva i herbàcia","COD_TIPUS":"32","TIPUS_CA":"Bosquines i matollars mediterranis i submediterranis","COD_SUBTIP":"32.1","SUBTIP_CA":"Màquies i altres bosquines altes","COD_CORINE":"32.1134+","CORINE_CA":"Màquies de carrasca (Quercus rotundifolia), calcícoles, de les contrades mediterrànies i de l'estatge submontà","COD_HIC":"9340","HIC_CA":"Alzinars i carrascars","HIC_PRIOR":"No","COD_EUNIS":"F5.1134.ES","EUNIS_EN":"-","C_EUNIS_ES":"F5.1134.ES","EUNIS_ES":"Maquias (macrofruticedas: 2-6m) de encina (Quercus ilex subsp. rotundifolia) calcícolas","COD_LPEHT":"32.1134","LPEHT_ES":"Maquias (macrofruticedas: 2-6m) de encina (Quercus ilex subsp. rotundifolia) calcícolas","REL_EUN_LP":"L’hàbitat LPEHT es correspon totalment amb l’hàbitat EUNIS","AMENACA":1,"VGI":2,"EXCENTRICI":2,"SUP_ESTIM":11000,"PERCEN_PNT":null}},{"type":"Feature","id":"HABITATS_TERRESTPNT.261765","geometry":{"type":"MultiPoint","coordinates":[[367360.5419,4673288.4499]]},"geometry_name":"GEOMETRIA","properties":{"ID":261765,"COD_GRUP":"4","GRUP_CA":"Boscos","COD_TIPUS":"45","TIPUS_CA":"Boscos esclerofil·les i laurifolis","COD_SUBTIP":"45.3","SUBTIP_CA":"Alzinars i carrascars","COD_CORINE":"45.3417+","CORINE_CA":"Carrascars amb pins (Pinus spp.)","COD_HIC":"9340","HIC_CA":"Alzinars i carrascars","HIC_PRIOR":"No","COD_EUNIS":"G2.12417.ES","EUNIS_EN":"-","C_EUNIS_ES":"G4.E","EUNIS_ES":"Mixed mediterranean pine - evergreen oak woodland","COD_LPEHT":"45.3417","LPEHT_ES":"Encinares de Quercus rotundifolia con pinos (Pinus spp.)","REL_EUN_LP":"L’hàbitat LPEHT es correspon només parcialment amb l’hàbitat EUNIS","AMENACA":2,"VGI":3,"EXCENTRICI":3,"SUP_ESTIM":3200,"PERCEN_PNT":null}},{"type":"Feature","id":"HABITATS_TERRESTPNT.261764","geometry":{"type":"MultiPoint","coordinates":[[367422.0952,4673320.1347]]},"geometry_name":"GEOMETRIA","properties":{"ID":261764,"COD_GRUP":"3","GRUP_CA":"Vegetació arbustiva i herbàcia","COD_TIPUS":"31","TIPUS_CA":"Bosquines i matollars de muntanya i d'ambients frescals de terra baixa","COD_SUBTIP":"31.7","SUBTIP_CA":"Matollars xeroacàntics","COD_CORINE":"31.744","CORINE_CA":"Matollars xeroacàntics d'eriçó (Erinacea anthyllis), calcícoles, de carenes i vessants ventosos, amb sòl esquelètic, dels Prepirineus i de les muntanyes catalanídiques centrals i meridionals","COD_HIC":"4090","HIC_CA":"Matollars xeroacàntics endèmics oromediterranis","HIC_PRIOR":"No","COD_EUNIS":"F7.444","EUNIS_EN":"Catalano-Valencian Erinacea hedgehog-heaths","C_EUNIS_ES":"F7.444","EUNIS_ES":"Catalano-Valencian [Erinacea] hedgehog-heaths","COD_LPEHT":"31.744","LPEHT_ES":"Matorrales de Erinacea anthyllis con Anthyllis montana, sobre suelos esqueléticos y crestas venteadas, de las montañas nororientales ibéricas","REL_EUN_LP":"L’hàbitat LPEHT es correspon totalment amb l’hàbitat EUNIS","AMENACA":2,"VGI":7,"EXCENTRICI":2,"SUP_ESTIM":150,"PERCEN_PNT":null}},{"type":"Feature","id":"HABITATS_TERRESTPNT.261767","geometry":{"type":"MultiPoint","coordinates":[[367103.0357,4673371.3308]]},"geometry_name":"GEOMETRIA","properties":{"ID":261767,"COD_GRUP":"6","GRUP_CA":"Roques, tarteres, glaceres, coves","COD_TIPUS":"62","TIPUS_CA":"Roques no litorals","COD_SUBTIP":"62.1","SUBTIP_CA":"Cingles i penyals calcaris","COD_CORINE":"62.151","CORINE_CA":"Roques calcàries, amb Potentilla caulescens, Saxifraga longifolia, Asplenium fontanum..., de l'estatge montà i de les muntanyes mediterrànies","COD_HIC":"8210","HIC_CA":"Costers rocosos calcaris amb vegetació rupícola","HIC_PRIOR":"No","COD_EUNIS":"H3.251","EUNIS_EN":"Alpine calcareous cliff heliophile communities","C_EUNIS_ES":"H3.251","EUNIS_ES":"Alpine calcareous cliff heliophile communities","COD_LPEHT":"62.151","LPEHT_ES":"Rocas calcáreas con Potentilla caulescens, Saxifraga longifolia, Ramonda myconi, Asplenium fontanum, etc., del prepirineo y de las montañas catalanas","REL_EUN_LP":"L’hàbitat LPEHT es correspon totalment amb l’hàbitat EUNIS","AMENACA":1,"VGI":6,"EXCENTRICI":2,"SUP_ESTIM":4200,"PERCEN_PNT":null}},{"type":"Feature","id":"HABITATS_TERRESTPNT.261644","geometry":{"type":"MultiPoint","coordinates":[[365266.788,4673709.48]]},"geometry_name":"GEOMETRIA","properties":{"ID":261644,"COD_GRUP":"6","GRUP_CA":"Roques, tarteres, glaceres, coves","COD_TIPUS":"65","TIPUS_CA":"Coves","COD_SUBTIP":"65.4","SUBTIP_CA":"Coves i avencs","COD_CORINE":"65.4","CORINE_CA":"Coves i avencs","COD_HIC":"8310","HIC_CA":"Coves no explotades pel turisme","HIC_PRIOR":"No","COD_EUNIS":"H1.23","EUNIS_EN":"Troglobiont invertebrate caves","C_EUNIS_ES":"H1.23","EUNIS_ES":"Troglobiont invertebrate caves","COD_LPEHT":"65.4","LPEHT_ES":"Cuevas con invertebrados troglobiontes","REL_EUN_LP":"L’hàbitat LPEHT es correspon totalment amb l’hàbitat EUNIS","AMENACA":1,"VGI":4,"EXCENTRICI":2,"SUP_ESTIM":1,"PERCEN_PNT":null}},{"type":"Feature","id":"HABITATS_TERRESTPNT.261651","geometry":{"type":"MultiPoint","coordinates":[[369560.7839,4674177.3137]]},"geometry_name":"GEOMETRIA","properties":{"ID":261651,"COD_GRUP":"6","GRUP_CA":"Roques, tarteres, glaceres, coves","COD_TIPUS":"65","TIPUS_CA":"Coves","COD_SUBTIP":"65.4","SUBTIP_CA":"Coves i avencs","COD_CORINE":"65.4","CORINE_CA":"Coves i avencs","COD_HIC":"8310","HIC_CA":"Coves no explotades pel turisme","HIC_PRIOR":"No","COD_EUNIS":"H1.23","EUNIS_EN":"Troglobiont invertebrate caves","C_EUNIS_ES":"H1.23","EUNIS_ES":"Troglobiont invertebrate caves","COD_LPEHT":"65.4","LPEHT_ES":"Cuevas con invertebrados troglobiontes","REL_EUN_LP":"L’hàbitat LPEHT es correspon totalment amb l’hàbitat EUNIS","AMENACA":1,"VGI":4,"EXCENTRICI":2,"SUP_ESTIM":1,"PERCEN_PNT":null}},{"type":"Feature","id":"HABITATS_TERRESTPNT.261011","geometry":{"type":"MultiPoint","coordinates":[[369583.9107,4672880.2344]]},"geometry_name":"GEOMETRIA","properties":{"ID":261011,"COD_GRUP":"3","GRUP_CA":"Vegetació arbustiva i herbàcia","COD_TIPUS":"34","TIPUS_CA":"Prats (i altres formacions herbàcies) basòfils, secs, de terra baixa i de la muntanya mitjana","COD_SUBTIP":"34.7","SUBTIP_CA":"Prats submediterranis","COD_CORINE":"34.7133","CORINE_CA":"Prats, sovint emmatats, d'Ononis striata, Anthyllis montana, Globularia cordifolia (lluqueta)..., calcícoles i xeròfils, de la muntanya mitjana (i de l'estatge subalpí), sobretot als Prepirineus","COD_HIC":"-","HIC_CA":null,"HIC_PRIOR":null,"COD_EUNIS":"E1.5133.ES","EUNIS_EN":"-","C_EUNIS_ES":"E1.5133.ES","EUNIS_ES":"Pastizales franco-ibéricos con Anthyllis montana, Ononis striata, Koeleria vallesiana y Festuca spp.","COD_LPEHT":"34.7133","LPEHT_ES":"Pastizales franco-ibéricos con Anthyllis montana, Ononis striata, Koeleria vallesiana y Festuca spp.","REL_EUN_LP":"L’hàbitat LPEHT es correspon totalment amb l’hàbitat EUNIS","AMENACA":1,"VGI":5,"EXCENTRICI":1,"SUP_ESTIM":300,"PERCEN_PNT":null}},{"type":"Feature","id":"HABITATS_TERRESTPNT.261964","geometry":{"type":"MultiPoint","coordinates":[[369918.9645,4672660.3802]]},"geometry_name":"GEOMETRIA","properties":{"ID":261964,"COD_GRUP":"3","GRUP_CA":"Vegetació arbustiva i herbàcia","COD_TIPUS":"32","TIPUS_CA":"Bosquines i matollars mediterranis i submediterranis","COD_SUBTIP":"32.4","SUBTIP_CA":"Bosquines i matollars calcícoles mediterranis","COD_CORINE":"32.4811+","CORINE_CA":"Argelagars (matollars de Genista scorpius), calcícoles, de terra baixa i de la muntanya mitjana","COD_HIC":"-","HIC_CA":null,"HIC_PRIOR":null,"COD_EUNIS":"F6.1811.ES","EUNIS_EN":"-","C_EUNIS_ES":"F6.1811.ES","EUNIS_ES":"Matorrales de Genista scorpius","COD_LPEHT":"32.4811","LPEHT_ES":"Matorrales de Genista scorpius","REL_EUN_LP":"L’hàbitat LPEHT es correspon totalment amb l’hàbitat EUNIS","AMENACA":1,"VGI":3,"EXCENTRICI":2,"SUP_ESTIM":300,"PERCEN_PNT":null}},{"type":"Feature","id":"HABITATS_TERRESTPNT.261965","geometry":{"type":"MultiPoint","coordinates":[[370178.5212,4672550.8425]]},"geometry_name":"GEOMETRIA","properties":{"ID":261965,"COD_GRUP":"3","GRUP_CA":"Vegetació arbustiva i herbàcia","COD_TIPUS":"32","TIPUS_CA":"Bosquines i matollars mediterranis i submediterranis","COD_SUBTIP":"32.4","SUBTIP_CA":"Bosquines i matollars calcícoles mediterranis","COD_CORINE":"32.4811+","CORINE_CA":"Argelagars (matollars de Genista scorpius), calcícoles, de terra baixa i de la muntanya mitjana","COD_HIC":"-","HIC_CA":null,"HIC_PRIOR":null,"COD_EUNIS":"F6.1811.ES","EUNIS_EN":"-","C_EUNIS_ES":"F6.1811.ES","EUNIS_ES":"Matorrales de Genista scorpius","COD_LPEHT":"32.4811","LPEHT_ES":"Matorrales de Genista scorpius","REL_EUN_LP":"L’hàbitat LPEHT es correspon totalment amb l’hàbitat EUNIS","AMENACA":1,"VGI":3,"EXCENTRICI":2,"SUP_ESTIM":120,"PERCEN_PNT":null}},{"type":"Feature","id":"HABITATS_TERRESTPNT.262370","geometry":{"type":"MultiPoint","coordinates":[[370220.3692,4672486.1705]]},"geometry_name":"GEOMETRIA","properties":{"ID":262370,"COD_GRUP":"3","GRUP_CA":"Vegetació arbustiva i herbàcia","COD_TIPUS":"34","TIPUS_CA":"Prats (i altres formacions herbàcies) basòfils, secs, de terra baixa i de la muntanya mitjana","COD_SUBTIP":"34.7","SUBTIP_CA":"Prats submediterranis","COD_CORINE":"34.7133","CORINE_CA":"Prats, sovint emmatats, d'Ononis striata, Anthyllis montana, Globularia cordifolia (lluqueta)..., calcícoles i xeròfils, de la muntanya mitjana (i de l'estatge subalpí), sobretot als Prepirineus","COD_HIC":"-","HIC_CA":null,"HIC_PRIOR":null,"COD_EUNIS":"E1.5133.ES","EUNIS_EN":"-","C_EUNIS_ES":"E1.5133.ES","EUNIS_ES":"Pastizales franco-ibéricos con Anthyllis montana, Ononis striata, Koeleria vallesiana y Festuca spp.","COD_LPEHT":"34.7133","LPEHT_ES":"Pastizales franco-ibéricos con Anthyllis montana, Ononis striata, Koeleria vallesiana y Festuca spp.","REL_EUN_LP":"L’hàbitat LPEHT es correspon totalment amb l’hàbitat EUNIS","AMENACA":1,"VGI":5,"EXCENTRICI":1,"SUP_ESTIM":180,"PERCEN_PNT":null}},{"type":"Feature","id":"HABITATS_TERRESTPNT.261778","geometry":{"type":"MultiPoint","coordinates":[[370266.6277,4672618.3114]]},"geometry_name":"GEOMETRIA","properties":{"ID":261778,"COD_GRUP":"6","GRUP_CA":"Roques, tarteres, glaceres, coves","COD_TIPUS":"62","TIPUS_CA":"Roques no litorals","COD_SUBTIP":"62.1","SUBTIP_CA":"Cingles i penyals calcaris","COD_CORINE":"62.151","CORINE_CA":"Roques calcàries, amb Potentilla caulescens, Saxifraga longifolia, Asplenium fontanum..., de l'estatge montà i de les muntanyes mediterrànies","COD_HIC":"8210","HIC_CA":"Costers rocosos calcaris amb vegetació rupícola","HIC_PRIOR":"No","COD_EUNIS":"H3.251","EUNIS_EN":"Alpine calcareous cliff heliophile communities","C_EUNIS_ES":"H3.251","EUNIS_ES":"Alpine calcareous cliff heliophile communities","COD_LPEHT":"62.151","LPEHT_ES":"Rocas calcáreas con Potentilla caulescens, Saxifraga longifolia, Ramonda myconi, Asplenium fontanum, etc., del prepirineo y de las montañas catalanas","REL_EUN_LP":"L’hàbitat LPEHT es correspon totalment amb l’hàbitat EUNIS","AMENACA":1,"VGI":6,"EXCENTRICI":2,"SUP_ESTIM":200,"PERCEN_PNT":null}},{"type":"Feature","id":"HABITATS_TERRESTPNT.261363","geometry":{"type":"MultiPoint","coordinates":[[370648.3525,4673406.2852]]},"geometry_name":"GEOMETRIA","properties":{"ID":261363,"COD_GRUP":"6","GRUP_CA":"Roques, tarteres, glaceres, coves","COD_TIPUS":"62","TIPUS_CA":"Roques no litorals","COD_SUBTIP":"62.1","SUBTIP_CA":"Cingles i penyals calcaris","COD_CORINE":"62.151","CORINE_CA":"Roques calcàries, amb Potentilla caulescens, Saxifraga longifolia, Asplenium fontanum..., de l'estatge montà i de les muntanyes mediterrànies","COD_HIC":"8210","HIC_CA":"Costers rocosos calcaris amb vegetació rupícola","HIC_PRIOR":"No","COD_EUNIS":"H3.251","EUNIS_EN":"Alpine calcareous cliff heliophile communities","C_EUNIS_ES":"H3.251","EUNIS_ES":"Alpine calcareous cliff heliophile communities","COD_LPEHT":"62.151","LPEHT_ES":"Rocas calcáreas con Potentilla caulescens, Saxifraga longifolia, Ramonda myconi, Asplenium fontanum, etc., del prepirineo y de las montañas catalanas","REL_EUN_LP":"L’hàbitat LPEHT es correspon totalment amb l’hàbitat EUNIS","AMENACA":1,"VGI":6,"EXCENTRICI":2,"SUP_ESTIM":4000,"PERCEN_PNT":null}},{"type":"Feature","id":"HABITATS_TERRESTPNT.261935","geometry":{"type":"MultiPoint","coordinates":[[370652.8553,4673999.1191]]},"geometry_name":"GEOMETRIA","properties":{"ID":261935,"COD_GRUP":"3","GRUP_CA":"Vegetació arbustiva i herbàcia","COD_TIPUS":"32","TIPUS_CA":"Bosquines i matollars mediterranis i submediterranis","COD_SUBTIP":"32.6","SUBTIP_CA":"Matollars submediterranis i mediterranis muntanyencs","COD_CORINE":"32.631+","CORINE_CA":"Timonedes o brolles baixes amb abundància de sàlvia (Salvia lavandulifolia), espernallac (Santolina chamaecyparissus) i altres mates xeròfiles, calcícoles, de les muntanyes poc plujoses (i de terra baixa)","COD_HIC":"-","HIC_CA":null,"HIC_PRIOR":null,"COD_EUNIS":"F6.631.ES","EUNIS_EN":"-","C_EUNIS_ES":"F6.631.ES","EUNIS_ES":"Matorrales bajos meso-supramediterráneos con Salvia lavandulifolia s.l., Lavandula latifolia, Thymus spp., Teucrium spp., Satureja montana, etc.","COD_LPEHT":"32.631","LPEHT_ES":"Matorrales bajos meso-supramediterráneos con Salvia lavandulifolia s.l., Lavandula latifolia, Thymus spp., Teucrium spp., Satureja montana, etc.","REL_EUN_LP":"L’hàbitat LPEHT es correspon totalment amb l’hàbitat EUNIS","AMENACA":1,"VGI":5,"EXCENTRICI":2,"SUP_ESTIM":600,"PERCEN_PNT":null}},{"type":"Feature","id":"HABITATS_TERRESTPNT.261779","geometry":{"type":"MultiPoint","coordinates":[[370860.3539,4673115.9936]]},"geometry_name":"GEOMETRIA","properties":{"ID":261779,"COD_GRUP":"4","GRUP_CA":"Boscos","COD_TIPUS":"45","TIPUS_CA":"Boscos esclerofil·les i laurifolis","COD_SUBTIP":"45.3","SUBTIP_CA":"Alzinars i carrascars","COD_CORINE":"45.3417+","CORINE_CA":"Carrascars amb pins (Pinus spp.)","COD_HIC":"9340","HIC_CA":"Alzinars i carrascars","HIC_PRIOR":"No","COD_EUNIS":"G2.12417.ES","EUNIS_EN":"-","C_EUNIS_ES":"G4.E","EUNIS_ES":"Mixed mediterranean pine - evergreen oak woodland","COD_LPEHT":"45.3417","LPEHT_ES":"Encinares de Quercus rotundifolia con pinos (Pinus spp.)","REL_EUN_LP":"L’hàbitat LPEHT es correspon només parcialment amb l’hàbitat EUNIS","AMENACA":2,"VGI":3,"EXCENTRICI":3,"SUP_ESTIM":3000,"PERCEN_PNT":null}},{"type":"Feature","id":"HABITATS_TERRESTPNT.260757","geometry":{"type":"MultiPoint","coordinates":[[370902.4766,4673776.9366]]},"geometry_name":"GEOMETRIA","properties":{"ID":260757,"COD_GRUP":"3","GRUP_CA":"Vegetació arbustiva i herbàcia","COD_TIPUS":"32","TIPUS_CA":"Bosquines i matollars mediterranis i submediterranis","COD_SUBTIP":"32.6","SUBTIP_CA":"Matollars submediterranis i mediterranis muntanyencs","COD_CORINE":"32.641+","CORINE_CA":"Boixedes (matollars de Buxus sempervirens) de la muntanya mitjana (i de les contrades mediterrànies)","COD_HIC":"5110","HIC_CA":"Boixedes xerotermòfiles permanents, dels vessants rocosos","HIC_PRIOR":"No","COD_EUNIS":"F6.64","EUNIS_EN":"Supra-Mediterranean Buxus sempervirens scrub","C_EUNIS_ES":"F6.64","EUNIS_ES":"Supra-Mediterranean [Buxus sempervirens] scrub","COD_LPEHT":"32.64","LPEHT_ES":"Matorrales de Buxus sempervirens de óptimo supramediterráneo","REL_EUN_LP":"L’hàbitat LPEHT es correspon totalment amb l’hàbitat EUNIS","AMENACA":1,"VGI":4,"EXCENTRICI":2,"SUP_ESTIM":1800,"PERCEN_PNT":null}},{"type":"Feature","id":"HABITATS_TERRESTPNT.261223","geometry":{"type":"MultiPoint","coordinates":[[371093.0711,4673256.1034]]},"geometry_name":"GEOMETRIA","properties":{"ID":261223,"COD_GRUP":"6","GRUP_CA":"Roques, tarteres, glaceres, coves","COD_TIPUS":"62","TIPUS_CA":"Roques no litorals","COD_SUBTIP":"62.1","SUBTIP_CA":"Cingles i penyals calcaris","COD_CORINE":"62.151","CORINE_CA":"Roques calcàries, amb Potentilla caulescens, Saxifraga longifolia, Asplenium fontanum..., de l'estatge montà i de les muntanyes mediterrànies","COD_HIC":"8210","HIC_CA":"Costers rocosos calcaris amb vegetació rupícola","HIC_PRIOR":"No","COD_EUNIS":"H3.251","EUNIS_EN":"Alpine calcareous cliff heliophile communities","C_EUNIS_ES":"H3.251","EUNIS_ES":"Alpine calcareous cliff heliophile communities","COD_LPEHT":"62.151","LPEHT_ES":"Rocas calcáreas con Potentilla caulescens, Saxifraga longifolia, Ramonda myconi, Asplenium fontanum, etc., del prepirineo y de las montañas catalanas","REL_EUN_LP":"L’hàbitat LPEHT es correspon totalment amb l’hàbitat EUNIS","AMENACA":1,"VGI":6,"EXCENTRICI":2,"SUP_ESTIM":1200,"PERCEN_PNT":null}},{"type":"Feature","id":"HABITATS_TERRESTPNT.260734","geometry":{"type":"MultiPoint","coordinates":[[371143.8725,4674926.3499]]},"geometry_name":"GEOMETRIA","properties":{"ID":260734,"COD_GRUP":"3","GRUP_CA":"Vegetació arbustiva i herbàcia","COD_TIPUS":"32","TIPUS_CA":"Bosquines i matollars mediterranis i submediterranis","COD_SUBTIP":"32.6","SUBTIP_CA":"Matollars submediterranis i mediterranis muntanyencs","COD_CORINE":"32.641+","CORINE_CA":"Boixedes (matollars de Buxus sempervirens) de la muntanya mitjana (i de les contrades mediterrànies)","COD_HIC":"5110","HIC_CA":"Boixedes xerotermòfiles permanents, dels vessants rocosos","HIC_PRIOR":"No","COD_EUNIS":"F6.64","EUNIS_EN":"Supra-Mediterranean Buxus sempervirens scrub","C_EUNIS_ES":"F6.64","EUNIS_ES":"Supra-Mediterranean [Buxus sempervirens] scrub","COD_LPEHT":"32.64","LPEHT_ES":"Matorrales de Buxus sempervirens de óptimo supramediterráneo","REL_EUN_LP":"L’hàbitat LPEHT es correspon totalment amb l’hàbitat EUNIS","AMENACA":1,"VGI":4,"EXCENTRICI":2,"SUP_ESTIM":2200,"PERCEN_PNT":null}},{"type":"Feature","id":"HABITATS_TERRESTPNT.261966","geometry":{"type":"MultiPoint","coordinates":[[371412.0112,4673055.6685]]},"geometry_name":"GEOMETRIA","properties":{"ID":261966,"COD_GRUP":"3","GRUP_CA":"Vegetació arbustiva i herbàcia","COD_TIPUS":"31","TIPUS_CA":"Bosquines i matollars de muntanya i d'ambients frescals de terra baixa","COD_SUBTIP":"31.8","SUBTIP_CA":"Bosquines, matollars i herbassars generalment preforestals o postforestals","COD_CORINE":"31.8122","CORINE_CA":"Bardisses amb esbarzer (Rubus ulmifolius), aranyoner (Prunus spinosa), gavarreres (Rosa spp.)..., mesoxeròfiles, lligades a boscos més aviat secs, de la muntanya mitjana poc plujosa","COD_HIC":"-","HIC_CA":null,"HIC_PRIOR":null,"COD_EUNIS":"F3.1122","EUNIS_EN":"Sub-Mediterranean blackthorn-privet scrub","C_EUNIS_ES":"F3.1122","EUNIS_ES":"Sub-Mediterranean blackthorn-privet scrub","COD_LPEHT":"31.8122","LPEHT_ES":"Zarzales, espinares y orlas submediterráneas con Prunus mahaleb, Acer monspessulanum y otras especies xerotermófilas","REL_EUN_LP":"L’hàbitat LPEHT es correspon totalment amb l’hàbitat EUNIS","AMENACA":1,"VGI":3,"EXCENTRICI":2,"SUP_ESTIM":300,"PERCEN_PNT":null}},{"type":"Feature","id":"HABITATS_TERRESTPNT.261642","geometry":{"type":"MultiPoint","coordinates":[[371521.7373,4673484.7963]]},"geometry_name":"GEOMETRIA","properties":{"ID":261642,"COD_GRUP":"6","GRUP_CA":"Roques, tarteres, glaceres, coves","COD_TIPUS":"65","TIPUS_CA":"Coves","COD_SUBTIP":"65.4","SUBTIP_CA":"Coves i avencs","COD_CORINE":"65.4","CORINE_CA":"Coves i avencs","COD_HIC":"8310","HIC_CA":"Coves no explotades pel turisme","HIC_PRIOR":"No","COD_EUNIS":"H1.23","EUNIS_EN":"Troglobiont invertebrate caves","C_EUNIS_ES":"H1.23","EUNIS_ES":"Troglobiont invertebrate caves","COD_LPEHT":"65.4","LPEHT_ES":"Cuevas con invertebrados troglobiontes","REL_EUN_LP":"L’hàbitat LPEHT es correspon totalment amb l’hàbitat EUNIS","AMENACA":1,"VGI":4,"EXCENTRICI":2,"SUP_ESTIM":1,"PERCEN_PNT":null}},{"type":"Feature","id":"HABITATS_TERRESTPNT.261643","geometry":{"type":"MultiPoint","coordinates":[[371555.6921,4673535.2707]]},"geometry_name":"GEOMETRIA","properties":{"ID":261643,"COD_GRUP":"6","GRUP_CA":"Roques, tarteres, glaceres, coves","COD_TIPUS":"65","TIPUS_CA":"Coves","COD_SUBTIP":"65.4","SUBTIP_CA":"Coves i avencs","COD_CORINE":"65.4","CORINE_CA":"Coves i avencs","COD_HIC":"8310","HIC_CA":"Coves no explotades pel turisme","HIC_PRIOR":"No","COD_EUNIS":"H1.23","EUNIS_EN":"Troglobiont invertebrate caves","C_EUNIS_ES":"H1.23","EUNIS_ES":"Troglobiont invertebrate caves","COD_LPEHT":"65.4","LPEHT_ES":"Cuevas con invertebrados troglobiontes","REL_EUN_LP":"L’hàbitat LPEHT es correspon totalment amb l’hàbitat EUNIS","AMENACA":1,"VGI":4,"EXCENTRICI":2,"SUP_ESTIM":1,"PERCEN_PNT":null}},{"type":"Feature","id":"HABITATS_TERRESTPNT.261638","geometry":{"type":"MultiPoint","coordinates":[[372045.0843,4673017.3077]]},"geometry_name":"GEOMETRIA","properties":{"ID":261638,"COD_GRUP":"6","GRUP_CA":"Roques, tarteres, glaceres, coves","COD_TIPUS":"65","TIPUS_CA":"Coves","COD_SUBTIP":"65.4","SUBTIP_CA":"Coves i avencs","COD_CORINE":"65.4","CORINE_CA":"Coves i avencs","COD_HIC":"8310","HIC_CA":"Coves no explotades pel turisme","HIC_PRIOR":"No","COD_EUNIS":"H1.23","EUNIS_EN":"Troglobiont invertebrate caves","C_EUNIS_ES":"H1.23","EUNIS_ES":"Troglobiont invertebrate caves","COD_LPEHT":"65.4","LPEHT_ES":"Cuevas con invertebrados troglobiontes","REL_EUN_LP":"L’hàbitat LPEHT es correspon totalment amb l’hàbitat EUNIS","AMENACA":1,"VGI":4,"EXCENTRICI":2,"SUP_ESTIM":1,"PERCEN_PNT":null}},{"type":"Feature","id":"HABITATS_TERRESTPNT.261361","geometry":{"type":"MultiPoint","coordinates":[[372187.5289,4672218.1487]]},"geometry_name":"GEOMETRIA","properties":{"ID":261361,"COD_GRUP":"6","GRUP_CA":"Roques, tarteres, glaceres, coves","COD_TIPUS":"62","TIPUS_CA":"Roques no litorals","COD_SUBTIP":"62.1","SUBTIP_CA":"Cingles i penyals calcaris","COD_CORINE":"62.151","CORINE_CA":"Roques calcàries, amb Potentilla caulescens, Saxifraga longifolia, Asplenium fontanum..., de l'estatge montà i de les muntanyes mediterrànies","COD_HIC":"8210","HIC_CA":"Costers rocosos calcaris amb vegetació rupícola","HIC_PRIOR":"No","COD_EUNIS":"H3.251","EUNIS_EN":"Alpine calcareous cliff heliophile communities","C_EUNIS_ES":"H3.251","EUNIS_ES":"Alpine calcareous cliff heliophile communities","COD_LPEHT":"62.151","LPEHT_ES":"Rocas calcáreas con Potentilla caulescens, Saxifraga longifolia, Ramonda myconi, Asplenium fontanum, etc., del prepirineo y de las montañas catalanas","REL_EUN_LP":"L’hàbitat LPEHT es correspon totalment amb l’hàbitat EUNIS","AMENACA":1,"VGI":6,"EXCENTRICI":2,"SUP_ESTIM":500,"PERCEN_PNT":null}},{"type":"Feature","id":"HABITATS_TERRESTPNT.260720","geometry":{"type":"MultiPoint","coordinates":[[372227.3559,4672509.4542]]},"geometry_name":"GEOMETRIA","properties":{"ID":260720,"COD_GRUP":"6","GRUP_CA":"Roques, tarteres, glaceres, coves","COD_TIPUS":"61","TIPUS_CA":"Tarteres","COD_SUBTIP":"61.3","SUBTIP_CA":"Altres tarteres","COD_CORINE":"61.311","CORINE_CA":"Pedrusques calcàries, amb Stipa calamagrostis, Rumex scutatus..., de l'estatge montà poc plujós","COD_HIC":"8130","HIC_CA":"Tarteres de l'Europa meridional amb vegetació poc o molt termòfila","HIC_PRIOR":"No","COD_EUNIS":"H2.611","EUNIS_EN":"Rough-grass screes","C_EUNIS_ES":"H2.611","EUNIS_ES":"Rough-grass screes","COD_LPEHT":"61.311","LPEHT_ES":"Pedregales calcáreos, con Stipa calamagrostis, Rumex scutatus, etc., montano-subalpinos","REL_EUN_LP":"L’hàbitat LPEHT es correspon totalment amb l’hàbitat EUNIS","AMENACA":1,"VGI":6,"EXCENTRICI":2,"SUP_ESTIM":2600,"PERCEN_PNT":null}},{"type":"Feature","id":"HABITATS_TERRESTPNT.261171","geometry":{"type":"MultiPoint","coordinates":[[372248.9914,4673030.7492]]},"geometry_name":"GEOMETRIA","properties":{"ID":261171,"COD_GRUP":"6","GRUP_CA":"Roques, tarteres, glaceres, coves","COD_TIPUS":"62","TIPUS_CA":"Roques no litorals","COD_SUBTIP":"62.1","SUBTIP_CA":"Cingles i penyals calcaris","COD_CORINE":"62.151","CORINE_CA":"Roques calcàries, amb Potentilla caulescens, Saxifraga longifolia, Asplenium fontanum..., de l'estatge montà i de les muntanyes mediterrànies","COD_HIC":"8210","HIC_CA":"Costers rocosos calcaris amb vegetació rupícola","HIC_PRIOR":"No","COD_EUNIS":"H3.251","EUNIS_EN":"Alpine calcareous cliff heliophile communities","C_EUNIS_ES":"H3.251","EUNIS_ES":"Alpine calcareous cliff heliophile communities","COD_LPEHT":"62.151","LPEHT_ES":"Rocas calcáreas con Potentilla caulescens, Saxifraga longifolia, Ramonda myconi, Asplenium fontanum, etc., del prepirineo y de las montañas catalanas","REL_EUN_LP":"L’hàbitat LPEHT es correspon totalment amb l’hàbitat EUNIS","AMENACA":1,"VGI":6,"EXCENTRICI":2,"SUP_ESTIM":4000,"PERCEN_PNT":null}},{"type":"Feature","id":"HABITATS_TERRESTPNT.261645","geometry":{"type":"MultiPoint","coordinates":[[372260.2913,4673835.344]]},"geometry_name":"GEOMETRIA","properties":{"ID":261645,"COD_GRUP":"6","GRUP_CA":"Roques, tarteres, glaceres, coves","COD_TIPUS":"65","TIPUS_CA":"Coves","COD_SUBTIP":"65.4","SUBTIP_CA":"Coves i avencs","COD_CORINE":"65.4","CORINE_CA":"Coves i avencs","COD_HIC":"8310","HIC_CA":"Coves no explotades pel turisme","HIC_PRIOR":"No","COD_EUNIS":"H1.23","EUNIS_EN":"Troglobiont invertebrate caves","C_EUNIS_ES":"H1.23","EUNIS_ES":"Troglobiont invertebrate caves","COD_LPEHT":"65.4","LPEHT_ES":"Cuevas con invertebrados troglobiontes","REL_EUN_LP":"L’hàbitat LPEHT es correspon totalment amb l’hàbitat EUNIS","AMENACA":1,"VGI":4,"EXCENTRICI":2,"SUP_ESTIM":1,"PERCEN_PNT":null}},{"type":"Feature","id":"HABITATS_TERRESTPNT.261264","geometry":{"type":"MultiPoint","coordinates":[[372310.8543,4672645.6547]]},"geometry_name":"GEOMETRIA","properties":{"ID":261264,"COD_GRUP":"6","GRUP_CA":"Roques, tarteres, glaceres, coves","COD_TIPUS":"61","TIPUS_CA":"Tarteres","COD_SUBTIP":"61.3","SUBTIP_CA":"Altres tarteres","COD_CORINE":"61.311","CORINE_CA":"Pedrusques calcàries, amb Stipa calamagrostis, Rumex scutatus..., de l'estatge montà poc plujós","COD_HIC":"8130","HIC_CA":"Tarteres de l'Europa meridional amb vegetació poc o molt termòfila","HIC_PRIOR":"No","COD_EUNIS":"H2.611","EUNIS_EN":"Rough-grass screes","C_EUNIS_ES":"H2.611","EUNIS_ES":"Rough-grass screes","COD_LPEHT":"61.311","LPEHT_ES":"Pedregales calcáreos, con Stipa calamagrostis, Rumex scutatus, etc., montano-subalpinos","REL_EUN_LP":"L’hàbitat LPEHT es correspon totalment amb l’hàbitat EUNIS","AMENACA":1,"VGI":6,"EXCENTRICI":2,"SUP_ESTIM":5600,"PERCEN_PNT":null}},{"type":"Feature","id":"HABITATS_TERRESTPNT.261024","geometry":{"type":"MultiPoint","coordinates":[[372671.9737,4672554.3247]]},"geometry_name":"GEOMETRIA","properties":{"ID":261024,"COD_GRUP":"4","GRUP_CA":"Boscos","COD_TIPUS":"42","TIPUS_CA":"Boscos aciculifolis","COD_SUBTIP":"42.5","SUBTIP_CA":"Boscos de pi roig","COD_CORINE":"42.5E","CORINE_CA":"Pinedes de pi roig (Pinus sylvestris), o repoblacions, sense sotabosc forestal","COD_HIC":"-","HIC_CA":null,"HIC_PRIOR":null,"COD_EUNIS":"G3.4F","EUNIS_EN":"European Pinus sylvestris reforestation","C_EUNIS_ES":"G3.4F","EUNIS_ES":"European [Pinus sylvestris] reforestation","COD_LPEHT":"42.5E","LPEHT_ES":"Repoblaciones de Pinus sylvestris en el entorno de su área natural","REL_EUN_LP":"L’hàbitat LPEHT es correspon totalment amb l’hàbitat EUNIS","AMENACA":1,"VGI":1,"EXCENTRICI":2,"SUP_ESTIM":7700,"PERCEN_PNT":null}},{"type":"Feature","id":"HABITATS_TERRESTPNT.260759","geometry":{"type":"MultiPoint","coordinates":[[372748.0265,4673065.8043]]},"geometry_name":"GEOMETRIA","properties":{"ID":260759,"COD_GRUP":"3","GRUP_CA":"Vegetació arbustiva i herbàcia","COD_TIPUS":"31","TIPUS_CA":"Bosquines i matollars de muntanya i d'ambients frescals de terra baixa","COD_SUBTIP":"31.8","SUBTIP_CA":"Bosquines, matollars i herbassars generalment preforestals o postforestals","COD_CORINE":"31.8123","CORINE_CA":"Matollars de corner (Amelanchier ovalis), boix (Buxus sempervirens), espina cervina (Rhamnus saxatilis)..., calcícoles, de costers rocosos, secs, de la muntanya mitjana","COD_HIC":"5110","HIC_CA":"Boixedes xerotermòfiles permanents, dels vessants rocosos","HIC_PRIOR":"No","COD_EUNIS":"F3.1123","EUNIS_EN":"Rock pear scrub","C_EUNIS_ES":"F3.1123","EUNIS_ES":"Rock pear scrub","COD_LPEHT":"31.8123","LPEHT_ES":"Orlas y bosquetes de guillomo (Amelanchier ovalis), en ocasiones con Cotoneaster spp.","REL_EUN_LP":"L’hàbitat LPEHT es correspon totalment amb l’hàbitat EUNIS","AMENACA":1,"VGI":4,"EXCENTRICI":2,"SUP_ESTIM":3100,"PERCEN_PNT":null}},{"type":"Feature","id":"HABITATS_TERRESTPNT.261990","geometry":{"type":"MultiPoint","coordinates":[[372890.458,4675155.1468]]},"geometry_name":"GEOMETRIA","properties":{"ID":261990,"COD_GRUP":"4","GRUP_CA":"Boscos","COD_TIPUS":"42","TIPUS_CA":"Boscos aciculifolis","COD_SUBTIP":"42.B+","SUBTIP_CA":"Boscos mixtos de coníferes","COD_CORINE":"42.B3+","CORINE_CA":"Boscos mixtos de pi roig (Pinus sylvestris) i pinassa (Pinus nigra subsp. salzmannii)","COD_HIC":"-","HIC_CA":null,"HIC_PRIOR":null,"COD_EUNIS":"G3.G3.ES","EUNIS_EN":"-","C_EUNIS_ES":"G3.G3.ES","EUNIS_ES":"Pinares mixtos de pino albar (Pinus sylvestris) y pino negral (Pinus nigra subsp. salzmannii)","COD_LPEHT":"42.G3","LPEHT_ES":"Pinares mixtos de pino albar (Pinus sylvestris) y pino negral (Pinus nigra subsp. salzmannii)","REL_EUN_LP":"L’hàbitat LPEHT es correspon totalment amb l’hàbitat EUNIS","AMENACA":1,"VGI":3,"EXCENTRICI":2,"SUP_ESTIM":6000,"PERCEN_PNT":null}},{"type":"Feature","id":"HABITATS_TERRESTPNT.261008","geometry":{"type":"MultiPoint","coordinates":[[372899.493,4673421.5097]]},"geometry_name":"GEOMETRIA","properties":{"ID":261008,"COD_GRUP":"4","GRUP_CA":"Boscos","COD_TIPUS":"42","TIPUS_CA":"Boscos aciculifolis","COD_SUBTIP":"42.5","SUBTIP_CA":"Boscos de pi roig","COD_CORINE":"42.5921+","CORINE_CA":"Boscos de pi roig (Pinus sylvestris), calcícoles i xeròfils, dels Pirineus","COD_HIC":"-","HIC_CA":null,"HIC_PRIOR":null,"COD_EUNIS":"G3.4921.ES","EUNIS_EN":"-","C_EUNIS_ES":"G3.4921.ES","EUNIS_ES":"Bosques de Pinus sylvestris, calcícolas y xerófilos, del Prepirineo y Pirineo","COD_LPEHT":"42.5921","LPEHT_ES":"Bosques de Pinus sylvestris, calcícolas y xerófilos, del Prepirineo y Pirineo","REL_EUN_LP":"L’hàbitat LPEHT es correspon totalment amb l’hàbitat EUNIS","AMENACA":1,"VGI":5,"EXCENTRICI":2,"SUP_ESTIM":3700,"PERCEN_PNT":null}},{"type":"Feature","id":"HABITATS_TERRESTPNT.261168","geometry":{"type":"MultiPoint","coordinates":[[372903.9423,4672929.8766]]},"geometry_name":"GEOMETRIA","properties":{"ID":261168,"COD_GRUP":"6","GRUP_CA":"Roques, tarteres, glaceres, coves","COD_TIPUS":"62","TIPUS_CA":"Roques no litorals","COD_SUBTIP":"62.1","SUBTIP_CA":"Cingles i penyals calcaris","COD_CORINE":"62.151","CORINE_CA":"Roques calcàries, amb Potentilla caulescens, Saxifraga longifolia, Asplenium fontanum..., de l'estatge montà i de les muntanyes mediterrànies","COD_HIC":"8210","HIC_CA":"Costers rocosos calcaris amb vegetació rupícola","HIC_PRIOR":"No","COD_EUNIS":"H3.251","EUNIS_EN":"Alpine calcareous cliff heliophile communities","C_EUNIS_ES":"H3.251","EUNIS_ES":"Alpine calcareous cliff heliophile communities","COD_LPEHT":"62.151","LPEHT_ES":"Rocas calcáreas con Potentilla caulescens, Saxifraga longifolia, Ramonda myconi, Asplenium fontanum, etc., del prepirineo y de las montañas catalanas","REL_EUN_LP":"L’hàbitat LPEHT es correspon totalment amb l’hàbitat EUNIS","AMENACA":1,"VGI":6,"EXCENTRICI":2,"SUP_ESTIM":2000,"PERCEN_PNT":null}},{"type":"Feature","id":"HABITATS_TERRESTPNT.261823","geometry":{"type":"MultiPoint","coordinates":[[372928.5581,4674871.7775]]},"geometry_name":"GEOMETRIA","properties":{"ID":261823,"COD_GRUP":"3","GRUP_CA":"Vegetació arbustiva i herbàcia","COD_TIPUS":"31","TIPUS_CA":"Bosquines i matollars de muntanya i d'ambients frescals de terra baixa","COD_SUBTIP":"31.8","SUBTIP_CA":"Bosquines, matollars i herbassars generalment preforestals o postforestals","COD_CORINE":"31.881","CORINE_CA":"Ginebredes de Juniperus communis, poc o molt denses, colonitzant pastures de la muntanya mitjana","COD_HIC":"5130","HIC_CA":"Formacions de Juniperus communis colonitzadores de landes o de pastures calcícoles","HIC_PRIOR":"No","COD_EUNIS":"F3.161","EUNIS_EN":"Juniper downs","C_EUNIS_ES":"F3.161","EUNIS_ES":"Juniper downs","COD_LPEHT":"31.881","LPEHT_ES":"Enebrales de Juniperus communis colonizando pastos calcícolas de montaña","REL_EUN_LP":"L’hàbitat LPEHT es correspon totalment amb l’hàbitat EUNIS","AMENACA":1,"VGI":3,"EXCENTRICI":2,"SUP_ESTIM":200,"PERCEN_PNT":null}},{"type":"Feature","id":"HABITATS_TERRESTPNT.261359","geometry":{"type":"MultiPoint","coordinates":[[372956.7063,4672449.5221]]},"geometry_name":"GEOMETRIA","properties":{"ID":261359,"COD_GRUP":"6","GRUP_CA":"Roques, tarteres, glaceres, coves","COD_TIPUS":"62","TIPUS_CA":"Roques no litorals","COD_SUBTIP":"62.1","SUBTIP_CA":"Cingles i penyals calcaris","COD_CORINE":"62.151","CORINE_CA":"Roques calcàries, amb Potentilla caulescens, Saxifraga longifolia, Asplenium fontanum..., de l'estatge montà i de les muntanyes mediterrànies","COD_HIC":"8210","HIC_CA":"Costers rocosos calcaris amb vegetació rupícola","HIC_PRIOR":"No","COD_EUNIS":"H3.251","EUNIS_EN":"Alpine calcareous cliff heliophile communities","C_EUNIS_ES":"H3.251","EUNIS_ES":"Alpine calcareous cliff heliophile communities","COD_LPEHT":"62.151","LPEHT_ES":"Rocas calcáreas con Potentilla caulescens, Saxifraga longifolia, Ramonda myconi, Asplenium fontanum, etc., del prepirineo y de las montañas catalanas","REL_EUN_LP":"L’hàbitat LPEHT es correspon totalment amb l’hàbitat EUNIS","AMENACA":1,"VGI":6,"EXCENTRICI":2,"SUP_ESTIM":400,"PERCEN_PNT":null}},{"type":"Feature","id":"HABITATS_TERRESTPNT.261083","geometry":{"type":"MultiPoint","coordinates":[[372982.8247,4674864.8232]]},"geometry_name":"GEOMETRIA","properties":{"ID":261083,"COD_GRUP":"3","GRUP_CA":"Vegetació arbustiva i herbàcia","COD_TIPUS":"32","TIPUS_CA":"Bosquines i matollars mediterranis i submediterranis","COD_SUBTIP":"32.4","SUBTIP_CA":"Bosquines i matollars calcícoles mediterranis","COD_CORINE":"32.4811+","CORINE_CA":"Argelagars (matollars de Genista scorpius), calcícoles, de terra baixa i de la muntanya mitjana","COD_HIC":"-","HIC_CA":null,"HIC_PRIOR":null,"COD_EUNIS":"F6.1811.ES","EUNIS_EN":"-","C_EUNIS_ES":"F6.1811.ES","EUNIS_ES":"Matorrales de Genista scorpius","COD_LPEHT":"32.4811","LPEHT_ES":"Matorrales de Genista scorpius","REL_EUN_LP":"L’hàbitat LPEHT es correspon totalment amb l’hàbitat EUNIS","AMENACA":1,"VGI":3,"EXCENTRICI":2,"SUP_ESTIM":800,"PERCEN_PNT":null}},{"type":"Feature","id":"HABITATS_TERRESTPNT.261022","geometry":{"type":"MultiPoint","coordinates":[[373055.2564,4675495.7334]]},"geometry_name":"GEOMETRIA","properties":{"ID":261022,"COD_GRUP":"3","GRUP_CA":"Vegetació arbustiva i herbàcia","COD_TIPUS":"34","TIPUS_CA":"Prats (i altres formacions herbàcies) basòfils, secs, de terra baixa i de la muntanya mitjana","COD_SUBTIP":"34.7","SUBTIP_CA":"Prats submediterranis","COD_CORINE":"34.721","CORINE_CA":"Joncedes (prats, sovint emmatats, d'Aphyllanthes monspeliensis), calcícoles, de les contrades mediterrànies i de la muntanya mitjana poc plujosa","COD_HIC":"-","HIC_CA":null,"HIC_PRIOR":null,"COD_EUNIS":"E1.52","EUNIS_EN":"Aphyllanthes grassland and supra-Mediterranean steppes","C_EUNIS_ES":"E1.52","EUNIS_ES":"[Aphyllanthes] grassland and supra-Mediterranean steppes","COD_LPEHT":"34.721","LPEHT_ES":"Pastos y matorrales dominados por Aphyllanthes monspeliensis, calcícolas, con Catananche caerulea, Linum narbonense, L. suffruticosum s.l., Lavandula latifolia","REL_EUN_LP":"L’hàbitat LPEHT es correspon només parcialment amb l’hàbitat EUNIS","AMENACA":1,"VGI":5,"EXCENTRICI":2,"SUP_ESTIM":300,"PERCEN_PNT":null}},{"type":"Feature","id":"HABITATS_TERRESTPNT.261622","geometry":{"type":"MultiPoint","coordinates":[[370216.2762,4671271.8268]]},"geometry_name":"GEOMETRIA","properties":{"ID":261622,"COD_GRUP":"3","GRUP_CA":"Vegetació arbustiva i herbàcia","COD_TIPUS":"31","TIPUS_CA":"Bosquines i matollars de muntanya i d'ambients frescals de terra baixa","COD_SUBTIP":"31.8","SUBTIP_CA":"Bosquines, matollars i herbassars generalment preforestals o postforestals","COD_CORINE":"31.8122","CORINE_CA":"Bardisses amb esbarzer (Rubus ulmifolius), aranyoner (Prunus spinosa), gavarreres (Rosa spp.)..., mesoxeròfiles, lligades a boscos més aviat secs, de la muntanya mitjana poc plujosa","COD_HIC":"-","HIC_CA":null,"HIC_PRIOR":null,"COD_EUNIS":"F3.1122","EUNIS_EN":"Sub-Mediterranean blackthorn-privet scrub","C_EUNIS_ES":"F3.1122","EUNIS_ES":"Sub-Mediterranean blackthorn-privet scrub","COD_LPEHT":"31.8122","LPEHT_ES":"Zarzales, espinares y orlas submediterráneas con Prunus mahaleb, Acer monspessulanum y otras especies xerotermófilas","REL_EUN_LP":"L’hàbitat LPEHT es correspon totalment amb l’hàbitat EUNIS","AMENACA":1,"VGI":2,"EXCENTRICI":1,"SUP_ESTIM":120,"PERCEN_PNT":null}},{"type":"Feature","id":"HABITATS_TERRESTPNT.262216","geometry":{"type":"MultiPoint","coordinates":[[370274.3442,4670703.5089]]},"geometry_name":"GEOMETRIA","properties":{"ID":262216,"COD_GRUP":"6","GRUP_CA":"Roques, tarteres, glaceres, coves","COD_TIPUS":"62","TIPUS_CA":"Roques no litorals","COD_SUBTIP":"62.1","SUBTIP_CA":"Cingles i penyals calcaris","COD_CORINE":"62.151","CORINE_CA":"Roques calcàries, amb Potentilla caulescens, Saxifraga longifolia, Asplenium fontanum..., de l'estatge montà i de les muntanyes mediterrànies","COD_HIC":"8210","HIC_CA":"Costers rocosos calcaris amb vegetació rupícola","HIC_PRIOR":"No","COD_EUNIS":"H3.251","EUNIS_EN":"Alpine calcareous cliff heliophile communities","C_EUNIS_ES":"H3.251","EUNIS_ES":"Alpine calcareous cliff heliophile communities","COD_LPEHT":"62.151","LPEHT_ES":"Rocas calcáreas con Potentilla caulescens, Saxifraga longifolia, Ramonda myconi, Asplenium fontanum, etc., del prepirineo y de las montañas catalanas","REL_EUN_LP":"L’hàbitat LPEHT es correspon totalment amb l’hàbitat EUNIS","AMENACA":1,"VGI":5,"EXCENTRICI":1,"SUP_ESTIM":300,"PERCEN_PNT":null}},{"type":"Feature","id":"HABITATS_TERRESTPNT.261328","geometry":{"type":"MultiPoint","coordinates":[[370361.5917,4671079.4875]]},"geometry_name":"GEOMETRIA","properties":{"ID":261328,"COD_GRUP":"3","GRUP_CA":"Vegetació arbustiva i herbàcia","COD_TIPUS":"32","TIPUS_CA":"Bosquines i matollars mediterranis i submediterranis","COD_SUBTIP":"32.1","SUBTIP_CA":"Màquies i altres bosquines altes","COD_CORINE":"32.1311","CORINE_CA":"Cadequers (màquies o garrigues amb abundància de Juniperus oxycedrus arborescent), no litorals","COD_HIC":"5210","HIC_CA":"Màquies i garrigues amb Juniperus spp. arborescents, no dunars","HIC_PRIOR":"No","COD_EUNIS":"F5.1311","EUNIS_EN":"Juniperus oxycedrus arborescent matorral","C_EUNIS_ES":"F5.1311","EUNIS_ES":"[Juniperus oxycedrus] arborescent matorral","COD_LPEHT":"32.1311","LPEHT_ES":"Matorrales arborescentes de Juniperus oxycedrus subsp. oxycedrus interiores","REL_EUN_LP":"L’hàbitat LPEHT es correspon totalment amb l’hàbitat EUNIS","AMENACA":1,"VGI":4,"EXCENTRICI":2,"SUP_ESTIM":80,"PERCEN_PNT":null}},{"type":"Feature","id":"HABITATS_TERRESTPNT.261362","geometry":{"type":"MultiPoint","coordinates":[[370389.6848,4671291.5576]]},"geometry_name":"GEOMETRIA","properties":{"ID":261362,"COD_GRUP":"4","GRUP_CA":"Boscos","COD_TIPUS":"45","TIPUS_CA":"Boscos esclerofil·les i laurifolis","COD_SUBTIP":"45.3","SUBTIP_CA":"Alzinars i carrascars","COD_CORINE":"45.3415+","CORINE_CA":"Carrascars muntanyencs","COD_HIC":"9340","HIC_CA":"Alzinars i carrascars","HIC_PRIOR":"No","COD_EUNIS":"G2.12415.ES","EUNIS_EN":"-","C_EUNIS_ES":"G2.12415.ES","EUNIS_ES":"Encinares de Quercus rotundifolia pirenaicos con Buxus sempervirens","COD_LPEHT":"45.3415","LPEHT_ES":"Encinares de Quercus rotundifolia pirenaicos con Buxus sempervirens","REL_EUN_LP":"L’hàbitat LPEHT es correspon totalment amb l’hàbitat EUNIS","AMENACA":1,"VGI":4,"EXCENTRICI":2,"SUP_ESTIM":4000,"PERCEN_PNT":null}},{"type":"Feature","id":"HABITATS_TERRESTPNT.261595","geometry":{"type":"MultiPoint","coordinates":[[370404.3825,4671029.5205]]},"geometry_name":"GEOMETRIA","properties":{"ID":261595,"COD_GRUP":"3","GRUP_CA":"Vegetació arbustiva i herbàcia","COD_TIPUS":"34","TIPUS_CA":"Prats (i altres formacions herbàcies) basòfils, secs, de terra baixa i de la muntanya mitjana","COD_SUBTIP":"34.7","SUBTIP_CA":"Prats submediterranis","COD_CORINE":"34.721","CORINE_CA":"Joncedes (prats, sovint emmatats, d'Aphyllanthes monspeliensis), calcícoles, de les contrades mediterrànies i de la muntanya mitjana poc plujosa","COD_HIC":"-","HIC_CA":null,"HIC_PRIOR":null,"COD_EUNIS":"E1.52","EUNIS_EN":"Aphyllanthes grassland and supra-Mediterranean steppes","C_EUNIS_ES":"E1.52","EUNIS_ES":"[Aphyllanthes] grassland and supra-Mediterranean steppes","COD_LPEHT":"34.721","LPEHT_ES":"Pastos y matorrales dominados por Aphyllanthes monspeliensis, calcícolas, con Catananche caerulea, Linum narbonense, L. suffruticosum s.l., Lavandula latifolia","REL_EUN_LP":"L’hàbitat LPEHT es correspon només parcialment amb l’hàbitat EUNIS","AMENACA":1,"VGI":5,"EXCENTRICI":2,"SUP_ESTIM":5000,"PERCEN_PNT":null}},{"type":"Feature","id":"HABITATS_TERRESTPNT.261333","geometry":{"type":"MultiPoint","coordinates":[[370424.571,4671066.2784]]},"geometry_name":"GEOMETRIA","properties":{"ID":261333,"COD_GRUP":"3","GRUP_CA":"Vegetació arbustiva i herbàcia","COD_TIPUS":"32","TIPUS_CA":"Bosquines i matollars mediterranis i submediterranis","COD_SUBTIP":"32.6","SUBTIP_CA":"Matollars submediterranis i mediterranis muntanyencs","COD_CORINE":"32.641+","CORINE_CA":"Boixedes (matollars de Buxus sempervirens) de la muntanya mitjana (i de les contrades mediterrànies)","COD_HIC":"5110","HIC_CA":"Boixedes xerotermòfiles permanents, dels vessants rocosos","HIC_PRIOR":"No","COD_EUNIS":"F6.64","EUNIS_EN":"Supra-Mediterranean Buxus sempervirens scrub","C_EUNIS_ES":"F6.64","EUNIS_ES":"Supra-Mediterranean [Buxus sempervirens] scrub","COD_LPEHT":"32.64","LPEHT_ES":"Matorrales de Buxus sempervirens de óptimo supramediterráneo","REL_EUN_LP":"L’hàbitat LPEHT es correspon totalment amb l’hàbitat EUNIS","AMENACA":1,"VGI":4,"EXCENTRICI":2,"SUP_ESTIM":2000,"PERCEN_PNT":null}},{"type":"Feature","id":"HABITATS_TERRESTPNT.261332","geometry":{"type":"MultiPoint","coordinates":[[370519.6199,4671129.7168]]},"geometry_name":"GEOMETRIA","properties":{"ID":261332,"COD_GRUP":"4","GRUP_CA":"Boscos","COD_TIPUS":"45","TIPUS_CA":"Boscos esclerofil·les i laurifolis","COD_SUBTIP":"45.3","SUBTIP_CA":"Alzinars i carrascars","COD_CORINE":"45.3415+","CORINE_CA":"Carrascars muntanyencs","COD_HIC":"9340","HIC_CA":"Alzinars i carrascars","HIC_PRIOR":"No","COD_EUNIS":"G2.12415.ES","EUNIS_EN":"-","C_EUNIS_ES":"G2.12415.ES","EUNIS_ES":"Encinares de Quercus rotundifolia pirenaicos con Buxus sempervirens","COD_LPEHT":"45.3415","LPEHT_ES":"Encinares de Quercus rotundifolia pirenaicos con Buxus sempervirens","REL_EUN_LP":"L’hàbitat LPEHT es correspon totalment amb l’hàbitat EUNIS","AMENACA":1,"VGI":4,"EXCENTRICI":2,"SUP_ESTIM":2000,"PERCEN_PNT":null}},{"type":"Feature","id":"HABITATS_TERRESTPNT.263251","geometry":{"type":"MultiPoint","coordinates":[[370520.9444,4670445.4241]]},"geometry_name":"GEOMETRIA","properties":{"ID":263251,"COD_GRUP":"5","GRUP_CA":"Molleres i aiguamolls","COD_TIPUS":"54","TIPUS_CA":"Molleres i comunitats fontinals","COD_SUBTIP":"54.1","SUBTIP_CA":"Fonts i rierols","COD_CORINE":"54.12","CORINE_CA":"Comunitats fontinals d'aigües dures, sovint formadores de tosca","COD_HIC":"7220*","HIC_CA":"Fonts petrificants amb formació de travertí (Cratoneurion commutati)","HIC_PRIOR":"Si","COD_EUNIS":"D4.1N","EUNIS_EN":"Hard water spring mires","C_EUNIS_ES":"C2.12","EUNIS_ES":"Hard water springs","COD_LPEHT":"54.12","LPEHT_ES":"Comunidades fontinales de aguas duras, a menudo formadoras de toba","REL_EUN_LP":"L’hàbitat LPEHT es correspon només parcialment amb l’hàbitat EUNIS","AMENACA":4,"VGI":5,"EXCENTRICI":1,"SUP_ESTIM":16,"PERCEN_PNT":null}},{"type":"Feature","id":"HABITATS_TERRESTPNT.261741","geometry":{"type":"MultiPoint","coordinates":[[370567.6771,4670395.3464]]},"geometry_name":"GEOMETRIA","properties":{"ID":261741,"COD_GRUP":"3","GRUP_CA":"Vegetació arbustiva i herbàcia","COD_TIPUS":"37","TIPUS_CA":"Herbassars, jonqueres i prats humits","COD_SUBTIP":"37.4","SUBTIP_CA":"Jonqueres mediterrànies","COD_CORINE":"37.4","CORINE_CA":"Jonqueres de jonc boval (Scirpus holoschoenus) i herbassars graminoides, higròfils, de terra baixa (i de la muntanya mitjana)","COD_HIC":"6420","HIC_CA":"Jonqueres i herbassars graminoides humits, mediterranis, del Molinio-Holoschoenion","HIC_PRIOR":"No","COD_EUNIS":"E3.1","EUNIS_EN":"Mediterranean tall humid grassland","C_EUNIS_ES":"E3.13.ES","EUNIS_ES":"Juncales de junco churrero (Scirpoides holoschoenus), habitualmente con Cirsium monspessulanum, C. pyrenaicum, Rubus ulmifolius, etc.","COD_LPEHT":"37.41","LPEHT_ES":"Juncales de junco churrero (Scirpoides holoschoenus), habitualmente con Cirsium monspessulanum, C. pyrenaicum, Rubus ulmifolius, etc.","REL_EUN_LP":"L’hàbitat LPEHT es correspon totalment amb l’hàbitat EUNIS","AMENACA":3,"VGI":6,"EXCENTRICI":2,"SUP_ESTIM":15,"PERCEN_PNT":null}},{"type":"Feature","id":"HABITATS_TERRESTPNT.261329","geometry":{"type":"MultiPoint","coordinates":[[370575.9775,4670814.5944]]},"geometry_name":"GEOMETRIA","properties":{"ID":261329,"COD_GRUP":"4","GRUP_CA":"Boscos","COD_TIPUS":"45","TIPUS_CA":"Boscos esclerofil·les i laurifolis","COD_SUBTIP":"45.3","SUBTIP_CA":"Alzinars i carrascars","COD_CORINE":"45.3417+","CORINE_CA":"Carrascars amb pins (Pinus spp.)","COD_HIC":"9340","HIC_CA":"Alzinars i carrascars","HIC_PRIOR":"No","COD_EUNIS":"G2.12417.ES","EUNIS_EN":"-","C_EUNIS_ES":"G4.E","EUNIS_ES":"Mixed mediterranean pine - evergreen oak woodland","COD_LPEHT":"45.3417","LPEHT_ES":"Encinares de Quercus rotundifolia con pinos (Pinus spp.)","REL_EUN_LP":"L’hàbitat LPEHT es correspon només parcialment amb l’hàbitat EUNIS","AMENACA":2,"VGI":3,"EXCENTRICI":3,"SUP_ESTIM":3600,"PERCEN_PNT":null}},{"type":"Feature","id":"HABITATS_TERRESTPNT.261597","geometry":{"type":"MultiPoint","coordinates":[[370620.9222,4671172.4054]]},"geometry_name":"GEOMETRIA","properties":{"ID":261597,"COD_GRUP":"3","GRUP_CA":"Vegetació arbustiva i herbàcia","COD_TIPUS":"34","TIPUS_CA":"Prats (i altres formacions herbàcies) basòfils, secs, de terra baixa i de la muntanya mitjana","COD_SUBTIP":"34.7","SUBTIP_CA":"Prats submediterranis","COD_CORINE":"34.721","CORINE_CA":"Joncedes (prats, sovint emmatats, d'Aphyllanthes monspeliensis), calcícoles, de les contrades mediterrànies i de la muntanya mitjana poc plujosa","COD_HIC":"-","HIC_CA":null,"HIC_PRIOR":null,"COD_EUNIS":"E1.52","EUNIS_EN":"Aphyllanthes grassland and supra-Mediterranean steppes","C_EUNIS_ES":"E1.52","EUNIS_ES":"[Aphyllanthes] grassland and supra-Mediterranean steppes","COD_LPEHT":"34.721","LPEHT_ES":"Pastos y matorrales dominados por Aphyllanthes monspeliensis, calcícolas, con Catananche caerulea, Linum narbonense, L. suffruticosum s.l., Lavandula latifolia","REL_EUN_LP":"L’hàbitat LPEHT es correspon només parcialment amb l’hàbitat EUNIS","AMENACA":1,"VGI":5,"EXCENTRICI":2,"SUP_ESTIM":3300,"PERCEN_PNT":null}},{"type":"Feature","id":"HABITATS_TERRESTPNT.260773","geometry":{"type":"MultiPoint","coordinates":[[370684.0061,4670592.8767]]},"geometry_name":"GEOMETRIA","properties":{"ID":260773,"COD_GRUP":"3","GRUP_CA":"Vegetació arbustiva i herbàcia","COD_TIPUS":"32","TIPUS_CA":"Bosquines i matollars mediterranis i submediterranis","COD_SUBTIP":"32.6","SUBTIP_CA":"Matollars submediterranis i mediterranis muntanyencs","COD_CORINE":"32.641+","CORINE_CA":"Boixedes (matollars de Buxus sempervirens) de la muntanya mitjana (i de les contrades mediterrànies)","COD_HIC":"5110","HIC_CA":"Boixedes xerotermòfiles permanents, dels vessants rocosos","HIC_PRIOR":"No","COD_EUNIS":"F6.64","EUNIS_EN":"Supra-Mediterranean Buxus sempervirens scrub","C_EUNIS_ES":"F6.64","EUNIS_ES":"Supra-Mediterranean [Buxus sempervirens] scrub","COD_LPEHT":"32.64","LPEHT_ES":"Matorrales de Buxus sempervirens de óptimo supramediterráneo","REL_EUN_LP":"L’hàbitat LPEHT es correspon totalment amb l’hàbitat EUNIS","AMENACA":1,"VGI":4,"EXCENTRICI":2,"SUP_ESTIM":4000,"PERCEN_PNT":null}},{"type":"Feature","id":"HABITATS_TERRESTPNT.261598","geometry":{"type":"MultiPoint","coordinates":[[370709.4865,4671220.6089]]},"geometry_name":"GEOMETRIA","properties":{"ID":261598,"COD_GRUP":"3","GRUP_CA":"Vegetació arbustiva i herbàcia","COD_TIPUS":"32","TIPUS_CA":"Bosquines i matollars mediterranis i submediterranis","COD_SUBTIP":"32.4","SUBTIP_CA":"Bosquines i matollars calcícoles mediterranis","COD_CORINE":"32.4811+","CORINE_CA":"Argelagars (matollars de Genista scorpius), calcícoles, de terra baixa i de la muntanya mitjana","COD_HIC":"-","HIC_CA":null,"HIC_PRIOR":null,"COD_EUNIS":"F6.1811.ES","EUNIS_EN":"-","C_EUNIS_ES":"F6.1811.ES","EUNIS_ES":"Matorrales de Genista scorpius","COD_LPEHT":"32.4811","LPEHT_ES":"Matorrales de Genista scorpius","REL_EUN_LP":"L’hàbitat LPEHT es correspon totalment amb l’hàbitat EUNIS","AMENACA":1,"VGI":3,"EXCENTRICI":2,"SUP_ESTIM":200,"PERCEN_PNT":null}},{"type":"Feature","id":"HABITATS_TERRESTPNT.261369","geometry":{"type":"MultiPoint","coordinates":[[370760.6262,4671279.8786]]},"geometry_name":"GEOMETRIA","properties":{"ID":261369,"COD_GRUP":"4","GRUP_CA":"Boscos","COD_TIPUS":"42","TIPUS_CA":"Boscos aciculifolis","COD_SUBTIP":"42.6","SUBTIP_CA":"Boscos de pinassa","COD_CORINE":"42.632","CORINE_CA":"Boscos de pinassa (Pinus nigra subsp. salzmannii) dels Prepirineus, el territori ausosegàrric i les muntanyes mediterrànies septentrionals (fins a l'alt Gaià)","COD_HIC":"9530*","HIC_CA":"Pinedes submediterrànies de pinassa (Pinus nigra subsp. salzmannii)","HIC_PRIOR":"Si","COD_EUNIS":"G3.532","EUNIS_EN":"Pre-Pyrenean Salzmann’s pine forests","C_EUNIS_ES":"G3.532","EUNIS_ES":"Pre-Pyrenean Salzmann's pine forests","COD_LPEHT":"42.632","LPEHT_ES":"Pinares de Pinus nigra subsp. salzmannii, frecuentemente con boj (Buxus sempervirens), de los Prepirineos y el noreste ibérico","REL_EUN_LP":"L’hàbitat LPEHT es correspon totalment amb l’hàbitat EUNIS","AMENACA":1,"VGI":4,"EXCENTRICI":2,"SUP_ESTIM":7000,"PERCEN_PNT":null}},{"type":"Feature","id":"HABITATS_TERRESTPNT.261596","geometry":{"type":"MultiPoint","coordinates":[[370783.2471,4671062.998]]},"geometry_name":"GEOMETRIA","properties":{"ID":261596,"COD_GRUP":"3","GRUP_CA":"Vegetació arbustiva i herbàcia","COD_TIPUS":"34","TIPUS_CA":"Prats (i altres formacions herbàcies) basòfils, secs, de terra baixa i de la muntanya mitjana","COD_SUBTIP":"34.7","SUBTIP_CA":"Prats submediterranis","COD_CORINE":"34.721","CORINE_CA":"Joncedes (prats, sovint emmatats, d'Aphyllanthes monspeliensis), calcícoles, de les contrades mediterrànies i de la muntanya mitjana poc plujosa","COD_HIC":"-","HIC_CA":null,"HIC_PRIOR":null,"COD_EUNIS":"E1.52","EUNIS_EN":"Aphyllanthes grassland and supra-Mediterranean steppes","C_EUNIS_ES":"E1.52","EUNIS_ES":"[Aphyllanthes] grassland and supra-Mediterranean steppes","COD_LPEHT":"34.721","LPEHT_ES":"Pastos y matorrales dominados por Aphyllanthes monspeliensis, calcícolas, con Catananche caerulea, Linum narbonense, L. suffruticosum s.l., Lavandula latifolia","REL_EUN_LP":"L’hàbitat LPEHT es correspon només parcialment amb l’hàbitat EUNIS","AMENACA":1,"VGI":5,"EXCENTRICI":2,"SUP_ESTIM":800,"PERCEN_PNT":null}},{"type":"Feature","id":"HABITATS_TERRESTPNT.261621","geometry":{"type":"MultiPoint","coordinates":[[370925.9242,4671487.4136]]},"geometry_name":"GEOMETRIA","properties":{"ID":261621,"COD_GRUP":"8","GRUP_CA":"Terres agrícoles i àrees antròpiques","COD_TIPUS":"82","TIPUS_CA":"Conreus herbacis","COD_SUBTIP":"82.3","SUBTIP_CA":"Conreus herbacis extensius, principalment de cereals","COD_CORINE":"82.33+","CORINE_CA":"Conreus herbacis extensius de secà, de muntanya","COD_HIC":"-","HIC_CA":null,"HIC_PRIOR":null,"COD_EUNIS":"I1.33.ES","EUNIS_EN":"-","C_EUNIS_ES":"I1.33.ES","EUNIS_ES":"Cultivos extensivos de secano de montaña (supra y oromediterráneos)","COD_LPEHT":"82.33","LPEHT_ES":"Cultivos extensivos de secano de montaña (supra y oromediterráneos)","REL_EUN_LP":"L’hàbitat LPEHT es correspon totalment amb l’hàbitat EUNIS","AMENACA":0,"VGI":0,"EXCENTRICI":0,"SUP_ESTIM":9000,"PERCEN_PNT":null}},{"type":"Feature","id":"HABITATS_TERRESTPNT.261338","geometry":{"type":"MultiPoint","coordinates":[[370981.859,4670415.1786]]},"geometry_name":"GEOMETRIA","properties":{"ID":261338,"COD_GRUP":"6","GRUP_CA":"Roques, tarteres, glaceres, coves","COD_TIPUS":"62","TIPUS_CA":"Roques no litorals","COD_SUBTIP":"62.1","SUBTIP_CA":"Cingles i penyals calcaris","COD_CORINE":"62.151","CORINE_CA":"Roques calcàries, amb Potentilla caulescens, Saxifraga longifolia, Asplenium fontanum..., de l'estatge montà i de les muntanyes mediterrànies","COD_HIC":"8210","HIC_CA":"Costers rocosos calcaris amb vegetació rupícola","HIC_PRIOR":"No","COD_EUNIS":"H3.251","EUNIS_EN":"Alpine calcareous cliff heliophile communities","C_EUNIS_ES":"H3.251","EUNIS_ES":"Alpine calcareous cliff heliophile communities","COD_LPEHT":"62.151","LPEHT_ES":"Rocas calcáreas con Potentilla caulescens, Saxifraga longifolia, Ramonda myconi, Asplenium fontanum, etc., del prepirineo y de las montañas catalanas","REL_EUN_LP":"L’hàbitat LPEHT es correspon totalment amb l’hàbitat EUNIS","AMENACA":1,"VGI":5,"EXCENTRICI":1,"SUP_ESTIM":300,"PERCEN_PNT":null}},{"type":"Feature","id":"HABITATS_TERRESTPNT.261334","geometry":{"type":"MultiPoint","coordinates":[[370985.1207,4671169.1577]]},"geometry_name":"GEOMETRIA","properties":{"ID":261334,"COD_GRUP":"3","GRUP_CA":"Vegetació arbustiva i herbàcia","COD_TIPUS":"32","TIPUS_CA":"Bosquines i matollars mediterranis i submediterranis","COD_SUBTIP":"32.1","SUBTIP_CA":"Màquies i altres bosquines altes","COD_CORINE":"32.1134+","CORINE_CA":"Màquies de carrasca (Quercus rotundifolia), calcícoles, de les contrades mediterrànies i de l'estatge submontà","COD_HIC":"9340","HIC_CA":"Alzinars i carrascars","HIC_PRIOR":"No","COD_EUNIS":"F5.1134.ES","EUNIS_EN":"-","C_EUNIS_ES":"F5.1134.ES","EUNIS_ES":"Maquias (macrofruticedas: 2-6m) de encina (Quercus ilex subsp. rotundifolia) calcícolas","COD_LPEHT":"32.1134","LPEHT_ES":"Maquias (macrofruticedas: 2-6m) de encina (Quercus ilex subsp. rotundifolia) calcícolas","REL_EUN_LP":"L’hàbitat LPEHT es correspon totalment amb l’hàbitat EUNIS","AMENACA":1,"VGI":2,"EXCENTRICI":2,"SUP_ESTIM":1200,"PERCEN_PNT":null}},{"type":"Feature","id":"HABITATS_TERRESTPNT.261080","geometry":{"type":"MultiPoint","coordinates":[[370989.2858,4670524.3088]]},"geometry_name":"GEOMETRIA","properties":{"ID":261080,"COD_GRUP":"3","GRUP_CA":"Vegetació arbustiva i herbàcia","COD_TIPUS":"32","TIPUS_CA":"Bosquines i matollars mediterranis i submediterranis","COD_SUBTIP":"32.4","SUBTIP_CA":"Bosquines i matollars calcícoles mediterranis","COD_CORINE":"32.4811+","CORINE_CA":"Argelagars (matollars de Genista scorpius), calcícoles, de terra baixa i de la muntanya mitjana","COD_HIC":"-","HIC_CA":null,"HIC_PRIOR":null,"COD_EUNIS":"F6.1811.ES","EUNIS_EN":"-","C_EUNIS_ES":"F6.1811.ES","EUNIS_ES":"Matorrales de Genista scorpius","COD_LPEHT":"32.4811","LPEHT_ES":"Matorrales de Genista scorpius","REL_EUN_LP":"L’hàbitat LPEHT es correspon totalment amb l’hàbitat EUNIS","AMENACA":1,"VGI":3,"EXCENTRICI":2,"SUP_ESTIM":400,"PERCEN_PNT":null}},{"type":"Feature","id":"HABITATS_TERRESTPNT.261624","geometry":{"type":"MultiPoint","coordinates":[[371047.8091,4670872.7958]]},"geometry_name":"GEOMETRIA","properties":{"ID":261624,"COD_GRUP":"3","GRUP_CA":"Vegetació arbustiva i herbàcia","COD_TIPUS":"31","TIPUS_CA":"Bosquines i matollars de muntanya i d'ambients frescals de terra baixa","COD_SUBTIP":"31.8","SUBTIP_CA":"Bosquines, matollars i herbassars generalment preforestals o postforestals","COD_CORINE":"31.8122","CORINE_CA":"Bardisses amb esbarzer (Rubus ulmifolius), aranyoner (Prunus spinosa), gavarreres (Rosa spp.)..., mesoxeròfiles, lligades a boscos més aviat secs, de la muntanya mitjana poc plujosa","COD_HIC":"-","HIC_CA":null,"HIC_PRIOR":null,"COD_EUNIS":"F3.1122","EUNIS_EN":"Sub-Mediterranean blackthorn-privet scrub","C_EUNIS_ES":"F3.1122","EUNIS_ES":"Sub-Mediterranean blackthorn-privet scrub","COD_LPEHT":"31.8122","LPEHT_ES":"Zarzales, espinares y orlas submediterráneas con Prunus mahaleb, Acer monspessulanum y otras especies xerotermófilas","REL_EUN_LP":"L’hàbitat LPEHT es correspon totalment amb l’hàbitat EUNIS","AMENACA":1,"VGI":2,"EXCENTRICI":1,"SUP_ESTIM":300,"PERCEN_PNT":null}},{"type":"Feature","id":"HABITATS_TERRESTPNT.261335","geometry":{"type":"MultiPoint","coordinates":[[371089.3575,4671000.9558]]},"geometry_name":"GEOMETRIA","properties":{"ID":261335,"COD_GRUP":"6","GRUP_CA":"Roques, tarteres, glaceres, coves","COD_TIPUS":"62","TIPUS_CA":"Roques no litorals","COD_SUBTIP":"62.1","SUBTIP_CA":"Cingles i penyals calcaris","COD_CORINE":"62.151","CORINE_CA":"Roques calcàries, amb Potentilla caulescens, Saxifraga longifolia, Asplenium fontanum..., de l'estatge montà i de les muntanyes mediterrànies","COD_HIC":"8210","HIC_CA":"Costers rocosos calcaris amb vegetació rupícola","HIC_PRIOR":"No","COD_EUNIS":"H3.251","EUNIS_EN":"Alpine calcareous cliff heliophile communities","C_EUNIS_ES":"H3.251","EUNIS_ES":"Alpine calcareous cliff heliophile communities","COD_LPEHT":"62.151","LPEHT_ES":"Rocas calcáreas con Potentilla caulescens, Saxifraga longifolia, Ramonda myconi, Asplenium fontanum, etc., del prepirineo y de las montañas catalanas","REL_EUN_LP":"L’hàbitat LPEHT es correspon totalment amb l’hàbitat EUNIS","AMENACA":1,"VGI":5,"EXCENTRICI":1,"SUP_ESTIM":600,"PERCEN_PNT":null}},{"type":"Feature","id":"HABITATS_TERRESTPNT.261337","geometry":{"type":"MultiPoint","coordinates":[[371106.1472,4670943.3054]]},"geometry_name":"GEOMETRIA","properties":{"ID":261337,"COD_GRUP":"3","GRUP_CA":"Vegetació arbustiva i herbàcia","COD_TIPUS":"32","TIPUS_CA":"Bosquines i matollars mediterranis i submediterranis","COD_SUBTIP":"32.6","SUBTIP_CA":"Matollars submediterranis i mediterranis muntanyencs","COD_CORINE":"32.641+","CORINE_CA":"Boixedes (matollars de Buxus sempervirens) de la muntanya mitjana (i de les contrades mediterrànies)","COD_HIC":"5110","HIC_CA":"Boixedes xerotermòfiles permanents, dels vessants rocosos","HIC_PRIOR":"No","COD_EUNIS":"F6.64","EUNIS_EN":"Supra-Mediterranean Buxus sempervirens scrub","C_EUNIS_ES":"F6.64","EUNIS_ES":"Supra-Mediterranean [Buxus sempervirens] scrub","COD_LPEHT":"32.64","LPEHT_ES":"Matorrales de Buxus sempervirens de óptimo supramediterráneo","REL_EUN_LP":"L’hàbitat LPEHT es correspon totalment amb l’hàbitat EUNIS","AMENACA":1,"VGI":4,"EXCENTRICI":2,"SUP_ESTIM":1200,"PERCEN_PNT":null}},{"type":"Feature","id":"HABITATS_TERRESTPNT.261339","geometry":{"type":"MultiPoint","coordinates":[[371260.0101,4670856.0062]]},"geometry_name":"GEOMETRIA","properties":{"ID":261339,"COD_GRUP":"3","GRUP_CA":"Vegetació arbustiva i herbàcia","COD_TIPUS":"32","TIPUS_CA":"Bosquines i matollars mediterranis i submediterranis","COD_SUBTIP":"32.1","SUBTIP_CA":"Màquies i altres bosquines altes","COD_CORINE":"32.1311","CORINE_CA":"Cadequers (màquies o garrigues amb abundància de Juniperus oxycedrus arborescent), no litorals","COD_HIC":"5210","HIC_CA":"Màquies i garrigues amb Juniperus spp. arborescents, no dunars","HIC_PRIOR":"No","COD_EUNIS":"F5.1311","EUNIS_EN":"Juniperus oxycedrus arborescent matorral","C_EUNIS_ES":"F5.1311","EUNIS_ES":"[Juniperus oxycedrus] arborescent matorral","COD_LPEHT":"32.1311","LPEHT_ES":"Matorrales arborescentes de Juniperus oxycedrus subsp. oxycedrus interiores","REL_EUN_LP":"L’hàbitat LPEHT es correspon totalment amb l’hàbitat EUNIS","AMENACA":1,"VGI":4,"EXCENTRICI":2,"SUP_ESTIM":180,"PERCEN_PNT":null}},{"type":"Feature","id":"HABITATS_TERRESTPNT.261599","geometry":{"type":"MultiPoint","coordinates":[[371270.5308,4670890.2237]]},"geometry_name":"GEOMETRIA","properties":{"ID":261599,"COD_GRUP":"4","GRUP_CA":"Boscos","COD_TIPUS":"42","TIPUS_CA":"Boscos aciculifolis","COD_SUBTIP":"42.5","SUBTIP_CA":"Boscos de pi roig","COD_CORINE":"42.5921+","CORINE_CA":"Boscos de pi roig (Pinus sylvestris), calcícoles i xeròfils, dels Pirineus","COD_HIC":"-","HIC_CA":null,"HIC_PRIOR":null,"COD_EUNIS":"G3.4921.ES","EUNIS_EN":"-","C_EUNIS_ES":"G3.4921.ES","EUNIS_ES":"Bosques de Pinus sylvestris, calcícolas y xerófilos, del Prepirineo y Pirineo","COD_LPEHT":"42.5921","LPEHT_ES":"Bosques de Pinus sylvestris, calcícolas y xerófilos, del Prepirineo y Pirineo","REL_EUN_LP":"L’hàbitat LPEHT es correspon totalment amb l’hàbitat EUNIS","AMENACA":1,"VGI":5,"EXCENTRICI":2,"SUP_ESTIM":4000,"PERCEN_PNT":null}},{"type":"Feature","id":"HABITATS_TERRESTPNT.261336","geometry":{"type":"MultiPoint","coordinates":[[371275.7503,4671169.5095]]},"geometry_name":"GEOMETRIA","properties":{"ID":261336,"COD_GRUP":"6","GRUP_CA":"Roques, tarteres, glaceres, coves","COD_TIPUS":"61","TIPUS_CA":"Tarteres","COD_SUBTIP":"61.3","SUBTIP_CA":"Altres tarteres","COD_CORINE":"61.311","CORINE_CA":"Pedrusques calcàries, amb Stipa calamagrostis, Rumex scutatus..., de l'estatge montà poc plujós","COD_HIC":"8130","HIC_CA":"Tarteres de l'Europa meridional amb vegetació poc o molt termòfila","HIC_PRIOR":"No","COD_EUNIS":"H2.611","EUNIS_EN":"Rough-grass screes","C_EUNIS_ES":"H2.611","EUNIS_ES":"Rough-grass screes","COD_LPEHT":"61.311","LPEHT_ES":"Pedregales calcáreos, con Stipa calamagrostis, Rumex scutatus, etc., montano-subalpinos","REL_EUN_LP":"L’hàbitat LPEHT es correspon totalment amb l’hàbitat EUNIS","AMENACA":1,"VGI":6,"EXCENTRICI":2,"SUP_ESTIM":3000,"PERCEN_PNT":null}},{"type":"Feature","id":"HABITATS_TERRESTPNT.261600","geometry":{"type":"MultiPoint","coordinates":[[371315.9914,4670879.5067]]},"geometry_name":"GEOMETRIA","properties":{"ID":261600,"COD_GRUP":"3","GRUP_CA":"Vegetació arbustiva i herbàcia","COD_TIPUS":"32","TIPUS_CA":"Bosquines i matollars mediterranis i submediterranis","COD_SUBTIP":"32.4","SUBTIP_CA":"Bosquines i matollars calcícoles mediterranis","COD_CORINE":"32.4811+","CORINE_CA":"Argelagars (matollars de Genista scorpius), calcícoles, de terra baixa i de la muntanya mitjana","COD_HIC":"-","HIC_CA":null,"HIC_PRIOR":null,"COD_EUNIS":"F6.1811.ES","EUNIS_EN":"-","C_EUNIS_ES":"F6.1811.ES","EUNIS_ES":"Matorrales de Genista scorpius","COD_LPEHT":"32.4811","LPEHT_ES":"Matorrales de Genista scorpius","REL_EUN_LP":"L’hàbitat LPEHT es correspon totalment amb l’hàbitat EUNIS","AMENACA":1,"VGI":3,"EXCENTRICI":2,"SUP_ESTIM":110,"PERCEN_PNT":null}},{"type":"Feature","id":"HABITATS_TERRESTPNT.261619","geometry":{"type":"MultiPoint","coordinates":[[371500.435,4671988.3747]]},"geometry_name":"GEOMETRIA","properties":{"ID":261619,"COD_GRUP":"3","GRUP_CA":"Vegetació arbustiva i herbàcia","COD_TIPUS":"31","TIPUS_CA":"Bosquines i matollars de muntanya i d'ambients frescals de terra baixa","COD_SUBTIP":"31.8","SUBTIP_CA":"Bosquines, matollars i herbassars generalment preforestals o postforestals","COD_CORINE":"31.8122","CORINE_CA":"Bardisses amb esbarzer (Rubus ulmifolius), aranyoner (Prunus spinosa), gavarreres (Rosa spp.)..., mesoxeròfiles, lligades a boscos més aviat secs, de la muntanya mitjana poc plujosa","COD_HIC":"-","HIC_CA":null,"HIC_PRIOR":null,"COD_EUNIS":"F3.1122","EUNIS_EN":"Sub-Mediterranean blackthorn-privet scrub","C_EUNIS_ES":"F3.1122","EUNIS_ES":"Sub-Mediterranean blackthorn-privet scrub","COD_LPEHT":"31.8122","LPEHT_ES":"Zarzales, espinares y orlas submediterráneas con Prunus mahaleb, Acer monspessulanum y otras especies xerotermófilas","REL_EUN_LP":"L’hàbitat LPEHT es correspon totalment amb l’hàbitat EUNIS","AMENACA":1,"VGI":2,"EXCENTRICI":1,"SUP_ESTIM":750,"PERCEN_PNT":null}},{"type":"Feature","id":"HABITATS_TERRESTPNT.261340","geometry":{"type":"MultiPoint","coordinates":[[371533.8355,4670856.3205]]},"geometry_name":"GEOMETRIA","properties":{"ID":261340,"COD_GRUP":"3","GRUP_CA":"Vegetació arbustiva i herbàcia","COD_TIPUS":"32","TIPUS_CA":"Bosquines i matollars mediterranis i submediterranis","COD_SUBTIP":"32.6","SUBTIP_CA":"Matollars submediterranis i mediterranis muntanyencs","COD_CORINE":"32.641+","CORINE_CA":"Boixedes (matollars de Buxus sempervirens) de la muntanya mitjana (i de les contrades mediterrànies)","COD_HIC":"5110","HIC_CA":"Boixedes xerotermòfiles permanents, dels vessants rocosos","HIC_PRIOR":"No","COD_EUNIS":"F6.64","EUNIS_EN":"Supra-Mediterranean Buxus sempervirens scrub","C_EUNIS_ES":"F6.64","EUNIS_ES":"Supra-Mediterranean [Buxus sempervirens] scrub","COD_LPEHT":"32.64","LPEHT_ES":"Matorrales de Buxus sempervirens de óptimo supramediterráneo","REL_EUN_LP":"L’hàbitat LPEHT es correspon totalment amb l’hàbitat EUNIS","AMENACA":1,"VGI":4,"EXCENTRICI":2,"SUP_ESTIM":10000,"PERCEN_PNT":null}},{"type":"Feature","id":"HABITATS_TERRESTPNT.261620","geometry":{"type":"MultiPoint","coordinates":[[371615.0297,4671898.1223]]},"geometry_name":"GEOMETRIA","properties":{"ID":261620,"COD_GRUP":"3","GRUP_CA":"Vegetació arbustiva i herbàcia","COD_TIPUS":"31","TIPUS_CA":"Bosquines i matollars de muntanya i d'ambients frescals de terra baixa","COD_SUBTIP":"31.8","SUBTIP_CA":"Bosquines, matollars i herbassars generalment preforestals o postforestals","COD_CORINE":"31.8122","CORINE_CA":"Bardisses amb esbarzer (Rubus ulmifolius), aranyoner (Prunus spinosa), gavarreres (Rosa spp.)..., mesoxeròfiles, lligades a boscos més aviat secs, de la muntanya mitjana poc plujosa","COD_HIC":"-","HIC_CA":null,"HIC_PRIOR":null,"COD_EUNIS":"F3.1122","EUNIS_EN":"Sub-Mediterranean blackthorn-privet scrub","C_EUNIS_ES":"F3.1122","EUNIS_ES":"Sub-Mediterranean blackthorn-privet scrub","COD_LPEHT":"31.8122","LPEHT_ES":"Zarzales, espinares y orlas submediterráneas con Prunus mahaleb, Acer monspessulanum y otras especies xerotermófilas","REL_EUN_LP":"L’hàbitat LPEHT es correspon totalment amb l’hàbitat EUNIS","AMENACA":1,"VGI":2,"EXCENTRICI":1,"SUP_ESTIM":9000,"PERCEN_PNT":null}},{"type":"Feature","id":"HABITATS_TERRESTPNT.261126","geometry":{"type":"MultiPoint","coordinates":[[371723.3627,4671259.4429]]},"geometry_name":"GEOMETRIA","properties":{"ID":261126,"COD_GRUP":"6","GRUP_CA":"Roques, tarteres, glaceres, coves","COD_TIPUS":"61","TIPUS_CA":"Tarteres","COD_SUBTIP":"61.3","SUBTIP_CA":"Altres tarteres","COD_CORINE":"61.311","CORINE_CA":"Pedrusques calcàries, amb Stipa calamagrostis, Rumex scutatus..., de l'estatge montà poc plujós","COD_HIC":"8130","HIC_CA":"Tarteres de l'Europa meridional amb vegetació poc o molt termòfila","HIC_PRIOR":"No","COD_EUNIS":"H2.611","EUNIS_EN":"Rough-grass screes","C_EUNIS_ES":"H2.611","EUNIS_ES":"Rough-grass screes","COD_LPEHT":"61.311","LPEHT_ES":"Pedregales calcáreos, con Stipa calamagrostis, Rumex scutatus, etc., montano-subalpinos","REL_EUN_LP":"L’hàbitat LPEHT es correspon totalment amb l’hàbitat EUNIS","AMENACA":1,"VGI":6,"EXCENTRICI":2,"SUP_ESTIM":2700,"PERCEN_PNT":null}},{"type":"Feature","id":"HABITATS_TERRESTPNT.260789","geometry":{"type":"MultiPoint","coordinates":[[371728.1642,4670412.2523]]},"geometry_name":"GEOMETRIA","properties":{"ID":260789,"COD_GRUP":"3","GRUP_CA":"Vegetació arbustiva i herbàcia","COD_TIPUS":"31","TIPUS_CA":"Bosquines i matollars de muntanya i d'ambients frescals de terra baixa","COD_SUBTIP":"31.8","SUBTIP_CA":"Bosquines, matollars i herbassars generalment preforestals o postforestals","COD_CORINE":"31.8123","CORINE_CA":"Matollars de corner (Amelanchier ovalis), boix (Buxus sempervirens), espina cervina (Rhamnus saxatilis)..., calcícoles, de costers rocosos, secs, de la muntanya mitjana","COD_HIC":"5110","HIC_CA":"Boixedes xerotermòfiles permanents, dels vessants rocosos","HIC_PRIOR":"No","COD_EUNIS":"F3.1123","EUNIS_EN":"Rock pear scrub","C_EUNIS_ES":"F3.1123","EUNIS_ES":"Rock pear scrub","COD_LPEHT":"31.8123","LPEHT_ES":"Orlas y bosquetes de guillomo (Amelanchier ovalis), en ocasiones con Cotoneaster spp.","REL_EUN_LP":"L’hàbitat LPEHT es correspon totalment amb l’hàbitat EUNIS","AMENACA":1,"VGI":4,"EXCENTRICI":2,"SUP_ESTIM":1400,"PERCEN_PNT":null}},{"type":"Feature","id":"HABITATS_TERRESTPNT.261127","geometry":{"type":"MultiPoint","coordinates":[[371829.1962,4671132.9718]]},"geometry_name":"GEOMETRIA","properties":{"ID":261127,"COD_GRUP":"6","GRUP_CA":"Roques, tarteres, glaceres, coves","COD_TIPUS":"62","TIPUS_CA":"Roques no litorals","COD_SUBTIP":"62.1","SUBTIP_CA":"Cingles i penyals calcaris","COD_CORINE":"62.151","CORINE_CA":"Roques calcàries, amb Potentilla caulescens, Saxifraga longifolia, Asplenium fontanum..., de l'estatge montà i de les muntanyes mediterrànies","COD_HIC":"8210","HIC_CA":"Costers rocosos calcaris amb vegetació rupícola","HIC_PRIOR":"No","COD_EUNIS":"H3.251","EUNIS_EN":"Alpine calcareous cliff heliophile communities","C_EUNIS_ES":"H3.251","EUNIS_ES":"Alpine calcareous cliff heliophile communities","COD_LPEHT":"62.151","LPEHT_ES":"Rocas calcáreas con Potentilla caulescens, Saxifraga longifolia, Ramonda myconi, Asplenium fontanum, etc., del prepirineo y de las montañas catalanas","REL_EUN_LP":"L’hàbitat LPEHT es correspon totalment amb l’hàbitat EUNIS","AMENACA":1,"VGI":5,"EXCENTRICI":1,"SUP_ESTIM":2700,"PERCEN_PNT":null}},{"type":"Feature","id":"HABITATS_TERRESTPNT.260719","geometry":{"type":"MultiPoint","coordinates":[[371844.0477,4670995.2493]]},"geometry_name":"GEOMETRIA","properties":{"ID":260719,"COD_GRUP":"6","GRUP_CA":"Roques, tarteres, glaceres, coves","COD_TIPUS":"61","TIPUS_CA":"Tarteres","COD_SUBTIP":"61.3","SUBTIP_CA":"Altres tarteres","COD_CORINE":"61.311","CORINE_CA":"Pedrusques calcàries, amb Stipa calamagrostis, Rumex scutatus..., de l'estatge montà poc plujós","COD_HIC":"8130","HIC_CA":"Tarteres de l'Europa meridional amb vegetació poc o molt termòfila","HIC_PRIOR":"No","COD_EUNIS":"H2.611","EUNIS_EN":"Rough-grass screes","C_EUNIS_ES":"H2.611","EUNIS_ES":"Rough-grass screes","COD_LPEHT":"61.311","LPEHT_ES":"Pedregales calcáreos, con Stipa calamagrostis, Rumex scutatus, etc., montano-subalpinos","REL_EUN_LP":"L’hàbitat LPEHT es correspon totalment amb l’hàbitat EUNIS","AMENACA":1,"VGI":6,"EXCENTRICI":2,"SUP_ESTIM":1600,"PERCEN_PNT":null}},{"type":"Feature","id":"HABITATS_TERRESTPNT.261603","geometry":{"type":"MultiPoint","coordinates":[[371848.4785,4670393.9182]]},"geometry_name":"GEOMETRIA","properties":{"ID":261603,"COD_GRUP":"4","GRUP_CA":"Boscos","COD_TIPUS":"42","TIPUS_CA":"Boscos aciculifolis","COD_SUBTIP":"42.B+","SUBTIP_CA":"Boscos mixtos de coníferes","COD_CORINE":"42.B5+","CORINE_CA":"Altres boscos mixtos de coníferes","COD_HIC":"-","HIC_CA":null,"HIC_PRIOR":null,"COD_EUNIS":"G3.G8.ES","EUNIS_EN":"-","C_EUNIS_ES":"G3.G8.ES","EUNIS_ES":"Otros bosques mixtos de coníferas","COD_LPEHT":"42.G8","LPEHT_ES":"Otros bosques mixtos de coníferas","REL_EUN_LP":"L’hàbitat LPEHT es correspon totalment amb l’hàbitat EUNIS","AMENACA":3,"VGI":2,"EXCENTRICI":1,"SUP_ESTIM":7000,"PERCEN_PNT":null}},{"type":"Feature","id":"HABITATS_TERRESTPNT.261341","geometry":{"type":"MultiPoint","coordinates":[[371891.7471,4670829.4589]]},"geometry_name":"GEOMETRIA","properties":{"ID":261341,"COD_GRUP":"6","GRUP_CA":"Roques, tarteres, glaceres, coves","COD_TIPUS":"62","TIPUS_CA":"Roques no litorals","COD_SUBTIP":"62.1","SUBTIP_CA":"Cingles i penyals calcaris","COD_CORINE":"62.151","CORINE_CA":"Roques calcàries, amb Potentilla caulescens, Saxifraga longifolia, Asplenium fontanum..., de l'estatge montà i de les muntanyes mediterrànies","COD_HIC":"8210","HIC_CA":"Costers rocosos calcaris amb vegetació rupícola","HIC_PRIOR":"No","COD_EUNIS":"H3.251","EUNIS_EN":"Alpine calcareous cliff heliophile communities","C_EUNIS_ES":"H3.251","EUNIS_ES":"Alpine calcareous cliff heliophile communities","COD_LPEHT":"62.151","LPEHT_ES":"Rocas calcáreas con Potentilla caulescens, Saxifraga longifolia, Ramonda myconi, Asplenium fontanum, etc., del prepirineo y de las montañas catalanas","REL_EUN_LP":"L’hàbitat LPEHT es correspon totalment amb l’hàbitat EUNIS","AMENACA":1,"VGI":5,"EXCENTRICI":1,"SUP_ESTIM":140,"PERCEN_PNT":null}},{"type":"Feature","id":"HABITATS_TERRESTPNT.261348","geometry":{"type":"MultiPoint","coordinates":[[371927.1686,4670444.9402]]},"geometry_name":"GEOMETRIA","properties":{"ID":261348,"COD_GRUP":"4","GRUP_CA":"Boscos","COD_TIPUS":"42","TIPUS_CA":"Boscos aciculifolis","COD_SUBTIP":"42.4","SUBTIP_CA":"Boscos de pi negre","COD_CORINE":"42.425","CORINE_CA":"Boscos de pi negre (Pinus uncinata), calcícoles i mesòfils, dels obacs pirinencs","COD_HIC":"9430*","HIC_CA":"Boscos de pi negre (Pinus uncinata) calcícoles","HIC_PRIOR":"Si","COD_EUNIS":"G3.325","EUNIS_EN":"Pasqueflower mountain pine forests","C_EUNIS_ES":"G3.325","EUNIS_ES":"Pasqueflower mountain pine forests","COD_LPEHT":"42.425","LPEHT_ES":"Bosques de pino negro (Pinus uncinata), calcícolas y mesófilos, de las umbrías pirenaicas","REL_EUN_LP":"L’hàbitat LPEHT es correspon totalment amb l’hàbitat EUNIS","AMENACA":2,"VGI":6,"EXCENTRICI":2,"SUP_ESTIM":2000,"PERCEN_PNT":null}},{"type":"Feature","id":"HABITATS_TERRESTPNT.261342","geometry":{"type":"MultiPoint","coordinates":[[371941.0988,4671087.519]]},"geometry_name":"GEOMETRIA","properties":{"ID":261342,"COD_GRUP":"3","GRUP_CA":"Vegetació arbustiva i herbàcia","COD_TIPUS":"34","TIPUS_CA":"Prats (i altres formacions herbàcies) basòfils, secs, de terra baixa i de la muntanya mitjana","COD_SUBTIP":"34.3","SUBTIP_CA":"Prats medioeuropeus (o mediterranis) dominats per herbes perennes","COD_CORINE":"34.32611+","CORINE_CA":"Prats calcícoles i mesòfils, amb Festuca nigrescens, Plantago media (plantatge), Galium verum (espunyidella groga), Cirsium acaule..., de la muntanya mitjana i de l'estatge subalpí dels Pirineus i de les terres properes","COD_HIC":"6210","HIC_CA":"Prats -i fàcies emmatades- medioeuropeus, seminaturals, sobre substrat calcari (Festuco-Brometea)","HIC_PRIOR":"No","COD_EUNIS":"E1.26611.ES","EUNIS_EN":"-","C_EUNIS_ES":"E1.26611.ES","EUNIS_ES":"Pastos calcícolas y mesófilos, con Festuca nigrescens, Plantago media, Galium verum, Cirsium acaule, etc.","COD_LPEHT":"34.32611","LPEHT_ES":"Pastos calcícolas y mesófilos, con Festuca nigrescens, Plantago media, Galium verum, Cirsium acaule, etc.","REL_EUN_LP":"L’hàbitat LPEHT es correspon totalment amb l’hàbitat EUNIS","AMENACA":1,"VGI":5,"EXCENTRICI":2,"SUP_ESTIM":9700,"PERCEN_PNT":null}},{"type":"Feature","id":"HABITATS_TERRESTPNT.261601","geometry":{"type":"MultiPoint","coordinates":[[372114.5426,4670965.8372]]},"geometry_name":"GEOMETRIA","properties":{"ID":261601,"COD_GRUP":"3","GRUP_CA":"Vegetació arbustiva i herbàcia","COD_TIPUS":"32","TIPUS_CA":"Bosquines i matollars mediterranis i submediterranis","COD_SUBTIP":"32.6","SUBTIP_CA":"Matollars submediterranis i mediterranis muntanyencs","COD_CORINE":"32.61","CORINE_CA":"Matollars d'espígol (Lavandula angustifolia), sovint amb boix (Buxus sempervirens), ginestell (Genista cinerea)..., calcícoles, de la muntanya mitjana poc plujosa","COD_HIC":"-","HIC_CA":null,"HIC_PRIOR":null,"COD_EUNIS":"F6.61","EUNIS_EN":"Lavandula angustifolia garrigues","C_EUNIS_ES":"F6.61","EUNIS_ES":"[Lavandula angustifolia] garrigues","COD_LPEHT":"32.61","LPEHT_ES":"Matorrales de espliego (Lavandula angustifolia subsp. pyrenaica), a menudo con Buxus sempervirens, Genista ausetana, etc.","REL_EUN_LP":"L’hàbitat LPEHT es correspon totalment amb l’hàbitat EUNIS","AMENACA":3,"VGI":4,"EXCENTRICI":1,"SUP_ESTIM":300,"PERCEN_PNT":null}},{"type":"Feature","id":"HABITATS_TERRESTPNT.261343","geometry":{"type":"MultiPoint","coordinates":[[372178.7706,4671044.2943]]},"geometry_name":"GEOMETRIA","properties":{"ID":261343,"COD_GRUP":"6","GRUP_CA":"Roques, tarteres, glaceres, coves","COD_TIPUS":"61","TIPUS_CA":"Tarteres","COD_SUBTIP":"61.3","SUBTIP_CA":"Altres tarteres","COD_CORINE":"61.311","CORINE_CA":"Pedrusques calcàries, amb Stipa calamagrostis, Rumex scutatus..., de l'estatge montà poc plujós","COD_HIC":"8130","HIC_CA":"Tarteres de l'Europa meridional amb vegetació poc o molt termòfila","HIC_PRIOR":"No","COD_EUNIS":"H2.611","EUNIS_EN":"Rough-grass screes","C_EUNIS_ES":"H2.611","EUNIS_ES":"Rough-grass screes","COD_LPEHT":"61.311","LPEHT_ES":"Pedregales calcáreos, con Stipa calamagrostis, Rumex scutatus, etc., montano-subalpinos","REL_EUN_LP":"L’hàbitat LPEHT es correspon totalment amb l’hàbitat EUNIS","AMENACA":1,"VGI":6,"EXCENTRICI":2,"SUP_ESTIM":6000,"PERCEN_PNT":null}},{"type":"Feature","id":"HABITATS_TERRESTPNT.261602","geometry":{"type":"MultiPoint","coordinates":[[372215.8793,4670778.0375]]},"geometry_name":"GEOMETRIA","properties":{"ID":261602,"COD_GRUP":"3","GRUP_CA":"Vegetació arbustiva i herbàcia","COD_TIPUS":"32","TIPUS_CA":"Bosquines i matollars mediterranis i submediterranis","COD_SUBTIP":"32.6","SUBTIP_CA":"Matollars submediterranis i mediterranis muntanyencs","COD_CORINE":"32.61","CORINE_CA":"Matollars d'espígol (Lavandula angustifolia), sovint amb boix (Buxus sempervirens), ginestell (Genista cinerea)..., calcícoles, de la muntanya mitjana poc plujosa","COD_HIC":"-","HIC_CA":null,"HIC_PRIOR":null,"COD_EUNIS":"F6.61","EUNIS_EN":"Lavandula angustifolia garrigues","C_EUNIS_ES":"F6.61","EUNIS_ES":"[Lavandula angustifolia] garrigues","COD_LPEHT":"32.61","LPEHT_ES":"Matorrales de espliego (Lavandula angustifolia subsp. pyrenaica), a menudo con Buxus sempervirens, Genista ausetana, etc.","REL_EUN_LP":"L’hàbitat LPEHT es correspon totalment amb l’hàbitat EUNIS","AMENACA":3,"VGI":4,"EXCENTRICI":1,"SUP_ESTIM":900,"PERCEN_PNT":null}},{"type":"Feature","id":"HABITATS_TERRESTPNT.261618","geometry":{"type":"MultiPoint","coordinates":[[372222.265,4671934.1299]]},"geometry_name":"GEOMETRIA","properties":{"ID":261618,"COD_GRUP":"3","GRUP_CA":"Vegetació arbustiva i herbàcia","COD_TIPUS":"31","TIPUS_CA":"Bosquines i matollars de muntanya i d'ambients frescals de terra baixa","COD_SUBTIP":"31.8","SUBTIP_CA":"Bosquines, matollars i herbassars generalment preforestals o postforestals","COD_CORINE":"31.8122","CORINE_CA":"Bardisses amb esbarzer (Rubus ulmifolius), aranyoner (Prunus spinosa), gavarreres (Rosa spp.)..., mesoxeròfiles, lligades a boscos més aviat secs, de la muntanya mitjana poc plujosa","COD_HIC":"-","HIC_CA":null,"HIC_PRIOR":null,"COD_EUNIS":"F3.1122","EUNIS_EN":"Sub-Mediterranean blackthorn-privet scrub","C_EUNIS_ES":"F3.1122","EUNIS_ES":"Sub-Mediterranean blackthorn-privet scrub","COD_LPEHT":"31.8122","LPEHT_ES":"Zarzales, espinares y orlas submediterráneas con Prunus mahaleb, Acer monspessulanum y otras especies xerotermófilas","REL_EUN_LP":"L’hàbitat LPEHT es correspon totalment amb l’hàbitat EUNIS","AMENACA":1,"VGI":2,"EXCENTRICI":1,"SUP_ESTIM":90,"PERCEN_PNT":null}},{"type":"Feature","id":"HABITATS_TERRESTPNT.262928","geometry":{"type":"MultiPoint","coordinates":[[372260.1453,4672200.3895]]},"geometry_name":"GEOMETRIA","properties":{"ID":262928,"COD_GRUP":"3","GRUP_CA":"Vegetació arbustiva i herbàcia","COD_TIPUS":"34","TIPUS_CA":"Prats (i altres formacions herbàcies) basòfils, secs, de terra baixa i de la muntanya mitjana","COD_SUBTIP":"34.7","SUBTIP_CA":"Prats submediterranis","COD_CORINE":"34.7133","CORINE_CA":"Prats, sovint emmatats, d'Ononis striata, Anthyllis montana, Globularia cordifolia (lluqueta)..., calcícoles i xeròfils, de la muntanya mitjana (i de l'estatge subalpí), sobretot als Prepirineus","COD_HIC":"-","HIC_CA":null,"HIC_PRIOR":null,"COD_EUNIS":"E1.5133.ES","EUNIS_EN":"-","C_EUNIS_ES":"E1.5133.ES","EUNIS_ES":"Pastizales franco-ibéricos con Anthyllis montana, Ononis striata, Koeleria vallesiana y Festuca spp.","COD_LPEHT":"34.7133","LPEHT_ES":"Pastizales franco-ibéricos con Anthyllis montana, Ononis striata, Koeleria vallesiana y Festuca spp.","REL_EUN_LP":"L’hàbitat LPEHT es correspon totalment amb l’hàbitat EUNIS","AMENACA":1,"VGI":5,"EXCENTRICI":1,"SUP_ESTIM":400,"PERCEN_PNT":null}},{"type":"Feature","id":"HABITATS_TERRESTPNT.261347","geometry":{"type":"MultiPoint","coordinates":[[372268.9435,4670907.3064]]},"geometry_name":"GEOMETRIA","properties":{"ID":261347,"COD_GRUP":"3","GRUP_CA":"Vegetació arbustiva i herbàcia","COD_TIPUS":"32","TIPUS_CA":"Bosquines i matollars mediterranis i submediterranis","COD_SUBTIP":"32.6","SUBTIP_CA":"Matollars submediterranis i mediterranis muntanyencs","COD_CORINE":"32.641+","CORINE_CA":"Boixedes (matollars de Buxus sempervirens) de la muntanya mitjana (i de les contrades mediterrànies)","COD_HIC":"5110","HIC_CA":"Boixedes xerotermòfiles permanents, dels vessants rocosos","HIC_PRIOR":"No","COD_EUNIS":"F6.64","EUNIS_EN":"Supra-Mediterranean Buxus sempervirens scrub","C_EUNIS_ES":"F6.64","EUNIS_ES":"Supra-Mediterranean [Buxus sempervirens] scrub","COD_LPEHT":"32.64","LPEHT_ES":"Matorrales de Buxus sempervirens de óptimo supramediterráneo","REL_EUN_LP":"L’hàbitat LPEHT es correspon totalment amb l’hàbitat EUNIS","AMENACA":1,"VGI":4,"EXCENTRICI":2,"SUP_ESTIM":400,"PERCEN_PNT":null}},{"type":"Feature","id":"HABITATS_TERRESTPNT.261344","geometry":{"type":"MultiPoint","coordinates":[[372298.6229,4671171.8681]]},"geometry_name":"GEOMETRIA","properties":{"ID":261344,"COD_GRUP":"6","GRUP_CA":"Roques, tarteres, glaceres, coves","COD_TIPUS":"61","TIPUS_CA":"Tarteres","COD_SUBTIP":"61.3","SUBTIP_CA":"Altres tarteres","COD_CORINE":"61.311","CORINE_CA":"Pedrusques calcàries, amb Stipa calamagrostis, Rumex scutatus..., de l'estatge montà poc plujós","COD_HIC":"8130","HIC_CA":"Tarteres de l'Europa meridional amb vegetació poc o molt termòfila","HIC_PRIOR":"No","COD_EUNIS":"H2.611","EUNIS_EN":"Rough-grass screes","C_EUNIS_ES":"H2.611","EUNIS_ES":"Rough-grass screes","COD_LPEHT":"61.311","LPEHT_ES":"Pedregales calcáreos, con Stipa calamagrostis, Rumex scutatus, etc., montano-subalpinos","REL_EUN_LP":"L’hàbitat LPEHT es correspon totalment amb l’hàbitat EUNIS","AMENACA":1,"VGI":6,"EXCENTRICI":2,"SUP_ESTIM":6000,"PERCEN_PNT":null}},{"type":"Feature","id":"HABITATS_TERRESTPNT.261349","geometry":{"type":"MultiPoint","coordinates":[[372337.1991,4670445.8912]]},"geometry_name":"GEOMETRIA","properties":{"ID":261349,"COD_GRUP":"3","GRUP_CA":"Vegetació arbustiva i herbàcia","COD_TIPUS":"31","TIPUS_CA":"Bosquines i matollars de muntanya i d'ambients frescals de terra baixa","COD_SUBTIP":"31.8","SUBTIP_CA":"Bosquines, matollars i herbassars generalment preforestals o postforestals","COD_CORINE":"31.881","CORINE_CA":"Ginebredes de Juniperus communis, poc o molt denses, colonitzant pastures de la muntanya mitjana","COD_HIC":"5130","HIC_CA":"Formacions de Juniperus communis colonitzadores de landes o de pastures calcícoles","HIC_PRIOR":"No","COD_EUNIS":"F3.161","EUNIS_EN":"Juniper downs","C_EUNIS_ES":"F3.161","EUNIS_ES":"Juniper downs","COD_LPEHT":"31.881","LPEHT_ES":"Enebrales de Juniperus communis colonizando pastos calcícolas de montaña","REL_EUN_LP":"L’hàbitat LPEHT es correspon totalment amb l’hàbitat EUNIS","AMENACA":1,"VGI":2,"EXCENTRICI":1,"SUP_ESTIM":200,"PERCEN_PNT":null}},{"type":"Feature","id":"HABITATS_TERRESTPNT.261237","geometry":{"type":"MultiPoint","coordinates":[[372339.6735,4671341.9687]]},"geometry_name":"GEOMETRIA","properties":{"ID":261237,"COD_GRUP":"6","GRUP_CA":"Roques, tarteres, glaceres, coves","COD_TIPUS":"62","TIPUS_CA":"Roques no litorals","COD_SUBTIP":"62.1","SUBTIP_CA":"Cingles i penyals calcaris","COD_CORINE":"62.151","CORINE_CA":"Roques calcàries, amb Potentilla caulescens, Saxifraga longifolia, Asplenium fontanum..., de l'estatge montà i de les muntanyes mediterrànies","COD_HIC":"8210","HIC_CA":"Costers rocosos calcaris amb vegetació rupícola","HIC_PRIOR":"No","COD_EUNIS":"H3.251","EUNIS_EN":"Alpine calcareous cliff heliophile communities","C_EUNIS_ES":"H3.251","EUNIS_ES":"Alpine calcareous cliff heliophile communities","COD_LPEHT":"62.151","LPEHT_ES":"Rocas calcáreas con Potentilla caulescens, Saxifraga longifolia, Ramonda myconi, Asplenium fontanum, etc., del prepirineo y de las montañas catalanas","REL_EUN_LP":"L’hàbitat LPEHT es correspon totalment amb l’hàbitat EUNIS","AMENACA":1,"VGI":5,"EXCENTRICI":1,"SUP_ESTIM":300,"PERCEN_PNT":null}},{"type":"Feature","id":"HABITATS_TERRESTPNT.261631","geometry":{"type":"MultiPoint","coordinates":[[372403.0221,4672169.2094]]},"geometry_name":"GEOMETRIA","properties":{"ID":261631,"COD_GRUP":"6","GRUP_CA":"Roques, tarteres, glaceres, coves","COD_TIPUS":"65","TIPUS_CA":"Coves","COD_SUBTIP":"65.4","SUBTIP_CA":"Coves i avencs","COD_CORINE":"65.4","CORINE_CA":"Coves i avencs","COD_HIC":"8310","HIC_CA":"Coves no explotades pel turisme","HIC_PRIOR":"No","COD_EUNIS":"H1.23","EUNIS_EN":"Troglobiont invertebrate caves","C_EUNIS_ES":"H1.23","EUNIS_ES":"Troglobiont invertebrate caves","COD_LPEHT":"65.4","LPEHT_ES":"Cuevas con invertebrados troglobiontes","REL_EUN_LP":"L’hàbitat LPEHT es correspon totalment amb l’hàbitat EUNIS","AMENACA":1,"VGI":4,"EXCENTRICI":2,"SUP_ESTIM":1,"PERCEN_PNT":null}},{"type":"Feature","id":"HABITATS_TERRESTPNT.261345","geometry":{"type":"MultiPoint","coordinates":[[372498.0554,4671439.3621]]},"geometry_name":"GEOMETRIA","properties":{"ID":261345,"COD_GRUP":"3","GRUP_CA":"Vegetació arbustiva i herbàcia","COD_TIPUS":"34","TIPUS_CA":"Prats (i altres formacions herbàcies) basòfils, secs, de terra baixa i de la muntanya mitjana","COD_SUBTIP":"34.3","SUBTIP_CA":"Prats medioeuropeus (o mediterranis) dominats per herbes perennes","COD_CORINE":"34.32611+","CORINE_CA":"Prats calcícoles i mesòfils, amb Festuca nigrescens, Plantago media (plantatge), Galium verum (espunyidella groga), Cirsium acaule..., de la muntanya mitjana i de l'estatge subalpí dels Pirineus i de les terres properes","COD_HIC":"6210","HIC_CA":"Prats -i fàcies emmatades- medioeuropeus, seminaturals, sobre substrat calcari (Festuco-Brometea)","HIC_PRIOR":"No","COD_EUNIS":"E1.26611.ES","EUNIS_EN":"-","C_EUNIS_ES":"E1.26611.ES","EUNIS_ES":"Pastos calcícolas y mesófilos, con Festuca nigrescens, Plantago media, Galium verum, Cirsium acaule, etc.","COD_LPEHT":"34.32611","LPEHT_ES":"Pastos calcícolas y mesófilos, con Festuca nigrescens, Plantago media, Galium verum, Cirsium acaule, etc.","REL_EUN_LP":"L’hàbitat LPEHT es correspon totalment amb l’hàbitat EUNIS","AMENACA":1,"VGI":5,"EXCENTRICI":2,"SUP_ESTIM":11000,"PERCEN_PNT":null}},{"type":"Feature","id":"HABITATS_TERRESTPNT.261346","geometry":{"type":"MultiPoint","coordinates":[[372510.9701,4671299.9444]]},"geometry_name":"GEOMETRIA","properties":{"ID":261346,"COD_GRUP":"6","GRUP_CA":"Roques, tarteres, glaceres, coves","COD_TIPUS":"62","TIPUS_CA":"Roques no litorals","COD_SUBTIP":"62.1","SUBTIP_CA":"Cingles i penyals calcaris","COD_CORINE":"62.151","CORINE_CA":"Roques calcàries, amb Potentilla caulescens, Saxifraga longifolia, Asplenium fontanum..., de l'estatge montà i de les muntanyes mediterrànies","COD_HIC":"8210","HIC_CA":"Costers rocosos calcaris amb vegetació rupícola","HIC_PRIOR":"No","COD_EUNIS":"H3.251","EUNIS_EN":"Alpine calcareous cliff heliophile communities","C_EUNIS_ES":"H3.251","EUNIS_ES":"Alpine calcareous cliff heliophile communities","COD_LPEHT":"62.151","LPEHT_ES":"Rocas calcáreas con Potentilla caulescens, Saxifraga longifolia, Ramonda myconi, Asplenium fontanum, etc., del prepirineo y de las montañas catalanas","REL_EUN_LP":"L’hàbitat LPEHT es correspon totalment amb l’hàbitat EUNIS","AMENACA":1,"VGI":5,"EXCENTRICI":1,"SUP_ESTIM":900,"PERCEN_PNT":null}},{"type":"Feature","id":"HABITATS_TERRESTPNT.261360","geometry":{"type":"MultiPoint","coordinates":[[372583.8492,4672002.1999]]},"geometry_name":"GEOMETRIA","properties":{"ID":261360,"COD_GRUP":"3","GRUP_CA":"Vegetació arbustiva i herbàcia","COD_TIPUS":"32","TIPUS_CA":"Bosquines i matollars mediterranis i submediterranis","COD_SUBTIP":"32.6","SUBTIP_CA":"Matollars submediterranis i mediterranis muntanyencs","COD_CORINE":"32.641+","CORINE_CA":"Boixedes (matollars de Buxus sempervirens) de la muntanya mitjana (i de les contrades mediterrànies)","COD_HIC":"5110","HIC_CA":"Boixedes xerotermòfiles permanents, dels vessants rocosos","HIC_PRIOR":"No","COD_EUNIS":"F6.64","EUNIS_EN":"Supra-Mediterranean Buxus sempervirens scrub","C_EUNIS_ES":"F6.64","EUNIS_ES":"Supra-Mediterranean [Buxus sempervirens] scrub","COD_LPEHT":"32.64","LPEHT_ES":"Matorrales de Buxus sempervirens de óptimo supramediterráneo","REL_EUN_LP":"L’hàbitat LPEHT es correspon totalment amb l’hàbitat EUNIS","AMENACA":1,"VGI":4,"EXCENTRICI":2,"SUP_ESTIM":80,"PERCEN_PNT":null}},{"type":"Feature","id":"HABITATS_TERRESTPNT.261617","geometry":{"type":"MultiPoint","coordinates":[[372688.0516,4671998.7933]]},"geometry_name":"GEOMETRIA","properties":{"ID":261617,"COD_GRUP":"3","GRUP_CA":"Vegetació arbustiva i herbàcia","COD_TIPUS":"31","TIPUS_CA":"Bosquines i matollars de muntanya i d'ambients frescals de terra baixa","COD_SUBTIP":"31.8","SUBTIP_CA":"Bosquines, matollars i herbassars generalment preforestals o postforestals","COD_CORINE":"31.8122","CORINE_CA":"Bardisses amb esbarzer (Rubus ulmifolius), aranyoner (Prunus spinosa), gavarreres (Rosa spp.)..., mesoxeròfiles, lligades a boscos més aviat secs, de la muntanya mitjana poc plujosa","COD_HIC":"-","HIC_CA":null,"HIC_PRIOR":null,"COD_EUNIS":"F3.1122","EUNIS_EN":"Sub-Mediterranean blackthorn-privet scrub","C_EUNIS_ES":"F3.1122","EUNIS_ES":"Sub-Mediterranean blackthorn-privet scrub","COD_LPEHT":"31.8122","LPEHT_ES":"Zarzales, espinares y orlas submediterráneas con Prunus mahaleb, Acer monspessulanum y otras especies xerotermófilas","REL_EUN_LP":"L’hàbitat LPEHT es correspon totalment amb l’hàbitat EUNIS","AMENACA":1,"VGI":2,"EXCENTRICI":1,"SUP_ESTIM":180,"PERCEN_PNT":null}},{"type":"Feature","id":"HABITATS_TERRESTPNT.261350","geometry":{"type":"MultiPoint","coordinates":[[372703.5076,4670668.1325]]},"geometry_name":"GEOMETRIA","properties":{"ID":261350,"COD_GRUP":"3","GRUP_CA":"Vegetació arbustiva i herbàcia","COD_TIPUS":"31","TIPUS_CA":"Bosquines i matollars de muntanya i d'ambients frescals de terra baixa","COD_SUBTIP":"31.8","SUBTIP_CA":"Bosquines, matollars i herbassars generalment preforestals o postforestals","COD_CORINE":"31.881","CORINE_CA":"Ginebredes de Juniperus communis, poc o molt denses, colonitzant pastures de la muntanya mitjana","COD_HIC":"5130","HIC_CA":"Formacions de Juniperus communis colonitzadores de landes o de pastures calcícoles","HIC_PRIOR":"No","COD_EUNIS":"F3.161","EUNIS_EN":"Juniper downs","C_EUNIS_ES":"F3.161","EUNIS_ES":"Juniper downs","COD_LPEHT":"31.881","LPEHT_ES":"Enebrales de Juniperus communis colonizando pastos calcícolas de montaña","REL_EUN_LP":"L’hàbitat LPEHT es correspon totalment amb l’hàbitat EUNIS","AMENACA":1,"VGI":2,"EXCENTRICI":1,"SUP_ESTIM":200,"PERCEN_PNT":null}},{"type":"Feature","id":"HABITATS_TERRESTPNT.261005","geometry":{"type":"MultiPoint","coordinates":[[372722.7327,4671599.3224]]},"geometry_name":"GEOMETRIA","properties":{"ID":261005,"COD_GRUP":"4","GRUP_CA":"Boscos","COD_TIPUS":"42","TIPUS_CA":"Boscos aciculifolis","COD_SUBTIP":"42.B+","SUBTIP_CA":"Boscos mixtos de coníferes","COD_CORINE":"42.B5+","CORINE_CA":"Altres boscos mixtos de coníferes","COD_HIC":"-","HIC_CA":null,"HIC_PRIOR":null,"COD_EUNIS":"G3.G8.ES","EUNIS_EN":"-","C_EUNIS_ES":"G3.G8.ES","EUNIS_ES":"Otros bosques mixtos de coníferas","COD_LPEHT":"42.G8","LPEHT_ES":"Otros bosques mixtos de coníferas","REL_EUN_LP":"L’hàbitat LPEHT es correspon totalment amb l’hàbitat EUNIS","AMENACA":3,"VGI":2,"EXCENTRICI":1,"SUP_ESTIM":800,"PERCEN_PNT":null}},{"type":"Feature","id":"HABITATS_TERRESTPNT.261355","geometry":{"type":"MultiPoint","coordinates":[[372765.724,4671575.8647]]},"geometry_name":"GEOMETRIA","properties":{"ID":261355,"COD_GRUP":"6","GRUP_CA":"Roques, tarteres, glaceres, coves","COD_TIPUS":"61","TIPUS_CA":"Tarteres","COD_SUBTIP":"61.3","SUBTIP_CA":"Altres tarteres","COD_CORINE":"61.311","CORINE_CA":"Pedrusques calcàries, amb Stipa calamagrostis, Rumex scutatus..., de l'estatge montà poc plujós","COD_HIC":"8130","HIC_CA":"Tarteres de l'Europa meridional amb vegetació poc o molt termòfila","HIC_PRIOR":"No","COD_EUNIS":"H2.611","EUNIS_EN":"Rough-grass screes","C_EUNIS_ES":"H2.611","EUNIS_ES":"Rough-grass screes","COD_LPEHT":"61.311","LPEHT_ES":"Pedregales calcáreos, con Stipa calamagrostis, Rumex scutatus, etc., montano-subalpinos","REL_EUN_LP":"L’hàbitat LPEHT es correspon totalment amb l’hàbitat EUNIS","AMENACA":1,"VGI":6,"EXCENTRICI":2,"SUP_ESTIM":3100,"PERCEN_PNT":null}},{"type":"Feature","id":"HABITATS_TERRESTPNT.261351","geometry":{"type":"MultiPoint","coordinates":[[372767.0324,4670699.3079]]},"geometry_name":"GEOMETRIA","properties":{"ID":261351,"COD_GRUP":"3","GRUP_CA":"Vegetació arbustiva i herbàcia","COD_TIPUS":"31","TIPUS_CA":"Bosquines i matollars de muntanya i d'ambients frescals de terra baixa","COD_SUBTIP":"31.8","SUBTIP_CA":"Bosquines, matollars i herbassars generalment preforestals o postforestals","COD_CORINE":"31.881","CORINE_CA":"Ginebredes de Juniperus communis, poc o molt denses, colonitzant pastures de la muntanya mitjana","COD_HIC":"5130","HIC_CA":"Formacions de Juniperus communis colonitzadores de landes o de pastures calcícoles","HIC_PRIOR":"No","COD_EUNIS":"F3.161","EUNIS_EN":"Juniper downs","C_EUNIS_ES":"F3.161","EUNIS_ES":"Juniper downs","COD_LPEHT":"31.881","LPEHT_ES":"Enebrales de Juniperus communis colonizando pastos calcícolas de montaña","REL_EUN_LP":"L’hàbitat LPEHT es correspon totalment amb l’hàbitat EUNIS","AMENACA":1,"VGI":2,"EXCENTRICI":1,"SUP_ESTIM":160,"PERCEN_PNT":null}},{"type":"Feature","id":"HABITATS_TERRESTPNT.261356","geometry":{"type":"MultiPoint","coordinates":[[372769.8605,4671509.6365]]},"geometry_name":"GEOMETRIA","properties":{"ID":261356,"COD_GRUP":"3","GRUP_CA":"Vegetació arbustiva i herbàcia","COD_TIPUS":"32","TIPUS_CA":"Bosquines i matollars mediterranis i submediterranis","COD_SUBTIP":"32.6","SUBTIP_CA":"Matollars submediterranis i mediterranis muntanyencs","COD_CORINE":"32.641+","CORINE_CA":"Boixedes (matollars de Buxus sempervirens) de la muntanya mitjana (i de les contrades mediterrànies)","COD_HIC":"5110","HIC_CA":"Boixedes xerotermòfiles permanents, dels vessants rocosos","HIC_PRIOR":"No","COD_EUNIS":"F6.64","EUNIS_EN":"Supra-Mediterranean Buxus sempervirens scrub","C_EUNIS_ES":"F6.64","EUNIS_ES":"Supra-Mediterranean [Buxus sempervirens] scrub","COD_LPEHT":"32.64","LPEHT_ES":"Matorrales de Buxus sempervirens de óptimo supramediterráneo","REL_EUN_LP":"L’hàbitat LPEHT es correspon totalment amb l’hàbitat EUNIS","AMENACA":1,"VGI":4,"EXCENTRICI":2,"SUP_ESTIM":3800,"PERCEN_PNT":null}},{"type":"Feature","id":"HABITATS_TERRESTPNT.261615","geometry":{"type":"MultiPoint","coordinates":[[372923.1615,4672096.8343]]},"geometry_name":"GEOMETRIA","properties":{"ID":261615,"COD_GRUP":"3","GRUP_CA":"Vegetació arbustiva i herbàcia","COD_TIPUS":"31","TIPUS_CA":"Bosquines i matollars de muntanya i d'ambients frescals de terra baixa","COD_SUBTIP":"31.8","SUBTIP_CA":"Bosquines, matollars i herbassars generalment preforestals o postforestals","COD_CORINE":"31.8122","CORINE_CA":"Bardisses amb esbarzer (Rubus ulmifolius), aranyoner (Prunus spinosa), gavarreres (Rosa spp.)..., mesoxeròfiles, lligades a boscos més aviat secs, de la muntanya mitjana poc plujosa","COD_HIC":"-","HIC_CA":null,"HIC_PRIOR":null,"COD_EUNIS":"F3.1122","EUNIS_EN":"Sub-Mediterranean blackthorn-privet scrub","C_EUNIS_ES":"F3.1122","EUNIS_ES":"Sub-Mediterranean blackthorn-privet scrub","COD_LPEHT":"31.8122","LPEHT_ES":"Zarzales, espinares y orlas submediterráneas con Prunus mahaleb, Acer monspessulanum y otras especies xerotermófilas","REL_EUN_LP":"L’hàbitat LPEHT es correspon totalment amb l’hàbitat EUNIS","AMENACA":1,"VGI":2,"EXCENTRICI":1,"SUP_ESTIM":60,"PERCEN_PNT":null}},{"type":"Feature","id":"HABITATS_TERRESTPNT.261353","geometry":{"type":"MultiPoint","coordinates":[[372925.1696,4671056.9657]]},"geometry_name":"GEOMETRIA","properties":{"ID":261353,"COD_GRUP":"3","GRUP_CA":"Vegetació arbustiva i herbàcia","COD_TIPUS":"31","TIPUS_CA":"Bosquines i matollars de muntanya i d'ambients frescals de terra baixa","COD_SUBTIP":"31.8","SUBTIP_CA":"Bosquines, matollars i herbassars generalment preforestals o postforestals","COD_CORINE":"31.881","CORINE_CA":"Ginebredes de Juniperus communis, poc o molt denses, colonitzant pastures de la muntanya mitjana","COD_HIC":"5130","HIC_CA":"Formacions de Juniperus communis colonitzadores de landes o de pastures calcícoles","HIC_PRIOR":"No","COD_EUNIS":"F3.161","EUNIS_EN":"Juniper downs","C_EUNIS_ES":"F3.161","EUNIS_ES":"Juniper downs","COD_LPEHT":"31.881","LPEHT_ES":"Enebrales de Juniperus communis colonizando pastos calcícolas de montaña","REL_EUN_LP":"L’hàbitat LPEHT es correspon totalment amb l’hàbitat EUNIS","AMENACA":1,"VGI":2,"EXCENTRICI":1,"SUP_ESTIM":200,"PERCEN_PNT":null}},{"type":"Feature","id":"HABITATS_TERRESTPNT.261616","geometry":{"type":"MultiPoint","coordinates":[[372928.056,4672013.3923]]},"geometry_name":"GEOMETRIA","properties":{"ID":261616,"COD_GRUP":"8","GRUP_CA":"Terres agrícoles i àrees antròpiques","COD_TIPUS":"83","TIPUS_CA":"Conreus llenyosos i plantacions d'arbres","COD_SUBTIP":"83.3","SUBTIP_CA":"Plantacions d'arbres","COD_CORINE":"83.321","CORINE_CA":"Plantacions de pollancres (Populus spp.)","COD_HIC":"-","HIC_CA":null,"HIC_PRIOR":null,"COD_EUNIS":"G1.C1","EUNIS_EN":"Populus plantations","C_EUNIS_ES":"G1.C1","EUNIS_ES":"[Populus] plantations","COD_LPEHT":"83.321","LPEHT_ES":"Plantaciones de chopos (Populus spp.)","REL_EUN_LP":"L’hàbitat LPEHT es correspon totalment amb l’hàbitat EUNIS","AMENACA":0,"VGI":0,"EXCENTRICI":0,"SUP_ESTIM":850,"PERCEN_PNT":null}},{"type":"Feature","id":"HABITATS_TERRESTPNT.261614","geometry":{"type":"MultiPoint","coordinates":[[373031.7055,4672069.2712]]},"geometry_name":"GEOMETRIA","properties":{"ID":261614,"COD_GRUP":"3","GRUP_CA":"Vegetació arbustiva i herbàcia","COD_TIPUS":"32","TIPUS_CA":"Bosquines i matollars mediterranis i submediterranis","COD_SUBTIP":"32.4","SUBTIP_CA":"Bosquines i matollars calcícoles mediterranis","COD_CORINE":"32.4811+","CORINE_CA":"Argelagars (matollars de Genista scorpius), calcícoles, de terra baixa i de la muntanya mitjana","COD_HIC":"-","HIC_CA":null,"HIC_PRIOR":null,"COD_EUNIS":"F6.1811.ES","EUNIS_EN":"-","C_EUNIS_ES":"F6.1811.ES","EUNIS_ES":"Matorrales de Genista scorpius","COD_LPEHT":"32.4811","LPEHT_ES":"Matorrales de Genista scorpius","REL_EUN_LP":"L’hàbitat LPEHT es correspon totalment amb l’hàbitat EUNIS","AMENACA":1,"VGI":3,"EXCENTRICI":2,"SUP_ESTIM":4000,"PERCEN_PNT":null}},{"type":"Feature","id":"HABITATS_TERRESTPNT.261352","geometry":{"type":"MultiPoint","coordinates":[[373040.1835,4670975.5709]]},"geometry_name":"GEOMETRIA","properties":{"ID":261352,"COD_GRUP":"3","GRUP_CA":"Vegetació arbustiva i herbàcia","COD_TIPUS":"31","TIPUS_CA":"Bosquines i matollars de muntanya i d'ambients frescals de terra baixa","COD_SUBTIP":"31.8","SUBTIP_CA":"Bosquines, matollars i herbassars generalment preforestals o postforestals","COD_CORINE":"31.881","CORINE_CA":"Ginebredes de Juniperus communis, poc o molt denses, colonitzant pastures de la muntanya mitjana","COD_HIC":"5130","HIC_CA":"Formacions de Juniperus communis colonitzadores de landes o de pastures calcícoles","HIC_PRIOR":"No","COD_EUNIS":"F3.161","EUNIS_EN":"Juniper downs","C_EUNIS_ES":"F3.161","EUNIS_ES":"Juniper downs","COD_LPEHT":"31.881","LPEHT_ES":"Enebrales de Juniperus communis colonizando pastos calcícolas de montaña","REL_EUN_LP":"L’hàbitat LPEHT es correspon totalment amb l’hàbitat EUNIS","AMENACA":1,"VGI":2,"EXCENTRICI":1,"SUP_ESTIM":1200,"PERCEN_PNT":null}},{"type":"Feature","id":"HABITATS_TERRESTPNT.261604","geometry":{"type":"MultiPoint","coordinates":[[373068.4065,4671440.2875]]},"geometry_name":"GEOMETRIA","properties":{"ID":261604,"COD_GRUP":"4","GRUP_CA":"Boscos","COD_TIPUS":"42","TIPUS_CA":"Boscos aciculifolis","COD_SUBTIP":"42.5","SUBTIP_CA":"Boscos de pi roig","COD_CORINE":"42.5921+","CORINE_CA":"Boscos de pi roig (Pinus sylvestris), calcícoles i xeròfils, dels Pirineus","COD_HIC":"-","HIC_CA":null,"HIC_PRIOR":null,"COD_EUNIS":"G3.4921.ES","EUNIS_EN":"-","C_EUNIS_ES":"G3.4921.ES","EUNIS_ES":"Bosques de Pinus sylvestris, calcícolas y xerófilos, del Prepirineo y Pirineo","COD_LPEHT":"42.5921","LPEHT_ES":"Bosques de Pinus sylvestris, calcícolas y xerófilos, del Prepirineo y Pirineo","REL_EUN_LP":"L’hàbitat LPEHT es correspon totalment amb l’hàbitat EUNIS","AMENACA":1,"VGI":5,"EXCENTRICI":2,"SUP_ESTIM":6000,"PERCEN_PNT":null}},{"type":"Feature","id":"HABITATS_TERRESTPNT.263257","geometry":{"type":"MultiPoint","coordinates":[[368742.2316,4670901.0439]]},"geometry_name":"GEOMETRIA","properties":{"ID":263257,"COD_GRUP":"4","GRUP_CA":"Boscos","COD_TIPUS":"45","TIPUS_CA":"Boscos esclerofil·les i laurifolis","COD_SUBTIP":"45.3","SUBTIP_CA":"Alzinars i carrascars","COD_CORINE":"45.3415+","CORINE_CA":"Carrascars muntanyencs","COD_HIC":"9340","HIC_CA":"Alzinars i carrascars","HIC_PRIOR":"No","COD_EUNIS":"G2.12415.ES","EUNIS_EN":"-","C_EUNIS_ES":"G2.12415.ES","EUNIS_ES":"Encinares de Quercus rotundifolia pirenaicos con Buxus sempervirens","COD_LPEHT":"45.3415","LPEHT_ES":"Encinares de Quercus rotundifolia pirenaicos con Buxus sempervirens","REL_EUN_LP":"L’hàbitat LPEHT es correspon totalment amb l’hàbitat EUNIS","AMENACA":1,"VGI":4,"EXCENTRICI":2,"SUP_ESTIM":2800,"PERCEN_PNT":null}},{"type":"Feature","id":"HABITATS_TERRESTPNT.263474","geometry":{"type":"MultiPoint","coordinates":[[368750.0368,4671731.7049]]},"geometry_name":"GEOMETRIA","properties":{"ID":263474,"COD_GRUP":"4","GRUP_CA":"Boscos","COD_TIPUS":"42","TIPUS_CA":"Boscos aciculifolis","COD_SUBTIP":"42.5","SUBTIP_CA":"Boscos de pi roig","COD_CORINE":"42.5E","CORINE_CA":"Pinedes de pi roig (Pinus sylvestris), o repoblacions, sense sotabosc forestal","COD_HIC":"-","HIC_CA":null,"HIC_PRIOR":null,"COD_EUNIS":"G3.4F","EUNIS_EN":"European Pinus sylvestris reforestation","C_EUNIS_ES":"G3.4F","EUNIS_ES":"European [Pinus sylvestris] reforestation","COD_LPEHT":"42.5E","LPEHT_ES":"Repoblaciones de Pinus sylvestris en el entorno de su área natural","REL_EUN_LP":"L’hàbitat LPEHT es correspon totalment amb l’hàbitat EUNIS","AMENACA":1,"VGI":1,"EXCENTRICI":2,"SUP_ESTIM":2400,"PERCEN_PNT":null}},{"type":"Feature","id":"HABITATS_TERRESTPNT.261745","geometry":{"type":"MultiPoint","coordinates":[[368793.8926,4670978.6952]]},"geometry_name":"GEOMETRIA","properties":{"ID":261745,"COD_GRUP":"3","GRUP_CA":"Vegetació arbustiva i herbàcia","COD_TIPUS":"34","TIPUS_CA":"Prats (i altres formacions herbàcies) basòfils, secs, de terra baixa i de la muntanya mitjana","COD_SUBTIP":"34.3","SUBTIP_CA":"Prats medioeuropeus (o mediterranis) dominats per herbes perennes","COD_CORINE":"34.332G1+","CORINE_CA":"Prats basòfils i xeròfils, amb Festuca ovina, Avenula iberica, Bromus erectus, Brachypodium phoenicoides, Seseli montanum, Teucrium pyrenaicum (angelins)..., de l'estatge montà dels Pirineus","COD_HIC":"6210","HIC_CA":"Prats -i fàcies emmatades- medioeuropeus, seminaturals, sobre substrat calcari (Festuco-Brometea)","HIC_PRIOR":"No","COD_EUNIS":"E1.272G1.ES","EUNIS_EN":"-","C_EUNIS_ES":"E1.272G1.ES","EUNIS_ES":"Pastos basófilos y xerófilos, con Festuca ovina, Avenula iberica, Bromus erectus, Brachypodium phoenicoides, Seseli montanum, Teucrium pyrenaicum, etc., montano-pirenaicos","COD_LPEHT":"34.332G1","LPEHT_ES":"Pastos basófilos y xerófilos, con Festuca ovina, Avenula iberica, Bromus erectus, Brachypodium phoenicoides, Seseli montanum, Teucrium pyrenaicum, etc., montano-pirenaicos","REL_EUN_LP":"L’hàbitat LPEHT es correspon totalment amb l’hàbitat EUNIS","AMENACA":1,"VGI":6,"EXCENTRICI":1,"SUP_ESTIM":60,"PERCEN_PNT":null}},{"type":"Feature","id":"HABITATS_TERRESTPNT.261930","geometry":{"type":"MultiPoint","coordinates":[[368800.7027,4670578.4574]]},"geometry_name":"GEOMETRIA","properties":{"ID":261930,"COD_GRUP":"5","GRUP_CA":"Molleres i aiguamolls","COD_TIPUS":"53","TIPUS_CA":"Vores d'aigua i hàbitats inundables","COD_SUBTIP":"53.4","SUBTIP_CA":"Creixenars i formacions anàlogues","COD_CORINE":"53.4","CORINE_CA":"Creixenars i comunitats anàlogues (amb Glyceria spp...), de fonts i vores de rierols","COD_HIC":"-","HIC_CA":null,"HIC_PRIOR":null,"COD_EUNIS":"C3.11","EUNIS_EN":"Beds of small helophytes of fast-flowing waters","C_EUNIS_ES":"C3.11","EUNIS_ES":"Beds of small helophytes of fast-flowing waters","COD_LPEHT":"53.4","LPEHT_ES":"Herbazales helofíticos de fuentes y márgenes de arroyos, con Nasturtium officinale, Apium nodiflorum, Veronica anagallis-aquatica, Glyceria spp.","REL_EUN_LP":"L’hàbitat LPEHT es correspon totalment amb l’hàbitat EUNIS","AMENACA":2,"VGI":6,"EXCENTRICI":2,"SUP_ESTIM":15,"PERCEN_PNT":null}},{"type":"Feature","id":"HABITATS_TERRESTPNT.263256","geometry":{"type":"MultiPoint","coordinates":[[368837.0188,4671204.4554]]},"geometry_name":"GEOMETRIA","properties":{"ID":263256,"COD_GRUP":"3","GRUP_CA":"Vegetació arbustiva i herbàcia","COD_TIPUS":"32","TIPUS_CA":"Bosquines i matollars mediterranis i submediterranis","COD_SUBTIP":"32.1","SUBTIP_CA":"Màquies i altres bosquines altes","COD_CORINE":"32.1311","CORINE_CA":"Cadequers (màquies o garrigues amb abundància de Juniperus oxycedrus arborescent), no litorals","COD_HIC":"5210","HIC_CA":"Màquies i garrigues amb Juniperus spp. arborescents, no dunars","HIC_PRIOR":"No","COD_EUNIS":"F5.1311","EUNIS_EN":"Juniperus oxycedrus arborescent matorral","C_EUNIS_ES":"F5.1311","EUNIS_ES":"[Juniperus oxycedrus] arborescent matorral","COD_LPEHT":"32.1311","LPEHT_ES":"Matorrales arborescentes de Juniperus oxycedrus subsp. oxycedrus interiores","REL_EUN_LP":"L’hàbitat LPEHT es correspon totalment amb l’hàbitat EUNIS","AMENACA":1,"VGI":4,"EXCENTRICI":2,"SUP_ESTIM":160,"PERCEN_PNT":null}},{"type":"Feature","id":"HABITATS_TERRESTPNT.260787","geometry":{"type":"MultiPoint","coordinates":[[369023.427,4671406.9024]]},"geometry_name":"GEOMETRIA","properties":{"ID":260787,"COD_GRUP":"6","GRUP_CA":"Roques, tarteres, glaceres, coves","COD_TIPUS":"62","TIPUS_CA":"Roques no litorals","COD_SUBTIP":"62.1","SUBTIP_CA":"Cingles i penyals calcaris","COD_CORINE":"62.1111","CORINE_CA":"Roques calcàries amb vegetació casmofítica, termòfila, de les contrades mediterrànies","COD_HIC":"8210","HIC_CA":"Costers rocosos calcaris amb vegetació rupícola","HIC_PRIOR":"No","COD_EUNIS":"H2.2111.ES","EUNIS_EN":"-","C_EUNIS_ES":"H3.2111.ES","EUNIS_ES":"Roquedos calcáreos y dolomíticos iberomediterráneos","COD_LPEHT":"62.1111","LPEHT_ES":"Roquedos calcáreos y dolomíticos iberomediterráneos","REL_EUN_LP":"L’hàbitat LPEHT es correspon totalment amb l’hàbitat EUNIS","AMENACA":1,"VGI":5,"EXCENTRICI":2,"SUP_ESTIM":200,"PERCEN_PNT":null}},{"type":"Feature","id":"HABITATS_TERRESTPNT.263255","geometry":{"type":"MultiPoint","coordinates":[[369069.414,4671142.6994]]},"geometry_name":"GEOMETRIA","properties":{"ID":263255,"COD_GRUP":"3","GRUP_CA":"Vegetació arbustiva i herbàcia","COD_TIPUS":"32","TIPUS_CA":"Bosquines i matollars mediterranis i submediterranis","COD_SUBTIP":"32.1","SUBTIP_CA":"Màquies i altres bosquines altes","COD_CORINE":"32.1311","CORINE_CA":"Cadequers (màquies o garrigues amb abundància de Juniperus oxycedrus arborescent), no litorals","COD_HIC":"5210","HIC_CA":"Màquies i garrigues amb Juniperus spp. arborescents, no dunars","HIC_PRIOR":"No","COD_EUNIS":"F5.1311","EUNIS_EN":"Juniperus oxycedrus arborescent matorral","C_EUNIS_ES":"F5.1311","EUNIS_ES":"[Juniperus oxycedrus] arborescent matorral","COD_LPEHT":"32.1311","LPEHT_ES":"Matorrales arborescentes de Juniperus oxycedrus subsp. oxycedrus interiores","REL_EUN_LP":"L’hàbitat LPEHT es correspon totalment amb l’hàbitat EUNIS","AMENACA":1,"VGI":4,"EXCENTRICI":2,"SUP_ESTIM":140,"PERCEN_PNT":null}},{"type":"Feature","id":"HABITATS_TERRESTPNT.263472","geometry":{"type":"MultiPoint","coordinates":[[369091.0193,4671131.9595]]},"geometry_name":"GEOMETRIA","properties":{"ID":263472,"COD_GRUP":"3","GRUP_CA":"Vegetació arbustiva i herbàcia","COD_TIPUS":"31","TIPUS_CA":"Bosquines i matollars de muntanya i d'ambients frescals de terra baixa","COD_SUBTIP":"31.8","SUBTIP_CA":"Bosquines, matollars i herbassars generalment preforestals o postforestals","COD_CORINE":"31.8122","CORINE_CA":"Bardisses amb esbarzer (Rubus ulmifolius), aranyoner (Prunus spinosa), gavarreres (Rosa spp.)..., mesoxeròfiles, lligades a boscos més aviat secs, de la muntanya mitjana poc plujosa","COD_HIC":"-","HIC_CA":null,"HIC_PRIOR":null,"COD_EUNIS":"F3.1122","EUNIS_EN":"Sub-Mediterranean blackthorn-privet scrub","C_EUNIS_ES":"F3.1122","EUNIS_ES":"Sub-Mediterranean blackthorn-privet scrub","COD_LPEHT":"31.8122","LPEHT_ES":"Zarzales, espinares y orlas submediterráneas con Prunus mahaleb, Acer monspessulanum y otras especies xerotermófilas","REL_EUN_LP":"L’hàbitat LPEHT es correspon totalment amb l’hàbitat EUNIS","AMENACA":1,"VGI":3,"EXCENTRICI":2,"SUP_ESTIM":80,"PERCEN_PNT":null}},{"type":"Feature","id":"HABITATS_TERRESTPNT.263254","geometry":{"type":"MultiPoint","coordinates":[[369138.6444,4671089.6261]]},"geometry_name":"GEOMETRIA","properties":{"ID":263254,"COD_GRUP":"3","GRUP_CA":"Vegetació arbustiva i herbàcia","COD_TIPUS":"32","TIPUS_CA":"Bosquines i matollars mediterranis i submediterranis","COD_SUBTIP":"32.1","SUBTIP_CA":"Màquies i altres bosquines altes","COD_CORINE":"32.1311","CORINE_CA":"Cadequers (màquies o garrigues amb abundància de Juniperus oxycedrus arborescent), no litorals","COD_HIC":"5210","HIC_CA":"Màquies i garrigues amb Juniperus spp. arborescents, no dunars","HIC_PRIOR":"No","COD_EUNIS":"F5.1311","EUNIS_EN":"Juniperus oxycedrus arborescent matorral","C_EUNIS_ES":"F5.1311","EUNIS_ES":"[Juniperus oxycedrus] arborescent matorral","COD_LPEHT":"32.1311","LPEHT_ES":"Matorrales arborescentes de Juniperus oxycedrus subsp. oxycedrus interiores","REL_EUN_LP":"L’hàbitat LPEHT es correspon totalment amb l’hàbitat EUNIS","AMENACA":1,"VGI":4,"EXCENTRICI":2,"SUP_ESTIM":400,"PERCEN_PNT":null}},{"type":"Feature","id":"HABITATS_TERRESTPNT.261051","geometry":{"type":"MultiPoint","coordinates":[[369230.5089,4670796.0826]]},"geometry_name":"GEOMETRIA","properties":{"ID":261051,"COD_GRUP":"3","GRUP_CA":"Vegetació arbustiva i herbàcia","COD_TIPUS":"34","TIPUS_CA":"Prats (i altres formacions herbàcies) basòfils, secs, de terra baixa i de la muntanya mitjana","COD_SUBTIP":"34.7","SUBTIP_CA":"Prats submediterranis","COD_CORINE":"34.721","CORINE_CA":"Joncedes (prats, sovint emmatats, d'Aphyllanthes monspeliensis), calcícoles, de les contrades mediterrànies i de la muntanya mitjana poc plujosa","COD_HIC":"-","HIC_CA":null,"HIC_PRIOR":null,"COD_EUNIS":"E1.52","EUNIS_EN":"Aphyllanthes grassland and supra-Mediterranean steppes","C_EUNIS_ES":"E1.52","EUNIS_ES":"[Aphyllanthes] grassland and supra-Mediterranean steppes","COD_LPEHT":"34.721","LPEHT_ES":"Pastos y matorrales dominados por Aphyllanthes monspeliensis, calcícolas, con Catananche caerulea, Linum narbonense, L. suffruticosum s.l., Lavandula latifolia","REL_EUN_LP":"L’hàbitat LPEHT es correspon només parcialment amb l’hàbitat EUNIS","AMENACA":1,"VGI":5,"EXCENTRICI":2,"SUP_ESTIM":12000,"PERCEN_PNT":null}},{"type":"Feature","id":"HABITATS_TERRESTPNT.261045","geometry":{"type":"MultiPoint","coordinates":[[369300.8127,4671008.1542]]},"geometry_name":"GEOMETRIA","properties":{"ID":261045,"COD_GRUP":"3","GRUP_CA":"Vegetació arbustiva i herbàcia","COD_TIPUS":"34","TIPUS_CA":"Prats (i altres formacions herbàcies) basòfils, secs, de terra baixa i de la muntanya mitjana","COD_SUBTIP":"34.7","SUBTIP_CA":"Prats submediterranis","COD_CORINE":"34.721","CORINE_CA":"Joncedes (prats, sovint emmatats, d'Aphyllanthes monspeliensis), calcícoles, de les contrades mediterrànies i de la muntanya mitjana poc plujosa","COD_HIC":"-","HIC_CA":null,"HIC_PRIOR":null,"COD_EUNIS":"E1.52","EUNIS_EN":"Aphyllanthes grassland and supra-Mediterranean steppes","C_EUNIS_ES":"E1.52","EUNIS_ES":"[Aphyllanthes] grassland and supra-Mediterranean steppes","COD_LPEHT":"34.721","LPEHT_ES":"Pastos y matorrales dominados por Aphyllanthes monspeliensis, calcícolas, con Catananche caerulea, Linum narbonense, L. suffruticosum s.l., Lavandula latifolia","REL_EUN_LP":"L’hàbitat LPEHT es correspon només parcialment amb l’hàbitat EUNIS","AMENACA":1,"VGI":5,"EXCENTRICI":2,"SUP_ESTIM":400,"PERCEN_PNT":null}},{"type":"Feature","id":"HABITATS_TERRESTPNT.263470","geometry":{"type":"MultiPoint","coordinates":[[369303.0612,4671075.8677]]},"geometry_name":"GEOMETRIA","properties":{"ID":263470,"COD_GRUP":"3","GRUP_CA":"Vegetació arbustiva i herbàcia","COD_TIPUS":"31","TIPUS_CA":"Bosquines i matollars de muntanya i d'ambients frescals de terra baixa","COD_SUBTIP":"31.8","SUBTIP_CA":"Bosquines, matollars i herbassars generalment preforestals o postforestals","COD_CORINE":"31.863","CORINE_CA":"Falgars (poblaments de Pteridium aquilinum), xeromesòfils, de la muntanya mitjana (i de terra baixa)","COD_HIC":"-","HIC_CA":null,"HIC_PRIOR":null,"COD_EUNIS":"E5.33","EUNIS_EN":"Supra-Mediterranean Pteridium aquilinum fields","C_EUNIS_ES":"E5.33","EUNIS_ES":"Supra-Mediterranean [Pteridium aquilinum] fields","COD_LPEHT":"31.863","LPEHT_ES":"Helechales de Pteridium aquilinum submediterráneos","REL_EUN_LP":"L’hàbitat LPEHT es correspon totalment amb l’hàbitat EUNIS","AMENACA":1,"VGI":3,"EXCENTRICI":2,"SUP_ESTIM":125,"PERCEN_PNT":null}},{"type":"Feature","id":"HABITATS_TERRESTPNT.261385","geometry":{"type":"MultiPoint","coordinates":[[369307.8443,4670218.0143]]},"geometry_name":"GEOMETRIA","properties":{"ID":261385,"COD_GRUP":"8","GRUP_CA":"Terres agrícoles i àrees antròpiques","COD_TIPUS":"83","TIPUS_CA":"Conreus llenyosos i plantacions d'arbres","COD_SUBTIP":"83.1","SUBTIP_CA":"Conreus arboris","COD_CORINE":"83.15","CORINE_CA":"Fruiterars alts, principalment de regadiu, sobretot conreus de pomeres (Pyrus malus), de presseguers (Prunus persica), de pereres (Pyrus communis) i d'altres rosàcies","COD_HIC":"-","HIC_CA":null,"HIC_PRIOR":null,"COD_EUNIS":"G1.D4","EUNIS_EN":"Fruit orchards","C_EUNIS_ES":"G1.D4","EUNIS_ES":"Fruit orchards","COD_LPEHT":"83.15","LPEHT_ES":"Cultivos de frutales altos, manzanos, melocotoneros, perales, cerezos, etc.","REL_EUN_LP":"L’hàbitat LPEHT es correspon totalment amb l’hàbitat EUNIS","AMENACA":0,"VGI":0,"EXCENTRICI":0,"SUP_ESTIM":6000,"PERCEN_PNT":null}},{"type":"Feature","id":"HABITATS_TERRESTPNT.263253","geometry":{"type":"MultiPoint","coordinates":[[369309.764,4671172.4408]]},"geometry_name":"GEOMETRIA","properties":{"ID":263253,"COD_GRUP":"6","GRUP_CA":"Roques, tarteres, glaceres, coves","COD_TIPUS":"62","TIPUS_CA":"Roques no litorals","COD_SUBTIP":"62.1","SUBTIP_CA":"Cingles i penyals calcaris","COD_CORINE":"62.1111","CORINE_CA":"Roques calcàries amb vegetació casmofítica, termòfila, de les contrades mediterrànies","COD_HIC":"8210","HIC_CA":"Costers rocosos calcaris amb vegetació rupícola","HIC_PRIOR":"No","COD_EUNIS":"H2.2111.ES","EUNIS_EN":"-","C_EUNIS_ES":"H3.2111.ES","EUNIS_ES":"Roquedos calcáreos y dolomíticos iberomediterráneos","COD_LPEHT":"62.1111","LPEHT_ES":"Roquedos calcáreos y dolomíticos iberomediterráneos","REL_EUN_LP":"L’hàbitat LPEHT es correspon totalment amb l’hàbitat EUNIS","AMENACA":1,"VGI":5,"EXCENTRICI":2,"SUP_ESTIM":80,"PERCEN_PNT":null}},{"type":"Feature","id":"HABITATS_TERRESTPNT.263471","geometry":{"type":"MultiPoint","coordinates":[[369341.4258,4671083.5406]]},"geometry_name":"GEOMETRIA","properties":{"ID":263471,"COD_GRUP":"6","GRUP_CA":"Roques, tarteres, glaceres, coves","COD_TIPUS":"62","TIPUS_CA":"Roques no litorals","COD_SUBTIP":"62.5","SUBTIP_CA":"Roques humides","COD_CORINE":"62.51","CORINE_CA":"Roques calcàries humides i degotalls, amb falzia (Adiantum capillus-veneris), de les contrades mediterrànies","COD_HIC":"-","HIC_CA":null,"HIC_PRIOR":null,"COD_EUNIS":"H3.41","EUNIS_EN":"Mediterranean wet inland cliffs","C_EUNIS_ES":"H3.411.ES","EUNIS_ES":"Roquedos rezumantes con abundancia de Adiantum capillus-veneris (Adiantion capilli-veneris)","COD_LPEHT":"62.511","LPEHT_ES":"Roquedos rezumantes con abundancia de Adiantum capillus-veneris (Adiantion capilli-veneris)","REL_EUN_LP":"L’hàbitat LPEHT es correspon totalment amb l’hàbitat EUNIS","AMENACA":1,"VGI":5,"EXCENTRICI":2,"SUP_ESTIM":3,"PERCEN_PNT":null}},{"type":"Feature","id":"HABITATS_TERRESTPNT.263464","geometry":{"type":"MultiPoint","coordinates":[[369501.5696,4670106.8117]]},"geometry_name":"GEOMETRIA","properties":{"ID":263464,"COD_GRUP":"3","GRUP_CA":"Vegetació arbustiva i herbàcia","COD_TIPUS":"32","TIPUS_CA":"Bosquines i matollars mediterranis i submediterranis","COD_SUBTIP":"32.4","SUBTIP_CA":"Bosquines i matollars calcícoles mediterranis","COD_CORINE":"32.4811+","CORINE_CA":"Argelagars (matollars de Genista scorpius), calcícoles, de terra baixa i de la muntanya mitjana","COD_HIC":"-","HIC_CA":null,"HIC_PRIOR":null,"COD_EUNIS":"F6.1811.ES","EUNIS_EN":"-","C_EUNIS_ES":"F6.1811.ES","EUNIS_ES":"Matorrales de Genista scorpius","COD_LPEHT":"32.4811","LPEHT_ES":"Matorrales de Genista scorpius","REL_EUN_LP":"L’hàbitat LPEHT es correspon totalment amb l’hàbitat EUNIS","AMENACA":1,"VGI":3,"EXCENTRICI":2,"SUP_ESTIM":400,"PERCEN_PNT":null}},{"type":"Feature","id":"HABITATS_TERRESTPNT.261629","geometry":{"type":"MultiPoint","coordinates":[[369526.9103,4672126.3821]]},"geometry_name":"GEOMETRIA","properties":{"ID":261629,"COD_GRUP":"6","GRUP_CA":"Roques, tarteres, glaceres, coves","COD_TIPUS":"65","TIPUS_CA":"Coves","COD_SUBTIP":"65.4","SUBTIP_CA":"Coves i avencs","COD_CORINE":"65.4","CORINE_CA":"Coves i avencs","COD_HIC":"8310","HIC_CA":"Coves no explotades pel turisme","HIC_PRIOR":"No","COD_EUNIS":"H1.23","EUNIS_EN":"Troglobiont invertebrate caves","C_EUNIS_ES":"H1.23","EUNIS_ES":"Troglobiont invertebrate caves","COD_LPEHT":"65.4","LPEHT_ES":"Cuevas con invertebrados troglobiontes","REL_EUN_LP":"L’hàbitat LPEHT es correspon totalment amb l’hàbitat EUNIS","AMENACA":1,"VGI":4,"EXCENTRICI":2,"SUP_ESTIM":1,"PERCEN_PNT":null}},{"type":"Feature","id":"HABITATS_TERRESTPNT.261630","geometry":{"type":"MultiPoint","coordinates":[[369538.9848,4672153.9272]]},"geometry_name":"GEOMETRIA","properties":{"ID":261630,"COD_GRUP":"6","GRUP_CA":"Roques, tarteres, glaceres, coves","COD_TIPUS":"65","TIPUS_CA":"Coves","COD_SUBTIP":"65.4","SUBTIP_CA":"Coves i avencs","COD_CORINE":"65.4","CORINE_CA":"Coves i avencs","COD_HIC":"8310","HIC_CA":"Coves no explotades pel turisme","HIC_PRIOR":"No","COD_EUNIS":"H1.23","EUNIS_EN":"Troglobiont invertebrate caves","C_EUNIS_ES":"H1.23","EUNIS_ES":"Troglobiont invertebrate caves","COD_LPEHT":"65.4","LPEHT_ES":"Cuevas con invertebrados troglobiontes","REL_EUN_LP":"L’hàbitat LPEHT es correspon totalment amb l’hàbitat EUNIS","AMENACA":1,"VGI":4,"EXCENTRICI":2,"SUP_ESTIM":1,"PERCEN_PNT":null}},{"type":"Feature","id":"HABITATS_TERRESTPNT.261777","geometry":{"type":"MultiPoint","coordinates":[[369664.1702,4672105.2833]]},"geometry_name":"GEOMETRIA","properties":{"ID":261777,"COD_GRUP":"6","GRUP_CA":"Roques, tarteres, glaceres, coves","COD_TIPUS":"62","TIPUS_CA":"Roques no litorals","COD_SUBTIP":"62.1","SUBTIP_CA":"Cingles i penyals calcaris","COD_CORINE":"62.151","CORINE_CA":"Roques calcàries, amb Potentilla caulescens, Saxifraga longifolia, Asplenium fontanum..., de l'estatge montà i de les muntanyes mediterrànies","COD_HIC":"8210","HIC_CA":"Costers rocosos calcaris amb vegetació rupícola","HIC_PRIOR":"No","COD_EUNIS":"H3.251","EUNIS_EN":"Alpine calcareous cliff heliophile communities","C_EUNIS_ES":"H3.251","EUNIS_ES":"Alpine calcareous cliff heliophile communities","COD_LPEHT":"62.151","LPEHT_ES":"Rocas calcáreas con Potentilla caulescens, Saxifraga longifolia, Ramonda myconi, Asplenium fontanum, etc., del prepirineo y de las montañas catalanas","REL_EUN_LP":"L’hàbitat LPEHT es correspon totalment amb l’hàbitat EUNIS","AMENACA":1,"VGI":6,"EXCENTRICI":2,"SUP_ESTIM":2800,"PERCEN_PNT":null}},{"type":"Feature","id":"HABITATS_TERRESTPNT.263466","geometry":{"type":"MultiPoint","coordinates":[[369719.8513,4670345.5986]]},"geometry_name":"GEOMETRIA","properties":{"ID":263466,"COD_GRUP":"8","GRUP_CA":"Terres agrícoles i àrees antròpiques","COD_TIPUS":"83","TIPUS_CA":"Conreus llenyosos i plantacions d'arbres","COD_SUBTIP":"83.3","SUBTIP_CA":"Plantacions d'arbres","COD_CORINE":"83.321","CORINE_CA":"Plantacions de pollancres (Populus spp.)","COD_HIC":"-","HIC_CA":null,"HIC_PRIOR":null,"COD_EUNIS":"G1.C1","EUNIS_EN":"Populus plantations","C_EUNIS_ES":"G1.C1","EUNIS_ES":"[Populus] plantations","COD_LPEHT":"83.321","LPEHT_ES":"Plantaciones de chopos (Populus spp.)","REL_EUN_LP":"L’hàbitat LPEHT es correspon totalment amb l’hàbitat EUNIS","AMENACA":0,"VGI":0,"EXCENTRICI":0,"SUP_ESTIM":2400,"PERCEN_PNT":null}},{"type":"Feature","id":"HABITATS_TERRESTPNT.263465","geometry":{"type":"MultiPoint","coordinates":[[369731.0961,4670240.4265]]},"geometry_name":"GEOMETRIA","properties":{"ID":263465,"COD_GRUP":"3","GRUP_CA":"Vegetació arbustiva i herbàcia","COD_TIPUS":"31","TIPUS_CA":"Bosquines i matollars de muntanya i d'ambients frescals de terra baixa","COD_SUBTIP":"31.8","SUBTIP_CA":"Bosquines, matollars i herbassars generalment preforestals o postforestals","COD_CORINE":"31.8122","CORINE_CA":"Bardisses amb esbarzer (Rubus ulmifolius), aranyoner (Prunus spinosa), gavarreres (Rosa spp.)..., mesoxeròfiles, lligades a boscos més aviat secs, de la muntanya mitjana poc plujosa","COD_HIC":"-","HIC_CA":null,"HIC_PRIOR":null,"COD_EUNIS":"F3.1122","EUNIS_EN":"Sub-Mediterranean blackthorn-privet scrub","C_EUNIS_ES":"F3.1122","EUNIS_ES":"Sub-Mediterranean blackthorn-privet scrub","COD_LPEHT":"31.8122","LPEHT_ES":"Zarzales, espinares y orlas submediterráneas con Prunus mahaleb, Acer monspessulanum y otras especies xerotermófilas","REL_EUN_LP":"L’hàbitat LPEHT es correspon totalment amb l’hàbitat EUNIS","AMENACA":1,"VGI":2,"EXCENTRICI":1,"SUP_ESTIM":160,"PERCEN_PNT":null}},{"type":"Feature","id":"HABITATS_TERRESTPNT.261623","geometry":{"type":"MultiPoint","coordinates":[[369746.9296,4671187.0965]]},"geometry_name":"GEOMETRIA","properties":{"ID":261623,"COD_GRUP":"8","GRUP_CA":"Terres agrícoles i àrees antròpiques","COD_TIPUS":"83","TIPUS_CA":"Conreus llenyosos i plantacions d'arbres","COD_SUBTIP":"83.3","SUBTIP_CA":"Plantacions d'arbres","COD_CORINE":"83.3252+","CORINE_CA":"Plantacions d'altres arbres planifolis","COD_HIC":"-","HIC_CA":null,"HIC_PRIOR":null,"COD_EUNIS":"G2.83","EUNIS_EN":"Other evergreen broadleaved tree plantations","C_EUNIS_ES":"G1.C","EUNIS_ES":"Highly artificial broadleaved deciduous forestry plantations","COD_LPEHT":"83.325","LPEHT_ES":"Plantaciones de otros árboles planifolios","REL_EUN_LP":"L’hàbitat LPEHT es correspon només parcialment amb l’hàbitat EUNIS","AMENACA":0,"VGI":0,"EXCENTRICI":0,"SUP_ESTIM":4100,"PERCEN_PNT":null}},{"type":"Feature","id":"HABITATS_TERRESTPNT.260738","geometry":{"type":"MultiPoint","coordinates":[[369848.4843,4671747.7838]]},"geometry_name":"GEOMETRIA","properties":{"ID":260738,"COD_GRUP":"3","GRUP_CA":"Vegetació arbustiva i herbàcia","COD_TIPUS":"32","TIPUS_CA":"Bosquines i matollars mediterranis i submediterranis","COD_SUBTIP":"32.6","SUBTIP_CA":"Matollars submediterranis i mediterranis muntanyencs","COD_CORINE":"32.641+","CORINE_CA":"Boixedes (matollars de Buxus sempervirens) de la muntanya mitjana (i de les contrades mediterrànies)","COD_HIC":"5110","HIC_CA":"Boixedes xerotermòfiles permanents, dels vessants rocosos","HIC_PRIOR":"No","COD_EUNIS":"F6.64","EUNIS_EN":"Supra-Mediterranean Buxus sempervirens scrub","C_EUNIS_ES":"F6.64","EUNIS_ES":"Supra-Mediterranean [Buxus sempervirens] scrub","COD_LPEHT":"32.64","LPEHT_ES":"Matorrales de Buxus sempervirens de óptimo supramediterráneo","REL_EUN_LP":"L’hàbitat LPEHT es correspon totalment amb l’hàbitat EUNIS","AMENACA":1,"VGI":4,"EXCENTRICI":2,"SUP_ESTIM":2000,"PERCEN_PNT":null}},{"type":"Feature","id":"HABITATS_TERRESTPNT.263252","geometry":{"type":"MultiPoint","coordinates":[[369971.6646,4671038.5614]]},"geometry_name":"GEOMETRIA","properties":{"ID":263252,"COD_GRUP":"4","GRUP_CA":"Boscos","COD_TIPUS":"44","TIPUS_CA":"Boscos i bosquines de ribera o de llocs molt humits","COD_SUBTIP":"44.1","SUBTIP_CA":"Comunitats dominades per Salix spp.","COD_CORINE":"44.124","CORINE_CA":"Sargars i gatelledes muntanyencs","COD_HIC":"3240","HIC_CA":"Rius de tipus alpí amb bosquines de muntanya","HIC_PRIOR":"No","COD_EUNIS":"F9.124","EUNIS_EN":"Ibero-montane riverine willow scrub","C_EUNIS_ES":"F9.124","EUNIS_ES":"Ibero-montane riverine willow scrub","COD_LPEHT":"44.124","LPEHT_ES":"Sargales de montaña ibéricos con Salix purpurea, S. eleagnos y S. triandra","REL_EUN_LP":"L’hàbitat LPEHT es correspon totalment amb l’hàbitat EUNIS","AMENACA":3,"VGI":6,"EXCENTRICI":1,"SUP_ESTIM":400,"PERCEN_PNT":null}},{"type":"Feature","id":"HABITATS_TERRESTPNT.261368","geometry":{"type":"MultiPoint","coordinates":[[369991.487,4671446.1244]]},"geometry_name":"GEOMETRIA","properties":{"ID":261368,"COD_GRUP":"4","GRUP_CA":"Boscos","COD_TIPUS":"45","TIPUS_CA":"Boscos esclerofil·les i laurifolis","COD_SUBTIP":"45.3","SUBTIP_CA":"Alzinars i carrascars","COD_CORINE":"45.3417+","CORINE_CA":"Carrascars amb pins (Pinus spp.)","COD_HIC":"9340","HIC_CA":"Alzinars i carrascars","HIC_PRIOR":"No","COD_EUNIS":"G2.12417.ES","EUNIS_EN":"-","C_EUNIS_ES":"G4.E","EUNIS_ES":"Mixed mediterranean pine - evergreen oak woodland","COD_LPEHT":"45.3417","LPEHT_ES":"Encinares de Quercus rotundifolia con pinos (Pinus spp.)","REL_EUN_LP":"L’hàbitat LPEHT es correspon només parcialment amb l’hàbitat EUNIS","AMENACA":2,"VGI":3,"EXCENTRICI":3,"SUP_ESTIM":3000,"PERCEN_PNT":null}},{"type":"Feature","id":"HABITATS_TERRESTPNT.263467","geometry":{"type":"MultiPoint","coordinates":[[370048.5968,4670371.3955]]},"geometry_name":"GEOMETRIA","properties":{"ID":263467,"COD_GRUP":"3","GRUP_CA":"Vegetació arbustiva i herbàcia","COD_TIPUS":"34","TIPUS_CA":"Prats (i altres formacions herbàcies) basòfils, secs, de terra baixa i de la muntanya mitjana","COD_SUBTIP":"34.7","SUBTIP_CA":"Prats submediterranis","COD_CORINE":"34.721","CORINE_CA":"Joncedes (prats, sovint emmatats, d'Aphyllanthes monspeliensis), calcícoles, de les contrades mediterrànies i de la muntanya mitjana poc plujosa","COD_HIC":"-","HIC_CA":null,"HIC_PRIOR":null,"COD_EUNIS":"E1.52","EUNIS_EN":"Aphyllanthes grassland and supra-Mediterranean steppes","C_EUNIS_ES":"E1.52","EUNIS_ES":"[Aphyllanthes] grassland and supra-Mediterranean steppes","COD_LPEHT":"34.721","LPEHT_ES":"Pastos y matorrales dominados por Aphyllanthes monspeliensis, calcícolas, con Catananche caerulea, Linum narbonense, L. suffruticosum s.l., Lavandula latifolia","REL_EUN_LP":"L’hàbitat LPEHT es correspon només parcialment amb l’hàbitat EUNIS","AMENACA":1,"VGI":5,"EXCENTRICI":2,"SUP_ESTIM":800,"PERCEN_PNT":null}},{"type":"Feature","id":"HABITATS_TERRESTPNT.260755","geometry":{"type":"MultiPoint","coordinates":[[370088.0535,4670774.3496]]},"geometry_name":"GEOMETRIA","properties":{"ID":260755,"COD_GRUP":"6","GRUP_CA":"Roques, tarteres, glaceres, coves","COD_TIPUS":"61","TIPUS_CA":"Tarteres","COD_SUBTIP":"61.3","SUBTIP_CA":"Altres tarteres","COD_CORINE":"61.311","CORINE_CA":"Pedrusques calcàries, amb Stipa calamagrostis, Rumex scutatus..., de l'estatge montà poc plujós","COD_HIC":"8130","HIC_CA":"Tarteres de l'Europa meridional amb vegetació poc o molt termòfila","HIC_PRIOR":"No","COD_EUNIS":"H2.611","EUNIS_EN":"Rough-grass screes","C_EUNIS_ES":"H2.611","EUNIS_ES":"Rough-grass screes","COD_LPEHT":"61.311","LPEHT_ES":"Pedregales calcáreos, con Stipa calamagrostis, Rumex scutatus, etc., montano-subalpinos","REL_EUN_LP":"L’hàbitat LPEHT es correspon totalment amb l’hàbitat EUNIS","AMENACA":1,"VGI":6,"EXCENTRICI":2,"SUP_ESTIM":1100,"PERCEN_PNT":null}},{"type":"Feature","id":"HABITATS_TERRESTPNT.263468","geometry":{"type":"MultiPoint","coordinates":[[370120.6959,4670450.1092]]},"geometry_name":"GEOMETRIA","properties":{"ID":263468,"COD_GRUP":"3","GRUP_CA":"Vegetació arbustiva i herbàcia","COD_TIPUS":"32","TIPUS_CA":"Bosquines i matollars mediterranis i submediterranis","COD_SUBTIP":"32.4","SUBTIP_CA":"Bosquines i matollars calcícoles mediterranis","COD_CORINE":"32.4811+","CORINE_CA":"Argelagars (matollars de Genista scorpius), calcícoles, de terra baixa i de la muntanya mitjana","COD_HIC":"-","HIC_CA":null,"HIC_PRIOR":null,"COD_EUNIS":"F6.1811.ES","EUNIS_EN":"-","C_EUNIS_ES":"F6.1811.ES","EUNIS_ES":"Matorrales de Genista scorpius","COD_LPEHT":"32.4811","LPEHT_ES":"Matorrales de Genista scorpius","REL_EUN_LP":"L’hàbitat LPEHT es correspon totalment amb l’hàbitat EUNIS","AMENACA":1,"VGI":3,"EXCENTRICI":2,"SUP_ESTIM":150,"PERCEN_PNT":null}},{"type":"Feature","id":"HABITATS_TERRESTPNT.263250","geometry":{"type":"MultiPoint","coordinates":[[370134.613,4670497.4697]]},"geometry_name":"GEOMETRIA","properties":{"ID":263250,"COD_GRUP":"6","GRUP_CA":"Roques, tarteres, glaceres, coves","COD_TIPUS":"61","TIPUS_CA":"Tarteres","COD_SUBTIP":"61.3","SUBTIP_CA":"Altres tarteres","COD_CORINE":"61.311","CORINE_CA":"Pedrusques calcàries, amb Stipa calamagrostis, Rumex scutatus..., de l'estatge montà poc plujós","COD_HIC":"8130","HIC_CA":"Tarteres de l'Europa meridional amb vegetació poc o molt termòfila","HIC_PRIOR":"No","COD_EUNIS":"H2.611","EUNIS_EN":"Rough-grass screes","C_EUNIS_ES":"H2.611","EUNIS_ES":"Rough-grass screes","COD_LPEHT":"61.311","LPEHT_ES":"Pedregales calcáreos, con Stipa calamagrostis, Rumex scutatus, etc., montano-subalpinos","REL_EUN_LP":"L’hàbitat LPEHT es correspon totalment amb l’hàbitat EUNIS","AMENACA":1,"VGI":6,"EXCENTRICI":2,"SUP_ESTIM":800,"PERCEN_PNT":null}},{"type":"Feature","id":"HABITATS_TERRESTPNT.261628","geometry":{"type":"MultiPoint","coordinates":[[370161.3181,4671657.3635]]},"geometry_name":"GEOMETRIA","properties":{"ID":261628,"COD_GRUP":"6","GRUP_CA":"Roques, tarteres, glaceres, coves","COD_TIPUS":"65","TIPUS_CA":"Coves","COD_SUBTIP":"65.4","SUBTIP_CA":"Coves i avencs","COD_CORINE":"65.4","CORINE_CA":"Coves i avencs","COD_HIC":"8310","HIC_CA":"Coves no explotades pel turisme","HIC_PRIOR":"No","COD_EUNIS":"H1.23","EUNIS_EN":"Troglobiont invertebrate caves","C_EUNIS_ES":"H1.23","EUNIS_ES":"Troglobiont invertebrate caves","COD_LPEHT":"65.4","LPEHT_ES":"Cuevas con invertebrados troglobiontes","REL_EUN_LP":"L’hàbitat LPEHT es correspon totalment amb l’hàbitat EUNIS","AMENACA":1,"VGI":4,"EXCENTRICI":2,"SUP_ESTIM":1,"PERCEN_PNT":null}},{"type":"Feature","id":"HABITATS_TERRESTPNT.263249","geometry":{"type":"MultiPoint","coordinates":[[370168.2859,4670568.3782]]},"geometry_name":"GEOMETRIA","properties":{"ID":263249,"COD_GRUP":"6","GRUP_CA":"Roques, tarteres, glaceres, coves","COD_TIPUS":"62","TIPUS_CA":"Roques no litorals","COD_SUBTIP":"62.1","SUBTIP_CA":"Cingles i penyals calcaris","COD_CORINE":"62.151","CORINE_CA":"Roques calcàries, amb Potentilla caulescens, Saxifraga longifolia, Asplenium fontanum..., de l'estatge montà i de les muntanyes mediterrànies","COD_HIC":"8210","HIC_CA":"Costers rocosos calcaris amb vegetació rupícola","HIC_PRIOR":"No","COD_EUNIS":"H3.251","EUNIS_EN":"Alpine calcareous cliff heliophile communities","C_EUNIS_ES":"H3.251","EUNIS_ES":"Alpine calcareous cliff heliophile communities","COD_LPEHT":"62.151","LPEHT_ES":"Rocas calcáreas con Potentilla caulescens, Saxifraga longifolia, Ramonda myconi, Asplenium fontanum, etc., del prepirineo y de las montañas catalanas","REL_EUN_LP":"L’hàbitat LPEHT es correspon totalment amb l’hàbitat EUNIS","AMENACA":1,"VGI":5,"EXCENTRICI":1,"SUP_ESTIM":80,"PERCEN_PNT":null}},{"type":"Feature","id":"HABITATS_TERRESTPNT.262023","geometry":{"type":"MultiPoint","coordinates":[[366944.3423,4671882.6798]]},"geometry_name":"GEOMETRIA","properties":{"ID":262023,"COD_GRUP":"3","GRUP_CA":"Vegetació arbustiva i herbàcia","COD_TIPUS":"34","TIPUS_CA":"Prats (i altres formacions herbàcies) basòfils, secs, de terra baixa i de la muntanya mitjana","COD_SUBTIP":"34.7","SUBTIP_CA":"Prats submediterranis","COD_CORINE":"34.721","CORINE_CA":"Joncedes (prats, sovint emmatats, d'Aphyllanthes monspeliensis), calcícoles, de les contrades mediterrànies i de la muntanya mitjana poc plujosa","COD_HIC":"-","HIC_CA":null,"HIC_PRIOR":null,"COD_EUNIS":"E1.52","EUNIS_EN":"Aphyllanthes grassland and supra-Mediterranean steppes","C_EUNIS_ES":"E1.52","EUNIS_ES":"[Aphyllanthes] grassland and supra-Mediterranean steppes","COD_LPEHT":"34.721","LPEHT_ES":"Pastos y matorrales dominados por Aphyllanthes monspeliensis, calcícolas, con Catananche caerulea, Linum narbonense, L. suffruticosum s.l., Lavandula latifolia","REL_EUN_LP":"L’hàbitat LPEHT es correspon només parcialment amb l’hàbitat EUNIS","AMENACA":1,"VGI":5,"EXCENTRICI":2,"SUP_ESTIM":300,"PERCEN_PNT":null}},{"type":"Feature","id":"HABITATS_TERRESTPNT.262022","geometry":{"type":"MultiPoint","coordinates":[[366974.4387,4671724.9548]]},"geometry_name":"GEOMETRIA","properties":{"ID":262022,"COD_GRUP":"3","GRUP_CA":"Vegetació arbustiva i herbàcia","COD_TIPUS":"34","TIPUS_CA":"Prats (i altres formacions herbàcies) basòfils, secs, de terra baixa i de la muntanya mitjana","COD_SUBTIP":"34.3","SUBTIP_CA":"Prats medioeuropeus (o mediterranis) dominats per herbes perennes","COD_CORINE":"34.36","CORINE_CA":"Fenassars (prats de Brachypodium phoenicoides), amb Euphorbia serrata, Galium lucidum (espunyidella blanca)..., xeromesòfils, de sòls profunds de terra baixa i de la baixa muntanya mediterrània","COD_HIC":"-","HIC_CA":null,"HIC_PRIOR":null,"COD_EUNIS":"E1.2A","EUNIS_EN":"Brachypodium phoenicoides swards","C_EUNIS_ES":"E1.2A","EUNIS_ES":"[Brachypodium phoenicoides] swards","COD_LPEHT":"34.36","LPEHT_ES":"Herbazales vivaces altos, xerófilos, de suelos eutróficos, con Brachypodium phoenicoides, Elymus repens, Euphorbia serrata, Centaurea aspera, Scabiosa atropurpurea, etc.","REL_EUN_LP":"L’hàbitat LPEHT es correspon totalment amb l’hàbitat EUNIS","AMENACA":1,"VGI":4,"EXCENTRICI":3,"SUP_ESTIM":700,"PERCEN_PNT":null}},{"type":"Feature","id":"HABITATS_TERRESTPNT.261840","geometry":{"type":"MultiPoint","coordinates":[[367013.3604,4671033.4371]]},"geometry_name":"GEOMETRIA","properties":{"ID":261840,"COD_GRUP":"3","GRUP_CA":"Vegetació arbustiva i herbàcia","COD_TIPUS":"32","TIPUS_CA":"Bosquines i matollars mediterranis i submediterranis","COD_SUBTIP":"32.1","SUBTIP_CA":"Màquies i altres bosquines altes","COD_CORINE":"32.1311","CORINE_CA":"Cadequers (màquies o garrigues amb abundància de Juniperus oxycedrus arborescent), no litorals","COD_HIC":"5210","HIC_CA":"Màquies i garrigues amb Juniperus spp. arborescents, no dunars","HIC_PRIOR":"No","COD_EUNIS":"F5.1311","EUNIS_EN":"Juniperus oxycedrus arborescent matorral","C_EUNIS_ES":"F5.1311","EUNIS_ES":"[Juniperus oxycedrus] arborescent matorral","COD_LPEHT":"32.1311","LPEHT_ES":"Matorrales arborescentes de Juniperus oxycedrus subsp. oxycedrus interiores","REL_EUN_LP":"L’hàbitat LPEHT es correspon totalment amb l’hàbitat EUNIS","AMENACA":1,"VGI":4,"EXCENTRICI":2,"SUP_ESTIM":200,"PERCEN_PNT":null}},{"type":"Feature","id":"HABITATS_TERRESTPNT.261847","geometry":{"type":"MultiPoint","coordinates":[[367015.4088,4671754.0528]]},"geometry_name":"GEOMETRIA","properties":{"ID":261847,"COD_GRUP":"3","GRUP_CA":"Vegetació arbustiva i herbàcia","COD_TIPUS":"37","TIPUS_CA":"Herbassars, jonqueres i prats humits","COD_SUBTIP":"37.3","SUBTIP_CA":"Jonqueres i herbassars humits oligotròfics, medioeuropeus","COD_CORINE":"37.311","CORINE_CA":"Herbassars graminoides amb alba roja (Molinia coerulea), higròfils i basòfils, de la muntanya mitjana","COD_HIC":"6410","HIC_CA":"Herbassars de Molinia coerulea en sòls calcaris torbosos o argil·lollimosos (Molinion caeruleae)","HIC_PRIOR":"No","COD_EUNIS":"E3.511","EUNIS_EN":"Calcicline purple moorgrass meadows","C_EUNIS_ES":"E3.5115.ES","EUNIS_ES":"Prados higrófilos y basófilos de Molinia caerulea del sur de Francia y de la mitad norte de la Península Ibérica","COD_LPEHT":"37.3115","LPEHT_ES":"Prados higrófilos y basófilos de Molinia caerulea del sur de Francia y de la mitad norte de la Península Ibérica","REL_EUN_LP":"L’hàbitat LPEHT es correspon totalment amb l’hàbitat EUNIS","AMENACA":1,"VGI":5,"EXCENTRICI":2,"SUP_ESTIM":180,"PERCEN_PNT":null}},{"type":"Feature","id":"HABITATS_TERRESTPNT.262021","geometry":{"type":"MultiPoint","coordinates":[[367018.5184,4671604.241]]},"geometry_name":"GEOMETRIA","properties":{"ID":262021,"COD_GRUP":"3","GRUP_CA":"Vegetació arbustiva i herbàcia","COD_TIPUS":"32","TIPUS_CA":"Bosquines i matollars mediterranis i submediterranis","COD_SUBTIP":"32.4","SUBTIP_CA":"Bosquines i matollars calcícoles mediterranis","COD_CORINE":"32.4811+","CORINE_CA":"Argelagars (matollars de Genista scorpius), calcícoles, de terra baixa i de la muntanya mitjana","COD_HIC":"-","HIC_CA":null,"HIC_PRIOR":null,"COD_EUNIS":"F6.1811.ES","EUNIS_EN":"-","C_EUNIS_ES":"F6.1811.ES","EUNIS_ES":"Matorrales de Genista scorpius","COD_LPEHT":"32.4811","LPEHT_ES":"Matorrales de Genista scorpius","REL_EUN_LP":"L’hàbitat LPEHT es correspon totalment amb l’hàbitat EUNIS","AMENACA":1,"VGI":3,"EXCENTRICI":2,"SUP_ESTIM":6400,"PERCEN_PNT":null}},{"type":"Feature","id":"HABITATS_TERRESTPNT.261851","geometry":{"type":"MultiPoint","coordinates":[[367044.8842,4672134.696]]},"geometry_name":"GEOMETRIA","properties":{"ID":261851,"COD_GRUP":"3","GRUP_CA":"Vegetació arbustiva i herbàcia","COD_TIPUS":"32","TIPUS_CA":"Bosquines i matollars mediterranis i submediterranis","COD_SUBTIP":"32.1","SUBTIP_CA":"Màquies i altres bosquines altes","COD_CORINE":"32.1321","CORINE_CA":"Savinoses (màquies o garrigues amb abundància de Juniperus phoenicea subsp. phoenicea arborescent), calcícoles, de les contrades mediterrànies no litorals","COD_HIC":"5210","HIC_CA":"Màquies i garrigues amb Juniperus spp. arborescents, no dunars","HIC_PRIOR":"No","COD_EUNIS":"F5.1321","EUNIS_EN":"Juniperus phoenicea arborescent matorral","C_EUNIS_ES":"F5.1321","EUNIS_ES":"[Juniperus phoenicea] arborescent matorral","COD_LPEHT":"32.1321","LPEHT_ES":"Sabinares negrales de Juniperus phoenicea subsp. phoenicea sobre sustratos rocosos principalmente interiores","REL_EUN_LP":"L’hàbitat LPEHT es correspon totalment amb l’hàbitat EUNIS","AMENACA":1,"VGI":4,"EXCENTRICI":2,"SUP_ESTIM":80,"PERCEN_PNT":null}},{"type":"Feature","id":"HABITATS_TERRESTPNT.262013","geometry":{"type":"MultiPoint","coordinates":[[367069.3199,4671046.9308]]},"geometry_name":"GEOMETRIA","properties":{"ID":262013,"COD_GRUP":"3","GRUP_CA":"Vegetació arbustiva i herbàcia","COD_TIPUS":"32","TIPUS_CA":"Bosquines i matollars mediterranis i submediterranis","COD_SUBTIP":"32.4","SUBTIP_CA":"Bosquines i matollars calcícoles mediterranis","COD_CORINE":"32.42","CORINE_CA":"Brolles dominades per romaní (Rosmarinus officinalis), calcícoles, de terra baixa","COD_HIC":"-","HIC_CA":null,"HIC_PRIOR":null,"COD_EUNIS":"F6.12","EUNIS_EN":"Western Rosmarinus officinalis garrigues","C_EUNIS_ES":"F6.12","EUNIS_ES":"Western [Rosmarinus officinalis] garrigues","COD_LPEHT":"32.42","LPEHT_ES":"Romerales calcícolas","REL_EUN_LP":"L’hàbitat LPEHT es correspon totalment amb l’hàbitat EUNIS","AMENACA":1,"VGI":4,"EXCENTRICI":2,"SUP_ESTIM":240,"PERCEN_PNT":null}},{"type":"Feature","id":"HABITATS_TERRESTPNT.263234","geometry":{"type":"MultiPoint","coordinates":[[367080.1323,4670480.8331]]},"geometry_name":"GEOMETRIA","properties":{"ID":263234,"COD_GRUP":"6","GRUP_CA":"Roques, tarteres, glaceres, coves","COD_TIPUS":"61","TIPUS_CA":"Tarteres","COD_SUBTIP":"61.3","SUBTIP_CA":"Altres tarteres","COD_CORINE":"61.311","CORINE_CA":"Pedrusques calcàries, amb Stipa calamagrostis, Rumex scutatus..., de l'estatge montà poc plujós","COD_HIC":"8130","HIC_CA":"Tarteres de l'Europa meridional amb vegetació poc o molt termòfila","HIC_PRIOR":"No","COD_EUNIS":"H2.611","EUNIS_EN":"Rough-grass screes","C_EUNIS_ES":"H2.611","EUNIS_ES":"Rough-grass screes","COD_LPEHT":"61.311","LPEHT_ES":"Pedregales calcáreos, con Stipa calamagrostis, Rumex scutatus, etc., montano-subalpinos","REL_EUN_LP":"L’hàbitat LPEHT es correspon totalment amb l’hàbitat EUNIS","AMENACA":1,"VGI":6,"EXCENTRICI":2,"SUP_ESTIM":5200,"PERCEN_PNT":null}},{"type":"Feature","id":"HABITATS_TERRESTPNT.261839","geometry":{"type":"MultiPoint","coordinates":[[367127.5284,4670988.1932]]},"geometry_name":"GEOMETRIA","properties":{"ID":261839,"COD_GRUP":"3","GRUP_CA":"Vegetació arbustiva i herbàcia","COD_TIPUS":"32","TIPUS_CA":"Bosquines i matollars mediterranis i submediterranis","COD_SUBTIP":"32.1","SUBTIP_CA":"Màquies i altres bosquines altes","COD_CORINE":"32.1311","CORINE_CA":"Cadequers (màquies o garrigues amb abundància de Juniperus oxycedrus arborescent), no litorals","COD_HIC":"5210","HIC_CA":"Màquies i garrigues amb Juniperus spp. arborescents, no dunars","HIC_PRIOR":"No","COD_EUNIS":"F5.1311","EUNIS_EN":"Juniperus oxycedrus arborescent matorral","C_EUNIS_ES":"F5.1311","EUNIS_ES":"[Juniperus oxycedrus] arborescent matorral","COD_LPEHT":"32.1311","LPEHT_ES":"Matorrales arborescentes de Juniperus oxycedrus subsp. oxycedrus interiores","REL_EUN_LP":"L’hàbitat LPEHT es correspon totalment amb l’hàbitat EUNIS","AMENACA":1,"VGI":4,"EXCENTRICI":2,"SUP_ESTIM":120,"PERCEN_PNT":null}},{"type":"Feature","id":"HABITATS_TERRESTPNT.263460","geometry":{"type":"MultiPoint","coordinates":[[367174.6227,4670733.7688]]},"geometry_name":"GEOMETRIA","properties":{"ID":263460,"COD_GRUP":"8","GRUP_CA":"Terres agrícoles i àrees antròpiques","COD_TIPUS":"87","TIPUS_CA":"Camps abandonats, ermots i àrees ruderals","COD_SUBTIP":"87.6","SUBTIP_CA":"Formacions dominades per espècies exòtiques","COD_CORINE":"87.61+","CORINE_CA":"Arbredes i matollars d'espècies exòtiques (Ailanthus, Broussonetia, Celtis, Retama sphaerocarpa,…)","COD_HIC":"-","HIC_CA":null,"HIC_PRIOR":null,"COD_EUNIS":"-","EUNIS_EN":"-","C_EUNIS_ES":"I3.ES","EUNIS_ES":"Áreas invadidas por especies alóctonas","COD_LPEHT":"87.4","LPEHT_ES":"Áreas invadidas por especies alóctonas","REL_EUN_LP":"L’hàbitat LPEHT es correspon totalment amb l’hàbitat EUNIS","AMENACA":0,"VGI":0,"EXCENTRICI":0,"SUP_ESTIM":480,"PERCEN_PNT":null}},{"type":"Feature","id":"HABITATS_TERRESTPNT.262012","geometry":{"type":"MultiPoint","coordinates":[[367195.791,4670963.3223]]},"geometry_name":"GEOMETRIA","properties":{"ID":262012,"COD_GRUP":"3","GRUP_CA":"Vegetació arbustiva i herbàcia","COD_TIPUS":"32","TIPUS_CA":"Bosquines i matollars mediterranis i submediterranis","COD_SUBTIP":"32.4","SUBTIP_CA":"Bosquines i matollars calcícoles mediterranis","COD_CORINE":"32.4M+","CORINE_CA":"Matollars de gessamí groc (Jasminum fruticans), de sòls calcaris, profunds, de terra baixa (i de la muntanya mitjana), a les contrades interiors","COD_HIC":"-","HIC_CA":null,"HIC_PRIOR":null,"COD_EUNIS":"F6.1M.ES","EUNIS_EN":"-","C_EUNIS_ES":"F6.1M.ES","EUNIS_ES":"Matorrales de jazmín amarillo (Jasminum fruticans)","COD_LPEHT":"32.4M","LPEHT_ES":"Matorrales de jazmín amarillo (Jasminum fruticans)","REL_EUN_LP":"L’hàbitat LPEHT es correspon totalment amb l’hàbitat EUNIS","AMENACA":4,"VGI":5,"EXCENTRICI":3,"SUP_ESTIM":12,"PERCEN_PNT":null}},{"type":"Feature","id":"HABITATS_TERRESTPNT.260785","geometry":{"type":"MultiPoint","coordinates":[[367216.3248,4671221.0515]]},"geometry_name":"GEOMETRIA","properties":{"ID":260785,"COD_GRUP":"3","GRUP_CA":"Vegetació arbustiva i herbàcia","COD_TIPUS":"32","TIPUS_CA":"Bosquines i matollars mediterranis i submediterranis","COD_SUBTIP":"32.1","SUBTIP_CA":"Màquies i altres bosquines altes","COD_CORINE":"32.1134+","CORINE_CA":"Màquies de carrasca (Quercus rotundifolia), calcícoles, de les contrades mediterrànies i de l'estatge submontà","COD_HIC":"9340","HIC_CA":"Alzinars i carrascars","HIC_PRIOR":"No","COD_EUNIS":"F5.1134.ES","EUNIS_EN":"-","C_EUNIS_ES":"F5.1134.ES","EUNIS_ES":"Maquias (macrofruticedas: 2-6m) de encina (Quercus ilex subsp. rotundifolia) calcícolas","COD_LPEHT":"32.1134","LPEHT_ES":"Maquias (macrofruticedas: 2-6m) de encina (Quercus ilex subsp. rotundifolia) calcícolas","REL_EUN_LP":"L’hàbitat LPEHT es correspon totalment amb l’hàbitat EUNIS","AMENACA":1,"VGI":2,"EXCENTRICI":2,"SUP_ESTIM":4000,"PERCEN_PNT":null}},{"type":"Feature","id":"HABITATS_TERRESTPNT.263232","geometry":{"type":"MultiPoint","coordinates":[[367225.559,4670784.292]]},"geometry_name":"GEOMETRIA","properties":{"ID":263232,"COD_GRUP":"4","GRUP_CA":"Boscos","COD_TIPUS":"45","TIPUS_CA":"Boscos esclerofil·les i laurifolis","COD_SUBTIP":"45.3","SUBTIP_CA":"Alzinars i carrascars","COD_CORINE":"45.3416+","CORINE_CA":"Carrascars amb roures (Quercus faginea, Q. pubescens...), de terra baixa i de l'estatge submontà","COD_HIC":"9340","HIC_CA":"Alzinars i carrascars","HIC_PRIOR":"No","COD_EUNIS":"G2.12416.ES","EUNIS_EN":"-","C_EUNIS_ES":"G2.12416.ES","EUNIS_ES":"Encinares de Quercus rotundifolia con robles o quejigos (Q. humilis o hibridos, Quercus faginea), mesomediterráneos y submontanos","COD_LPEHT":"45.3416","LPEHT_ES":"Encinares de Quercus rotundifolia con robles o quejigos (Q. humilis o hibridos, Quercus faginea), mesomediterráneos y submontanos","REL_EUN_LP":"L’hàbitat LPEHT es correspon totalment amb l’hàbitat EUNIS","AMENACA":2,"VGI":5,"EXCENTRICI":3,"SUP_ESTIM":4200,"PERCEN_PNT":null}},{"type":"Feature","id":"HABITATS_TERRESTPNT.260728","geometry":{"type":"MultiPoint","coordinates":[[367226.1675,4670144.9708]]},"geometry_name":"GEOMETRIA","properties":{"ID":260728,"COD_GRUP":"6","GRUP_CA":"Roques, tarteres, glaceres, coves","COD_TIPUS":"62","TIPUS_CA":"Roques no litorals","COD_SUBTIP":"62.1","SUBTIP_CA":"Cingles i penyals calcaris","COD_CORINE":"62.151","CORINE_CA":"Roques calcàries, amb Potentilla caulescens, Saxifraga longifolia, Asplenium fontanum..., de l'estatge montà i de les muntanyes mediterrànies","COD_HIC":"8210","HIC_CA":"Costers rocosos calcaris amb vegetació rupícola","HIC_PRIOR":"No","COD_EUNIS":"H3.251","EUNIS_EN":"Alpine calcareous cliff heliophile communities","C_EUNIS_ES":"H3.251","EUNIS_ES":"Alpine calcareous cliff heliophile communities","COD_LPEHT":"62.151","LPEHT_ES":"Rocas calcáreas con Potentilla caulescens, Saxifraga longifolia, Ramonda myconi, Asplenium fontanum, etc., del prepirineo y de las montañas catalanas","REL_EUN_LP":"L’hàbitat LPEHT es correspon totalment amb l’hàbitat EUNIS","AMENACA":1,"VGI":5,"EXCENTRICI":1,"SUP_ESTIM":200,"PERCEN_PNT":null}},{"type":"Feature","id":"HABITATS_TERRESTPNT.262011","geometry":{"type":"MultiPoint","coordinates":[[367256.6453,4670928.3973]]},"geometry_name":"GEOMETRIA","properties":{"ID":262011,"COD_GRUP":"8","GRUP_CA":"Terres agrícoles i àrees antròpiques","COD_TIPUS":"83","TIPUS_CA":"Conreus llenyosos i plantacions d'arbres","COD_SUBTIP":"83.1","SUBTIP_CA":"Conreus arboris","COD_CORINE":"83.11","CORINE_CA":"Camps d'oliveres (Olea europaea subsp. europaea)","COD_HIC":"-","HIC_CA":null,"HIC_PRIOR":null,"COD_EUNIS":"G2.91","EUNIS_EN":"Olea europaea groves","C_EUNIS_ES":"G2.91","EUNIS_ES":"[Olea europaea] groves","COD_LPEHT":"83.11","LPEHT_ES":"Olivares (cultivos de Olea europaea subsp. europaea var. europaea)","REL_EUN_LP":"L’hàbitat LPEHT es correspon totalment amb l’hàbitat EUNIS","AMENACA":0,"VGI":0,"EXCENTRICI":0,"SUP_ESTIM":500,"PERCEN_PNT":null}},{"type":"Feature","id":"HABITATS_TERRESTPNT.262010","geometry":{"type":"MultiPoint","coordinates":[[367286.8078,4670887.6513]]},"geometry_name":"GEOMETRIA","properties":{"ID":262010,"COD_GRUP":"8","GRUP_CA":"Terres agrícoles i àrees antròpiques","COD_TIPUS":"87","TIPUS_CA":"Camps abandonats, ermots i àrees ruderals","COD_SUBTIP":"87.6","SUBTIP_CA":"Formacions dominades per espècies exòtiques","COD_CORINE":"87.61+","CORINE_CA":"Arbredes i matollars d'espècies exòtiques (Ailanthus, Broussonetia, Celtis, Retama sphaerocarpa,…)","COD_HIC":"-","HIC_CA":null,"HIC_PRIOR":null,"COD_EUNIS":"-","EUNIS_EN":"-","C_EUNIS_ES":"I3.ES","EUNIS_ES":"Áreas invadidas por especies alóctonas","COD_LPEHT":"87.4","LPEHT_ES":"Áreas invadidas por especies alóctonas","REL_EUN_LP":"L’hàbitat LPEHT es correspon totalment amb l’hàbitat EUNIS","AMENACA":0,"VGI":0,"EXCENTRICI":0,"SUP_ESTIM":930,"PERCEN_PNT":null}},{"type":"Feature","id":"HABITATS_TERRESTPNT.261988","geometry":{"type":"MultiPoint","coordinates":[[367556.9423,4671258.5604]]},"geometry_name":"GEOMETRIA","properties":{"ID":261988,"COD_GRUP":"3","GRUP_CA":"Vegetació arbustiva i herbàcia","COD_TIPUS":"32","TIPUS_CA":"Bosquines i matollars mediterranis i submediterranis","COD_SUBTIP":"32.4","SUBTIP_CA":"Bosquines i matollars calcícoles mediterranis","COD_CORINE":"32.42","CORINE_CA":"Brolles dominades per romaní (Rosmarinus officinalis), calcícoles, de terra baixa","COD_HIC":"-","HIC_CA":null,"HIC_PRIOR":null,"COD_EUNIS":"F6.12","EUNIS_EN":"Western Rosmarinus officinalis garrigues","C_EUNIS_ES":"F6.12","EUNIS_ES":"Western [Rosmarinus officinalis] garrigues","COD_LPEHT":"32.42","LPEHT_ES":"Romerales calcícolas","REL_EUN_LP":"L’hàbitat LPEHT es correspon totalment amb l’hàbitat EUNIS","AMENACA":1,"VGI":4,"EXCENTRICI":2,"SUP_ESTIM":9500,"PERCEN_PNT":null}},{"type":"Feature","id":"HABITATS_TERRESTPNT.263477","geometry":{"type":"MultiPoint","coordinates":[[367603.6831,4671078.8884]]},"geometry_name":"GEOMETRIA","properties":{"ID":263477,"COD_GRUP":"6","GRUP_CA":"Roques, tarteres, glaceres, coves","COD_TIPUS":"61","TIPUS_CA":"Tarteres","COD_SUBTIP":"61.5+","SUBTIP_CA":"Terrers (badlands)","COD_CORINE":"61.51+","CORINE_CA":"Terrers (badlands) calcaris, generalment margosos o bé guixencs, amb vegetació molt esparsa o quasi nus","COD_HIC":"-","HIC_CA":null,"HIC_PRIOR":null,"COD_EUNIS":"H2.6I1.ES","EUNIS_EN":"-","C_EUNIS_ES":"H2.6I1.ES","EUNIS_ES":"Terreros erosionados (cárcavas) calcáreos, margosos o yesíferos, con vegetación dispersa o casi desnudos","COD_LPEHT":"61.A1","LPEHT_ES":"Terreros erosionados (cárcavas) calcáreos, margosos o yesíferos, con vegetación dispersa o casi desnudos","REL_EUN_LP":"L’hàbitat LPEHT es correspon totalment amb l’hàbitat EUNIS","AMENACA":1,"VGI":3,"EXCENTRICI":2,"SUP_ESTIM":1000,"PERCEN_PNT":null}},{"type":"Feature","id":"HABITATS_TERRESTPNT.263258","geometry":{"type":"MultiPoint","coordinates":[[367680.6695,4671468.4374]]},"geometry_name":"GEOMETRIA","properties":{"ID":263258,"COD_GRUP":"3","GRUP_CA":"Vegetació arbustiva i herbàcia","COD_TIPUS":"32","TIPUS_CA":"Bosquines i matollars mediterranis i submediterranis","COD_SUBTIP":"32.1","SUBTIP_CA":"Màquies i altres bosquines altes","COD_CORINE":"32.1134+","CORINE_CA":"Màquies de carrasca (Quercus rotundifolia), calcícoles, de les contrades mediterrànies i de l'estatge submontà","COD_HIC":"9340","HIC_CA":"Alzinars i carrascars","HIC_PRIOR":"No","COD_EUNIS":"F5.1134.ES","EUNIS_EN":"-","C_EUNIS_ES":"F5.1134.ES","EUNIS_ES":"Maquias (macrofruticedas: 2-6m) de encina (Quercus ilex subsp. rotundifolia) calcícolas","COD_LPEHT":"32.1134","LPEHT_ES":"Maquias (macrofruticedas: 2-6m) de encina (Quercus ilex subsp. rotundifolia) calcícolas","REL_EUN_LP":"L’hàbitat LPEHT es correspon totalment amb l’hàbitat EUNIS","AMENACA":1,"VGI":2,"EXCENTRICI":2,"SUP_ESTIM":3800,"PERCEN_PNT":null}},{"type":"Feature","id":"HABITATS_TERRESTPNT.261365","geometry":{"type":"MultiPoint","coordinates":[[367717.1413,4670922.4428]]},"geometry_name":"GEOMETRIA","properties":{"ID":261365,"COD_GRUP":"6","GRUP_CA":"Roques, tarteres, glaceres, coves","COD_TIPUS":"61","TIPUS_CA":"Tarteres","COD_SUBTIP":"61.3","SUBTIP_CA":"Altres tarteres","COD_CORINE":"61.311","CORINE_CA":"Pedrusques calcàries, amb Stipa calamagrostis, Rumex scutatus..., de l'estatge montà poc plujós","COD_HIC":"8130","HIC_CA":"Tarteres de l'Europa meridional amb vegetació poc o molt termòfila","HIC_PRIOR":"No","COD_EUNIS":"H2.611","EUNIS_EN":"Rough-grass screes","C_EUNIS_ES":"H2.611","EUNIS_ES":"Rough-grass screes","COD_LPEHT":"61.311","LPEHT_ES":"Pedregales calcáreos, con Stipa calamagrostis, Rumex scutatus, etc., montano-subalpinos","REL_EUN_LP":"L’hàbitat LPEHT es correspon totalment amb l’hàbitat EUNIS","AMENACA":1,"VGI":6,"EXCENTRICI":2,"SUP_ESTIM":2500,"PERCEN_PNT":null}},{"type":"Feature","id":"HABITATS_TERRESTPNT.263259","geometry":{"type":"MultiPoint","coordinates":[[367831.7544,4671292.9367]]},"geometry_name":"GEOMETRIA","properties":{"ID":263259,"COD_GRUP":"3","GRUP_CA":"Vegetació arbustiva i herbàcia","COD_TIPUS":"32","TIPUS_CA":"Bosquines i matollars mediterranis i submediterranis","COD_SUBTIP":"32.1","SUBTIP_CA":"Màquies i altres bosquines altes","COD_CORINE":"32.1311","CORINE_CA":"Cadequers (màquies o garrigues amb abundància de Juniperus oxycedrus arborescent), no litorals","COD_HIC":"5210","HIC_CA":"Màquies i garrigues amb Juniperus spp. arborescents, no dunars","HIC_PRIOR":"No","COD_EUNIS":"F5.1311","EUNIS_EN":"Juniperus oxycedrus arborescent matorral","C_EUNIS_ES":"F5.1311","EUNIS_ES":"[Juniperus oxycedrus] arborescent matorral","COD_LPEHT":"32.1311","LPEHT_ES":"Matorrales arborescentes de Juniperus oxycedrus subsp. oxycedrus interiores","REL_EUN_LP":"L’hàbitat LPEHT es correspon totalment amb l’hàbitat EUNIS","AMENACA":1,"VGI":4,"EXCENTRICI":2,"SUP_ESTIM":70,"PERCEN_PNT":null}},{"type":"Feature","id":"HABITATS_TERRESTPNT.263475","geometry":{"type":"MultiPoint","coordinates":[[367921.3602,4671340.65]]},"geometry_name":"GEOMETRIA","properties":{"ID":263475,"COD_GRUP":"3","GRUP_CA":"Vegetació arbustiva i herbàcia","COD_TIPUS":"34","TIPUS_CA":"Prats (i altres formacions herbàcies) basòfils, secs, de terra baixa i de la muntanya mitjana","COD_SUBTIP":"34.7","SUBTIP_CA":"Prats submediterranis","COD_CORINE":"34.721","CORINE_CA":"Joncedes (prats, sovint emmatats, d'Aphyllanthes monspeliensis), calcícoles, de les contrades mediterrànies i de la muntanya mitjana poc plujosa","COD_HIC":"-","HIC_CA":null,"HIC_PRIOR":null,"COD_EUNIS":"E1.52","EUNIS_EN":"Aphyllanthes grassland and supra-Mediterranean steppes","C_EUNIS_ES":"E1.52","EUNIS_ES":"[Aphyllanthes] grassland and supra-Mediterranean steppes","COD_LPEHT":"34.721","LPEHT_ES":"Pastos y matorrales dominados por Aphyllanthes monspeliensis, calcícolas, con Catananche caerulea, Linum narbonense, L. suffruticosum s.l., Lavandula latifolia","REL_EUN_LP":"L’hàbitat LPEHT es correspon només parcialment amb l’hàbitat EUNIS","AMENACA":1,"VGI":5,"EXCENTRICI":2,"SUP_ESTIM":400,"PERCEN_PNT":null}},{"type":"Feature","id":"HABITATS_TERRESTPNT.261838","geometry":{"type":"MultiPoint","coordinates":[[367987.4414,4670500.6754]]},"geometry_name":"GEOMETRIA","properties":{"ID":261838,"COD_GRUP":"3","GRUP_CA":"Vegetació arbustiva i herbàcia","COD_TIPUS":"32","TIPUS_CA":"Bosquines i matollars mediterranis i submediterranis","COD_SUBTIP":"32.6","SUBTIP_CA":"Matollars submediterranis i mediterranis muntanyencs","COD_CORINE":"32.641+","CORINE_CA":"Boixedes (matollars de Buxus sempervirens) de la muntanya mitjana (i de les contrades mediterrànies)","COD_HIC":"5110","HIC_CA":"Boixedes xerotermòfiles permanents, dels vessants rocosos","HIC_PRIOR":"No","COD_EUNIS":"F6.64","EUNIS_EN":"Supra-Mediterranean Buxus sempervirens scrub","C_EUNIS_ES":"F6.64","EUNIS_ES":"Supra-Mediterranean [Buxus sempervirens] scrub","COD_LPEHT":"32.64","LPEHT_ES":"Matorrales de Buxus sempervirens de óptimo supramediterráneo","REL_EUN_LP":"L’hàbitat LPEHT es correspon totalment amb l’hàbitat EUNIS","AMENACA":1,"VGI":4,"EXCENTRICI":2,"SUP_ESTIM":8000,"PERCEN_PNT":null}},{"type":"Feature","id":"HABITATS_TERRESTPNT.263476","geometry":{"type":"MultiPoint","coordinates":[[368027.5465,4671449.5703]]},"geometry_name":"GEOMETRIA","properties":{"ID":263476,"COD_GRUP":"3","GRUP_CA":"Vegetació arbustiva i herbàcia","COD_TIPUS":"34","TIPUS_CA":"Prats (i altres formacions herbàcies) basòfils, secs, de terra baixa i de la muntanya mitjana","COD_SUBTIP":"34.7","SUBTIP_CA":"Prats submediterranis","COD_CORINE":"34.721","CORINE_CA":"Joncedes (prats, sovint emmatats, d'Aphyllanthes monspeliensis), calcícoles, de les contrades mediterrànies i de la muntanya mitjana poc plujosa","COD_HIC":"-","HIC_CA":null,"HIC_PRIOR":null,"COD_EUNIS":"E1.52","EUNIS_EN":"Aphyllanthes grassland and supra-Mediterranean steppes","C_EUNIS_ES":"E1.52","EUNIS_ES":"[Aphyllanthes] grassland and supra-Mediterranean steppes","COD_LPEHT":"34.721","LPEHT_ES":"Pastos y matorrales dominados por Aphyllanthes monspeliensis, calcícolas, con Catananche caerulea, Linum narbonense, L. suffruticosum s.l., Lavandula latifolia","REL_EUN_LP":"L’hàbitat LPEHT es correspon només parcialment amb l’hàbitat EUNIS","AMENACA":1,"VGI":5,"EXCENTRICI":2,"SUP_ESTIM":700,"PERCEN_PNT":null}},{"type":"Feature","id":"HABITATS_TERRESTPNT.261075","geometry":{"type":"MultiPoint","coordinates":[[368104.372,4670876.2004]]},"geometry_name":"GEOMETRIA","properties":{"ID":261075,"COD_GRUP":"3","GRUP_CA":"Vegetació arbustiva i herbàcia","COD_TIPUS":"32","TIPUS_CA":"Bosquines i matollars mediterranis i submediterranis","COD_SUBTIP":"32.4","SUBTIP_CA":"Bosquines i matollars calcícoles mediterranis","COD_CORINE":"32.42","CORINE_CA":"Brolles dominades per romaní (Rosmarinus officinalis), calcícoles, de terra baixa","COD_HIC":"-","HIC_CA":null,"HIC_PRIOR":null,"COD_EUNIS":"F6.12","EUNIS_EN":"Western Rosmarinus officinalis garrigues","C_EUNIS_ES":"F6.12","EUNIS_ES":"Western [Rosmarinus officinalis] garrigues","COD_LPEHT":"32.42","LPEHT_ES":"Romerales calcícolas","REL_EUN_LP":"L’hàbitat LPEHT es correspon totalment amb l’hàbitat EUNIS","AMENACA":1,"VGI":4,"EXCENTRICI":2,"SUP_ESTIM":2400,"PERCEN_PNT":null}},{"type":"Feature","id":"HABITATS_TERRESTPNT.261837","geometry":{"type":"MultiPoint","coordinates":[[368140.7126,4670384.8207]]},"geometry_name":"GEOMETRIA","properties":{"ID":261837,"COD_GRUP":"6","GRUP_CA":"Roques, tarteres, glaceres, coves","COD_TIPUS":"61","TIPUS_CA":"Tarteres","COD_SUBTIP":"61.3","SUBTIP_CA":"Altres tarteres","COD_CORINE":"61.311","CORINE_CA":"Pedrusques calcàries, amb Stipa calamagrostis, Rumex scutatus..., de l'estatge montà poc plujós","COD_HIC":"8130","HIC_CA":"Tarteres de l'Europa meridional amb vegetació poc o molt termòfila","HIC_PRIOR":"No","COD_EUNIS":"H2.611","EUNIS_EN":"Rough-grass screes","C_EUNIS_ES":"H2.611","EUNIS_ES":"Rough-grass screes","COD_LPEHT":"61.311","LPEHT_ES":"Pedregales calcáreos, con Stipa calamagrostis, Rumex scutatus, etc., montano-subalpinos","REL_EUN_LP":"L’hàbitat LPEHT es correspon totalment amb l’hàbitat EUNIS","AMENACA":1,"VGI":6,"EXCENTRICI":2,"SUP_ESTIM":5100,"PERCEN_PNT":null}},{"type":"Feature","id":"HABITATS_TERRESTPNT.260747","geometry":{"type":"MultiPoint","coordinates":[[368176.6127,4670113.3557]]},"geometry_name":"GEOMETRIA","properties":{"ID":260747,"COD_GRUP":"6","GRUP_CA":"Roques, tarteres, glaceres, coves","COD_TIPUS":"62","TIPUS_CA":"Roques no litorals","COD_SUBTIP":"62.1","SUBTIP_CA":"Cingles i penyals calcaris","COD_CORINE":"62.151","CORINE_CA":"Roques calcàries, amb Potentilla caulescens, Saxifraga longifolia, Asplenium fontanum..., de l'estatge montà i de les muntanyes mediterrànies","COD_HIC":"8210","HIC_CA":"Costers rocosos calcaris amb vegetació rupícola","HIC_PRIOR":"No","COD_EUNIS":"H3.251","EUNIS_EN":"Alpine calcareous cliff heliophile communities","C_EUNIS_ES":"H3.251","EUNIS_ES":"Alpine calcareous cliff heliophile communities","COD_LPEHT":"62.151","LPEHT_ES":"Rocas calcáreas con Potentilla caulescens, Saxifraga longifolia, Ramonda myconi, Asplenium fontanum, etc., del prepirineo y de las montañas catalanas","REL_EUN_LP":"L’hàbitat LPEHT es correspon totalment amb l’hàbitat EUNIS","AMENACA":1,"VGI":5,"EXCENTRICI":1,"SUP_ESTIM":200,"PERCEN_PNT":null}},{"type":"Feature","id":"HABITATS_TERRESTPNT.261366","geometry":{"type":"MultiPoint","coordinates":[[368179.2443,4670744.488]]},"geometry_name":"GEOMETRIA","properties":{"ID":261366,"COD_GRUP":"6","GRUP_CA":"Roques, tarteres, glaceres, coves","COD_TIPUS":"62","TIPUS_CA":"Roques no litorals","COD_SUBTIP":"62.1","SUBTIP_CA":"Cingles i penyals calcaris","COD_CORINE":"62.1111","CORINE_CA":"Roques calcàries amb vegetació casmofítica, termòfila, de les contrades mediterrànies","COD_HIC":"8210","HIC_CA":"Costers rocosos calcaris amb vegetació rupícola","HIC_PRIOR":"No","COD_EUNIS":"H2.2111.ES","EUNIS_EN":"-","C_EUNIS_ES":"H3.2111.ES","EUNIS_ES":"Roquedos calcáreos y dolomíticos iberomediterráneos","COD_LPEHT":"62.1111","LPEHT_ES":"Roquedos calcáreos y dolomíticos iberomediterráneos","REL_EUN_LP":"L’hàbitat LPEHT es correspon totalment amb l’hàbitat EUNIS","AMENACA":1,"VGI":5,"EXCENTRICI":2,"SUP_ESTIM":2300,"PERCEN_PNT":null}},{"type":"Feature","id":"HABITATS_TERRESTPNT.261367","geometry":{"type":"MultiPoint","coordinates":[[368255.9189,4670072.3671]]},"geometry_name":"GEOMETRIA","properties":{"ID":261367,"COD_GRUP":"6","GRUP_CA":"Roques, tarteres, glaceres, coves","COD_TIPUS":"61","TIPUS_CA":"Tarteres","COD_SUBTIP":"61.3","SUBTIP_CA":"Altres tarteres","COD_CORINE":"61.311","CORINE_CA":"Pedrusques calcàries, amb Stipa calamagrostis, Rumex scutatus..., de l'estatge montà poc plujós","COD_HIC":"8130","HIC_CA":"Tarteres de l'Europa meridional amb vegetació poc o molt termòfila","HIC_PRIOR":"No","COD_EUNIS":"H2.611","EUNIS_EN":"Rough-grass screes","C_EUNIS_ES":"H2.611","EUNIS_ES":"Rough-grass screes","COD_LPEHT":"61.311","LPEHT_ES":"Pedregales calcáreos, con Stipa calamagrostis, Rumex scutatus, etc., montano-subalpinos","REL_EUN_LP":"L’hàbitat LPEHT es correspon totalment amb l’hàbitat EUNIS","AMENACA":1,"VGI":6,"EXCENTRICI":2,"SUP_ESTIM":6900,"PERCEN_PNT":null}},{"type":"Feature","id":"HABITATS_TERRESTPNT.263473","geometry":{"type":"MultiPoint","coordinates":[[368637.0595,4671048.5494]]},"geometry_name":"GEOMETRIA","properties":{"ID":263473,"COD_GRUP":"3","GRUP_CA":"Vegetació arbustiva i herbàcia","COD_TIPUS":"32","TIPUS_CA":"Bosquines i matollars mediterranis i submediterranis","COD_SUBTIP":"32.4","SUBTIP_CA":"Bosquines i matollars calcícoles mediterranis","COD_CORINE":"32.4811+","CORINE_CA":"Argelagars (matollars de Genista scorpius), calcícoles, de terra baixa i de la muntanya mitjana","COD_HIC":"-","HIC_CA":null,"HIC_PRIOR":null,"COD_EUNIS":"F6.1811.ES","EUNIS_EN":"-","C_EUNIS_ES":"F6.1811.ES","EUNIS_ES":"Matorrales de Genista scorpius","COD_LPEHT":"32.4811","LPEHT_ES":"Matorrales de Genista scorpius","REL_EUN_LP":"L’hàbitat LPEHT es correspon totalment amb l’hàbitat EUNIS","AMENACA":1,"VGI":3,"EXCENTRICI":2,"SUP_ESTIM":40,"PERCEN_PNT":null}},{"type":"Feature","id":"HABITATS_TERRESTPNT.260742","geometry":{"type":"MultiPoint","coordinates":[[368728.314,4671816.6092]]},"geometry_name":"GEOMETRIA","properties":{"ID":260742,"COD_GRUP":"4","GRUP_CA":"Boscos","COD_TIPUS":"45","TIPUS_CA":"Boscos esclerofil·les i laurifolis","COD_SUBTIP":"45.3","SUBTIP_CA":"Alzinars i carrascars","COD_CORINE":"45.3415+","CORINE_CA":"Carrascars muntanyencs","COD_HIC":"9340","HIC_CA":"Alzinars i carrascars","HIC_PRIOR":"No","COD_EUNIS":"G2.12415.ES","EUNIS_EN":"-","C_EUNIS_ES":"G2.12415.ES","EUNIS_ES":"Encinares de Quercus rotundifolia pirenaicos con Buxus sempervirens","COD_LPEHT":"45.3415","LPEHT_ES":"Encinares de Quercus rotundifolia pirenaicos con Buxus sempervirens","REL_EUN_LP":"L’hàbitat LPEHT es correspon totalment amb l’hàbitat EUNIS","AMENACA":1,"VGI":4,"EXCENTRICI":2,"SUP_ESTIM":5000,"PERCEN_PNT":null}},{"type":"Feature","id":"HABITATS_TERRESTPNT.81618","geometry":{"type":"MultiPoint","coordinates":[[367489.3833,4669289.0145]]},"geometry_name":"GEOMETRIA","properties":{"ID":81618,"COD_GRUP":"6","GRUP_CA":"Roques, tarteres, glaceres, coves","COD_TIPUS":"61","TIPUS_CA":"Tarteres","COD_SUBTIP":"61.3","SUBTIP_CA":"Altres tarteres","COD_CORINE":"61.311","CORINE_CA":"Pedrusques calcàries, amb Stipa calamagrostis, Rumex scutatus..., de l'estatge montà poc plujós","COD_HIC":"8130","HIC_CA":"Tarteres de l'Europa meridional amb vegetació poc o molt termòfila","HIC_PRIOR":"No","COD_EUNIS":"H2.611","EUNIS_EN":"Rough-grass screes","C_EUNIS_ES":"H2.611","EUNIS_ES":"Rough-grass screes","COD_LPEHT":"61.311","LPEHT_ES":"Pedregales calcáreos, con Stipa calamagrostis, Rumex scutatus, etc., montano-subalpinos","REL_EUN_LP":"L’hàbitat LPEHT es correspon totalment amb l’hàbitat EUNIS","AMENACA":1,"VGI":6,"EXCENTRICI":2,"SUP_ESTIM":2000,"PERCEN_PNT":null}},{"type":"Feature","id":"HABITATS_TERRESTPNT.81621","geometry":{"type":"MultiPoint","coordinates":[[368254.9567,4669317.5895]]},"geometry_name":"GEOMETRIA","properties":{"ID":81621,"COD_GRUP":"3","GRUP_CA":"Vegetació arbustiva i herbàcia","COD_TIPUS":"31","TIPUS_CA":"Bosquines i matollars de muntanya i d'ambients frescals de terra baixa","COD_SUBTIP":"31.8","SUBTIP_CA":"Bosquines, matollars i herbassars generalment preforestals o postforestals","COD_CORINE":"31.8123","CORINE_CA":"Matollars de corner (Amelanchier ovalis), boix (Buxus sempervirens), espina cervina (Rhamnus saxatilis)..., calcícoles, de costers rocosos, secs, de la muntanya mitjana","COD_HIC":"5110","HIC_CA":"Boixedes xerotermòfiles permanents, dels vessants rocosos","HIC_PRIOR":"No","COD_EUNIS":"F3.1123","EUNIS_EN":"Rock pear scrub","C_EUNIS_ES":"F3.1123","EUNIS_ES":"Rock pear scrub","COD_LPEHT":"31.8123","LPEHT_ES":"Orlas y bosquetes de guillomo (Amelanchier ovalis), en ocasiones con Cotoneaster spp.","REL_EUN_LP":"L’hàbitat LPEHT es correspon totalment amb l’hàbitat EUNIS","AMENACA":1,"VGI":4,"EXCENTRICI":2,"SUP_ESTIM":4000,"PERCEN_PNT":null}},{"type":"Feature","id":"HABITATS_TERRESTPNT.81624","geometry":{"type":"MultiPoint","coordinates":[[369047.6225,4669335.7908]]},"geometry_name":"GEOMETRIA","properties":{"ID":81624,"COD_GRUP":"3","GRUP_CA":"Vegetació arbustiva i herbàcia","COD_TIPUS":"31","TIPUS_CA":"Bosquines i matollars de muntanya i d'ambients frescals de terra baixa","COD_SUBTIP":"31.8","SUBTIP_CA":"Bosquines, matollars i herbassars generalment preforestals o postforestals","COD_CORINE":"31.8123","CORINE_CA":"Matollars de corner (Amelanchier ovalis), boix (Buxus sempervirens), espina cervina (Rhamnus saxatilis)..., calcícoles, de costers rocosos, secs, de la muntanya mitjana","COD_HIC":"5110","HIC_CA":"Boixedes xerotermòfiles permanents, dels vessants rocosos","HIC_PRIOR":"No","COD_EUNIS":"F3.1123","EUNIS_EN":"Rock pear scrub","C_EUNIS_ES":"F3.1123","EUNIS_ES":"Rock pear scrub","COD_LPEHT":"31.8123","LPEHT_ES":"Orlas y bosquetes de guillomo (Amelanchier ovalis), en ocasiones con Cotoneaster spp.","REL_EUN_LP":"L’hàbitat LPEHT es correspon totalment amb l’hàbitat EUNIS","AMENACA":1,"VGI":4,"EXCENTRICI":2,"SUP_ESTIM":2000,"PERCEN_PNT":null}},{"type":"Feature","id":"HABITATS_TERRESTPNT.81900","geometry":{"type":"MultiPoint","coordinates":[[368315.6787,4669347.3552]]},"geometry_name":"GEOMETRIA","properties":{"ID":81900,"COD_GRUP":"4","GRUP_CA":"Boscos","COD_TIPUS":"42","TIPUS_CA":"Boscos aciculifolis","COD_SUBTIP":"42.B+","SUBTIP_CA":"Boscos mixtos de coníferes","COD_CORINE":"42.B3+","CORINE_CA":"Boscos mixtos de pi roig (Pinus sylvestris) i pinassa (Pinus nigra subsp. salzmannii)","COD_HIC":"-","HIC_CA":null,"HIC_PRIOR":null,"COD_EUNIS":"G3.G3.ES","EUNIS_EN":"-","C_EUNIS_ES":"G3.G3.ES","EUNIS_ES":"Pinares mixtos de pino albar (Pinus sylvestris) y pino negral (Pinus nigra subsp. salzmannii)","COD_LPEHT":"42.G3","LPEHT_ES":"Pinares mixtos de pino albar (Pinus sylvestris) y pino negral (Pinus nigra subsp. salzmannii)","REL_EUN_LP":"L’hàbitat LPEHT es correspon totalment amb l’hàbitat EUNIS","AMENACA":1,"VGI":3,"EXCENTRICI":2,"SUP_ESTIM":6000,"PERCEN_PNT":null}},{"type":"Feature","id":"HABITATS_TERRESTPNT.81625","geometry":{"type":"MultiPoint","coordinates":[[368572.8543,4669353.3083]]},"geometry_name":"GEOMETRIA","properties":{"ID":81625,"COD_GRUP":"3","GRUP_CA":"Vegetació arbustiva i herbàcia","COD_TIPUS":"31","TIPUS_CA":"Bosquines i matollars de muntanya i d'ambients frescals de terra baixa","COD_SUBTIP":"31.8","SUBTIP_CA":"Bosquines, matollars i herbassars generalment preforestals o postforestals","COD_CORINE":"31.8123","CORINE_CA":"Matollars de corner (Amelanchier ovalis), boix (Buxus sempervirens), espina cervina (Rhamnus saxatilis)..., calcícoles, de costers rocosos, secs, de la muntanya mitjana","COD_HIC":"5110","HIC_CA":"Boixedes xerotermòfiles permanents, dels vessants rocosos","HIC_PRIOR":"No","COD_EUNIS":"F3.1123","EUNIS_EN":"Rock pear scrub","C_EUNIS_ES":"F3.1123","EUNIS_ES":"Rock pear scrub","COD_LPEHT":"31.8123","LPEHT_ES":"Orlas y bosquetes de guillomo (Amelanchier ovalis), en ocasiones con Cotoneaster spp.","REL_EUN_LP":"L’hàbitat LPEHT es correspon totalment amb l’hàbitat EUNIS","AMENACA":1,"VGI":4,"EXCENTRICI":2,"SUP_ESTIM":8000,"PERCEN_PNT":null}},{"type":"Feature","id":"HABITATS_TERRESTPNT.81639","geometry":{"type":"MultiPoint","coordinates":[[367821.5684,4669502.1368]]},"geometry_name":"GEOMETRIA","properties":{"ID":81639,"COD_GRUP":"6","GRUP_CA":"Roques, tarteres, glaceres, coves","COD_TIPUS":"61","TIPUS_CA":"Tarteres","COD_SUBTIP":"61.3","SUBTIP_CA":"Altres tarteres","COD_CORINE":"61.311","CORINE_CA":"Pedrusques calcàries, amb Stipa calamagrostis, Rumex scutatus..., de l'estatge montà poc plujós","COD_HIC":"8130","HIC_CA":"Tarteres de l'Europa meridional amb vegetació poc o molt termòfila","HIC_PRIOR":"No","COD_EUNIS":"H2.611","EUNIS_EN":"Rough-grass screes","C_EUNIS_ES":"H2.611","EUNIS_ES":"Rough-grass screes","COD_LPEHT":"61.311","LPEHT_ES":"Pedregales calcáreos, con Stipa calamagrostis, Rumex scutatus, etc., montano-subalpinos","REL_EUN_LP":"L’hàbitat LPEHT es correspon totalment amb l’hàbitat EUNIS","AMENACA":1,"VGI":6,"EXCENTRICI":2,"SUP_ESTIM":6000,"PERCEN_PNT":null}},{"type":"Feature","id":"HABITATS_TERRESTPNT.81640","geometry":{"type":"MultiPoint","coordinates":[[367746.5589,4669509.2805]]},"geometry_name":"GEOMETRIA","properties":{"ID":81640,"COD_GRUP":"3","GRUP_CA":"Vegetació arbustiva i herbàcia","COD_TIPUS":"31","TIPUS_CA":"Bosquines i matollars de muntanya i d'ambients frescals de terra baixa","COD_SUBTIP":"31.8","SUBTIP_CA":"Bosquines, matollars i herbassars generalment preforestals o postforestals","COD_CORINE":"31.82","CORINE_CA":"Bardisses amb abundància de boix (Buxus sempervirens), calcícoles, de la muntanya mitjana poc plujosa, sobretot als Prepirineus","COD_HIC":"5110","HIC_CA":"Boixedes xerotermòfiles permanents, dels vessants rocosos","HIC_PRIOR":"No","COD_EUNIS":"F3.12","EUNIS_EN":"Buxus sempervirens thickets","C_EUNIS_ES":"F3.12","EUNIS_ES":"[Buxus sempervirens] thickets","COD_LPEHT":"31.82","LPEHT_ES":"Espinares y orlas caducifolias con boj (Buxus sempervirens)","REL_EUN_LP":"L’hàbitat LPEHT es correspon totalment amb l’hàbitat EUNIS","AMENACA":1,"VGI":3,"EXCENTRICI":2,"SUP_ESTIM":3000,"PERCEN_PNT":null}},{"type":"Feature","id":"HABITATS_TERRESTPNT.81641","geometry":{"type":"MultiPoint","coordinates":[[367052.4231,4669515.2337]]},"geometry_name":"GEOMETRIA","properties":{"ID":81641,"COD_GRUP":"6","GRUP_CA":"Roques, tarteres, glaceres, coves","COD_TIPUS":"61","TIPUS_CA":"Tarteres","COD_SUBTIP":"61.3","SUBTIP_CA":"Altres tarteres","COD_CORINE":"61.311","CORINE_CA":"Pedrusques calcàries, amb Stipa calamagrostis, Rumex scutatus..., de l'estatge montà poc plujós","COD_HIC":"8130","HIC_CA":"Tarteres de l'Europa meridional amb vegetació poc o molt termòfila","HIC_PRIOR":"No","COD_EUNIS":"H2.611","EUNIS_EN":"Rough-grass screes","C_EUNIS_ES":"H2.611","EUNIS_ES":"Rough-grass screes","COD_LPEHT":"61.311","LPEHT_ES":"Pedregales calcáreos, con Stipa calamagrostis, Rumex scutatus, etc., montano-subalpinos","REL_EUN_LP":"L’hàbitat LPEHT es correspon totalment amb l’hàbitat EUNIS","AMENACA":1,"VGI":6,"EXCENTRICI":2,"SUP_ESTIM":1500,"PERCEN_PNT":null}},{"type":"Feature","id":"HABITATS_TERRESTPNT.263228","geometry":{"type":"MultiPoint","coordinates":[[367805.0853,4669525.1389]]},"geometry_name":"GEOMETRIA","properties":{"ID":263228,"COD_GRUP":"6","GRUP_CA":"Roques, tarteres, glaceres, coves","COD_TIPUS":"61","TIPUS_CA":"Tarteres","COD_SUBTIP":"61.3","SUBTIP_CA":"Altres tarteres","COD_CORINE":"61.311","CORINE_CA":"Pedrusques calcàries, amb Stipa calamagrostis, Rumex scutatus..., de l'estatge montà poc plujós","COD_HIC":"8130","HIC_CA":"Tarteres de l'Europa meridional amb vegetació poc o molt termòfila","HIC_PRIOR":"No","COD_EUNIS":"H2.611","EUNIS_EN":"Rough-grass screes","C_EUNIS_ES":"H2.611","EUNIS_ES":"Rough-grass screes","COD_LPEHT":"61.311","LPEHT_ES":"Pedregales calcáreos, con Stipa calamagrostis, Rumex scutatus, etc., montano-subalpinos","REL_EUN_LP":"L’hàbitat LPEHT es correspon totalment amb l’hàbitat EUNIS","AMENACA":1,"VGI":6,"EXCENTRICI":2,"SUP_ESTIM":4400,"PERCEN_PNT":null}},{"type":"Feature","id":"HABITATS_TERRESTPNT.263245","geometry":{"type":"MultiPoint","coordinates":[[369232.7873,4669568.7648]]},"geometry_name":"GEOMETRIA","properties":{"ID":263245,"COD_GRUP":"3","GRUP_CA":"Vegetació arbustiva i herbàcia","COD_TIPUS":"31","TIPUS_CA":"Bosquines i matollars de muntanya i d'ambients frescals de terra baixa","COD_SUBTIP":"31.8","SUBTIP_CA":"Bosquines, matollars i herbassars generalment preforestals o postforestals","COD_CORINE":"31.8123","CORINE_CA":"Matollars de corner (Amelanchier ovalis), boix (Buxus sempervirens), espina cervina (Rhamnus saxatilis)..., calcícoles, de costers rocosos, secs, de la muntanya mitjana","COD_HIC":"5110","HIC_CA":"Boixedes xerotermòfiles permanents, dels vessants rocosos","HIC_PRIOR":"No","COD_EUNIS":"F3.1123","EUNIS_EN":"Rock pear scrub","C_EUNIS_ES":"F3.1123","EUNIS_ES":"Rock pear scrub","COD_LPEHT":"31.8123","LPEHT_ES":"Orlas y bosquetes de guillomo (Amelanchier ovalis), en ocasiones con Cotoneaster spp.","REL_EUN_LP":"L’hàbitat LPEHT es correspon totalment amb l’hàbitat EUNIS","AMENACA":1,"VGI":4,"EXCENTRICI":2,"SUP_ESTIM":200,"PERCEN_PNT":null}},{"type":"Feature","id":"HABITATS_TERRESTPNT.263243","geometry":{"type":"MultiPoint","coordinates":[[367260.6138,4669580.8688]]},"geometry_name":"GEOMETRIA","properties":{"ID":263243,"COD_GRUP":"3","GRUP_CA":"Vegetació arbustiva i herbàcia","COD_TIPUS":"31","TIPUS_CA":"Bosquines i matollars de muntanya i d'ambients frescals de terra baixa","COD_SUBTIP":"31.8","SUBTIP_CA":"Bosquines, matollars i herbassars generalment preforestals o postforestals","COD_CORINE":"31.8123","CORINE_CA":"Matollars de corner (Amelanchier ovalis), boix (Buxus sempervirens), espina cervina (Rhamnus saxatilis)..., calcícoles, de costers rocosos, secs, de la muntanya mitjana","COD_HIC":"5110","HIC_CA":"Boixedes xerotermòfiles permanents, dels vessants rocosos","HIC_PRIOR":"No","COD_EUNIS":"F3.1123","EUNIS_EN":"Rock pear scrub","C_EUNIS_ES":"F3.1123","EUNIS_ES":"Rock pear scrub","COD_LPEHT":"31.8123","LPEHT_ES":"Orlas y bosquetes de guillomo (Amelanchier ovalis), en ocasiones con Cotoneaster spp.","REL_EUN_LP":"L’hàbitat LPEHT es correspon totalment amb l’hàbitat EUNIS","AMENACA":1,"VGI":4,"EXCENTRICI":2,"SUP_ESTIM":600,"PERCEN_PNT":null}},{"type":"Feature","id":"HABITATS_TERRESTPNT.263240","geometry":{"type":"MultiPoint","coordinates":[[367222.351,4669593.8923]]},"geometry_name":"GEOMETRIA","properties":{"ID":263240,"COD_GRUP":"4","GRUP_CA":"Boscos","COD_TIPUS":"44","TIPUS_CA":"Boscos i bosquines de ribera o de llocs molt humits","COD_SUBTIP":"44.1","SUBTIP_CA":"Comunitats dominades per Salix spp.","COD_CORINE":"44.124","CORINE_CA":"Sargars i gatelledes muntanyencs","COD_HIC":"3240","HIC_CA":"Rius de tipus alpí amb bosquines de muntanya","HIC_PRIOR":"No","COD_EUNIS":"F9.124","EUNIS_EN":"Ibero-montane riverine willow scrub","C_EUNIS_ES":"F9.124","EUNIS_ES":"Ibero-montane riverine willow scrub","COD_LPEHT":"44.124","LPEHT_ES":"Sargales de montaña ibéricos con Salix purpurea, S. eleagnos y S. triandra","REL_EUN_LP":"L’hàbitat LPEHT es correspon totalment amb l’hàbitat EUNIS","AMENACA":3,"VGI":6,"EXCENTRICI":1,"SUP_ESTIM":90,"PERCEN_PNT":null}},{"type":"Feature","id":"HABITATS_TERRESTPNT.260756","geometry":{"type":"MultiPoint","coordinates":[[368065.7901,4669596.1925]]},"geometry_name":"GEOMETRIA","properties":{"ID":260756,"COD_GRUP":"6","GRUP_CA":"Roques, tarteres, glaceres, coves","COD_TIPUS":"61","TIPUS_CA":"Tarteres","COD_SUBTIP":"61.3","SUBTIP_CA":"Altres tarteres","COD_CORINE":"61.311","CORINE_CA":"Pedrusques calcàries, amb Stipa calamagrostis, Rumex scutatus..., de l'estatge montà poc plujós","COD_HIC":"8130","HIC_CA":"Tarteres de l'Europa meridional amb vegetació poc o molt termòfila","HIC_PRIOR":"No","COD_EUNIS":"H2.611","EUNIS_EN":"Rough-grass screes","C_EUNIS_ES":"H2.611","EUNIS_ES":"Rough-grass screes","COD_LPEHT":"61.311","LPEHT_ES":"Pedregales calcáreos, con Stipa calamagrostis, Rumex scutatus, etc., montano-subalpinos","REL_EUN_LP":"L’hàbitat LPEHT es correspon totalment amb l’hàbitat EUNIS","AMENACA":1,"VGI":6,"EXCENTRICI":2,"SUP_ESTIM":1800,"PERCEN_PNT":null}},{"type":"Feature","id":"HABITATS_TERRESTPNT.263242","geometry":{"type":"MultiPoint","coordinates":[[367218.6776,4669606.0092]]},"geometry_name":"GEOMETRIA","properties":{"ID":263242,"COD_GRUP":"3","GRUP_CA":"Vegetació arbustiva i herbàcia","COD_TIPUS":"37","TIPUS_CA":"Herbassars, jonqueres i prats humits","COD_SUBTIP":"37.3","SUBTIP_CA":"Jonqueres i herbassars humits oligotròfics, medioeuropeus","COD_CORINE":"37.311","CORINE_CA":"Herbassars graminoides amb alba roja (Molinia coerulea), higròfils i basòfils, de la muntanya mitjana","COD_HIC":"6410","HIC_CA":"Herbassars de Molinia coerulea en sòls calcaris torbosos o argil·lollimosos (Molinion caeruleae)","HIC_PRIOR":"No","COD_EUNIS":"E3.511","EUNIS_EN":"Calcicline purple moorgrass meadows","C_EUNIS_ES":"E3.5115.ES","EUNIS_ES":"Prados higrófilos y basófilos de Molinia caerulea del sur de Francia y de la mitad norte de la Península Ibérica","COD_LPEHT":"37.3115","LPEHT_ES":"Prados higrófilos y basófilos de Molinia caerulea del sur de Francia y de la mitad norte de la Península Ibérica","REL_EUN_LP":"L’hàbitat LPEHT es correspon totalment amb l’hàbitat EUNIS","AMENACA":1,"VGI":5,"EXCENTRICI":2,"SUP_ESTIM":45,"PERCEN_PNT":null}},{"type":"Feature","id":"HABITATS_TERRESTPNT.263241","geometry":{"type":"MultiPoint","coordinates":[[367199.8389,4669626.192]]},"geometry_name":"GEOMETRIA","properties":{"ID":263241,"COD_GRUP":"6","GRUP_CA":"Roques, tarteres, glaceres, coves","COD_TIPUS":"62","TIPUS_CA":"Roques no litorals","COD_SUBTIP":"62.1","SUBTIP_CA":"Cingles i penyals calcaris","COD_CORINE":"62.151","CORINE_CA":"Roques calcàries, amb Potentilla caulescens, Saxifraga longifolia, Asplenium fontanum..., de l'estatge montà i de les muntanyes mediterrànies","COD_HIC":"8210","HIC_CA":"Costers rocosos calcaris amb vegetació rupícola","HIC_PRIOR":"No","COD_EUNIS":"H3.251","EUNIS_EN":"Alpine calcareous cliff heliophile communities","C_EUNIS_ES":"H3.251","EUNIS_ES":"Alpine calcareous cliff heliophile communities","COD_LPEHT":"62.151","LPEHT_ES":"Rocas calcáreas con Potentilla caulescens, Saxifraga longifolia, Ramonda myconi, Asplenium fontanum, etc., del prepirineo y de las montañas catalanas","REL_EUN_LP":"L’hàbitat LPEHT es correspon totalment amb l’hàbitat EUNIS","AMENACA":1,"VGI":5,"EXCENTRICI":1,"SUP_ESTIM":700,"PERCEN_PNT":null}},{"type":"Feature","id":"HABITATS_TERRESTPNT.261626","geometry":{"type":"MultiPoint","coordinates":[[369342.5087,4669647.6094]]},"geometry_name":"GEOMETRIA","properties":{"ID":261626,"COD_GRUP":"6","GRUP_CA":"Roques, tarteres, glaceres, coves","COD_TIPUS":"65","TIPUS_CA":"Coves","COD_SUBTIP":"65.4","SUBTIP_CA":"Coves i avencs","COD_CORINE":"65.4","CORINE_CA":"Coves i avencs","COD_HIC":"8310","HIC_CA":"Coves no explotades pel turisme","HIC_PRIOR":"No","COD_EUNIS":"H1.23","EUNIS_EN":"Troglobiont invertebrate caves","C_EUNIS_ES":"H1.23","EUNIS_ES":"Troglobiont invertebrate caves","COD_LPEHT":"65.4","LPEHT_ES":"Cuevas con invertebrados troglobiontes","REL_EUN_LP":"L’hàbitat LPEHT es correspon totalment amb l’hàbitat EUNIS","AMENACA":1,"VGI":4,"EXCENTRICI":2,"SUP_ESTIM":1,"PERCEN_PNT":null}},{"type":"Feature","id":"HABITATS_TERRESTPNT.263244","geometry":{"type":"MultiPoint","coordinates":[[369186.4624,4669663.5962]]},"geometry_name":"GEOMETRIA","properties":{"ID":263244,"COD_GRUP":"6","GRUP_CA":"Roques, tarteres, glaceres, coves","COD_TIPUS":"61","TIPUS_CA":"Tarteres","COD_SUBTIP":"61.3","SUBTIP_CA":"Altres tarteres","COD_CORINE":"61.311","CORINE_CA":"Pedrusques calcàries, amb Stipa calamagrostis, Rumex scutatus..., de l'estatge montà poc plujós","COD_HIC":"8130","HIC_CA":"Tarteres de l'Europa meridional amb vegetació poc o molt termòfila","HIC_PRIOR":"No","COD_EUNIS":"H2.611","EUNIS_EN":"Rough-grass screes","C_EUNIS_ES":"H2.611","EUNIS_ES":"Rough-grass screes","COD_LPEHT":"61.311","LPEHT_ES":"Pedregales calcáreos, con Stipa calamagrostis, Rumex scutatus, etc., montano-subalpinos","REL_EUN_LP":"L’hàbitat LPEHT es correspon totalment amb l’hàbitat EUNIS","AMENACA":1,"VGI":6,"EXCENTRICI":2,"SUP_ESTIM":1200,"PERCEN_PNT":null}},{"type":"Feature","id":"HABITATS_TERRESTPNT.263236","geometry":{"type":"MultiPoint","coordinates":[[367006.5603,4669671.5945]]},"geometry_name":"GEOMETRIA","properties":{"ID":263236,"COD_GRUP":"6","GRUP_CA":"Roques, tarteres, glaceres, coves","COD_TIPUS":"61","TIPUS_CA":"Tarteres","COD_SUBTIP":"61.3","SUBTIP_CA":"Altres tarteres","COD_CORINE":"61.311","CORINE_CA":"Pedrusques calcàries, amb Stipa calamagrostis, Rumex scutatus..., de l'estatge montà poc plujós","COD_HIC":"8130","HIC_CA":"Tarteres de l'Europa meridional amb vegetació poc o molt termòfila","HIC_PRIOR":"No","COD_EUNIS":"H2.611","EUNIS_EN":"Rough-grass screes","C_EUNIS_ES":"H2.611","EUNIS_ES":"Rough-grass screes","COD_LPEHT":"61.311","LPEHT_ES":"Pedregales calcáreos, con Stipa calamagrostis, Rumex scutatus, etc., montano-subalpinos","REL_EUN_LP":"L’hàbitat LPEHT es correspon totalment amb l’hàbitat EUNIS","AMENACA":1,"VGI":6,"EXCENTRICI":2,"SUP_ESTIM":1900,"PERCEN_PNT":null}},{"type":"Feature","id":"HABITATS_TERRESTPNT.263239","geometry":{"type":"MultiPoint","coordinates":[[367273.6578,4669688.5015]]},"geometry_name":"GEOMETRIA","properties":{"ID":263239,"COD_GRUP":"3","GRUP_CA":"Vegetació arbustiva i herbàcia","COD_TIPUS":"31","TIPUS_CA":"Bosquines i matollars de muntanya i d'ambients frescals de terra baixa","COD_SUBTIP":"31.8","SUBTIP_CA":"Bosquines, matollars i herbassars generalment preforestals o postforestals","COD_CORINE":"31.8123","CORINE_CA":"Matollars de corner (Amelanchier ovalis), boix (Buxus sempervirens), espina cervina (Rhamnus saxatilis)..., calcícoles, de costers rocosos, secs, de la muntanya mitjana","COD_HIC":"5110","HIC_CA":"Boixedes xerotermòfiles permanents, dels vessants rocosos","HIC_PRIOR":"No","COD_EUNIS":"F3.1123","EUNIS_EN":"Rock pear scrub","C_EUNIS_ES":"F3.1123","EUNIS_ES":"Rock pear scrub","COD_LPEHT":"31.8123","LPEHT_ES":"Orlas y bosquetes de guillomo (Amelanchier ovalis), en ocasiones con Cotoneaster spp.","REL_EUN_LP":"L’hàbitat LPEHT es correspon totalment amb l’hàbitat EUNIS","AMENACA":1,"VGI":4,"EXCENTRICI":2,"SUP_ESTIM":200,"PERCEN_PNT":null}},{"type":"Feature","id":"HABITATS_TERRESTPNT.261533","geometry":{"type":"MultiPoint","coordinates":[[368364.7084,4669706.5377]]},"geometry_name":"GEOMETRIA","properties":{"ID":261533,"COD_GRUP":"8","GRUP_CA":"Terres agrícoles i àrees antròpiques","COD_TIPUS":"82","TIPUS_CA":"Conreus herbacis","COD_SUBTIP":"82.1","SUBTIP_CA":"Conreus herbacis intensius, sense vegetació natural intercalada","COD_CORINE":"82.12","CORINE_CA":"Conreus herbacis intensius (hortalisses, flors...), disposats en mosaic, sense vegetació natural intercalada","COD_HIC":"-","HIC_CA":null,"HIC_PRIOR":null,"COD_EUNIS":"I1.2","EUNIS_EN":"Mixed crops of market gardens and horticulture","C_EUNIS_ES":"I1.2","EUNIS_ES":"Mixed crops of market gardens and horticulture","COD_LPEHT":"82.12","LPEHT_ES":"Cultivos herbáceos intensivos (hortalizas, plantas de flor, etc.) dispuestos en mosaico","REL_EUN_LP":"L’hàbitat LPEHT es correspon totalment amb l’hàbitat EUNIS","AMENACA":0,"VGI":0,"EXCENTRICI":0,"SUP_ESTIM":6100,"PERCEN_PNT":null}},{"type":"Feature","id":"HABITATS_TERRESTPNT.263246","geometry":{"type":"MultiPoint","coordinates":[[369225.2118,4669715.7567]]},"geometry_name":"GEOMETRIA","properties":{"ID":263246,"COD_GRUP":"3","GRUP_CA":"Vegetació arbustiva i herbàcia","COD_TIPUS":"31","TIPUS_CA":"Bosquines i matollars de muntanya i d'ambients frescals de terra baixa","COD_SUBTIP":"31.8","SUBTIP_CA":"Bosquines, matollars i herbassars generalment preforestals o postforestals","COD_CORINE":"31.8123","CORINE_CA":"Matollars de corner (Amelanchier ovalis), boix (Buxus sempervirens), espina cervina (Rhamnus saxatilis)..., calcícoles, de costers rocosos, secs, de la muntanya mitjana","COD_HIC":"5110","HIC_CA":"Boixedes xerotermòfiles permanents, dels vessants rocosos","HIC_PRIOR":"No","COD_EUNIS":"F3.1123","EUNIS_EN":"Rock pear scrub","C_EUNIS_ES":"F3.1123","EUNIS_ES":"Rock pear scrub","COD_LPEHT":"31.8123","LPEHT_ES":"Orlas y bosquetes de guillomo (Amelanchier ovalis), en ocasiones con Cotoneaster spp.","REL_EUN_LP":"L’hàbitat LPEHT es correspon totalment amb l’hàbitat EUNIS","AMENACA":1,"VGI":4,"EXCENTRICI":2,"SUP_ESTIM":2000,"PERCEN_PNT":null}},{"type":"Feature","id":"HABITATS_TERRESTPNT.263262","geometry":{"type":"MultiPoint","coordinates":[[367174.5836,4669716.2184]]},"geometry_name":"GEOMETRIA","properties":{"ID":263262,"COD_GRUP":"4","GRUP_CA":"Boscos","COD_TIPUS":"44","TIPUS_CA":"Boscos i bosquines de ribera o de llocs molt humits","COD_SUBTIP":"44.1","SUBTIP_CA":"Comunitats dominades per Salix spp.","COD_CORINE":"44.124","CORINE_CA":"Sargars i gatelledes muntanyencs","COD_HIC":"3240","HIC_CA":"Rius de tipus alpí amb bosquines de muntanya","HIC_PRIOR":"No","COD_EUNIS":"F9.124","EUNIS_EN":"Ibero-montane riverine willow scrub","C_EUNIS_ES":"F9.124","EUNIS_ES":"Ibero-montane riverine willow scrub","COD_LPEHT":"44.124","LPEHT_ES":"Sargales de montaña ibéricos con Salix purpurea, S. eleagnos y S. triandra","REL_EUN_LP":"L’hàbitat LPEHT es correspon totalment amb l’hàbitat EUNIS","AMENACA":3,"VGI":6,"EXCENTRICI":1,"SUP_ESTIM":700,"PERCEN_PNT":null}},{"type":"Feature","id":"HABITATS_TERRESTPNT.263261","geometry":{"type":"MultiPoint","coordinates":[[367085.7424,4669799.0464]]},"geometry_name":"GEOMETRIA","properties":{"ID":263261,"COD_GRUP":"6","GRUP_CA":"Roques, tarteres, glaceres, coves","COD_TIPUS":"62","TIPUS_CA":"Roques no litorals","COD_SUBTIP":"62.1","SUBTIP_CA":"Cingles i penyals calcaris","COD_CORINE":"62.151","CORINE_CA":"Roques calcàries, amb Potentilla caulescens, Saxifraga longifolia, Asplenium fontanum..., de l'estatge montà i de les muntanyes mediterrànies","COD_HIC":"8210","HIC_CA":"Costers rocosos calcaris amb vegetació rupícola","HIC_PRIOR":"No","COD_EUNIS":"H3.251","EUNIS_EN":"Alpine calcareous cliff heliophile communities","C_EUNIS_ES":"H3.251","EUNIS_ES":"Alpine calcareous cliff heliophile communities","COD_LPEHT":"62.151","LPEHT_ES":"Rocas calcáreas con Potentilla caulescens, Saxifraga longifolia, Ramonda myconi, Asplenium fontanum, etc., del prepirineo y de las montañas catalanas","REL_EUN_LP":"L’hàbitat LPEHT es correspon totalment amb l’hàbitat EUNIS","AMENACA":1,"VGI":5,"EXCENTRICI":1,"SUP_ESTIM":250,"PERCEN_PNT":null}},{"type":"Feature","id":"HABITATS_TERRESTPNT.263260","geometry":{"type":"MultiPoint","coordinates":[[367130.9334,4669840.5861]]},"geometry_name":"GEOMETRIA","properties":{"ID":263260,"COD_GRUP":"3","GRUP_CA":"Vegetació arbustiva i herbàcia","COD_TIPUS":"37","TIPUS_CA":"Herbassars, jonqueres i prats humits","COD_SUBTIP":"37.4","SUBTIP_CA":"Jonqueres mediterrànies","COD_CORINE":"37.4","CORINE_CA":"Jonqueres de jonc boval (Scirpus holoschoenus) i herbassars graminoides, higròfils, de terra baixa (i de la muntanya mitjana)","COD_HIC":"6420","HIC_CA":"Jonqueres i herbassars graminoides humits, mediterranis, del Molinio-Holoschoenion","HIC_PRIOR":"No","COD_EUNIS":"E3.1","EUNIS_EN":"Mediterranean tall humid grassland","C_EUNIS_ES":"E3.13.ES","EUNIS_ES":"Juncales de junco churrero (Scirpoides holoschoenus), habitualmente con Cirsium monspessulanum, C. pyrenaicum, Rubus ulmifolius, etc.","COD_LPEHT":"37.41","LPEHT_ES":"Juncales de junco churrero (Scirpoides holoschoenus), habitualmente con Cirsium monspessulanum, C. pyrenaicum, Rubus ulmifolius, etc.","REL_EUN_LP":"L’hàbitat LPEHT es correspon totalment amb l’hàbitat EUNIS","AMENACA":3,"VGI":6,"EXCENTRICI":2,"SUP_ESTIM":4,"PERCEN_PNT":null}},{"type":"Feature","id":"HABITATS_TERRESTPNT.261405","geometry":{"type":"MultiPoint","coordinates":[[369096.7158,4669846.8073]]},"geometry_name":"GEOMETRIA","properties":{"ID":261405,"COD_GRUP":"8","GRUP_CA":"Terres agrícoles i àrees antròpiques","COD_TIPUS":"87","TIPUS_CA":"Camps abandonats, ermots i àrees ruderals","COD_SUBTIP":"87.2","SUBTIP_CA":"Comunitats ruderals","COD_CORINE":"87.22+","CORINE_CA":"Comunitats ruderals de muntanya","COD_HIC":"-","HIC_CA":null,"HIC_PRIOR":null,"COD_EUNIS":"E5.1","EUNIS_EN":"Anthropogenic herb stands","C_EUNIS_ES":"E5.1","EUNIS_ES":"Anthropogenic herb stands","COD_LPEHT":"87.2","LPEHT_ES":"Comunidades ruderales","REL_EUN_LP":"L’hàbitat LPEHT es correspon només parcialment amb l’hàbitat EUNIS","AMENACA":0,"VGI":0,"EXCENTRICI":0,"SUP_ESTIM":3700,"PERCEN_PNT":null}},{"type":"Feature","id":"HABITATS_TERRESTPNT.263238","geometry":{"type":"MultiPoint","coordinates":[[367137.6046,4669852.5989]]},"geometry_name":"GEOMETRIA","properties":{"ID":263238,"COD_GRUP":"4","GRUP_CA":"Boscos","COD_TIPUS":"44","TIPUS_CA":"Boscos i bosquines de ribera o de llocs molt humits","COD_SUBTIP":"44.1","SUBTIP_CA":"Comunitats dominades per Salix spp.","COD_CORINE":"44.124","CORINE_CA":"Sargars i gatelledes muntanyencs","COD_HIC":"3240","HIC_CA":"Rius de tipus alpí amb bosquines de muntanya","HIC_PRIOR":"No","COD_EUNIS":"F9.124","EUNIS_EN":"Ibero-montane riverine willow scrub","C_EUNIS_ES":"F9.124","EUNIS_ES":"Ibero-montane riverine willow scrub","COD_LPEHT":"44.124","LPEHT_ES":"Sargales de montaña ibéricos con Salix purpurea, S. eleagnos y S. triandra","REL_EUN_LP":"L’hàbitat LPEHT es correspon totalment amb l’hàbitat EUNIS","AMENACA":3,"VGI":6,"EXCENTRICI":1,"SUP_ESTIM":85,"PERCEN_PNT":null}},{"type":"Feature","id":"HABITATS_TERRESTPNT.263247","geometry":{"type":"MultiPoint","coordinates":[[369415.3153,4669857.4414]]},"geometry_name":"GEOMETRIA","properties":{"ID":263247,"COD_GRUP":"6","GRUP_CA":"Roques, tarteres, glaceres, coves","COD_TIPUS":"61","TIPUS_CA":"Tarteres","COD_SUBTIP":"61.3","SUBTIP_CA":"Altres tarteres","COD_CORINE":"61.311","CORINE_CA":"Pedrusques calcàries, amb Stipa calamagrostis, Rumex scutatus..., de l'estatge montà poc plujós","COD_HIC":"8130","HIC_CA":"Tarteres de l'Europa meridional amb vegetació poc o molt termòfila","HIC_PRIOR":"No","COD_EUNIS":"H2.611","EUNIS_EN":"Rough-grass screes","C_EUNIS_ES":"H2.611","EUNIS_ES":"Rough-grass screes","COD_LPEHT":"61.311","LPEHT_ES":"Pedregales calcáreos, con Stipa calamagrostis, Rumex scutatus, etc., montano-subalpinos","REL_EUN_LP":"L’hàbitat LPEHT es correspon totalment amb l’hàbitat EUNIS","AMENACA":1,"VGI":6,"EXCENTRICI":2,"SUP_ESTIM":4200,"PERCEN_PNT":null}},{"type":"Feature","id":"HABITATS_TERRESTPNT.260753","geometry":{"type":"MultiPoint","coordinates":[[367360.5574,4669921.8963]]},"geometry_name":"GEOMETRIA","properties":{"ID":260753,"COD_GRUP":"3","GRUP_CA":"Vegetació arbustiva i herbàcia","COD_TIPUS":"31","TIPUS_CA":"Bosquines i matollars de muntanya i d'ambients frescals de terra baixa","COD_SUBTIP":"31.8","SUBTIP_CA":"Bosquines, matollars i herbassars generalment preforestals o postforestals","COD_CORINE":"31.8123","CORINE_CA":"Matollars de corner (Amelanchier ovalis), boix (Buxus sempervirens), espina cervina (Rhamnus saxatilis)..., calcícoles, de costers rocosos, secs, de la muntanya mitjana","COD_HIC":"5110","HIC_CA":"Boixedes xerotermòfiles permanents, dels vessants rocosos","HIC_PRIOR":"No","COD_EUNIS":"F3.1123","EUNIS_EN":"Rock pear scrub","C_EUNIS_ES":"F3.1123","EUNIS_ES":"Rock pear scrub","COD_LPEHT":"31.8123","LPEHT_ES":"Orlas y bosquetes de guillomo (Amelanchier ovalis), en ocasiones con Cotoneaster spp.","REL_EUN_LP":"L’hàbitat LPEHT es correspon totalment amb l’hàbitat EUNIS","AMENACA":1,"VGI":4,"EXCENTRICI":2,"SUP_ESTIM":2900,"PERCEN_PNT":null}},{"type":"Feature","id":"HABITATS_TERRESTPNT.263237","geometry":{"type":"MultiPoint","coordinates":[[367183.3202,4669958.9997]]},"geometry_name":"GEOMETRIA","properties":{"ID":263237,"COD_GRUP":"3","GRUP_CA":"Vegetació arbustiva i herbàcia","COD_TIPUS":"37","TIPUS_CA":"Herbassars, jonqueres i prats humits","COD_SUBTIP":"37.3","SUBTIP_CA":"Jonqueres i herbassars humits oligotròfics, medioeuropeus","COD_CORINE":"37.311","CORINE_CA":"Herbassars graminoides amb alba roja (Molinia coerulea), higròfils i basòfils, de la muntanya mitjana","COD_HIC":"6410","HIC_CA":"Herbassars de Molinia coerulea en sòls calcaris torbosos o argil·lollimosos (Molinion caeruleae)","HIC_PRIOR":"No","COD_EUNIS":"E3.511","EUNIS_EN":"Calcicline purple moorgrass meadows","C_EUNIS_ES":"E3.5115.ES","EUNIS_ES":"Prados higrófilos y basófilos de Molinia caerulea del sur de Francia y de la mitad norte de la Península Ibérica","COD_LPEHT":"37.3115","LPEHT_ES":"Prados higrófilos y basófilos de Molinia caerulea del sur de Francia y de la mitad norte de la Península Ibérica","REL_EUN_LP":"L’hàbitat LPEHT es correspon totalment amb l’hàbitat EUNIS","AMENACA":1,"VGI":5,"EXCENTRICI":2,"SUP_ESTIM":360,"PERCEN_PNT":null}},{"type":"Feature","id":"HABITATS_TERRESTPNT.263248","geometry":{"type":"MultiPoint","coordinates":[[369460.5591,4669966.1853]]},"geometry_name":"GEOMETRIA","properties":{"ID":263248,"COD_GRUP":"6","GRUP_CA":"Roques, tarteres, glaceres, coves","COD_TIPUS":"61","TIPUS_CA":"Tarteres","COD_SUBTIP":"61.3","SUBTIP_CA":"Altres tarteres","COD_CORINE":"61.311","CORINE_CA":"Pedrusques calcàries, amb Stipa calamagrostis, Rumex scutatus..., de l'estatge montà poc plujós","COD_HIC":"8130","HIC_CA":"Tarteres de l'Europa meridional amb vegetació poc o molt termòfila","HIC_PRIOR":"No","COD_EUNIS":"H2.611","EUNIS_EN":"Rough-grass screes","C_EUNIS_ES":"H2.611","EUNIS_ES":"Rough-grass screes","COD_LPEHT":"61.311","LPEHT_ES":"Pedregales calcáreos, con Stipa calamagrostis, Rumex scutatus, etc., montano-subalpinos","REL_EUN_LP":"L’hàbitat LPEHT es correspon totalment amb l’hàbitat EUNIS","AMENACA":1,"VGI":6,"EXCENTRICI":2,"SUP_ESTIM":730,"PERCEN_PNT":null}},{"type":"Feature","id":"HABITATS_TERRESTPNT.263235","geometry":{"type":"MultiPoint","coordinates":[[367490.2196,4670013.4369]]},"geometry_name":"GEOMETRIA","properties":{"ID":263235,"COD_GRUP":"6","GRUP_CA":"Roques, tarteres, glaceres, coves","COD_TIPUS":"61","TIPUS_CA":"Tarteres","COD_SUBTIP":"61.3","SUBTIP_CA":"Altres tarteres","COD_CORINE":"61.311","CORINE_CA":"Pedrusques calcàries, amb Stipa calamagrostis, Rumex scutatus..., de l'estatge montà poc plujós","COD_HIC":"8130","HIC_CA":"Tarteres de l'Europa meridional amb vegetació poc o molt termòfila","HIC_PRIOR":"No","COD_EUNIS":"H2.611","EUNIS_EN":"Rough-grass screes","C_EUNIS_ES":"H2.611","EUNIS_ES":"Rough-grass screes","COD_LPEHT":"61.311","LPEHT_ES":"Pedregales calcáreos, con Stipa calamagrostis, Rumex scutatus, etc., montano-subalpinos","REL_EUN_LP":"L’hàbitat LPEHT es correspon totalment amb l’hàbitat EUNIS","AMENACA":1,"VGI":6,"EXCENTRICI":2,"SUP_ESTIM":1800,"PERCEN_PNT":null}},{"type":"Feature","id":"HABITATS_TERRESTPNT.81590","geometry":{"type":"MultiPoint","coordinates":[[364868.8125,4669075.8922]]},"geometry_name":"GEOMETRIA","properties":{"ID":81590,"COD_GRUP":"3","GRUP_CA":"Vegetació arbustiva i herbàcia","COD_TIPUS":"32","TIPUS_CA":"Bosquines i matollars mediterranis i submediterranis","COD_SUBTIP":"32.6","SUBTIP_CA":"Matollars submediterranis i mediterranis muntanyencs","COD_CORINE":"32.641+","CORINE_CA":"Boixedes (matollars de Buxus sempervirens) de la muntanya mitjana (i de les contrades mediterrànies)","COD_HIC":"5110","HIC_CA":"Boixedes xerotermòfiles permanents, dels vessants rocosos","HIC_PRIOR":"No","COD_EUNIS":"F6.64","EUNIS_EN":"Supra-Mediterranean Buxus sempervirens scrub","C_EUNIS_ES":"F6.64","EUNIS_ES":"Supra-Mediterranean [Buxus sempervirens] scrub","COD_LPEHT":"32.64","LPEHT_ES":"Matorrales de Buxus sempervirens de óptimo supramediterráneo","REL_EUN_LP":"L’hàbitat LPEHT es correspon totalment amb l’hàbitat EUNIS","AMENACA":1,"VGI":4,"EXCENTRICI":2,"SUP_ESTIM":8000,"PERCEN_PNT":null}},{"type":"Feature","id":"HABITATS_TERRESTPNT.261857","geometry":{"type":"MultiPoint","coordinates":[[365136.6993,4669667.4814]]},"geometry_name":"GEOMETRIA","properties":{"ID":261857,"COD_GRUP":"6","GRUP_CA":"Roques, tarteres, glaceres, coves","COD_TIPUS":"62","TIPUS_CA":"Roques no litorals","COD_SUBTIP":"62.1","SUBTIP_CA":"Cingles i penyals calcaris","COD_CORINE":"62.151","CORINE_CA":"Roques calcàries, amb Potentilla caulescens, Saxifraga longifolia, Asplenium fontanum..., de l'estatge montà i de les muntanyes mediterrànies","COD_HIC":"8210","HIC_CA":"Costers rocosos calcaris amb vegetació rupícola","HIC_PRIOR":"No","COD_EUNIS":"H3.251","EUNIS_EN":"Alpine calcareous cliff heliophile communities","C_EUNIS_ES":"H3.251","EUNIS_ES":"Alpine calcareous cliff heliophile communities","COD_LPEHT":"62.151","LPEHT_ES":"Rocas calcáreas con Potentilla caulescens, Saxifraga longifolia, Ramonda myconi, Asplenium fontanum, etc., del prepirineo y de las montañas catalanas","REL_EUN_LP":"L’hàbitat LPEHT es correspon totalment amb l’hàbitat EUNIS","AMENACA":1,"VGI":5,"EXCENTRICI":1,"SUP_ESTIM":1200,"PERCEN_PNT":null}},{"type":"Feature","id":"HABITATS_TERRESTPNT.262026","geometry":{"type":"MultiPoint","coordinates":[[365284.5837,4670317.7911]]},"geometry_name":"GEOMETRIA","properties":{"ID":262026,"COD_GRUP":"8","GRUP_CA":"Terres agrícoles i àrees antròpiques","COD_TIPUS":"83","TIPUS_CA":"Conreus llenyosos i plantacions d'arbres","COD_SUBTIP":"83.1","SUBTIP_CA":"Conreus arboris","COD_CORINE":"83.11","CORINE_CA":"Camps d'oliveres (Olea europaea subsp. europaea)","COD_HIC":"-","HIC_CA":null,"HIC_PRIOR":null,"COD_EUNIS":"G2.91","EUNIS_EN":"Olea europaea groves","C_EUNIS_ES":"G2.91","EUNIS_ES":"[Olea europaea] groves","COD_LPEHT":"83.11","LPEHT_ES":"Olivares (cultivos de Olea europaea subsp. europaea var. europaea)","REL_EUN_LP":"L’hàbitat LPEHT es correspon totalment amb l’hàbitat EUNIS","AMENACA":0,"VGI":0,"EXCENTRICI":0,"SUP_ESTIM":4200,"PERCEN_PNT":null}},{"type":"Feature","id":"HABITATS_TERRESTPNT.261856","geometry":{"type":"MultiPoint","coordinates":[[365377.4706,4670020.0394]]},"geometry_name":"GEOMETRIA","properties":{"ID":261856,"COD_GRUP":"6","GRUP_CA":"Roques, tarteres, glaceres, coves","COD_TIPUS":"61","TIPUS_CA":"Tarteres","COD_SUBTIP":"61.3","SUBTIP_CA":"Altres tarteres","COD_CORINE":"61.311","CORINE_CA":"Pedrusques calcàries, amb Stipa calamagrostis, Rumex scutatus..., de l'estatge montà poc plujós","COD_HIC":"8130","HIC_CA":"Tarteres de l'Europa meridional amb vegetació poc o molt termòfila","HIC_PRIOR":"No","COD_EUNIS":"H2.611","EUNIS_EN":"Rough-grass screes","C_EUNIS_ES":"H2.611","EUNIS_ES":"Rough-grass screes","COD_LPEHT":"61.311","LPEHT_ES":"Pedregales calcáreos, con Stipa calamagrostis, Rumex scutatus, etc., montano-subalpinos","REL_EUN_LP":"L’hàbitat LPEHT es correspon totalment amb l’hàbitat EUNIS","AMENACA":1,"VGI":6,"EXCENTRICI":2,"SUP_ESTIM":2200,"PERCEN_PNT":null}},{"type":"Feature","id":"HABITATS_TERRESTPNT.81579","geometry":{"type":"MultiPoint","coordinates":[[365418.8823,4668872.2949]]},"geometry_name":"GEOMETRIA","properties":{"ID":81579,"COD_GRUP":"6","GRUP_CA":"Roques, tarteres, glaceres, coves","COD_TIPUS":"62","TIPUS_CA":"Roques no litorals","COD_SUBTIP":"62.1","SUBTIP_CA":"Cingles i penyals calcaris","COD_CORINE":"62.151","CORINE_CA":"Roques calcàries, amb Potentilla caulescens, Saxifraga longifolia, Asplenium fontanum..., de l'estatge montà i de les muntanyes mediterrànies","COD_HIC":"8210","HIC_CA":"Costers rocosos calcaris amb vegetació rupícola","HIC_PRIOR":"No","COD_EUNIS":"H3.251","EUNIS_EN":"Alpine calcareous cliff heliophile communities","C_EUNIS_ES":"H3.251","EUNIS_ES":"Alpine calcareous cliff heliophile communities","COD_LPEHT":"62.151","LPEHT_ES":"Rocas calcáreas con Potentilla caulescens, Saxifraga longifolia, Ramonda myconi, Asplenium fontanum, etc., del prepirineo y de las montañas catalanas","REL_EUN_LP":"L’hàbitat LPEHT es correspon totalment amb l’hàbitat EUNIS","AMENACA":1,"VGI":5,"EXCENTRICI":1,"SUP_ESTIM":3000,"PERCEN_PNT":null}},{"type":"Feature","id":"HABITATS_TERRESTPNT.261057","geometry":{"type":"MultiPoint","coordinates":[[365470.8874,4671982.203]]},"geometry_name":"GEOMETRIA","properties":{"ID":261057,"COD_GRUP":"3","GRUP_CA":"Vegetació arbustiva i herbàcia","COD_TIPUS":"32","TIPUS_CA":"Bosquines i matollars mediterranis i submediterranis","COD_SUBTIP":"32.4","SUBTIP_CA":"Bosquines i matollars calcícoles mediterranis","COD_CORINE":"32.42","CORINE_CA":"Brolles dominades per romaní (Rosmarinus officinalis), calcícoles, de terra baixa","COD_HIC":"-","HIC_CA":null,"HIC_PRIOR":null,"COD_EUNIS":"F6.12","EUNIS_EN":"Western Rosmarinus officinalis garrigues","C_EUNIS_ES":"F6.12","EUNIS_ES":"Western [Rosmarinus officinalis] garrigues","COD_LPEHT":"32.42","LPEHT_ES":"Romerales calcícolas","REL_EUN_LP":"L’hàbitat LPEHT es correspon totalment amb l’hàbitat EUNIS","AMENACA":1,"VGI":4,"EXCENTRICI":2,"SUP_ESTIM":1600,"PERCEN_PNT":null}},{"type":"Feature","id":"HABITATS_TERRESTPNT.81584","geometry":{"type":"MultiPoint","coordinates":[[365483.1762,4668967.5451]]},"geometry_name":"GEOMETRIA","properties":{"ID":81584,"COD_GRUP":"6","GRUP_CA":"Roques, tarteres, glaceres, coves","COD_TIPUS":"61","TIPUS_CA":"Tarteres","COD_SUBTIP":"61.3","SUBTIP_CA":"Altres tarteres","COD_CORINE":"61.311","CORINE_CA":"Pedrusques calcàries, amb Stipa calamagrostis, Rumex scutatus..., de l'estatge montà poc plujós","COD_HIC":"8130","HIC_CA":"Tarteres de l'Europa meridional amb vegetació poc o molt termòfila","HIC_PRIOR":"No","COD_EUNIS":"H2.611","EUNIS_EN":"Rough-grass screes","C_EUNIS_ES":"H2.611","EUNIS_ES":"Rough-grass screes","COD_LPEHT":"61.311","LPEHT_ES":"Pedregales calcáreos, con Stipa calamagrostis, Rumex scutatus, etc., montano-subalpinos","REL_EUN_LP":"L’hàbitat LPEHT es correspon totalment amb l’hàbitat EUNIS","AMENACA":1,"VGI":6,"EXCENTRICI":2,"SUP_ESTIM":5000,"PERCEN_PNT":null}},{"type":"Feature","id":"HABITATS_TERRESTPNT.81555","geometry":{"type":"MultiPoint","coordinates":[[365541.5169,4668679.4132]]},"geometry_name":"GEOMETRIA","properties":{"ID":81555,"COD_GRUP":"6","GRUP_CA":"Roques, tarteres, glaceres, coves","COD_TIPUS":"61","TIPUS_CA":"Tarteres","COD_SUBTIP":"61.3","SUBTIP_CA":"Altres tarteres","COD_CORINE":"61.311","CORINE_CA":"Pedrusques calcàries, amb Stipa calamagrostis, Rumex scutatus..., de l'estatge montà poc plujós","COD_HIC":"8130","HIC_CA":"Tarteres de l'Europa meridional amb vegetació poc o molt termòfila","HIC_PRIOR":"No","COD_EUNIS":"H2.611","EUNIS_EN":"Rough-grass screes","C_EUNIS_ES":"H2.611","EUNIS_ES":"Rough-grass screes","COD_LPEHT":"61.311","LPEHT_ES":"Pedregales calcáreos, con Stipa calamagrostis, Rumex scutatus, etc., montano-subalpinos","REL_EUN_LP":"L’hàbitat LPEHT es correspon totalment amb l’hàbitat EUNIS","AMENACA":1,"VGI":6,"EXCENTRICI":2,"SUP_ESTIM":9000,"PERCEN_PNT":null}},{"type":"Feature","id":"HABITATS_TERRESTPNT.81546","geometry":{"type":"MultiPoint","coordinates":[[365545.0888,4668571.0661]]},"geometry_name":"GEOMETRIA","properties":{"ID":81546,"COD_GRUP":"3","GRUP_CA":"Vegetació arbustiva i herbàcia","COD_TIPUS":"32","TIPUS_CA":"Bosquines i matollars mediterranis i submediterranis","COD_SUBTIP":"32.6","SUBTIP_CA":"Matollars submediterranis i mediterranis muntanyencs","COD_CORINE":"32.641+","CORINE_CA":"Boixedes (matollars de Buxus sempervirens) de la muntanya mitjana (i de les contrades mediterrànies)","COD_HIC":"5110","HIC_CA":"Boixedes xerotermòfiles permanents, dels vessants rocosos","HIC_PRIOR":"No","COD_EUNIS":"F6.64","EUNIS_EN":"Supra-Mediterranean Buxus sempervirens scrub","C_EUNIS_ES":"F6.64","EUNIS_ES":"Supra-Mediterranean [Buxus sempervirens] scrub","COD_LPEHT":"32.64","LPEHT_ES":"Matorrales de Buxus sempervirens de óptimo supramediterráneo","REL_EUN_LP":"L’hàbitat LPEHT es correspon totalment amb l’hàbitat EUNIS","AMENACA":1,"VGI":4,"EXCENTRICI":2,"SUP_ESTIM":3000,"PERCEN_PNT":null}},{"type":"Feature","id":"HABITATS_TERRESTPNT.261841","geometry":{"type":"MultiPoint","coordinates":[[366174.8942,4671061.2184]]},"geometry_name":"GEOMETRIA","properties":{"ID":261841,"COD_GRUP":"6","GRUP_CA":"Roques, tarteres, glaceres, coves","COD_TIPUS":"61","TIPUS_CA":"Tarteres","COD_SUBTIP":"61.3","SUBTIP_CA":"Altres tarteres","COD_CORINE":"61.311","CORINE_CA":"Pedrusques calcàries, amb Stipa calamagrostis, Rumex scutatus..., de l'estatge montà poc plujós","COD_HIC":"8130","HIC_CA":"Tarteres de l'Europa meridional amb vegetació poc o molt termòfila","HIC_PRIOR":"No","COD_EUNIS":"H2.611","EUNIS_EN":"Rough-grass screes","C_EUNIS_ES":"H2.611","EUNIS_ES":"Rough-grass screes","COD_LPEHT":"61.311","LPEHT_ES":"Pedregales calcáreos, con Stipa calamagrostis, Rumex scutatus, etc., montano-subalpinos","REL_EUN_LP":"L’hàbitat LPEHT es correspon totalment amb l’hàbitat EUNIS","AMENACA":1,"VGI":6,"EXCENTRICI":2,"SUP_ESTIM":1600,"PERCEN_PNT":null}},{"type":"Feature","id":"HABITATS_TERRESTPNT.81572","geometry":{"type":"MultiPoint","coordinates":[[366306.6935,4668828.2416]]},"geometry_name":"GEOMETRIA","properties":{"ID":81572,"COD_GRUP":"3","GRUP_CA":"Vegetació arbustiva i herbàcia","COD_TIPUS":"32","TIPUS_CA":"Bosquines i matollars mediterranis i submediterranis","COD_SUBTIP":"32.6","SUBTIP_CA":"Matollars submediterranis i mediterranis muntanyencs","COD_CORINE":"32.641+","CORINE_CA":"Boixedes (matollars de Buxus sempervirens) de la muntanya mitjana (i de les contrades mediterrànies)","COD_HIC":"5110","HIC_CA":"Boixedes xerotermòfiles permanents, dels vessants rocosos","HIC_PRIOR":"No","COD_EUNIS":"F6.64","EUNIS_EN":"Supra-Mediterranean Buxus sempervirens scrub","C_EUNIS_ES":"F6.64","EUNIS_ES":"Supra-Mediterranean [Buxus sempervirens] scrub","COD_LPEHT":"32.64","LPEHT_ES":"Matorrales de Buxus sempervirens de óptimo supramediterráneo","REL_EUN_LP":"L’hàbitat LPEHT es correspon totalment amb l’hàbitat EUNIS","AMENACA":1,"VGI":4,"EXCENTRICI":2,"SUP_ESTIM":3000,"PERCEN_PNT":null}},{"type":"Feature","id":"HABITATS_TERRESTPNT.261845","geometry":{"type":"MultiPoint","coordinates":[[366546.9777,4671563.1817]]},"geometry_name":"GEOMETRIA","properties":{"ID":261845,"COD_GRUP":"3","GRUP_CA":"Vegetació arbustiva i herbàcia","COD_TIPUS":"37","TIPUS_CA":"Herbassars, jonqueres i prats humits","COD_SUBTIP":"37.4","SUBTIP_CA":"Jonqueres mediterrànies","COD_CORINE":"37.4","CORINE_CA":"Jonqueres de jonc boval (Scirpus holoschoenus) i herbassars graminoides, higròfils, de terra baixa (i de la muntanya mitjana)","COD_HIC":"6420","HIC_CA":"Jonqueres i herbassars graminoides humits, mediterranis, del Molinio-Holoschoenion","HIC_PRIOR":"No","COD_EUNIS":"E3.1","EUNIS_EN":"Mediterranean tall humid grassland","C_EUNIS_ES":"E3.13.ES","EUNIS_ES":"Juncales de junco churrero (Scirpoides holoschoenus), habitualmente con Cirsium monspessulanum, C. pyrenaicum, Rubus ulmifolius, etc.","COD_LPEHT":"37.41","LPEHT_ES":"Juncales de junco churrero (Scirpoides holoschoenus), habitualmente con Cirsium monspessulanum, C. pyrenaicum, Rubus ulmifolius, etc.","REL_EUN_LP":"L’hàbitat LPEHT es correspon totalment amb l’hàbitat EUNIS","AMENACA":3,"VGI":6,"EXCENTRICI":2,"SUP_ESTIM":10,"PERCEN_PNT":null}},{"type":"Feature","id":"HABITATS_TERRESTPNT.81569","geometry":{"type":"MultiPoint","coordinates":[[366707.2267,4668799.7842]]},"geometry_name":"GEOMETRIA","properties":{"ID":81569,"COD_GRUP":"3","GRUP_CA":"Vegetació arbustiva i herbàcia","COD_TIPUS":"34","TIPUS_CA":"Prats (i altres formacions herbàcies) basòfils, secs, de terra baixa i de la muntanya mitjana","COD_SUBTIP":"34.3","SUBTIP_CA":"Prats medioeuropeus (o mediterranis) dominats per herbes perennes","COD_CORINE":"34.32611+","CORINE_CA":"Prats calcícoles i mesòfils, amb Festuca nigrescens, Plantago media (plantatge), Galium verum (espunyidella groga), Cirsium acaule..., de la muntanya mitjana i de l'estatge subalpí dels Pirineus i de les terres properes","COD_HIC":"6210","HIC_CA":"Prats -i fàcies emmatades- medioeuropeus, seminaturals, sobre substrat calcari (Festuco-Brometea)","HIC_PRIOR":"No","COD_EUNIS":"E1.26611.ES","EUNIS_EN":"-","C_EUNIS_ES":"E1.26611.ES","EUNIS_ES":"Pastos calcícolas y mesófilos, con Festuca nigrescens, Plantago media, Galium verum, Cirsium acaule, etc.","COD_LPEHT":"34.32611","LPEHT_ES":"Pastos calcícolas y mesófilos, con Festuca nigrescens, Plantago media, Galium verum, Cirsium acaule, etc.","REL_EUN_LP":"L’hàbitat LPEHT es correspon totalment amb l’hàbitat EUNIS","AMENACA":1,"VGI":5,"EXCENTRICI":2,"SUP_ESTIM":2000,"PERCEN_PNT":null}},{"type":"Feature","id":"HABITATS_TERRESTPNT.81568","geometry":{"type":"MultiPoint","coordinates":[[366741.6693,4668786.5697]]},"geometry_name":"GEOMETRIA","properties":{"ID":81568,"COD_GRUP":"3","GRUP_CA":"Vegetació arbustiva i herbàcia","COD_TIPUS":"32","TIPUS_CA":"Bosquines i matollars mediterranis i submediterranis","COD_SUBTIP":"32.6","SUBTIP_CA":"Matollars submediterranis i mediterranis muntanyencs","COD_CORINE":"32.641+","CORINE_CA":"Boixedes (matollars de Buxus sempervirens) de la muntanya mitjana (i de les contrades mediterrànies)","COD_HIC":"5110","HIC_CA":"Boixedes xerotermòfiles permanents, dels vessants rocosos","HIC_PRIOR":"No","COD_EUNIS":"F6.64","EUNIS_EN":"Supra-Mediterranean Buxus sempervirens scrub","C_EUNIS_ES":"F6.64","EUNIS_ES":"Supra-Mediterranean [Buxus sempervirens] scrub","COD_LPEHT":"32.64","LPEHT_ES":"Matorrales de Buxus sempervirens de óptimo supramediterráneo","REL_EUN_LP":"L’hàbitat LPEHT es correspon totalment amb l’hàbitat EUNIS","AMENACA":1,"VGI":4,"EXCENTRICI":2,"SUP_ESTIM":5000,"PERCEN_PNT":null}},{"type":"Feature","id":"HABITATS_TERRESTPNT.263462","geometry":{"type":"MultiPoint","coordinates":[[366766.5188,4670513.9552]]},"geometry_name":"GEOMETRIA","properties":{"ID":263462,"COD_GRUP":"3","GRUP_CA":"Vegetació arbustiva i herbàcia","COD_TIPUS":"31","TIPUS_CA":"Bosquines i matollars de muntanya i d'ambients frescals de terra baixa","COD_SUBTIP":"31.8","SUBTIP_CA":"Bosquines, matollars i herbassars generalment preforestals o postforestals","COD_CORINE":"31.8122","CORINE_CA":"Bardisses amb esbarzer (Rubus ulmifolius), aranyoner (Prunus spinosa), gavarreres (Rosa spp.)..., mesoxeròfiles, lligades a boscos més aviat secs, de la muntanya mitjana poc plujosa","COD_HIC":"-","HIC_CA":null,"HIC_PRIOR":null,"COD_EUNIS":"F3.1122","EUNIS_EN":"Sub-Mediterranean blackthorn-privet scrub","C_EUNIS_ES":"F3.1122","EUNIS_ES":"Sub-Mediterranean blackthorn-privet scrub","COD_LPEHT":"31.8122","LPEHT_ES":"Zarzales, espinares y orlas submediterráneas con Prunus mahaleb, Acer monspessulanum y otras especies xerotermófilas","REL_EUN_LP":"L’hàbitat LPEHT es correspon totalment amb l’hàbitat EUNIS","AMENACA":1,"VGI":3,"EXCENTRICI":2,"SUP_ESTIM":90,"PERCEN_PNT":null}},{"type":"Feature","id":"HABITATS_TERRESTPNT.263263","geometry":{"type":"MultiPoint","coordinates":[[366790.263,4669571.9787]]},"geometry_name":"GEOMETRIA","properties":{"ID":263263,"COD_GRUP":"6","GRUP_CA":"Roques, tarteres, glaceres, coves","COD_TIPUS":"61","TIPUS_CA":"Tarteres","COD_SUBTIP":"61.3","SUBTIP_CA":"Altres tarteres","COD_CORINE":"61.311","CORINE_CA":"Pedrusques calcàries, amb Stipa calamagrostis, Rumex scutatus..., de l'estatge montà poc plujós","COD_HIC":"8130","HIC_CA":"Tarteres de l'Europa meridional amb vegetació poc o molt termòfila","HIC_PRIOR":"No","COD_EUNIS":"H2.611","EUNIS_EN":"Rough-grass screes","C_EUNIS_ES":"H2.611","EUNIS_ES":"Rough-grass screes","COD_LPEHT":"61.311","LPEHT_ES":"Pedregales calcáreos, con Stipa calamagrostis, Rumex scutatus, etc., montano-subalpinos","REL_EUN_LP":"L’hàbitat LPEHT es correspon totalment amb l’hàbitat EUNIS","AMENACA":1,"VGI":6,"EXCENTRICI":2,"SUP_ESTIM":920,"PERCEN_PNT":null}},{"type":"Feature","id":"HABITATS_TERRESTPNT.262014","geometry":{"type":"MultiPoint","coordinates":[[366795.6079,4671006.1849]]},"geometry_name":"GEOMETRIA","properties":{"ID":262014,"COD_GRUP":"4","GRUP_CA":"Boscos","COD_TIPUS":"42","TIPUS_CA":"Boscos aciculifolis","COD_SUBTIP":"42.6","SUBTIP_CA":"Boscos de pinassa","COD_CORINE":"42.67","CORINE_CA":"Pinedes de pinassa (Pinus nigra subsp. salzmannii), o repoblacions, sense sotabosc forestal","COD_HIC":"-","HIC_CA":null,"HIC_PRIOR":null,"COD_EUNIS":"G3.57","EUNIS_EN":"Pinus nigra reforestation","C_EUNIS_ES":"G3.57","EUNIS_ES":"[Pinus nigra] reforestation","COD_LPEHT":"42.67","LPEHT_ES":"Repoblaciones de Pinus nigra subsp. salzmannii en el entorno de su área natural","REL_EUN_LP":"L’hàbitat LPEHT es correspon totalment amb l’hàbitat EUNIS","AMENACA":1,"VGI":1,"EXCENTRICI":2,"SUP_ESTIM":3200,"PERCEN_PNT":null}},{"type":"Feature","id":"HABITATS_TERRESTPNT.261842","geometry":{"type":"MultiPoint","coordinates":[[366823.8391,4671048.6296]]},"geometry_name":"GEOMETRIA","properties":{"ID":261842,"COD_GRUP":"3","GRUP_CA":"Vegetació arbustiva i herbàcia","COD_TIPUS":"34","TIPUS_CA":"Prats (i altres formacions herbàcies) basòfils, secs, de terra baixa i de la muntanya mitjana","COD_SUBTIP":"34.5","SUBTIP_CA":"Pradells i prats secs mediterranis","COD_CORINE":"34.511","CORINE_CA":"Llistonars (prats secs de Brachypodium retusum) amb teròfits, calcícoles, de terra baixa","COD_HIC":"6220*","HIC_CA":"Prats mediterranis rics en anuals, basòfils (Thero-Brachypodietalia)","HIC_PRIOR":"Si","COD_EUNIS":"E1.311","EUNIS_EN":"Retuse torgrass swards","C_EUNIS_ES":"E1.311","EUNIS_ES":"Retuse torgrass swards","COD_LPEHT":"34.511","LPEHT_ES":"Lastonares de Brachypodium retusum con terófitos y geófitos","REL_EUN_LP":"L’hàbitat LPEHT es correspon totalment amb l’hàbitat EUNIS","AMENACA":1,"VGI":4,"EXCENTRICI":2,"SUP_ESTIM":30,"PERCEN_PNT":null}},{"type":"Feature","id":"HABITATS_TERRESTPNT.263461","geometry":{"type":"MultiPoint","coordinates":[[366837.4273,4670434.0508]]},"geometry_name":"GEOMETRIA","properties":{"ID":263461,"COD_GRUP":"3","GRUP_CA":"Vegetació arbustiva i herbàcia","COD_TIPUS":"31","TIPUS_CA":"Bosquines i matollars de muntanya i d'ambients frescals de terra baixa","COD_SUBTIP":"31.8","SUBTIP_CA":"Bosquines, matollars i herbassars generalment preforestals o postforestals","COD_CORINE":"31.8122","CORINE_CA":"Bardisses amb esbarzer (Rubus ulmifolius), aranyoner (Prunus spinosa), gavarreres (Rosa spp.)..., mesoxeròfiles, lligades a boscos més aviat secs, de la muntanya mitjana poc plujosa","COD_HIC":"-","HIC_CA":null,"HIC_PRIOR":null,"COD_EUNIS":"F3.1122","EUNIS_EN":"Sub-Mediterranean blackthorn-privet scrub","C_EUNIS_ES":"F3.1122","EUNIS_ES":"Sub-Mediterranean blackthorn-privet scrub","COD_LPEHT":"31.8122","LPEHT_ES":"Zarzales, espinares y orlas submediterráneas con Prunus mahaleb, Acer monspessulanum y otras especies xerotermófilas","REL_EUN_LP":"L’hàbitat LPEHT es correspon totalment amb l’hàbitat EUNIS","AMENACA":1,"VGI":3,"EXCENTRICI":2,"SUP_ESTIM":55,"PERCEN_PNT":null}},{"type":"Feature","id":"HABITATS_TERRESTPNT.261846","geometry":{"type":"MultiPoint","coordinates":[[366847.6633,4671307.378]]},"geometry_name":"GEOMETRIA","properties":{"ID":261846,"COD_GRUP":"3","GRUP_CA":"Vegetació arbustiva i herbàcia","COD_TIPUS":"32","TIPUS_CA":"Bosquines i matollars mediterranis i submediterranis","COD_SUBTIP":"32.1","SUBTIP_CA":"Màquies i altres bosquines altes","COD_CORINE":"32.1311","CORINE_CA":"Cadequers (màquies o garrigues amb abundància de Juniperus oxycedrus arborescent), no litorals","COD_HIC":"5210","HIC_CA":"Màquies i garrigues amb Juniperus spp. arborescents, no dunars","HIC_PRIOR":"No","COD_EUNIS":"F5.1311","EUNIS_EN":"Juniperus oxycedrus arborescent matorral","C_EUNIS_ES":"F5.1311","EUNIS_ES":"[Juniperus oxycedrus] arborescent matorral","COD_LPEHT":"32.1311","LPEHT_ES":"Matorrales arborescentes de Juniperus oxycedrus subsp. oxycedrus interiores","REL_EUN_LP":"L’hàbitat LPEHT es correspon totalment amb l’hàbitat EUNIS","AMENACA":1,"VGI":4,"EXCENTRICI":2,"SUP_ESTIM":200,"PERCEN_PNT":null}},{"type":"Feature","id":"HABITATS_TERRESTPNT.263233","geometry":{"type":"MultiPoint","coordinates":[[366855.9482,4670354.1465]]},"geometry_name":"GEOMETRIA","properties":{"ID":263233,"COD_GRUP":"4","GRUP_CA":"Boscos","COD_TIPUS":"44","TIPUS_CA":"Boscos i bosquines de ribera o de llocs molt humits","COD_SUBTIP":"44.1","SUBTIP_CA":"Comunitats dominades per Salix spp.","COD_CORINE":"44.124","CORINE_CA":"Sargars i gatelledes muntanyencs","COD_HIC":"3240","HIC_CA":"Rius de tipus alpí amb bosquines de muntanya","HIC_PRIOR":"No","COD_EUNIS":"F9.124","EUNIS_EN":"Ibero-montane riverine willow scrub","C_EUNIS_ES":"F9.124","EUNIS_ES":"Ibero-montane riverine willow scrub","COD_LPEHT":"44.124","LPEHT_ES":"Sargales de montaña ibéricos con Salix purpurea, S. eleagnos y S. triandra","REL_EUN_LP":"L’hàbitat LPEHT es correspon totalment amb l’hàbitat EUNIS","AMENACA":3,"VGI":6,"EXCENTRICI":1,"SUP_ESTIM":160,"PERCEN_PNT":null}},{"type":"Feature","id":"HABITATS_TERRESTPNT.262020","geometry":{"type":"MultiPoint","coordinates":[[366877.429,4671338.4666]]},"geometry_name":"GEOMETRIA","properties":{"ID":262020,"COD_GRUP":"3","GRUP_CA":"Vegetació arbustiva i herbàcia","COD_TIPUS":"32","TIPUS_CA":"Bosquines i matollars mediterranis i submediterranis","COD_SUBTIP":"32.6","SUBTIP_CA":"Matollars submediterranis i mediterranis muntanyencs","COD_CORINE":"32.61","CORINE_CA":"Matollars d'espígol (Lavandula angustifolia), sovint amb boix (Buxus sempervirens), ginestell (Genista cinerea)..., calcícoles, de la muntanya mitjana poc plujosa","COD_HIC":"-","HIC_CA":null,"HIC_PRIOR":null,"COD_EUNIS":"F6.61","EUNIS_EN":"Lavandula angustifolia garrigues","C_EUNIS_ES":"F6.61","EUNIS_ES":"[Lavandula angustifolia] garrigues","COD_LPEHT":"32.61","LPEHT_ES":"Matorrales de espliego (Lavandula angustifolia subsp. pyrenaica), a menudo con Buxus sempervirens, Genista ausetana, etc.","REL_EUN_LP":"L’hàbitat LPEHT es correspon totalment amb l’hàbitat EUNIS","AMENACA":3,"VGI":4,"EXCENTRICI":1,"SUP_ESTIM":200,"PERCEN_PNT":null}},{"type":"Feature","id":"HABITATS_TERRESTPNT.263463","geometry":{"type":"MultiPoint","coordinates":[[366895.1066,4670374.2549]]},"geometry_name":"GEOMETRIA","properties":{"ID":263463,"COD_GRUP":"3","GRUP_CA":"Vegetació arbustiva i herbàcia","COD_TIPUS":"34","TIPUS_CA":"Prats (i altres formacions herbàcies) basòfils, secs, de terra baixa i de la muntanya mitjana","COD_SUBTIP":"34.7","SUBTIP_CA":"Prats submediterranis","COD_CORINE":"34.721","CORINE_CA":"Joncedes (prats, sovint emmatats, d'Aphyllanthes monspeliensis), calcícoles, de les contrades mediterrànies i de la muntanya mitjana poc plujosa","COD_HIC":"-","HIC_CA":null,"HIC_PRIOR":null,"COD_EUNIS":"E1.52","EUNIS_EN":"Aphyllanthes grassland and supra-Mediterranean steppes","C_EUNIS_ES":"E1.52","EUNIS_ES":"[Aphyllanthes] grassland and supra-Mediterranean steppes","COD_LPEHT":"34.721","LPEHT_ES":"Pastos y matorrales dominados por Aphyllanthes monspeliensis, calcícolas, con Catananche caerulea, Linum narbonense, L. suffruticosum s.l., Lavandula latifolia","REL_EUN_LP":"L’hàbitat LPEHT es correspon només parcialment amb l’hàbitat EUNIS","AMENACA":1,"VGI":5,"EXCENTRICI":2,"SUP_ESTIM":2100,"PERCEN_PNT":null}},{"type":"Feature","id":"HABITATS_TERRESTPNT.260744","geometry":{"type":"MultiPoint","coordinates":[[366927.6198,4671445.3464]]},"geometry_name":"GEOMETRIA","properties":{"ID":260744,"COD_GRUP":"3","GRUP_CA":"Vegetació arbustiva i herbàcia","COD_TIPUS":"31","TIPUS_CA":"Bosquines i matollars de muntanya i d'ambients frescals de terra baixa","COD_SUBTIP":"31.8","SUBTIP_CA":"Bosquines, matollars i herbassars generalment preforestals o postforestals","COD_CORINE":"31.8123","CORINE_CA":"Matollars de corner (Amelanchier ovalis), boix (Buxus sempervirens), espina cervina (Rhamnus saxatilis)..., calcícoles, de costers rocosos, secs, de la muntanya mitjana","COD_HIC":"5110","HIC_CA":"Boixedes xerotermòfiles permanents, dels vessants rocosos","HIC_PRIOR":"No","COD_EUNIS":"F3.1123","EUNIS_EN":"Rock pear scrub","C_EUNIS_ES":"F3.1123","EUNIS_ES":"Rock pear scrub","COD_LPEHT":"31.8123","LPEHT_ES":"Orlas y bosquetes de guillomo (Amelanchier ovalis), en ocasiones con Cotoneaster spp.","REL_EUN_LP":"L’hàbitat LPEHT es correspon totalment amb l’hàbitat EUNIS","AMENACA":1,"VGI":4,"EXCENTRICI":2,"SUP_ESTIM":3000,"PERCEN_PNT":null}},{"type":"Feature","id":"HABITATS_TERRESTPNT.81419","geometry":{"type":"MultiPoint","coordinates":[[371795.8542,4667004.9383]]},"geometry_name":"GEOMETRIA","properties":{"ID":81419,"COD_GRUP":"3","GRUP_CA":"Vegetació arbustiva i herbàcia","COD_TIPUS":"34","TIPUS_CA":"Prats (i altres formacions herbàcies) basòfils, secs, de terra baixa i de la muntanya mitjana","COD_SUBTIP":"34.7","SUBTIP_CA":"Prats submediterranis","COD_CORINE":"34.7133","CORINE_CA":"Prats, sovint emmatats, d'Ononis striata, Anthyllis montana, Globularia cordifolia (lluqueta)..., calcícoles i xeròfils, de la muntanya mitjana (i de l'estatge subalpí), sobretot als Prepirineus","COD_HIC":"-","HIC_CA":null,"HIC_PRIOR":null,"COD_EUNIS":"E1.5133.ES","EUNIS_EN":"-","C_EUNIS_ES":"E1.5133.ES","EUNIS_ES":"Pastizales franco-ibéricos con Anthyllis montana, Ononis striata, Koeleria vallesiana y Festuca spp.","COD_LPEHT":"34.7133","LPEHT_ES":"Pastizales franco-ibéricos con Anthyllis montana, Ononis striata, Koeleria vallesiana y Festuca spp.","REL_EUN_LP":"L’hàbitat LPEHT es correspon totalment amb l’hàbitat EUNIS","AMENACA":1,"VGI":5,"EXCENTRICI":1,"SUP_ESTIM":3000,"PERCEN_PNT":null}},{"type":"Feature","id":"HABITATS_TERRESTPNT.81437","geometry":{"type":"MultiPoint","coordinates":[[372479.0021,4667180.994]]},"geometry_name":"GEOMETRIA","properties":{"ID":81437,"COD_GRUP":"3","GRUP_CA":"Vegetació arbustiva i herbàcia","COD_TIPUS":"34","TIPUS_CA":"Prats (i altres formacions herbàcies) basòfils, secs, de terra baixa i de la muntanya mitjana","COD_SUBTIP":"34.7","SUBTIP_CA":"Prats submediterranis","COD_CORINE":"34.7133","CORINE_CA":"Prats, sovint emmatats, d'Ononis striata, Anthyllis montana, Globularia cordifolia (lluqueta)..., calcícoles i xeròfils, de la muntanya mitjana (i de l'estatge subalpí), sobretot als Prepirineus","COD_HIC":"-","HIC_CA":null,"HIC_PRIOR":null,"COD_EUNIS":"E1.5133.ES","EUNIS_EN":"-","C_EUNIS_ES":"E1.5133.ES","EUNIS_ES":"Pastizales franco-ibéricos con Anthyllis montana, Ononis striata, Koeleria vallesiana y Festuca spp.","COD_LPEHT":"34.7133","LPEHT_ES":"Pastizales franco-ibéricos con Anthyllis montana, Ononis striata, Koeleria vallesiana y Festuca spp.","REL_EUN_LP":"L’hàbitat LPEHT es correspon totalment amb l’hàbitat EUNIS","AMENACA":1,"VGI":5,"EXCENTRICI":1,"SUP_ESTIM":8000,"PERCEN_PNT":null}},{"type":"Feature","id":"HABITATS_TERRESTPNT.81192","geometry":{"type":"MultiPoint","coordinates":[[370300.1132,4667185.315]]},"geometry_name":"GEOMETRIA","properties":{"ID":81192,"COD_GRUP":"3","GRUP_CA":"Vegetació arbustiva i herbàcia","COD_TIPUS":"32","TIPUS_CA":"Bosquines i matollars mediterranis i submediterranis","COD_SUBTIP":"32.6","SUBTIP_CA":"Matollars submediterranis i mediterranis muntanyencs","COD_CORINE":"32.641+","CORINE_CA":"Boixedes (matollars de Buxus sempervirens) de la muntanya mitjana (i de les contrades mediterrànies)","COD_HIC":"5110","HIC_CA":"Boixedes xerotermòfiles permanents, dels vessants rocosos","HIC_PRIOR":"No","COD_EUNIS":"F6.64","EUNIS_EN":"Supra-Mediterranean Buxus sempervirens scrub","C_EUNIS_ES":"F6.64","EUNIS_ES":"Supra-Mediterranean [Buxus sempervirens] scrub","COD_LPEHT":"32.64","LPEHT_ES":"Matorrales de Buxus sempervirens de óptimo supramediterráneo","REL_EUN_LP":"L’hàbitat LPEHT es correspon totalment amb l’hàbitat EUNIS","AMENACA":1,"VGI":4,"EXCENTRICI":2,"SUP_ESTIM":10000,"PERCEN_PNT":null}},{"type":"Feature","id":"HABITATS_TERRESTPNT.81198","geometry":{"type":"MultiPoint","coordinates":[[372343.7948,4667232.3049]]},"geometry_name":"GEOMETRIA","properties":{"ID":81198,"COD_GRUP":"3","GRUP_CA":"Vegetació arbustiva i herbàcia","COD_TIPUS":"34","TIPUS_CA":"Prats (i altres formacions herbàcies) basòfils, secs, de terra baixa i de la muntanya mitjana","COD_SUBTIP":"34.3","SUBTIP_CA":"Prats medioeuropeus (o mediterranis) dominats per herbes perennes","COD_CORINE":"34.332G1+","CORINE_CA":"Prats basòfils i xeròfils, amb Festuca ovina, Avenula iberica, Bromus erectus, Brachypodium phoenicoides, Seseli montanum, Teucrium pyrenaicum (angelins)..., de l'estatge montà dels Pirineus","COD_HIC":"6210","HIC_CA":"Prats -i fàcies emmatades- medioeuropeus, seminaturals, sobre substrat calcari (Festuco-Brometea)","HIC_PRIOR":"No","COD_EUNIS":"E1.272G1.ES","EUNIS_EN":"-","C_EUNIS_ES":"E1.272G1.ES","EUNIS_ES":"Pastos basófilos y xerófilos, con Festuca ovina, Avenula iberica, Bromus erectus, Brachypodium phoenicoides, Seseli montanum, Teucrium pyrenaicum, etc., montano-pirenaicos","COD_LPEHT":"34.332G1","LPEHT_ES":"Pastos basófilos y xerófilos, con Festuca ovina, Avenula iberica, Bromus erectus, Brachypodium phoenicoides, Seseli montanum, Teucrium pyrenaicum, etc., montano-pirenaicos","REL_EUN_LP":"L’hàbitat LPEHT es correspon totalment amb l’hàbitat EUNIS","AMENACA":1,"VGI":6,"EXCENTRICI":2,"SUP_ESTIM":500,"PERCEN_PNT":null}},{"type":"Feature","id":"HABITATS_TERRESTPNT.81204","geometry":{"type":"MultiPoint","coordinates":[[371695.5201,4667293.3437]]},"geometry_name":"GEOMETRIA","properties":{"ID":81204,"COD_GRUP":"3","GRUP_CA":"Vegetació arbustiva i herbàcia","COD_TIPUS":"31","TIPUS_CA":"Bosquines i matollars de muntanya i d'ambients frescals de terra baixa","COD_SUBTIP":"31.4","SUBTIP_CA":"Matollars baixos o prostrats d'alta muntanya","COD_CORINE":"31.431","CORINE_CA":"Matollars de ginebró (Juniperus nana), de vessants solells de l'estatge subalpí","COD_HIC":"4060","HIC_CA":"Matollars alpins i boreals","HIC_PRIOR":"No","COD_EUNIS":"F2.231","EUNIS_EN":"Mountain Juniperus nana scrub","C_EUNIS_ES":"F2.2311.ES","EUNIS_ES":"Matorrales de Juniperus communis subsp. alpina de laderas solanas del piso subalpino pirenaico y de los montes vascos","COD_LPEHT":"31.4311","LPEHT_ES":"Matorrales de Juniperus communis subsp. alpina de laderas solanas del piso subalpino pirenaico y de los montes vascos","REL_EUN_LP":"L’hàbitat LPEHT es correspon totalment amb l’hàbitat EUNIS","AMENACA":2,"VGI":5,"EXCENTRICI":1,"SUP_ESTIM":1000,"PERCEN_PNT":null}},{"type":"Feature","id":"HABITATS_TERRESTPNT.81445","geometry":{"type":"MultiPoint","coordinates":[[371780.764,4667299.6581]]},"geometry_name":"GEOMETRIA","properties":{"ID":81445,"COD_GRUP":"8","GRUP_CA":"Terres agrícoles i àrees antròpiques","COD_TIPUS":"87","TIPUS_CA":"Camps abandonats, ermots i àrees ruderals","COD_SUBTIP":"87.2","SUBTIP_CA":"Comunitats ruderals","COD_CORINE":"87.22+","CORINE_CA":"Comunitats ruderals de muntanya","COD_HIC":"-","HIC_CA":null,"HIC_PRIOR":null,"COD_EUNIS":"E5.1","EUNIS_EN":"Anthropogenic herb stands","C_EUNIS_ES":"E5.1","EUNIS_ES":"Anthropogenic herb stands","COD_LPEHT":"87.2","LPEHT_ES":"Comunidades ruderales","REL_EUN_LP":"L’hàbitat LPEHT es correspon només parcialment amb l’hàbitat EUNIS","AMENACA":0,"VGI":0,"EXCENTRICI":0,"SUP_ESTIM":300,"PERCEN_PNT":null}},{"type":"Feature","id":"HABITATS_TERRESTPNT.81218","geometry":{"type":"MultiPoint","coordinates":[[372259.6033,4667421.7358]]},"geometry_name":"GEOMETRIA","properties":{"ID":81218,"COD_GRUP":"3","GRUP_CA":"Vegetació arbustiva i herbàcia","COD_TIPUS":"31","TIPUS_CA":"Bosquines i matollars de muntanya i d'ambients frescals de terra baixa","COD_SUBTIP":"31.4","SUBTIP_CA":"Matollars baixos o prostrats d'alta muntanya","COD_CORINE":"31.431","CORINE_CA":"Matollars de ginebró (Juniperus nana), de vessants solells de l'estatge subalpí","COD_HIC":"4060","HIC_CA":"Matollars alpins i boreals","HIC_PRIOR":"No","COD_EUNIS":"F2.231","EUNIS_EN":"Mountain Juniperus nana scrub","C_EUNIS_ES":"F2.2311.ES","EUNIS_ES":"Matorrales de Juniperus communis subsp. alpina de laderas solanas del piso subalpino pirenaico y de los montes vascos","COD_LPEHT":"31.4311","LPEHT_ES":"Matorrales de Juniperus communis subsp. alpina de laderas solanas del piso subalpino pirenaico y de los montes vascos","REL_EUN_LP":"L’hàbitat LPEHT es correspon totalment amb l’hàbitat EUNIS","AMENACA":2,"VGI":5,"EXCENTRICI":1,"SUP_ESTIM":5000,"PERCEN_PNT":null}},{"type":"Feature","id":"HABITATS_TERRESTPNT.81226","geometry":{"type":"MultiPoint","coordinates":[[370607.8149,4667516.4206]]},"geometry_name":"GEOMETRIA","properties":{"ID":81226,"COD_GRUP":"3","GRUP_CA":"Vegetació arbustiva i herbàcia","COD_TIPUS":"34","TIPUS_CA":"Prats (i altres formacions herbàcies) basòfils, secs, de terra baixa i de la muntanya mitjana","COD_SUBTIP":"34.3","SUBTIP_CA":"Prats medioeuropeus (o mediterranis) dominats per herbes perennes","COD_CORINE":"34.32611+","CORINE_CA":"Prats calcícoles i mesòfils, amb Festuca nigrescens, Plantago media (plantatge), Galium verum (espunyidella groga), Cirsium acaule..., de la muntanya mitjana i de l'estatge subalpí dels Pirineus i de les terres properes","COD_HIC":"6210","HIC_CA":"Prats -i fàcies emmatades- medioeuropeus, seminaturals, sobre substrat calcari (Festuco-Brometea)","HIC_PRIOR":"No","COD_EUNIS":"E1.26611.ES","EUNIS_EN":"-","C_EUNIS_ES":"E1.26611.ES","EUNIS_ES":"Pastos calcícolas y mesófilos, con Festuca nigrescens, Plantago media, Galium verum, Cirsium acaule, etc.","COD_LPEHT":"34.32611","LPEHT_ES":"Pastos calcícolas y mesófilos, con Festuca nigrescens, Plantago media, Galium verum, Cirsium acaule, etc.","REL_EUN_LP":"L’hàbitat LPEHT es correspon totalment amb l’hàbitat EUNIS","AMENACA":1,"VGI":5,"EXCENTRICI":2,"SUP_ESTIM":4000,"PERCEN_PNT":null}},{"type":"Feature","id":"HABITATS_TERRESTPNT.81476","geometry":{"type":"MultiPoint","coordinates":[[372564.7976,4667652.2101]]},"geometry_name":"GEOMETRIA","properties":{"ID":81476,"COD_GRUP":"3","GRUP_CA":"Vegetació arbustiva i herbàcia","COD_TIPUS":"34","TIPUS_CA":"Prats (i altres formacions herbàcies) basòfils, secs, de terra baixa i de la muntanya mitjana","COD_SUBTIP":"34.3","SUBTIP_CA":"Prats medioeuropeus (o mediterranis) dominats per herbes perennes","COD_CORINE":"34.32611+","CORINE_CA":"Prats calcícoles i mesòfils, amb Festuca nigrescens, Plantago media (plantatge), Galium verum (espunyidella groga), Cirsium acaule..., de la muntanya mitjana i de l'estatge subalpí dels Pirineus i de les terres properes","COD_HIC":"6210","HIC_CA":"Prats -i fàcies emmatades- medioeuropeus, seminaturals, sobre substrat calcari (Festuco-Brometea)","HIC_PRIOR":"No","COD_EUNIS":"E1.26611.ES","EUNIS_EN":"-","C_EUNIS_ES":"E1.26611.ES","EUNIS_ES":"Pastos calcícolas y mesófilos, con Festuca nigrescens, Plantago media, Galium verum, Cirsium acaule, etc.","COD_LPEHT":"34.32611","LPEHT_ES":"Pastos calcícolas y mesófilos, con Festuca nigrescens, Plantago media, Galium verum, Cirsium acaule, etc.","REL_EUN_LP":"L’hàbitat LPEHT es correspon totalment amb l’hàbitat EUNIS","AMENACA":1,"VGI":5,"EXCENTRICI":2,"SUP_ESTIM":1000,"PERCEN_PNT":null}},{"type":"Feature","id":"HABITATS_TERRESTPNT.81829","geometry":{"type":"MultiPoint","coordinates":[[371004.2646,4667725.8409]]},"geometry_name":"GEOMETRIA","properties":{"ID":81829,"COD_GRUP":"8","GRUP_CA":"Terres agrícoles i àrees antròpiques","COD_TIPUS":"82","TIPUS_CA":"Conreus herbacis","COD_SUBTIP":"82.3","SUBTIP_CA":"Conreus herbacis extensius, principalment de cereals","COD_CORINE":"82.33+","CORINE_CA":"Conreus herbacis extensius de secà, de muntanya","COD_HIC":"-","HIC_CA":null,"HIC_PRIOR":null,"COD_EUNIS":"I1.33.ES","EUNIS_EN":"-","C_EUNIS_ES":"I1.33.ES","EUNIS_ES":"Cultivos extensivos de secano de montaña (supra y oromediterráneos)","COD_LPEHT":"82.33","LPEHT_ES":"Cultivos extensivos de secano de montaña (supra y oromediterráneos)","REL_EUN_LP":"L’hàbitat LPEHT es correspon totalment amb l’hàbitat EUNIS","AMENACA":0,"VGI":0,"EXCENTRICI":0,"SUP_ESTIM":2000,"PERCEN_PNT":null}},{"type":"Feature","id":"HABITATS_TERRESTPNT.81832","geometry":{"type":"MultiPoint","coordinates":[[370547.283,4667797.6315]]},"geometry_name":"GEOMETRIA","properties":{"ID":81832,"COD_GRUP":"8","GRUP_CA":"Terres agrícoles i àrees antròpiques","COD_TIPUS":"82","TIPUS_CA":"Conreus herbacis","COD_SUBTIP":"82.3","SUBTIP_CA":"Conreus herbacis extensius, principalment de cereals","COD_CORINE":"82.31+","CORINE_CA":"Conreus herbacis extensius de sòls humits (sovint de regadiu o de contrades molt plujoses)","COD_HIC":"-","HIC_CA":null,"HIC_PRIOR":null,"COD_EUNIS":"I1.31.ES","EUNIS_EN":"-","C_EUNIS_ES":"I1.31.ES","EUNIS_ES":"Cultivos extensivos de suelos húmedos (de regadío, cultivos de vega o de áreas muy lluviosas)","COD_LPEHT":"82.31","LPEHT_ES":"Cultivos extensivos de suelos húmedos (de regadío, cultivos de vega o de áreas muy lluviosas)","REL_EUN_LP":"L’hàbitat LPEHT es correspon totalment amb l’hàbitat EUNIS","AMENACA":0,"VGI":0,"EXCENTRICI":0,"SUP_ESTIM":6000,"PERCEN_PNT":null}},{"type":"Feature","id":"HABITATS_TERRESTPNT.81540","geometry":{"type":"MultiPoint","coordinates":[[370823.8207,4668510.8376]]},"geometry_name":"GEOMETRIA","properties":{"ID":81540,"COD_GRUP":"3","GRUP_CA":"Vegetació arbustiva i herbàcia","COD_TIPUS":"32","TIPUS_CA":"Bosquines i matollars mediterranis i submediterranis","COD_SUBTIP":"32.6","SUBTIP_CA":"Matollars submediterranis i mediterranis muntanyencs","COD_CORINE":"32.641+","CORINE_CA":"Boixedes (matollars de Buxus sempervirens) de la muntanya mitjana (i de les contrades mediterrànies)","COD_HIC":"5110","HIC_CA":"Boixedes xerotermòfiles permanents, dels vessants rocosos","HIC_PRIOR":"No","COD_EUNIS":"F6.64","EUNIS_EN":"Supra-Mediterranean Buxus sempervirens scrub","C_EUNIS_ES":"F6.64","EUNIS_ES":"Supra-Mediterranean [Buxus sempervirens] scrub","COD_LPEHT":"32.64","LPEHT_ES":"Matorrales de Buxus sempervirens de óptimo supramediterráneo","REL_EUN_LP":"L’hàbitat LPEHT es correspon totalment amb l’hàbitat EUNIS","AMENACA":1,"VGI":4,"EXCENTRICI":2,"SUP_ESTIM":4000,"PERCEN_PNT":null}},{"type":"Feature","id":"HABITATS_TERRESTPNT.81543","geometry":{"type":"MultiPoint","coordinates":[[372174.2092,4668547.4622]]},"geometry_name":"GEOMETRIA","properties":{"ID":81543,"COD_GRUP":"3","GRUP_CA":"Vegetació arbustiva i herbàcia","COD_TIPUS":"34","TIPUS_CA":"Prats (i altres formacions herbàcies) basòfils, secs, de terra baixa i de la muntanya mitjana","COD_SUBTIP":"34.3","SUBTIP_CA":"Prats medioeuropeus (o mediterranis) dominats per herbes perennes","COD_CORINE":"34.332G1+","CORINE_CA":"Prats basòfils i xeròfils, amb Festuca ovina, Avenula iberica, Bromus erectus, Brachypodium phoenicoides, Seseli montanum, Teucrium pyrenaicum (angelins)..., de l'estatge montà dels Pirineus","COD_HIC":"6210","HIC_CA":"Prats -i fàcies emmatades- medioeuropeus, seminaturals, sobre substrat calcari (Festuco-Brometea)","HIC_PRIOR":"No","COD_EUNIS":"E1.272G1.ES","EUNIS_EN":"-","C_EUNIS_ES":"E1.272G1.ES","EUNIS_ES":"Pastos basófilos y xerófilos, con Festuca ovina, Avenula iberica, Bromus erectus, Brachypodium phoenicoides, Seseli montanum, Teucrium pyrenaicum, etc., montano-pirenaicos","COD_LPEHT":"34.332G1","LPEHT_ES":"Pastos basófilos y xerófilos, con Festuca ovina, Avenula iberica, Bromus erectus, Brachypodium phoenicoides, Seseli montanum, Teucrium pyrenaicum, etc., montano-pirenaicos","REL_EUN_LP":"L’hàbitat LPEHT es correspon totalment amb l’hàbitat EUNIS","AMENACA":1,"VGI":6,"EXCENTRICI":1,"SUP_ESTIM":2000,"PERCEN_PNT":null}},{"type":"Feature","id":"HABITATS_TERRESTPNT.81878","geometry":{"type":"MultiPoint","coordinates":[[371684.729,4668588.4727]]},"geometry_name":"GEOMETRIA","properties":{"ID":81878,"COD_GRUP":"3","GRUP_CA":"Vegetació arbustiva i herbàcia","COD_TIPUS":"34","TIPUS_CA":"Prats (i altres formacions herbàcies) basòfils, secs, de terra baixa i de la muntanya mitjana","COD_SUBTIP":"34.7","SUBTIP_CA":"Prats submediterranis","COD_CORINE":"34.7133","CORINE_CA":"Prats, sovint emmatats, d'Ononis striata, Anthyllis montana, Globularia cordifolia (lluqueta)..., calcícoles i xeròfils, de la muntanya mitjana (i de l'estatge subalpí), sobretot als Prepirineus","COD_HIC":"-","HIC_CA":null,"HIC_PRIOR":null,"COD_EUNIS":"E1.5133.ES","EUNIS_EN":"-","C_EUNIS_ES":"E1.5133.ES","EUNIS_ES":"Pastizales franco-ibéricos con Anthyllis montana, Ononis striata, Koeleria vallesiana y Festuca spp.","COD_LPEHT":"34.7133","LPEHT_ES":"Pastizales franco-ibéricos con Anthyllis montana, Ononis striata, Koeleria vallesiana y Festuca spp.","REL_EUN_LP":"L’hàbitat LPEHT es correspon totalment amb l’hàbitat EUNIS","AMENACA":1,"VGI":5,"EXCENTRICI":1,"SUP_ESTIM":1000,"PERCEN_PNT":null}},{"type":"Feature","id":"HABITATS_TERRESTPNT.81577","geometry":{"type":"MultiPoint","coordinates":[[372930.2958,4668859.0721]]},"geometry_name":"GEOMETRIA","properties":{"ID":81577,"COD_GRUP":"3","GRUP_CA":"Vegetació arbustiva i herbàcia","COD_TIPUS":"32","TIPUS_CA":"Bosquines i matollars mediterranis i submediterranis","COD_SUBTIP":"32.6","SUBTIP_CA":"Matollars submediterranis i mediterranis muntanyencs","COD_CORINE":"32.641+","CORINE_CA":"Boixedes (matollars de Buxus sempervirens) de la muntanya mitjana (i de les contrades mediterrànies)","COD_HIC":"5110","HIC_CA":"Boixedes xerotermòfiles permanents, dels vessants rocosos","HIC_PRIOR":"No","COD_EUNIS":"F6.64","EUNIS_EN":"Supra-Mediterranean Buxus sempervirens scrub","C_EUNIS_ES":"F6.64","EUNIS_ES":"Supra-Mediterranean [Buxus sempervirens] scrub","COD_LPEHT":"32.64","LPEHT_ES":"Matorrales de Buxus sempervirens de óptimo supramediterráneo","REL_EUN_LP":"L’hàbitat LPEHT es correspon totalment amb l’hàbitat EUNIS","AMENACA":1,"VGI":4,"EXCENTRICI":2,"SUP_ESTIM":6000,"PERCEN_PNT":null}},{"type":"Feature","id":"HABITATS_TERRESTPNT.81613","geometry":{"type":"MultiPoint","coordinates":[[372097.2406,4669231.4181]]},"geometry_name":"GEOMETRIA","properties":{"ID":81613,"COD_GRUP":"3","GRUP_CA":"Vegetació arbustiva i herbàcia","COD_TIPUS":"31","TIPUS_CA":"Bosquines i matollars de muntanya i d'ambients frescals de terra baixa","COD_SUBTIP":"31.4","SUBTIP_CA":"Matollars baixos o prostrats d'alta muntanya","COD_CORINE":"31.431","CORINE_CA":"Matollars de ginebró (Juniperus nana), de vessants solells de l'estatge subalpí","COD_HIC":"4060","HIC_CA":"Matollars alpins i boreals","HIC_PRIOR":"No","COD_EUNIS":"F2.231","EUNIS_EN":"Mountain Juniperus nana scrub","C_EUNIS_ES":"F2.2311.ES","EUNIS_ES":"Matorrales de Juniperus communis subsp. alpina de laderas solanas del piso subalpino pirenaico y de los montes vascos","COD_LPEHT":"31.4311","LPEHT_ES":"Matorrales de Juniperus communis subsp. alpina de laderas solanas del piso subalpino pirenaico y de los montes vascos","REL_EUN_LP":"L’hàbitat LPEHT es correspon totalment amb l’hàbitat EUNIS","AMENACA":2,"VGI":5,"EXCENTRICI":1,"SUP_ESTIM":10000,"PERCEN_PNT":null}},{"type":"Feature","id":"HABITATS_TERRESTPNT.81620","geometry":{"type":"MultiPoint","coordinates":[[371969.1567,4669298.8803]]},"geometry_name":"GEOMETRIA","properties":{"ID":81620,"COD_GRUP":"6","GRUP_CA":"Roques, tarteres, glaceres, coves","COD_TIPUS":"62","TIPUS_CA":"Roques no litorals","COD_SUBTIP":"62.1","SUBTIP_CA":"Cingles i penyals calcaris","COD_CORINE":"62.151","CORINE_CA":"Roques calcàries, amb Potentilla caulescens, Saxifraga longifolia, Asplenium fontanum..., de l'estatge montà i de les muntanyes mediterrànies","COD_HIC":"8210","HIC_CA":"Costers rocosos calcaris amb vegetació rupícola","HIC_PRIOR":"No","COD_EUNIS":"H3.251","EUNIS_EN":"Alpine calcareous cliff heliophile communities","C_EUNIS_ES":"H3.251","EUNIS_ES":"Alpine calcareous cliff heliophile communities","COD_LPEHT":"62.151","LPEHT_ES":"Rocas calcáreas con Potentilla caulescens, Saxifraga longifolia, Ramonda myconi, Asplenium fontanum, etc., del prepirineo y de las montañas catalanas","REL_EUN_LP":"L’hàbitat LPEHT es correspon totalment amb l’hàbitat EUNIS","AMENACA":1,"VGI":5,"EXCENTRICI":1,"SUP_ESTIM":1000,"PERCEN_PNT":null}},{"type":"Feature","id":"HABITATS_TERRESTPNT.81628","geometry":{"type":"MultiPoint","coordinates":[[372976.8618,4669405.7138]]},"geometry_name":"GEOMETRIA","properties":{"ID":81628,"COD_GRUP":"3","GRUP_CA":"Vegetació arbustiva i herbàcia","COD_TIPUS":"36","TIPUS_CA":"Prats (i comunitats afins) d'alta muntanya","COD_SUBTIP":"36.3","SUBTIP_CA":"Prats acidòfils d'alta muntanya","COD_CORINE":"36.311","CORINE_CA":"Prats de pèl caní (Nardus stricta), mesòfils, de l'alta muntanya pirinenca","COD_HIC":"6230*","HIC_CA":"Prats de pèl caní (Nardus stricta) dels terrenys silicis dels Pirineus","HIC_PRIOR":"Si","COD_EUNIS":"E4.311","EUNIS_EN":"Pyreneo-Alpine mesophile mat-grass swards","C_EUNIS_ES":"E4.311","EUNIS_ES":"Pyreneo-Alpine mesophile mat-grass swards","COD_LPEHT":"36.311","LPEHT_ES":"Cervunales mesófilos de la alta montaña pirenaica","REL_EUN_LP":"L’hàbitat LPEHT es correspon totalment amb l’hàbitat EUNIS","AMENACA":1,"VGI":5,"EXCENTRICI":1,"SUP_ESTIM":4000,"PERCEN_PNT":null}},{"type":"Feature","id":"HABITATS_TERRESTPNT.261274","geometry":{"type":"MultiPoint","coordinates":[[373010.6886,4669506.2587]]},"geometry_name":"GEOMETRIA","properties":{"ID":261274,"COD_GRUP":"6","GRUP_CA":"Roques, tarteres, glaceres, coves","COD_TIPUS":"61","TIPUS_CA":"Tarteres","COD_SUBTIP":"61.3","SUBTIP_CA":"Altres tarteres","COD_CORINE":"61.311","CORINE_CA":"Pedrusques calcàries, amb Stipa calamagrostis, Rumex scutatus..., de l'estatge montà poc plujós","COD_HIC":"8130","HIC_CA":"Tarteres de l'Europa meridional amb vegetació poc o molt termòfila","HIC_PRIOR":"No","COD_EUNIS":"H2.611","EUNIS_EN":"Rough-grass screes","C_EUNIS_ES":"H2.611","EUNIS_ES":"Rough-grass screes","COD_LPEHT":"61.311","LPEHT_ES":"Pedregales calcáreos, con Stipa calamagrostis, Rumex scutatus, etc., montano-subalpinos","REL_EUN_LP":"L’hàbitat LPEHT es correspon totalment amb l’hàbitat EUNIS","AMENACA":1,"VGI":6,"EXCENTRICI":2,"SUP_ESTIM":4200,"PERCEN_PNT":null}},{"type":"Feature","id":"HABITATS_TERRESTPNT.260834","geometry":{"type":"MultiPoint","coordinates":[[372228.1825,4669510.1908]]},"geometry_name":"GEOMETRIA","properties":{"ID":260834,"COD_GRUP":"6","GRUP_CA":"Roques, tarteres, glaceres, coves","COD_TIPUS":"61","TIPUS_CA":"Tarteres","COD_SUBTIP":"61.2","SUBTIP_CA":"Tarteres calcàries de llocs frescals","COD_CORINE":"61.231","CORINE_CA":"Tarteres calcàries, amb Petasites paradoxus, Gymnocarpium robertianum..., d'indrets frescals de l'estatge subalpí","COD_HIC":"8120","HIC_CA":"Tarteres calcàries dels indrets frescals de muntanya","HIC_PRIOR":"No","COD_EUNIS":"H2.431","EUNIS_EN":"Butterbur screes","C_EUNIS_ES":"H2.431","EUNIS_ES":"Butterbur screes","COD_LPEHT":"61.231","LPEHT_ES":"Canchales calcáreos, con Petasites paradoxus, Gymnocarpium robertianum, etc., de ambientes frescos del piso subalpino","REL_EUN_LP":"L’hàbitat LPEHT es correspon totalment amb l’hàbitat EUNIS","AMENACA":4,"VGI":6,"EXCENTRICI":3,"SUP_ESTIM":1000,"PERCEN_PNT":null}},{"type":"Feature","id":"HABITATS_TERRESTPNT.261224","geometry":{"type":"MultiPoint","coordinates":[[371631.4326,4669721.6223]]},"geometry_name":"GEOMETRIA","properties":{"ID":261224,"COD_GRUP":"6","GRUP_CA":"Roques, tarteres, glaceres, coves","COD_TIPUS":"62","TIPUS_CA":"Roques no litorals","COD_SUBTIP":"62.1","SUBTIP_CA":"Cingles i penyals calcaris","COD_CORINE":"62.151","CORINE_CA":"Roques calcàries, amb Potentilla caulescens, Saxifraga longifolia, Asplenium fontanum..., de l'estatge montà i de les muntanyes mediterrànies","COD_HIC":"8210","HIC_CA":"Costers rocosos calcaris amb vegetació rupícola","HIC_PRIOR":"No","COD_EUNIS":"H3.251","EUNIS_EN":"Alpine calcareous cliff heliophile communities","C_EUNIS_ES":"H3.251","EUNIS_ES":"Alpine calcareous cliff heliophile communities","COD_LPEHT":"62.151","LPEHT_ES":"Rocas calcáreas con Potentilla caulescens, Saxifraga longifolia, Ramonda myconi, Asplenium fontanum, etc., del prepirineo y de las montañas catalanas","REL_EUN_LP":"L’hàbitat LPEHT es correspon totalment amb l’hàbitat EUNIS","AMENACA":1,"VGI":5,"EXCENTRICI":1,"SUP_ESTIM":1800,"PERCEN_PNT":null}},{"type":"Feature","id":"HABITATS_TERRESTPNT.261125","geometry":{"type":"MultiPoint","coordinates":[[372413.5981,4669727.7747]]},"geometry_name":"GEOMETRIA","properties":{"ID":261125,"COD_GRUP":"6","GRUP_CA":"Roques, tarteres, glaceres, coves","COD_TIPUS":"61","TIPUS_CA":"Tarteres","COD_SUBTIP":"61.3","SUBTIP_CA":"Altres tarteres","COD_CORINE":"61.311","CORINE_CA":"Pedrusques calcàries, amb Stipa calamagrostis, Rumex scutatus..., de l'estatge montà poc plujós","COD_HIC":"8130","HIC_CA":"Tarteres de l'Europa meridional amb vegetació poc o molt termòfila","HIC_PRIOR":"No","COD_EUNIS":"H2.611","EUNIS_EN":"Rough-grass screes","C_EUNIS_ES":"H2.611","EUNIS_ES":"Rough-grass screes","COD_LPEHT":"61.311","LPEHT_ES":"Pedregales calcáreos, con Stipa calamagrostis, Rumex scutatus, etc., montano-subalpinos","REL_EUN_LP":"L’hàbitat LPEHT es correspon totalment amb l’hàbitat EUNIS","AMENACA":1,"VGI":6,"EXCENTRICI":2,"SUP_ESTIM":3200,"PERCEN_PNT":null}},{"type":"Feature","id":"HABITATS_TERRESTPNT.261007","geometry":{"type":"MultiPoint","coordinates":[[372151.6184,4669779.2376]]},"geometry_name":"GEOMETRIA","properties":{"ID":261007,"COD_GRUP":"3","GRUP_CA":"Vegetació arbustiva i herbàcia","COD_TIPUS":"34","TIPUS_CA":"Prats (i altres formacions herbàcies) basòfils, secs, de terra baixa i de la muntanya mitjana","COD_SUBTIP":"34.7","SUBTIP_CA":"Prats submediterranis","COD_CORINE":"34.7133","CORINE_CA":"Prats, sovint emmatats, d'Ononis striata, Anthyllis montana, Globularia cordifolia (lluqueta)..., calcícoles i xeròfils, de la muntanya mitjana (i de l'estatge subalpí), sobretot als Prepirineus","COD_HIC":"-","HIC_CA":null,"HIC_PRIOR":null,"COD_EUNIS":"E1.5133.ES","EUNIS_EN":"-","C_EUNIS_ES":"E1.5133.ES","EUNIS_ES":"Pastizales franco-ibéricos con Anthyllis montana, Ononis striata, Koeleria vallesiana y Festuca spp.","COD_LPEHT":"34.7133","LPEHT_ES":"Pastizales franco-ibéricos con Anthyllis montana, Ononis striata, Koeleria vallesiana y Festuca spp.","REL_EUN_LP":"L’hàbitat LPEHT es correspon totalment amb l’hàbitat EUNIS","AMENACA":1,"VGI":5,"EXCENTRICI":1,"SUP_ESTIM":2000,"PERCEN_PNT":null}},{"type":"Feature","id":"HABITATS_TERRESTPNT.261273","geometry":{"type":"MultiPoint","coordinates":[[372696.363,4669788.0405]]},"geometry_name":"GEOMETRIA","properties":{"ID":261273,"COD_GRUP":"6","GRUP_CA":"Roques, tarteres, glaceres, coves","COD_TIPUS":"61","TIPUS_CA":"Tarteres","COD_SUBTIP":"61.3","SUBTIP_CA":"Altres tarteres","COD_CORINE":"61.311","CORINE_CA":"Pedrusques calcàries, amb Stipa calamagrostis, Rumex scutatus..., de l'estatge montà poc plujós","COD_HIC":"8130","HIC_CA":"Tarteres de l'Europa meridional amb vegetació poc o molt termòfila","HIC_PRIOR":"No","COD_EUNIS":"H2.611","EUNIS_EN":"Rough-grass screes","C_EUNIS_ES":"H2.611","EUNIS_ES":"Rough-grass screes","COD_LPEHT":"61.311","LPEHT_ES":"Pedregales calcáreos, con Stipa calamagrostis, Rumex scutatus, etc., montano-subalpinos","REL_EUN_LP":"L’hàbitat LPEHT es correspon totalment amb l’hàbitat EUNIS","AMENACA":1,"VGI":6,"EXCENTRICI":2,"SUP_ESTIM":3800,"PERCEN_PNT":null}},{"type":"Feature","id":"HABITATS_TERRESTPNT.260754","geometry":{"type":"MultiPoint","coordinates":[[370628.2169,4669992.9311]]},"geometry_name":"GEOMETRIA","properties":{"ID":260754,"COD_GRUP":"6","GRUP_CA":"Roques, tarteres, glaceres, coves","COD_TIPUS":"62","TIPUS_CA":"Roques no litorals","COD_SUBTIP":"62.1","SUBTIP_CA":"Cingles i penyals calcaris","COD_CORINE":"62.151","CORINE_CA":"Roques calcàries, amb Potentilla caulescens, Saxifraga longifolia, Asplenium fontanum..., de l'estatge montà i de les muntanyes mediterrànies","COD_HIC":"8210","HIC_CA":"Costers rocosos calcaris amb vegetació rupícola","HIC_PRIOR":"No","COD_EUNIS":"H3.251","EUNIS_EN":"Alpine calcareous cliff heliophile communities","C_EUNIS_ES":"H3.251","EUNIS_ES":"Alpine calcareous cliff heliophile communities","COD_LPEHT":"62.151","LPEHT_ES":"Rocas calcáreas con Potentilla caulescens, Saxifraga longifolia, Ramonda myconi, Asplenium fontanum, etc., del prepirineo y de las montañas catalanas","REL_EUN_LP":"L’hàbitat LPEHT es correspon totalment amb l’hàbitat EUNIS","AMENACA":1,"VGI":5,"EXCENTRICI":1,"SUP_ESTIM":400,"PERCEN_PNT":null}},{"type":"Feature","id":"HABITATS_TERRESTPNT.260783","geometry":{"type":"MultiPoint","coordinates":[[370188.1497,4670025.8261]]},"geometry_name":"GEOMETRIA","properties":{"ID":260783,"COD_GRUP":"3","GRUP_CA":"Vegetació arbustiva i herbàcia","COD_TIPUS":"31","TIPUS_CA":"Bosquines i matollars de muntanya i d'ambients frescals de terra baixa","COD_SUBTIP":"31.8","SUBTIP_CA":"Bosquines, matollars i herbassars generalment preforestals o postforestals","COD_CORINE":"31.8123","CORINE_CA":"Matollars de corner (Amelanchier ovalis), boix (Buxus sempervirens), espina cervina (Rhamnus saxatilis)..., calcícoles, de costers rocosos, secs, de la muntanya mitjana","COD_HIC":"5110","HIC_CA":"Boixedes xerotermòfiles permanents, dels vessants rocosos","HIC_PRIOR":"No","COD_EUNIS":"F3.1123","EUNIS_EN":"Rock pear scrub","C_EUNIS_ES":"F3.1123","EUNIS_ES":"Rock pear scrub","COD_LPEHT":"31.8123","LPEHT_ES":"Orlas y bosquetes de guillomo (Amelanchier ovalis), en ocasiones con Cotoneaster spp.","REL_EUN_LP":"L’hàbitat LPEHT es correspon totalment amb l’hàbitat EUNIS","AMENACA":1,"VGI":4,"EXCENTRICI":2,"SUP_ESTIM":5400,"PERCEN_PNT":null}},{"type":"Feature","id":"HABITATS_TERRESTPNT.261225","geometry":{"type":"MultiPoint","coordinates":[[371448.6676,4670189.6895]]},"geometry_name":"GEOMETRIA","properties":{"ID":261225,"COD_GRUP":"3","GRUP_CA":"Vegetació arbustiva i herbàcia","COD_TIPUS":"31","TIPUS_CA":"Bosquines i matollars de muntanya i d'ambients frescals de terra baixa","COD_SUBTIP":"31.8","SUBTIP_CA":"Bosquines, matollars i herbassars generalment preforestals o postforestals","COD_CORINE":"31.8123","CORINE_CA":"Matollars de corner (Amelanchier ovalis), boix (Buxus sempervirens), espina cervina (Rhamnus saxatilis)..., calcícoles, de costers rocosos, secs, de la muntanya mitjana","COD_HIC":"5110","HIC_CA":"Boixedes xerotermòfiles permanents, dels vessants rocosos","HIC_PRIOR":"No","COD_EUNIS":"F3.1123","EUNIS_EN":"Rock pear scrub","C_EUNIS_ES":"F3.1123","EUNIS_ES":"Rock pear scrub","COD_LPEHT":"31.8123","LPEHT_ES":"Orlas y bosquetes de guillomo (Amelanchier ovalis), en ocasiones con Cotoneaster spp.","REL_EUN_LP":"L’hàbitat LPEHT es correspon totalment amb l’hàbitat EUNIS","AMENACA":1,"VGI":4,"EXCENTRICI":2,"SUP_ESTIM":7800,"PERCEN_PNT":null}},{"type":"Feature","id":"HABITATS_TERRESTPNT.260723","geometry":{"type":"MultiPoint","coordinates":[[371229.943,4670242.8286]]},"geometry_name":"GEOMETRIA","properties":{"ID":260723,"COD_GRUP":"6","GRUP_CA":"Roques, tarteres, glaceres, coves","COD_TIPUS":"62","TIPUS_CA":"Roques no litorals","COD_SUBTIP":"62.1","SUBTIP_CA":"Cingles i penyals calcaris","COD_CORINE":"62.151","CORINE_CA":"Roques calcàries, amb Potentilla caulescens, Saxifraga longifolia, Asplenium fontanum..., de l'estatge montà i de les muntanyes mediterrànies","COD_HIC":"8210","HIC_CA":"Costers rocosos calcaris amb vegetació rupícola","HIC_PRIOR":"No","COD_EUNIS":"H3.251","EUNIS_EN":"Alpine calcareous cliff heliophile communities","C_EUNIS_ES":"H3.251","EUNIS_ES":"Alpine calcareous cliff heliophile communities","COD_LPEHT":"62.151","LPEHT_ES":"Rocas calcáreas con Potentilla caulescens, Saxifraga longifolia, Ramonda myconi, Asplenium fontanum, etc., del prepirineo y de las montañas catalanas","REL_EUN_LP":"L’hàbitat LPEHT es correspon totalment amb l’hàbitat EUNIS","AMENACA":1,"VGI":5,"EXCENTRICI":1,"SUP_ESTIM":800,"PERCEN_PNT":null}},{"type":"Feature","id":"HABITATS_TERRESTPNT.261226","geometry":{"type":"MultiPoint","coordinates":[[371066.3571,4670248.3941]]},"geometry_name":"GEOMETRIA","properties":{"ID":261226,"COD_GRUP":"6","GRUP_CA":"Roques, tarteres, glaceres, coves","COD_TIPUS":"62","TIPUS_CA":"Roques no litorals","COD_SUBTIP":"62.1","SUBTIP_CA":"Cingles i penyals calcaris","COD_CORINE":"62.151","CORINE_CA":"Roques calcàries, amb Potentilla caulescens, Saxifraga longifolia, Asplenium fontanum..., de l'estatge montà i de les muntanyes mediterrànies","COD_HIC":"8210","HIC_CA":"Costers rocosos calcaris amb vegetació rupícola","HIC_PRIOR":"No","COD_EUNIS":"H3.251","EUNIS_EN":"Alpine calcareous cliff heliophile communities","C_EUNIS_ES":"H3.251","EUNIS_ES":"Alpine calcareous cliff heliophile communities","COD_LPEHT":"62.151","LPEHT_ES":"Rocas calcáreas con Potentilla caulescens, Saxifraga longifolia, Ramonda myconi, Asplenium fontanum, etc., del prepirineo y de las montañas catalanas","REL_EUN_LP":"L’hàbitat LPEHT es correspon totalment amb l’hàbitat EUNIS","AMENACA":1,"VGI":5,"EXCENTRICI":1,"SUP_ESTIM":600,"PERCEN_PNT":null}},{"type":"Feature","id":"HABITATS_TERRESTPNT.260784","geometry":{"type":"MultiPoint","coordinates":[[370686.8518,4670268.5958]]},"geometry_name":"GEOMETRIA","properties":{"ID":260784,"COD_GRUP":"3","GRUP_CA":"Vegetació arbustiva i herbàcia","COD_TIPUS":"31","TIPUS_CA":"Bosquines i matollars de muntanya i d'ambients frescals de terra baixa","COD_SUBTIP":"31.8","SUBTIP_CA":"Bosquines, matollars i herbassars generalment preforestals o postforestals","COD_CORINE":"31.8123","CORINE_CA":"Matollars de corner (Amelanchier ovalis), boix (Buxus sempervirens), espina cervina (Rhamnus saxatilis)..., calcícoles, de costers rocosos, secs, de la muntanya mitjana","COD_HIC":"5110","HIC_CA":"Boixedes xerotermòfiles permanents, dels vessants rocosos","HIC_PRIOR":"No","COD_EUNIS":"F3.1123","EUNIS_EN":"Rock pear scrub","C_EUNIS_ES":"F3.1123","EUNIS_ES":"Rock pear scrub","COD_LPEHT":"31.8123","LPEHT_ES":"Orlas y bosquetes de guillomo (Amelanchier ovalis), en ocasiones con Cotoneaster spp.","REL_EUN_LP":"L’hàbitat LPEHT es correspon totalment amb l’hàbitat EUNIS","AMENACA":1,"VGI":4,"EXCENTRICI":2,"SUP_ESTIM":2800,"PERCEN_PNT":null}},{"type":"Feature","id":"HABITATS_TERRESTPNT.263469","geometry":{"type":"MultiPoint","coordinates":[[370185.2014,4670373.327]]},"geometry_name":"GEOMETRIA","properties":{"ID":263469,"COD_GRUP":"3","GRUP_CA":"Vegetació arbustiva i herbàcia","COD_TIPUS":"34","TIPUS_CA":"Prats (i altres formacions herbàcies) basòfils, secs, de terra baixa i de la muntanya mitjana","COD_SUBTIP":"34.7","SUBTIP_CA":"Prats submediterranis","COD_CORINE":"34.721","CORINE_CA":"Joncedes (prats, sovint emmatats, d'Aphyllanthes monspeliensis), calcícoles, de les contrades mediterrànies i de la muntanya mitjana poc plujosa","COD_HIC":"-","HIC_CA":null,"HIC_PRIOR":null,"COD_EUNIS":"E1.52","EUNIS_EN":"Aphyllanthes grassland and supra-Mediterranean steppes","C_EUNIS_ES":"E1.52","EUNIS_ES":"[Aphyllanthes] grassland and supra-Mediterranean steppes","COD_LPEHT":"34.721","LPEHT_ES":"Pastos y matorrales dominados por Aphyllanthes monspeliensis, calcícolas, con Catananche caerulea, Linum narbonense, L. suffruticosum s.l., Lavandula latifolia","REL_EUN_LP":"L’hàbitat LPEHT es correspon només parcialment amb l’hàbitat EUNIS","AMENACA":1,"VGI":5,"EXCENTRICI":2,"SUP_ESTIM":7200,"PERCEN_PNT":null}},{"type":"Feature","id":"HABITATS_TERRESTPNT.81426","geometry":{"type":"MultiPoint","coordinates":[[367633.1572,4667103.3644]]},"geometry_name":"GEOMETRIA","properties":{"ID":81426,"COD_GRUP":"3","GRUP_CA":"Vegetació arbustiva i herbàcia","COD_TIPUS":"34","TIPUS_CA":"Prats (i altres formacions herbàcies) basòfils, secs, de terra baixa i de la muntanya mitjana","COD_SUBTIP":"34.7","SUBTIP_CA":"Prats submediterranis","COD_CORINE":"34.721","CORINE_CA":"Joncedes (prats, sovint emmatats, d'Aphyllanthes monspeliensis), calcícoles, de les contrades mediterrànies i de la muntanya mitjana poc plujosa","COD_HIC":"-","HIC_CA":null,"HIC_PRIOR":null,"COD_EUNIS":"E1.52","EUNIS_EN":"Aphyllanthes grassland and supra-Mediterranean steppes","C_EUNIS_ES":"E1.52","EUNIS_ES":"[Aphyllanthes] grassland and supra-Mediterranean steppes","COD_LPEHT":"34.721","LPEHT_ES":"Pastos y matorrales dominados por Aphyllanthes monspeliensis, calcícolas, con Catananche caerulea, Linum narbonense, L. suffruticosum s.l., Lavandula latifolia","REL_EUN_LP":"L’hàbitat LPEHT es correspon només parcialment amb l’hàbitat EUNIS","AMENACA":1,"VGI":5,"EXCENTRICI":2,"SUP_ESTIM":6000,"PERCEN_PNT":null}},{"type":"Feature","id":"HABITATS_TERRESTPNT.81427","geometry":{"type":"MultiPoint","coordinates":[[369908.4303,4667104.1657]]},"geometry_name":"GEOMETRIA","properties":{"ID":81427,"COD_GRUP":"3","GRUP_CA":"Vegetació arbustiva i herbàcia","COD_TIPUS":"32","TIPUS_CA":"Bosquines i matollars mediterranis i submediterranis","COD_SUBTIP":"32.6","SUBTIP_CA":"Matollars submediterranis i mediterranis muntanyencs","COD_CORINE":"32.61","CORINE_CA":"Matollars d'espígol (Lavandula angustifolia), sovint amb boix (Buxus sempervirens), ginestell (Genista cinerea)..., calcícoles, de la muntanya mitjana poc plujosa","COD_HIC":"-","HIC_CA":null,"HIC_PRIOR":null,"COD_EUNIS":"F6.61","EUNIS_EN":"Lavandula angustifolia garrigues","C_EUNIS_ES":"F6.61","EUNIS_ES":"[Lavandula angustifolia] garrigues","COD_LPEHT":"32.61","LPEHT_ES":"Matorrales de espliego (Lavandula angustifolia subsp. pyrenaica), a menudo con Buxus sempervirens, Genista ausetana, etc.","REL_EUN_LP":"L’hàbitat LPEHT es correspon totalment amb l’hàbitat EUNIS","AMENACA":3,"VGI":4,"EXCENTRICI":1,"SUP_ESTIM":20,"PERCEN_PNT":null}},{"type":"Feature","id":"HABITATS_TERRESTPNT.81208","geometry":{"type":"MultiPoint","coordinates":[[368576.134,4667311.7242]]},"geometry_name":"GEOMETRIA","properties":{"ID":81208,"COD_GRUP":"6","GRUP_CA":"Roques, tarteres, glaceres, coves","COD_TIPUS":"62","TIPUS_CA":"Roques no litorals","COD_SUBTIP":"62.1","SUBTIP_CA":"Cingles i penyals calcaris","COD_CORINE":"62.151","CORINE_CA":"Roques calcàries, amb Potentilla caulescens, Saxifraga longifolia, Asplenium fontanum..., de l'estatge montà i de les muntanyes mediterrànies","COD_HIC":"8210","HIC_CA":"Costers rocosos calcaris amb vegetació rupícola","HIC_PRIOR":"No","COD_EUNIS":"H3.251","EUNIS_EN":"Alpine calcareous cliff heliophile communities","C_EUNIS_ES":"H3.251","EUNIS_ES":"Alpine calcareous cliff heliophile communities","COD_LPEHT":"62.151","LPEHT_ES":"Rocas calcáreas con Potentilla caulescens, Saxifraga longifolia, Ramonda myconi, Asplenium fontanum, etc., del prepirineo y de las montañas catalanas","REL_EUN_LP":"L’hàbitat LPEHT es correspon totalment amb l’hàbitat EUNIS","AMENACA":1,"VGI":5,"EXCENTRICI":1,"SUP_ESTIM":8000,"PERCEN_PNT":null}},{"type":"Feature","id":"HABITATS_TERRESTPNT.81227","geometry":{"type":"MultiPoint","coordinates":[[366928.2273,4667526.7801]]},"geometry_name":"GEOMETRIA","properties":{"ID":81227,"COD_GRUP":"3","GRUP_CA":"Vegetació arbustiva i herbàcia","COD_TIPUS":"32","TIPUS_CA":"Bosquines i matollars mediterranis i submediterranis","COD_SUBTIP":"32.6","SUBTIP_CA":"Matollars submediterranis i mediterranis muntanyencs","COD_CORINE":"32.641+","CORINE_CA":"Boixedes (matollars de Buxus sempervirens) de la muntanya mitjana (i de les contrades mediterrànies)","COD_HIC":"5110","HIC_CA":"Boixedes xerotermòfiles permanents, dels vessants rocosos","HIC_PRIOR":"No","COD_EUNIS":"F6.64","EUNIS_EN":"Supra-Mediterranean Buxus sempervirens scrub","C_EUNIS_ES":"F6.64","EUNIS_ES":"Supra-Mediterranean [Buxus sempervirens] scrub","COD_LPEHT":"32.64","LPEHT_ES":"Matorrales de Buxus sempervirens de óptimo supramediterráneo","REL_EUN_LP":"L’hàbitat LPEHT es correspon totalment amb l’hàbitat EUNIS","AMENACA":1,"VGI":4,"EXCENTRICI":2,"SUP_ESTIM":5000,"PERCEN_PNT":null}},{"type":"Feature","id":"HABITATS_TERRESTPNT.81822","geometry":{"type":"MultiPoint","coordinates":[[367837.9451,4667678.4374]]},"geometry_name":"GEOMETRIA","properties":{"ID":81822,"COD_GRUP":"4","GRUP_CA":"Boscos","COD_TIPUS":"42","TIPUS_CA":"Boscos aciculifolis","COD_SUBTIP":"42.5","SUBTIP_CA":"Boscos de pi roig","COD_CORINE":"42.5E","CORINE_CA":"Pinedes de pi roig (Pinus sylvestris), o repoblacions, sense sotabosc forestal","COD_HIC":"-","HIC_CA":null,"HIC_PRIOR":null,"COD_EUNIS":"G3.4F","EUNIS_EN":"European Pinus sylvestris reforestation","C_EUNIS_ES":"G3.4F","EUNIS_ES":"European [Pinus sylvestris] reforestation","COD_LPEHT":"42.5E","LPEHT_ES":"Repoblaciones de Pinus sylvestris en el entorno de su área natural","REL_EUN_LP":"L’hàbitat LPEHT es correspon totalment amb l’hàbitat EUNIS","AMENACA":1,"VGI":1,"EXCENTRICI":2,"SUP_ESTIM":6000,"PERCEN_PNT":null}},{"type":"Feature","id":"HABITATS_TERRESTPNT.81488","geometry":{"type":"MultiPoint","coordinates":[[369980.8713,4667782.4766]]},"geometry_name":"GEOMETRIA","properties":{"ID":81488,"COD_GRUP":"3","GRUP_CA":"Vegetació arbustiva i herbàcia","COD_TIPUS":"34","TIPUS_CA":"Prats (i altres formacions herbàcies) basòfils, secs, de terra baixa i de la muntanya mitjana","COD_SUBTIP":"34.3","SUBTIP_CA":"Prats medioeuropeus (o mediterranis) dominats per herbes perennes","COD_CORINE":"34.32611+","CORINE_CA":"Prats calcícoles i mesòfils, amb Festuca nigrescens, Plantago media (plantatge), Galium verum (espunyidella groga), Cirsium acaule..., de la muntanya mitjana i de l'estatge subalpí dels Pirineus i de les terres properes","COD_HIC":"6210","HIC_CA":"Prats -i fàcies emmatades- medioeuropeus, seminaturals, sobre substrat calcari (Festuco-Brometea)","HIC_PRIOR":"No","COD_EUNIS":"E1.26611.ES","EUNIS_EN":"-","C_EUNIS_ES":"E1.26611.ES","EUNIS_ES":"Pastos calcícolas y mesófilos, con Festuca nigrescens, Plantago media, Galium verum, Cirsium acaule, etc.","COD_LPEHT":"34.32611","LPEHT_ES":"Pastos calcícolas y mesófilos, con Festuca nigrescens, Plantago media, Galium verum, Cirsium acaule, etc.","REL_EUN_LP":"L’hàbitat LPEHT es correspon totalment amb l’hàbitat EUNIS","AMENACA":1,"VGI":5,"EXCENTRICI":2,"SUP_ESTIM":300,"PERCEN_PNT":null}},{"type":"Feature","id":"HABITATS_TERRESTPNT.81497","geometry":{"type":"MultiPoint","coordinates":[[367622.3369,4667842.5993]]},"geometry_name":"GEOMETRIA","properties":{"ID":81497,"COD_GRUP":"6","GRUP_CA":"Roques, tarteres, glaceres, coves","COD_TIPUS":"62","TIPUS_CA":"Roques no litorals","COD_SUBTIP":"62.1","SUBTIP_CA":"Cingles i penyals calcaris","COD_CORINE":"62.151","CORINE_CA":"Roques calcàries, amb Potentilla caulescens, Saxifraga longifolia, Asplenium fontanum..., de l'estatge montà i de les muntanyes mediterrànies","COD_HIC":"8210","HIC_CA":"Costers rocosos calcaris amb vegetació rupícola","HIC_PRIOR":"No","COD_EUNIS":"H3.251","EUNIS_EN":"Alpine calcareous cliff heliophile communities","C_EUNIS_ES":"H3.251","EUNIS_ES":"Alpine calcareous cliff heliophile communities","COD_LPEHT":"62.151","LPEHT_ES":"Rocas calcáreas con Potentilla caulescens, Saxifraga longifolia, Ramonda myconi, Asplenium fontanum, etc., del prepirineo y de las montañas catalanas","REL_EUN_LP":"L’hàbitat LPEHT es correspon totalment amb l’hàbitat EUNIS","AMENACA":1,"VGI":5,"EXCENTRICI":1,"SUP_ESTIM":2000,"PERCEN_PNT":null}},{"type":"Feature","id":"HABITATS_TERRESTPNT.81849","geometry":{"type":"MultiPoint","coordinates":[[367564.3929,4668015.0432]]},"geometry_name":"GEOMETRIA","properties":{"ID":81849,"COD_GRUP":"3","GRUP_CA":"Vegetació arbustiva i herbàcia","COD_TIPUS":"34","TIPUS_CA":"Prats (i altres formacions herbàcies) basòfils, secs, de terra baixa i de la muntanya mitjana","COD_SUBTIP":"34.7","SUBTIP_CA":"Prats submediterranis","COD_CORINE":"34.721","CORINE_CA":"Joncedes (prats, sovint emmatats, d'Aphyllanthes monspeliensis), calcícoles, de les contrades mediterrànies i de la muntanya mitjana poc plujosa","COD_HIC":"-","HIC_CA":null,"HIC_PRIOR":null,"COD_EUNIS":"E1.52","EUNIS_EN":"Aphyllanthes grassland and supra-Mediterranean steppes","C_EUNIS_ES":"E1.52","EUNIS_ES":"[Aphyllanthes] grassland and supra-Mediterranean steppes","COD_LPEHT":"34.721","LPEHT_ES":"Pastos y matorrales dominados por Aphyllanthes monspeliensis, calcícolas, con Catananche caerulea, Linum narbonense, L. suffruticosum s.l., Lavandula latifolia","REL_EUN_LP":"L’hàbitat LPEHT es correspon només parcialment amb l’hàbitat EUNIS","AMENACA":1,"VGI":5,"EXCENTRICI":2,"SUP_ESTIM":6000,"PERCEN_PNT":null}},{"type":"Feature","id":"HABITATS_TERRESTPNT.81524","geometry":{"type":"MultiPoint","coordinates":[[368651.1436,4668258.273]]},"geometry_name":"GEOMETRIA","properties":{"ID":81524,"COD_GRUP":"6","GRUP_CA":"Roques, tarteres, glaceres, coves","COD_TIPUS":"61","TIPUS_CA":"Tarteres","COD_SUBTIP":"61.3","SUBTIP_CA":"Altres tarteres","COD_CORINE":"61.311","CORINE_CA":"Pedrusques calcàries, amb Stipa calamagrostis, Rumex scutatus..., de l'estatge montà poc plujós","COD_HIC":"8130","HIC_CA":"Tarteres de l'Europa meridional amb vegetació poc o molt termòfila","HIC_PRIOR":"No","COD_EUNIS":"H2.611","EUNIS_EN":"Rough-grass screes","C_EUNIS_ES":"H2.611","EUNIS_ES":"Rough-grass screes","COD_LPEHT":"61.311","LPEHT_ES":"Pedregales calcáreos, con Stipa calamagrostis, Rumex scutatus, etc., montano-subalpinos","REL_EUN_LP":"L’hàbitat LPEHT es correspon totalment amb l’hàbitat EUNIS","AMENACA":1,"VGI":6,"EXCENTRICI":2,"SUP_ESTIM":3000,"PERCEN_PNT":null}},{"type":"Feature","id":"HABITATS_TERRESTPNT.81534","geometry":{"type":"MultiPoint","coordinates":[[367462.8783,4668407.6709]]},"geometry_name":"GEOMETRIA","properties":{"ID":81534,"COD_GRUP":"3","GRUP_CA":"Vegetació arbustiva i herbàcia","COD_TIPUS":"34","TIPUS_CA":"Prats (i altres formacions herbàcies) basòfils, secs, de terra baixa i de la muntanya mitjana","COD_SUBTIP":"34.3","SUBTIP_CA":"Prats medioeuropeus (o mediterranis) dominats per herbes perennes","COD_CORINE":"34.32611+","CORINE_CA":"Prats calcícoles i mesòfils, amb Festuca nigrescens, Plantago media (plantatge), Galium verum (espunyidella groga), Cirsium acaule..., de la muntanya mitjana i de l'estatge subalpí dels Pirineus i de les terres properes","COD_HIC":"6210","HIC_CA":"Prats -i fàcies emmatades- medioeuropeus, seminaturals, sobre substrat calcari (Festuco-Brometea)","HIC_PRIOR":"No","COD_EUNIS":"E1.26611.ES","EUNIS_EN":"-","C_EUNIS_ES":"E1.26611.ES","EUNIS_ES":"Pastos calcícolas y mesófilos, con Festuca nigrescens, Plantago media, Galium verum, Cirsium acaule, etc.","COD_LPEHT":"34.32611","LPEHT_ES":"Pastos calcícolas y mesófilos, con Festuca nigrescens, Plantago media, Galium verum, Cirsium acaule, etc.","REL_EUN_LP":"L’hàbitat LPEHT es correspon totalment amb l’hàbitat EUNIS","AMENACA":1,"VGI":5,"EXCENTRICI":2,"SUP_ESTIM":3000,"PERCEN_PNT":null}},{"type":"Feature","id":"HABITATS_TERRESTPNT.81537","geometry":{"type":"MultiPoint","coordinates":[[368119.2252,4668461.5284]]},"geometry_name":"GEOMETRIA","properties":{"ID":81537,"COD_GRUP":"3","GRUP_CA":"Vegetació arbustiva i herbàcia","COD_TIPUS":"32","TIPUS_CA":"Bosquines i matollars mediterranis i submediterranis","COD_SUBTIP":"32.6","SUBTIP_CA":"Matollars submediterranis i mediterranis muntanyencs","COD_CORINE":"32.641+","CORINE_CA":"Boixedes (matollars de Buxus sempervirens) de la muntanya mitjana (i de les contrades mediterrànies)","COD_HIC":"5110","HIC_CA":"Boixedes xerotermòfiles permanents, dels vessants rocosos","HIC_PRIOR":"No","COD_EUNIS":"F6.64","EUNIS_EN":"Supra-Mediterranean Buxus sempervirens scrub","C_EUNIS_ES":"F6.64","EUNIS_ES":"Supra-Mediterranean [Buxus sempervirens] scrub","COD_LPEHT":"32.64","LPEHT_ES":"Matorrales de Buxus sempervirens de óptimo supramediterráneo","REL_EUN_LP":"L’hàbitat LPEHT es correspon totalment amb l’hàbitat EUNIS","AMENACA":1,"VGI":4,"EXCENTRICI":2,"SUP_ESTIM":8000,"PERCEN_PNT":null}},{"type":"Feature","id":"HABITATS_TERRESTPNT.81539","geometry":{"type":"MultiPoint","coordinates":[[369613.1705,4668491.6359]]},"geometry_name":"GEOMETRIA","properties":{"ID":81539,"COD_GRUP":"3","GRUP_CA":"Vegetació arbustiva i herbàcia","COD_TIPUS":"34","TIPUS_CA":"Prats (i altres formacions herbàcies) basòfils, secs, de terra baixa i de la muntanya mitjana","COD_SUBTIP":"34.3","SUBTIP_CA":"Prats medioeuropeus (o mediterranis) dominats per herbes perennes","COD_CORINE":"34.32611+","CORINE_CA":"Prats calcícoles i mesòfils, amb Festuca nigrescens, Plantago media (plantatge), Galium verum (espunyidella groga), Cirsium acaule..., de la muntanya mitjana i de l'estatge subalpí dels Pirineus i de les terres properes","COD_HIC":"6210","HIC_CA":"Prats -i fàcies emmatades- medioeuropeus, seminaturals, sobre substrat calcari (Festuco-Brometea)","HIC_PRIOR":"No","COD_EUNIS":"E1.26611.ES","EUNIS_EN":"-","C_EUNIS_ES":"E1.26611.ES","EUNIS_ES":"Pastos calcícolas y mesófilos, con Festuca nigrescens, Plantago media, Galium verum, Cirsium acaule, etc.","COD_LPEHT":"34.32611","LPEHT_ES":"Pastos calcícolas y mesófilos, con Festuca nigrescens, Plantago media, Galium verum, Cirsium acaule, etc.","REL_EUN_LP":"L’hàbitat LPEHT es correspon totalment amb l’hàbitat EUNIS","AMENACA":1,"VGI":5,"EXCENTRICI":2,"SUP_ESTIM":6000,"PERCEN_PNT":null}},{"type":"Feature","id":"HABITATS_TERRESTPNT.81874","geometry":{"type":"MultiPoint","coordinates":[[367233.484,4668493.396]]},"geometry_name":"GEOMETRIA","properties":{"ID":81874,"COD_GRUP":"3","GRUP_CA":"Vegetació arbustiva i herbàcia","COD_TIPUS":"31","TIPUS_CA":"Bosquines i matollars de muntanya i d'ambients frescals de terra baixa","COD_SUBTIP":"31.8","SUBTIP_CA":"Bosquines, matollars i herbassars generalment preforestals o postforestals","COD_CORINE":"31.8122","CORINE_CA":"Bardisses amb esbarzer (Rubus ulmifolius), aranyoner (Prunus spinosa), gavarreres (Rosa spp.)..., mesoxeròfiles, lligades a boscos més aviat secs, de la muntanya mitjana poc plujosa","COD_HIC":"-","HIC_CA":null,"HIC_PRIOR":null,"COD_EUNIS":"F3.1122","EUNIS_EN":"Sub-Mediterranean blackthorn-privet scrub","C_EUNIS_ES":"F3.1122","EUNIS_ES":"Sub-Mediterranean blackthorn-privet scrub","COD_LPEHT":"31.8122","LPEHT_ES":"Zarzales, espinares y orlas submediterráneas con Prunus mahaleb, Acer monspessulanum y otras especies xerotermófilas","REL_EUN_LP":"L’hàbitat LPEHT es correspon totalment amb l’hàbitat EUNIS","AMENACA":1,"VGI":2,"EXCENTRICI":1,"SUP_ESTIM":1000,"PERCEN_PNT":null}},{"type":"Feature","id":"HABITATS_TERRESTPNT.81552","geometry":{"type":"MultiPoint","coordinates":[[368139.1437,4668633.9143]]},"geometry_name":"GEOMETRIA","properties":{"ID":81552,"COD_GRUP":"6","GRUP_CA":"Roques, tarteres, glaceres, coves","COD_TIPUS":"62","TIPUS_CA":"Roques no litorals","COD_SUBTIP":"62.1","SUBTIP_CA":"Cingles i penyals calcaris","COD_CORINE":"62.151","CORINE_CA":"Roques calcàries, amb Potentilla caulescens, Saxifraga longifolia, Asplenium fontanum..., de l'estatge montà i de les muntanyes mediterrànies","COD_HIC":"8210","HIC_CA":"Costers rocosos calcaris amb vegetació rupícola","HIC_PRIOR":"No","COD_EUNIS":"H3.251","EUNIS_EN":"Alpine calcareous cliff heliophile communities","C_EUNIS_ES":"H3.251","EUNIS_ES":"Alpine calcareous cliff heliophile communities","COD_LPEHT":"62.151","LPEHT_ES":"Rocas calcáreas con Potentilla caulescens, Saxifraga longifolia, Ramonda myconi, Asplenium fontanum, etc., del prepirineo y de las montañas catalanas","REL_EUN_LP":"L’hàbitat LPEHT es correspon totalment amb l’hàbitat EUNIS","AMENACA":1,"VGI":5,"EXCENTRICI":1,"SUP_ESTIM":2000,"PERCEN_PNT":null}},{"type":"Feature","id":"HABITATS_TERRESTPNT.81884","geometry":{"type":"MultiPoint","coordinates":[[370061.2149,4668732.1118]]},"geometry_name":"GEOMETRIA","properties":{"ID":81884,"COD_GRUP":"5","GRUP_CA":"Molleres i aiguamolls","COD_TIPUS":"53","TIPUS_CA":"Vores d'aigua i hàbitats inundables","COD_SUBTIP":"53.1","SUBTIP_CA":"Canyissars i formacions anàlogues","COD_CORINE":"53.13","CORINE_CA":"Poblaments de balques (Typha spp.)","COD_HIC":"-","HIC_CA":null,"HIC_PRIOR":null,"COD_EUNIS":"C3.23","EUNIS_EN":"Reedmace (Typha) beds","C_EUNIS_ES":"C3.23","EUNIS_ES":"[Typha] beds","COD_LPEHT":"53.13","LPEHT_ES":"Formaciones de eneas (Typha spp.)","REL_EUN_LP":"L’hàbitat LPEHT es correspon amb diversos hàbitats EUNIS","AMENACA":3,"VGI":5,"EXCENTRICI":2,"SUP_ESTIM":10,"PERCEN_PNT":null}},{"type":"Feature","id":"HABITATS_TERRESTPNT.81562","geometry":{"type":"MultiPoint","coordinates":[[369330.9918,4668753.574]]},"geometry_name":"GEOMETRIA","properties":{"ID":81562,"COD_GRUP":"3","GRUP_CA":"Vegetació arbustiva i herbàcia","COD_TIPUS":"31","TIPUS_CA":"Bosquines i matollars de muntanya i d'ambients frescals de terra baixa","COD_SUBTIP":"31.8","SUBTIP_CA":"Bosquines, matollars i herbassars generalment preforestals o postforestals","COD_CORINE":"31.8123","CORINE_CA":"Matollars de corner (Amelanchier ovalis), boix (Buxus sempervirens), espina cervina (Rhamnus saxatilis)..., calcícoles, de costers rocosos, secs, de la muntanya mitjana","COD_HIC":"5110","HIC_CA":"Boixedes xerotermòfiles permanents, dels vessants rocosos","HIC_PRIOR":"No","COD_EUNIS":"F3.1123","EUNIS_EN":"Rock pear scrub","C_EUNIS_ES":"F3.1123","EUNIS_ES":"Rock pear scrub","COD_LPEHT":"31.8123","LPEHT_ES":"Orlas y bosquetes de guillomo (Amelanchier ovalis), en ocasiones con Cotoneaster spp.","REL_EUN_LP":"L’hàbitat LPEHT es correspon totalment amb l’hàbitat EUNIS","AMENACA":1,"VGI":4,"EXCENTRICI":2,"SUP_ESTIM":2000,"PERCEN_PNT":null}},{"type":"Feature","id":"HABITATS_TERRESTPNT.81566","geometry":{"type":"MultiPoint","coordinates":[[367394.1332,4668766.329]]},"geometry_name":"GEOMETRIA","properties":{"ID":81566,"COD_GRUP":"3","GRUP_CA":"Vegetació arbustiva i herbàcia","COD_TIPUS":"32","TIPUS_CA":"Bosquines i matollars mediterranis i submediterranis","COD_SUBTIP":"32.6","SUBTIP_CA":"Matollars submediterranis i mediterranis muntanyencs","COD_CORINE":"32.641+","CORINE_CA":"Boixedes (matollars de Buxus sempervirens) de la muntanya mitjana (i de les contrades mediterrànies)","COD_HIC":"5110","HIC_CA":"Boixedes xerotermòfiles permanents, dels vessants rocosos","HIC_PRIOR":"No","COD_EUNIS":"F6.64","EUNIS_EN":"Supra-Mediterranean Buxus sempervirens scrub","C_EUNIS_ES":"F6.64","EUNIS_ES":"Supra-Mediterranean [Buxus sempervirens] scrub","COD_LPEHT":"32.64","LPEHT_ES":"Matorrales de Buxus sempervirens de óptimo supramediterráneo","REL_EUN_LP":"L’hàbitat LPEHT es correspon totalment amb l’hàbitat EUNIS","AMENACA":1,"VGI":4,"EXCENTRICI":2,"SUP_ESTIM":3000,"PERCEN_PNT":null}},{"type":"Feature","id":"HABITATS_TERRESTPNT.81567","geometry":{"type":"MultiPoint","coordinates":[[367852.8258,4668773.9262]]},"geometry_name":"GEOMETRIA","properties":{"ID":81567,"COD_GRUP":"3","GRUP_CA":"Vegetació arbustiva i herbàcia","COD_TIPUS":"32","TIPUS_CA":"Bosquines i matollars mediterranis i submediterranis","COD_SUBTIP":"32.6","SUBTIP_CA":"Matollars submediterranis i mediterranis muntanyencs","COD_CORINE":"32.641+","CORINE_CA":"Boixedes (matollars de Buxus sempervirens) de la muntanya mitjana (i de les contrades mediterrànies)","COD_HIC":"5110","HIC_CA":"Boixedes xerotermòfiles permanents, dels vessants rocosos","HIC_PRIOR":"No","COD_EUNIS":"F6.64","EUNIS_EN":"Supra-Mediterranean Buxus sempervirens scrub","C_EUNIS_ES":"F6.64","EUNIS_ES":"Supra-Mediterranean [Buxus sempervirens] scrub","COD_LPEHT":"32.64","LPEHT_ES":"Matorrales de Buxus sempervirens de óptimo supramediterráneo","REL_EUN_LP":"L’hàbitat LPEHT es correspon totalment amb l’hàbitat EUNIS","AMENACA":1,"VGI":4,"EXCENTRICI":2,"SUP_ESTIM":5000,"PERCEN_PNT":null}},{"type":"Feature","id":"HABITATS_TERRESTPNT.81576","geometry":{"type":"MultiPoint","coordinates":[[368638.9679,4668853.174]]},"geometry_name":"GEOMETRIA","properties":{"ID":81576,"COD_GRUP":"3","GRUP_CA":"Vegetació arbustiva i herbàcia","COD_TIPUS":"32","TIPUS_CA":"Bosquines i matollars mediterranis i submediterranis","COD_SUBTIP":"32.6","SUBTIP_CA":"Matollars submediterranis i mediterranis muntanyencs","COD_CORINE":"32.641+","CORINE_CA":"Boixedes (matollars de Buxus sempervirens) de la muntanya mitjana (i de les contrades mediterrànies)","COD_HIC":"5110","HIC_CA":"Boixedes xerotermòfiles permanents, dels vessants rocosos","HIC_PRIOR":"No","COD_EUNIS":"F6.64","EUNIS_EN":"Supra-Mediterranean Buxus sempervirens scrub","C_EUNIS_ES":"F6.64","EUNIS_ES":"Supra-Mediterranean [Buxus sempervirens] scrub","COD_LPEHT":"32.64","LPEHT_ES":"Matorrales de Buxus sempervirens de óptimo supramediterráneo","REL_EUN_LP":"L’hàbitat LPEHT es correspon totalment amb l’hàbitat EUNIS","AMENACA":1,"VGI":4,"EXCENTRICI":2,"SUP_ESTIM":2000,"PERCEN_PNT":null}},{"type":"Feature","id":"HABITATS_TERRESTPNT.81892","geometry":{"type":"MultiPoint","coordinates":[[368728.8264,4669024.6952]]},"geometry_name":"GEOMETRIA","properties":{"ID":81892,"COD_GRUP":"3","GRUP_CA":"Vegetació arbustiva i herbàcia","COD_TIPUS":"31","TIPUS_CA":"Bosquines i matollars de muntanya i d'ambients frescals de terra baixa","COD_SUBTIP":"31.8","SUBTIP_CA":"Bosquines, matollars i herbassars generalment preforestals o postforestals","COD_CORINE":"31.8122","CORINE_CA":"Bardisses amb esbarzer (Rubus ulmifolius), aranyoner (Prunus spinosa), gavarreres (Rosa spp.)..., mesoxeròfiles, lligades a boscos més aviat secs, de la muntanya mitjana poc plujosa","COD_HIC":"-","HIC_CA":null,"HIC_PRIOR":null,"COD_EUNIS":"F3.1122","EUNIS_EN":"Sub-Mediterranean blackthorn-privet scrub","C_EUNIS_ES":"F3.1122","EUNIS_ES":"Sub-Mediterranean blackthorn-privet scrub","COD_LPEHT":"31.8122","LPEHT_ES":"Zarzales, espinares y orlas submediterráneas con Prunus mahaleb, Acer monspessulanum y otras especies xerotermófilas","REL_EUN_LP":"L’hàbitat LPEHT es correspon totalment amb l’hàbitat EUNIS","AMENACA":1,"VGI":2,"EXCENTRICI":1,"SUP_ESTIM":1000,"PERCEN_PNT":null}},{"type":"Feature","id":"HABITATS_TERRESTPNT.81588","geometry":{"type":"MultiPoint","coordinates":[[369108.3445,4669059.5652]]},"geometry_name":"GEOMETRIA","properties":{"ID":81588,"COD_GRUP":"6","GRUP_CA":"Roques, tarteres, glaceres, coves","COD_TIPUS":"62","TIPUS_CA":"Roques no litorals","COD_SUBTIP":"62.1","SUBTIP_CA":"Cingles i penyals calcaris","COD_CORINE":"62.151","CORINE_CA":"Roques calcàries, amb Potentilla caulescens, Saxifraga longifolia, Asplenium fontanum..., de l'estatge montà i de les muntanyes mediterrànies","COD_HIC":"8210","HIC_CA":"Costers rocosos calcaris amb vegetació rupícola","HIC_PRIOR":"No","COD_EUNIS":"H3.251","EUNIS_EN":"Alpine calcareous cliff heliophile communities","C_EUNIS_ES":"H3.251","EUNIS_ES":"Alpine calcareous cliff heliophile communities","COD_LPEHT":"62.151","LPEHT_ES":"Rocas calcáreas con Potentilla caulescens, Saxifraga longifolia, Ramonda myconi, Asplenium fontanum, etc., del prepirineo y de las montañas catalanas","REL_EUN_LP":"L’hàbitat LPEHT es correspon totalment amb l’hàbitat EUNIS","AMENACA":1,"VGI":5,"EXCENTRICI":1,"SUP_ESTIM":2000,"PERCEN_PNT":null}},{"type":"Feature","id":"HABITATS_TERRESTPNT.81893","geometry":{"type":"MultiPoint","coordinates":[[368222.8098,4669083.0359]]},"geometry_name":"GEOMETRIA","properties":{"ID":81893,"COD_GRUP":"3","GRUP_CA":"Vegetació arbustiva i herbàcia","COD_TIPUS":"31","TIPUS_CA":"Bosquines i matollars de muntanya i d'ambients frescals de terra baixa","COD_SUBTIP":"31.8","SUBTIP_CA":"Bosquines, matollars i herbassars generalment preforestals o postforestals","COD_CORINE":"31.8122","CORINE_CA":"Bardisses amb esbarzer (Rubus ulmifolius), aranyoner (Prunus spinosa), gavarreres (Rosa spp.)..., mesoxeròfiles, lligades a boscos més aviat secs, de la muntanya mitjana poc plujosa","COD_HIC":"-","HIC_CA":null,"HIC_PRIOR":null,"COD_EUNIS":"F3.1122","EUNIS_EN":"Sub-Mediterranean blackthorn-privet scrub","C_EUNIS_ES":"F3.1122","EUNIS_ES":"Sub-Mediterranean blackthorn-privet scrub","COD_LPEHT":"31.8122","LPEHT_ES":"Zarzales, espinares y orlas submediterráneas con Prunus mahaleb, Acer monspessulanum y otras especies xerotermófilas","REL_EUN_LP":"L’hàbitat LPEHT es correspon totalment amb l’hàbitat EUNIS","AMENACA":1,"VGI":2,"EXCENTRICI":1,"SUP_ESTIM":1000,"PERCEN_PNT":null}},{"type":"Feature","id":"HABITATS_TERRESTPNT.81593","geometry":{"type":"MultiPoint","coordinates":[[370045.3682,4669086.9496]]},"geometry_name":"GEOMETRIA","properties":{"ID":81593,"COD_GRUP":"3","GRUP_CA":"Vegetació arbustiva i herbàcia","COD_TIPUS":"32","TIPUS_CA":"Bosquines i matollars mediterranis i submediterranis","COD_SUBTIP":"32.6","SUBTIP_CA":"Matollars submediterranis i mediterranis muntanyencs","COD_CORINE":"32.641+","CORINE_CA":"Boixedes (matollars de Buxus sempervirens) de la muntanya mitjana (i de les contrades mediterrànies)","COD_HIC":"5110","HIC_CA":"Boixedes xerotermòfiles permanents, dels vessants rocosos","HIC_PRIOR":"No","COD_EUNIS":"F6.64","EUNIS_EN":"Supra-Mediterranean Buxus sempervirens scrub","C_EUNIS_ES":"F6.64","EUNIS_ES":"Supra-Mediterranean [Buxus sempervirens] scrub","COD_LPEHT":"32.64","LPEHT_ES":"Matorrales de Buxus sempervirens de óptimo supramediterráneo","REL_EUN_LP":"L’hàbitat LPEHT es correspon totalment amb l’hàbitat EUNIS","AMENACA":1,"VGI":4,"EXCENTRICI":2,"SUP_ESTIM":5000,"PERCEN_PNT":null}},{"type":"Feature","id":"HABITATS_TERRESTPNT.81604","geometry":{"type":"MultiPoint","coordinates":[[369083.3413,4669178.6279]]},"geometry_name":"GEOMETRIA","properties":{"ID":81604,"COD_GRUP":"3","GRUP_CA":"Vegetació arbustiva i herbàcia","COD_TIPUS":"31","TIPUS_CA":"Bosquines i matollars de muntanya i d'ambients frescals de terra baixa","COD_SUBTIP":"31.8","SUBTIP_CA":"Bosquines, matollars i herbassars generalment preforestals o postforestals","COD_CORINE":"31.8123","CORINE_CA":"Matollars de corner (Amelanchier ovalis), boix (Buxus sempervirens), espina cervina (Rhamnus saxatilis)..., calcícoles, de costers rocosos, secs, de la muntanya mitjana","COD_HIC":"5110","HIC_CA":"Boixedes xerotermòfiles permanents, dels vessants rocosos","HIC_PRIOR":"No","COD_EUNIS":"F3.1123","EUNIS_EN":"Rock pear scrub","C_EUNIS_ES":"F3.1123","EUNIS_ES":"Rock pear scrub","COD_LPEHT":"31.8123","LPEHT_ES":"Orlas y bosquetes de guillomo (Amelanchier ovalis), en ocasiones con Cotoneaster spp.","REL_EUN_LP":"L’hàbitat LPEHT es correspon totalment amb l’hàbitat EUNIS","AMENACA":1,"VGI":4,"EXCENTRICI":2,"SUP_ESTIM":5000,"PERCEN_PNT":null}},{"type":"Feature","id":"HABITATS_TERRESTPNT.81605","geometry":{"type":"MultiPoint","coordinates":[[369409.5732,4669179.8186]]},"geometry_name":"GEOMETRIA","properties":{"ID":81605,"COD_GRUP":"6","GRUP_CA":"Roques, tarteres, glaceres, coves","COD_TIPUS":"62","TIPUS_CA":"Roques no litorals","COD_SUBTIP":"62.1","SUBTIP_CA":"Cingles i penyals calcaris","COD_CORINE":"62.151","CORINE_CA":"Roques calcàries, amb Potentilla caulescens, Saxifraga longifolia, Asplenium fontanum..., de l'estatge montà i de les muntanyes mediterrànies","COD_HIC":"8210","HIC_CA":"Costers rocosos calcaris amb vegetació rupícola","HIC_PRIOR":"No","COD_EUNIS":"H3.251","EUNIS_EN":"Alpine calcareous cliff heliophile communities","C_EUNIS_ES":"H3.251","EUNIS_ES":"Alpine calcareous cliff heliophile communities","COD_LPEHT":"62.151","LPEHT_ES":"Rocas calcáreas con Potentilla caulescens, Saxifraga longifolia, Ramonda myconi, Asplenium fontanum, etc., del prepirineo y de las montañas catalanas","REL_EUN_LP":"L’hàbitat LPEHT es correspon totalment amb l’hàbitat EUNIS","AMENACA":1,"VGI":5,"EXCENTRICI":1,"SUP_ESTIM":3000,"PERCEN_PNT":null}},{"type":"Feature","id":"HABITATS_TERRESTPNT.81898","geometry":{"type":"MultiPoint","coordinates":[[367338.1737,4669279.4894]]},"geometry_name":"GEOMETRIA","properties":{"ID":81898,"COD_GRUP":"3","GRUP_CA":"Vegetació arbustiva i herbàcia","COD_TIPUS":"31","TIPUS_CA":"Bosquines i matollars de muntanya i d'ambients frescals de terra baixa","COD_SUBTIP":"31.8","SUBTIP_CA":"Bosquines, matollars i herbassars generalment preforestals o postforestals","COD_CORINE":"31.8122","CORINE_CA":"Bardisses amb esbarzer (Rubus ulmifolius), aranyoner (Prunus spinosa), gavarreres (Rosa spp.)..., mesoxeròfiles, lligades a boscos més aviat secs, de la muntanya mitjana poc plujosa","COD_HIC":"-","HIC_CA":null,"HIC_PRIOR":null,"COD_EUNIS":"F3.1122","EUNIS_EN":"Sub-Mediterranean blackthorn-privet scrub","C_EUNIS_ES":"F3.1122","EUNIS_ES":"Sub-Mediterranean blackthorn-privet scrub","COD_LPEHT":"31.8122","LPEHT_ES":"Zarzales, espinares y orlas submediterráneas con Prunus mahaleb, Acer monspessulanum y otras especies xerotermófilas","REL_EUN_LP":"L’hàbitat LPEHT es correspon totalment amb l’hàbitat EUNIS","AMENACA":1,"VGI":2,"EXCENTRICI":1,"SUP_ESTIM":3000,"PERCEN_PNT":null}},{"type":"Feature","id":"HABITATS_TERRESTPNT.81541","geometry":{"type":"MultiPoint","coordinates":[[365003.3534,4668540.1098]]},"geometry_name":"GEOMETRIA","properties":{"ID":81541,"COD_GRUP":"6","GRUP_CA":"Roques, tarteres, glaceres, coves","COD_TIPUS":"61","TIPUS_CA":"Tarteres","COD_SUBTIP":"61.3","SUBTIP_CA":"Altres tarteres","COD_CORINE":"61.311","CORINE_CA":"Pedrusques calcàries, amb Stipa calamagrostis, Rumex scutatus..., de l'estatge montà poc plujós","COD_HIC":"8130","HIC_CA":"Tarteres de l'Europa meridional amb vegetació poc o molt termòfila","HIC_PRIOR":"No","COD_EUNIS":"H2.611","EUNIS_EN":"Rough-grass screes","C_EUNIS_ES":"H2.611","EUNIS_ES":"Rough-grass screes","COD_LPEHT":"61.311","LPEHT_ES":"Pedregales calcáreos, con Stipa calamagrostis, Rumex scutatus, etc., montano-subalpinos","REL_EUN_LP":"L’hàbitat LPEHT es correspon totalment amb l’hàbitat EUNIS","AMENACA":1,"VGI":6,"EXCENTRICI":2,"SUP_ESTIM":4500,"PERCEN_PNT":null}},{"type":"Feature","id":"HABITATS_TERRESTPNT.81224","geometry":{"type":"MultiPoint","coordinates":[[365166.3516,4667482.7307]]},"geometry_name":"GEOMETRIA","properties":{"ID":81224,"COD_GRUP":"3","GRUP_CA":"Vegetació arbustiva i herbàcia","COD_TIPUS":"34","TIPUS_CA":"Prats (i altres formacions herbàcies) basòfils, secs, de terra baixa i de la muntanya mitjana","COD_SUBTIP":"34.3","SUBTIP_CA":"Prats medioeuropeus (o mediterranis) dominats per herbes perennes","COD_CORINE":"34.32611+","CORINE_CA":"Prats calcícoles i mesòfils, amb Festuca nigrescens, Plantago media (plantatge), Galium verum (espunyidella groga), Cirsium acaule..., de la muntanya mitjana i de l'estatge subalpí dels Pirineus i de les terres properes","COD_HIC":"6210","HIC_CA":"Prats -i fàcies emmatades- medioeuropeus, seminaturals, sobre substrat calcari (Festuco-Brometea)","HIC_PRIOR":"No","COD_EUNIS":"E1.26611.ES","EUNIS_EN":"-","C_EUNIS_ES":"E1.26611.ES","EUNIS_ES":"Pastos calcícolas y mesófilos, con Festuca nigrescens, Plantago media, Galium verum, Cirsium acaule, etc.","COD_LPEHT":"34.32611","LPEHT_ES":"Pastos calcícolas y mesófilos, con Festuca nigrescens, Plantago media, Galium verum, Cirsium acaule, etc.","REL_EUN_LP":"L’hàbitat LPEHT es correspon totalment amb l’hàbitat EUNIS","AMENACA":1,"VGI":5,"EXCENTRICI":2,"SUP_ESTIM":1000,"PERCEN_PNT":null}},{"type":"Feature","id":"HABITATS_TERRESTPNT.81230","geometry":{"type":"MultiPoint","coordinates":[[365224.4455,4667544.2305]]},"geometry_name":"GEOMETRIA","properties":{"ID":81230,"COD_GRUP":"3","GRUP_CA":"Vegetació arbustiva i herbàcia","COD_TIPUS":"32","TIPUS_CA":"Bosquines i matollars mediterranis i submediterranis","COD_SUBTIP":"32.6","SUBTIP_CA":"Matollars submediterranis i mediterranis muntanyencs","COD_CORINE":"32.641+","CORINE_CA":"Boixedes (matollars de Buxus sempervirens) de la muntanya mitjana (i de les contrades mediterrànies)","COD_HIC":"5110","HIC_CA":"Boixedes xerotermòfiles permanents, dels vessants rocosos","HIC_PRIOR":"No","COD_EUNIS":"F6.64","EUNIS_EN":"Supra-Mediterranean Buxus sempervirens scrub","C_EUNIS_ES":"F6.64","EUNIS_ES":"Supra-Mediterranean [Buxus sempervirens] scrub","COD_LPEHT":"32.64","LPEHT_ES":"Matorrales de Buxus sempervirens de óptimo supramediterráneo","REL_EUN_LP":"L’hàbitat LPEHT es correspon totalment amb l’hàbitat EUNIS","AMENACA":1,"VGI":4,"EXCENTRICI":2,"SUP_ESTIM":2000,"PERCEN_PNT":null}},{"type":"Feature","id":"HABITATS_TERRESTPNT.81436","geometry":{"type":"MultiPoint","coordinates":[[365248.9017,4667180.0467]]},"geometry_name":"GEOMETRIA","properties":{"ID":81436,"COD_GRUP":"3","GRUP_CA":"Vegetació arbustiva i herbàcia","COD_TIPUS":"34","TIPUS_CA":"Prats (i altres formacions herbàcies) basòfils, secs, de terra baixa i de la muntanya mitjana","COD_SUBTIP":"34.7","SUBTIP_CA":"Prats submediterranis","COD_CORINE":"34.7133","CORINE_CA":"Prats, sovint emmatats, d'Ononis striata, Anthyllis montana, Globularia cordifolia (lluqueta)..., calcícoles i xeròfils, de la muntanya mitjana (i de l'estatge subalpí), sobretot als Prepirineus","COD_HIC":"-","HIC_CA":null,"HIC_PRIOR":null,"COD_EUNIS":"E1.5133.ES","EUNIS_EN":"-","C_EUNIS_ES":"E1.5133.ES","EUNIS_ES":"Pastizales franco-ibéricos con Anthyllis montana, Ononis striata, Koeleria vallesiana y Festuca spp.","COD_LPEHT":"34.7133","LPEHT_ES":"Pastizales franco-ibéricos con Anthyllis montana, Ononis striata, Koeleria vallesiana y Festuca spp.","REL_EUN_LP":"L’hàbitat LPEHT es correspon totalment amb l’hàbitat EUNIS","AMENACA":1,"VGI":5,"EXCENTRICI":1,"SUP_ESTIM":500,"PERCEN_PNT":null}},{"type":"Feature","id":"HABITATS_TERRESTPNT.81186","geometry":{"type":"MultiPoint","coordinates":[[365257.3684,4667073.1549]]},"geometry_name":"GEOMETRIA","properties":{"ID":81186,"COD_GRUP":"3","GRUP_CA":"Vegetació arbustiva i herbàcia","COD_TIPUS":"31","TIPUS_CA":"Bosquines i matollars de muntanya i d'ambients frescals de terra baixa","COD_SUBTIP":"31.8","SUBTIP_CA":"Bosquines, matollars i herbassars generalment preforestals o postforestals","COD_CORINE":"31.82","CORINE_CA":"Bardisses amb abundància de boix (Buxus sempervirens), calcícoles, de la muntanya mitjana poc plujosa, sobretot als Prepirineus","COD_HIC":"5110","HIC_CA":"Boixedes xerotermòfiles permanents, dels vessants rocosos","HIC_PRIOR":"No","COD_EUNIS":"F3.12","EUNIS_EN":"Buxus sempervirens thickets","C_EUNIS_ES":"F3.12","EUNIS_ES":"[Buxus sempervirens] thickets","COD_LPEHT":"31.82","LPEHT_ES":"Espinares y orlas caducifolias con boj (Buxus sempervirens)","REL_EUN_LP":"L’hàbitat LPEHT es correspon totalment amb l’hàbitat EUNIS","AMENACA":1,"VGI":3,"EXCENTRICI":2,"SUP_ESTIM":200,"PERCEN_PNT":null}},{"type":"Feature","id":"HABITATS_TERRESTPNT.81456","geometry":{"type":"MultiPoint","coordinates":[[365291.4852,4667493.5484]]},"geometry_name":"GEOMETRIA","properties":{"ID":81456,"COD_GRUP":"4","GRUP_CA":"Boscos","COD_TIPUS":"42","TIPUS_CA":"Boscos aciculifolis","COD_SUBTIP":"42.5","SUBTIP_CA":"Boscos de pi roig","COD_CORINE":"42.5E","CORINE_CA":"Pinedes de pi roig (Pinus sylvestris), o repoblacions, sense sotabosc forestal","COD_HIC":"-","HIC_CA":null,"HIC_PRIOR":null,"COD_EUNIS":"G3.4F","EUNIS_EN":"European Pinus sylvestris reforestation","C_EUNIS_ES":"G3.4F","EUNIS_ES":"European [Pinus sylvestris] reforestation","COD_LPEHT":"42.5E","LPEHT_ES":"Repoblaciones de Pinus sylvestris en el entorno de su área natural","REL_EUN_LP":"L’hàbitat LPEHT es correspon totalment amb l’hàbitat EUNIS","AMENACA":1,"VGI":1,"EXCENTRICI":2,"SUP_ESTIM":10000,"PERCEN_PNT":null}},{"type":"Feature","id":"HABITATS_TERRESTPNT.81425","geometry":{"type":"MultiPoint","coordinates":[[365514.1325,4667068.4944]]},"geometry_name":"GEOMETRIA","properties":{"ID":81425,"COD_GRUP":"3","GRUP_CA":"Vegetació arbustiva i herbàcia","COD_TIPUS":"31","TIPUS_CA":"Bosquines i matollars de muntanya i d'ambients frescals de terra baixa","COD_SUBTIP":"31.8","SUBTIP_CA":"Bosquines, matollars i herbassars generalment preforestals o postforestals","COD_CORINE":"31.8122","CORINE_CA":"Bardisses amb esbarzer (Rubus ulmifolius), aranyoner (Prunus spinosa), gavarreres (Rosa spp.)..., mesoxeròfiles, lligades a boscos més aviat secs, de la muntanya mitjana poc plujosa","COD_HIC":"-","HIC_CA":null,"HIC_PRIOR":null,"COD_EUNIS":"F3.1122","EUNIS_EN":"Sub-Mediterranean blackthorn-privet scrub","C_EUNIS_ES":"F3.1122","EUNIS_ES":"Sub-Mediterranean blackthorn-privet scrub","COD_LPEHT":"31.8122","LPEHT_ES":"Zarzales, espinares y orlas submediterráneas con Prunus mahaleb, Acer monspessulanum y otras especies xerotermófilas","REL_EUN_LP":"L’hàbitat LPEHT es correspon totalment amb l’hàbitat EUNIS","AMENACA":1,"VGI":2,"EXCENTRICI":1,"SUP_ESTIM":4000,"PERCEN_PNT":null}},{"type":"Feature","id":"HABITATS_TERRESTPNT.81545","geometry":{"type":"MultiPoint","coordinates":[[365608.1921,4668566.3036]]},"geometry_name":"GEOMETRIA","properties":{"ID":81545,"COD_GRUP":"6","GRUP_CA":"Roques, tarteres, glaceres, coves","COD_TIPUS":"62","TIPUS_CA":"Roques no litorals","COD_SUBTIP":"62.1","SUBTIP_CA":"Cingles i penyals calcaris","COD_CORINE":"62.1111","CORINE_CA":"Roques calcàries amb vegetació casmofítica, termòfila, de les contrades mediterrànies","COD_HIC":"8210","HIC_CA":"Costers rocosos calcaris amb vegetació rupícola","HIC_PRIOR":"No","COD_EUNIS":"H2.2111.ES","EUNIS_EN":"-","C_EUNIS_ES":"H3.2111.ES","EUNIS_ES":"Roquedos calcáreos y dolomíticos iberomediterráneos","COD_LPEHT":"62.1111","LPEHT_ES":"Roquedos calcáreos y dolomíticos iberomediterráneos","REL_EUN_LP":"L’hàbitat LPEHT es correspon totalment amb l’hàbitat EUNIS","AMENACA":1,"VGI":5,"EXCENTRICI":2,"SUP_ESTIM":2000,"PERCEN_PNT":null}},{"type":"Feature","id":"HABITATS_TERRESTPNT.81474","geometry":{"type":"MultiPoint","coordinates":[[365691.3856,4667644.1748]]},"geometry_name":"GEOMETRIA","properties":{"ID":81474,"COD_GRUP":"3","GRUP_CA":"Vegetació arbustiva i herbàcia","COD_TIPUS":"32","TIPUS_CA":"Bosquines i matollars mediterranis i submediterranis","COD_SUBTIP":"32.6","SUBTIP_CA":"Matollars submediterranis i mediterranis muntanyencs","COD_CORINE":"32.641+","CORINE_CA":"Boixedes (matollars de Buxus sempervirens) de la muntanya mitjana (i de les contrades mediterrànies)","COD_HIC":"5110","HIC_CA":"Boixedes xerotermòfiles permanents, dels vessants rocosos","HIC_PRIOR":"No","COD_EUNIS":"F6.64","EUNIS_EN":"Supra-Mediterranean Buxus sempervirens scrub","C_EUNIS_ES":"F6.64","EUNIS_ES":"Supra-Mediterranean [Buxus sempervirens] scrub","COD_LPEHT":"32.64","LPEHT_ES":"Matorrales de Buxus sempervirens de óptimo supramediterráneo","REL_EUN_LP":"L’hàbitat LPEHT es correspon totalment amb l’hàbitat EUNIS","AMENACA":1,"VGI":4,"EXCENTRICI":2,"SUP_ESTIM":6000,"PERCEN_PNT":null}},{"type":"Feature","id":"HABITATS_TERRESTPNT.81435","geometry":{"type":"MultiPoint","coordinates":[[365909.303,4667178.9884]]},"geometry_name":"GEOMETRIA","properties":{"ID":81435,"COD_GRUP":"8","GRUP_CA":"Terres agrícoles i àrees antròpiques","COD_TIPUS":"83","TIPUS_CA":"Conreus llenyosos i plantacions d'arbres","COD_SUBTIP":"83.3","SUBTIP_CA":"Plantacions d'arbres","COD_CORINE":"83.324","CORINE_CA":"Plantacions i formacions subspontànies de Robinia pseudoacacia","COD_HIC":"-","HIC_CA":null,"HIC_PRIOR":null,"COD_EUNIS":"G1.C3","EUNIS_EN":"Robinia plantations","C_EUNIS_ES":"G1.C3","EUNIS_ES":"[Robinia] plantations","COD_LPEHT":"83.324","LPEHT_ES":"Plantaciones y bosquetes subespontáneos de Robinia pseudacacia","REL_EUN_LP":"L’hàbitat LPEHT es correspon totalment amb l’hàbitat EUNIS","AMENACA":0,"VGI":0,"EXCENTRICI":0,"SUP_ESTIM":200,"PERCEN_PNT":null}},{"type":"Feature","id":"HABITATS_TERRESTPNT.81431","geometry":{"type":"MultiPoint","coordinates":[[365914.5947,4667153.5884]]},"geometry_name":"GEOMETRIA","properties":{"ID":81431,"COD_GRUP":"3","GRUP_CA":"Vegetació arbustiva i herbàcia","COD_TIPUS":"37","TIPUS_CA":"Herbassars, jonqueres i prats humits","COD_SUBTIP":"37.2","SUBTIP_CA":"Jonqueres i herbassars humits eutròfics, medioeuropeus","COD_CORINE":"37.241","CORINE_CA":"Jonqueres subnitròfiles, de sòls calcigats i temporalment inundats, de la muntanya mitjana","COD_HIC":"-","HIC_CA":null,"HIC_PRIOR":null,"COD_EUNIS":"E3.441","EUNIS_EN":"Tall rush pastures","C_EUNIS_ES":"E3.441","EUNIS_ES":"Tall rush pastures","COD_LPEHT":"37.241","LPEHT_ES":"Juncales subnitrófilos con Juncus conglomeratus, J. inflexus, J. effusus de ambientes intensamente pastoreados","REL_EUN_LP":"L’hàbitat LPEHT es correspon totalment amb l’hàbitat EUNIS","AMENACA":1,"VGI":4,"EXCENTRICI":2,"SUP_ESTIM":25,"PERCEN_PNT":null}},{"type":"Feature","id":"HABITATS_TERRESTPNT.81185","geometry":{"type":"MultiPoint","coordinates":[[365914.5947,4667071.0382]]},"geometry_name":"GEOMETRIA","properties":{"ID":81185,"COD_GRUP":"3","GRUP_CA":"Vegetació arbustiva i herbàcia","COD_TIPUS":"34","TIPUS_CA":"Prats (i altres formacions herbàcies) basòfils, secs, de terra baixa i de la muntanya mitjana","COD_SUBTIP":"34.3","SUBTIP_CA":"Prats medioeuropeus (o mediterranis) dominats per herbes perennes","COD_CORINE":"34.32611+","CORINE_CA":"Prats calcícoles i mesòfils, amb Festuca nigrescens, Plantago media (plantatge), Galium verum (espunyidella groga), Cirsium acaule..., de la muntanya mitjana i de l'estatge subalpí dels Pirineus i de les terres properes","COD_HIC":"6210","HIC_CA":"Prats -i fàcies emmatades- medioeuropeus, seminaturals, sobre substrat calcari (Festuco-Brometea)","HIC_PRIOR":"No","COD_EUNIS":"E1.26611.ES","EUNIS_EN":"-","C_EUNIS_ES":"E1.26611.ES","EUNIS_ES":"Pastos calcícolas y mesófilos, con Festuca nigrescens, Plantago media, Galium verum, Cirsium acaule, etc.","COD_LPEHT":"34.32611","LPEHT_ES":"Pastos calcícolas y mesófilos, con Festuca nigrescens, Plantago media, Galium verum, Cirsium acaule, etc.","REL_EUN_LP":"L’hàbitat LPEHT es correspon totalment amb l’hàbitat EUNIS","AMENACA":1,"VGI":5,"EXCENTRICI":2,"SUP_ESTIM":1000,"PERCEN_PNT":null}},{"type":"Feature","id":"HABITATS_TERRESTPNT.81490","geometry":{"type":"MultiPoint","coordinates":[[365973.7147,4667787.6333]]},"geometry_name":"GEOMETRIA","properties":{"ID":81490,"COD_GRUP":"3","GRUP_CA":"Vegetació arbustiva i herbàcia","COD_TIPUS":"32","TIPUS_CA":"Bosquines i matollars mediterranis i submediterranis","COD_SUBTIP":"32.6","SUBTIP_CA":"Matollars submediterranis i mediterranis muntanyencs","COD_CORINE":"32.641+","CORINE_CA":"Boixedes (matollars de Buxus sempervirens) de la muntanya mitjana (i de les contrades mediterrànies)","COD_HIC":"5110","HIC_CA":"Boixedes xerotermòfiles permanents, dels vessants rocosos","HIC_PRIOR":"No","COD_EUNIS":"F6.64","EUNIS_EN":"Supra-Mediterranean Buxus sempervirens scrub","C_EUNIS_ES":"F6.64","EUNIS_ES":"Supra-Mediterranean [Buxus sempervirens] scrub","COD_LPEHT":"32.64","LPEHT_ES":"Matorrales de Buxus sempervirens de óptimo supramediterráneo","REL_EUN_LP":"L’hàbitat LPEHT es correspon totalment amb l’hàbitat EUNIS","AMENACA":1,"VGI":4,"EXCENTRICI":2,"SUP_ESTIM":8000,"PERCEN_PNT":null}},{"type":"Feature","id":"HABITATS_TERRESTPNT.81821","geometry":{"type":"MultiPoint","coordinates":[[366077.2993,4667678.0956]]},"geometry_name":"GEOMETRIA","properties":{"ID":81821,"COD_GRUP":"3","GRUP_CA":"Vegetació arbustiva i herbàcia","COD_TIPUS":"34","TIPUS_CA":"Prats (i altres formacions herbàcies) basòfils, secs, de terra baixa i de la muntanya mitjana","COD_SUBTIP":"34.7","SUBTIP_CA":"Prats submediterranis","COD_CORINE":"34.721","CORINE_CA":"Joncedes (prats, sovint emmatats, d'Aphyllanthes monspeliensis), calcícoles, de les contrades mediterrànies i de la muntanya mitjana poc plujosa","COD_HIC":"-","HIC_CA":null,"HIC_PRIOR":null,"COD_EUNIS":"E1.52","EUNIS_EN":"Aphyllanthes grassland and supra-Mediterranean steppes","C_EUNIS_ES":"E1.52","EUNIS_ES":"[Aphyllanthes] grassland and supra-Mediterranean steppes","COD_LPEHT":"34.721","LPEHT_ES":"Pastos y matorrales dominados por Aphyllanthes monspeliensis, calcícolas, con Catananche caerulea, Linum narbonense, L. suffruticosum s.l., Lavandula latifolia","REL_EUN_LP":"L’hàbitat LPEHT es correspon només parcialment amb l’hàbitat EUNIS","AMENACA":1,"VGI":5,"EXCENTRICI":2,"SUP_ESTIM":8000,"PERCEN_PNT":null}},{"type":"Feature","id":"HABITATS_TERRESTPNT.81442","geometry":{"type":"MultiPoint","coordinates":[[366145.3118,4667270.0053]]},"geometry_name":"GEOMETRIA","properties":{"ID":81442,"COD_GRUP":"3","GRUP_CA":"Vegetació arbustiva i herbàcia","COD_TIPUS":"34","TIPUS_CA":"Prats (i altres formacions herbàcies) basòfils, secs, de terra baixa i de la muntanya mitjana","COD_SUBTIP":"34.3","SUBTIP_CA":"Prats medioeuropeus (o mediterranis) dominats per herbes perennes","COD_CORINE":"34.36","CORINE_CA":"Fenassars (prats de Brachypodium phoenicoides), amb Euphorbia serrata, Galium lucidum (espunyidella blanca)..., xeromesòfils, de sòls profunds de terra baixa i de la baixa muntanya mediterrània","COD_HIC":"-","HIC_CA":null,"HIC_PRIOR":null,"COD_EUNIS":"E1.2A","EUNIS_EN":"Brachypodium phoenicoides swards","C_EUNIS_ES":"E1.2A","EUNIS_ES":"[Brachypodium phoenicoides] swards","COD_LPEHT":"34.36","LPEHT_ES":"Herbazales vivaces altos, xerófilos, de suelos eutróficos, con Brachypodium phoenicoides, Elymus repens, Euphorbia serrata, Centaurea aspera, Scabiosa atropurpurea, etc.","REL_EUN_LP":"L’hàbitat LPEHT es correspon totalment amb l’hàbitat EUNIS","AMENACA":1,"VGI":4,"EXCENTRICI":2,"SUP_ESTIM":1000,"PERCEN_PNT":null}},{"type":"Feature","id":"HABITATS_TERRESTPNT.81455","geometry":{"type":"MultiPoint","coordinates":[[366207.2718,4667492.8069]]},"geometry_name":"GEOMETRIA","properties":{"ID":81455,"COD_GRUP":"4","GRUP_CA":"Boscos","COD_TIPUS":"41","TIPUS_CA":"Boscos caducifolis, planifolis","COD_SUBTIP":"41.7","SUBTIP_CA":"Rouredes submediterrànies","COD_CORINE":"41.7131+","CORINE_CA":"Boscos de roure martinenc (Quercus pubescens), calcícoles, de la muntanya mitjana, i comunitats equivalents","COD_HIC":"-","HIC_CA":null,"HIC_PRIOR":null,"COD_EUNIS":"G1.7131.ES","EUNIS_EN":"-","C_EUNIS_ES":"G1.7131.ES","EUNIS_ES":"Robledales de Quercus humilis (o híbridos) calcícolas, colinos, montanos y supramediterráneos","COD_LPEHT":"41.7131","LPEHT_ES":"Robledales de Quercus humilis (o híbridos) calcícolas, colinos, montanos y supramediterráneos","REL_EUN_LP":"L’hàbitat LPEHT es correspon totalment amb l’hàbitat EUNIS","AMENACA":1,"VGI":3,"EXCENTRICI":1,"SUP_ESTIM":10000,"PERCEN_PNT":null}},{"type":"Feature","id":"HABITATS_TERRESTPNT.81525","geometry":{"type":"MultiPoint","coordinates":[[366255.3787,4668288.124]]},"geometry_name":"GEOMETRIA","properties":{"ID":81525,"COD_GRUP":"3","GRUP_CA":"Vegetació arbustiva i herbàcia","COD_TIPUS":"34","TIPUS_CA":"Prats (i altres formacions herbàcies) basòfils, secs, de terra baixa i de la muntanya mitjana","COD_SUBTIP":"34.3","SUBTIP_CA":"Prats medioeuropeus (o mediterranis) dominats per herbes perennes","COD_CORINE":"34.32611+","CORINE_CA":"Prats calcícoles i mesòfils, amb Festuca nigrescens, Plantago media (plantatge), Galium verum (espunyidella groga), Cirsium acaule..., de la muntanya mitjana i de l'estatge subalpí dels Pirineus i de les terres properes","COD_HIC":"6210","HIC_CA":"Prats -i fàcies emmatades- medioeuropeus, seminaturals, sobre substrat calcari (Festuco-Brometea)","HIC_PRIOR":"No","COD_EUNIS":"E1.26611.ES","EUNIS_EN":"-","C_EUNIS_ES":"E1.26611.ES","EUNIS_ES":"Pastos calcícolas y mesófilos, con Festuca nigrescens, Plantago media, Galium verum, Cirsium acaule, etc.","COD_LPEHT":"34.32611","LPEHT_ES":"Pastos calcícolas y mesófilos, con Festuca nigrescens, Plantago media, Galium verum, Cirsium acaule, etc.","REL_EUN_LP":"L’hàbitat LPEHT es correspon totalment amb l’hàbitat EUNIS","AMENACA":1,"VGI":5,"EXCENTRICI":2,"SUP_ESTIM":5000,"PERCEN_PNT":null}},{"type":"Feature","id":"HABITATS_TERRESTPNT.81503","geometry":{"type":"MultiPoint","coordinates":[[366292.4205,4667920.8816]]},"geometry_name":"GEOMETRIA","properties":{"ID":81503,"COD_GRUP":"3","GRUP_CA":"Vegetació arbustiva i herbàcia","COD_TIPUS":"31","TIPUS_CA":"Bosquines i matollars de muntanya i d'ambients frescals de terra baixa","COD_SUBTIP":"31.8","SUBTIP_CA":"Bosquines, matollars i herbassars generalment preforestals o postforestals","COD_CORINE":"31.82","CORINE_CA":"Bardisses amb abundància de boix (Buxus sempervirens), calcícoles, de la muntanya mitjana poc plujosa, sobretot als Prepirineus","COD_HIC":"5110","HIC_CA":"Boixedes xerotermòfiles permanents, dels vessants rocosos","HIC_PRIOR":"No","COD_EUNIS":"F3.12","EUNIS_EN":"Buxus sempervirens thickets","C_EUNIS_ES":"F3.12","EUNIS_ES":"[Buxus sempervirens] thickets","COD_LPEHT":"31.82","LPEHT_ES":"Espinares y orlas caducifolias con boj (Buxus sempervirens)","REL_EUN_LP":"L’hàbitat LPEHT es correspon totalment amb l’hàbitat EUNIS","AMENACA":1,"VGI":3,"EXCENTRICI":2,"SUP_ESTIM":200,"PERCEN_PNT":null}},{"type":"Feature","id":"HABITATS_TERRESTPNT.81463","geometry":{"type":"MultiPoint","coordinates":[[366353.5248,4667542.3641]]},"geometry_name":"GEOMETRIA","properties":{"ID":81463,"COD_GRUP":"3","GRUP_CA":"Vegetació arbustiva i herbàcia","COD_TIPUS":"34","TIPUS_CA":"Prats (i altres formacions herbàcies) basòfils, secs, de terra baixa i de la muntanya mitjana","COD_SUBTIP":"34.7","SUBTIP_CA":"Prats submediterranis","COD_CORINE":"34.721","CORINE_CA":"Joncedes (prats, sovint emmatats, d'Aphyllanthes monspeliensis), calcícoles, de les contrades mediterrànies i de la muntanya mitjana poc plujosa","COD_HIC":"-","HIC_CA":null,"HIC_PRIOR":null,"COD_EUNIS":"E1.52","EUNIS_EN":"Aphyllanthes grassland and supra-Mediterranean steppes","C_EUNIS_ES":"E1.52","EUNIS_ES":"[Aphyllanthes] grassland and supra-Mediterranean steppes","COD_LPEHT":"34.721","LPEHT_ES":"Pastos y matorrales dominados por Aphyllanthes monspeliensis, calcícolas, con Catananche caerulea, Linum narbonense, L. suffruticosum s.l., Lavandula latifolia","REL_EUN_LP":"L’hàbitat LPEHT es correspon només parcialment amb l’hàbitat EUNIS","AMENACA":1,"VGI":5,"EXCENTRICI":2,"SUP_ESTIM":8000,"PERCEN_PNT":null}},{"type":"Feature","id":"HABITATS_TERRESTPNT.81225","geometry":{"type":"MultiPoint","coordinates":[[366391.904,4667508.1307]]},"geometry_name":"GEOMETRIA","properties":{"ID":81225,"COD_GRUP":"3","GRUP_CA":"Vegetació arbustiva i herbàcia","COD_TIPUS":"37","TIPUS_CA":"Herbassars, jonqueres i prats humits","COD_SUBTIP":"37.4","SUBTIP_CA":"Jonqueres mediterrànies","COD_CORINE":"37.4","CORINE_CA":"Jonqueres de jonc boval (Scirpus holoschoenus) i herbassars graminoides, higròfils, de terra baixa (i de la muntanya mitjana)","COD_HIC":"6420","HIC_CA":"Jonqueres i herbassars graminoides humits, mediterranis, del Molinio-Holoschoenion","HIC_PRIOR":"No","COD_EUNIS":"E3.1","EUNIS_EN":"Mediterranean tall humid grassland","C_EUNIS_ES":"E3.13.ES","EUNIS_ES":"Juncales de junco churrero (Scirpoides holoschoenus), habitualmente con Cirsium monspessulanum, C. pyrenaicum, Rubus ulmifolius, etc.","COD_LPEHT":"37.41","LPEHT_ES":"Juncales de junco churrero (Scirpoides holoschoenus), habitualmente con Cirsium monspessulanum, C. pyrenaicum, Rubus ulmifolius, etc.","REL_EUN_LP":"L’hàbitat LPEHT es correspon totalment amb l’hàbitat EUNIS","AMENACA":3,"VGI":6,"EXCENTRICI":2,"SUP_ESTIM":20,"PERCEN_PNT":null}},{"type":"Feature","id":"HABITATS_TERRESTPNT.81457","geometry":{"type":"MultiPoint","coordinates":[[366412.0124,4667506.0141]]},"geometry_name":"GEOMETRIA","properties":{"ID":81457,"COD_GRUP":"5","GRUP_CA":"Molleres i aiguamolls","COD_TIPUS":"53","TIPUS_CA":"Vores d'aigua i hàbitats inundables","COD_SUBTIP":"53.1","SUBTIP_CA":"Canyissars i formacions anàlogues","COD_CORINE":"53.112","CORINE_CA":"Canyissars de sòls rarament inundats","COD_HIC":"-","HIC_CA":null,"HIC_PRIOR":null,"COD_EUNIS":"D5.11","EUNIS_EN":"Phragmites australis beds normally without free-standing water","C_EUNIS_ES":"D5.11","EUNIS_ES":"[Phragmites australis] beds normally without free-standing water","COD_LPEHT":"53.112","LPEHT_ES":"Carrizales de Phragmites australis con inundación estacional generalmente escasa","REL_EUN_LP":"L’hàbitat LPEHT es correspon totalment amb l’hàbitat EUNIS","AMENACA":3,"VGI":4,"EXCENTRICI":2,"SUP_ESTIM":100,"PERCEN_PNT":null}},{"type":"Feature","id":"HABITATS_TERRESTPNT.81831","geometry":{"type":"MultiPoint","coordinates":[[366552.3596,4667773.3458]]},"geometry_name":"GEOMETRIA","properties":{"ID":81831,"COD_GRUP":"3","GRUP_CA":"Vegetació arbustiva i herbàcia","COD_TIPUS":"31","TIPUS_CA":"Bosquines i matollars de muntanya i d'ambients frescals de terra baixa","COD_SUBTIP":"31.8","SUBTIP_CA":"Bosquines, matollars i herbassars generalment preforestals o postforestals","COD_CORINE":"31.8122","CORINE_CA":"Bardisses amb esbarzer (Rubus ulmifolius), aranyoner (Prunus spinosa), gavarreres (Rosa spp.)..., mesoxeròfiles, lligades a boscos més aviat secs, de la muntanya mitjana poc plujosa","COD_HIC":"-","HIC_CA":null,"HIC_PRIOR":null,"COD_EUNIS":"F3.1122","EUNIS_EN":"Sub-Mediterranean blackthorn-privet scrub","C_EUNIS_ES":"F3.1122","EUNIS_ES":"Sub-Mediterranean blackthorn-privet scrub","COD_LPEHT":"31.8122","LPEHT_ES":"Zarzales, espinares y orlas submediterráneas con Prunus mahaleb, Acer monspessulanum y otras especies xerotermófilas","REL_EUN_LP":"L’hàbitat LPEHT es correspon totalment amb l’hàbitat EUNIS","AMENACA":1,"VGI":2,"EXCENTRICI":1,"SUP_ESTIM":4000,"PERCEN_PNT":null}},{"type":"Feature","id":"HABITATS_TERRESTPNT.81857","geometry":{"type":"MultiPoint","coordinates":[[366583.3159,4668140.059]]},"geometry_name":"GEOMETRIA","properties":{"ID":81857,"COD_GRUP":"4","GRUP_CA":"Boscos","COD_TIPUS":"42","TIPUS_CA":"Boscos aciculifolis","COD_SUBTIP":"42.5","SUBTIP_CA":"Boscos de pi roig","COD_CORINE":"42.5E","CORINE_CA":"Pinedes de pi roig (Pinus sylvestris), o repoblacions, sense sotabosc forestal","COD_HIC":"-","HIC_CA":null,"HIC_PRIOR":null,"COD_EUNIS":"G3.4F","EUNIS_EN":"European Pinus sylvestris reforestation","C_EUNIS_ES":"G3.4F","EUNIS_ES":"European [Pinus sylvestris] reforestation","COD_LPEHT":"42.5E","LPEHT_ES":"Repoblaciones de Pinus sylvestris en el entorno de su área natural","REL_EUN_LP":"L’hàbitat LPEHT es correspon totalment amb l’hàbitat EUNIS","AMENACA":1,"VGI":1,"EXCENTRICI":2,"SUP_ESTIM":6000,"PERCEN_PNT":null}},{"type":"Feature","id":"HABITATS_TERRESTPNT.81841","geometry":{"type":"MultiPoint","coordinates":[[366616.6535,4667923.3648]]},"geometry_name":"GEOMETRIA","properties":{"ID":81841,"COD_GRUP":"8","GRUP_CA":"Terres agrícoles i àrees antròpiques","COD_TIPUS":"82","TIPUS_CA":"Conreus herbacis","COD_SUBTIP":"82.3","SUBTIP_CA":"Conreus herbacis extensius, principalment de cereals","COD_CORINE":"82.31+","CORINE_CA":"Conreus herbacis extensius de sòls humits (sovint de regadiu o de contrades molt plujoses)","COD_HIC":"-","HIC_CA":null,"HIC_PRIOR":null,"COD_EUNIS":"I1.31.ES","EUNIS_EN":"-","C_EUNIS_ES":"I1.31.ES","EUNIS_ES":"Cultivos extensivos de suelos húmedos (de regadío, cultivos de vega o de áreas muy lluviosas)","COD_LPEHT":"82.31","LPEHT_ES":"Cultivos extensivos de suelos húmedos (de regadío, cultivos de vega o de áreas muy lluviosas)","REL_EUN_LP":"L’hàbitat LPEHT es correspon totalment amb l’hàbitat EUNIS","AMENACA":0,"VGI":0,"EXCENTRICI":0,"SUP_ESTIM":10000,"PERCEN_PNT":null}},{"type":"Feature","id":"HABITATS_TERRESTPNT.81501","geometry":{"type":"MultiPoint","coordinates":[[366661.8973,4667906.6961]]},"geometry_name":"GEOMETRIA","properties":{"ID":81501,"COD_GRUP":"3","GRUP_CA":"Vegetació arbustiva i herbàcia","COD_TIPUS":"34","TIPUS_CA":"Prats (i altres formacions herbàcies) basòfils, secs, de terra baixa i de la muntanya mitjana","COD_SUBTIP":"34.3","SUBTIP_CA":"Prats medioeuropeus (o mediterranis) dominats per herbes perennes","COD_CORINE":"34.32611+","CORINE_CA":"Prats calcícoles i mesòfils, amb Festuca nigrescens, Plantago media (plantatge), Galium verum (espunyidella groga), Cirsium acaule..., de la muntanya mitjana i de l'estatge subalpí dels Pirineus i de les terres properes","COD_HIC":"6210","HIC_CA":"Prats -i fàcies emmatades- medioeuropeus, seminaturals, sobre substrat calcari (Festuco-Brometea)","HIC_PRIOR":"No","COD_EUNIS":"E1.26611.ES","EUNIS_EN":"-","C_EUNIS_ES":"E1.26611.ES","EUNIS_ES":"Pastos calcícolas y mesófilos, con Festuca nigrescens, Plantago media, Galium verum, Cirsium acaule, etc.","COD_LPEHT":"34.32611","LPEHT_ES":"Pastos calcícolas y mesófilos, con Festuca nigrescens, Plantago media, Galium verum, Cirsium acaule, etc.","REL_EUN_LP":"L’hàbitat LPEHT es correspon totalment amb l’hàbitat EUNIS","AMENACA":1,"VGI":5,"EXCENTRICI":2,"SUP_ESTIM":2000,"PERCEN_PNT":null}},{"type":"Feature","id":"HABITATS_TERRESTPNT.81862","geometry":{"type":"MultiPoint","coordinates":[[366754.7662,4668207.9248]]},"geometry_name":"GEOMETRIA","properties":{"ID":81862,"COD_GRUP":"3","GRUP_CA":"Vegetació arbustiva i herbàcia","COD_TIPUS":"31","TIPUS_CA":"Bosquines i matollars de muntanya i d'ambients frescals de terra baixa","COD_SUBTIP":"31.8","SUBTIP_CA":"Bosquines, matollars i herbassars generalment preforestals o postforestals","COD_CORINE":"31.8122","CORINE_CA":"Bardisses amb esbarzer (Rubus ulmifolius), aranyoner (Prunus spinosa), gavarreres (Rosa spp.)..., mesoxeròfiles, lligades a boscos més aviat secs, de la muntanya mitjana poc plujosa","COD_HIC":"-","HIC_CA":null,"HIC_PRIOR":null,"COD_EUNIS":"F3.1122","EUNIS_EN":"Sub-Mediterranean blackthorn-privet scrub","C_EUNIS_ES":"F3.1122","EUNIS_ES":"Sub-Mediterranean blackthorn-privet scrub","COD_LPEHT":"31.8122","LPEHT_ES":"Zarzales, espinares y orlas submediterráneas con Prunus mahaleb, Acer monspessulanum y otras especies xerotermófilas","REL_EUN_LP":"L’hàbitat LPEHT es correspon totalment amb l’hàbitat EUNIS","AMENACA":1,"VGI":2,"EXCENTRICI":1,"SUP_ESTIM":2000,"PERCEN_PNT":null}},{"type":"Feature","id":"HABITATS_TERRESTPNT.81809","geometry":{"type":"MultiPoint","coordinates":[[375757.332,4674658.3224]]},"geometry_name":"GEOMETRIA","properties":{"ID":81809,"COD_GRUP":"6","GRUP_CA":"Roques, tarteres, glaceres, coves","COD_TIPUS":"65","TIPUS_CA":"Coves","COD_SUBTIP":"65.4","SUBTIP_CA":"Coves i avencs","COD_CORINE":"65.4","CORINE_CA":"Coves i avencs","COD_HIC":"8310","HIC_CA":"Coves no explotades pel turisme","HIC_PRIOR":"No","COD_EUNIS":"H1.23","EUNIS_EN":"Troglobiont invertebrate caves","C_EUNIS_ES":"H1.23","EUNIS_ES":"Troglobiont invertebrate caves","COD_LPEHT":"65.4","LPEHT_ES":"Cuevas con invertebrados troglobiontes","REL_EUN_LP":"L’hàbitat LPEHT es correspon totalment amb l’hàbitat EUNIS","AMENACA":1,"VGI":4,"EXCENTRICI":2,"SUP_ESTIM":1,"PERCEN_PNT":null}},{"type":"Feature","id":"HABITATS_TERRESTPNT.81967","geometry":{"type":"MultiPoint","coordinates":[[376557.5221,4674727.0206]]},"geometry_name":"GEOMETRIA","properties":{"ID":81967,"COD_GRUP":"6","GRUP_CA":"Roques, tarteres, glaceres, coves","COD_TIPUS":"61","TIPUS_CA":"Tarteres","COD_SUBTIP":"61.3","SUBTIP_CA":"Altres tarteres","COD_CORINE":"61.311","CORINE_CA":"Pedrusques calcàries, amb Stipa calamagrostis, Rumex scutatus..., de l'estatge montà poc plujós","COD_HIC":"8130","HIC_CA":"Tarteres de l'Europa meridional amb vegetació poc o molt termòfila","HIC_PRIOR":"No","COD_EUNIS":"H2.611","EUNIS_EN":"Rough-grass screes","C_EUNIS_ES":"H2.611","EUNIS_ES":"Rough-grass screes","COD_LPEHT":"61.311","LPEHT_ES":"Pedregales calcáreos, con Stipa calamagrostis, Rumex scutatus, etc., montano-subalpinos","REL_EUN_LP":"L’hàbitat LPEHT es correspon totalment amb l’hàbitat EUNIS","AMENACA":1,"VGI":6,"EXCENTRICI":2,"SUP_ESTIM":5800,"PERCEN_PNT":null}},{"type":"Feature","id":"HABITATS_TERRESTPNT.81968","geometry":{"type":"MultiPoint","coordinates":[[376738.0124,4674764.5474]]},"geometry_name":"GEOMETRIA","properties":{"ID":81968,"COD_GRUP":"6","GRUP_CA":"Roques, tarteres, glaceres, coves","COD_TIPUS":"62","TIPUS_CA":"Roques no litorals","COD_SUBTIP":"62.1","SUBTIP_CA":"Cingles i penyals calcaris","COD_CORINE":"62.151","CORINE_CA":"Roques calcàries, amb Potentilla caulescens, Saxifraga longifolia, Asplenium fontanum..., de l'estatge montà i de les muntanyes mediterrànies","COD_HIC":"8210","HIC_CA":"Costers rocosos calcaris amb vegetació rupícola","HIC_PRIOR":"No","COD_EUNIS":"H3.251","EUNIS_EN":"Alpine calcareous cliff heliophile communities","C_EUNIS_ES":"H3.251","EUNIS_ES":"Alpine calcareous cliff heliophile communities","COD_LPEHT":"62.151","LPEHT_ES":"Rocas calcáreas con Potentilla caulescens, Saxifraga longifolia, Ramonda myconi, Asplenium fontanum, etc., del prepirineo y de las montañas catalanas","REL_EUN_LP":"L’hàbitat LPEHT es correspon totalment amb l’hàbitat EUNIS","AMENACA":1,"VGI":6,"EXCENTRICI":2,"SUP_ESTIM":300,"PERCEN_PNT":null}},{"type":"Feature","id":"HABITATS_TERRESTPNT.82305","geometry":{"type":"MultiPoint","coordinates":[[376966.9769,4674791.2914]]},"geometry_name":"GEOMETRIA","properties":{"ID":82305,"COD_GRUP":"3","GRUP_CA":"Vegetació arbustiva i herbàcia","COD_TIPUS":"34","TIPUS_CA":"Prats (i altres formacions herbàcies) basòfils, secs, de terra baixa i de la muntanya mitjana","COD_SUBTIP":"34.7","SUBTIP_CA":"Prats submediterranis","COD_CORINE":"34.7133","CORINE_CA":"Prats, sovint emmatats, d'Ononis striata, Anthyllis montana, Globularia cordifolia (lluqueta)..., calcícoles i xeròfils, de la muntanya mitjana (i de l'estatge subalpí), sobretot als Prepirineus","COD_HIC":"-","HIC_CA":null,"HIC_PRIOR":null,"COD_EUNIS":"E1.5133.ES","EUNIS_EN":"-","C_EUNIS_ES":"E1.5133.ES","EUNIS_ES":"Pastizales franco-ibéricos con Anthyllis montana, Ononis striata, Koeleria vallesiana y Festuca spp.","COD_LPEHT":"34.7133","LPEHT_ES":"Pastizales franco-ibéricos con Anthyllis montana, Ononis striata, Koeleria vallesiana y Festuca spp.","REL_EUN_LP":"L’hàbitat LPEHT es correspon totalment amb l’hàbitat EUNIS","AMENACA":1,"VGI":5,"EXCENTRICI":1,"SUP_ESTIM":90,"PERCEN_PNT":null}},{"type":"Feature","id":"HABITATS_TERRESTPNT.81971","geometry":{"type":"MultiPoint","coordinates":[[377355.9593,4675136.4995]]},"geometry_name":"GEOMETRIA","properties":{"ID":81971,"COD_GRUP":"6","GRUP_CA":"Roques, tarteres, glaceres, coves","COD_TIPUS":"62","TIPUS_CA":"Roques no litorals","COD_SUBTIP":"62.1","SUBTIP_CA":"Cingles i penyals calcaris","COD_CORINE":"62.151","CORINE_CA":"Roques calcàries, amb Potentilla caulescens, Saxifraga longifolia, Asplenium fontanum..., de l'estatge montà i de les muntanyes mediterrànies","COD_HIC":"8210","HIC_CA":"Costers rocosos calcaris amb vegetació rupícola","HIC_PRIOR":"No","COD_EUNIS":"H3.251","EUNIS_EN":"Alpine calcareous cliff heliophile communities","C_EUNIS_ES":"H3.251","EUNIS_ES":"Alpine calcareous cliff heliophile communities","COD_LPEHT":"62.151","LPEHT_ES":"Rocas calcáreas con Potentilla caulescens, Saxifraga longifolia, Ramonda myconi, Asplenium fontanum, etc., del prepirineo y de las montañas catalanas","REL_EUN_LP":"L’hàbitat LPEHT es correspon totalment amb l’hàbitat EUNIS","AMENACA":1,"VGI":6,"EXCENTRICI":2,"SUP_ESTIM":1200,"PERCEN_PNT":null}},{"type":"Feature","id":"HABITATS_TERRESTPNT.82308","geometry":{"type":"MultiPoint","coordinates":[[377309.6104,4675136.96]]},"geometry_name":"GEOMETRIA","properties":{"ID":82308,"COD_GRUP":"3","GRUP_CA":"Vegetació arbustiva i herbàcia","COD_TIPUS":"31","TIPUS_CA":"Bosquines i matollars de muntanya i d'ambients frescals de terra baixa","COD_SUBTIP":"31.8","SUBTIP_CA":"Bosquines, matollars i herbassars generalment preforestals o postforestals","COD_CORINE":"31.8C1+","CORINE_CA":"Avellanoses (bosquines de Corylus avellana), mesohigròfiles, d'ambients frescals de la muntanya mitjana","COD_HIC":"-","HIC_CA":null,"HIC_PRIOR":null,"COD_EUNIS":"F3.17111.ES","EUNIS_EN":"-","C_EUNIS_ES":"F3.17111.ES","EUNIS_ES":"Avellanares mesohigrófilos de ambientes frescos del piso montano","COD_LPEHT":"31.8C111","LPEHT_ES":"Avellanares mesohigrófilos de ambientes frescos del piso montano","REL_EUN_LP":"L’hàbitat LPEHT es correspon totalment amb l’hàbitat EUNIS","AMENACA":1,"VGI":6,"EXCENTRICI":2,"SUP_ESTIM":300,"PERCEN_PNT":null}},{"type":"Feature","id":"HABITATS_TERRESTPNT.81973","geometry":{"type":"MultiPoint","coordinates":[[377172.0182,4675189.3809]]},"geometry_name":"GEOMETRIA","properties":{"ID":81973,"COD_GRUP":"6","GRUP_CA":"Roques, tarteres, glaceres, coves","COD_TIPUS":"62","TIPUS_CA":"Roques no litorals","COD_SUBTIP":"62.1","SUBTIP_CA":"Cingles i penyals calcaris","COD_CORINE":"62.151","CORINE_CA":"Roques calcàries, amb Potentilla caulescens, Saxifraga longifolia, Asplenium fontanum..., de l'estatge montà i de les muntanyes mediterrànies","COD_HIC":"8210","HIC_CA":"Costers rocosos calcaris amb vegetació rupícola","HIC_PRIOR":"No","COD_EUNIS":"H3.251","EUNIS_EN":"Alpine calcareous cliff heliophile communities","C_EUNIS_ES":"H3.251","EUNIS_ES":"Alpine calcareous cliff heliophile communities","COD_LPEHT":"62.151","LPEHT_ES":"Rocas calcáreas con Potentilla caulescens, Saxifraga longifolia, Ramonda myconi, Asplenium fontanum, etc., del prepirineo y de las montañas catalanas","REL_EUN_LP":"L’hàbitat LPEHT es correspon totalment amb l’hàbitat EUNIS","AMENACA":1,"VGI":6,"EXCENTRICI":2,"SUP_ESTIM":300,"PERCEN_PNT":null}},{"type":"Feature","id":"HABITATS_TERRESTPNT.81974","geometry":{"type":"MultiPoint","coordinates":[[377335.6429,4675267.2074]]},"geometry_name":"GEOMETRIA","properties":{"ID":81974,"COD_GRUP":"6","GRUP_CA":"Roques, tarteres, glaceres, coves","COD_TIPUS":"62","TIPUS_CA":"Roques no litorals","COD_SUBTIP":"62.1","SUBTIP_CA":"Cingles i penyals calcaris","COD_CORINE":"62.151","CORINE_CA":"Roques calcàries, amb Potentilla caulescens, Saxifraga longifolia, Asplenium fontanum..., de l'estatge montà i de les muntanyes mediterrànies","COD_HIC":"8210","HIC_CA":"Costers rocosos calcaris amb vegetació rupícola","HIC_PRIOR":"No","COD_EUNIS":"H3.251","EUNIS_EN":"Alpine calcareous cliff heliophile communities","C_EUNIS_ES":"H3.251","EUNIS_ES":"Alpine calcareous cliff heliophile communities","COD_LPEHT":"62.151","LPEHT_ES":"Rocas calcáreas con Potentilla caulescens, Saxifraga longifolia, Ramonda myconi, Asplenium fontanum, etc., del prepirineo y de las montañas catalanas","REL_EUN_LP":"L’hàbitat LPEHT es correspon totalment amb l’hàbitat EUNIS","AMENACA":1,"VGI":6,"EXCENTRICI":2,"SUP_ESTIM":7000,"PERCEN_PNT":null}},{"type":"Feature","id":"HABITATS_TERRESTPNT.261989","geometry":{"type":"MultiPoint","coordinates":[[373131.8246,4673205.5606]]},"geometry_name":"GEOMETRIA","properties":{"ID":261989,"COD_GRUP":"4","GRUP_CA":"Boscos","COD_TIPUS":"42","TIPUS_CA":"Boscos aciculifolis","COD_SUBTIP":"42.5","SUBTIP_CA":"Boscos de pi roig","COD_CORINE":"42.561","CORINE_CA":"Boscos de pi roig (Pinus sylvestris), calcícoles i mesòfils, dels obacs de l'estatge montà dels Pirineus","COD_HIC":"-","HIC_CA":null,"HIC_PRIOR":null,"COD_EUNIS":"G3.461","EUNIS_EN":"Pyrenean calcicolous mesophile Scots pine forests","C_EUNIS_ES":"G3.461","EUNIS_ES":"Pyrenean calcicolous mesophile Scots pine forests","COD_LPEHT":"42.561","LPEHT_ES":"Bosques de pino albar (Pinus sylvestris), calcícolas y mesófilos, de las umbrías del piso montano de los Pirineos","REL_EUN_LP":"L’hàbitat LPEHT es correspon totalment amb l’hàbitat EUNIS","AMENACA":1,"VGI":4,"EXCENTRICI":2,"SUP_ESTIM":9600,"PERCEN_PNT":null}},{"type":"Feature","id":"HABITATS_TERRESTPNT.81790","geometry":{"type":"MultiPoint","coordinates":[[374969.9213,4673295.6996]]},"geometry_name":"GEOMETRIA","properties":{"ID":81790,"COD_GRUP":"3","GRUP_CA":"Vegetació arbustiva i herbàcia","COD_TIPUS":"31","TIPUS_CA":"Bosquines i matollars de muntanya i d'ambients frescals de terra baixa","COD_SUBTIP":"31.8","SUBTIP_CA":"Bosquines, matollars i herbassars generalment preforestals o postforestals","COD_CORINE":"31.8123","CORINE_CA":"Matollars de corner (Amelanchier ovalis), boix (Buxus sempervirens), espina cervina (Rhamnus saxatilis)..., calcícoles, de costers rocosos, secs, de la muntanya mitjana","COD_HIC":"5110","HIC_CA":"Boixedes xerotermòfiles permanents, dels vessants rocosos","HIC_PRIOR":"No","COD_EUNIS":"F3.1123","EUNIS_EN":"Rock pear scrub","C_EUNIS_ES":"F3.1123","EUNIS_ES":"Rock pear scrub","COD_LPEHT":"31.8123","LPEHT_ES":"Orlas y bosquetes de guillomo (Amelanchier ovalis), en ocasiones con Cotoneaster spp.","REL_EUN_LP":"L’hàbitat LPEHT es correspon totalment amb l’hàbitat EUNIS","AMENACA":1,"VGI":4,"EXCENTRICI":2,"SUP_ESTIM":400,"PERCEN_PNT":null}},{"type":"Feature","id":"HABITATS_TERRESTPNT.261165","geometry":{"type":"MultiPoint","coordinates":[[373616.5725,4673318.9559]]},"geometry_name":"GEOMETRIA","properties":{"ID":261165,"COD_GRUP":"3","GRUP_CA":"Vegetació arbustiva i herbàcia","COD_TIPUS":"32","TIPUS_CA":"Bosquines i matollars mediterranis i submediterranis","COD_SUBTIP":"32.6","SUBTIP_CA":"Matollars submediterranis i mediterranis muntanyencs","COD_CORINE":"32.641+","CORINE_CA":"Boixedes (matollars de Buxus sempervirens) de la muntanya mitjana (i de les contrades mediterrànies)","COD_HIC":"5110","HIC_CA":"Boixedes xerotermòfiles permanents, dels vessants rocosos","HIC_PRIOR":"No","COD_EUNIS":"F6.64","EUNIS_EN":"Supra-Mediterranean Buxus sempervirens scrub","C_EUNIS_ES":"F6.64","EUNIS_ES":"Supra-Mediterranean [Buxus sempervirens] scrub","COD_LPEHT":"32.64","LPEHT_ES":"Matorrales de Buxus sempervirens de óptimo supramediterráneo","REL_EUN_LP":"L’hàbitat LPEHT es correspon totalment amb l’hàbitat EUNIS","AMENACA":1,"VGI":4,"EXCENTRICI":2,"SUP_ESTIM":4000,"PERCEN_PNT":null}},{"type":"Feature","id":"HABITATS_TERRESTPNT.261166","geometry":{"type":"MultiPoint","coordinates":[[373715.5269,4673413.1478]]},"geometry_name":"GEOMETRIA","properties":{"ID":261166,"COD_GRUP":"6","GRUP_CA":"Roques, tarteres, glaceres, coves","COD_TIPUS":"62","TIPUS_CA":"Roques no litorals","COD_SUBTIP":"62.1","SUBTIP_CA":"Cingles i penyals calcaris","COD_CORINE":"62.151","CORINE_CA":"Roques calcàries, amb Potentilla caulescens, Saxifraga longifolia, Asplenium fontanum..., de l'estatge montà i de les muntanyes mediterrànies","COD_HIC":"8210","HIC_CA":"Costers rocosos calcaris amb vegetació rupícola","HIC_PRIOR":"No","COD_EUNIS":"H3.251","EUNIS_EN":"Alpine calcareous cliff heliophile communities","C_EUNIS_ES":"H3.251","EUNIS_ES":"Alpine calcareous cliff heliophile communities","COD_LPEHT":"62.151","LPEHT_ES":"Rocas calcáreas con Potentilla caulescens, Saxifraga longifolia, Ramonda myconi, Asplenium fontanum, etc., del prepirineo y de las montañas catalanas","REL_EUN_LP":"L’hàbitat LPEHT es correspon totalment amb l’hàbitat EUNIS","AMENACA":1,"VGI":6,"EXCENTRICI":2,"SUP_ESTIM":500,"PERCEN_PNT":null}},{"type":"Feature","id":"HABITATS_TERRESTPNT.261822","geometry":{"type":"MultiPoint","coordinates":[[373586.9089,4673570.6864]]},"geometry_name":"GEOMETRIA","properties":{"ID":261822,"COD_GRUP":"6","GRUP_CA":"Roques, tarteres, glaceres, coves","COD_TIPUS":"61","TIPUS_CA":"Tarteres","COD_SUBTIP":"61.3","SUBTIP_CA":"Altres tarteres","COD_CORINE":"61.311","CORINE_CA":"Pedrusques calcàries, amb Stipa calamagrostis, Rumex scutatus..., de l'estatge montà poc plujós","COD_HIC":"8130","HIC_CA":"Tarteres de l'Europa meridional amb vegetació poc o molt termòfila","HIC_PRIOR":"No","COD_EUNIS":"H2.611","EUNIS_EN":"Rough-grass screes","C_EUNIS_ES":"H2.611","EUNIS_ES":"Rough-grass screes","COD_LPEHT":"61.311","LPEHT_ES":"Pedregales calcáreos, con Stipa calamagrostis, Rumex scutatus, etc., montano-subalpinos","REL_EUN_LP":"L’hàbitat LPEHT es correspon totalment amb l’hàbitat EUNIS","AMENACA":1,"VGI":6,"EXCENTRICI":2,"SUP_ESTIM":4700,"PERCEN_PNT":null}},{"type":"Feature","id":"HABITATS_TERRESTPNT.81796","geometry":{"type":"MultiPoint","coordinates":[[374465.9419,4673737.343]]},"geometry_name":"GEOMETRIA","properties":{"ID":81796,"COD_GRUP":"6","GRUP_CA":"Roques, tarteres, glaceres, coves","COD_TIPUS":"61","TIPUS_CA":"Tarteres","COD_SUBTIP":"61.3","SUBTIP_CA":"Altres tarteres","COD_CORINE":"61.311","CORINE_CA":"Pedrusques calcàries, amb Stipa calamagrostis, Rumex scutatus..., de l'estatge montà poc plujós","COD_HIC":"8130","HIC_CA":"Tarteres de l'Europa meridional amb vegetació poc o molt termòfila","HIC_PRIOR":"No","COD_EUNIS":"H2.611","EUNIS_EN":"Rough-grass screes","C_EUNIS_ES":"H2.611","EUNIS_ES":"Rough-grass screes","COD_LPEHT":"61.311","LPEHT_ES":"Pedregales calcáreos, con Stipa calamagrostis, Rumex scutatus, etc., montano-subalpinos","REL_EUN_LP":"L’hàbitat LPEHT es correspon totalment amb l’hàbitat EUNIS","AMENACA":1,"VGI":6,"EXCENTRICI":2,"SUP_ESTIM":460,"PERCEN_PNT":null}},{"type":"Feature","id":"HABITATS_TERRESTPNT.81799","geometry":{"type":"MultiPoint","coordinates":[[374909.1097,4673910.3462]]},"geometry_name":"GEOMETRIA","properties":{"ID":81799,"COD_GRUP":"3","GRUP_CA":"Vegetació arbustiva i herbàcia","COD_TIPUS":"34","TIPUS_CA":"Prats (i altres formacions herbàcies) basòfils, secs, de terra baixa i de la muntanya mitjana","COD_SUBTIP":"34.3","SUBTIP_CA":"Prats medioeuropeus (o mediterranis) dominats per herbes perennes","COD_CORINE":"34.32611+","CORINE_CA":"Prats calcícoles i mesòfils, amb Festuca nigrescens, Plantago media (plantatge), Galium verum (espunyidella groga), Cirsium acaule..., de la muntanya mitjana i de l'estatge subalpí dels Pirineus i de les terres properes","COD_HIC":"6210","HIC_CA":"Prats -i fàcies emmatades- medioeuropeus, seminaturals, sobre substrat calcari (Festuco-Brometea)","HIC_PRIOR":"No","COD_EUNIS":"E1.26611.ES","EUNIS_EN":"-","C_EUNIS_ES":"E1.26611.ES","EUNIS_ES":"Pastos calcícolas y mesófilos, con Festuca nigrescens, Plantago media, Galium verum, Cirsium acaule, etc.","COD_LPEHT":"34.32611","LPEHT_ES":"Pastos calcícolas y mesófilos, con Festuca nigrescens, Plantago media, Galium verum, Cirsium acaule, etc.","REL_EUN_LP":"L’hàbitat LPEHT es correspon totalment amb l’hàbitat EUNIS","AMENACA":1,"VGI":5,"EXCENTRICI":1,"SUP_ESTIM":3000,"PERCEN_PNT":null}},{"type":"Feature","id":"HABITATS_TERRESTPNT.81963","geometry":{"type":"MultiPoint","coordinates":[[374978.563,4673986.1495]]},"geometry_name":"GEOMETRIA","properties":{"ID":81963,"COD_GRUP":"3","GRUP_CA":"Vegetació arbustiva i herbàcia","COD_TIPUS":"34","TIPUS_CA":"Prats (i altres formacions herbàcies) basòfils, secs, de terra baixa i de la muntanya mitjana","COD_SUBTIP":"34.7","SUBTIP_CA":"Prats submediterranis","COD_CORINE":"34.7133","CORINE_CA":"Prats, sovint emmatats, d'Ononis striata, Anthyllis montana, Globularia cordifolia (lluqueta)..., calcícoles i xeròfils, de la muntanya mitjana (i de l'estatge subalpí), sobretot als Prepirineus","COD_HIC":"-","HIC_CA":null,"HIC_PRIOR":null,"COD_EUNIS":"E1.5133.ES","EUNIS_EN":"-","C_EUNIS_ES":"E1.5133.ES","EUNIS_ES":"Pastizales franco-ibéricos con Anthyllis montana, Ononis striata, Koeleria vallesiana y Festuca spp.","COD_LPEHT":"34.7133","LPEHT_ES":"Pastizales franco-ibéricos con Anthyllis montana, Ononis striata, Koeleria vallesiana y Festuca spp.","REL_EUN_LP":"L’hàbitat LPEHT es correspon totalment amb l’hàbitat EUNIS","AMENACA":1,"VGI":5,"EXCENTRICI":1,"SUP_ESTIM":900,"PERCEN_PNT":null}},{"type":"Feature","id":"HABITATS_TERRESTPNT.81802","geometry":{"type":"MultiPoint","coordinates":[[375369.7142,4674181.8006]]},"geometry_name":"GEOMETRIA","properties":{"ID":81802,"COD_GRUP":"6","GRUP_CA":"Roques, tarteres, glaceres, coves","COD_TIPUS":"62","TIPUS_CA":"Roques no litorals","COD_SUBTIP":"62.1","SUBTIP_CA":"Cingles i penyals calcaris","COD_CORINE":"62.151","CORINE_CA":"Roques calcàries, amb Potentilla caulescens, Saxifraga longifolia, Asplenium fontanum..., de l'estatge montà i de les muntanyes mediterrànies","COD_HIC":"8210","HIC_CA":"Costers rocosos calcaris amb vegetació rupícola","HIC_PRIOR":"No","COD_EUNIS":"H3.251","EUNIS_EN":"Alpine calcareous cliff heliophile communities","C_EUNIS_ES":"H3.251","EUNIS_ES":"Alpine calcareous cliff heliophile communities","COD_LPEHT":"62.151","LPEHT_ES":"Rocas calcáreas con Potentilla caulescens, Saxifraga longifolia, Ramonda myconi, Asplenium fontanum, etc., del prepirineo y de las montañas catalanas","REL_EUN_LP":"L’hàbitat LPEHT es correspon totalment amb l’hàbitat EUNIS","AMENACA":1,"VGI":6,"EXCENTRICI":2,"SUP_ESTIM":800,"PERCEN_PNT":null}},{"type":"Feature","id":"HABITATS_TERRESTPNT.81805","geometry":{"type":"MultiPoint","coordinates":[[375077.4534,4674347.228]]},"geometry_name":"GEOMETRIA","properties":{"ID":81805,"COD_GRUP":"6","GRUP_CA":"Roques, tarteres, glaceres, coves","COD_TIPUS":"62","TIPUS_CA":"Roques no litorals","COD_SUBTIP":"62.1","SUBTIP_CA":"Cingles i penyals calcaris","COD_CORINE":"62.151","CORINE_CA":"Roques calcàries, amb Potentilla caulescens, Saxifraga longifolia, Asplenium fontanum..., de l'estatge montà i de les muntanyes mediterrànies","COD_HIC":"8210","HIC_CA":"Costers rocosos calcaris amb vegetació rupícola","HIC_PRIOR":"No","COD_EUNIS":"H3.251","EUNIS_EN":"Alpine calcareous cliff heliophile communities","C_EUNIS_ES":"H3.251","EUNIS_ES":"Alpine calcareous cliff heliophile communities","COD_LPEHT":"62.151","LPEHT_ES":"Rocas calcáreas con Potentilla caulescens, Saxifraga longifolia, Ramonda myconi, Asplenium fontanum, etc., del prepirineo y de las montañas catalanas","REL_EUN_LP":"L’hàbitat LPEHT es correspon totalment amb l’hàbitat EUNIS","AMENACA":1,"VGI":6,"EXCENTRICI":2,"SUP_ESTIM":400,"PERCEN_PNT":null}},{"type":"Feature","id":"HABITATS_TERRESTPNT.81806","geometry":{"type":"MultiPoint","coordinates":[[375529.5229,4674382.7785]]},"geometry_name":"GEOMETRIA","properties":{"ID":81806,"COD_GRUP":"6","GRUP_CA":"Roques, tarteres, glaceres, coves","COD_TIPUS":"62","TIPUS_CA":"Roques no litorals","COD_SUBTIP":"62.1","SUBTIP_CA":"Cingles i penyals calcaris","COD_CORINE":"62.151","CORINE_CA":"Roques calcàries, amb Potentilla caulescens, Saxifraga longifolia, Asplenium fontanum..., de l'estatge montà i de les muntanyes mediterrànies","COD_HIC":"8210","HIC_CA":"Costers rocosos calcaris amb vegetació rupícola","HIC_PRIOR":"No","COD_EUNIS":"H3.251","EUNIS_EN":"Alpine calcareous cliff heliophile communities","C_EUNIS_ES":"H3.251","EUNIS_ES":"Alpine calcareous cliff heliophile communities","COD_LPEHT":"62.151","LPEHT_ES":"Rocas calcáreas con Potentilla caulescens, Saxifraga longifolia, Ramonda myconi, Asplenium fontanum, etc., del prepirineo y de las montañas catalanas","REL_EUN_LP":"L’hàbitat LPEHT es correspon totalment amb l’hàbitat EUNIS","AMENACA":1,"VGI":6,"EXCENTRICI":2,"SUP_ESTIM":570,"PERCEN_PNT":null}},{"type":"Feature","id":"HABITATS_TERRESTPNT.82304","geometry":{"type":"MultiPoint","coordinates":[[374883.6215,4674763.4528]]},"geometry_name":"GEOMETRIA","properties":{"ID":82304,"COD_GRUP":"3","GRUP_CA":"Vegetació arbustiva i herbàcia","COD_TIPUS":"31","TIPUS_CA":"Bosquines i matollars de muntanya i d'ambients frescals de terra baixa","COD_SUBTIP":"31.8","SUBTIP_CA":"Bosquines, matollars i herbassars generalment preforestals o postforestals","COD_CORINE":"31.8122","CORINE_CA":"Bardisses amb esbarzer (Rubus ulmifolius), aranyoner (Prunus spinosa), gavarreres (Rosa spp.)..., mesoxeròfiles, lligades a boscos més aviat secs, de la muntanya mitjana poc plujosa","COD_HIC":"-","HIC_CA":null,"HIC_PRIOR":null,"COD_EUNIS":"F3.1122","EUNIS_EN":"Sub-Mediterranean blackthorn-privet scrub","C_EUNIS_ES":"F3.1122","EUNIS_ES":"Sub-Mediterranean blackthorn-privet scrub","COD_LPEHT":"31.8122","LPEHT_ES":"Zarzales, espinares y orlas submediterráneas con Prunus mahaleb, Acer monspessulanum y otras especies xerotermófilas","REL_EUN_LP":"L’hàbitat LPEHT es correspon totalment amb l’hàbitat EUNIS","AMENACA":1,"VGI":3,"EXCENTRICI":2,"SUP_ESTIM":120,"PERCEN_PNT":null}},{"type":"Feature","id":"HABITATS_TERRESTPNT.261994","geometry":{"type":"MultiPoint","coordinates":[[373589.6429,4674821.2861]]},"geometry_name":"GEOMETRIA","properties":{"ID":261994,"COD_GRUP":"4","GRUP_CA":"Boscos","COD_TIPUS":"43","TIPUS_CA":"Boscos mixtos de caducifolis i coníferes","COD_SUBTIP":"43.7","SUBTIP_CA":"Boscos mixtos de caducifolis i coníferes","COD_CORINE":"43.7131+","CORINE_CA":"Boscos mixtos de roure martinenc (Quercus pubescens) i pi roig (Pinus sylvestris), calcícoles, de la muntanya mitjana","COD_HIC":"-","HIC_CA":null,"HIC_PRIOR":null,"COD_EUNIS":"G4.C131.ES","EUNIS_EN":"-","C_EUNIS_ES":"G4.C131.ES","EUNIS_ES":"Bosques mixtos de roble peloso (Quercus humilis) o híbridos y pino albar (Pinus sylvestris), calcícolas, montano-pirenaicos","COD_LPEHT":"43.7131","LPEHT_ES":"Bosques mixtos de roble peloso (Quercus humilis) o híbridos y pino albar (Pinus sylvestris), calcícolas, montano-pirenaicos","REL_EUN_LP":"L’hàbitat LPEHT es correspon totalment amb l’hàbitat EUNIS","AMENACA":1,"VGI":3,"EXCENTRICI":2,"SUP_ESTIM":6000,"PERCEN_PNT":null}},{"type":"Feature","id":"HABITATS_TERRESTPNT.82306","geometry":{"type":"MultiPoint","coordinates":[[375531.1905,4674851.6915]]},"geometry_name":"GEOMETRIA","properties":{"ID":82306,"COD_GRUP":"8","GRUP_CA":"Terres agrícoles i àrees antròpiques","COD_TIPUS":"82","TIPUS_CA":"Conreus herbacis","COD_SUBTIP":"82.3","SUBTIP_CA":"Conreus herbacis extensius, principalment de cereals","COD_CORINE":"82.31+","CORINE_CA":"Conreus herbacis extensius de sòls humits (sovint de regadiu o de contrades molt plujoses)","COD_HIC":"-","HIC_CA":null,"HIC_PRIOR":null,"COD_EUNIS":"I1.31.ES","EUNIS_EN":"-","C_EUNIS_ES":"I1.31.ES","EUNIS_ES":"Cultivos extensivos de suelos húmedos (de regadío, cultivos de vega o de áreas muy lluviosas)","COD_LPEHT":"82.31","LPEHT_ES":"Cultivos extensivos de suelos húmedos (de regadío, cultivos de vega o de áreas muy lluviosas)","REL_EUN_LP":"L’hàbitat LPEHT es correspon totalment amb l’hàbitat EUNIS","AMENACA":0,"VGI":0,"EXCENTRICI":0,"SUP_ESTIM":8000,"PERCEN_PNT":null}},{"type":"Feature","id":"HABITATS_TERRESTPNT.261395","geometry":{"type":"MultiPoint","coordinates":[[373724.9122,4674921.2566]]},"geometry_name":"GEOMETRIA","properties":{"ID":261395,"COD_GRUP":"8","GRUP_CA":"Terres agrícoles i àrees antròpiques","COD_TIPUS":"89","TIPUS_CA":"Ports, basses i canals artificials","COD_SUBTIP":"89.2","SUBTIP_CA":"Basses i canals artificials d'aigua","COD_CORINE":"89.23","CORINE_CA":"Basses d'aigua dolça industrials, agrícoles..., grans canals i estanys ornamentals","COD_HIC":"-","HIC_CA":null,"HIC_PRIOR":null,"COD_EUNIS":"J5.31","EUNIS_EN":"Ponds and lakes with completely man-made substrate","C_EUNIS_ES":"J5.31","EUNIS_ES":"Ponds and lakes with completely man-made substrate","COD_LPEHT":"89.23","LPEHT_ES":"Estanques de agua dulce industriales o agrícolas y lagos ornamentales","REL_EUN_LP":"L’hàbitat LPEHT es correspon amb diversos hàbitats EUNIS","AMENACA":0,"VGI":0,"EXCENTRICI":0,"SUP_ESTIM":425,"PERCEN_PNT":null}},{"type":"Feature","id":"HABITATS_TERRESTPNT.261996","geometry":{"type":"MultiPoint","coordinates":[[374280.2068,4675010.9927]]},"geometry_name":"GEOMETRIA","properties":{"ID":261996,"COD_GRUP":"2","GRUP_CA":"Aigües continentals","COD_TIPUS":"24","TIPUS_CA":"Aigües corrents","COD_SUBTIP":"24.2","SUBTIP_CA":"Codolars fluvials","COD_CORINE":"24.21","CORINE_CA":"Codolars fluvials sense vegetació","COD_HIC":"-","HIC_CA":null,"HIC_PRIOR":null,"COD_EUNIS":"C3.62","EUNIS_EN":"Unvegetated river gravel banks","C_EUNIS_ES":"C3.62","EUNIS_ES":"Unvegetated river gravel banks","COD_LPEHT":"24.21","LPEHT_ES":"Guijarrales fluviales sin vegetación","REL_EUN_LP":"L’hàbitat LPEHT es correspon amb diversos hàbitats EUNIS","AMENACA":1,"VGI":2,"EXCENTRICI":2,"SUP_ESTIM":2600,"PERCEN_PNT":null}},{"type":"Feature","id":"HABITATS_TERRESTPNT.261995","geometry":{"type":"MultiPoint","coordinates":[[373696.7994,4675154.6617]]},"geometry_name":"GEOMETRIA","properties":{"ID":261995,"COD_GRUP":"3","GRUP_CA":"Vegetació arbustiva i herbàcia","COD_TIPUS":"31","TIPUS_CA":"Bosquines i matollars de muntanya i d'ambients frescals de terra baixa","COD_SUBTIP":"31.8","SUBTIP_CA":"Bosquines, matollars i herbassars generalment preforestals o postforestals","COD_CORINE":"31.8122","CORINE_CA":"Bardisses amb esbarzer (Rubus ulmifolius), aranyoner (Prunus spinosa), gavarreres (Rosa spp.)..., mesoxeròfiles, lligades a boscos més aviat secs, de la muntanya mitjana poc plujosa","COD_HIC":"-","HIC_CA":null,"HIC_PRIOR":null,"COD_EUNIS":"F3.1122","EUNIS_EN":"Sub-Mediterranean blackthorn-privet scrub","C_EUNIS_ES":"F3.1122","EUNIS_ES":"Sub-Mediterranean blackthorn-privet scrub","COD_LPEHT":"31.8122","LPEHT_ES":"Zarzales, espinares y orlas submediterráneas con Prunus mahaleb, Acer monspessulanum y otras especies xerotermófilas","REL_EUN_LP":"L’hàbitat LPEHT es correspon totalment amb l’hàbitat EUNIS","AMENACA":1,"VGI":3,"EXCENTRICI":2,"SUP_ESTIM":2600,"PERCEN_PNT":null}},{"type":"Feature","id":"HABITATS_TERRESTPNT.260721","geometry":{"type":"MultiPoint","coordinates":[[373807.0827,4675266.869]]},"geometry_name":"GEOMETRIA","properties":{"ID":260721,"COD_GRUP":"6","GRUP_CA":"Roques, tarteres, glaceres, coves","COD_TIPUS":"62","TIPUS_CA":"Roques no litorals","COD_SUBTIP":"62.1","SUBTIP_CA":"Cingles i penyals calcaris","COD_CORINE":"62.151","CORINE_CA":"Roques calcàries, amb Potentilla caulescens, Saxifraga longifolia, Asplenium fontanum..., de l'estatge montà i de les muntanyes mediterrànies","COD_HIC":"8210","HIC_CA":"Costers rocosos calcaris amb vegetació rupícola","HIC_PRIOR":"No","COD_EUNIS":"H3.251","EUNIS_EN":"Alpine calcareous cliff heliophile communities","C_EUNIS_ES":"H3.251","EUNIS_ES":"Alpine calcareous cliff heliophile communities","COD_LPEHT":"62.151","LPEHT_ES":"Rocas calcáreas con Potentilla caulescens, Saxifraga longifolia, Ramonda myconi, Asplenium fontanum, etc., del prepirineo y de las montañas catalanas","REL_EUN_LP":"L’hàbitat LPEHT es correspon totalment amb l’hàbitat EUNIS","AMENACA":1,"VGI":6,"EXCENTRICI":2,"SUP_ESTIM":970,"PERCEN_PNT":null}},{"type":"Feature","id":"HABITATS_TERRESTPNT.261084","geometry":{"type":"MultiPoint","coordinates":[[373269.2892,4675424.3431]]},"geometry_name":"GEOMETRIA","properties":{"ID":261084,"COD_GRUP":"3","GRUP_CA":"Vegetació arbustiva i herbàcia","COD_TIPUS":"31","TIPUS_CA":"Bosquines i matollars de muntanya i d'ambients frescals de terra baixa","COD_SUBTIP":"31.8","SUBTIP_CA":"Bosquines, matollars i herbassars generalment preforestals o postforestals","COD_CORINE":"31.8122","CORINE_CA":"Bardisses amb esbarzer (Rubus ulmifolius), aranyoner (Prunus spinosa), gavarreres (Rosa spp.)..., mesoxeròfiles, lligades a boscos més aviat secs, de la muntanya mitjana poc plujosa","COD_HIC":"-","HIC_CA":null,"HIC_PRIOR":null,"COD_EUNIS":"F3.1122","EUNIS_EN":"Sub-Mediterranean blackthorn-privet scrub","C_EUNIS_ES":"F3.1122","EUNIS_ES":"Sub-Mediterranean blackthorn-privet scrub","COD_LPEHT":"31.8122","LPEHT_ES":"Zarzales, espinares y orlas submediterráneas con Prunus mahaleb, Acer monspessulanum y otras especies xerotermófilas","REL_EUN_LP":"L’hàbitat LPEHT es correspon totalment amb l’hàbitat EUNIS","AMENACA":1,"VGI":3,"EXCENTRICI":2,"SUP_ESTIM":900,"PERCEN_PNT":null}},{"type":"Feature","id":"HABITATS_TERRESTPNT.261824","geometry":{"type":"MultiPoint","coordinates":[[373376.9175,4675449.4082]]},"geometry_name":"GEOMETRIA","properties":{"ID":261824,"COD_GRUP":"6","GRUP_CA":"Roques, tarteres, glaceres, coves","COD_TIPUS":"61","TIPUS_CA":"Tarteres","COD_SUBTIP":"61.3","SUBTIP_CA":"Altres tarteres","COD_CORINE":"61.311","CORINE_CA":"Pedrusques calcàries, amb Stipa calamagrostis, Rumex scutatus..., de l'estatge montà poc plujós","COD_HIC":"8130","HIC_CA":"Tarteres de l'Europa meridional amb vegetació poc o molt termòfila","HIC_PRIOR":"No","COD_EUNIS":"H2.611","EUNIS_EN":"Rough-grass screes","C_EUNIS_ES":"H2.611","EUNIS_ES":"Rough-grass screes","COD_LPEHT":"61.311","LPEHT_ES":"Pedregales calcáreos, con Stipa calamagrostis, Rumex scutatus, etc., montano-subalpinos","REL_EUN_LP":"L’hàbitat LPEHT es correspon totalment amb l’hàbitat EUNIS","AMENACA":1,"VGI":6,"EXCENTRICI":2,"SUP_ESTIM":320,"PERCEN_PNT":null}},{"type":"Feature","id":"HABITATS_TERRESTPNT.261993","geometry":{"type":"MultiPoint","coordinates":[[373231.3964,4675875.9174]]},"geometry_name":"GEOMETRIA","properties":{"ID":261993,"COD_GRUP":"3","GRUP_CA":"Vegetació arbustiva i herbàcia","COD_TIPUS":"34","TIPUS_CA":"Prats (i altres formacions herbàcies) basòfils, secs, de terra baixa i de la muntanya mitjana","COD_SUBTIP":"34.7","SUBTIP_CA":"Prats submediterranis","COD_CORINE":"34.721","CORINE_CA":"Joncedes (prats, sovint emmatats, d'Aphyllanthes monspeliensis), calcícoles, de les contrades mediterrànies i de la muntanya mitjana poc plujosa","COD_HIC":"-","HIC_CA":null,"HIC_PRIOR":null,"COD_EUNIS":"E1.52","EUNIS_EN":"Aphyllanthes grassland and supra-Mediterranean steppes","C_EUNIS_ES":"E1.52","EUNIS_ES":"[Aphyllanthes] grassland and supra-Mediterranean steppes","COD_LPEHT":"34.721","LPEHT_ES":"Pastos y matorrales dominados por Aphyllanthes monspeliensis, calcícolas, con Catananche caerulea, Linum narbonense, L. suffruticosum s.l., Lavandula latifolia","REL_EUN_LP":"L’hàbitat LPEHT es correspon només parcialment amb l’hàbitat EUNIS","AMENACA":1,"VGI":5,"EXCENTRICI":2,"SUP_ESTIM":4900,"PERCEN_PNT":null}},{"type":"Feature","id":"HABITATS_TERRESTPNT.81771","geometry":{"type":"MultiPoint","coordinates":[[377596.1696,4672657.9315]]},"geometry_name":"GEOMETRIA","properties":{"ID":81771,"COD_GRUP":"6","GRUP_CA":"Roques, tarteres, glaceres, coves","COD_TIPUS":"65","TIPUS_CA":"Coves","COD_SUBTIP":"65.4","SUBTIP_CA":"Coves i avencs","COD_CORINE":"65.4","CORINE_CA":"Coves i avencs","COD_HIC":"8310","HIC_CA":"Coves no explotades pel turisme","HIC_PRIOR":"No","COD_EUNIS":"H1.23","EUNIS_EN":"Troglobiont invertebrate caves","C_EUNIS_ES":"H1.23","EUNIS_ES":"Troglobiont invertebrate caves","COD_LPEHT":"65.4","LPEHT_ES":"Cuevas con invertebrados troglobiontes","REL_EUN_LP":"L’hàbitat LPEHT es correspon totalment amb l’hàbitat EUNIS","AMENACA":1,"VGI":4,"EXCENTRICI":2,"SUP_ESTIM":1,"PERCEN_PNT":null}},{"type":"Feature","id":"HABITATS_TERRESTPNT.81718","geometry":{"type":"MultiPoint","coordinates":[[377650.1971,4671671.4166]]},"geometry_name":"GEOMETRIA","properties":{"ID":81718,"COD_GRUP":"6","GRUP_CA":"Roques, tarteres, glaceres, coves","COD_TIPUS":"61","TIPUS_CA":"Tarteres","COD_SUBTIP":"61.3","SUBTIP_CA":"Altres tarteres","COD_CORINE":"61.342","CORINE_CA":"Tarteres calcàries, amb Crepis pygmaea, de vessants rostos de l'alta muntanya","COD_HIC":"8130","HIC_CA":"Tarteres de l'Europa meridional amb vegetació poc o molt termòfila","HIC_PRIOR":"No","COD_EUNIS":"H2.632.ES","EUNIS_EN":"-","C_EUNIS_ES":"H2.632.ES","EUNIS_ES":"Gleras calcáreas con Crepis pygmaea de laderas empinadas de la alta montaña","COD_LPEHT":"61.342","LPEHT_ES":"Gleras calcáreas con Crepis pygmaea de laderas empinadas de la alta montaña","REL_EUN_LP":"L’hàbitat LPEHT es correspon totalment amb l’hàbitat EUNIS","AMENACA":1,"VGI":6,"EXCENTRICI":2,"SUP_ESTIM":80,"PERCEN_PNT":null}},{"type":"Feature","id":"HABITATS_TERRESTPNT.81726","geometry":{"type":"MultiPoint","coordinates":[[377694.1998,4671737.2072]]},"geometry_name":"GEOMETRIA","properties":{"ID":81726,"COD_GRUP":"3","GRUP_CA":"Vegetació arbustiva i herbàcia","COD_TIPUS":"36","TIPUS_CA":"Prats (i comunitats afins) d'alta muntanya","COD_SUBTIP":"36.3","SUBTIP_CA":"Prats acidòfils d'alta muntanya","COD_CORINE":"36.311","CORINE_CA":"Prats de pèl caní (Nardus stricta), mesòfils, de l'alta muntanya pirinenca","COD_HIC":"6230*","HIC_CA":"Prats de pèl caní (Nardus stricta) dels terrenys silicis dels Pirineus","HIC_PRIOR":"Si","COD_EUNIS":"E4.311","EUNIS_EN":"Pyreneo-Alpine mesophile mat-grass swards","C_EUNIS_ES":"E4.311","EUNIS_ES":"Pyreneo-Alpine mesophile mat-grass swards","COD_LPEHT":"36.311","LPEHT_ES":"Cervunales mesófilos de la alta montaña pirenaica","REL_EUN_LP":"L’hàbitat LPEHT es correspon totalment amb l’hàbitat EUNIS","AMENACA":1,"VGI":5,"EXCENTRICI":1,"SUP_ESTIM":300,"PERCEN_PNT":null}},{"type":"Feature","id":"HABITATS_TERRESTPNT.81727","geometry":{"type":"MultiPoint","coordinates":[[377731.2415,4671745.1447]]},"geometry_name":"GEOMETRIA","properties":{"ID":81727,"COD_GRUP":"3","GRUP_CA":"Vegetació arbustiva i herbàcia","COD_TIPUS":"34","TIPUS_CA":"Prats (i altres formacions herbàcies) basòfils, secs, de terra baixa i de la muntanya mitjana","COD_SUBTIP":"34.3","SUBTIP_CA":"Prats medioeuropeus (o mediterranis) dominats per herbes perennes","COD_CORINE":"34.32611+","CORINE_CA":"Prats calcícoles i mesòfils, amb Festuca nigrescens, Plantago media (plantatge), Galium verum (espunyidella groga), Cirsium acaule..., de la muntanya mitjana i de l'estatge subalpí dels Pirineus i de les terres properes","COD_HIC":"6210","HIC_CA":"Prats -i fàcies emmatades- medioeuropeus, seminaturals, sobre substrat calcari (Festuco-Brometea)","HIC_PRIOR":"No","COD_EUNIS":"E1.26611.ES","EUNIS_EN":"-","C_EUNIS_ES":"E1.26611.ES","EUNIS_ES":"Pastos calcícolas y mesófilos, con Festuca nigrescens, Plantago media, Galium verum, Cirsium acaule, etc.","COD_LPEHT":"34.32611","LPEHT_ES":"Pastos calcícolas y mesófilos, con Festuca nigrescens, Plantago media, Galium verum, Cirsium acaule, etc.","REL_EUN_LP":"L’hàbitat LPEHT es correspon totalment amb l’hàbitat EUNIS","AMENACA":1,"VGI":5,"EXCENTRICI":1,"SUP_ESTIM":1100,"PERCEN_PNT":null}},{"type":"Feature","id":"HABITATS_TERRESTPNT.81728","geometry":{"type":"MultiPoint","coordinates":[[377733.7791,4671749.0896]]},"geometry_name":"GEOMETRIA","properties":{"ID":81728,"COD_GRUP":"3","GRUP_CA":"Vegetació arbustiva i herbàcia","COD_TIPUS":"34","TIPUS_CA":"Prats (i altres formacions herbàcies) basòfils, secs, de terra baixa i de la muntanya mitjana","COD_SUBTIP":"34.3","SUBTIP_CA":"Prats medioeuropeus (o mediterranis) dominats per herbes perennes","COD_CORINE":"34.32611+","CORINE_CA":"Prats calcícoles i mesòfils, amb Festuca nigrescens, Plantago media (plantatge), Galium verum (espunyidella groga), Cirsium acaule..., de la muntanya mitjana i de l'estatge subalpí dels Pirineus i de les terres properes","COD_HIC":"6210","HIC_CA":"Prats -i fàcies emmatades- medioeuropeus, seminaturals, sobre substrat calcari (Festuco-Brometea)","HIC_PRIOR":"No","COD_EUNIS":"E1.26611.ES","EUNIS_EN":"-","C_EUNIS_ES":"E1.26611.ES","EUNIS_ES":"Pastos calcícolas y mesófilos, con Festuca nigrescens, Plantago media, Galium verum, Cirsium acaule, etc.","COD_LPEHT":"34.32611","LPEHT_ES":"Pastos calcícolas y mesófilos, con Festuca nigrescens, Plantago media, Galium verum, Cirsium acaule, etc.","REL_EUN_LP":"L’hàbitat LPEHT es correspon totalment amb l’hàbitat EUNIS","AMENACA":1,"VGI":5,"EXCENTRICI":1,"SUP_ESTIM":1400,"PERCEN_PNT":null}},{"type":"Feature","id":"HABITATS_TERRESTPNT.81730","geometry":{"type":"MultiPoint","coordinates":[[377776.8823,4671798.0615]]},"geometry_name":"GEOMETRIA","properties":{"ID":81730,"COD_GRUP":"6","GRUP_CA":"Roques, tarteres, glaceres, coves","COD_TIPUS":"61","TIPUS_CA":"Tarteres","COD_SUBTIP":"61.3","SUBTIP_CA":"Altres tarteres","COD_CORINE":"61.342","CORINE_CA":"Tarteres calcàries, amb Crepis pygmaea, de vessants rostos de l'alta muntanya","COD_HIC":"8130","HIC_CA":"Tarteres de l'Europa meridional amb vegetació poc o molt termòfila","HIC_PRIOR":"No","COD_EUNIS":"H2.632.ES","EUNIS_EN":"-","C_EUNIS_ES":"H2.632.ES","EUNIS_ES":"Gleras calcáreas con Crepis pygmaea de laderas empinadas de la alta montaña","COD_LPEHT":"61.342","LPEHT_ES":"Gleras calcáreas con Crepis pygmaea de laderas empinadas de la alta montaña","REL_EUN_LP":"L’hàbitat LPEHT es correspon totalment amb l’hàbitat EUNIS","AMENACA":1,"VGI":6,"EXCENTRICI":2,"SUP_ESTIM":1000,"PERCEN_PNT":null}},{"type":"Feature","id":"HABITATS_TERRESTPNT.81746","geometry":{"type":"MultiPoint","coordinates":[[376044.0746,4672072.4346]]},"geometry_name":"GEOMETRIA","properties":{"ID":81746,"COD_GRUP":"3","GRUP_CA":"Vegetació arbustiva i herbàcia","COD_TIPUS":"34","TIPUS_CA":"Prats (i altres formacions herbàcies) basòfils, secs, de terra baixa i de la muntanya mitjana","COD_SUBTIP":"34.3","SUBTIP_CA":"Prats medioeuropeus (o mediterranis) dominats per herbes perennes","COD_CORINE":"34.32611+","CORINE_CA":"Prats calcícoles i mesòfils, amb Festuca nigrescens, Plantago media (plantatge), Galium verum (espunyidella groga), Cirsium acaule..., de la muntanya mitjana i de l'estatge subalpí dels Pirineus i de les terres properes","COD_HIC":"6210","HIC_CA":"Prats -i fàcies emmatades- medioeuropeus, seminaturals, sobre substrat calcari (Festuco-Brometea)","HIC_PRIOR":"No","COD_EUNIS":"E1.26611.ES","EUNIS_EN":"-","C_EUNIS_ES":"E1.26611.ES","EUNIS_ES":"Pastos calcícolas y mesófilos, con Festuca nigrescens, Plantago media, Galium verum, Cirsium acaule, etc.","COD_LPEHT":"34.32611","LPEHT_ES":"Pastos calcícolas y mesófilos, con Festuca nigrescens, Plantago media, Galium verum, Cirsium acaule, etc.","REL_EUN_LP":"L’hàbitat LPEHT es correspon totalment amb l’hàbitat EUNIS","AMENACA":1,"VGI":5,"EXCENTRICI":1,"SUP_ESTIM":400,"PERCEN_PNT":null}},{"type":"Feature","id":"HABITATS_TERRESTPNT.81773","geometry":{"type":"MultiPoint","coordinates":[[376049.4745,4672700.7812]]},"geometry_name":"GEOMETRIA","properties":{"ID":81773,"COD_GRUP":"3","GRUP_CA":"Vegetació arbustiva i herbàcia","COD_TIPUS":"36","TIPUS_CA":"Prats (i comunitats afins) d'alta muntanya","COD_SUBTIP":"36.4","SUBTIP_CA":"Prats basòfils d'alta muntanya","COD_CORINE":"36.4112","CORINE_CA":"Prats de Sesleria coerulea, Carex sempervirens, Ranunculus thora..., calcícoles i mesòfils, d’indrets frescals de l'estatge subalpí dels Pirineus","COD_HIC":"6170","HIC_CA":"Prats calcícoles alpins i subalpins","HIC_PRIOR":"No","COD_EUNIS":"E4.4112","EUNIS_EN":"Pyrenean evergreen sedge grasslands","C_EUNIS_ES":"E4.4112","EUNIS_ES":"Pyrenean evergreen sedge grasslands","COD_LPEHT":"36.4112","LPEHT_ES":"Pastos de Sesleria coerulea, Carex sempervirens, Ranunculus thora, etc., calcícolas y mesófilos, del piso subalpino de los Pirineos y la Cordillera Cantábrica","REL_EUN_LP":"L’hàbitat LPEHT es correspon totalment amb l’hàbitat EUNIS","AMENACA":3,"VGI":8,"EXCENTRICI":2,"SUP_ESTIM":4,"PERCEN_PNT":null}},{"type":"Feature","id":"HABITATS_TERRESTPNT.81804","geometry":{"type":"MultiPoint","coordinates":[[376250.2823,4674291.117]]},"geometry_name":"GEOMETRIA","properties":{"ID":81804,"COD_GRUP":"6","GRUP_CA":"Roques, tarteres, glaceres, coves","COD_TIPUS":"62","TIPUS_CA":"Roques no litorals","COD_SUBTIP":"62.1","SUBTIP_CA":"Cingles i penyals calcaris","COD_CORINE":"62.151","CORINE_CA":"Roques calcàries, amb Potentilla caulescens, Saxifraga longifolia, Asplenium fontanum..., de l'estatge montà i de les muntanyes mediterrànies","COD_HIC":"8210","HIC_CA":"Costers rocosos calcaris amb vegetació rupícola","HIC_PRIOR":"No","COD_EUNIS":"H3.251","EUNIS_EN":"Alpine calcareous cliff heliophile communities","C_EUNIS_ES":"H3.251","EUNIS_ES":"Alpine calcareous cliff heliophile communities","COD_LPEHT":"62.151","LPEHT_ES":"Rocas calcáreas con Potentilla caulescens, Saxifraga longifolia, Ramonda myconi, Asplenium fontanum, etc., del prepirineo y de las montañas catalanas","REL_EUN_LP":"L’hàbitat LPEHT es correspon totalment amb l’hàbitat EUNIS","AMENACA":1,"VGI":6,"EXCENTRICI":2,"SUP_ESTIM":2400,"PERCEN_PNT":null}},{"type":"Feature","id":"HABITATS_TERRESTPNT.81801","geometry":{"type":"MultiPoint","coordinates":[[376284.612,4674168.6147]]},"geometry_name":"GEOMETRIA","properties":{"ID":81801,"COD_GRUP":"6","GRUP_CA":"Roques, tarteres, glaceres, coves","COD_TIPUS":"62","TIPUS_CA":"Roques no litorals","COD_SUBTIP":"62.1","SUBTIP_CA":"Cingles i penyals calcaris","COD_CORINE":"62.151","CORINE_CA":"Roques calcàries, amb Potentilla caulescens, Saxifraga longifolia, Asplenium fontanum..., de l'estatge montà i de les muntanyes mediterrànies","COD_HIC":"8210","HIC_CA":"Costers rocosos calcaris amb vegetació rupícola","HIC_PRIOR":"No","COD_EUNIS":"H3.251","EUNIS_EN":"Alpine calcareous cliff heliophile communities","C_EUNIS_ES":"H3.251","EUNIS_ES":"Alpine calcareous cliff heliophile communities","COD_LPEHT":"62.151","LPEHT_ES":"Rocas calcáreas con Potentilla caulescens, Saxifraga longifolia, Ramonda myconi, Asplenium fontanum, etc., del prepirineo y de las montañas catalanas","REL_EUN_LP":"L’hàbitat LPEHT es correspon totalment amb l’hàbitat EUNIS","AMENACA":1,"VGI":6,"EXCENTRICI":2,"SUP_ESTIM":2400,"PERCEN_PNT":null}},{"type":"Feature","id":"HABITATS_TERRESTPNT.81791","geometry":{"type":"MultiPoint","coordinates":[[376286.0703,4673410.0049]]},"geometry_name":"GEOMETRIA","properties":{"ID":81791,"COD_GRUP":"3","GRUP_CA":"Vegetació arbustiva i herbàcia","COD_TIPUS":"32","TIPUS_CA":"Bosquines i matollars mediterranis i submediterranis","COD_SUBTIP":"32.6","SUBTIP_CA":"Matollars submediterranis i mediterranis muntanyencs","COD_CORINE":"32.641+","CORINE_CA":"Boixedes (matollars de Buxus sempervirens) de la muntanya mitjana (i de les contrades mediterrànies)","COD_HIC":"5110","HIC_CA":"Boixedes xerotermòfiles permanents, dels vessants rocosos","HIC_PRIOR":"No","COD_EUNIS":"F6.64","EUNIS_EN":"Supra-Mediterranean Buxus sempervirens scrub","C_EUNIS_ES":"F6.64","EUNIS_ES":"Supra-Mediterranean [Buxus sempervirens] scrub","COD_LPEHT":"32.64","LPEHT_ES":"Matorrales de Buxus sempervirens de óptimo supramediterráneo","REL_EUN_LP":"L’hàbitat LPEHT es correspon totalment amb l’hàbitat EUNIS","AMENACA":1,"VGI":4,"EXCENTRICI":2,"SUP_ESTIM":1400,"PERCEN_PNT":null}},{"type":"Feature","id":"HABITATS_TERRESTPNT.81807","geometry":{"type":"MultiPoint","coordinates":[[376348.3106,4674397.4797]]},"geometry_name":"GEOMETRIA","properties":{"ID":81807,"COD_GRUP":"6","GRUP_CA":"Roques, tarteres, glaceres, coves","COD_TIPUS":"62","TIPUS_CA":"Roques no litorals","COD_SUBTIP":"62.1","SUBTIP_CA":"Cingles i penyals calcaris","COD_CORINE":"62.151","CORINE_CA":"Roques calcàries, amb Potentilla caulescens, Saxifraga longifolia, Asplenium fontanum..., de l'estatge montà i de les muntanyes mediterrànies","COD_HIC":"8210","HIC_CA":"Costers rocosos calcaris amb vegetació rupícola","HIC_PRIOR":"No","COD_EUNIS":"H3.251","EUNIS_EN":"Alpine calcareous cliff heliophile communities","C_EUNIS_ES":"H3.251","EUNIS_ES":"Alpine calcareous cliff heliophile communities","COD_LPEHT":"62.151","LPEHT_ES":"Rocas calcáreas con Potentilla caulescens, Saxifraga longifolia, Ramonda myconi, Asplenium fontanum, etc., del prepirineo y de las montañas catalanas","REL_EUN_LP":"L’hàbitat LPEHT es correspon totalment amb l’hàbitat EUNIS","AMENACA":1,"VGI":6,"EXCENTRICI":2,"SUP_ESTIM":2000,"PERCEN_PNT":null}},{"type":"Feature","id":"HABITATS_TERRESTPNT.81754","geometry":{"type":"MultiPoint","coordinates":[[376392.6639,4672198.3103]]},"geometry_name":"GEOMETRIA","properties":{"ID":81754,"COD_GRUP":"3","GRUP_CA":"Vegetació arbustiva i herbàcia","COD_TIPUS":"36","TIPUS_CA":"Prats (i comunitats afins) d'alta muntanya","COD_SUBTIP":"36.4","SUBTIP_CA":"Prats basòfils d'alta muntanya","COD_CORINE":"36.434","CORINE_CA":"Prats d'ussona (Festuca gautieri) i comunitats anàlogues, calcícoles i mesoxeròfils, de l'alta muntanya pirinenca","COD_HIC":"6170","HIC_CA":"Prats calcícoles alpins i subalpins","HIC_PRIOR":"No","COD_EUNIS":"E4.434","EUNIS_EN":"Pyrenean Festuca gautieri grasslands","C_EUNIS_ES":"E4.434","EUNIS_ES":"Pyrenean [Festuca gautieri] grasslands","COD_LPEHT":"36.434","LPEHT_ES":"Pastos de Festuca gautieri subsp. scoparia y comunidades análogas, calcícolas y mesoxerófilos, de la alta montaña pirenaica","REL_EUN_LP":"L’hàbitat LPEHT es correspon totalment amb l’hàbitat EUNIS","AMENACA":1,"VGI":6,"EXCENTRICI":2,"SUP_ESTIM":800,"PERCEN_PNT":null}},{"type":"Feature","id":"HABITATS_TERRESTPNT.81759","geometry":{"type":"MultiPoint","coordinates":[[376439.8921,4672317.3731]]},"geometry_name":"GEOMETRIA","properties":{"ID":81759,"COD_GRUP":"3","GRUP_CA":"Vegetació arbustiva i herbàcia","COD_TIPUS":"36","TIPUS_CA":"Prats (i comunitats afins) d'alta muntanya","COD_SUBTIP":"36.3","SUBTIP_CA":"Prats acidòfils d'alta muntanya","COD_CORINE":"36.311","CORINE_CA":"Prats de pèl caní (Nardus stricta), mesòfils, de l'alta muntanya pirinenca","COD_HIC":"6230*","HIC_CA":"Prats de pèl caní (Nardus stricta) dels terrenys silicis dels Pirineus","HIC_PRIOR":"Si","COD_EUNIS":"E4.311","EUNIS_EN":"Pyreneo-Alpine mesophile mat-grass swards","C_EUNIS_ES":"E4.311","EUNIS_ES":"Pyreneo-Alpine mesophile mat-grass swards","COD_LPEHT":"36.311","LPEHT_ES":"Cervunales mesófilos de la alta montaña pirenaica","REL_EUN_LP":"L’hàbitat LPEHT es correspon totalment amb l’hàbitat EUNIS","AMENACA":1,"VGI":5,"EXCENTRICI":1,"SUP_ESTIM":60,"PERCEN_PNT":null}},{"type":"Feature","id":"HABITATS_TERRESTPNT.81763","geometry":{"type":"MultiPoint","coordinates":[[376502.2016,4672369.3638]]},"geometry_name":"GEOMETRIA","properties":{"ID":81763,"COD_GRUP":"3","GRUP_CA":"Vegetació arbustiva i herbàcia","COD_TIPUS":"36","TIPUS_CA":"Prats (i comunitats afins) d'alta muntanya","COD_SUBTIP":"36.3","SUBTIP_CA":"Prats acidòfils d'alta muntanya","COD_CORINE":"36.311","CORINE_CA":"Prats de pèl caní (Nardus stricta), mesòfils, de l'alta muntanya pirinenca","COD_HIC":"6230*","HIC_CA":"Prats de pèl caní (Nardus stricta) dels terrenys silicis dels Pirineus","HIC_PRIOR":"Si","COD_EUNIS":"E4.311","EUNIS_EN":"Pyreneo-Alpine mesophile mat-grass swards","C_EUNIS_ES":"E4.311","EUNIS_ES":"Pyreneo-Alpine mesophile mat-grass swards","COD_LPEHT":"36.311","LPEHT_ES":"Cervunales mesófilos de la alta montaña pirenaica","REL_EUN_LP":"L’hàbitat LPEHT es correspon totalment amb l’hàbitat EUNIS","AMENACA":1,"VGI":5,"EXCENTRICI":1,"SUP_ESTIM":40,"PERCEN_PNT":null}},{"type":"Feature","id":"HABITATS_TERRESTPNT.81700","geometry":{"type":"MultiPoint","coordinates":[[376582.8254,4671430.0744]]},"geometry_name":"GEOMETRIA","properties":{"ID":81700,"COD_GRUP":"6","GRUP_CA":"Roques, tarteres, glaceres, coves","COD_TIPUS":"65","TIPUS_CA":"Coves","COD_SUBTIP":"65.4","SUBTIP_CA":"Coves i avencs","COD_CORINE":"65.4","CORINE_CA":"Coves i avencs","COD_HIC":"8310","HIC_CA":"Coves no explotades pel turisme","HIC_PRIOR":"No","COD_EUNIS":"H1.23","EUNIS_EN":"Troglobiont invertebrate caves","C_EUNIS_ES":"H1.23","EUNIS_ES":"Troglobiont invertebrate caves","COD_LPEHT":"65.4","LPEHT_ES":"Cuevas con invertebrados troglobiontes","REL_EUN_LP":"L’hàbitat LPEHT es correspon totalment amb l’hàbitat EUNIS","AMENACA":1,"VGI":4,"EXCENTRICI":2,"SUP_ESTIM":1,"PERCEN_PNT":null}},{"type":"Feature","id":"HABITATS_TERRESTPNT.81698","geometry":{"type":"MultiPoint","coordinates":[[376592.8248,4671402.0205]]},"geometry_name":"GEOMETRIA","properties":{"ID":81698,"COD_GRUP":"6","GRUP_CA":"Roques, tarteres, glaceres, coves","COD_TIPUS":"65","TIPUS_CA":"Coves","COD_SUBTIP":"65.4","SUBTIP_CA":"Coves i avencs","COD_CORINE":"65.4","CORINE_CA":"Coves i avencs","COD_HIC":"8310","HIC_CA":"Coves no explotades pel turisme","HIC_PRIOR":"No","COD_EUNIS":"H1.23","EUNIS_EN":"Troglobiont invertebrate caves","C_EUNIS_ES":"H1.23","EUNIS_ES":"Troglobiont invertebrate caves","COD_LPEHT":"65.4","LPEHT_ES":"Cuevas con invertebrados troglobiontes","REL_EUN_LP":"L’hàbitat LPEHT es correspon totalment amb l’hàbitat EUNIS","AMENACA":1,"VGI":4,"EXCENTRICI":2,"SUP_ESTIM":1,"PERCEN_PNT":null}},{"type":"Feature","id":"HABITATS_TERRESTPNT.81774","geometry":{"type":"MultiPoint","coordinates":[[376647.4581,4672713.852]]},"geometry_name":"GEOMETRIA","properties":{"ID":81774,"COD_GRUP":"3","GRUP_CA":"Vegetació arbustiva i herbàcia","COD_TIPUS":"36","TIPUS_CA":"Prats (i comunitats afins) d'alta muntanya","COD_SUBTIP":"36.4","SUBTIP_CA":"Prats basòfils d'alta muntanya","COD_CORINE":"36.434","CORINE_CA":"Prats d'ussona (Festuca gautieri) i comunitats anàlogues, calcícoles i mesoxeròfils, de l'alta muntanya pirinenca","COD_HIC":"6170","HIC_CA":"Prats calcícoles alpins i subalpins","HIC_PRIOR":"No","COD_EUNIS":"E4.434","EUNIS_EN":"Pyrenean Festuca gautieri grasslands","C_EUNIS_ES":"E4.434","EUNIS_ES":"Pyrenean [Festuca gautieri] grasslands","COD_LPEHT":"36.434","LPEHT_ES":"Pastos de Festuca gautieri subsp. scoparia y comunidades análogas, calcícolas y mesoxerófilos, de la alta montaña pirenaica","REL_EUN_LP":"L’hàbitat LPEHT es correspon totalment amb l’hàbitat EUNIS","AMENACA":1,"VGI":6,"EXCENTRICI":2,"SUP_ESTIM":1600,"PERCEN_PNT":null}},{"type":"Feature","id":"HABITATS_TERRESTPNT.81764","geometry":{"type":"MultiPoint","coordinates":[[376662.5394,4672374.9201]]},"geometry_name":"GEOMETRIA","properties":{"ID":81764,"COD_GRUP":"6","GRUP_CA":"Roques, tarteres, glaceres, coves","COD_TIPUS":"61","TIPUS_CA":"Tarteres","COD_SUBTIP":"61.2","SUBTIP_CA":"Tarteres calcàries de llocs frescals","COD_CORINE":"61.231","CORINE_CA":"Tarteres calcàries, amb Petasites paradoxus, Gymnocarpium robertianum..., d'indrets frescals de l'estatge subalpí","COD_HIC":"8120","HIC_CA":"Tarteres calcàries dels indrets frescals de muntanya","HIC_PRIOR":"No","COD_EUNIS":"H2.431","EUNIS_EN":"Butterbur screes","C_EUNIS_ES":"H2.431","EUNIS_ES":"Butterbur screes","COD_LPEHT":"61.231","LPEHT_ES":"Canchales calcáreos, con Petasites paradoxus, Gymnocarpium robertianum, etc., de ambientes frescos del piso subalpino","REL_EUN_LP":"L’hàbitat LPEHT es correspon totalment amb l’hàbitat EUNIS","AMENACA":4,"VGI":6,"EXCENTRICI":2,"SUP_ESTIM":5300,"PERCEN_PNT":null}},{"type":"Feature","id":"HABITATS_TERRESTPNT.81780","geometry":{"type":"MultiPoint","coordinates":[[376682.8354,4672806.0418]]},"geometry_name":"GEOMETRIA","properties":{"ID":81780,"COD_GRUP":"6","GRUP_CA":"Roques, tarteres, glaceres, coves","COD_TIPUS":"65","TIPUS_CA":"Coves","COD_SUBTIP":"65.4","SUBTIP_CA":"Coves i avencs","COD_CORINE":"65.4","CORINE_CA":"Coves i avencs","COD_HIC":"8310","HIC_CA":"Coves no explotades pel turisme","HIC_PRIOR":"No","COD_EUNIS":"H1.23","EUNIS_EN":"Troglobiont invertebrate caves","C_EUNIS_ES":"H1.23","EUNIS_ES":"Troglobiont invertebrate caves","COD_LPEHT":"65.4","LPEHT_ES":"Cuevas con invertebrados troglobiontes","REL_EUN_LP":"L’hàbitat LPEHT es correspon totalment amb l’hàbitat EUNIS","AMENACA":1,"VGI":4,"EXCENTRICI":2,"SUP_ESTIM":1,"PERCEN_PNT":null}},{"type":"Feature","id":"HABITATS_TERRESTPNT.81704","geometry":{"type":"MultiPoint","coordinates":[[376685.8801,4671505.7246]]},"geometry_name":"GEOMETRIA","properties":{"ID":81704,"COD_GRUP":"6","GRUP_CA":"Roques, tarteres, glaceres, coves","COD_TIPUS":"61","TIPUS_CA":"Tarteres","COD_SUBTIP":"61.3","SUBTIP_CA":"Altres tarteres","COD_CORINE":"61.342","CORINE_CA":"Tarteres calcàries, amb Crepis pygmaea, de vessants rostos de l'alta muntanya","COD_HIC":"8130","HIC_CA":"Tarteres de l'Europa meridional amb vegetació poc o molt termòfila","HIC_PRIOR":"No","COD_EUNIS":"H2.632.ES","EUNIS_EN":"-","C_EUNIS_ES":"H2.632.ES","EUNIS_ES":"Gleras calcáreas con Crepis pygmaea de laderas empinadas de la alta montaña","COD_LPEHT":"61.342","LPEHT_ES":"Gleras calcáreas con Crepis pygmaea de laderas empinadas de la alta montaña","REL_EUN_LP":"L’hàbitat LPEHT es correspon totalment amb l’hàbitat EUNIS","AMENACA":1,"VGI":6,"EXCENTRICI":2,"SUP_ESTIM":4800,"PERCEN_PNT":null}},{"type":"Feature","id":"HABITATS_TERRESTPNT.81710","geometry":{"type":"MultiPoint","coordinates":[[376719.4161,4671592.7065]]},"geometry_name":"GEOMETRIA","properties":{"ID":81710,"COD_GRUP":"3","GRUP_CA":"Vegetació arbustiva i herbàcia","COD_TIPUS":"34","TIPUS_CA":"Prats (i altres formacions herbàcies) basòfils, secs, de terra baixa i de la muntanya mitjana","COD_SUBTIP":"34.3","SUBTIP_CA":"Prats medioeuropeus (o mediterranis) dominats per herbes perennes","COD_CORINE":"34.32611+","CORINE_CA":"Prats calcícoles i mesòfils, amb Festuca nigrescens, Plantago media (plantatge), Galium verum (espunyidella groga), Cirsium acaule..., de la muntanya mitjana i de l'estatge subalpí dels Pirineus i de les terres properes","COD_HIC":"6210","HIC_CA":"Prats -i fàcies emmatades- medioeuropeus, seminaturals, sobre substrat calcari (Festuco-Brometea)","HIC_PRIOR":"No","COD_EUNIS":"E1.26611.ES","EUNIS_EN":"-","C_EUNIS_ES":"E1.26611.ES","EUNIS_ES":"Pastos calcícolas y mesófilos, con Festuca nigrescens, Plantago media, Galium verum, Cirsium acaule, etc.","COD_LPEHT":"34.32611","LPEHT_ES":"Pastos calcícolas y mesófilos, con Festuca nigrescens, Plantago media, Galium verum, Cirsium acaule, etc.","REL_EUN_LP":"L’hàbitat LPEHT es correspon totalment amb l’hàbitat EUNIS","AMENACA":1,"VGI":5,"EXCENTRICI":1,"SUP_ESTIM":6200,"PERCEN_PNT":null}},{"type":"Feature","id":"HABITATS_TERRESTPNT.81933","geometry":{"type":"MultiPoint","coordinates":[[376757.5559,4671634.9672]]},"geometry_name":"GEOMETRIA","properties":{"ID":81933,"COD_GRUP":"3","GRUP_CA":"Vegetació arbustiva i herbàcia","COD_TIPUS":"34","TIPUS_CA":"Prats (i altres formacions herbàcies) basòfils, secs, de terra baixa i de la muntanya mitjana","COD_SUBTIP":"34.7","SUBTIP_CA":"Prats submediterranis","COD_CORINE":"34.7133","CORINE_CA":"Prats, sovint emmatats, d'Ononis striata, Anthyllis montana, Globularia cordifolia (lluqueta)..., calcícoles i xeròfils, de la muntanya mitjana (i de l'estatge subalpí), sobretot als Prepirineus","COD_HIC":"-","HIC_CA":null,"HIC_PRIOR":null,"COD_EUNIS":"E1.5133.ES","EUNIS_EN":"-","C_EUNIS_ES":"E1.5133.ES","EUNIS_ES":"Pastizales franco-ibéricos con Anthyllis montana, Ononis striata, Koeleria vallesiana y Festuca spp.","COD_LPEHT":"34.7133","LPEHT_ES":"Pastizales franco-ibéricos con Anthyllis montana, Ononis striata, Koeleria vallesiana y Festuca spp.","REL_EUN_LP":"L’hàbitat LPEHT es correspon totalment amb l’hàbitat EUNIS","AMENACA":1,"VGI":5,"EXCENTRICI":1,"SUP_ESTIM":800,"PERCEN_PNT":null}},{"type":"Feature","id":"HABITATS_TERRESTPNT.81965","geometry":{"type":"MultiPoint","coordinates":[[376771.7228,4674473.9286]]},"geometry_name":"GEOMETRIA","properties":{"ID":81965,"COD_GRUP":"4","GRUP_CA":"Boscos","COD_TIPUS":"42","TIPUS_CA":"Boscos aciculifolis","COD_SUBTIP":"42.5","SUBTIP_CA":"Boscos de pi roig","COD_CORINE":"42.5E","CORINE_CA":"Pinedes de pi roig (Pinus sylvestris), o repoblacions, sense sotabosc forestal","COD_HIC":"-","HIC_CA":null,"HIC_PRIOR":null,"COD_EUNIS":"G3.4F","EUNIS_EN":"European Pinus sylvestris reforestation","C_EUNIS_ES":"G3.4F","EUNIS_ES":"European [Pinus sylvestris] reforestation","COD_LPEHT":"42.5E","LPEHT_ES":"Repoblaciones de Pinus sylvestris en el entorno de su área natural","REL_EUN_LP":"L’hàbitat LPEHT es correspon totalment amb l’hàbitat EUNIS","AMENACA":1,"VGI":1,"EXCENTRICI":2,"SUP_ESTIM":9000,"PERCEN_PNT":null}},{"type":"Feature","id":"HABITATS_TERRESTPNT.81958","geometry":{"type":"MultiPoint","coordinates":[[376777.6334,4672963.09]]},"geometry_name":"GEOMETRIA","properties":{"ID":81958,"COD_GRUP":"8","GRUP_CA":"Terres agrícoles i àrees antròpiques","COD_TIPUS":"87","TIPUS_CA":"Camps abandonats, ermots i àrees ruderals","COD_SUBTIP":"87.2","SUBTIP_CA":"Comunitats ruderals","COD_CORINE":"87.22+","CORINE_CA":"Comunitats ruderals de muntanya","COD_HIC":"-","HIC_CA":null,"HIC_PRIOR":null,"COD_EUNIS":"E5.1","EUNIS_EN":"Anthropogenic herb stands","C_EUNIS_ES":"E5.1","EUNIS_ES":"Anthropogenic herb stands","COD_LPEHT":"87.2","LPEHT_ES":"Comunidades ruderales","REL_EUN_LP":"L’hàbitat LPEHT es correspon només parcialment amb l’hàbitat EUNIS","AMENACA":0,"VGI":0,"EXCENTRICI":0,"SUP_ESTIM":120,"PERCEN_PNT":null}},{"type":"Feature","id":"HABITATS_TERRESTPNT.81956","geometry":{"type":"MultiPoint","coordinates":[[376810.8626,4672887.8903]]},"geometry_name":"GEOMETRIA","properties":{"ID":81956,"COD_GRUP":"3","GRUP_CA":"Vegetació arbustiva i herbàcia","COD_TIPUS":"31","TIPUS_CA":"Bosquines i matollars de muntanya i d'ambients frescals de terra baixa","COD_SUBTIP":"31.8","SUBTIP_CA":"Bosquines, matollars i herbassars generalment preforestals o postforestals","COD_CORINE":"31.872","CORINE_CA":"Bosquines de saüc racemós (Sambucus racemosa), gatell (Salix caprea), gerdera (Rubus idaeus)..., de les clarianes forestals, a l'estatge subalpí (i al montà)","COD_HIC":"-","HIC_CA":null,"HIC_PRIOR":null,"COD_EUNIS":"G5.85","EUNIS_EN":"Shrubby clearings","C_EUNIS_ES":"G5.85","EUNIS_ES":"Shrubby clearings","COD_LPEHT":"31.872","LPEHT_ES":"Claros de bosque arbustivos","REL_EUN_LP":"L’hàbitat LPEHT es correspon totalment amb l’hàbitat EUNIS","AMENACA":1,"VGI":4,"EXCENTRICI":1,"SUP_ESTIM":12,"PERCEN_PNT":null}},{"type":"Feature","id":"HABITATS_TERRESTPNT.81775","geometry":{"type":"MultiPoint","coordinates":[[376830.021,4672714.6457]]},"geometry_name":"GEOMETRIA","properties":{"ID":81775,"COD_GRUP":"6","GRUP_CA":"Roques, tarteres, glaceres, coves","COD_TIPUS":"61","TIPUS_CA":"Tarteres","COD_SUBTIP":"61.2","SUBTIP_CA":"Tarteres calcàries de llocs frescals","COD_CORINE":"61.231","CORINE_CA":"Tarteres calcàries, amb Petasites paradoxus, Gymnocarpium robertianum..., d'indrets frescals de l'estatge subalpí","COD_HIC":"8120","HIC_CA":"Tarteres calcàries dels indrets frescals de muntanya","HIC_PRIOR":"No","COD_EUNIS":"H2.431","EUNIS_EN":"Butterbur screes","C_EUNIS_ES":"H2.431","EUNIS_ES":"Butterbur screes","COD_LPEHT":"61.231","LPEHT_ES":"Canchales calcáreos, con Petasites paradoxus, Gymnocarpium robertianum, etc., de ambientes frescos del piso subalpino","REL_EUN_LP":"L’hàbitat LPEHT es correspon totalment amb l’hàbitat EUNIS","AMENACA":4,"VGI":6,"EXCENTRICI":2,"SUP_ESTIM":1700,"PERCEN_PNT":null}},{"type":"Feature","id":"HABITATS_TERRESTPNT.81786","geometry":{"type":"MultiPoint","coordinates":[[377058.3436,4673083.5793]]},"geometry_name":"GEOMETRIA","properties":{"ID":81786,"COD_GRUP":"3","GRUP_CA":"Vegetació arbustiva i herbàcia","COD_TIPUS":"34","TIPUS_CA":"Prats (i altres formacions herbàcies) basòfils, secs, de terra baixa i de la muntanya mitjana","COD_SUBTIP":"34.3","SUBTIP_CA":"Prats medioeuropeus (o mediterranis) dominats per herbes perennes","COD_CORINE":"34.32611+","CORINE_CA":"Prats calcícoles i mesòfils, amb Festuca nigrescens, Plantago media (plantatge), Galium verum (espunyidella groga), Cirsium acaule..., de la muntanya mitjana i de l'estatge subalpí dels Pirineus i de les terres properes","COD_HIC":"6210","HIC_CA":"Prats -i fàcies emmatades- medioeuropeus, seminaturals, sobre substrat calcari (Festuco-Brometea)","HIC_PRIOR":"No","COD_EUNIS":"E1.26611.ES","EUNIS_EN":"-","C_EUNIS_ES":"E1.26611.ES","EUNIS_ES":"Pastos calcícolas y mesófilos, con Festuca nigrescens, Plantago media, Galium verum, Cirsium acaule, etc.","COD_LPEHT":"34.32611","LPEHT_ES":"Pastos calcícolas y mesófilos, con Festuca nigrescens, Plantago media, Galium verum, Cirsium acaule, etc.","REL_EUN_LP":"L’hàbitat LPEHT es correspon totalment amb l’hàbitat EUNIS","AMENACA":1,"VGI":5,"EXCENTRICI":1,"SUP_ESTIM":5400,"PERCEN_PNT":null}},{"type":"Feature","id":"HABITATS_TERRESTPNT.81932","geometry":{"type":"MultiPoint","coordinates":[[377097.7181,4671500.8959]]},"geometry_name":"GEOMETRIA","properties":{"ID":81932,"COD_GRUP":"3","GRUP_CA":"Vegetació arbustiva i herbàcia","COD_TIPUS":"36","TIPUS_CA":"Prats (i comunitats afins) d'alta muntanya","COD_SUBTIP":"36.3","SUBTIP_CA":"Prats acidòfils d'alta muntanya","COD_CORINE":"36.3432+","CORINE_CA":"Prats de Festuca yvesii, dels vessants ventosos, secs, de l'alta muntanya pirinenca","COD_HIC":"-","HIC_CA":null,"HIC_PRIOR":null,"COD_EUNIS":"E4.3434.ES","EUNIS_EN":"-","C_EUNIS_ES":"E4.3434.ES","EUNIS_ES":"Pastos de Festuca yvesii, de las laderas venteadas, secas, de la alta montaña pirenaica","COD_LPEHT":"36.3434","LPEHT_ES":"Pastos de Festuca yvesii, de las laderas venteadas, secas, de la alta montaña pirenaica","REL_EUN_LP":"L’hàbitat LPEHT es correspon totalment amb l’hàbitat EUNIS","AMENACA":3,"VGI":6,"EXCENTRICI":2,"SUP_ESTIM":100,"PERCEN_PNT":null}},{"type":"Feature","id":"HABITATS_TERRESTPNT.81770","geometry":{"type":"MultiPoint","coordinates":[[377133.0801,4672577.1406]]},"geometry_name":"GEOMETRIA","properties":{"ID":81770,"COD_GRUP":"6","GRUP_CA":"Roques, tarteres, glaceres, coves","COD_TIPUS":"65","TIPUS_CA":"Coves","COD_SUBTIP":"65.4","SUBTIP_CA":"Coves i avencs","COD_CORINE":"65.4","CORINE_CA":"Coves i avencs","COD_HIC":"8310","HIC_CA":"Coves no explotades pel turisme","HIC_PRIOR":"No","COD_EUNIS":"H1.23","EUNIS_EN":"Troglobiont invertebrate caves","C_EUNIS_ES":"H1.23","EUNIS_ES":"Troglobiont invertebrate caves","COD_LPEHT":"65.4","LPEHT_ES":"Cuevas con invertebrados troglobiontes","REL_EUN_LP":"L’hàbitat LPEHT es correspon totalment amb l’hàbitat EUNIS","AMENACA":1,"VGI":4,"EXCENTRICI":2,"SUP_ESTIM":1,"PERCEN_PNT":null}},{"type":"Feature","id":"HABITATS_TERRESTPNT.81707","geometry":{"type":"MultiPoint","coordinates":[[377272.3964,4671531.8522]]},"geometry_name":"GEOMETRIA","properties":{"ID":81707,"COD_GRUP":"3","GRUP_CA":"Vegetació arbustiva i herbàcia","COD_TIPUS":"36","TIPUS_CA":"Prats (i comunitats afins) d'alta muntanya","COD_SUBTIP":"36.3","SUBTIP_CA":"Prats acidòfils d'alta muntanya","COD_CORINE":"36.311","CORINE_CA":"Prats de pèl caní (Nardus stricta), mesòfils, de l'alta muntanya pirinenca","COD_HIC":"6230*","HIC_CA":"Prats de pèl caní (Nardus stricta) dels terrenys silicis dels Pirineus","HIC_PRIOR":"Si","COD_EUNIS":"E4.311","EUNIS_EN":"Pyreneo-Alpine mesophile mat-grass swards","C_EUNIS_ES":"E4.311","EUNIS_ES":"Pyreneo-Alpine mesophile mat-grass swards","COD_LPEHT":"36.311","LPEHT_ES":"Cervunales mesófilos de la alta montaña pirenaica","REL_EUN_LP":"L’hàbitat LPEHT es correspon totalment amb l’hàbitat EUNIS","AMENACA":1,"VGI":5,"EXCENTRICI":1,"SUP_ESTIM":1400,"PERCEN_PNT":null}},{"type":"Feature","id":"HABITATS_TERRESTPNT.81697","geometry":{"type":"MultiPoint","coordinates":[[377337.8809,4671390.9613]]},"geometry_name":"GEOMETRIA","properties":{"ID":81697,"COD_GRUP":"3","GRUP_CA":"Vegetació arbustiva i herbàcia","COD_TIPUS":"36","TIPUS_CA":"Prats (i comunitats afins) d'alta muntanya","COD_SUBTIP":"36.3","SUBTIP_CA":"Prats acidòfils d'alta muntanya","COD_CORINE":"36.311","CORINE_CA":"Prats de pèl caní (Nardus stricta), mesòfils, de l'alta muntanya pirinenca","COD_HIC":"6230*","HIC_CA":"Prats de pèl caní (Nardus stricta) dels terrenys silicis dels Pirineus","HIC_PRIOR":"Si","COD_EUNIS":"E4.311","EUNIS_EN":"Pyreneo-Alpine mesophile mat-grass swards","C_EUNIS_ES":"E4.311","EUNIS_ES":"Pyreneo-Alpine mesophile mat-grass swards","COD_LPEHT":"36.311","LPEHT_ES":"Cervunales mesófilos de la alta montaña pirenaica","REL_EUN_LP":"L’hàbitat LPEHT es correspon totalment amb l’hàbitat EUNIS","AMENACA":1,"VGI":5,"EXCENTRICI":1,"SUP_ESTIM":4300,"PERCEN_PNT":null}},{"type":"Feature","id":"HABITATS_TERRESTPNT.81712","geometry":{"type":"MultiPoint","coordinates":[[377433.8998,4671621.763]]},"geometry_name":"GEOMETRIA","properties":{"ID":81712,"COD_GRUP":"3","GRUP_CA":"Vegetació arbustiva i herbàcia","COD_TIPUS":"36","TIPUS_CA":"Prats (i comunitats afins) d'alta muntanya","COD_SUBTIP":"36.3","SUBTIP_CA":"Prats acidòfils d'alta muntanya","COD_CORINE":"36.311","CORINE_CA":"Prats de pèl caní (Nardus stricta), mesòfils, de l'alta muntanya pirinenca","COD_HIC":"6230*","HIC_CA":"Prats de pèl caní (Nardus stricta) dels terrenys silicis dels Pirineus","HIC_PRIOR":"Si","COD_EUNIS":"E4.311","EUNIS_EN":"Pyreneo-Alpine mesophile mat-grass swards","C_EUNIS_ES":"E4.311","EUNIS_ES":"Pyreneo-Alpine mesophile mat-grass swards","COD_LPEHT":"36.311","LPEHT_ES":"Cervunales mesófilos de la alta montaña pirenaica","REL_EUN_LP":"L’hàbitat LPEHT es correspon totalment amb l’hàbitat EUNIS","AMENACA":1,"VGI":5,"EXCENTRICI":1,"SUP_ESTIM":1400,"PERCEN_PNT":null}},{"type":"Feature","id":"HABITATS_TERRESTPNT.81934","geometry":{"type":"MultiPoint","coordinates":[[377462.566,4671693.6783]]},"geometry_name":"GEOMETRIA","properties":{"ID":81934,"COD_GRUP":"3","GRUP_CA":"Vegetació arbustiva i herbàcia","COD_TIPUS":"36","TIPUS_CA":"Prats (i comunitats afins) d'alta muntanya","COD_SUBTIP":"36.3","SUBTIP_CA":"Prats acidòfils d'alta muntanya","COD_CORINE":"36.3432+","CORINE_CA":"Prats de Festuca yvesii, dels vessants ventosos, secs, de l'alta muntanya pirinenca","COD_HIC":"-","HIC_CA":null,"HIC_PRIOR":null,"COD_EUNIS":"E4.3434.ES","EUNIS_EN":"-","C_EUNIS_ES":"E4.3434.ES","EUNIS_ES":"Pastos de Festuca yvesii, de las laderas venteadas, secas, de la alta montaña pirenaica","COD_LPEHT":"36.3434","LPEHT_ES":"Pastos de Festuca yvesii, de las laderas venteadas, secas, de la alta montaña pirenaica","REL_EUN_LP":"L’hàbitat LPEHT es correspon totalment amb l’hàbitat EUNIS","AMENACA":3,"VGI":6,"EXCENTRICI":2,"SUP_ESTIM":400,"PERCEN_PNT":null}},{"type":"Feature","id":"HABITATS_TERRESTPNT.81953","geometry":{"type":"MultiPoint","coordinates":[[377478.3705,4672821.6412]]},"geometry_name":"GEOMETRIA","properties":{"ID":81953,"COD_GRUP":"3","GRUP_CA":"Vegetació arbustiva i herbàcia","COD_TIPUS":"34","TIPUS_CA":"Prats (i altres formacions herbàcies) basòfils, secs, de terra baixa i de la muntanya mitjana","COD_SUBTIP":"34.7","SUBTIP_CA":"Prats submediterranis","COD_CORINE":"34.7133","CORINE_CA":"Prats, sovint emmatats, d'Ononis striata, Anthyllis montana, Globularia cordifolia (lluqueta)..., calcícoles i xeròfils, de la muntanya mitjana (i de l'estatge subalpí), sobretot als Prepirineus","COD_HIC":"-","HIC_CA":null,"HIC_PRIOR":null,"COD_EUNIS":"E1.5133.ES","EUNIS_EN":"-","C_EUNIS_ES":"E1.5133.ES","EUNIS_ES":"Pastizales franco-ibéricos con Anthyllis montana, Ononis striata, Koeleria vallesiana y Festuca spp.","COD_LPEHT":"34.7133","LPEHT_ES":"Pastizales franco-ibéricos con Anthyllis montana, Ononis striata, Koeleria vallesiana y Festuca spp.","REL_EUN_LP":"L’hàbitat LPEHT es correspon totalment amb l’hàbitat EUNIS","AMENACA":1,"VGI":5,"EXCENTRICI":1,"SUP_ESTIM":3800,"PERCEN_PNT":null}},{"type":"Feature","id":"HABITATS_TERRESTPNT.81708","geometry":{"type":"MultiPoint","coordinates":[[377491.3395,4671557.6492]]},"geometry_name":"GEOMETRIA","properties":{"ID":81708,"COD_GRUP":"3","GRUP_CA":"Vegetació arbustiva i herbàcia","COD_TIPUS":"36","TIPUS_CA":"Prats (i comunitats afins) d'alta muntanya","COD_SUBTIP":"36.3","SUBTIP_CA":"Prats acidòfils d'alta muntanya","COD_CORINE":"36.311","CORINE_CA":"Prats de pèl caní (Nardus stricta), mesòfils, de l'alta muntanya pirinenca","COD_HIC":"6230*","HIC_CA":"Prats de pèl caní (Nardus stricta) dels terrenys silicis dels Pirineus","HIC_PRIOR":"Si","COD_EUNIS":"E4.311","EUNIS_EN":"Pyreneo-Alpine mesophile mat-grass swards","C_EUNIS_ES":"E4.311","EUNIS_ES":"Pyreneo-Alpine mesophile mat-grass swards","COD_LPEHT":"36.311","LPEHT_ES":"Cervunales mesófilos de la alta montaña pirenaica","REL_EUN_LP":"L’hàbitat LPEHT es correspon totalment amb l’hàbitat EUNIS","AMENACA":1,"VGI":5,"EXCENTRICI":1,"SUP_ESTIM":880,"PERCEN_PNT":null}},{"type":"Feature","id":"HABITATS_TERRESTPNT.81723","geometry":{"type":"MultiPoint","coordinates":[[377493.7775,4671700.1655]]},"geometry_name":"GEOMETRIA","properties":{"ID":81723,"COD_GRUP":"3","GRUP_CA":"Vegetació arbustiva i herbàcia","COD_TIPUS":"36","TIPUS_CA":"Prats (i comunitats afins) d'alta muntanya","COD_SUBTIP":"36.3","SUBTIP_CA":"Prats acidòfils d'alta muntanya","COD_CORINE":"36.311","CORINE_CA":"Prats de pèl caní (Nardus stricta), mesòfils, de l'alta muntanya pirinenca","COD_HIC":"6230*","HIC_CA":"Prats de pèl caní (Nardus stricta) dels terrenys silicis dels Pirineus","HIC_PRIOR":"Si","COD_EUNIS":"E4.311","EUNIS_EN":"Pyreneo-Alpine mesophile mat-grass swards","C_EUNIS_ES":"E4.311","EUNIS_ES":"Pyreneo-Alpine mesophile mat-grass swards","COD_LPEHT":"36.311","LPEHT_ES":"Cervunales mesófilos de la alta montaña pirenaica","REL_EUN_LP":"L’hàbitat LPEHT es correspon totalment amb l’hàbitat EUNIS","AMENACA":1,"VGI":5,"EXCENTRICI":1,"SUP_ESTIM":4900,"PERCEN_PNT":null}},{"type":"Feature","id":"HABITATS_TERRESTPNT.261605","geometry":{"type":"MultiPoint","coordinates":[[373240.513,4671385.417]]},"geometry_name":"GEOMETRIA","properties":{"ID":261605,"COD_GRUP":"4","GRUP_CA":"Boscos","COD_TIPUS":"42","TIPUS_CA":"Boscos aciculifolis","COD_SUBTIP":"42.B+","SUBTIP_CA":"Boscos mixtos de coníferes","COD_CORINE":"42.B5+","CORINE_CA":"Altres boscos mixtos de coníferes","COD_HIC":"-","HIC_CA":null,"HIC_PRIOR":null,"COD_EUNIS":"G3.G8.ES","EUNIS_EN":"-","C_EUNIS_ES":"G3.G8.ES","EUNIS_ES":"Otros bosques mixtos de coníferas","COD_LPEHT":"42.G8","LPEHT_ES":"Otros bosques mixtos de coníferas","REL_EUN_LP":"L’hàbitat LPEHT es correspon totalment amb l’hàbitat EUNIS","AMENACA":3,"VGI":2,"EXCENTRICI":1,"SUP_ESTIM":6200,"PERCEN_PNT":null}},{"type":"Feature","id":"HABITATS_TERRESTPNT.81705","geometry":{"type":"MultiPoint","coordinates":[[375297.2073,4671510.5907]]},"geometry_name":"GEOMETRIA","properties":{"ID":81705,"COD_GRUP":"3","GRUP_CA":"Vegetació arbustiva i herbàcia","COD_TIPUS":"36","TIPUS_CA":"Prats (i comunitats afins) d'alta muntanya","COD_SUBTIP":"36.4","SUBTIP_CA":"Prats basòfils d'alta muntanya","COD_CORINE":"36.434","CORINE_CA":"Prats d'ussona (Festuca gautieri) i comunitats anàlogues, calcícoles i mesoxeròfils, de l'alta muntanya pirinenca","COD_HIC":"6170","HIC_CA":"Prats calcícoles alpins i subalpins","HIC_PRIOR":"No","COD_EUNIS":"E4.434","EUNIS_EN":"Pyrenean Festuca gautieri grasslands","C_EUNIS_ES":"E4.434","EUNIS_ES":"Pyrenean [Festuca gautieri] grasslands","COD_LPEHT":"36.434","LPEHT_ES":"Pastos de Festuca gautieri subsp. scoparia y comunidades análogas, calcícolas y mesoxerófilos, de la alta montaña pirenaica","REL_EUN_LP":"L’hàbitat LPEHT es correspon totalment amb l’hàbitat EUNIS","AMENACA":1,"VGI":6,"EXCENTRICI":2,"SUP_ESTIM":1200,"PERCEN_PNT":null}},{"type":"Feature","id":"HABITATS_TERRESTPNT.81709","geometry":{"type":"MultiPoint","coordinates":[[375403.0408,4671580.7054]]},"geometry_name":"GEOMETRIA","properties":{"ID":81709,"COD_GRUP":"4","GRUP_CA":"Boscos","COD_TIPUS":"42","TIPUS_CA":"Boscos aciculifolis","COD_SUBTIP":"42.4","SUBTIP_CA":"Boscos de pi negre","COD_CORINE":"42.425","CORINE_CA":"Boscos de pi negre (Pinus uncinata), calcícoles i mesòfils, dels obacs pirinencs","COD_HIC":"9430*","HIC_CA":"Boscos de pi negre (Pinus uncinata) calcícoles","HIC_PRIOR":"Si","COD_EUNIS":"G3.325","EUNIS_EN":"Pasqueflower mountain pine forests","C_EUNIS_ES":"G3.325","EUNIS_ES":"Pasqueflower mountain pine forests","COD_LPEHT":"42.425","LPEHT_ES":"Bosques de pino negro (Pinus uncinata), calcícolas y mesófilos, de las umbrías pirenaicas","REL_EUN_LP":"L’hàbitat LPEHT es correspon totalment amb l’hàbitat EUNIS","AMENACA":2,"VGI":6,"EXCENTRICI":2,"SUP_ESTIM":2000,"PERCEN_PNT":null}},{"type":"Feature","id":"HABITATS_TERRESTPNT.81721","geometry":{"type":"MultiPoint","coordinates":[[375444.0513,4671699.7682]]},"geometry_name":"GEOMETRIA","properties":{"ID":81721,"COD_GRUP":"3","GRUP_CA":"Vegetació arbustiva i herbàcia","COD_TIPUS":"36","TIPUS_CA":"Prats (i comunitats afins) d'alta muntanya","COD_SUBTIP":"36.3","SUBTIP_CA":"Prats acidòfils d'alta muntanya","COD_CORINE":"36.311","CORINE_CA":"Prats de pèl caní (Nardus stricta), mesòfils, de l'alta muntanya pirinenca","COD_HIC":"6230*","HIC_CA":"Prats de pèl caní (Nardus stricta) dels terrenys silicis dels Pirineus","HIC_PRIOR":"Si","COD_EUNIS":"E4.311","EUNIS_EN":"Pyreneo-Alpine mesophile mat-grass swards","C_EUNIS_ES":"E4.311","EUNIS_ES":"Pyreneo-Alpine mesophile mat-grass swards","COD_LPEHT":"36.311","LPEHT_ES":"Cervunales mesófilos de la alta montaña pirenaica","REL_EUN_LP":"L’hàbitat LPEHT es correspon totalment amb l’hàbitat EUNIS","AMENACA":1,"VGI":5,"EXCENTRICI":1,"SUP_ESTIM":650,"PERCEN_PNT":null}},{"type":"Feature","id":"HABITATS_TERRESTPNT.261608","geometry":{"type":"MultiPoint","coordinates":[[373493.1046,4671792.448]]},"geometry_name":"GEOMETRIA","properties":{"ID":261608,"COD_GRUP":"6","GRUP_CA":"Roques, tarteres, glaceres, coves","COD_TIPUS":"61","TIPUS_CA":"Tarteres","COD_SUBTIP":"61.5+","SUBTIP_CA":"Terrers (badlands)","COD_CORINE":"61.51+","CORINE_CA":"Terrers (badlands) calcaris, generalment margosos o bé guixencs, amb vegetació molt esparsa o quasi nus","COD_HIC":"-","HIC_CA":null,"HIC_PRIOR":null,"COD_EUNIS":"H2.6I1.ES","EUNIS_EN":"-","C_EUNIS_ES":"H2.6I1.ES","EUNIS_ES":"Terreros erosionados (cárcavas) calcáreos, margosos o yesíferos, con vegetación dispersa o casi desnudos","COD_LPEHT":"61.A1","LPEHT_ES":"Terreros erosionados (cárcavas) calcáreos, margosos o yesíferos, con vegetación dispersa o casi desnudos","REL_EUN_LP":"L’hàbitat LPEHT es correspon totalment amb l’hàbitat EUNIS","AMENACA":1,"VGI":3,"EXCENTRICI":2,"SUP_ESTIM":8200,"PERCEN_PNT":null}},{"type":"Feature","id":"HABITATS_TERRESTPNT.261357","geometry":{"type":"MultiPoint","coordinates":[[373362.0577,4671811.0269]]},"geometry_name":"GEOMETRIA","properties":{"ID":261357,"COD_GRUP":"6","GRUP_CA":"Roques, tarteres, glaceres, coves","COD_TIPUS":"62","TIPUS_CA":"Roques no litorals","COD_SUBTIP":"62.1","SUBTIP_CA":"Cingles i penyals calcaris","COD_CORINE":"62.151","CORINE_CA":"Roques calcàries, amb Potentilla caulescens, Saxifraga longifolia, Asplenium fontanum..., de l'estatge montà i de les muntanyes mediterrànies","COD_HIC":"8210","HIC_CA":"Costers rocosos calcaris amb vegetació rupícola","HIC_PRIOR":"No","COD_EUNIS":"H3.251","EUNIS_EN":"Alpine calcareous cliff heliophile communities","C_EUNIS_ES":"H3.251","EUNIS_ES":"Alpine calcareous cliff heliophile communities","COD_LPEHT":"62.151","LPEHT_ES":"Rocas calcáreas con Potentilla caulescens, Saxifraga longifolia, Ramonda myconi, Asplenium fontanum, etc., del prepirineo y de las montañas catalanas","REL_EUN_LP":"L’hàbitat LPEHT es correspon totalment amb l’hàbitat EUNIS","AMENACA":1,"VGI":6,"EXCENTRICI":2,"SUP_ESTIM":780,"PERCEN_PNT":null}},{"type":"Feature","id":"HABITATS_TERRESTPNT.81732","geometry":{"type":"MultiPoint","coordinates":[[375597.9069,4671826.5039]]},"geometry_name":"GEOMETRIA","properties":{"ID":81732,"COD_GRUP":"3","GRUP_CA":"Vegetació arbustiva i herbàcia","COD_TIPUS":"36","TIPUS_CA":"Prats (i comunitats afins) d'alta muntanya","COD_SUBTIP":"36.3","SUBTIP_CA":"Prats acidòfils d'alta muntanya","COD_CORINE":"36.311","CORINE_CA":"Prats de pèl caní (Nardus stricta), mesòfils, de l'alta muntanya pirinenca","COD_HIC":"6230*","HIC_CA":"Prats de pèl caní (Nardus stricta) dels terrenys silicis dels Pirineus","HIC_PRIOR":"Si","COD_EUNIS":"E4.311","EUNIS_EN":"Pyreneo-Alpine mesophile mat-grass swards","C_EUNIS_ES":"E4.311","EUNIS_ES":"Pyreneo-Alpine mesophile mat-grass swards","COD_LPEHT":"36.311","LPEHT_ES":"Cervunales mesófilos de la alta montaña pirenaica","REL_EUN_LP":"L’hàbitat LPEHT es correspon totalment amb l’hàbitat EUNIS","AMENACA":1,"VGI":5,"EXCENTRICI":1,"SUP_ESTIM":2200,"PERCEN_PNT":null}},{"type":"Feature","id":"HABITATS_TERRESTPNT.81733","geometry":{"type":"MultiPoint","coordinates":[[375119.9361,4671838.0133]]},"geometry_name":"GEOMETRIA","properties":{"ID":81733,"COD_GRUP":"3","GRUP_CA":"Vegetació arbustiva i herbàcia","COD_TIPUS":"34","TIPUS_CA":"Prats (i altres formacions herbàcies) basòfils, secs, de terra baixa i de la muntanya mitjana","COD_SUBTIP":"34.3","SUBTIP_CA":"Prats medioeuropeus (o mediterranis) dominats per herbes perennes","COD_CORINE":"34.32611+","CORINE_CA":"Prats calcícoles i mesòfils, amb Festuca nigrescens, Plantago media (plantatge), Galium verum (espunyidella groga), Cirsium acaule..., de la muntanya mitjana i de l'estatge subalpí dels Pirineus i de les terres properes","COD_HIC":"6210","HIC_CA":"Prats -i fàcies emmatades- medioeuropeus, seminaturals, sobre substrat calcari (Festuco-Brometea)","HIC_PRIOR":"No","COD_EUNIS":"E1.26611.ES","EUNIS_EN":"-","C_EUNIS_ES":"E1.26611.ES","EUNIS_ES":"Pastos calcícolas y mesófilos, con Festuca nigrescens, Plantago media, Galium verum, Cirsium acaule, etc.","COD_LPEHT":"34.32611","LPEHT_ES":"Pastos calcícolas y mesófilos, con Festuca nigrescens, Plantago media, Galium verum, Cirsium acaule, etc.","REL_EUN_LP":"L’hàbitat LPEHT es correspon totalment amb l’hàbitat EUNIS","AMENACA":1,"VGI":5,"EXCENTRICI":1,"SUP_ESTIM":1000,"PERCEN_PNT":null}},{"type":"Feature","id":"HABITATS_TERRESTPNT.261928","geometry":{"type":"MultiPoint","coordinates":[[373898.4406,4671873.0401]]},"geometry_name":"GEOMETRIA","properties":{"ID":261928,"COD_GRUP":"4","GRUP_CA":"Boscos","COD_TIPUS":"42","TIPUS_CA":"Boscos aciculifolis","COD_SUBTIP":"42.5","SUBTIP_CA":"Boscos de pi roig","COD_CORINE":"42.5921+","CORINE_CA":"Boscos de pi roig (Pinus sylvestris), calcícoles i xeròfils, dels Pirineus","COD_HIC":"-","HIC_CA":null,"HIC_PRIOR":null,"COD_EUNIS":"G3.4921.ES","EUNIS_EN":"-","C_EUNIS_ES":"G3.4921.ES","EUNIS_ES":"Bosques de Pinus sylvestris, calcícolas y xerófilos, del Prepirineo y Pirineo","COD_LPEHT":"42.5921","LPEHT_ES":"Bosques de Pinus sylvestris, calcícolas y xerófilos, del Prepirineo y Pirineo","REL_EUN_LP":"L’hàbitat LPEHT es correspon totalment amb l’hàbitat EUNIS","AMENACA":1,"VGI":5,"EXCENTRICI":2,"SUP_ESTIM":5200,"PERCEN_PNT":null}},{"type":"Feature","id":"HABITATS_TERRESTPNT.81736","geometry":{"type":"MultiPoint","coordinates":[[375689.8498,4671878.23]]},"geometry_name":"GEOMETRIA","properties":{"ID":81736,"COD_GRUP":"5","GRUP_CA":"Molleres i aiguamolls","COD_TIPUS":"54","TIPUS_CA":"Molleres i comunitats fontinals","COD_SUBTIP":"54.2","SUBTIP_CA":"Molleres alcalines","COD_CORINE":"54.24(+54.2A)","CORINE_CA":"Molleres alcalines dels Pirineus","COD_HIC":"7230","HIC_CA":"Molleres alcalines","HIC_PRIOR":"No","COD_EUNIS":"D4.14","EUNIS_EN":"Pyrenean Davall sedge fens","C_EUNIS_ES":"D4.14","EUNIS_ES":"Pyrenean [Carex davalliana] fens","COD_LPEHT":"54.24","LPEHT_ES":"Pastos higroturbosos alcalinos del Pirineo y del Sistema Ibérico","REL_EUN_LP":"L’hàbitat LPEHT es correspon totalment amb l’hàbitat EUNIS","AMENACA":3,"VGI":7,"EXCENTRICI":2,"SUP_ESTIM":80,"PERCEN_PNT":null}},{"type":"Feature","id":"HABITATS_TERRESTPNT.261612","geometry":{"type":"MultiPoint","coordinates":[[373137.5599,4672025.3218]]},"geometry_name":"GEOMETRIA","properties":{"ID":261612,"COD_GRUP":"4","GRUP_CA":"Boscos","COD_TIPUS":"42","TIPUS_CA":"Boscos aciculifolis","COD_SUBTIP":"42.5","SUBTIP_CA":"Boscos de pi roig","COD_CORINE":"42.561","CORINE_CA":"Boscos de pi roig (Pinus sylvestris), calcícoles i mesòfils, dels obacs de l'estatge montà dels Pirineus","COD_HIC":"-","HIC_CA":null,"HIC_PRIOR":null,"COD_EUNIS":"G3.461","EUNIS_EN":"Pyrenean calcicolous mesophile Scots pine forests","C_EUNIS_ES":"G3.461","EUNIS_ES":"Pyrenean calcicolous mesophile Scots pine forests","COD_LPEHT":"42.561","LPEHT_ES":"Bosques de pino albar (Pinus sylvestris), calcícolas y mesófilos, de las umbrías del piso montano de los Pirineos","REL_EUN_LP":"L’hàbitat LPEHT es correspon totalment amb l’hàbitat EUNIS","AMENACA":1,"VGI":4,"EXCENTRICI":2,"SUP_ESTIM":2600,"PERCEN_PNT":null}},{"type":"Feature","id":"HABITATS_TERRESTPNT.261358","geometry":{"type":"MultiPoint","coordinates":[[373175.391,4672103.5966]]},"geometry_name":"GEOMETRIA","properties":{"ID":261358,"COD_GRUP":"3","GRUP_CA":"Vegetació arbustiva i herbàcia","COD_TIPUS":"37","TIPUS_CA":"Herbassars, jonqueres i prats humits","COD_SUBTIP":"37.3","SUBTIP_CA":"Jonqueres i herbassars humits oligotròfics, medioeuropeus","COD_CORINE":"37.311","CORINE_CA":"Herbassars graminoides amb alba roja (Molinia coerulea), higròfils i basòfils, de la muntanya mitjana","COD_HIC":"6410","HIC_CA":"Herbassars de Molinia coerulea en sòls calcaris torbosos o argil·lollimosos (Molinion caeruleae)","HIC_PRIOR":"No","COD_EUNIS":"E3.511","EUNIS_EN":"Calcicline purple moorgrass meadows","C_EUNIS_ES":"E3.5115.ES","EUNIS_ES":"Prados higrófilos y basófilos de Molinia caerulea del sur de Francia y de la mitad norte de la Península Ibérica","COD_LPEHT":"37.3115","LPEHT_ES":"Prados higrófilos y basófilos de Molinia caerulea del sur de Francia y de la mitad norte de la Península Ibérica","REL_EUN_LP":"L’hàbitat LPEHT es correspon totalment amb l’hàbitat EUNIS","AMENACA":1,"VGI":5,"EXCENTRICI":2,"SUP_ESTIM":16,"PERCEN_PNT":null}},{"type":"Feature","id":"HABITATS_TERRESTPNT.261611","geometry":{"type":"MultiPoint","coordinates":[[373802.9346,4672103.6137]]},"geometry_name":"GEOMETRIA","properties":{"ID":261611,"COD_GRUP":"3","GRUP_CA":"Vegetació arbustiva i herbàcia","COD_TIPUS":"32","TIPUS_CA":"Bosquines i matollars mediterranis i submediterranis","COD_SUBTIP":"32.4","SUBTIP_CA":"Bosquines i matollars calcícoles mediterranis","COD_CORINE":"32.4811+","CORINE_CA":"Argelagars (matollars de Genista scorpius), calcícoles, de terra baixa i de la muntanya mitjana","COD_HIC":"-","HIC_CA":null,"HIC_PRIOR":null,"COD_EUNIS":"F6.1811.ES","EUNIS_EN":"-","C_EUNIS_ES":"F6.1811.ES","EUNIS_ES":"Matorrales de Genista scorpius","COD_LPEHT":"32.4811","LPEHT_ES":"Matorrales de Genista scorpius","REL_EUN_LP":"L’hàbitat LPEHT es correspon totalment amb l’hàbitat EUNIS","AMENACA":1,"VGI":3,"EXCENTRICI":2,"SUP_ESTIM":3700,"PERCEN_PNT":null}},{"type":"Feature","id":"HABITATS_TERRESTPNT.261606","geometry":{"type":"MultiPoint","coordinates":[[374207.6457,4672106.1491]]},"geometry_name":"GEOMETRIA","properties":{"ID":261606,"COD_GRUP":"2","GRUP_CA":"Aigües continentals","COD_TIPUS":"24","TIPUS_CA":"Aigües corrents","COD_SUBTIP":"24.2","SUBTIP_CA":"Codolars fluvials","COD_CORINE":"24.226","CORINE_CA":"Codolars fluvials amb vegetació no especialitzada, sobretot a terra baixa","COD_HIC":"-","HIC_CA":null,"HIC_PRIOR":null,"COD_EUNIS":"C3.554","EUNIS_EN":"Northern lowland river gravel communities","C_EUNIS_ES":"C3.554","EUNIS_ES":"Northern lowland river gravel communities","COD_LPEHT":"24.226","LPEHT_ES":"Gravas fluviales con vegetación no especializada, mayoritariamente en zonas bajas","REL_EUN_LP":"L’hàbitat LPEHT es correspon totalment amb l’hàbitat EUNIS","AMENACA":3,"VGI":3,"EXCENTRICI":2,"SUP_ESTIM":6000,"PERCEN_PNT":null}},{"type":"Feature","id":"HABITATS_TERRESTPNT.261170","geometry":{"type":"MultiPoint","coordinates":[[373624.7471,4672112.5427]]},"geometry_name":"GEOMETRIA","properties":{"ID":261170,"COD_GRUP":"6","GRUP_CA":"Roques, tarteres, glaceres, coves","COD_TIPUS":"62","TIPUS_CA":"Roques no litorals","COD_SUBTIP":"62.1","SUBTIP_CA":"Cingles i penyals calcaris","COD_CORINE":"62.151","CORINE_CA":"Roques calcàries, amb Potentilla caulescens, Saxifraga longifolia, Asplenium fontanum..., de l'estatge montà i de les muntanyes mediterrànies","COD_HIC":"8210","HIC_CA":"Costers rocosos calcaris amb vegetació rupícola","HIC_PRIOR":"No","COD_EUNIS":"H3.251","EUNIS_EN":"Alpine calcareous cliff heliophile communities","C_EUNIS_ES":"H3.251","EUNIS_ES":"Alpine calcareous cliff heliophile communities","COD_LPEHT":"62.151","LPEHT_ES":"Rocas calcáreas con Potentilla caulescens, Saxifraga longifolia, Ramonda myconi, Asplenium fontanum, etc., del prepirineo y de las montañas catalanas","REL_EUN_LP":"L’hàbitat LPEHT es correspon totalment amb l’hàbitat EUNIS","AMENACA":1,"VGI":6,"EXCENTRICI":2,"SUP_ESTIM":1800,"PERCEN_PNT":null}},{"type":"Feature","id":"HABITATS_TERRESTPNT.261610","geometry":{"type":"MultiPoint","coordinates":[[374182.2916,4672119.8158]]},"geometry_name":"GEOMETRIA","properties":{"ID":261610,"COD_GRUP":"3","GRUP_CA":"Vegetació arbustiva i herbàcia","COD_TIPUS":"32","TIPUS_CA":"Bosquines i matollars mediterranis i submediterranis","COD_SUBTIP":"32.4","SUBTIP_CA":"Bosquines i matollars calcícoles mediterranis","COD_CORINE":"32.4811+","CORINE_CA":"Argelagars (matollars de Genista scorpius), calcícoles, de terra baixa i de la muntanya mitjana","COD_HIC":"-","HIC_CA":null,"HIC_PRIOR":null,"COD_EUNIS":"F6.1811.ES","EUNIS_EN":"-","C_EUNIS_ES":"F6.1811.ES","EUNIS_ES":"Matorrales de Genista scorpius","COD_LPEHT":"32.4811","LPEHT_ES":"Matorrales de Genista scorpius","REL_EUN_LP":"L’hàbitat LPEHT es correspon totalment amb l’hàbitat EUNIS","AMENACA":1,"VGI":3,"EXCENTRICI":2,"SUP_ESTIM":300,"PERCEN_PNT":null}},{"type":"Feature","id":"HABITATS_TERRESTPNT.261609","geometry":{"type":"MultiPoint","coordinates":[[374236.9922,4672126.7997]]},"geometry_name":"GEOMETRIA","properties":{"ID":261609,"COD_GRUP":"3","GRUP_CA":"Vegetació arbustiva i herbàcia","COD_TIPUS":"37","TIPUS_CA":"Herbassars, jonqueres i prats humits","COD_SUBTIP":"37.2","SUBTIP_CA":"Jonqueres i herbassars humits eutròfics, medioeuropeus","COD_CORINE":"37.241","CORINE_CA":"Jonqueres subnitròfiles, de sòls calcigats i temporalment inundats, de la muntanya mitjana","COD_HIC":"-","HIC_CA":null,"HIC_PRIOR":null,"COD_EUNIS":"E3.441","EUNIS_EN":"Tall rush pastures","C_EUNIS_ES":"E3.441","EUNIS_ES":"Tall rush pastures","COD_LPEHT":"37.241","LPEHT_ES":"Juncales subnitrófilos con Juncus conglomeratus, J. inflexus, J. effusus de ambientes intensamente pastoreados","REL_EUN_LP":"L’hàbitat LPEHT es correspon totalment amb l’hàbitat EUNIS","AMENACA":1,"VGI":4,"EXCENTRICI":2,"SUP_ESTIM":18,"PERCEN_PNT":null}},{"type":"Feature","id":"HABITATS_TERRESTPNT.260722","geometry":{"type":"MultiPoint","coordinates":[[373366.9401,4672142.3572]]},"geometry_name":"GEOMETRIA","properties":{"ID":260722,"COD_GRUP":"6","GRUP_CA":"Roques, tarteres, glaceres, coves","COD_TIPUS":"61","TIPUS_CA":"Tarteres","COD_SUBTIP":"61.3","SUBTIP_CA":"Altres tarteres","COD_CORINE":"61.311","CORINE_CA":"Pedrusques calcàries, amb Stipa calamagrostis, Rumex scutatus..., de l'estatge montà poc plujós","COD_HIC":"8130","HIC_CA":"Tarteres de l'Europa meridional amb vegetació poc o molt termòfila","HIC_PRIOR":"No","COD_EUNIS":"H2.611","EUNIS_EN":"Rough-grass screes","C_EUNIS_ES":"H2.611","EUNIS_ES":"Rough-grass screes","COD_LPEHT":"61.311","LPEHT_ES":"Pedregales calcáreos, con Stipa calamagrostis, Rumex scutatus, etc., montano-subalpinos","REL_EUN_LP":"L’hàbitat LPEHT es correspon totalment amb l’hàbitat EUNIS","AMENACA":1,"VGI":6,"EXCENTRICI":2,"SUP_ESTIM":1800,"PERCEN_PNT":null}},{"type":"Feature","id":"HABITATS_TERRESTPNT.260725","geometry":{"type":"MultiPoint","coordinates":[[373833.2004,4672185.6895]]},"geometry_name":"GEOMETRIA","properties":{"ID":260725,"COD_GRUP":"6","GRUP_CA":"Roques, tarteres, glaceres, coves","COD_TIPUS":"61","TIPUS_CA":"Tarteres","COD_SUBTIP":"61.3","SUBTIP_CA":"Altres tarteres","COD_CORINE":"61.311","CORINE_CA":"Pedrusques calcàries, amb Stipa calamagrostis, Rumex scutatus..., de l'estatge montà poc plujós","COD_HIC":"8130","HIC_CA":"Tarteres de l'Europa meridional amb vegetació poc o molt termòfila","HIC_PRIOR":"No","COD_EUNIS":"H2.611","EUNIS_EN":"Rough-grass screes","C_EUNIS_ES":"H2.611","EUNIS_ES":"Rough-grass screes","COD_LPEHT":"61.311","LPEHT_ES":"Pedregales calcáreos, con Stipa calamagrostis, Rumex scutatus, etc., montano-subalpinos","REL_EUN_LP":"L’hàbitat LPEHT es correspon totalment amb l’hàbitat EUNIS","AMENACA":1,"VGI":6,"EXCENTRICI":2,"SUP_ESTIM":1400,"PERCEN_PNT":null}},{"type":"Feature","id":"HABITATS_TERRESTPNT.81755","geometry":{"type":"MultiPoint","coordinates":[[375489.5023,4672209.9738]]},"geometry_name":"GEOMETRIA","properties":{"ID":81755,"COD_GRUP":"6","GRUP_CA":"Roques, tarteres, glaceres, coves","COD_TIPUS":"62","TIPUS_CA":"Roques no litorals","COD_SUBTIP":"62.1","SUBTIP_CA":"Cingles i penyals calcaris","COD_CORINE":"62.151","CORINE_CA":"Roques calcàries, amb Potentilla caulescens, Saxifraga longifolia, Asplenium fontanum..., de l'estatge montà i de les muntanyes mediterrànies","COD_HIC":"8210","HIC_CA":"Costers rocosos calcaris amb vegetació rupícola","HIC_PRIOR":"No","COD_EUNIS":"H3.251","EUNIS_EN":"Alpine calcareous cliff heliophile communities","C_EUNIS_ES":"H3.251","EUNIS_ES":"Alpine calcareous cliff heliophile communities","COD_LPEHT":"62.151","LPEHT_ES":"Rocas calcáreas con Potentilla caulescens, Saxifraga longifolia, Ramonda myconi, Asplenium fontanum, etc., del prepirineo y de las montañas catalanas","REL_EUN_LP":"L’hàbitat LPEHT es correspon totalment amb l’hàbitat EUNIS","AMENACA":1,"VGI":6,"EXCENTRICI":2,"SUP_ESTIM":300,"PERCEN_PNT":null}},{"type":"Feature","id":"HABITATS_TERRESTPNT.261613","geometry":{"type":"MultiPoint","coordinates":[[373160.6549,4672211.4125]]},"geometry_name":"GEOMETRIA","properties":{"ID":261613,"COD_GRUP":"6","GRUP_CA":"Roques, tarteres, glaceres, coves","COD_TIPUS":"61","TIPUS_CA":"Tarteres","COD_SUBTIP":"61.5+","SUBTIP_CA":"Terrers (badlands)","COD_CORINE":"61.51+","CORINE_CA":"Terrers (badlands) calcaris, generalment margosos o bé guixencs, amb vegetació molt esparsa o quasi nus","COD_HIC":"-","HIC_CA":null,"HIC_PRIOR":null,"COD_EUNIS":"H2.6I1.ES","EUNIS_EN":"-","C_EUNIS_ES":"H2.6I1.ES","EUNIS_ES":"Terreros erosionados (cárcavas) calcáreos, margosos o yesíferos, con vegetación dispersa o casi desnudos","COD_LPEHT":"61.A1","LPEHT_ES":"Terreros erosionados (cárcavas) calcáreos, margosos o yesíferos, con vegetación dispersa o casi desnudos","REL_EUN_LP":"L’hàbitat LPEHT es correspon totalment amb l’hàbitat EUNIS","AMENACA":1,"VGI":3,"EXCENTRICI":2,"SUP_ESTIM":5800,"PERCEN_PNT":null}},{"type":"Feature","id":"HABITATS_TERRESTPNT.261607","geometry":{"type":"MultiPoint","coordinates":[[373935.1338,4672228.0814]]},"geometry_name":"GEOMETRIA","properties":{"ID":261607,"COD_GRUP":"4","GRUP_CA":"Boscos","COD_TIPUS":"42","TIPUS_CA":"Boscos aciculifolis","COD_SUBTIP":"42.5","SUBTIP_CA":"Boscos de pi roig","COD_CORINE":"42.5921+","CORINE_CA":"Boscos de pi roig (Pinus sylvestris), calcícoles i xeròfils, dels Pirineus","COD_HIC":"-","HIC_CA":null,"HIC_PRIOR":null,"COD_EUNIS":"G3.4921.ES","EUNIS_EN":"-","C_EUNIS_ES":"G3.4921.ES","EUNIS_ES":"Bosques de Pinus sylvestris, calcícolas y xerófilos, del Prepirineo y Pirineo","COD_LPEHT":"42.5921","LPEHT_ES":"Bosques de Pinus sylvestris, calcícolas y xerófilos, del Prepirineo y Pirineo","REL_EUN_LP":"L’hàbitat LPEHT es correspon totalment amb l’hàbitat EUNIS","AMENACA":1,"VGI":5,"EXCENTRICI":2,"SUP_ESTIM":8000,"PERCEN_PNT":null}},{"type":"Feature","id":"HABITATS_TERRESTPNT.261169","geometry":{"type":"MultiPoint","coordinates":[[373433.8862,4672243.8988]]},"geometry_name":"GEOMETRIA","properties":{"ID":261169,"COD_GRUP":"6","GRUP_CA":"Roques, tarteres, glaceres, coves","COD_TIPUS":"62","TIPUS_CA":"Roques no litorals","COD_SUBTIP":"62.1","SUBTIP_CA":"Cingles i penyals calcaris","COD_CORINE":"62.151","CORINE_CA":"Roques calcàries, amb Potentilla caulescens, Saxifraga longifolia, Asplenium fontanum..., de l'estatge montà i de les muntanyes mediterrànies","COD_HIC":"8210","HIC_CA":"Costers rocosos calcaris amb vegetació rupícola","HIC_PRIOR":"No","COD_EUNIS":"H3.251","EUNIS_EN":"Alpine calcareous cliff heliophile communities","C_EUNIS_ES":"H3.251","EUNIS_ES":"Alpine calcareous cliff heliophile communities","COD_LPEHT":"62.151","LPEHT_ES":"Rocas calcáreas con Potentilla caulescens, Saxifraga longifolia, Ramonda myconi, Asplenium fontanum, etc., del prepirineo y de las montañas catalanas","REL_EUN_LP":"L’hàbitat LPEHT es correspon totalment amb l’hàbitat EUNIS","AMENACA":1,"VGI":6,"EXCENTRICI":2,"SUP_ESTIM":1800,"PERCEN_PNT":null}},{"type":"Feature","id":"HABITATS_TERRESTPNT.81948","geometry":{"type":"MultiPoint","coordinates":[[374532.1819,4672259.5336]]},"geometry_name":"GEOMETRIA","properties":{"ID":81948,"COD_GRUP":"3","GRUP_CA":"Vegetació arbustiva i herbàcia","COD_TIPUS":"34","TIPUS_CA":"Prats (i altres formacions herbàcies) basòfils, secs, de terra baixa i de la muntanya mitjana","COD_SUBTIP":"34.7","SUBTIP_CA":"Prats submediterranis","COD_CORINE":"34.7133","CORINE_CA":"Prats, sovint emmatats, d'Ononis striata, Anthyllis montana, Globularia cordifolia (lluqueta)..., calcícoles i xeròfils, de la muntanya mitjana (i de l'estatge subalpí), sobretot als Prepirineus","COD_HIC":"-","HIC_CA":null,"HIC_PRIOR":null,"COD_EUNIS":"E1.5133.ES","EUNIS_EN":"-","C_EUNIS_ES":"E1.5133.ES","EUNIS_ES":"Pastizales franco-ibéricos con Anthyllis montana, Ononis striata, Koeleria vallesiana y Festuca spp.","COD_LPEHT":"34.7133","LPEHT_ES":"Pastizales franco-ibéricos con Anthyllis montana, Ononis striata, Koeleria vallesiana y Festuca spp.","REL_EUN_LP":"L’hàbitat LPEHT es correspon totalment amb l’hàbitat EUNIS","AMENACA":1,"VGI":5,"EXCENTRICI":1,"SUP_ESTIM":100,"PERCEN_PNT":null}},{"type":"Feature","id":"HABITATS_TERRESTPNT.81756","geometry":{"type":"MultiPoint","coordinates":[[374830.0992,4672284.4797]]},"geometry_name":"GEOMETRIA","properties":{"ID":81756,"COD_GRUP":"3","GRUP_CA":"Vegetació arbustiva i herbàcia","COD_TIPUS":"34","TIPUS_CA":"Prats (i altres formacions herbàcies) basòfils, secs, de terra baixa i de la muntanya mitjana","COD_SUBTIP":"34.3","SUBTIP_CA":"Prats medioeuropeus (o mediterranis) dominats per herbes perennes","COD_CORINE":"34.32611+","CORINE_CA":"Prats calcícoles i mesòfils, amb Festuca nigrescens, Plantago media (plantatge), Galium verum (espunyidella groga), Cirsium acaule..., de la muntanya mitjana i de l'estatge subalpí dels Pirineus i de les terres properes","COD_HIC":"6210","HIC_CA":"Prats -i fàcies emmatades- medioeuropeus, seminaturals, sobre substrat calcari (Festuco-Brometea)","HIC_PRIOR":"No","COD_EUNIS":"E1.26611.ES","EUNIS_EN":"-","C_EUNIS_ES":"E1.26611.ES","EUNIS_ES":"Pastos calcícolas y mesófilos, con Festuca nigrescens, Plantago media, Galium verum, Cirsium acaule, etc.","COD_LPEHT":"34.32611","LPEHT_ES":"Pastos calcícolas y mesófilos, con Festuca nigrescens, Plantago media, Galium verum, Cirsium acaule, etc.","REL_EUN_LP":"L’hàbitat LPEHT es correspon totalment amb l’hàbitat EUNIS","AMENACA":1,"VGI":5,"EXCENTRICI":1,"SUP_ESTIM":400,"PERCEN_PNT":null}},{"type":"Feature","id":"HABITATS_TERRESTPNT.81765","geometry":{"type":"MultiPoint","coordinates":[[374484.1827,4672420.6914]]},"geometry_name":"GEOMETRIA","properties":{"ID":81765,"COD_GRUP":"6","GRUP_CA":"Roques, tarteres, glaceres, coves","COD_TIPUS":"61","TIPUS_CA":"Tarteres","COD_SUBTIP":"61.3","SUBTIP_CA":"Altres tarteres","COD_CORINE":"61.311","CORINE_CA":"Pedrusques calcàries, amb Stipa calamagrostis, Rumex scutatus..., de l'estatge montà poc plujós","COD_HIC":"8130","HIC_CA":"Tarteres de l'Europa meridional amb vegetació poc o molt termòfila","HIC_PRIOR":"No","COD_EUNIS":"H2.611","EUNIS_EN":"Rough-grass screes","C_EUNIS_ES":"H2.611","EUNIS_ES":"Rough-grass screes","COD_LPEHT":"61.311","LPEHT_ES":"Pedregales calcáreos, con Stipa calamagrostis, Rumex scutatus, etc., montano-subalpinos","REL_EUN_LP":"L’hàbitat LPEHT es correspon totalment amb l’hàbitat EUNIS","AMENACA":1,"VGI":6,"EXCENTRICI":2,"SUP_ESTIM":600,"PERCEN_PNT":null}},{"type":"Feature","id":"HABITATS_TERRESTPNT.81952","geometry":{"type":"MultiPoint","coordinates":[[375146.243,4672794.8474]]},"geometry_name":"GEOMETRIA","properties":{"ID":81952,"COD_GRUP":"4","GRUP_CA":"Boscos","COD_TIPUS":"42","TIPUS_CA":"Boscos aciculifolis","COD_SUBTIP":"42.B+","SUBTIP_CA":"Boscos mixtos de coníferes","COD_CORINE":"42.B3+","CORINE_CA":"Boscos mixtos de pi roig (Pinus sylvestris) i pinassa (Pinus nigra subsp. salzmannii)","COD_HIC":"-","HIC_CA":null,"HIC_PRIOR":null,"COD_EUNIS":"G3.G3.ES","EUNIS_EN":"-","C_EUNIS_ES":"G3.G3.ES","EUNIS_ES":"Pinares mixtos de pino albar (Pinus sylvestris) y pino negral (Pinus nigra subsp. salzmannii)","COD_LPEHT":"42.G3","LPEHT_ES":"Pinares mixtos de pino albar (Pinus sylvestris) y pino negral (Pinus nigra subsp. salzmannii)","REL_EUN_LP":"L’hàbitat LPEHT es correspon totalment amb l’hàbitat EUNIS","AMENACA":1,"VGI":3,"EXCENTRICI":2,"SUP_ESTIM":2000,"PERCEN_PNT":null}},{"type":"Feature","id":"HABITATS_TERRESTPNT.261453","geometry":{"type":"MultiPoint","coordinates":[[373567.5985,4673004.945]]},"geometry_name":"GEOMETRIA","properties":{"ID":261453,"COD_GRUP":"6","GRUP_CA":"Roques, tarteres, glaceres, coves","COD_TIPUS":"61","TIPUS_CA":"Tarteres","COD_SUBTIP":"61.5+","SUBTIP_CA":"Terrers (badlands)","COD_CORINE":"61.51+","CORINE_CA":"Terrers (badlands) calcaris, generalment margosos o bé guixencs, amb vegetació molt esparsa o quasi nus","COD_HIC":"-","HIC_CA":null,"HIC_PRIOR":null,"COD_EUNIS":"H2.6I1.ES","EUNIS_EN":"-","C_EUNIS_ES":"H2.6I1.ES","EUNIS_ES":"Terreros erosionados (cárcavas) calcáreos, margosos o yesíferos, con vegetación dispersa o casi desnudos","COD_LPEHT":"61.A1","LPEHT_ES":"Terreros erosionados (cárcavas) calcáreos, margosos o yesíferos, con vegetación dispersa o casi desnudos","REL_EUN_LP":"L’hàbitat LPEHT es correspon totalment amb l’hàbitat EUNIS","AMENACA":1,"VGI":3,"EXCENTRICI":2,"SUP_ESTIM":1500,"PERCEN_PNT":null}},{"type":"Feature","id":"HABITATS_TERRESTPNT.81784","geometry":{"type":"MultiPoint","coordinates":[[374867.4459,4673048.0367]]},"geometry_name":"GEOMETRIA","properties":{"ID":81784,"COD_GRUP":"6","GRUP_CA":"Roques, tarteres, glaceres, coves","COD_TIPUS":"62","TIPUS_CA":"Roques no litorals","COD_SUBTIP":"62.1","SUBTIP_CA":"Cingles i penyals calcaris","COD_CORINE":"62.151","CORINE_CA":"Roques calcàries, amb Potentilla caulescens, Saxifraga longifolia, Asplenium fontanum..., de l'estatge montà i de les muntanyes mediterrànies","COD_HIC":"8210","HIC_CA":"Costers rocosos calcaris amb vegetació rupícola","HIC_PRIOR":"No","COD_EUNIS":"H3.251","EUNIS_EN":"Alpine calcareous cliff heliophile communities","C_EUNIS_ES":"H3.251","EUNIS_ES":"Alpine calcareous cliff heliophile communities","COD_LPEHT":"62.151","LPEHT_ES":"Rocas calcáreas con Potentilla caulescens, Saxifraga longifolia, Ramonda myconi, Asplenium fontanum, etc., del prepirineo y de las montañas catalanas","REL_EUN_LP":"L’hàbitat LPEHT es correspon totalment amb l’hàbitat EUNIS","AMENACA":1,"VGI":6,"EXCENTRICI":2,"SUP_ESTIM":600,"PERCEN_PNT":null}},{"type":"Feature","id":"HABITATS_TERRESTPNT.261167","geometry":{"type":"MultiPoint","coordinates":[[373425.0138,4673102.5263]]},"geometry_name":"GEOMETRIA","properties":{"ID":261167,"COD_GRUP":"6","GRUP_CA":"Roques, tarteres, glaceres, coves","COD_TIPUS":"62","TIPUS_CA":"Roques no litorals","COD_SUBTIP":"62.1","SUBTIP_CA":"Cingles i penyals calcaris","COD_CORINE":"62.151","CORINE_CA":"Roques calcàries, amb Potentilla caulescens, Saxifraga longifolia, Asplenium fontanum..., de l'estatge montà i de les muntanyes mediterrànies","COD_HIC":"8210","HIC_CA":"Costers rocosos calcaris amb vegetació rupícola","HIC_PRIOR":"No","COD_EUNIS":"H3.251","EUNIS_EN":"Alpine calcareous cliff heliophile communities","C_EUNIS_ES":"H3.251","EUNIS_ES":"Alpine calcareous cliff heliophile communities","COD_LPEHT":"62.151","LPEHT_ES":"Rocas calcáreas con Potentilla caulescens, Saxifraga longifolia, Ramonda myconi, Asplenium fontanum, etc., del prepirineo y de las montañas catalanas","REL_EUN_LP":"L’hàbitat LPEHT es correspon totalment amb l’hàbitat EUNIS","AMENACA":1,"VGI":6,"EXCENTRICI":2,"SUP_ESTIM":1200,"PERCEN_PNT":null}},{"type":"Feature","id":"HABITATS_TERRESTPNT.261821","geometry":{"type":"MultiPoint","coordinates":[[373841.7031,4673104.7542]]},"geometry_name":"GEOMETRIA","properties":{"ID":261821,"COD_GRUP":"6","GRUP_CA":"Roques, tarteres, glaceres, coves","COD_TIPUS":"62","TIPUS_CA":"Roques no litorals","COD_SUBTIP":"62.1","SUBTIP_CA":"Cingles i penyals calcaris","COD_CORINE":"62.151","CORINE_CA":"Roques calcàries, amb Potentilla caulescens, Saxifraga longifolia, Asplenium fontanum..., de l'estatge montà i de les muntanyes mediterrànies","COD_HIC":"8210","HIC_CA":"Costers rocosos calcaris amb vegetació rupícola","HIC_PRIOR":"No","COD_EUNIS":"H3.251","EUNIS_EN":"Alpine calcareous cliff heliophile communities","C_EUNIS_ES":"H3.251","EUNIS_ES":"Alpine calcareous cliff heliophile communities","COD_LPEHT":"62.151","LPEHT_ES":"Rocas calcáreas con Potentilla caulescens, Saxifraga longifolia, Ramonda myconi, Asplenium fontanum, etc., del prepirineo y de las montañas catalanas","REL_EUN_LP":"L’hàbitat LPEHT es correspon totalment amb l’hàbitat EUNIS","AMENACA":1,"VGI":6,"EXCENTRICI":2,"SUP_ESTIM":1200,"PERCEN_PNT":null}},{"type":"Feature","id":"HABITATS_TERRESTPNT.81585","geometry":{"type":"MultiPoint","coordinates":[[374264.3145,4668976.174]]},"geometry_name":"GEOMETRIA","properties":{"ID":81585,"COD_GRUP":"3","GRUP_CA":"Vegetació arbustiva i herbàcia","COD_TIPUS":"36","TIPUS_CA":"Prats (i comunitats afins) d'alta muntanya","COD_SUBTIP":"36.3","SUBTIP_CA":"Prats acidòfils d'alta muntanya","COD_CORINE":"36.311","CORINE_CA":"Prats de pèl caní (Nardus stricta), mesòfils, de l'alta muntanya pirinenca","COD_HIC":"6230*","HIC_CA":"Prats de pèl caní (Nardus stricta) dels terrenys silicis dels Pirineus","HIC_PRIOR":"Si","COD_EUNIS":"E4.311","EUNIS_EN":"Pyreneo-Alpine mesophile mat-grass swards","C_EUNIS_ES":"E4.311","EUNIS_ES":"Pyreneo-Alpine mesophile mat-grass swards","COD_LPEHT":"36.311","LPEHT_ES":"Cervunales mesófilos de la alta montaña pirenaica","REL_EUN_LP":"L’hàbitat LPEHT es correspon totalment amb l’hàbitat EUNIS","AMENACA":1,"VGI":5,"EXCENTRICI":1,"SUP_ESTIM":2000,"PERCEN_PNT":null}},{"type":"Feature","id":"HABITATS_TERRESTPNT.81891","geometry":{"type":"MultiPoint","coordinates":[[373319.34,4668978.0245]]},"geometry_name":"GEOMETRIA","properties":{"ID":81891,"COD_GRUP":"3","GRUP_CA":"Vegetació arbustiva i herbàcia","COD_TIPUS":"34","TIPUS_CA":"Prats (i altres formacions herbàcies) basòfils, secs, de terra baixa i de la muntanya mitjana","COD_SUBTIP":"34.7","SUBTIP_CA":"Prats submediterranis","COD_CORINE":"34.7133","CORINE_CA":"Prats, sovint emmatats, d'Ononis striata, Anthyllis montana, Globularia cordifolia (lluqueta)..., calcícoles i xeròfils, de la muntanya mitjana (i de l'estatge subalpí), sobretot als Prepirineus","COD_HIC":"-","HIC_CA":null,"HIC_PRIOR":null,"COD_EUNIS":"E1.5133.ES","EUNIS_EN":"-","C_EUNIS_ES":"E1.5133.ES","EUNIS_ES":"Pastizales franco-ibéricos con Anthyllis montana, Ononis striata, Koeleria vallesiana y Festuca spp.","COD_LPEHT":"34.7133","LPEHT_ES":"Pastizales franco-ibéricos con Anthyllis montana, Ononis striata, Koeleria vallesiana y Festuca spp.","REL_EUN_LP":"L’hàbitat LPEHT es correspon totalment amb l’hàbitat EUNIS","AMENACA":1,"VGI":5,"EXCENTRICI":1,"SUP_ESTIM":3000,"PERCEN_PNT":null}},{"type":"Feature","id":"HABITATS_TERRESTPNT.81586","geometry":{"type":"MultiPoint","coordinates":[[373709.7837,4668996.2172]]},"geometry_name":"GEOMETRIA","properties":{"ID":81586,"COD_GRUP":"3","GRUP_CA":"Vegetació arbustiva i herbàcia","COD_TIPUS":"31","TIPUS_CA":"Bosquines i matollars de muntanya i d'ambients frescals de terra baixa","COD_SUBTIP":"31.4","SUBTIP_CA":"Matollars baixos o prostrats d'alta muntanya","COD_CORINE":"31.431","CORINE_CA":"Matollars de ginebró (Juniperus nana), de vessants solells de l'estatge subalpí","COD_HIC":"4060","HIC_CA":"Matollars alpins i boreals","HIC_PRIOR":"No","COD_EUNIS":"F2.231","EUNIS_EN":"Mountain Juniperus nana scrub","C_EUNIS_ES":"F2.2311.ES","EUNIS_ES":"Matorrales de Juniperus communis subsp. alpina de laderas solanas del piso subalpino pirenaico y de los montes vascos","COD_LPEHT":"31.4311","LPEHT_ES":"Matorrales de Juniperus communis subsp. alpina de laderas solanas del piso subalpino pirenaico y de los montes vascos","REL_EUN_LP":"L’hàbitat LPEHT es correspon totalment amb l’hàbitat EUNIS","AMENACA":2,"VGI":5,"EXCENTRICI":1,"SUP_ESTIM":3000,"PERCEN_PNT":null}},{"type":"Feature","id":"HABITATS_TERRESTPNT.81591","geometry":{"type":"MultiPoint","coordinates":[[375385.309,4669076.3485]]},"geometry_name":"GEOMETRIA","properties":{"ID":81591,"COD_GRUP":"6","GRUP_CA":"Roques, tarteres, glaceres, coves","COD_TIPUS":"65","TIPUS_CA":"Coves","COD_SUBTIP":"65.4","SUBTIP_CA":"Coves i avencs","COD_CORINE":"65.4","CORINE_CA":"Coves i avencs","COD_HIC":"8310","HIC_CA":"Coves no explotades pel turisme","HIC_PRIOR":"No","COD_EUNIS":"H1.23","EUNIS_EN":"Troglobiont invertebrate caves","C_EUNIS_ES":"H1.23","EUNIS_ES":"Troglobiont invertebrate caves","COD_LPEHT":"65.4","LPEHT_ES":"Cuevas con invertebrados troglobiontes","REL_EUN_LP":"L’hàbitat LPEHT es correspon totalment amb l’hàbitat EUNIS","AMENACA":1,"VGI":4,"EXCENTRICI":2,"SUP_ESTIM":1,"PERCEN_PNT":null}},{"type":"Feature","id":"HABITATS_TERRESTPNT.81595","geometry":{"type":"MultiPoint","coordinates":[[374293.881,4669110.8282]]},"geometry_name":"GEOMETRIA","properties":{"ID":81595,"COD_GRUP":"3","GRUP_CA":"Vegetació arbustiva i herbàcia","COD_TIPUS":"36","TIPUS_CA":"Prats (i comunitats afins) d'alta muntanya","COD_SUBTIP":"36.3","SUBTIP_CA":"Prats acidòfils d'alta muntanya","COD_CORINE":"36.311","CORINE_CA":"Prats de pèl caní (Nardus stricta), mesòfils, de l'alta muntanya pirinenca","COD_HIC":"6230*","HIC_CA":"Prats de pèl caní (Nardus stricta) dels terrenys silicis dels Pirineus","HIC_PRIOR":"Si","COD_EUNIS":"E4.311","EUNIS_EN":"Pyreneo-Alpine mesophile mat-grass swards","C_EUNIS_ES":"E4.311","EUNIS_ES":"Pyreneo-Alpine mesophile mat-grass swards","COD_LPEHT":"36.311","LPEHT_ES":"Cervunales mesófilos de la alta montaña pirenaica","REL_EUN_LP":"L’hàbitat LPEHT es correspon totalment amb l’hàbitat EUNIS","AMENACA":1,"VGI":5,"EXCENTRICI":1,"SUP_ESTIM":100,"PERCEN_PNT":null}},{"type":"Feature","id":"HABITATS_TERRESTPNT.81606","geometry":{"type":"MultiPoint","coordinates":[[375280.2914,4669186.8701]]},"geometry_name":"GEOMETRIA","properties":{"ID":81606,"COD_GRUP":"3","GRUP_CA":"Vegetació arbustiva i herbàcia","COD_TIPUS":"31","TIPUS_CA":"Bosquines i matollars de muntanya i d'ambients frescals de terra baixa","COD_SUBTIP":"31.4","SUBTIP_CA":"Matollars baixos o prostrats d'alta muntanya","COD_CORINE":"31.431","CORINE_CA":"Matollars de ginebró (Juniperus nana), de vessants solells de l'estatge subalpí","COD_HIC":"4060","HIC_CA":"Matollars alpins i boreals","HIC_PRIOR":"No","COD_EUNIS":"F2.231","EUNIS_EN":"Mountain Juniperus nana scrub","C_EUNIS_ES":"F2.2311.ES","EUNIS_ES":"Matorrales de Juniperus communis subsp. alpina de laderas solanas del piso subalpino pirenaico y de los montes vascos","COD_LPEHT":"31.4311","LPEHT_ES":"Matorrales de Juniperus communis subsp. alpina de laderas solanas del piso subalpino pirenaico y de los montes vascos","REL_EUN_LP":"L’hàbitat LPEHT es correspon totalment amb l’hàbitat EUNIS","AMENACA":2,"VGI":5,"EXCENTRICI":1,"SUP_ESTIM":4000,"PERCEN_PNT":null}},{"type":"Feature","id":"HABITATS_TERRESTPNT.81608","geometry":{"type":"MultiPoint","coordinates":[[374187.5892,4669195.0197]]},"geometry_name":"GEOMETRIA","properties":{"ID":81608,"COD_GRUP":"3","GRUP_CA":"Vegetació arbustiva i herbàcia","COD_TIPUS":"31","TIPUS_CA":"Bosquines i matollars de muntanya i d'ambients frescals de terra baixa","COD_SUBTIP":"31.4","SUBTIP_CA":"Matollars baixos o prostrats d'alta muntanya","COD_CORINE":"31.431","CORINE_CA":"Matollars de ginebró (Juniperus nana), de vessants solells de l'estatge subalpí","COD_HIC":"4060","HIC_CA":"Matollars alpins i boreals","HIC_PRIOR":"No","COD_EUNIS":"F2.231","EUNIS_EN":"Mountain Juniperus nana scrub","C_EUNIS_ES":"F2.2311.ES","EUNIS_ES":"Matorrales de Juniperus communis subsp. alpina de laderas solanas del piso subalpino pirenaico y de los montes vascos","COD_LPEHT":"31.4311","LPEHT_ES":"Matorrales de Juniperus communis subsp. alpina de laderas solanas del piso subalpino pirenaico y de los montes vascos","REL_EUN_LP":"L’hàbitat LPEHT es correspon totalment amb l’hàbitat EUNIS","AMENACA":2,"VGI":5,"EXCENTRICI":1,"SUP_ESTIM":500,"PERCEN_PNT":null}},{"type":"Feature","id":"HABITATS_TERRESTPNT.81612","geometry":{"type":"MultiPoint","coordinates":[[374343.0776,4669218.782]]},"geometry_name":"GEOMETRIA","properties":{"ID":81612,"COD_GRUP":"3","GRUP_CA":"Vegetació arbustiva i herbàcia","COD_TIPUS":"36","TIPUS_CA":"Prats (i comunitats afins) d'alta muntanya","COD_SUBTIP":"36.3","SUBTIP_CA":"Prats acidòfils d'alta muntanya","COD_CORINE":"36.311","CORINE_CA":"Prats de pèl caní (Nardus stricta), mesòfils, de l'alta muntanya pirinenca","COD_HIC":"6230*","HIC_CA":"Prats de pèl caní (Nardus stricta) dels terrenys silicis dels Pirineus","HIC_PRIOR":"Si","COD_EUNIS":"E4.311","EUNIS_EN":"Pyreneo-Alpine mesophile mat-grass swards","C_EUNIS_ES":"E4.311","EUNIS_ES":"Pyreneo-Alpine mesophile mat-grass swards","COD_LPEHT":"36.311","LPEHT_ES":"Cervunales mesófilos de la alta montaña pirenaica","REL_EUN_LP":"L’hàbitat LPEHT es correspon totalment amb l’hàbitat EUNIS","AMENACA":1,"VGI":5,"EXCENTRICI":1,"SUP_ESTIM":8000,"PERCEN_PNT":null}},{"type":"Feature","id":"HABITATS_TERRESTPNT.81617","geometry":{"type":"MultiPoint","coordinates":[[376503.4626,4669285.0308]]},"geometry_name":"GEOMETRIA","properties":{"ID":81617,"COD_GRUP":"3","GRUP_CA":"Vegetació arbustiva i herbàcia","COD_TIPUS":"31","TIPUS_CA":"Bosquines i matollars de muntanya i d'ambients frescals de terra baixa","COD_SUBTIP":"31.4","SUBTIP_CA":"Matollars baixos o prostrats d'alta muntanya","COD_CORINE":"31.431","CORINE_CA":"Matollars de ginebró (Juniperus nana), de vessants solells de l'estatge subalpí","COD_HIC":"4060","HIC_CA":"Matollars alpins i boreals","HIC_PRIOR":"No","COD_EUNIS":"F2.231","EUNIS_EN":"Mountain Juniperus nana scrub","C_EUNIS_ES":"F2.2311.ES","EUNIS_ES":"Matorrales de Juniperus communis subsp. alpina de laderas solanas del piso subalpino pirenaico y de los montes vascos","COD_LPEHT":"31.4311","LPEHT_ES":"Matorrales de Juniperus communis subsp. alpina de laderas solanas del piso subalpino pirenaico y de los montes vascos","REL_EUN_LP":"L’hàbitat LPEHT es correspon totalment amb l’hàbitat EUNIS","AMENACA":2,"VGI":5,"EXCENTRICI":1,"SUP_ESTIM":1000,"PERCEN_PNT":null}},{"type":"Feature","id":"HABITATS_TERRESTPNT.81622","geometry":{"type":"MultiPoint","coordinates":[[374572.2649,4669319.1621]]},"geometry_name":"GEOMETRIA","properties":{"ID":81622,"COD_GRUP":"3","GRUP_CA":"Vegetació arbustiva i herbàcia","COD_TIPUS":"36","TIPUS_CA":"Prats (i comunitats afins) d'alta muntanya","COD_SUBTIP":"36.3","SUBTIP_CA":"Prats acidòfils d'alta muntanya","COD_CORINE":"36.311","CORINE_CA":"Prats de pèl caní (Nardus stricta), mesòfils, de l'alta muntanya pirinenca","COD_HIC":"6230*","HIC_CA":"Prats de pèl caní (Nardus stricta) dels terrenys silicis dels Pirineus","HIC_PRIOR":"Si","COD_EUNIS":"E4.311","EUNIS_EN":"Pyreneo-Alpine mesophile mat-grass swards","C_EUNIS_ES":"E4.311","EUNIS_ES":"Pyreneo-Alpine mesophile mat-grass swards","COD_LPEHT":"36.311","LPEHT_ES":"Cervunales mesófilos de la alta montaña pirenaica","REL_EUN_LP":"L’hàbitat LPEHT es correspon totalment amb l’hàbitat EUNIS","AMENACA":1,"VGI":5,"EXCENTRICI":1,"SUP_ESTIM":500,"PERCEN_PNT":null}},{"type":"Feature","id":"HABITATS_TERRESTPNT.81623","geometry":{"type":"MultiPoint","coordinates":[[376215.8599,4669321.2788]]},"geometry_name":"GEOMETRIA","properties":{"ID":81623,"COD_GRUP":"3","GRUP_CA":"Vegetació arbustiva i herbàcia","COD_TIPUS":"31","TIPUS_CA":"Bosquines i matollars de muntanya i d'ambients frescals de terra baixa","COD_SUBTIP":"31.4","SUBTIP_CA":"Matollars baixos o prostrats d'alta muntanya","COD_CORINE":"31.431","CORINE_CA":"Matollars de ginebró (Juniperus nana), de vessants solells de l'estatge subalpí","COD_HIC":"4060","HIC_CA":"Matollars alpins i boreals","HIC_PRIOR":"No","COD_EUNIS":"F2.231","EUNIS_EN":"Mountain Juniperus nana scrub","C_EUNIS_ES":"F2.2311.ES","EUNIS_ES":"Matorrales de Juniperus communis subsp. alpina de laderas solanas del piso subalpino pirenaico y de los montes vascos","COD_LPEHT":"31.4311","LPEHT_ES":"Matorrales de Juniperus communis subsp. alpina de laderas solanas del piso subalpino pirenaico y de los montes vascos","REL_EUN_LP":"L’hàbitat LPEHT es correspon totalment amb l’hàbitat EUNIS","AMENACA":2,"VGI":5,"EXCENTRICI":1,"SUP_ESTIM":1000,"PERCEN_PNT":null}},{"type":"Feature","id":"HABITATS_TERRESTPNT.81630","geometry":{"type":"MultiPoint","coordinates":[[375286.9164,4669429.6561]]},"geometry_name":"GEOMETRIA","properties":{"ID":81630,"COD_GRUP":"3","GRUP_CA":"Vegetació arbustiva i herbàcia","COD_TIPUS":"34","TIPUS_CA":"Prats (i altres formacions herbàcies) basòfils, secs, de terra baixa i de la muntanya mitjana","COD_SUBTIP":"34.3","SUBTIP_CA":"Prats medioeuropeus (o mediterranis) dominats per herbes perennes","COD_CORINE":"34.32611+","CORINE_CA":"Prats calcícoles i mesòfils, amb Festuca nigrescens, Plantago media (plantatge), Galium verum (espunyidella groga), Cirsium acaule..., de la muntanya mitjana i de l'estatge subalpí dels Pirineus i de les terres properes","COD_HIC":"6210","HIC_CA":"Prats -i fàcies emmatades- medioeuropeus, seminaturals, sobre substrat calcari (Festuco-Brometea)","HIC_PRIOR":"No","COD_EUNIS":"E1.26611.ES","EUNIS_EN":"-","C_EUNIS_ES":"E1.26611.ES","EUNIS_ES":"Pastos calcícolas y mesófilos, con Festuca nigrescens, Plantago media, Galium verum, Cirsium acaule, etc.","COD_LPEHT":"34.32611","LPEHT_ES":"Pastos calcícolas y mesófilos, con Festuca nigrescens, Plantago media, Galium verum, Cirsium acaule, etc.","REL_EUN_LP":"L’hàbitat LPEHT es correspon totalment amb l’hàbitat EUNIS","AMENACA":1,"VGI":5,"EXCENTRICI":1,"SUP_ESTIM":2700,"PERCEN_PNT":null}},{"type":"Feature","id":"HABITATS_TERRESTPNT.81632","geometry":{"type":"MultiPoint","coordinates":[[376265.7599,4669460.1533]]},"geometry_name":"GEOMETRIA","properties":{"ID":81632,"COD_GRUP":"6","GRUP_CA":"Roques, tarteres, glaceres, coves","COD_TIPUS":"62","TIPUS_CA":"Roques no litorals","COD_SUBTIP":"62.1","SUBTIP_CA":"Cingles i penyals calcaris","COD_CORINE":"62.12","CORINE_CA":"Roques calcàries, amb Saxifraga media, Potentilla nivalis, P. alchemilloides…, de l'alta muntanya pirinenca","COD_HIC":"8210","HIC_CA":"Costers rocosos calcaris amb vegetació rupícola","HIC_PRIOR":"No","COD_EUNIS":"H3.22","EUNIS_EN":"Central Pyrenean calcicolous chasmophyte communities","C_EUNIS_ES":"H3.22","EUNIS_ES":"Central Pyrenean calcicolous chasmophyte communities","COD_LPEHT":"62.12","LPEHT_ES":"Roquedos calcáreos, con Saxifraga media, Potentilla nivalis, P. alchimilloides, etc., de la alta montaña pirenaica","REL_EUN_LP":"L’hàbitat LPEHT es correspon totalment amb l’hàbitat EUNIS","AMENACA":1,"VGI":6,"EXCENTRICI":2,"SUP_ESTIM":600,"PERCEN_PNT":null}},{"type":"Feature","id":"HABITATS_TERRESTPNT.81634","geometry":{"type":"MultiPoint","coordinates":[[376201.756,4669472.7344]]},"geometry_name":"GEOMETRIA","properties":{"ID":81634,"COD_GRUP":"6","GRUP_CA":"Roques, tarteres, glaceres, coves","COD_TIPUS":"62","TIPUS_CA":"Roques no litorals","COD_SUBTIP":"62.1","SUBTIP_CA":"Cingles i penyals calcaris","COD_CORINE":"62.12","CORINE_CA":"Roques calcàries, amb Saxifraga media, Potentilla nivalis, P. alchemilloides…, de l'alta muntanya pirinenca","COD_HIC":"8210","HIC_CA":"Costers rocosos calcaris amb vegetació rupícola","HIC_PRIOR":"No","COD_EUNIS":"H3.22","EUNIS_EN":"Central Pyrenean calcicolous chasmophyte communities","C_EUNIS_ES":"H3.22","EUNIS_ES":"Central Pyrenean calcicolous chasmophyte communities","COD_LPEHT":"62.12","LPEHT_ES":"Roquedos calcáreos, con Saxifraga media, Potentilla nivalis, P. alchimilloides, etc., de la alta montaña pirenaica","REL_EUN_LP":"L’hàbitat LPEHT es correspon totalment amb l’hàbitat EUNIS","AMENACA":1,"VGI":6,"EXCENTRICI":2,"SUP_ESTIM":1200,"PERCEN_PNT":null}},{"type":"Feature","id":"HABITATS_TERRESTPNT.81636","geometry":{"type":"MultiPoint","coordinates":[[375470.6854,4669479.8648]]},"geometry_name":"GEOMETRIA","properties":{"ID":81636,"COD_GRUP":"3","GRUP_CA":"Vegetació arbustiva i herbàcia","COD_TIPUS":"34","TIPUS_CA":"Prats (i altres formacions herbàcies) basòfils, secs, de terra baixa i de la muntanya mitjana","COD_SUBTIP":"34.3","SUBTIP_CA":"Prats medioeuropeus (o mediterranis) dominats per herbes perennes","COD_CORINE":"34.32611+","CORINE_CA":"Prats calcícoles i mesòfils, amb Festuca nigrescens, Plantago media (plantatge), Galium verum (espunyidella groga), Cirsium acaule..., de la muntanya mitjana i de l'estatge subalpí dels Pirineus i de les terres properes","COD_HIC":"6210","HIC_CA":"Prats -i fàcies emmatades- medioeuropeus, seminaturals, sobre substrat calcari (Festuco-Brometea)","HIC_PRIOR":"No","COD_EUNIS":"E1.26611.ES","EUNIS_EN":"-","C_EUNIS_ES":"E1.26611.ES","EUNIS_ES":"Pastos calcícolas y mesófilos, con Festuca nigrescens, Plantago media, Galium verum, Cirsium acaule, etc.","COD_LPEHT":"34.32611","LPEHT_ES":"Pastos calcícolas y mesófilos, con Festuca nigrescens, Plantago media, Galium verum, Cirsium acaule, etc.","REL_EUN_LP":"L’hàbitat LPEHT es correspon totalment amb l’hàbitat EUNIS","AMENACA":1,"VGI":5,"EXCENTRICI":1,"SUP_ESTIM":2100,"PERCEN_PNT":null}},{"type":"Feature","id":"HABITATS_TERRESTPNT.260735","geometry":{"type":"MultiPoint","coordinates":[[374244.5763,4669493.5644]]},"geometry_name":"GEOMETRIA","properties":{"ID":260735,"COD_GRUP":"3","GRUP_CA":"Vegetació arbustiva i herbàcia","COD_TIPUS":"36","TIPUS_CA":"Prats (i comunitats afins) d'alta muntanya","COD_SUBTIP":"36.3","SUBTIP_CA":"Prats acidòfils d'alta muntanya","COD_CORINE":"36.311","CORINE_CA":"Prats de pèl caní (Nardus stricta), mesòfils, de l'alta muntanya pirinenca","COD_HIC":"6230*","HIC_CA":"Prats de pèl caní (Nardus stricta) dels terrenys silicis dels Pirineus","HIC_PRIOR":"Si","COD_EUNIS":"E4.311","EUNIS_EN":"Pyreneo-Alpine mesophile mat-grass swards","C_EUNIS_ES":"E4.311","EUNIS_ES":"Pyreneo-Alpine mesophile mat-grass swards","COD_LPEHT":"36.311","LPEHT_ES":"Cervunales mesófilos de la alta montaña pirenaica","REL_EUN_LP":"L’hàbitat LPEHT es correspon totalment amb l’hàbitat EUNIS","AMENACA":1,"VGI":5,"EXCENTRICI":1,"SUP_ESTIM":800,"PERCEN_PNT":null}},{"type":"Feature","id":"HABITATS_TERRESTPNT.260831","geometry":{"type":"MultiPoint","coordinates":[[373172.5646,4669566.473]]},"geometry_name":"GEOMETRIA","properties":{"ID":260831,"COD_GRUP":"3","GRUP_CA":"Vegetació arbustiva i herbàcia","COD_TIPUS":"36","TIPUS_CA":"Prats (i comunitats afins) d'alta muntanya","COD_SUBTIP":"36.3","SUBTIP_CA":"Prats acidòfils d'alta muntanya","COD_CORINE":"36.311","CORINE_CA":"Prats de pèl caní (Nardus stricta), mesòfils, de l'alta muntanya pirinenca","COD_HIC":"6230*","HIC_CA":"Prats de pèl caní (Nardus stricta) dels terrenys silicis dels Pirineus","HIC_PRIOR":"Si","COD_EUNIS":"E4.311","EUNIS_EN":"Pyreneo-Alpine mesophile mat-grass swards","C_EUNIS_ES":"E4.311","EUNIS_ES":"Pyreneo-Alpine mesophile mat-grass swards","COD_LPEHT":"36.311","LPEHT_ES":"Cervunales mesófilos de la alta montaña pirenaica","REL_EUN_LP":"L’hàbitat LPEHT es correspon totalment amb l’hàbitat EUNIS","AMENACA":1,"VGI":5,"EXCENTRICI":1,"SUP_ESTIM":120,"PERCEN_PNT":null}},{"type":"Feature","id":"HABITATS_TERRESTPNT.81649","geometry":{"type":"MultiPoint","coordinates":[[375052.279,4669683.4893]]},"geometry_name":"GEOMETRIA","properties":{"ID":81649,"COD_GRUP":"3","GRUP_CA":"Vegetació arbustiva i herbàcia","COD_TIPUS":"36","TIPUS_CA":"Prats (i comunitats afins) d'alta muntanya","COD_SUBTIP":"36.3","SUBTIP_CA":"Prats acidòfils d'alta muntanya","COD_CORINE":"36.311","CORINE_CA":"Prats de pèl caní (Nardus stricta), mesòfils, de l'alta muntanya pirinenca","COD_HIC":"6230*","HIC_CA":"Prats de pèl caní (Nardus stricta) dels terrenys silicis dels Pirineus","HIC_PRIOR":"Si","COD_EUNIS":"E4.311","EUNIS_EN":"Pyreneo-Alpine mesophile mat-grass swards","C_EUNIS_ES":"E4.311","EUNIS_ES":"Pyreneo-Alpine mesophile mat-grass swards","COD_LPEHT":"36.311","LPEHT_ES":"Cervunales mesófilos de la alta montaña pirenaica","REL_EUN_LP":"L’hàbitat LPEHT es correspon totalment amb l’hàbitat EUNIS","AMENACA":1,"VGI":5,"EXCENTRICI":1,"SUP_ESTIM":400,"PERCEN_PNT":null}},{"type":"Feature","id":"HABITATS_TERRESTPNT.261275","geometry":{"type":"MultiPoint","coordinates":[[373447.252,4669804.7093]]},"geometry_name":"GEOMETRIA","properties":{"ID":261275,"COD_GRUP":"6","GRUP_CA":"Roques, tarteres, glaceres, coves","COD_TIPUS":"61","TIPUS_CA":"Tarteres","COD_SUBTIP":"61.3","SUBTIP_CA":"Altres tarteres","COD_CORINE":"61.311","CORINE_CA":"Pedrusques calcàries, amb Stipa calamagrostis, Rumex scutatus..., de l'estatge montà poc plujós","COD_HIC":"8130","HIC_CA":"Tarteres de l'Europa meridional amb vegetació poc o molt termòfila","HIC_PRIOR":"No","COD_EUNIS":"H2.611","EUNIS_EN":"Rough-grass screes","C_EUNIS_ES":"H2.611","EUNIS_ES":"Rough-grass screes","COD_LPEHT":"61.311","LPEHT_ES":"Pedregales calcáreos, con Stipa calamagrostis, Rumex scutatus, etc., montano-subalpinos","REL_EUN_LP":"L’hàbitat LPEHT es correspon totalment amb l’hàbitat EUNIS","AMENACA":1,"VGI":6,"EXCENTRICI":2,"SUP_ESTIM":4100,"PERCEN_PNT":null}},{"type":"Feature","id":"HABITATS_TERRESTPNT.81652","geometry":{"type":"MultiPoint","coordinates":[[375856.7779,4669827.2427]]},"geometry_name":"GEOMETRIA","properties":{"ID":81652,"COD_GRUP":"3","GRUP_CA":"Vegetació arbustiva i herbàcia","COD_TIPUS":"36","TIPUS_CA":"Prats (i comunitats afins) d'alta muntanya","COD_SUBTIP":"36.3","SUBTIP_CA":"Prats acidòfils d'alta muntanya","COD_CORINE":"36.311","CORINE_CA":"Prats de pèl caní (Nardus stricta), mesòfils, de l'alta muntanya pirinenca","COD_HIC":"6230*","HIC_CA":"Prats de pèl caní (Nardus stricta) dels terrenys silicis dels Pirineus","HIC_PRIOR":"Si","COD_EUNIS":"E4.311","EUNIS_EN":"Pyreneo-Alpine mesophile mat-grass swards","C_EUNIS_ES":"E4.311","EUNIS_ES":"Pyreneo-Alpine mesophile mat-grass swards","COD_LPEHT":"36.311","LPEHT_ES":"Cervunales mesófilos de la alta montaña pirenaica","REL_EUN_LP":"L’hàbitat LPEHT es correspon totalment amb l’hàbitat EUNIS","AMENACA":1,"VGI":5,"EXCENTRICI":1,"SUP_ESTIM":2700,"PERCEN_PNT":null}},{"type":"Feature","id":"HABITATS_TERRESTPNT.81656","geometry":{"type":"MultiPoint","coordinates":[[375461.0611,4670026.1254]]},"geometry_name":"GEOMETRIA","properties":{"ID":81656,"COD_GRUP":"3","GRUP_CA":"Vegetació arbustiva i herbàcia","COD_TIPUS":"36","TIPUS_CA":"Prats (i comunitats afins) d'alta muntanya","COD_SUBTIP":"36.3","SUBTIP_CA":"Prats acidòfils d'alta muntanya","COD_CORINE":"36.311","CORINE_CA":"Prats de pèl caní (Nardus stricta), mesòfils, de l'alta muntanya pirinenca","COD_HIC":"6230*","HIC_CA":"Prats de pèl caní (Nardus stricta) dels terrenys silicis dels Pirineus","HIC_PRIOR":"Si","COD_EUNIS":"E4.311","EUNIS_EN":"Pyreneo-Alpine mesophile mat-grass swards","C_EUNIS_ES":"E4.311","EUNIS_ES":"Pyreneo-Alpine mesophile mat-grass swards","COD_LPEHT":"36.311","LPEHT_ES":"Cervunales mesófilos de la alta montaña pirenaica","REL_EUN_LP":"L’hàbitat LPEHT es correspon totalment amb l’hàbitat EUNIS","AMENACA":1,"VGI":5,"EXCENTRICI":1,"SUP_ESTIM":2000,"PERCEN_PNT":null}},{"type":"Feature","id":"HABITATS_TERRESTPNT.261156","geometry":{"type":"MultiPoint","coordinates":[[373574.1374,4670515.149]]},"geometry_name":"GEOMETRIA","properties":{"ID":261156,"COD_GRUP":"3","GRUP_CA":"Vegetació arbustiva i herbàcia","COD_TIPUS":"34","TIPUS_CA":"Prats (i altres formacions herbàcies) basòfils, secs, de terra baixa i de la muntanya mitjana","COD_SUBTIP":"34.3","SUBTIP_CA":"Prats medioeuropeus (o mediterranis) dominats per herbes perennes","COD_CORINE":"34.32611+","CORINE_CA":"Prats calcícoles i mesòfils, amb Festuca nigrescens, Plantago media (plantatge), Galium verum (espunyidella groga), Cirsium acaule..., de la muntanya mitjana i de l'estatge subalpí dels Pirineus i de les terres properes","COD_HIC":"6210","HIC_CA":"Prats -i fàcies emmatades- medioeuropeus, seminaturals, sobre substrat calcari (Festuco-Brometea)","HIC_PRIOR":"No","COD_EUNIS":"E1.26611.ES","EUNIS_EN":"-","C_EUNIS_ES":"E1.26611.ES","EUNIS_ES":"Pastos calcícolas y mesófilos, con Festuca nigrescens, Plantago media, Galium verum, Cirsium acaule, etc.","COD_LPEHT":"34.32611","LPEHT_ES":"Pastos calcícolas y mesófilos, con Festuca nigrescens, Plantago media, Galium verum, Cirsium acaule, etc.","REL_EUN_LP":"L’hàbitat LPEHT es correspon totalment amb l’hàbitat EUNIS","AMENACA":1,"VGI":5,"EXCENTRICI":1,"SUP_ESTIM":3600,"PERCEN_PNT":null}},{"type":"Feature","id":"HABITATS_TERRESTPNT.261625","geometry":{"type":"MultiPoint","coordinates":[[373128.0497,4670716.8485]]},"geometry_name":"GEOMETRIA","properties":{"ID":261625,"COD_GRUP":"6","GRUP_CA":"Roques, tarteres, glaceres, coves","COD_TIPUS":"62","TIPUS_CA":"Roques no litorals","COD_SUBTIP":"62.1","SUBTIP_CA":"Cingles i penyals calcaris","COD_CORINE":"62.151","CORINE_CA":"Roques calcàries, amb Potentilla caulescens, Saxifraga longifolia, Asplenium fontanum..., de l'estatge montà i de les muntanyes mediterrànies","COD_HIC":"8210","HIC_CA":"Costers rocosos calcaris amb vegetació rupícola","HIC_PRIOR":"No","COD_EUNIS":"H3.251","EUNIS_EN":"Alpine calcareous cliff heliophile communities","C_EUNIS_ES":"H3.251","EUNIS_ES":"Alpine calcareous cliff heliophile communities","COD_LPEHT":"62.151","LPEHT_ES":"Rocas calcáreas con Potentilla caulescens, Saxifraga longifolia, Ramonda myconi, Asplenium fontanum, etc., del prepirineo y de las montañas catalanas","REL_EUN_LP":"L’hàbitat LPEHT es correspon totalment amb l’hàbitat EUNIS","AMENACA":1,"VGI":5,"EXCENTRICI":1,"SUP_ESTIM":200,"PERCEN_PNT":null}},{"type":"Feature","id":"HABITATS_TERRESTPNT.81684","geometry":{"type":"MultiPoint","coordinates":[[375110.6536,4671020.6255]]},"geometry_name":"GEOMETRIA","properties":{"ID":81684,"COD_GRUP":"3","GRUP_CA":"Vegetació arbustiva i herbàcia","COD_TIPUS":"31","TIPUS_CA":"Bosquines i matollars de muntanya i d'ambients frescals de terra baixa","COD_SUBTIP":"31.4","SUBTIP_CA":"Matollars baixos o prostrats d'alta muntanya","COD_CORINE":"31.431","CORINE_CA":"Matollars de ginebró (Juniperus nana), de vessants solells de l'estatge subalpí","COD_HIC":"4060","HIC_CA":"Matollars alpins i boreals","HIC_PRIOR":"No","COD_EUNIS":"F2.231","EUNIS_EN":"Mountain Juniperus nana scrub","C_EUNIS_ES":"F2.2311.ES","EUNIS_ES":"Matorrales de Juniperus communis subsp. alpina de laderas solanas del piso subalpino pirenaico y de los montes vascos","COD_LPEHT":"31.4311","LPEHT_ES":"Matorrales de Juniperus communis subsp. alpina de laderas solanas del piso subalpino pirenaico y de los montes vascos","REL_EUN_LP":"L’hàbitat LPEHT es correspon totalment amb l’hàbitat EUNIS","AMENACA":2,"VGI":5,"EXCENTRICI":1,"SUP_ESTIM":800,"PERCEN_PNT":null}},{"type":"Feature","id":"HABITATS_TERRESTPNT.81927","geometry":{"type":"MultiPoint","coordinates":[[374811.2108,4671031.8042]]},"geometry_name":"GEOMETRIA","properties":{"ID":81927,"COD_GRUP":"3","GRUP_CA":"Vegetació arbustiva i herbàcia","COD_TIPUS":"34","TIPUS_CA":"Prats (i altres formacions herbàcies) basòfils, secs, de terra baixa i de la muntanya mitjana","COD_SUBTIP":"34.7","SUBTIP_CA":"Prats submediterranis","COD_CORINE":"34.7133","CORINE_CA":"Prats, sovint emmatats, d'Ononis striata, Anthyllis montana, Globularia cordifolia (lluqueta)..., calcícoles i xeròfils, de la muntanya mitjana (i de l'estatge subalpí), sobretot als Prepirineus","COD_HIC":"-","HIC_CA":null,"HIC_PRIOR":null,"COD_EUNIS":"E1.5133.ES","EUNIS_EN":"-","C_EUNIS_ES":"E1.5133.ES","EUNIS_ES":"Pastizales franco-ibéricos con Anthyllis montana, Ononis striata, Koeleria vallesiana y Festuca spp.","COD_LPEHT":"34.7133","LPEHT_ES":"Pastizales franco-ibéricos con Anthyllis montana, Ononis striata, Koeleria vallesiana y Festuca spp.","REL_EUN_LP":"L’hàbitat LPEHT es correspon totalment amb l’hàbitat EUNIS","AMENACA":1,"VGI":5,"EXCENTRICI":1,"SUP_ESTIM":7500,"PERCEN_PNT":null}},{"type":"Feature","id":"HABITATS_TERRESTPNT.81686","geometry":{"type":"MultiPoint","coordinates":[[374980.1476,4671076.7834]]},"geometry_name":"GEOMETRIA","properties":{"ID":81686,"COD_GRUP":"3","GRUP_CA":"Vegetació arbustiva i herbàcia","COD_TIPUS":"31","TIPUS_CA":"Bosquines i matollars de muntanya i d'ambients frescals de terra baixa","COD_SUBTIP":"31.4","SUBTIP_CA":"Matollars baixos o prostrats d'alta muntanya","COD_CORINE":"31.431","CORINE_CA":"Matollars de ginebró (Juniperus nana), de vessants solells de l'estatge subalpí","COD_HIC":"4060","HIC_CA":"Matollars alpins i boreals","HIC_PRIOR":"No","COD_EUNIS":"F2.231","EUNIS_EN":"Mountain Juniperus nana scrub","C_EUNIS_ES":"F2.2311.ES","EUNIS_ES":"Matorrales de Juniperus communis subsp. alpina de laderas solanas del piso subalpino pirenaico y de los montes vascos","COD_LPEHT":"31.4311","LPEHT_ES":"Matorrales de Juniperus communis subsp. alpina de laderas solanas del piso subalpino pirenaico y de los montes vascos","REL_EUN_LP":"L’hàbitat LPEHT es correspon totalment amb l’hàbitat EUNIS","AMENACA":2,"VGI":5,"EXCENTRICI":1,"SUP_ESTIM":5000,"PERCEN_PNT":null}},{"type":"Feature","id":"HABITATS_TERRESTPNT.81687","geometry":{"type":"MultiPoint","coordinates":[[375300.3228,4671081.5614]]},"geometry_name":"GEOMETRIA","properties":{"ID":81687,"COD_GRUP":"3","GRUP_CA":"Vegetació arbustiva i herbàcia","COD_TIPUS":"36","TIPUS_CA":"Prats (i comunitats afins) d'alta muntanya","COD_SUBTIP":"36.3","SUBTIP_CA":"Prats acidòfils d'alta muntanya","COD_CORINE":"36.311","CORINE_CA":"Prats de pèl caní (Nardus stricta), mesòfils, de l'alta muntanya pirinenca","COD_HIC":"6230*","HIC_CA":"Prats de pèl caní (Nardus stricta) dels terrenys silicis dels Pirineus","HIC_PRIOR":"Si","COD_EUNIS":"E4.311","EUNIS_EN":"Pyreneo-Alpine mesophile mat-grass swards","C_EUNIS_ES":"E4.311","EUNIS_ES":"Pyreneo-Alpine mesophile mat-grass swards","COD_LPEHT":"36.311","LPEHT_ES":"Cervunales mesófilos de la alta montaña pirenaica","REL_EUN_LP":"L’hàbitat LPEHT es correspon totalment amb l’hàbitat EUNIS","AMENACA":1,"VGI":5,"EXCENTRICI":1,"SUP_ESTIM":24,"PERCEN_PNT":null}},{"type":"Feature","id":"HABITATS_TERRESTPNT.81690","geometry":{"type":"MultiPoint","coordinates":[[375817.3373,4671142.9448]]},"geometry_name":"GEOMETRIA","properties":{"ID":81690,"COD_GRUP":"3","GRUP_CA":"Vegetació arbustiva i herbàcia","COD_TIPUS":"34","TIPUS_CA":"Prats (i altres formacions herbàcies) basòfils, secs, de terra baixa i de la muntanya mitjana","COD_SUBTIP":"34.3","SUBTIP_CA":"Prats medioeuropeus (o mediterranis) dominats per herbes perennes","COD_CORINE":"34.32611+","CORINE_CA":"Prats calcícoles i mesòfils, amb Festuca nigrescens, Plantago media (plantatge), Galium verum (espunyidella groga), Cirsium acaule..., de la muntanya mitjana i de l'estatge subalpí dels Pirineus i de les terres properes","COD_HIC":"6210","HIC_CA":"Prats -i fàcies emmatades- medioeuropeus, seminaturals, sobre substrat calcari (Festuco-Brometea)","HIC_PRIOR":"No","COD_EUNIS":"E1.26611.ES","EUNIS_EN":"-","C_EUNIS_ES":"E1.26611.ES","EUNIS_ES":"Pastos calcícolas y mesófilos, con Festuca nigrescens, Plantago media, Galium verum, Cirsium acaule, etc.","COD_LPEHT":"34.32611","LPEHT_ES":"Pastos calcícolas y mesófilos, con Festuca nigrescens, Plantago media, Galium verum, Cirsium acaule, etc.","REL_EUN_LP":"L’hàbitat LPEHT es correspon totalment amb l’hàbitat EUNIS","AMENACA":1,"VGI":5,"EXCENTRICI":1,"SUP_ESTIM":7600,"PERCEN_PNT":null}},{"type":"Feature","id":"HABITATS_TERRESTPNT.81691","geometry":{"type":"MultiPoint","coordinates":[[375262.7894,4671190.9514]]},"geometry_name":"GEOMETRIA","properties":{"ID":81691,"COD_GRUP":"3","GRUP_CA":"Vegetació arbustiva i herbàcia","COD_TIPUS":"36","TIPUS_CA":"Prats (i comunitats afins) d'alta muntanya","COD_SUBTIP":"36.3","SUBTIP_CA":"Prats acidòfils d'alta muntanya","COD_CORINE":"36.311","CORINE_CA":"Prats de pèl caní (Nardus stricta), mesòfils, de l'alta muntanya pirinenca","COD_HIC":"6230*","HIC_CA":"Prats de pèl caní (Nardus stricta) dels terrenys silicis dels Pirineus","HIC_PRIOR":"Si","COD_EUNIS":"E4.311","EUNIS_EN":"Pyreneo-Alpine mesophile mat-grass swards","C_EUNIS_ES":"E4.311","EUNIS_ES":"Pyreneo-Alpine mesophile mat-grass swards","COD_LPEHT":"36.311","LPEHT_ES":"Cervunales mesófilos de la alta montaña pirenaica","REL_EUN_LP":"L’hàbitat LPEHT es correspon totalment amb l’hàbitat EUNIS","AMENACA":1,"VGI":5,"EXCENTRICI":1,"SUP_ESTIM":300,"PERCEN_PNT":null}},{"type":"Feature","id":"HABITATS_TERRESTPNT.81692","geometry":{"type":"MultiPoint","coordinates":[[375302.8077,4671205.1728]]},"geometry_name":"GEOMETRIA","properties":{"ID":81692,"COD_GRUP":"3","GRUP_CA":"Vegetació arbustiva i herbàcia","COD_TIPUS":"34","TIPUS_CA":"Prats (i altres formacions herbàcies) basòfils, secs, de terra baixa i de la muntanya mitjana","COD_SUBTIP":"34.3","SUBTIP_CA":"Prats medioeuropeus (o mediterranis) dominats per herbes perennes","COD_CORINE":"34.32611+","CORINE_CA":"Prats calcícoles i mesòfils, amb Festuca nigrescens, Plantago media (plantatge), Galium verum (espunyidella groga), Cirsium acaule..., de la muntanya mitjana i de l'estatge subalpí dels Pirineus i de les terres properes","COD_HIC":"6210","HIC_CA":"Prats -i fàcies emmatades- medioeuropeus, seminaturals, sobre substrat calcari (Festuco-Brometea)","HIC_PRIOR":"No","COD_EUNIS":"E1.26611.ES","EUNIS_EN":"-","C_EUNIS_ES":"E1.26611.ES","EUNIS_ES":"Pastos calcícolas y mesófilos, con Festuca nigrescens, Plantago media, Galium verum, Cirsium acaule, etc.","COD_LPEHT":"34.32611","LPEHT_ES":"Pastos calcícolas y mesófilos, con Festuca nigrescens, Plantago media, Galium verum, Cirsium acaule, etc.","REL_EUN_LP":"L’hàbitat LPEHT es correspon totalment amb l’hàbitat EUNIS","AMENACA":1,"VGI":5,"EXCENTRICI":1,"SUP_ESTIM":4000,"PERCEN_PNT":null}},{"type":"Feature","id":"HABITATS_TERRESTPNT.261354","geometry":{"type":"MultiPoint","coordinates":[[373159.1405,4671332.3248]]},"geometry_name":"GEOMETRIA","properties":{"ID":261354,"COD_GRUP":"3","GRUP_CA":"Vegetació arbustiva i herbàcia","COD_TIPUS":"32","TIPUS_CA":"Bosquines i matollars mediterranis i submediterranis","COD_SUBTIP":"32.6","SUBTIP_CA":"Matollars submediterranis i mediterranis muntanyencs","COD_CORINE":"32.641+","CORINE_CA":"Boixedes (matollars de Buxus sempervirens) de la muntanya mitjana (i de les contrades mediterrànies)","COD_HIC":"5110","HIC_CA":"Boixedes xerotermòfiles permanents, dels vessants rocosos","HIC_PRIOR":"No","COD_EUNIS":"F6.64","EUNIS_EN":"Supra-Mediterranean Buxus sempervirens scrub","C_EUNIS_ES":"F6.64","EUNIS_ES":"Supra-Mediterranean [Buxus sempervirens] scrub","COD_LPEHT":"32.64","LPEHT_ES":"Matorrales de Buxus sempervirens de óptimo supramediterráneo","REL_EUN_LP":"L’hàbitat LPEHT es correspon totalment amb l’hàbitat EUNIS","AMENACA":1,"VGI":4,"EXCENTRICI":2,"SUP_ESTIM":6000,"PERCEN_PNT":null}},{"type":"Feature","id":"HABITATS_TERRESTPNT.81558","geometry":{"type":"MultiPoint","coordinates":[[376508.5222,4668686.8456]]},"geometry_name":"GEOMETRIA","properties":{"ID":81558,"COD_GRUP":"3","GRUP_CA":"Vegetació arbustiva i herbàcia","COD_TIPUS":"37","TIPUS_CA":"Herbassars, jonqueres i prats humits","COD_SUBTIP":"37.3","SUBTIP_CA":"Jonqueres i herbassars humits oligotròfics, medioeuropeus","COD_CORINE":"37.311","CORINE_CA":"Herbassars graminoides amb alba roja (Molinia coerulea), higròfils i basòfils, de la muntanya mitjana","COD_HIC":"6410","HIC_CA":"Herbassars de Molinia coerulea en sòls calcaris torbosos o argil·lollimosos (Molinion caeruleae)","HIC_PRIOR":"No","COD_EUNIS":"E3.511","EUNIS_EN":"Calcicline purple moorgrass meadows","C_EUNIS_ES":"E3.5115.ES","EUNIS_ES":"Prados higrófilos y basófilos de Molinia caerulea del sur de Francia y de la mitad norte de la Península Ibérica","COD_LPEHT":"37.3115","LPEHT_ES":"Prados higrófilos y basófilos de Molinia caerulea del sur de Francia y de la mitad norte de la Península Ibérica","REL_EUN_LP":"L’hàbitat LPEHT es correspon totalment amb l’hàbitat EUNIS","AMENACA":1,"VGI":5,"EXCENTRICI":2,"SUP_ESTIM":100,"PERCEN_PNT":null}},{"type":"Feature","id":"HABITATS_TERRESTPNT.81592","geometry":{"type":"MultiPoint","coordinates":[[376650.5712,4669080.772]]},"geometry_name":"GEOMETRIA","properties":{"ID":81592,"COD_GRUP":"4","GRUP_CA":"Boscos","COD_TIPUS":"42","TIPUS_CA":"Boscos aciculifolis","COD_SUBTIP":"42.4","SUBTIP_CA":"Boscos de pi negre","COD_CORINE":"42.425","CORINE_CA":"Boscos de pi negre (Pinus uncinata), calcícoles i mesòfils, dels obacs pirinencs","COD_HIC":"9430*","HIC_CA":"Boscos de pi negre (Pinus uncinata) calcícoles","HIC_PRIOR":"Si","COD_EUNIS":"G3.325","EUNIS_EN":"Pasqueflower mountain pine forests","C_EUNIS_ES":"G3.325","EUNIS_ES":"Pasqueflower mountain pine forests","COD_LPEHT":"42.425","LPEHT_ES":"Bosques de pino negro (Pinus uncinata), calcícolas y mesófilos, de las umbrías pirenaicas","REL_EUN_LP":"L’hàbitat LPEHT es correspon totalment amb l’hàbitat EUNIS","AMENACA":2,"VGI":6,"EXCENTRICI":2,"SUP_ESTIM":2000,"PERCEN_PNT":null}},{"type":"Feature","id":"HABITATS_TERRESTPNT.81615","geometry":{"type":"MultiPoint","coordinates":[[376780.4467,4669241.0806]]},"geometry_name":"GEOMETRIA","properties":{"ID":81615,"COD_GRUP":"3","GRUP_CA":"Vegetació arbustiva i herbàcia","COD_TIPUS":"36","TIPUS_CA":"Prats (i comunitats afins) d'alta muntanya","COD_SUBTIP":"36.3","SUBTIP_CA":"Prats acidòfils d'alta muntanya","COD_CORINE":"36.311","CORINE_CA":"Prats de pèl caní (Nardus stricta), mesòfils, de l'alta muntanya pirinenca","COD_HIC":"6230*","HIC_CA":"Prats de pèl caní (Nardus stricta) dels terrenys silicis dels Pirineus","HIC_PRIOR":"Si","COD_EUNIS":"E4.311","EUNIS_EN":"Pyreneo-Alpine mesophile mat-grass swards","C_EUNIS_ES":"E4.311","EUNIS_ES":"Pyreneo-Alpine mesophile mat-grass swards","COD_LPEHT":"36.311","LPEHT_ES":"Cervunales mesófilos de la alta montaña pirenaica","REL_EUN_LP":"L’hàbitat LPEHT es correspon totalment amb l’hàbitat EUNIS","AMENACA":1,"VGI":5,"EXCENTRICI":1,"SUP_ESTIM":1000,"PERCEN_PNT":null}},{"type":"Feature","id":"HABITATS_TERRESTPNT.81631","geometry":{"type":"MultiPoint","coordinates":[[376645.9597,4669430.9248]]},"geometry_name":"GEOMETRIA","properties":{"ID":81631,"COD_GRUP":"3","GRUP_CA":"Vegetació arbustiva i herbàcia","COD_TIPUS":"31","TIPUS_CA":"Bosquines i matollars de muntanya i d'ambients frescals de terra baixa","COD_SUBTIP":"31.4","SUBTIP_CA":"Matollars baixos o prostrats d'alta muntanya","COD_CORINE":"31.431","CORINE_CA":"Matollars de ginebró (Juniperus nana), de vessants solells de l'estatge subalpí","COD_HIC":"4060","HIC_CA":"Matollars alpins i boreals","HIC_PRIOR":"No","COD_EUNIS":"F2.231","EUNIS_EN":"Mountain Juniperus nana scrub","C_EUNIS_ES":"F2.2311.ES","EUNIS_ES":"Matorrales de Juniperus communis subsp. alpina de laderas solanas del piso subalpino pirenaico y de los montes vascos","COD_LPEHT":"31.4311","LPEHT_ES":"Matorrales de Juniperus communis subsp. alpina de laderas solanas del piso subalpino pirenaico y de los montes vascos","REL_EUN_LP":"L’hàbitat LPEHT es correspon totalment amb l’hàbitat EUNIS","AMENACA":2,"VGI":5,"EXCENTRICI":1,"SUP_ESTIM":1000,"PERCEN_PNT":null}},{"type":"Feature","id":"HABITATS_TERRESTPNT.81635","geometry":{"type":"MultiPoint","coordinates":[[377402.073,4669479.1301]]},"geometry_name":"GEOMETRIA","properties":{"ID":81635,"COD_GRUP":"3","GRUP_CA":"Vegetació arbustiva i herbàcia","COD_TIPUS":"34","TIPUS_CA":"Prats (i altres formacions herbàcies) basòfils, secs, de terra baixa i de la muntanya mitjana","COD_SUBTIP":"34.3","SUBTIP_CA":"Prats medioeuropeus (o mediterranis) dominats per herbes perennes","COD_CORINE":"34.32611+","CORINE_CA":"Prats calcícoles i mesòfils, amb Festuca nigrescens, Plantago media (plantatge), Galium verum (espunyidella groga), Cirsium acaule..., de la muntanya mitjana i de l'estatge subalpí dels Pirineus i de les terres properes","COD_HIC":"6210","HIC_CA":"Prats -i fàcies emmatades- medioeuropeus, seminaturals, sobre substrat calcari (Festuco-Brometea)","HIC_PRIOR":"No","COD_EUNIS":"E1.26611.ES","EUNIS_EN":"-","C_EUNIS_ES":"E1.26611.ES","EUNIS_ES":"Pastos calcícolas y mesófilos, con Festuca nigrescens, Plantago media, Galium verum, Cirsium acaule, etc.","COD_LPEHT":"34.32611","LPEHT_ES":"Pastos calcícolas y mesófilos, con Festuca nigrescens, Plantago media, Galium verum, Cirsium acaule, etc.","REL_EUN_LP":"L’hàbitat LPEHT es correspon totalment amb l’hàbitat EUNIS","AMENACA":1,"VGI":5,"EXCENTRICI":1,"SUP_ESTIM":7000,"PERCEN_PNT":null}},{"type":"Feature","id":"HABITATS_TERRESTPNT.81644","geometry":{"type":"MultiPoint","coordinates":[[377304.5196,4669544.4156]]},"geometry_name":"GEOMETRIA","properties":{"ID":81644,"COD_GRUP":"6","GRUP_CA":"Roques, tarteres, glaceres, coves","COD_TIPUS":"61","TIPUS_CA":"Tarteres","COD_SUBTIP":"61.3","SUBTIP_CA":"Altres tarteres","COD_CORINE":"61.345","CORINE_CA":"Tarteres calcàries, amb Xatardia scabra (julivert d'isard) o Cirsium glabrum..., poc mòbils, de l'estatge subalpí","COD_HIC":"8130","HIC_CA":"Tarteres de l'Europa meridional amb vegetació poc o molt termòfila","HIC_PRIOR":"No","COD_EUNIS":"H2.635.ES","EUNIS_EN":"-","C_EUNIS_ES":"H2.635.ES","EUNIS_ES":"Gleras calcáreas con Borderea pyrenaica, Aquilegia pyrenaica subsp. guarensis, Veronica aragonensis, Cirsium glabrum, Xatardia scabra, etc., del piso subalpino del Pirineo","COD_LPEHT":"61.345","LPEHT_ES":"Gleras calcáreas con Borderea pyrenaica, Aquilegia pyrenaica subsp. guarensis, Veronica aragonensis, Cirsium glabrum, Xatardia scabra, etc., del piso subalpino del Pirineo","REL_EUN_LP":"L’hàbitat LPEHT es correspon totalment amb l’hàbitat EUNIS","AMENACA":1,"VGI":7,"EXCENTRICI":2,"SUP_ESTIM":100,"PERCEN_PNT":null}},{"type":"Feature","id":"HABITATS_TERRESTPNT.81659","geometry":{"type":"MultiPoint","coordinates":[[377071.7286,4670178.3934]]},"geometry_name":"GEOMETRIA","properties":{"ID":81659,"COD_GRUP":"3","GRUP_CA":"Vegetació arbustiva i herbàcia","COD_TIPUS":"31","TIPUS_CA":"Bosquines i matollars de muntanya i d'ambients frescals de terra baixa","COD_SUBTIP":"31.4","SUBTIP_CA":"Matollars baixos o prostrats d'alta muntanya","COD_CORINE":"31.431","CORINE_CA":"Matollars de ginebró (Juniperus nana), de vessants solells de l'estatge subalpí","COD_HIC":"4060","HIC_CA":"Matollars alpins i boreals","HIC_PRIOR":"No","COD_EUNIS":"F2.231","EUNIS_EN":"Mountain Juniperus nana scrub","C_EUNIS_ES":"F2.2311.ES","EUNIS_ES":"Matorrales de Juniperus communis subsp. alpina de laderas solanas del piso subalpino pirenaico y de los montes vascos","COD_LPEHT":"31.4311","LPEHT_ES":"Matorrales de Juniperus communis subsp. alpina de laderas solanas del piso subalpino pirenaico y de los montes vascos","REL_EUN_LP":"L’hàbitat LPEHT es correspon totalment amb l’hàbitat EUNIS","AMENACA":2,"VGI":5,"EXCENTRICI":1,"SUP_ESTIM":4600,"PERCEN_PNT":null}},{"type":"Feature","id":"HABITATS_TERRESTPNT.81665","geometry":{"type":"MultiPoint","coordinates":[[377760.705,4670441.3898]]},"geometry_name":"GEOMETRIA","properties":{"ID":81665,"COD_GRUP":"3","GRUP_CA":"Vegetació arbustiva i herbàcia","COD_TIPUS":"36","TIPUS_CA":"Prats (i comunitats afins) d'alta muntanya","COD_SUBTIP":"36.3","SUBTIP_CA":"Prats acidòfils d'alta muntanya","COD_CORINE":"36.311","CORINE_CA":"Prats de pèl caní (Nardus stricta), mesòfils, de l'alta muntanya pirinenca","COD_HIC":"6230*","HIC_CA":"Prats de pèl caní (Nardus stricta) dels terrenys silicis dels Pirineus","HIC_PRIOR":"Si","COD_EUNIS":"E4.311","EUNIS_EN":"Pyreneo-Alpine mesophile mat-grass swards","C_EUNIS_ES":"E4.311","EUNIS_ES":"Pyreneo-Alpine mesophile mat-grass swards","COD_LPEHT":"36.311","LPEHT_ES":"Cervunales mesófilos de la alta montaña pirenaica","REL_EUN_LP":"L’hàbitat LPEHT es correspon totalment amb l’hàbitat EUNIS","AMENACA":1,"VGI":5,"EXCENTRICI":1,"SUP_ESTIM":400,"PERCEN_PNT":null}},{"type":"Feature","id":"HABITATS_TERRESTPNT.81681","geometry":{"type":"MultiPoint","coordinates":[[376675.1645,4670981.8485]]},"geometry_name":"GEOMETRIA","properties":{"ID":81681,"COD_GRUP":"3","GRUP_CA":"Vegetació arbustiva i herbàcia","COD_TIPUS":"36","TIPUS_CA":"Prats (i comunitats afins) d'alta muntanya","COD_SUBTIP":"36.4","SUBTIP_CA":"Prats basòfils d'alta muntanya","COD_CORINE":"36.434","CORINE_CA":"Prats d'ussona (Festuca gautieri) i comunitats anàlogues, calcícoles i mesoxeròfils, de l'alta muntanya pirinenca","COD_HIC":"6170","HIC_CA":"Prats calcícoles alpins i subalpins","HIC_PRIOR":"No","COD_EUNIS":"E4.434","EUNIS_EN":"Pyrenean Festuca gautieri grasslands","C_EUNIS_ES":"E4.434","EUNIS_ES":"Pyrenean [Festuca gautieri] grasslands","COD_LPEHT":"36.434","LPEHT_ES":"Pastos de Festuca gautieri subsp. scoparia y comunidades análogas, calcícolas y mesoxerófilos, de la alta montaña pirenaica","REL_EUN_LP":"L’hàbitat LPEHT es correspon totalment amb l’hàbitat EUNIS","AMENACA":1,"VGI":6,"EXCENTRICI":2,"SUP_ESTIM":1700,"PERCEN_PNT":null}},{"type":"Feature","id":"HABITATS_TERRESTPNT.81926","geometry":{"type":"MultiPoint","coordinates":[[377761.4463,4671014.5449]]},"geometry_name":"GEOMETRIA","properties":{"ID":81926,"COD_GRUP":"3","GRUP_CA":"Vegetació arbustiva i herbàcia","COD_TIPUS":"36","TIPUS_CA":"Prats (i comunitats afins) d'alta muntanya","COD_SUBTIP":"36.3","SUBTIP_CA":"Prats acidòfils d'alta muntanya","COD_CORINE":"36.3431+","CORINE_CA":"Prats de Festuca airoides, de l'estatge alpí dels Pirineus","COD_HIC":"-","HIC_CA":null,"HIC_PRIOR":null,"COD_EUNIS":"E4.3431","EUNIS_EN":"Pyrenean Festuca airoides grasslands","C_EUNIS_ES":"E4.3431","EUNIS_ES":"Pyrenean [Festuca airoides] grasslands","COD_LPEHT":"36.3431","LPEHT_ES":"Pastos de Festuca airoides del piso alpino de los Pirineos","REL_EUN_LP":"L’hàbitat LPEHT es correspon totalment amb l’hàbitat EUNIS","AMENACA":1,"VGI":7,"EXCENTRICI":2,"SUP_ESTIM":400,"PERCEN_PNT":null}},{"type":"Feature","id":"HABITATS_TERRESTPNT.81931","geometry":{"type":"MultiPoint","coordinates":[[377620.987,4671239.4834]]},"geometry_name":"GEOMETRIA","properties":{"ID":81931,"COD_GRUP":"3","GRUP_CA":"Vegetació arbustiva i herbàcia","COD_TIPUS":"37","TIPUS_CA":"Herbassars, jonqueres i prats humits","COD_SUBTIP":"37.8","SUBTIP_CA":"Herbassars subalpins","COD_CORINE":"37.88","CORINE_CA":"Sarronars (comunitats dominades per Chenopodium bonus-henricus) i altres herbassars nitròfils d'alta muntanya","COD_HIC":"-","HIC_CA":null,"HIC_PRIOR":null,"COD_EUNIS":"E5.58","EUNIS_EN":"Alpine Rumex communities","C_EUNIS_ES":"E5.58","EUNIS_ES":"Alpine [Rumex] communities","COD_LPEHT":"37.88","LPEHT_ES":"Comunidades nitrófilas de alta montaña dominadas por Chenopodium bonus-henricus, Rumex alpinus, etc.","REL_EUN_LP":"L’hàbitat LPEHT es correspon totalment amb l’hàbitat EUNIS","AMENACA":1,"VGI":4,"EXCENTRICI":2,"SUP_ESTIM":60,"PERCEN_PNT":null}},{"type":"Feature","id":"HABITATS_TERRESTPNT.81211","geometry":{"type":"MultiPoint","coordinates":[[373417.2367,4667337.5443]]},"geometry_name":"GEOMETRIA","properties":{"ID":81211,"COD_GRUP":"3","GRUP_CA":"Vegetació arbustiva i herbàcia","COD_TIPUS":"34","TIPUS_CA":"Prats (i altres formacions herbàcies) basòfils, secs, de terra baixa i de la muntanya mitjana","COD_SUBTIP":"34.3","SUBTIP_CA":"Prats medioeuropeus (o mediterranis) dominats per herbes perennes","COD_CORINE":"34.332G1+","CORINE_CA":"Prats basòfils i xeròfils, amb Festuca ovina, Avenula iberica, Bromus erectus, Brachypodium phoenicoides, Seseli montanum, Teucrium pyrenaicum (angelins)..., de l'estatge montà dels Pirineus","COD_HIC":"6210","HIC_CA":"Prats -i fàcies emmatades- medioeuropeus, seminaturals, sobre substrat calcari (Festuco-Brometea)","HIC_PRIOR":"No","COD_EUNIS":"E1.272G1.ES","EUNIS_EN":"-","C_EUNIS_ES":"E1.272G1.ES","EUNIS_ES":"Pastos basófilos y xerófilos, con Festuca ovina, Avenula iberica, Bromus erectus, Brachypodium phoenicoides, Seseli montanum, Teucrium pyrenaicum, etc., montano-pirenaicos","COD_LPEHT":"34.332G1","LPEHT_ES":"Pastos basófilos y xerófilos, con Festuca ovina, Avenula iberica, Bromus erectus, Brachypodium phoenicoides, Seseli montanum, Teucrium pyrenaicum, etc., montano-pirenaicos","REL_EUN_LP":"L’hàbitat LPEHT es correspon totalment amb l’hàbitat EUNIS","AMENACA":1,"VGI":6,"EXCENTRICI":1,"SUP_ESTIM":2000,"PERCEN_PNT":null}},{"type":"Feature","id":"HABITATS_TERRESTPNT.81450","geometry":{"type":"MultiPoint","coordinates":[[373301.4734,4667363.8541]]},"geometry_name":"GEOMETRIA","properties":{"ID":81450,"COD_GRUP":"3","GRUP_CA":"Vegetació arbustiva i herbàcia","COD_TIPUS":"32","TIPUS_CA":"Bosquines i matollars mediterranis i submediterranis","COD_SUBTIP":"32.4","SUBTIP_CA":"Bosquines i matollars calcícoles mediterranis","COD_CORINE":"32.4A12+","CORINE_CA":"Matollars d'espernallac (Santolina chamaecyparissus), xeròfils i subnitròfils, de terra baixa","COD_HIC":"-","HIC_CA":null,"HIC_PRIOR":null,"COD_EUNIS":"F6.1A12.ES","EUNIS_EN":"-","C_EUNIS_ES":"F6.1A12.ES","EUNIS_ES":"Matorrales de Santolina chamaecyparissus","COD_LPEHT":"32.4A12","LPEHT_ES":"Matorrales de Santolina chamaecyparissus","REL_EUN_LP":"L’hàbitat LPEHT es correspon totalment amb l’hàbitat EUNIS","AMENACA":1,"VGI":5,"EXCENTRICI":3,"SUP_ESTIM":20,"PERCEN_PNT":null}},{"type":"Feature","id":"HABITATS_TERRESTPNT.81213","geometry":{"type":"MultiPoint","coordinates":[[374319.0019,4667378.6643]]},"geometry_name":"GEOMETRIA","properties":{"ID":81213,"COD_GRUP":"4","GRUP_CA":"Boscos","COD_TIPUS":"45","TIPUS_CA":"Boscos esclerofil·les i laurifolis","COD_SUBTIP":"45.3","SUBTIP_CA":"Alzinars i carrascars","COD_CORINE":"45.3416+","CORINE_CA":"Carrascars amb roures (Quercus faginea, Q. pubescens...), de terra baixa i de l'estatge submontà","COD_HIC":"9340","HIC_CA":"Alzinars i carrascars","HIC_PRIOR":"No","COD_EUNIS":"G2.12416.ES","EUNIS_EN":"-","C_EUNIS_ES":"G2.12416.ES","EUNIS_ES":"Encinares de Quercus rotundifolia con robles o quejigos (Q. humilis o hibridos, Quercus faginea), mesomediterráneos y submontanos","COD_LPEHT":"45.3416","LPEHT_ES":"Encinares de Quercus rotundifolia con robles o quejigos (Q. humilis o hibridos, Quercus faginea), mesomediterráneos y submontanos","REL_EUN_LP":"L’hàbitat LPEHT es correspon totalment amb l’hàbitat EUNIS","AMENACA":2,"VGI":5,"EXCENTRICI":3,"SUP_ESTIM":11500,"PERCEN_PNT":null}},{"type":"Feature","id":"HABITATS_TERRESTPNT.81219","geometry":{"type":"MultiPoint","coordinates":[[375965.5961,4667427.4264]]},"geometry_name":"GEOMETRIA","properties":{"ID":81219,"COD_GRUP":"3","GRUP_CA":"Vegetació arbustiva i herbàcia","COD_TIPUS":"34","TIPUS_CA":"Prats (i altres formacions herbàcies) basòfils, secs, de terra baixa i de la muntanya mitjana","COD_SUBTIP":"34.3","SUBTIP_CA":"Prats medioeuropeus (o mediterranis) dominats per herbes perennes","COD_CORINE":"34.32611+","CORINE_CA":"Prats calcícoles i mesòfils, amb Festuca nigrescens, Plantago media (plantatge), Galium verum (espunyidella groga), Cirsium acaule..., de la muntanya mitjana i de l'estatge subalpí dels Pirineus i de les terres properes","COD_HIC":"6210","HIC_CA":"Prats -i fàcies emmatades- medioeuropeus, seminaturals, sobre substrat calcari (Festuco-Brometea)","HIC_PRIOR":"No","COD_EUNIS":"E1.26611.ES","EUNIS_EN":"-","C_EUNIS_ES":"E1.26611.ES","EUNIS_ES":"Pastos calcícolas y mesófilos, con Festuca nigrescens, Plantago media, Galium verum, Cirsium acaule, etc.","COD_LPEHT":"34.32611","LPEHT_ES":"Pastos calcícolas y mesófilos, con Festuca nigrescens, Plantago media, Galium verum, Cirsium acaule, etc.","REL_EUN_LP":"L’hàbitat LPEHT es correspon totalment amb l’hàbitat EUNIS","AMENACA":1,"VGI":5,"EXCENTRICI":1,"SUP_ESTIM":7000,"PERCEN_PNT":null}},{"type":"Feature","id":"HABITATS_TERRESTPNT.81812","geometry":{"type":"MultiPoint","coordinates":[[374990.5173,4667586.6508]]},"geometry_name":"GEOMETRIA","properties":{"ID":81812,"COD_GRUP":"8","GRUP_CA":"Terres agrícoles i àrees antròpiques","COD_TIPUS":"89","TIPUS_CA":"Ports, basses i canals artificials","COD_SUBTIP":"89.2","SUBTIP_CA":"Basses i canals artificials d'aigua","COD_CORINE":"89.23","CORINE_CA":"Basses d'aigua dolça industrials, agrícoles..., grans canals i estanys ornamentals","COD_HIC":"-","HIC_CA":null,"HIC_PRIOR":null,"COD_EUNIS":"J5.31","EUNIS_EN":"Ponds and lakes with completely man-made substrate","C_EUNIS_ES":"J5.31","EUNIS_ES":"Ponds and lakes with completely man-made substrate","COD_LPEHT":"89.23","LPEHT_ES":"Estanques de agua dulce industriales o agrícolas y lagos ornamentales","REL_EUN_LP":"L’hàbitat LPEHT es correspon amb diversos hàbitats EUNIS","AMENACA":0,"VGI":0,"EXCENTRICI":0,"SUP_ESTIM":510,"PERCEN_PNT":null}},{"type":"Feature","id":"HABITATS_TERRESTPNT.81468","geometry":{"type":"MultiPoint","coordinates":[[376449.4874,4667602.2774]]},"geometry_name":"GEOMETRIA","properties":{"ID":81468,"COD_GRUP":"3","GRUP_CA":"Vegetació arbustiva i herbàcia","COD_TIPUS":"32","TIPUS_CA":"Bosquines i matollars mediterranis i submediterranis","COD_SUBTIP":"32.6","SUBTIP_CA":"Matollars submediterranis i mediterranis muntanyencs","COD_CORINE":"32.641+","CORINE_CA":"Boixedes (matollars de Buxus sempervirens) de la muntanya mitjana (i de les contrades mediterrànies)","COD_HIC":"5110","HIC_CA":"Boixedes xerotermòfiles permanents, dels vessants rocosos","HIC_PRIOR":"No","COD_EUNIS":"F6.64","EUNIS_EN":"Supra-Mediterranean Buxus sempervirens scrub","C_EUNIS_ES":"F6.64","EUNIS_ES":"Supra-Mediterranean [Buxus sempervirens] scrub","COD_LPEHT":"32.64","LPEHT_ES":"Matorrales de Buxus sempervirens de óptimo supramediterráneo","REL_EUN_LP":"L’hàbitat LPEHT es correspon totalment amb l’hàbitat EUNIS","AMENACA":1,"VGI":4,"EXCENTRICI":2,"SUP_ESTIM":2000,"PERCEN_PNT":null}},{"type":"Feature","id":"HABITATS_TERRESTPNT.81816","geometry":{"type":"MultiPoint","coordinates":[[376352.1531,4667617.6622]]},"geometry_name":"GEOMETRIA","properties":{"ID":81816,"COD_GRUP":"3","GRUP_CA":"Vegetació arbustiva i herbàcia","COD_TIPUS":"32","TIPUS_CA":"Bosquines i matollars mediterranis i submediterranis","COD_SUBTIP":"32.6","SUBTIP_CA":"Matollars submediterranis i mediterranis muntanyencs","COD_CORINE":"32.61","CORINE_CA":"Matollars d'espígol (Lavandula angustifolia), sovint amb boix (Buxus sempervirens), ginestell (Genista cinerea)..., calcícoles, de la muntanya mitjana poc plujosa","COD_HIC":"-","HIC_CA":null,"HIC_PRIOR":null,"COD_EUNIS":"F6.61","EUNIS_EN":"Lavandula angustifolia garrigues","C_EUNIS_ES":"F6.61","EUNIS_ES":"[Lavandula angustifolia] garrigues","COD_LPEHT":"32.61","LPEHT_ES":"Matorrales de espliego (Lavandula angustifolia subsp. pyrenaica), a menudo con Buxus sempervirens, Genista ausetana, etc.","REL_EUN_LP":"L’hàbitat LPEHT es correspon totalment amb l’hàbitat EUNIS","AMENACA":3,"VGI":4,"EXCENTRICI":1,"SUP_ESTIM":25,"PERCEN_PNT":null}},{"type":"Feature","id":"HABITATS_TERRESTPNT.81817","geometry":{"type":"MultiPoint","coordinates":[[374998.7741,4667619.4753]]},"geometry_name":"GEOMETRIA","properties":{"ID":81817,"COD_GRUP":"3","GRUP_CA":"Vegetació arbustiva i herbàcia","COD_TIPUS":"31","TIPUS_CA":"Bosquines i matollars de muntanya i d'ambients frescals de terra baixa","COD_SUBTIP":"31.8","SUBTIP_CA":"Bosquines, matollars i herbassars generalment preforestals o postforestals","COD_CORINE":"31.8122","CORINE_CA":"Bardisses amb esbarzer (Rubus ulmifolius), aranyoner (Prunus spinosa), gavarreres (Rosa spp.)..., mesoxeròfiles, lligades a boscos més aviat secs, de la muntanya mitjana poc plujosa","COD_HIC":"-","HIC_CA":null,"HIC_PRIOR":null,"COD_EUNIS":"F3.1122","EUNIS_EN":"Sub-Mediterranean blackthorn-privet scrub","C_EUNIS_ES":"F3.1122","EUNIS_ES":"Sub-Mediterranean blackthorn-privet scrub","COD_LPEHT":"31.8122","LPEHT_ES":"Zarzales, espinares y orlas submediterráneas con Prunus mahaleb, Acer monspessulanum y otras especies xerotermófilas","REL_EUN_LP":"L’hàbitat LPEHT es correspon totalment amb l’hàbitat EUNIS","AMENACA":1,"VGI":2,"EXCENTRICI":1,"SUP_ESTIM":5000,"PERCEN_PNT":null}},{"type":"Feature","id":"HABITATS_TERRESTPNT.81818","geometry":{"type":"MultiPoint","coordinates":[[375648.0955,4667620.0435]]},"geometry_name":"GEOMETRIA","properties":{"ID":81818,"COD_GRUP":"8","GRUP_CA":"Terres agrícoles i àrees antròpiques","COD_TIPUS":"82","TIPUS_CA":"Conreus herbacis","COD_SUBTIP":"82.3","SUBTIP_CA":"Conreus herbacis extensius, principalment de cereals","COD_CORINE":"82.31+","CORINE_CA":"Conreus herbacis extensius de sòls humits (sovint de regadiu o de contrades molt plujoses)","COD_HIC":"-","HIC_CA":null,"HIC_PRIOR":null,"COD_EUNIS":"I1.31.ES","EUNIS_EN":"-","C_EUNIS_ES":"I1.31.ES","EUNIS_ES":"Cultivos extensivos de suelos húmedos (de regadío, cultivos de vega o de áreas muy lluviosas)","COD_LPEHT":"82.31","LPEHT_ES":"Cultivos extensivos de suelos húmedos (de regadío, cultivos de vega o de áreas muy lluviosas)","REL_EUN_LP":"L’hàbitat LPEHT es correspon totalment amb l’hàbitat EUNIS","AMENACA":0,"VGI":0,"EXCENTRICI":0,"SUP_ESTIM":10000,"PERCEN_PNT":null}},{"type":"Feature","id":"HABITATS_TERRESTPNT.81475","geometry":{"type":"MultiPoint","coordinates":[[375193.5079,4667645.9337]]},"geometry_name":"GEOMETRIA","properties":{"ID":81475,"COD_GRUP":"3","GRUP_CA":"Vegetació arbustiva i herbàcia","COD_TIPUS":"34","TIPUS_CA":"Prats (i altres formacions herbàcies) basòfils, secs, de terra baixa i de la muntanya mitjana","COD_SUBTIP":"34.3","SUBTIP_CA":"Prats medioeuropeus (o mediterranis) dominats per herbes perennes","COD_CORINE":"34.32611+","CORINE_CA":"Prats calcícoles i mesòfils, amb Festuca nigrescens, Plantago media (plantatge), Galium verum (espunyidella groga), Cirsium acaule..., de la muntanya mitjana i de l'estatge subalpí dels Pirineus i de les terres properes","COD_HIC":"6210","HIC_CA":"Prats -i fàcies emmatades- medioeuropeus, seminaturals, sobre substrat calcari (Festuco-Brometea)","HIC_PRIOR":"No","COD_EUNIS":"E1.26611.ES","EUNIS_EN":"-","C_EUNIS_ES":"E1.26611.ES","EUNIS_ES":"Pastos calcícolas y mesófilos, con Festuca nigrescens, Plantago media, Galium verum, Cirsium acaule, etc.","COD_LPEHT":"34.32611","LPEHT_ES":"Pastos calcícolas y mesófilos, con Festuca nigrescens, Plantago media, Galium verum, Cirsium acaule, etc.","REL_EUN_LP":"L’hàbitat LPEHT es correspon totalment amb l’hàbitat EUNIS","AMENACA":1,"VGI":5,"EXCENTRICI":1,"SUP_ESTIM":1000,"PERCEN_PNT":null}},{"type":"Feature","id":"HABITATS_TERRESTPNT.81827","geometry":{"type":"MultiPoint","coordinates":[[374774.407,4667711.5505]]},"geometry_name":"GEOMETRIA","properties":{"ID":81827,"COD_GRUP":"3","GRUP_CA":"Vegetació arbustiva i herbàcia","COD_TIPUS":"32","TIPUS_CA":"Bosquines i matollars mediterranis i submediterranis","COD_SUBTIP":"32.4","SUBTIP_CA":"Bosquines i matollars calcícoles mediterranis","COD_CORINE":"32.4811+","CORINE_CA":"Argelagars (matollars de Genista scorpius), calcícoles, de terra baixa i de la muntanya mitjana","COD_HIC":"-","HIC_CA":null,"HIC_PRIOR":null,"COD_EUNIS":"F6.1811.ES","EUNIS_EN":"-","C_EUNIS_ES":"F6.1811.ES","EUNIS_ES":"Matorrales de Genista scorpius","COD_LPEHT":"32.4811","LPEHT_ES":"Matorrales de Genista scorpius","REL_EUN_LP":"L’hàbitat LPEHT es correspon totalment amb l’hàbitat EUNIS","AMENACA":1,"VGI":3,"EXCENTRICI":2,"SUP_ESTIM":4000,"PERCEN_PNT":null}},{"type":"Feature","id":"HABITATS_TERRESTPNT.81486","geometry":{"type":"MultiPoint","coordinates":[[374373.2746,4667755.0018]]},"geometry_name":"GEOMETRIA","properties":{"ID":81486,"COD_GRUP":"3","GRUP_CA":"Vegetació arbustiva i herbàcia","COD_TIPUS":"32","TIPUS_CA":"Bosquines i matollars mediterranis i submediterranis","COD_SUBTIP":"32.1","SUBTIP_CA":"Màquies i altres bosquines altes","COD_CORINE":"32.1134+","CORINE_CA":"Màquies de carrasca (Quercus rotundifolia), calcícoles, de les contrades mediterrànies i de l'estatge submontà","COD_HIC":"9340","HIC_CA":"Alzinars i carrascars","HIC_PRIOR":"No","COD_EUNIS":"F5.1134.ES","EUNIS_EN":"-","C_EUNIS_ES":"F5.1134.ES","EUNIS_ES":"Maquias (macrofruticedas: 2-6m) de encina (Quercus ilex subsp. rotundifolia) calcícolas","COD_LPEHT":"32.1134","LPEHT_ES":"Maquias (macrofruticedas: 2-6m) de encina (Quercus ilex subsp. rotundifolia) calcícolas","REL_EUN_LP":"L’hàbitat LPEHT es correspon totalment amb l’hàbitat EUNIS","AMENACA":1,"VGI":2,"EXCENTRICI":2,"SUP_ESTIM":12400,"PERCEN_PNT":null}},{"type":"Feature","id":"HABITATS_TERRESTPNT.81489","geometry":{"type":"MultiPoint","coordinates":[[376323.6002,4667785.749]]},"geometry_name":"GEOMETRIA","properties":{"ID":81489,"COD_GRUP":"6","GRUP_CA":"Roques, tarteres, glaceres, coves","COD_TIPUS":"62","TIPUS_CA":"Roques no litorals","COD_SUBTIP":"62.1","SUBTIP_CA":"Cingles i penyals calcaris","COD_CORINE":"62.151","CORINE_CA":"Roques calcàries, amb Potentilla caulescens, Saxifraga longifolia, Asplenium fontanum..., de l'estatge montà i de les muntanyes mediterrànies","COD_HIC":"8210","HIC_CA":"Costers rocosos calcaris amb vegetació rupícola","HIC_PRIOR":"No","COD_EUNIS":"H3.251","EUNIS_EN":"Alpine calcareous cliff heliophile communities","C_EUNIS_ES":"H3.251","EUNIS_ES":"Alpine calcareous cliff heliophile communities","COD_LPEHT":"62.151","LPEHT_ES":"Rocas calcáreas con Potentilla caulescens, Saxifraga longifolia, Ramonda myconi, Asplenium fontanum, etc., del prepirineo y de las montañas catalanas","REL_EUN_LP":"L’hàbitat LPEHT es correspon totalment amb l’hàbitat EUNIS","AMENACA":1,"VGI":5,"EXCENTRICI":1,"SUP_ESTIM":500,"PERCEN_PNT":null}},{"type":"Feature","id":"HABITATS_TERRESTPNT.81839","geometry":{"type":"MultiPoint","coordinates":[[375905.0825,4667896.3534]]},"geometry_name":"GEOMETRIA","properties":{"ID":81839,"COD_GRUP":"4","GRUP_CA":"Boscos","COD_TIPUS":"42","TIPUS_CA":"Boscos aciculifolis","COD_SUBTIP":"42.B+","SUBTIP_CA":"Boscos mixtos de coníferes","COD_CORINE":"42.B5+","CORINE_CA":"Altres boscos mixtos de coníferes","COD_HIC":"-","HIC_CA":null,"HIC_PRIOR":null,"COD_EUNIS":"G3.G8.ES","EUNIS_EN":"-","C_EUNIS_ES":"G3.G8.ES","EUNIS_ES":"Otros bosques mixtos de coníferas","COD_LPEHT":"42.G8","LPEHT_ES":"Otros bosques mixtos de coníferas","REL_EUN_LP":"L’hàbitat LPEHT es correspon totalment amb l’hàbitat EUNIS","AMENACA":3,"VGI":2,"EXCENTRICI":1,"SUP_ESTIM":5000,"PERCEN_PNT":null}},{"type":"Feature","id":"HABITATS_TERRESTPNT.81851","geometry":{"type":"MultiPoint","coordinates":[[374031.5879,4668043.4299]]},"geometry_name":"GEOMETRIA","properties":{"ID":81851,"COD_GRUP":"3","GRUP_CA":"Vegetació arbustiva i herbàcia","COD_TIPUS":"34","TIPUS_CA":"Prats (i altres formacions herbàcies) basòfils, secs, de terra baixa i de la muntanya mitjana","COD_SUBTIP":"34.7","SUBTIP_CA":"Prats submediterranis","COD_CORINE":"34.7133","CORINE_CA":"Prats, sovint emmatats, d'Ononis striata, Anthyllis montana, Globularia cordifolia (lluqueta)..., calcícoles i xeròfils, de la muntanya mitjana (i de l'estatge subalpí), sobretot als Prepirineus","COD_HIC":"-","HIC_CA":null,"HIC_PRIOR":null,"COD_EUNIS":"E1.5133.ES","EUNIS_EN":"-","C_EUNIS_ES":"E1.5133.ES","EUNIS_ES":"Pastizales franco-ibéricos con Anthyllis montana, Ononis striata, Koeleria vallesiana y Festuca spp.","COD_LPEHT":"34.7133","LPEHT_ES":"Pastizales franco-ibéricos con Anthyllis montana, Ononis striata, Koeleria vallesiana y Festuca spp.","REL_EUN_LP":"L’hàbitat LPEHT es correspon totalment amb l’hàbitat EUNIS","AMENACA":1,"VGI":5,"EXCENTRICI":1,"SUP_ESTIM":5000,"PERCEN_PNT":null}},{"type":"Feature","id":"HABITATS_TERRESTPNT.81511","geometry":{"type":"MultiPoint","coordinates":[[376122.2297,4668048.6693]]},"geometry_name":"GEOMETRIA","properties":{"ID":81511,"COD_GRUP":"3","GRUP_CA":"Vegetació arbustiva i herbàcia","COD_TIPUS":"32","TIPUS_CA":"Bosquines i matollars mediterranis i submediterranis","COD_SUBTIP":"32.6","SUBTIP_CA":"Matollars submediterranis i mediterranis muntanyencs","COD_CORINE":"32.641+","CORINE_CA":"Boixedes (matollars de Buxus sempervirens) de la muntanya mitjana (i de les contrades mediterrànies)","COD_HIC":"5110","HIC_CA":"Boixedes xerotermòfiles permanents, dels vessants rocosos","HIC_PRIOR":"No","COD_EUNIS":"F6.64","EUNIS_EN":"Supra-Mediterranean Buxus sempervirens scrub","C_EUNIS_ES":"F6.64","EUNIS_ES":"Supra-Mediterranean [Buxus sempervirens] scrub","COD_LPEHT":"32.64","LPEHT_ES":"Matorrales de Buxus sempervirens de óptimo supramediterráneo","REL_EUN_LP":"L’hàbitat LPEHT es correspon totalment amb l’hàbitat EUNIS","AMENACA":1,"VGI":4,"EXCENTRICI":2,"SUP_ESTIM":5000,"PERCEN_PNT":null}},{"type":"Feature","id":"HABITATS_TERRESTPNT.81861","geometry":{"type":"MultiPoint","coordinates":[[374556.4876,4668176.5694]]},"geometry_name":"GEOMETRIA","properties":{"ID":81861,"COD_GRUP":"3","GRUP_CA":"Vegetació arbustiva i herbàcia","COD_TIPUS":"34","TIPUS_CA":"Prats (i altres formacions herbàcies) basòfils, secs, de terra baixa i de la muntanya mitjana","COD_SUBTIP":"34.7","SUBTIP_CA":"Prats submediterranis","COD_CORINE":"34.7133","CORINE_CA":"Prats, sovint emmatats, d'Ononis striata, Anthyllis montana, Globularia cordifolia (lluqueta)..., calcícoles i xeròfils, de la muntanya mitjana (i de l'estatge subalpí), sobretot als Prepirineus","COD_HIC":"-","HIC_CA":null,"HIC_PRIOR":null,"COD_EUNIS":"E1.5133.ES","EUNIS_EN":"-","C_EUNIS_ES":"E1.5133.ES","EUNIS_ES":"Pastizales franco-ibéricos con Anthyllis montana, Ononis striata, Koeleria vallesiana y Festuca spp.","COD_LPEHT":"34.7133","LPEHT_ES":"Pastizales franco-ibéricos con Anthyllis montana, Ononis striata, Koeleria vallesiana y Festuca spp.","REL_EUN_LP":"L’hàbitat LPEHT es correspon totalment amb l’hàbitat EUNIS","AMENACA":1,"VGI":5,"EXCENTRICI":1,"SUP_ESTIM":500,"PERCEN_PNT":null}},{"type":"Feature","id":"HABITATS_TERRESTPNT.81519","geometry":{"type":"MultiPoint","coordinates":[[373860.2946,4668177.3547]]},"geometry_name":"GEOMETRIA","properties":{"ID":81519,"COD_GRUP":"4","GRUP_CA":"Boscos","COD_TIPUS":"42","TIPUS_CA":"Boscos aciculifolis","COD_SUBTIP":"42.4","SUBTIP_CA":"Boscos de pi negre","COD_CORINE":"42.4242","CORINE_CA":"Boscos de pi negre (Pinus uncinata), calcícoles i xeròfils, dels solells pirinencs","COD_HIC":"9430*","HIC_CA":"Boscos de pi negre (Pinus uncinata) calcícoles","HIC_PRIOR":"Si","COD_EUNIS":"G3.3242","EUNIS_EN":"Pyrenean bearberry mountain pine forests","C_EUNIS_ES":"G3.3242","EUNIS_ES":"Pyrenean bearberry mountain pine forests","COD_LPEHT":"42.4242","LPEHT_ES":"Bosques de Pinus uncinata, calcícolas y xerófilos, de las solanas pirenaicas","REL_EUN_LP":"L’hàbitat LPEHT es correspon totalment amb l’hàbitat EUNIS","AMENACA":3,"VGI":5,"EXCENTRICI":2,"SUP_ESTIM":4000,"PERCEN_PNT":null}},{"type":"Feature","id":"HABITATS_TERRESTPNT.81521","geometry":{"type":"MultiPoint","coordinates":[[375842.8292,4668225.4113]]},"geometry_name":"GEOMETRIA","properties":{"ID":81521,"COD_GRUP":"3","GRUP_CA":"Vegetació arbustiva i herbàcia","COD_TIPUS":"34","TIPUS_CA":"Prats (i altres formacions herbàcies) basòfils, secs, de terra baixa i de la muntanya mitjana","COD_SUBTIP":"34.3","SUBTIP_CA":"Prats medioeuropeus (o mediterranis) dominats per herbes perennes","COD_CORINE":"34.32611+","CORINE_CA":"Prats calcícoles i mesòfils, amb Festuca nigrescens, Plantago media (plantatge), Galium verum (espunyidella groga), Cirsium acaule..., de la muntanya mitjana i de l'estatge subalpí dels Pirineus i de les terres properes","COD_HIC":"6210","HIC_CA":"Prats -i fàcies emmatades- medioeuropeus, seminaturals, sobre substrat calcari (Festuco-Brometea)","HIC_PRIOR":"No","COD_EUNIS":"E1.26611.ES","EUNIS_EN":"-","C_EUNIS_ES":"E1.26611.ES","EUNIS_ES":"Pastos calcícolas y mesófilos, con Festuca nigrescens, Plantago media, Galium verum, Cirsium acaule, etc.","COD_LPEHT":"34.32611","LPEHT_ES":"Pastos calcícolas y mesófilos, con Festuca nigrescens, Plantago media, Galium verum, Cirsium acaule, etc.","REL_EUN_LP":"L’hàbitat LPEHT es correspon totalment amb l’hàbitat EUNIS","AMENACA":1,"VGI":5,"EXCENTRICI":1,"SUP_ESTIM":2000,"PERCEN_PNT":null}},{"type":"Feature","id":"HABITATS_TERRESTPNT.81522","geometry":{"type":"MultiPoint","coordinates":[[375984.6461,4668227.528]]},"geometry_name":"GEOMETRIA","properties":{"ID":81522,"COD_GRUP":"6","GRUP_CA":"Roques, tarteres, glaceres, coves","COD_TIPUS":"61","TIPUS_CA":"Tarteres","COD_SUBTIP":"61.3","SUBTIP_CA":"Altres tarteres","COD_CORINE":"61.311","CORINE_CA":"Pedrusques calcàries, amb Stipa calamagrostis, Rumex scutatus..., de l'estatge montà poc plujós","COD_HIC":"8130","HIC_CA":"Tarteres de l'Europa meridional amb vegetació poc o molt termòfila","HIC_PRIOR":"No","COD_EUNIS":"H2.611","EUNIS_EN":"Rough-grass screes","C_EUNIS_ES":"H2.611","EUNIS_ES":"Rough-grass screes","COD_LPEHT":"61.311","LPEHT_ES":"Pedregales calcáreos, con Stipa calamagrostis, Rumex scutatus, etc., montano-subalpinos","REL_EUN_LP":"L’hàbitat LPEHT es correspon totalment amb l’hàbitat EUNIS","AMENACA":1,"VGI":6,"EXCENTRICI":2,"SUP_ESTIM":3000,"PERCEN_PNT":null}},{"type":"Feature","id":"HABITATS_TERRESTPNT.81526","geometry":{"type":"MultiPoint","coordinates":[[374234.8536,4668295.0223]]},"geometry_name":"GEOMETRIA","properties":{"ID":81526,"COD_GRUP":"3","GRUP_CA":"Vegetació arbustiva i herbàcia","COD_TIPUS":"36","TIPUS_CA":"Prats (i comunitats afins) d'alta muntanya","COD_SUBTIP":"36.4","SUBTIP_CA":"Prats basòfils d'alta muntanya","COD_CORINE":"36.434","CORINE_CA":"Prats d'ussona (Festuca gautieri) i comunitats anàlogues, calcícoles i mesoxeròfils, de l'alta muntanya pirinenca","COD_HIC":"6170","HIC_CA":"Prats calcícoles alpins i subalpins","HIC_PRIOR":"No","COD_EUNIS":"E4.434","EUNIS_EN":"Pyrenean Festuca gautieri grasslands","C_EUNIS_ES":"E4.434","EUNIS_ES":"Pyrenean [Festuca gautieri] grasslands","COD_LPEHT":"36.434","LPEHT_ES":"Pastos de Festuca gautieri subsp. scoparia y comunidades análogas, calcícolas y mesoxerófilos, de la alta montaña pirenaica","REL_EUN_LP":"L’hàbitat LPEHT es correspon totalment amb l’hàbitat EUNIS","AMENACA":1,"VGI":6,"EXCENTRICI":2,"SUP_ESTIM":5000,"PERCEN_PNT":null}},{"type":"Feature","id":"HABITATS_TERRESTPNT.81527","geometry":{"type":"MultiPoint","coordinates":[[374024.4681,4668309.9564]]},"geometry_name":"GEOMETRIA","properties":{"ID":81527,"COD_GRUP":"3","GRUP_CA":"Vegetació arbustiva i herbàcia","COD_TIPUS":"31","TIPUS_CA":"Bosquines i matollars de muntanya i d'ambients frescals de terra baixa","COD_SUBTIP":"31.4","SUBTIP_CA":"Matollars baixos o prostrats d'alta muntanya","COD_CORINE":"31.431","CORINE_CA":"Matollars de ginebró (Juniperus nana), de vessants solells de l'estatge subalpí","COD_HIC":"4060","HIC_CA":"Matollars alpins i boreals","HIC_PRIOR":"No","COD_EUNIS":"F2.231","EUNIS_EN":"Mountain Juniperus nana scrub","C_EUNIS_ES":"F2.2311.ES","EUNIS_ES":"Matorrales de Juniperus communis subsp. alpina de laderas solanas del piso subalpino pirenaico y de los montes vascos","COD_LPEHT":"31.4311","LPEHT_ES":"Matorrales de Juniperus communis subsp. alpina de laderas solanas del piso subalpino pirenaico y de los montes vascos","REL_EUN_LP":"L’hàbitat LPEHT es correspon totalment amb l’hàbitat EUNIS","AMENACA":2,"VGI":5,"EXCENTRICI":1,"SUP_ESTIM":2000,"PERCEN_PNT":null}},{"type":"Feature","id":"HABITATS_TERRESTPNT.81528","geometry":{"type":"MultiPoint","coordinates":[[373363.5646,4668327.8471]]},"geometry_name":"GEOMETRIA","properties":{"ID":81528,"COD_GRUP":"3","GRUP_CA":"Vegetació arbustiva i herbàcia","COD_TIPUS":"34","TIPUS_CA":"Prats (i altres formacions herbàcies) basòfils, secs, de terra baixa i de la muntanya mitjana","COD_SUBTIP":"34.3","SUBTIP_CA":"Prats medioeuropeus (o mediterranis) dominats per herbes perennes","COD_CORINE":"34.32611+","CORINE_CA":"Prats calcícoles i mesòfils, amb Festuca nigrescens, Plantago media (plantatge), Galium verum (espunyidella groga), Cirsium acaule..., de la muntanya mitjana i de l'estatge subalpí dels Pirineus i de les terres properes","COD_HIC":"6210","HIC_CA":"Prats -i fàcies emmatades- medioeuropeus, seminaturals, sobre substrat calcari (Festuco-Brometea)","HIC_PRIOR":"No","COD_EUNIS":"E1.26611.ES","EUNIS_EN":"-","C_EUNIS_ES":"E1.26611.ES","EUNIS_ES":"Pastos calcícolas y mesófilos, con Festuca nigrescens, Plantago media, Galium verum, Cirsium acaule, etc.","COD_LPEHT":"34.32611","LPEHT_ES":"Pastos calcícolas y mesófilos, con Festuca nigrescens, Plantago media, Galium verum, Cirsium acaule, etc.","REL_EUN_LP":"L’hàbitat LPEHT es correspon totalment amb l’hàbitat EUNIS","AMENACA":1,"VGI":5,"EXCENTRICI":2,"SUP_ESTIM":2000,"PERCEN_PNT":null}},{"type":"Feature","id":"HABITATS_TERRESTPNT.81535","geometry":{"type":"MultiPoint","coordinates":[[373083.0547,4668436.337]]},"geometry_name":"GEOMETRIA","properties":{"ID":81535,"COD_GRUP":"3","GRUP_CA":"Vegetació arbustiva i herbàcia","COD_TIPUS":"34","TIPUS_CA":"Prats (i altres formacions herbàcies) basòfils, secs, de terra baixa i de la muntanya mitjana","COD_SUBTIP":"34.3","SUBTIP_CA":"Prats medioeuropeus (o mediterranis) dominats per herbes perennes","COD_CORINE":"34.32611+","CORINE_CA":"Prats calcícoles i mesòfils, amb Festuca nigrescens, Plantago media (plantatge), Galium verum (espunyidella groga), Cirsium acaule..., de la muntanya mitjana i de l'estatge subalpí dels Pirineus i de les terres properes","COD_HIC":"6210","HIC_CA":"Prats -i fàcies emmatades- medioeuropeus, seminaturals, sobre substrat calcari (Festuco-Brometea)","HIC_PRIOR":"No","COD_EUNIS":"E1.26611.ES","EUNIS_EN":"-","C_EUNIS_ES":"E1.26611.ES","EUNIS_ES":"Pastos calcícolas y mesófilos, con Festuca nigrescens, Plantago media, Galium verum, Cirsium acaule, etc.","COD_LPEHT":"34.32611","LPEHT_ES":"Pastos calcícolas y mesófilos, con Festuca nigrescens, Plantago media, Galium verum, Cirsium acaule, etc.","REL_EUN_LP":"L’hàbitat LPEHT es correspon totalment amb l’hàbitat EUNIS","AMENACA":1,"VGI":5,"EXCENTRICI":2,"SUP_ESTIM":3000,"PERCEN_PNT":null}},{"type":"Feature","id":"HABITATS_TERRESTPNT.81873","geometry":{"type":"MultiPoint","coordinates":[[375706.8005,4668483.0771]]},"geometry_name":"GEOMETRIA","properties":{"ID":81873,"COD_GRUP":"3","GRUP_CA":"Vegetació arbustiva i herbàcia","COD_TIPUS":"34","TIPUS_CA":"Prats (i altres formacions herbàcies) basòfils, secs, de terra baixa i de la muntanya mitjana","COD_SUBTIP":"34.7","SUBTIP_CA":"Prats submediterranis","COD_CORINE":"34.7133","CORINE_CA":"Prats, sovint emmatats, d'Ononis striata, Anthyllis montana, Globularia cordifolia (lluqueta)..., calcícoles i xeròfils, de la muntanya mitjana (i de l'estatge subalpí), sobretot als Prepirineus","COD_HIC":"-","HIC_CA":null,"HIC_PRIOR":null,"COD_EUNIS":"E1.5133.ES","EUNIS_EN":"-","C_EUNIS_ES":"E1.5133.ES","EUNIS_ES":"Pastizales franco-ibéricos con Anthyllis montana, Ononis striata, Koeleria vallesiana y Festuca spp.","COD_LPEHT":"34.7133","LPEHT_ES":"Pastizales franco-ibéricos con Anthyllis montana, Ononis striata, Koeleria vallesiana y Festuca spp.","REL_EUN_LP":"L’hàbitat LPEHT es correspon totalment amb l’hàbitat EUNIS","AMENACA":1,"VGI":5,"EXCENTRICI":1,"SUP_ESTIM":1000,"PERCEN_PNT":null}},{"type":"Feature","id":"HABITATS_TERRESTPNT.81544","geometry":{"type":"MultiPoint","coordinates":[[376023.2428,4668551.8689]]},"geometry_name":"GEOMETRIA","properties":{"ID":81544,"COD_GRUP":"3","GRUP_CA":"Vegetació arbustiva i herbàcia","COD_TIPUS":"34","TIPUS_CA":"Prats (i altres formacions herbàcies) basòfils, secs, de terra baixa i de la muntanya mitjana","COD_SUBTIP":"34.3","SUBTIP_CA":"Prats medioeuropeus (o mediterranis) dominats per herbes perennes","COD_CORINE":"34.32611+","CORINE_CA":"Prats calcícoles i mesòfils, amb Festuca nigrescens, Plantago media (plantatge), Galium verum (espunyidella groga), Cirsium acaule..., de la muntanya mitjana i de l'estatge subalpí dels Pirineus i de les terres properes","COD_HIC":"6210","HIC_CA":"Prats -i fàcies emmatades- medioeuropeus, seminaturals, sobre substrat calcari (Festuco-Brometea)","HIC_PRIOR":"No","COD_EUNIS":"E1.26611.ES","EUNIS_EN":"-","C_EUNIS_ES":"E1.26611.ES","EUNIS_ES":"Pastos calcícolas y mesófilos, con Festuca nigrescens, Plantago media, Galium verum, Cirsium acaule, etc.","COD_LPEHT":"34.32611","LPEHT_ES":"Pastos calcícolas y mesófilos, con Festuca nigrescens, Plantago media, Galium verum, Cirsium acaule, etc.","REL_EUN_LP":"L’hàbitat LPEHT es correspon totalment amb l’hàbitat EUNIS","AMENACA":1,"VGI":5,"EXCENTRICI":1,"SUP_ESTIM":2000,"PERCEN_PNT":null}},{"type":"Feature","id":"HABITATS_TERRESTPNT.81549","geometry":{"type":"MultiPoint","coordinates":[[376159.7681,4668614.3107]]},"geometry_name":"GEOMETRIA","properties":{"ID":81549,"COD_GRUP":"3","GRUP_CA":"Vegetació arbustiva i herbàcia","COD_TIPUS":"34","TIPUS_CA":"Prats (i altres formacions herbàcies) basòfils, secs, de terra baixa i de la muntanya mitjana","COD_SUBTIP":"34.3","SUBTIP_CA":"Prats medioeuropeus (o mediterranis) dominats per herbes perennes","COD_CORINE":"34.32611+","CORINE_CA":"Prats calcícoles i mesòfils, amb Festuca nigrescens, Plantago media (plantatge), Galium verum (espunyidella groga), Cirsium acaule..., de la muntanya mitjana i de l'estatge subalpí dels Pirineus i de les terres properes","COD_HIC":"6210","HIC_CA":"Prats -i fàcies emmatades- medioeuropeus, seminaturals, sobre substrat calcari (Festuco-Brometea)","HIC_PRIOR":"No","COD_EUNIS":"E1.26611.ES","EUNIS_EN":"-","C_EUNIS_ES":"E1.26611.ES","EUNIS_ES":"Pastos calcícolas y mesófilos, con Festuca nigrescens, Plantago media, Galium verum, Cirsium acaule, etc.","COD_LPEHT":"34.32611","LPEHT_ES":"Pastos calcícolas y mesófilos, con Festuca nigrescens, Plantago media, Galium verum, Cirsium acaule, etc.","REL_EUN_LP":"L’hàbitat LPEHT es correspon totalment amb l’hàbitat EUNIS","AMENACA":1,"VGI":5,"EXCENTRICI":1,"SUP_ESTIM":500,"PERCEN_PNT":null}},{"type":"Feature","id":"HABITATS_TERRESTPNT.81563","geometry":{"type":"MultiPoint","coordinates":[[375979.8511,4668755.0693]]},"geometry_name":"GEOMETRIA","properties":{"ID":81563,"COD_GRUP":"3","GRUP_CA":"Vegetació arbustiva i herbàcia","COD_TIPUS":"32","TIPUS_CA":"Bosquines i matollars mediterranis i submediterranis","COD_SUBTIP":"32.6","SUBTIP_CA":"Matollars submediterranis i mediterranis muntanyencs","COD_CORINE":"32.641+","CORINE_CA":"Boixedes (matollars de Buxus sempervirens) de la muntanya mitjana (i de les contrades mediterrànies)","COD_HIC":"5110","HIC_CA":"Boixedes xerotermòfiles permanents, dels vessants rocosos","HIC_PRIOR":"No","COD_EUNIS":"F6.64","EUNIS_EN":"Supra-Mediterranean Buxus sempervirens scrub","C_EUNIS_ES":"F6.64","EUNIS_ES":"Supra-Mediterranean [Buxus sempervirens] scrub","COD_LPEHT":"32.64","LPEHT_ES":"Matorrales de Buxus sempervirens de óptimo supramediterráneo","REL_EUN_LP":"L’hàbitat LPEHT es correspon totalment amb l’hàbitat EUNIS","AMENACA":1,"VGI":4,"EXCENTRICI":2,"SUP_ESTIM":4000,"PERCEN_PNT":null}},{"type":"Feature","id":"HABITATS_TERRESTPNT.81571","geometry":{"type":"MultiPoint","coordinates":[[373828.7228,4668821.4198]]},"geometry_name":"GEOMETRIA","properties":{"ID":81571,"COD_GRUP":"3","GRUP_CA":"Vegetació arbustiva i herbàcia","COD_TIPUS":"34","TIPUS_CA":"Prats (i altres formacions herbàcies) basòfils, secs, de terra baixa i de la muntanya mitjana","COD_SUBTIP":"34.3","SUBTIP_CA":"Prats medioeuropeus (o mediterranis) dominats per herbes perennes","COD_CORINE":"34.32611+","CORINE_CA":"Prats calcícoles i mesòfils, amb Festuca nigrescens, Plantago media (plantatge), Galium verum (espunyidella groga), Cirsium acaule..., de la muntanya mitjana i de l'estatge subalpí dels Pirineus i de les terres properes","COD_HIC":"6210","HIC_CA":"Prats -i fàcies emmatades- medioeuropeus, seminaturals, sobre substrat calcari (Festuco-Brometea)","HIC_PRIOR":"No","COD_EUNIS":"E1.26611.ES","EUNIS_EN":"-","C_EUNIS_ES":"E1.26611.ES","EUNIS_ES":"Pastos calcícolas y mesófilos, con Festuca nigrescens, Plantago media, Galium verum, Cirsium acaule, etc.","COD_LPEHT":"34.32611","LPEHT_ES":"Pastos calcícolas y mesófilos, con Festuca nigrescens, Plantago media, Galium verum, Cirsium acaule, etc.","REL_EUN_LP":"L’hàbitat LPEHT es correspon totalment amb l’hàbitat EUNIS","AMENACA":1,"VGI":5,"EXCENTRICI":2,"SUP_ESTIM":4000,"PERCEN_PNT":null}},{"type":"Feature","id":"HABITATS_TERRESTPNT.81574","geometry":{"type":"MultiPoint","coordinates":[[376248.6683,4668846.0861]]},"geometry_name":"GEOMETRIA","properties":{"ID":81574,"COD_GRUP":"6","GRUP_CA":"Roques, tarteres, glaceres, coves","COD_TIPUS":"61","TIPUS_CA":"Tarteres","COD_SUBTIP":"61.3","SUBTIP_CA":"Altres tarteres","COD_CORINE":"61.342","CORINE_CA":"Tarteres calcàries, amb Crepis pygmaea, de vessants rostos de l'alta muntanya","COD_HIC":"8130","HIC_CA":"Tarteres de l'Europa meridional amb vegetació poc o molt termòfila","HIC_PRIOR":"No","COD_EUNIS":"H2.632.ES","EUNIS_EN":"-","C_EUNIS_ES":"H2.632.ES","EUNIS_ES":"Gleras calcáreas con Crepis pygmaea de laderas empinadas de la alta montaña","COD_LPEHT":"61.342","LPEHT_ES":"Gleras calcáreas con Crepis pygmaea de laderas empinadas de la alta montaña","REL_EUN_LP":"L’hàbitat LPEHT es correspon totalment amb l’hàbitat EUNIS","AMENACA":1,"VGI":6,"EXCENTRICI":2,"SUP_ESTIM":5000,"PERCEN_PNT":null}},{"type":"Feature","id":"HABITATS_TERRESTPNT.81583","geometry":{"type":"MultiPoint","coordinates":[[373967.4378,4668925.2153]]},"geometry_name":"GEOMETRIA","properties":{"ID":81583,"COD_GRUP":"3","GRUP_CA":"Vegetació arbustiva i herbàcia","COD_TIPUS":"34","TIPUS_CA":"Prats (i altres formacions herbàcies) basòfils, secs, de terra baixa i de la muntanya mitjana","COD_SUBTIP":"34.3","SUBTIP_CA":"Prats medioeuropeus (o mediterranis) dominats per herbes perennes","COD_CORINE":"34.32611+","CORINE_CA":"Prats calcícoles i mesòfils, amb Festuca nigrescens, Plantago media (plantatge), Galium verum (espunyidella groga), Cirsium acaule..., de la muntanya mitjana i de l'estatge subalpí dels Pirineus i de les terres properes","COD_HIC":"6210","HIC_CA":"Prats -i fàcies emmatades- medioeuropeus, seminaturals, sobre substrat calcari (Festuco-Brometea)","HIC_PRIOR":"No","COD_EUNIS":"E1.26611.ES","EUNIS_EN":"-","C_EUNIS_ES":"E1.26611.ES","EUNIS_ES":"Pastos calcícolas y mesófilos, con Festuca nigrescens, Plantago media, Galium verum, Cirsium acaule, etc.","COD_LPEHT":"34.32611","LPEHT_ES":"Pastos calcícolas y mesófilos, con Festuca nigrescens, Plantago media, Galium verum, Cirsium acaule, etc.","REL_EUN_LP":"L’hàbitat LPEHT es correspon totalment amb l’hàbitat EUNIS","AMENACA":1,"VGI":5,"EXCENTRICI":2,"SUP_ESTIM":8000,"PERCEN_PNT":null}},{"type":"Feature","id":"HABITATS_TERRESTPNT.81182","geometry":{"type":"MultiPoint","coordinates":[[377431.1261,4666988.7464]]},"geometry_name":"GEOMETRIA","properties":{"ID":81182,"COD_GRUP":"3","GRUP_CA":"Vegetació arbustiva i herbàcia","COD_TIPUS":"34","TIPUS_CA":"Prats (i altres formacions herbàcies) basòfils, secs, de terra baixa i de la muntanya mitjana","COD_SUBTIP":"34.3","SUBTIP_CA":"Prats medioeuropeus (o mediterranis) dominats per herbes perennes","COD_CORINE":"34.332G1+","CORINE_CA":"Prats basòfils i xeròfils, amb Festuca ovina, Avenula iberica, Bromus erectus, Brachypodium phoenicoides, Seseli montanum, Teucrium pyrenaicum (angelins)..., de l'estatge montà dels Pirineus","COD_HIC":"6210","HIC_CA":"Prats -i fàcies emmatades- medioeuropeus, seminaturals, sobre substrat calcari (Festuco-Brometea)","HIC_PRIOR":"No","COD_EUNIS":"E1.272G1.ES","EUNIS_EN":"-","C_EUNIS_ES":"E1.272G1.ES","EUNIS_ES":"Pastos basófilos y xerófilos, con Festuca ovina, Avenula iberica, Bromus erectus, Brachypodium phoenicoides, Seseli montanum, Teucrium pyrenaicum, etc., montano-pirenaicos","COD_LPEHT":"34.332G1","LPEHT_ES":"Pastos basófilos y xerófilos, con Festuca ovina, Avenula iberica, Bromus erectus, Brachypodium phoenicoides, Seseli montanum, Teucrium pyrenaicum, etc., montano-pirenaicos","REL_EUN_LP":"L’hàbitat LPEHT es correspon totalment amb l’hàbitat EUNIS","AMENACA":1,"VGI":6,"EXCENTRICI":1,"SUP_ESTIM":1000,"PERCEN_PNT":null}},{"type":"Feature","id":"HABITATS_TERRESTPNT.81184","geometry":{"type":"MultiPoint","coordinates":[[377373.1822,4667032.4027]]},"geometry_name":"GEOMETRIA","properties":{"ID":81184,"COD_GRUP":"3","GRUP_CA":"Vegetació arbustiva i herbàcia","COD_TIPUS":"31","TIPUS_CA":"Bosquines i matollars de muntanya i d'ambients frescals de terra baixa","COD_SUBTIP":"31.8","SUBTIP_CA":"Bosquines, matollars i herbassars generalment preforestals o postforestals","COD_CORINE":"31.82","CORINE_CA":"Bardisses amb abundància de boix (Buxus sempervirens), calcícoles, de la muntanya mitjana poc plujosa, sobretot als Prepirineus","COD_HIC":"5110","HIC_CA":"Boixedes xerotermòfiles permanents, dels vessants rocosos","HIC_PRIOR":"No","COD_EUNIS":"F3.12","EUNIS_EN":"Buxus sempervirens thickets","C_EUNIS_ES":"F3.12","EUNIS_ES":"[Buxus sempervirens] thickets","COD_LPEHT":"31.82","LPEHT_ES":"Espinares y orlas caducifolias con boj (Buxus sempervirens)","REL_EUN_LP":"L’hàbitat LPEHT es correspon totalment amb l’hàbitat EUNIS","AMENACA":1,"VGI":3,"EXCENTRICI":2,"SUP_ESTIM":250,"PERCEN_PNT":null}},{"type":"Feature","id":"HABITATS_TERRESTPNT.81189","geometry":{"type":"MultiPoint","coordinates":[[377464.4311,4667149.3098]]},"geometry_name":"GEOMETRIA","properties":{"ID":81189,"COD_GRUP":"6","GRUP_CA":"Roques, tarteres, glaceres, coves","COD_TIPUS":"62","TIPUS_CA":"Roques no litorals","COD_SUBTIP":"62.1","SUBTIP_CA":"Cingles i penyals calcaris","COD_CORINE":"62.151","CORINE_CA":"Roques calcàries, amb Potentilla caulescens, Saxifraga longifolia, Asplenium fontanum..., de l'estatge montà i de les muntanyes mediterrànies","COD_HIC":"8210","HIC_CA":"Costers rocosos calcaris amb vegetació rupícola","HIC_PRIOR":"No","COD_EUNIS":"H3.251","EUNIS_EN":"Alpine calcareous cliff heliophile communities","C_EUNIS_ES":"H3.251","EUNIS_ES":"Alpine calcareous cliff heliophile communities","COD_LPEHT":"62.151","LPEHT_ES":"Rocas calcáreas con Potentilla caulescens, Saxifraga longifolia, Ramonda myconi, Asplenium fontanum, etc., del prepirineo y de las montañas catalanas","REL_EUN_LP":"L’hàbitat LPEHT es correspon totalment amb l’hàbitat EUNIS","AMENACA":1,"VGI":5,"EXCENTRICI":1,"SUP_ESTIM":1000,"PERCEN_PNT":null}},{"type":"Feature","id":"HABITATS_TERRESTPNT.81196","geometry":{"type":"MultiPoint","coordinates":[[376609.3286,4667215.7593]]},"geometry_name":"GEOMETRIA","properties":{"ID":81196,"COD_GRUP":"3","GRUP_CA":"Vegetació arbustiva i herbàcia","COD_TIPUS":"34","TIPUS_CA":"Prats (i altres formacions herbàcies) basòfils, secs, de terra baixa i de la muntanya mitjana","COD_SUBTIP":"34.3","SUBTIP_CA":"Prats medioeuropeus (o mediterranis) dominats per herbes perennes","COD_CORINE":"34.332G1+","CORINE_CA":"Prats basòfils i xeròfils, amb Festuca ovina, Avenula iberica, Bromus erectus, Brachypodium phoenicoides, Seseli montanum, Teucrium pyrenaicum (angelins)..., de l'estatge montà dels Pirineus","COD_HIC":"6210","HIC_CA":"Prats -i fàcies emmatades- medioeuropeus, seminaturals, sobre substrat calcari (Festuco-Brometea)","HIC_PRIOR":"No","COD_EUNIS":"E1.272G1.ES","EUNIS_EN":"-","C_EUNIS_ES":"E1.272G1.ES","EUNIS_ES":"Pastos basófilos y xerófilos, con Festuca ovina, Avenula iberica, Bromus erectus, Brachypodium phoenicoides, Seseli montanum, Teucrium pyrenaicum, etc., montano-pirenaicos","COD_LPEHT":"34.332G1","LPEHT_ES":"Pastos basófilos y xerófilos, con Festuca ovina, Avenula iberica, Bromus erectus, Brachypodium phoenicoides, Seseli montanum, Teucrium pyrenaicum, etc., montano-pirenaicos","REL_EUN_LP":"L’hàbitat LPEHT es correspon totalment amb l’hàbitat EUNIS","AMENACA":1,"VGI":6,"EXCENTRICI":1,"SUP_ESTIM":500,"PERCEN_PNT":null}},{"type":"Feature","id":"HABITATS_TERRESTPNT.81439","geometry":{"type":"MultiPoint","coordinates":[[377089.5483,4667241.9531]]},"geometry_name":"GEOMETRIA","properties":{"ID":81439,"COD_GRUP":"8","GRUP_CA":"Terres agrícoles i àrees antròpiques","COD_TIPUS":"87","TIPUS_CA":"Camps abandonats, ermots i àrees ruderals","COD_SUBTIP":"87.2","SUBTIP_CA":"Comunitats ruderals","COD_CORINE":"87.22+","CORINE_CA":"Comunitats ruderals de muntanya","COD_HIC":"-","HIC_CA":null,"HIC_PRIOR":null,"COD_EUNIS":"E5.1","EUNIS_EN":"Anthropogenic herb stands","C_EUNIS_ES":"E5.1","EUNIS_ES":"Anthropogenic herb stands","COD_LPEHT":"87.2","LPEHT_ES":"Comunidades ruderales","REL_EUN_LP":"L’hàbitat LPEHT es correspon només parcialment amb l’hàbitat EUNIS","AMENACA":0,"VGI":0,"EXCENTRICI":0,"SUP_ESTIM":50,"PERCEN_PNT":null}},{"type":"Feature","id":"HABITATS_TERRESTPNT.81441","geometry":{"type":"MultiPoint","coordinates":[[377086.3733,4667264.1782]]},"geometry_name":"GEOMETRIA","properties":{"ID":81441,"COD_GRUP":"3","GRUP_CA":"Vegetació arbustiva i herbàcia","COD_TIPUS":"31","TIPUS_CA":"Bosquines i matollars de muntanya i d'ambients frescals de terra baixa","COD_SUBTIP":"31.8","SUBTIP_CA":"Bosquines, matollars i herbassars generalment preforestals o postforestals","COD_CORINE":"31.8712","CORINE_CA":"Herbassars de belladona (Atropa belladonna), bleneres (Verbascum spp.)..., de clarianes forestals, en sòls eutròfics, als estatges montà i subalpí","COD_HIC":"-","HIC_CA":null,"HIC_PRIOR":null,"COD_EUNIS":"G5.842","EUNIS_EN":"Burdock and deadly nightshade clearings","C_EUNIS_ES":"G5.842","EUNIS_ES":"Burdock and deadly nightshade clearings","COD_LPEHT":"31.8712","LPEHT_ES":"Herbazales de belladona (Atropa belladonna) con gordolobos (Verbascum spp.), eutróficos, de zonas de montaña húmedas","REL_EUN_LP":"L’hàbitat LPEHT es correspon totalment amb l’hàbitat EUNIS","AMENACA":3,"VGI":3,"EXCENTRICI":1,"SUP_ESTIM":50,"PERCEN_PNT":null}},{"type":"Feature","id":"HABITATS_TERRESTPNT.81206","geometry":{"type":"MultiPoint","coordinates":[[377004.6169,4667293.547]]},"geometry_name":"GEOMETRIA","properties":{"ID":81206,"COD_GRUP":"3","GRUP_CA":"Vegetació arbustiva i herbàcia","COD_TIPUS":"36","TIPUS_CA":"Prats (i comunitats afins) d'alta muntanya","COD_SUBTIP":"36.4","SUBTIP_CA":"Prats basòfils d'alta muntanya","COD_CORINE":"36.434","CORINE_CA":"Prats d'ussona (Festuca gautieri) i comunitats anàlogues, calcícoles i mesoxeròfils, de l'alta muntanya pirinenca","COD_HIC":"6170","HIC_CA":"Prats calcícoles alpins i subalpins","HIC_PRIOR":"No","COD_EUNIS":"E4.434","EUNIS_EN":"Pyrenean Festuca gautieri grasslands","C_EUNIS_ES":"E4.434","EUNIS_ES":"Pyrenean [Festuca gautieri] grasslands","COD_LPEHT":"36.434","LPEHT_ES":"Pastos de Festuca gautieri subsp. scoparia y comunidades análogas, calcícolas y mesoxerófilos, de la alta montaña pirenaica","REL_EUN_LP":"L’hàbitat LPEHT es correspon totalment amb l’hàbitat EUNIS","AMENACA":1,"VGI":6,"EXCENTRICI":2,"SUP_ESTIM":500,"PERCEN_PNT":null}},{"type":"Feature","id":"HABITATS_TERRESTPNT.81447","geometry":{"type":"MultiPoint","coordinates":[[376524.6293,4667316.5268]]},"geometry_name":"GEOMETRIA","properties":{"ID":81447,"COD_GRUP":"3","GRUP_CA":"Vegetació arbustiva i herbàcia","COD_TIPUS":"34","TIPUS_CA":"Prats (i altres formacions herbàcies) basòfils, secs, de terra baixa i de la muntanya mitjana","COD_SUBTIP":"34.7","SUBTIP_CA":"Prats submediterranis","COD_CORINE":"34.7133","CORINE_CA":"Prats, sovint emmatats, d'Ononis striata, Anthyllis montana, Globularia cordifolia (lluqueta)..., calcícoles i xeròfils, de la muntanya mitjana (i de l'estatge subalpí), sobretot als Prepirineus","COD_HIC":"-","HIC_CA":null,"HIC_PRIOR":null,"COD_EUNIS":"E1.5133.ES","EUNIS_EN":"-","C_EUNIS_ES":"E1.5133.ES","EUNIS_ES":"Pastizales franco-ibéricos con Anthyllis montana, Ononis striata, Koeleria vallesiana y Festuca spp.","COD_LPEHT":"34.7133","LPEHT_ES":"Pastizales franco-ibéricos con Anthyllis montana, Ononis striata, Koeleria vallesiana y Festuca spp.","REL_EUN_LP":"L’hàbitat LPEHT es correspon totalment amb l’hàbitat EUNIS","AMENACA":1,"VGI":5,"EXCENTRICI":1,"SUP_ESTIM":2000,"PERCEN_PNT":null}},{"type":"Feature","id":"HABITATS_TERRESTPNT.81449","geometry":{"type":"MultiPoint","coordinates":[[377528.2284,4667363.2648]]},"geometry_name":"GEOMETRIA","properties":{"ID":81449,"COD_GRUP":"3","GRUP_CA":"Vegetació arbustiva i herbàcia","COD_TIPUS":"34","TIPUS_CA":"Prats (i altres formacions herbàcies) basòfils, secs, de terra baixa i de la muntanya mitjana","COD_SUBTIP":"34.7","SUBTIP_CA":"Prats submediterranis","COD_CORINE":"34.721","CORINE_CA":"Joncedes (prats, sovint emmatats, d'Aphyllanthes monspeliensis), calcícoles, de les contrades mediterrànies i de la muntanya mitjana poc plujosa","COD_HIC":"-","HIC_CA":null,"HIC_PRIOR":null,"COD_EUNIS":"E1.52","EUNIS_EN":"Aphyllanthes grassland and supra-Mediterranean steppes","C_EUNIS_ES":"E1.52","EUNIS_ES":"[Aphyllanthes] grassland and supra-Mediterranean steppes","COD_LPEHT":"34.721","LPEHT_ES":"Pastos y matorrales dominados por Aphyllanthes monspeliensis, calcícolas, con Catananche caerulea, Linum narbonense, L. suffruticosum s.l., Lavandula latifolia","REL_EUN_LP":"L’hàbitat LPEHT es correspon només parcialment amb l’hàbitat EUNIS","AMENACA":1,"VGI":5,"EXCENTRICI":2,"SUP_ESTIM":20,"PERCEN_PNT":null}},{"type":"Feature","id":"HABITATS_TERRESTPNT.81452","geometry":{"type":"MultiPoint","coordinates":[[376801.9132,4667390.6103]]},"geometry_name":"GEOMETRIA","properties":{"ID":81452,"COD_GRUP":"4","GRUP_CA":"Boscos","COD_TIPUS":"42","TIPUS_CA":"Boscos aciculifolis","COD_SUBTIP":"42.B+","SUBTIP_CA":"Boscos mixtos de coníferes","COD_CORINE":"42.B5+","CORINE_CA":"Altres boscos mixtos de coníferes","COD_HIC":"-","HIC_CA":null,"HIC_PRIOR":null,"COD_EUNIS":"G3.G8.ES","EUNIS_EN":"-","C_EUNIS_ES":"G3.G8.ES","EUNIS_ES":"Otros bosques mixtos de coníferas","COD_LPEHT":"42.G8","LPEHT_ES":"Otros bosques mixtos de coníferas","REL_EUN_LP":"L’hàbitat LPEHT es correspon totalment amb l’hàbitat EUNIS","AMENACA":3,"VGI":2,"EXCENTRICI":1,"SUP_ESTIM":5000,"PERCEN_PNT":null}},{"type":"Feature","id":"HABITATS_TERRESTPNT.81216","geometry":{"type":"MultiPoint","coordinates":[[377557.9941,4667414.8587]]},"geometry_name":"GEOMETRIA","properties":{"ID":81216,"COD_GRUP":"6","GRUP_CA":"Roques, tarteres, glaceres, coves","COD_TIPUS":"62","TIPUS_CA":"Roques no litorals","COD_SUBTIP":"62.1","SUBTIP_CA":"Cingles i penyals calcaris","COD_CORINE":"62.151","CORINE_CA":"Roques calcàries, amb Potentilla caulescens, Saxifraga longifolia, Asplenium fontanum..., de l'estatge montà i de les muntanyes mediterrànies","COD_HIC":"8210","HIC_CA":"Costers rocosos calcaris amb vegetació rupícola","HIC_PRIOR":"No","COD_EUNIS":"H3.251","EUNIS_EN":"Alpine calcareous cliff heliophile communities","C_EUNIS_ES":"H3.251","EUNIS_ES":"Alpine calcareous cliff heliophile communities","COD_LPEHT":"62.151","LPEHT_ES":"Rocas calcáreas con Potentilla caulescens, Saxifraga longifolia, Ramonda myconi, Asplenium fontanum, etc., del prepirineo y de las montañas catalanas","REL_EUN_LP":"L’hàbitat LPEHT es correspon totalment amb l’hàbitat EUNIS","AMENACA":1,"VGI":5,"EXCENTRICI":1,"SUP_ESTIM":500,"PERCEN_PNT":null}},{"type":"Feature","id":"HABITATS_TERRESTPNT.81465","geometry":{"type":"MultiPoint","coordinates":[[376689.4975,4667570.0371]]},"geometry_name":"GEOMETRIA","properties":{"ID":81465,"COD_GRUP":"6","GRUP_CA":"Roques, tarteres, glaceres, coves","COD_TIPUS":"62","TIPUS_CA":"Roques no litorals","COD_SUBTIP":"62.1","SUBTIP_CA":"Cingles i penyals calcaris","COD_CORINE":"62.151","CORINE_CA":"Roques calcàries, amb Potentilla caulescens, Saxifraga longifolia, Asplenium fontanum..., de l'estatge montà i de les muntanyes mediterrànies","COD_HIC":"8210","HIC_CA":"Costers rocosos calcaris amb vegetació rupícola","HIC_PRIOR":"No","COD_EUNIS":"H3.251","EUNIS_EN":"Alpine calcareous cliff heliophile communities","C_EUNIS_ES":"H3.251","EUNIS_ES":"Alpine calcareous cliff heliophile communities","COD_LPEHT":"62.151","LPEHT_ES":"Rocas calcáreas con Potentilla caulescens, Saxifraga longifolia, Ramonda myconi, Asplenium fontanum, etc., del prepirineo y de las montañas catalanas","REL_EUN_LP":"L’hàbitat LPEHT es correspon totalment amb l’hàbitat EUNIS","AMENACA":1,"VGI":5,"EXCENTRICI":1,"SUP_ESTIM":200,"PERCEN_PNT":null}},{"type":"Feature","id":"HABITATS_TERRESTPNT.81477","geometry":{"type":"MultiPoint","coordinates":[[376564.846,4667670.0109]]},"geometry_name":"GEOMETRIA","properties":{"ID":81477,"COD_GRUP":"6","GRUP_CA":"Roques, tarteres, glaceres, coves","COD_TIPUS":"61","TIPUS_CA":"Tarteres","COD_SUBTIP":"61.3","SUBTIP_CA":"Altres tarteres","COD_CORINE":"61.345","CORINE_CA":"Tarteres calcàries, amb Xatardia scabra (julivert d'isard) o Cirsium glabrum..., poc mòbils, de l'estatge subalpí","COD_HIC":"8130","HIC_CA":"Tarteres de l'Europa meridional amb vegetació poc o molt termòfila","HIC_PRIOR":"No","COD_EUNIS":"H2.635.ES","EUNIS_EN":"-","C_EUNIS_ES":"H2.635.ES","EUNIS_ES":"Gleras calcáreas con Borderea pyrenaica, Aquilegia pyrenaica subsp. guarensis, Veronica aragonensis, Cirsium glabrum, Xatardia scabra, etc., del piso subalpino del Pirineo","COD_LPEHT":"61.345","LPEHT_ES":"Gleras calcáreas con Borderea pyrenaica, Aquilegia pyrenaica subsp. guarensis, Veronica aragonensis, Cirsium glabrum, Xatardia scabra, etc., del piso subalpino del Pirineo","REL_EUN_LP":"L’hàbitat LPEHT es correspon totalment amb l’hàbitat EUNIS","AMENACA":1,"VGI":7,"EXCENTRICI":2,"SUP_ESTIM":1000,"PERCEN_PNT":null}},{"type":"Feature","id":"HABITATS_TERRESTPNT.81480","geometry":{"type":"MultiPoint","coordinates":[[376725.2164,4667701.0061]]},"geometry_name":"GEOMETRIA","properties":{"ID":81480,"COD_GRUP":"3","GRUP_CA":"Vegetació arbustiva i herbàcia","COD_TIPUS":"34","TIPUS_CA":"Prats (i altres formacions herbàcies) basòfils, secs, de terra baixa i de la muntanya mitjana","COD_SUBTIP":"34.3","SUBTIP_CA":"Prats medioeuropeus (o mediterranis) dominats per herbes perennes","COD_CORINE":"34.32611+","CORINE_CA":"Prats calcícoles i mesòfils, amb Festuca nigrescens, Plantago media (plantatge), Galium verum (espunyidella groga), Cirsium acaule..., de la muntanya mitjana i de l'estatge subalpí dels Pirineus i de les terres properes","COD_HIC":"6210","HIC_CA":"Prats -i fàcies emmatades- medioeuropeus, seminaturals, sobre substrat calcari (Festuco-Brometea)","HIC_PRIOR":"No","COD_EUNIS":"E1.26611.ES","EUNIS_EN":"-","C_EUNIS_ES":"E1.26611.ES","EUNIS_ES":"Pastos calcícolas y mesófilos, con Festuca nigrescens, Plantago media, Galium verum, Cirsium acaule, etc.","COD_LPEHT":"34.32611","LPEHT_ES":"Pastos calcícolas y mesófilos, con Festuca nigrescens, Plantago media, Galium verum, Cirsium acaule, etc.","REL_EUN_LP":"L’hàbitat LPEHT es correspon totalment amb l’hàbitat EUNIS","AMENACA":1,"VGI":5,"EXCENTRICI":1,"SUP_ESTIM":2000,"PERCEN_PNT":null}},{"type":"Feature","id":"HABITATS_TERRESTPNT.81835","geometry":{"type":"MultiPoint","coordinates":[[377229.2486,4667847.8502]]},"geometry_name":"GEOMETRIA","properties":{"ID":81835,"COD_GRUP":"3","GRUP_CA":"Vegetació arbustiva i herbàcia","COD_TIPUS":"34","TIPUS_CA":"Prats (i altres formacions herbàcies) basòfils, secs, de terra baixa i de la muntanya mitjana","COD_SUBTIP":"34.7","SUBTIP_CA":"Prats submediterranis","COD_CORINE":"34.7133","CORINE_CA":"Prats, sovint emmatats, d'Ononis striata, Anthyllis montana, Globularia cordifolia (lluqueta)..., calcícoles i xeròfils, de la muntanya mitjana (i de l'estatge subalpí), sobretot als Prepirineus","COD_HIC":"-","HIC_CA":null,"HIC_PRIOR":null,"COD_EUNIS":"E1.5133.ES","EUNIS_EN":"-","C_EUNIS_ES":"E1.5133.ES","EUNIS_ES":"Pastizales franco-ibéricos con Anthyllis montana, Ononis striata, Koeleria vallesiana y Festuca spp.","COD_LPEHT":"34.7133","LPEHT_ES":"Pastizales franco-ibéricos con Anthyllis montana, Ononis striata, Koeleria vallesiana y Festuca spp.","REL_EUN_LP":"L’hàbitat LPEHT es correspon totalment amb l’hàbitat EUNIS","AMENACA":1,"VGI":5,"EXCENTRICI":1,"SUP_ESTIM":100,"PERCEN_PNT":null}},{"type":"Feature","id":"HABITATS_TERRESTPNT.81417","geometry":{"type":"MultiPoint","coordinates":[[374001.8222,4666993.2304]]},"geometry_name":"GEOMETRIA","properties":{"ID":81417,"COD_GRUP":"3","GRUP_CA":"Vegetació arbustiva i herbàcia","COD_TIPUS":"31","TIPUS_CA":"Bosquines i matollars de muntanya i d'ambients frescals de terra baixa","COD_SUBTIP":"31.8","SUBTIP_CA":"Bosquines, matollars i herbassars generalment preforestals o postforestals","COD_CORINE":"31.8122","CORINE_CA":"Bardisses amb esbarzer (Rubus ulmifolius), aranyoner (Prunus spinosa), gavarreres (Rosa spp.)..., mesoxeròfiles, lligades a boscos més aviat secs, de la muntanya mitjana poc plujosa","COD_HIC":"-","HIC_CA":null,"HIC_PRIOR":null,"COD_EUNIS":"F3.1122","EUNIS_EN":"Sub-Mediterranean blackthorn-privet scrub","C_EUNIS_ES":"F3.1122","EUNIS_ES":"Sub-Mediterranean blackthorn-privet scrub","COD_LPEHT":"31.8122","LPEHT_ES":"Zarzales, espinares y orlas submediterráneas con Prunus mahaleb, Acer monspessulanum y otras especies xerotermófilas","REL_EUN_LP":"L’hàbitat LPEHT es correspon totalment amb l’hàbitat EUNIS","AMENACA":1,"VGI":2,"EXCENTRICI":1,"SUP_ESTIM":5000,"PERCEN_PNT":null}},{"type":"Feature","id":"HABITATS_TERRESTPNT.81418","geometry":{"type":"MultiPoint","coordinates":[[374291.9585,4667002.4778]]},"geometry_name":"GEOMETRIA","properties":{"ID":81418,"COD_GRUP":"4","GRUP_CA":"Boscos","COD_TIPUS":"41","TIPUS_CA":"Boscos caducifolis, planifolis","COD_SUBTIP":"41.3","SUBTIP_CA":"Freixenedes","COD_CORINE":"41.33","CORINE_CA":"Freixenedes dels Pirineus i de les muntanyes catalanídiques septentrionals","COD_HIC":"-","HIC_CA":null,"HIC_PRIOR":null,"COD_EUNIS":"G1.A23","EUNIS_EN":"Pyreneo-Cantabrian Fraxinus forests","C_EUNIS_ES":"G1.A231.ES","EUNIS_ES":"Fresnedas de Fraxinus excelsior del Pirineo","COD_LPEHT":"41.331","LPEHT_ES":"Fresnedas de Fraxinus excelsior del Pirineo","REL_EUN_LP":"L’hàbitat LPEHT es correspon totalment amb l’hàbitat EUNIS","AMENACA":2,"VGI":6,"EXCENTRICI":2,"SUP_ESTIM":1000,"PERCEN_PNT":null}},{"type":"Feature","id":"HABITATS_TERRESTPNT.81421","geometry":{"type":"MultiPoint","coordinates":[[374390.2312,4667018.3408]]},"geometry_name":"GEOMETRIA","properties":{"ID":81421,"COD_GRUP":"4","GRUP_CA":"Boscos","COD_TIPUS":"42","TIPUS_CA":"Boscos aciculifolis","COD_SUBTIP":"42.5","SUBTIP_CA":"Boscos de pi roig","COD_CORINE":"42.5E","CORINE_CA":"Pinedes de pi roig (Pinus sylvestris), o repoblacions, sense sotabosc forestal","COD_HIC":"-","HIC_CA":null,"HIC_PRIOR":null,"COD_EUNIS":"G3.4F","EUNIS_EN":"European Pinus sylvestris reforestation","C_EUNIS_ES":"G3.4F","EUNIS_ES":"European [Pinus sylvestris] reforestation","COD_LPEHT":"42.5E","LPEHT_ES":"Repoblaciones de Pinus sylvestris en el entorno de su área natural","REL_EUN_LP":"L’hàbitat LPEHT es correspon totalment amb l’hàbitat EUNIS","AMENACA":1,"VGI":1,"EXCENTRICI":2,"SUP_ESTIM":2000,"PERCEN_PNT":null}},{"type":"Feature","id":"HABITATS_TERRESTPNT.81423","geometry":{"type":"MultiPoint","coordinates":[[373498.2711,4667051.2931]]},"geometry_name":"GEOMETRIA","properties":{"ID":81423,"COD_GRUP":"3","GRUP_CA":"Vegetació arbustiva i herbàcia","COD_TIPUS":"32","TIPUS_CA":"Bosquines i matollars mediterranis i submediterranis","COD_SUBTIP":"32.4","SUBTIP_CA":"Bosquines i matollars calcícoles mediterranis","COD_CORINE":"32.4811+","CORINE_CA":"Argelagars (matollars de Genista scorpius), calcícoles, de terra baixa i de la muntanya mitjana","COD_HIC":"-","HIC_CA":null,"HIC_PRIOR":null,"COD_EUNIS":"F6.1811.ES","EUNIS_EN":"-","C_EUNIS_ES":"F6.1811.ES","EUNIS_ES":"Matorrales de Genista scorpius","COD_LPEHT":"32.4811","LPEHT_ES":"Matorrales de Genista scorpius","REL_EUN_LP":"L’hàbitat LPEHT es correspon totalment amb l’hàbitat EUNIS","AMENACA":1,"VGI":3,"EXCENTRICI":2,"SUP_ESTIM":3000,"PERCEN_PNT":null}},{"type":"Feature","id":"HABITATS_TERRESTPNT.81187","geometry":{"type":"MultiPoint","coordinates":[[373154.1382,4667074.4458]]},"geometry_name":"GEOMETRIA","properties":{"ID":81187,"COD_GRUP":"3","GRUP_CA":"Vegetació arbustiva i herbàcia","COD_TIPUS":"31","TIPUS_CA":"Bosquines i matollars de muntanya i d'ambients frescals de terra baixa","COD_SUBTIP":"31.8","SUBTIP_CA":"Bosquines, matollars i herbassars generalment preforestals o postforestals","COD_CORINE":"31.8123","CORINE_CA":"Matollars de corner (Amelanchier ovalis), boix (Buxus sempervirens), espina cervina (Rhamnus saxatilis)..., calcícoles, de costers rocosos, secs, de la muntanya mitjana","COD_HIC":"5110","HIC_CA":"Boixedes xerotermòfiles permanents, dels vessants rocosos","HIC_PRIOR":"No","COD_EUNIS":"F3.1123","EUNIS_EN":"Rock pear scrub","C_EUNIS_ES":"F3.1123","EUNIS_ES":"Rock pear scrub","COD_LPEHT":"31.8123","LPEHT_ES":"Orlas y bosquetes de guillomo (Amelanchier ovalis), en ocasiones con Cotoneaster spp.","REL_EUN_LP":"L’hàbitat LPEHT es correspon totalment amb l’hàbitat EUNIS","AMENACA":1,"VGI":4,"EXCENTRICI":2,"SUP_ESTIM":300,"PERCEN_PNT":null}},{"type":"Feature","id":"HABITATS_TERRESTPNT.81432","geometry":{"type":"MultiPoint","coordinates":[[375061.2159,4667159.0994]]},"geometry_name":"GEOMETRIA","properties":{"ID":81432,"COD_GRUP":"3","GRUP_CA":"Vegetació arbustiva i herbàcia","COD_TIPUS":"34","TIPUS_CA":"Prats (i altres formacions herbàcies) basòfils, secs, de terra baixa i de la muntanya mitjana","COD_SUBTIP":"34.7","SUBTIP_CA":"Prats submediterranis","COD_CORINE":"34.721","CORINE_CA":"Joncedes (prats, sovint emmatats, d'Aphyllanthes monspeliensis), calcícoles, de les contrades mediterrànies i de la muntanya mitjana poc plujosa","COD_HIC":"-","HIC_CA":null,"HIC_PRIOR":null,"COD_EUNIS":"E1.52","EUNIS_EN":"Aphyllanthes grassland and supra-Mediterranean steppes","C_EUNIS_ES":"E1.52","EUNIS_ES":"[Aphyllanthes] grassland and supra-Mediterranean steppes","COD_LPEHT":"34.721","LPEHT_ES":"Pastos y matorrales dominados por Aphyllanthes monspeliensis, calcícolas, con Catananche caerulea, Linum narbonense, L. suffruticosum s.l., Lavandula latifolia","REL_EUN_LP":"L’hàbitat LPEHT es correspon només parcialment amb l’hàbitat EUNIS","AMENACA":1,"VGI":5,"EXCENTRICI":2,"SUP_ESTIM":1000,"PERCEN_PNT":null}},{"type":"Feature","id":"HABITATS_TERRESTPNT.81193","geometry":{"type":"MultiPoint","coordinates":[[375818.7195,4667189.5266]]},"geometry_name":"GEOMETRIA","properties":{"ID":81193,"COD_GRUP":"6","GRUP_CA":"Roques, tarteres, glaceres, coves","COD_TIPUS":"61","TIPUS_CA":"Tarteres","COD_SUBTIP":"61.3","SUBTIP_CA":"Altres tarteres","COD_CORINE":"61.311","CORINE_CA":"Pedrusques calcàries, amb Stipa calamagrostis, Rumex scutatus..., de l'estatge montà poc plujós","COD_HIC":"8130","HIC_CA":"Tarteres de l'Europa meridional amb vegetació poc o molt termòfila","HIC_PRIOR":"No","COD_EUNIS":"H2.611","EUNIS_EN":"Rough-grass screes","C_EUNIS_ES":"H2.611","EUNIS_ES":"Rough-grass screes","COD_LPEHT":"61.311","LPEHT_ES":"Pedregales calcáreos, con Stipa calamagrostis, Rumex scutatus, etc., montano-subalpinos","REL_EUN_LP":"L’hàbitat LPEHT es correspon totalment amb l’hàbitat EUNIS","AMENACA":1,"VGI":6,"EXCENTRICI":2,"SUP_ESTIM":4000,"PERCEN_PNT":null}},{"type":"Feature","id":"HABITATS_TERRESTPNT.81438","geometry":{"type":"MultiPoint","coordinates":[[374380.7062,4667228.9496]]},"geometry_name":"GEOMETRIA","properties":{"ID":81438,"COD_GRUP":"4","GRUP_CA":"Boscos","COD_TIPUS":"41","TIPUS_CA":"Boscos caducifolis, planifolis","COD_SUBTIP":"41.3","SUBTIP_CA":"Freixenedes","COD_CORINE":"41.33","CORINE_CA":"Freixenedes dels Pirineus i de les muntanyes catalanídiques septentrionals","COD_HIC":"-","HIC_CA":null,"HIC_PRIOR":null,"COD_EUNIS":"G1.A23","EUNIS_EN":"Pyreneo-Cantabrian Fraxinus forests","C_EUNIS_ES":"G1.A231.ES","EUNIS_ES":"Fresnedas de Fraxinus excelsior del Pirineo","COD_LPEHT":"41.331","LPEHT_ES":"Fresnedas de Fraxinus excelsior del Pirineo","REL_EUN_LP":"L’hàbitat LPEHT es correspon totalment amb l’hàbitat EUNIS","AMENACA":2,"VGI":6,"EXCENTRICI":2,"SUP_ESTIM":5000,"PERCEN_PNT":null}},{"type":"Feature","id":"HABITATS_TERRESTPNT.81205","geometry":{"type":"MultiPoint","coordinates":[[373310.9449,4667293.3437]]},"geometry_name":"GEOMETRIA","properties":{"ID":81205,"COD_GRUP":"3","GRUP_CA":"Vegetació arbustiva i herbàcia","COD_TIPUS":"31","TIPUS_CA":"Bosquines i matollars de muntanya i d'ambients frescals de terra baixa","COD_SUBTIP":"31.8","SUBTIP_CA":"Bosquines, matollars i herbassars generalment preforestals o postforestals","COD_CORINE":"31.82","CORINE_CA":"Bardisses amb abundància de boix (Buxus sempervirens), calcícoles, de la muntanya mitjana poc plujosa, sobretot als Prepirineus","COD_HIC":"5110","HIC_CA":"Boixedes xerotermòfiles permanents, dels vessants rocosos","HIC_PRIOR":"No","COD_EUNIS":"F3.12","EUNIS_EN":"Buxus sempervirens thickets","C_EUNIS_ES":"F3.12","EUNIS_ES":"[Buxus sempervirens] thickets","COD_LPEHT":"31.82","LPEHT_ES":"Espinares y orlas caducifolias con boj (Buxus sempervirens)","REL_EUN_LP":"L’hàbitat LPEHT es correspon totalment amb l’hàbitat EUNIS","AMENACA":1,"VGI":3,"EXCENTRICI":2,"SUP_ESTIM":200,"PERCEN_PNT":null}},{"type":"Feature","id":"HABITATS_TERRESTPNT.81209","geometry":{"type":"MultiPoint","coordinates":[[376293.4155,4667313.3908]]},"geometry_name":"GEOMETRIA","properties":{"ID":81209,"COD_GRUP":"3","GRUP_CA":"Vegetació arbustiva i herbàcia","COD_TIPUS":"31","TIPUS_CA":"Bosquines i matollars de muntanya i d'ambients frescals de terra baixa","COD_SUBTIP":"31.8","SUBTIP_CA":"Bosquines, matollars i herbassars generalment preforestals o postforestals","COD_CORINE":"31.881","CORINE_CA":"Ginebredes de Juniperus communis, poc o molt denses, colonitzant pastures de la muntanya mitjana","COD_HIC":"5130","HIC_CA":"Formacions de Juniperus communis colonitzadores de landes o de pastures calcícoles","HIC_PRIOR":"No","COD_EUNIS":"F3.161","EUNIS_EN":"Juniper downs","C_EUNIS_ES":"F3.161","EUNIS_ES":"Juniper downs","COD_LPEHT":"31.881","LPEHT_ES":"Enebrales de Juniperus communis colonizando pastos calcícolas de montaña","REL_EUN_LP":"L’hàbitat LPEHT es correspon totalment amb l’hàbitat EUNIS","AMENACA":1,"VGI":2,"EXCENTRICI":1,"SUP_ESTIM":300,"PERCEN_PNT":null}}],"totalFeatures":551,"numberMatched":551,"numberReturned":551,"timeStamp":"2026-09-09T10:48:44.666Z","crs":{"type":"name","properties":{"name":"urn:ogc:def:crs:EPSG::25831"}}}