{"type":"FeatureCollection","features":[{"type":"Feature","id":"AIGUA_RIUS_ACA_CHE.508","geometry":{"type":"MultiLineString","coordinates":[[[394138.0295,4682128.2632],[394131.4495,4682125.6333],[394124.8595,4682123.0033],[394116.6195,4682120.9734],[394103.6294,4682120.6335],[394090.6194,4682120.3636],[394072.1794,4682117.4037],[394053.7393,4682115.0939],[394043.2093,4682115.8239],[394032.6693,4682117.734],[394010.0693,4682122.2342],[393987.8893,4682128.2644],[393971.9893,4682136.0245],[393956.2894,4682144.0746],[393929.7794,4682151.5048],[393916.4694,4682155.085],[393903.6094,4682159.8751],[393886.4795,4682167.7652],[393869.3595,4682175.6853],[393849.5895,4682184.8555],[393829.8496,4682194.1157],[393823.6696,4682198.8057],[393816.4897,4682208.6458],[393808.7797,4682217.8259],[393798.2797,4682224.486],[393787.7098,4682230.996],[393783.0398,4682236.3361],[393777.1799,4682245.9262],[393773.7199,4682249.8062],[393769.2699,4682252.0662],[393755.2299,4682255.3663],[393741.1999,4682258.6764],[393691.4198,4682254.1468],[393664.2697,4682249.627],[393617.8895,4682229.2873],[393606.2594,4682212.6674],[393592.9691,4682176.0874],[393571.3588,4682144.5076],[393563.0585,4682102.9476],[393549.7583,4682082.9976],[393534.8081,4682066.3777],[393504.8979,4682041.4379],[393458.3675,4681994.8882],[393416.8272,4681969.9585],[393388.587,4681948.3486],[393370.3069,4681940.0388],[393232.386,4681840.2897],[393160.9453,4681768.8101],[393135.515,4681733.2502],[393099.4647,4681698.9904],[393064.5645,4681680.7007],[393057.9143,4681664.0807],[393046.2842,4681647.4608],[393032.9941,4681634.1608],[393018.044,4681624.1809],[392983.1438,4681610.8912],[392923.3236,4681597.5916],[392840.2435,4681595.9222],[392816.3634,4681595.4724],[392761.4832,4681573.5028],[392726.723,4681557.033],[392706.593,4681553.3732],[392666.3429,4681557.0335],[392627.9229,4681564.3538],[392591.3329,4681566.1841],[392551.0828,4681562.5244],[392510.8326,4681551.5447],[392490.7126,4681549.7148],[392369.9624,4681551.5457],[392348.0124,4681555.2059],[392329.7124,4681560.6961],[392252.8725,4681589.9867],[392194.3325,4681602.7972],[392135.7884,4681628.4151],[392095.5326,4681633.9179],[392075.4127,4681644.8981],[392036.9927,4681659.5384],[391954.6628,4681685.1691],[391936.3628,4681686.9992],[391916.2427,4681685.1694],[391883.3125,4681668.6896],[391864.0926,4681673.2598],[391854.0425,4681663.1998],[391817.4523,4681643.0701],[391773.5421,4681626.5904],[391707.6718,4681608.2909],[391672.9116,4681591.8211],[391652.7915,4681580.8412],[391618.0313,4681557.0415],[391606.9412,4681547.8915],[391591.171,4681528.6616],[391583.0609,4681508.0716],[391571.1204,4681452.3316],[391555.2002,4681428.4417],[391521.3798,4681386.6419],[391507.4497,4681370.722],[391499.4894,4681330.902],[391493.5192,4681312.992],[391483.5691,4681295.0721],[391471.629,4681279.1421],[391427.8586,4681239.3324],[391372.1379,4681161.6927],[391314.4374,4681109.9431],[391266.6772,4681084.0634],[391248.7771,4681078.0935],[391230.8669,4681064.1536],[391220.9168,4681048.2337],[391214.9467,4681030.3137],[391181.1162,4680980.5439],[391153.266,4680954.664],[391075.6658,4680950.6846],[391039.8457,4680944.7149],[391023.9257,4680936.755],[391011.9855,4680920.825],[391002.0352,4680883.0051],[390996.0748,4680827.265],[390992.0946,4680809.345],[390994.0844,4680773.515],[390986.1242,4680755.605],[390976.1741,4680739.675],[390962.244,4680725.7451],[390946.3237,4680693.8852],[390930.4036,4680685.9253],[390912.4936,4680681.9454],[390896.5834,4680670.0055],[390890.6133,4680652.0855],[390880.6632,4680636.1656],[390880.663,4680618.2456],[390884.6429,4680600.3255],[390892.9328,4680581.4254],[390893.8226,4680561.2454],[390882.3225,4680546.4454],[390865.8824,4680539.8656],[390847.8024,4680536.5757],[390811.6423,4680541.506],[390793.5523,4680539.8661],[390780.4022,4680525.0662],[390770.542,4680510.2662],[390752.462,4680503.6864],[390709.7221,4680536.5767],[390691.6421,4680536.5769],[390673.562,4680531.647],[390660.4119,4680518.4871],[390647.2604,4680483.9553],[390625.8914,4680451.0672],[390619.3212,4680432.9773],[390609.4511,4680416.5273],[390594.661,4680406.6574],[390589.7308,4680388.5674],[390563.4306,4680362.2576],[390556.8504,4680342.5276],[390530.5502,4680316.2177],[390520.69,4680298.1278],[390496.0297,4680265.2379],[390476.3096,4680252.0781],[390464.7995,4680235.6281],[390458.2293,4680217.5481],[390443.4292,4680204.3882],[390399.0487,4680143.5385],[390385.8985,4680128.7385],[390369.4584,4680118.8687],[390354.6683,4680102.4287],[390344.8082,4680087.6288],[390338.228,4680071.1788],[390318.5079,4680054.7389],[390270.8376,4680023.4893],[390257.6874,4680010.3393],[390252.7571,4679972.5093],[390247.827,4679952.7793],[390251.1068,4679933.0393],[390229.7364,4679882.0593],[390226.4563,4679862.3293],[390228.0961,4679842.5993],[390226.456,4679824.5093],[390221.5158,4679806.4193],[390208.3657,4679793.2594],[390172.2056,4679789.9696],[390154.1256,4679785.0398],[390126.1853,4679758.7299],[390117.9652,4679742.28],[390103.1651,4679729.1301],[390065.365,4679725.8403],[390047.2849,4679717.6105],[390032.4848,4679707.7506],[390014.4047,4679701.1707],[389996.3247,4679699.5208],[389963.4445,4679683.081],[389905.9143,4679668.2815],[389871.3941,4679648.5417],[389846.7438,4679615.6518],[389836.8737,4679599.2119],[389831.9435,4679579.4819],[389828.6632,4679543.3018],[389812.1331,4679526.8119],[389788.453,4679522.6321],[389756.373,4679529.6724],[389719.503,4679534.4827],[389705.0831,4679545.7028],[389668.2131,4679561.7431],[389648.9831,4679568.1532],[389610.5131,4679572.9635],[389592.8831,4679571.3637],[389573.653,4679564.9538],[389536.7922,4679547.3186],[389519.1527,4679536.0842],[389502.8226,4679523.5343],[389471.8124,4679504.5745],[389451.1323,4679495.9546],[389413.2322,4679485.6149],[389399.452,4679473.545],[389383.942,4679464.9351],[389327.092,4679476.9955],[389309.862,4679487.3357],[389280.5721,4679509.7459],[389208.2122,4679539.0565],[389128.9522,4679542.4971],[389111.7222,4679545.9473],[389092.7722,4679554.5674],[389073.8222,4679556.2876],[389056.5921,4679552.8477],[389008.3518,4679514.918],[388977.3416,4679494.2382],[388960.1115,4679490.7883],[388929.7398,4679480.6647],[388923.9314,4679478.7286],[388887.7513,4679483.8989],[388886.5757,4679483.4677],[388836.0611,4679464.9392],[388815.3811,4679464.9394],[388806.5267,4679463.8964],[388756.8109,4679458.0398],[388737.8509,4679458.04],[388720.6208,4679451.1501],[388694.7806,4679425.2902],[388679.2705,4679416.6704],[388641.3704,4679409.7806],[388620.7004,4679413.2308],[388584.5204,4679427.0111],[388548.3305,4679445.9814],[388536.2706,4679459.7715],[388517.3206,4679466.6617],[388498.3706,4679466.6618],[388481.1405,4679459.7719],[388463.9104,4679449.422],[388415.6701,4679416.6724],[388401.89,4679404.6124],[388384.6599,4679395.9926],[388363.9799,4679395.9927],[388346.4898,4679393.8728],[388334.1398,4679388.5829],[388307.6897,4679385.0531],[388275.9396,4679385.0534],[388251.9797,4679390.8336],[388216.3897,4679407.7938],[388196.0497,4679412.884],[388116.3896,4679416.2746],[388099.4397,4679423.0548],[388065.5498,4679445.095],[388035.0401,4679494.2754],[388028.6508,4679496.1903],[388018.0901,4679499.3555],[388009.9402,4679514.4956],[387992.6703,4679526.4857],[387968.7704,4679554.136],[387931.5106,4679586.5563],[387897.4909,4679633.5566],[387879.6709,4679636.8068],[387860.2309,4679630.3169],[387831.0606,4679604.3871],[387814.8605,4679594.6572],[387785.7006,4679615.7374],[387759.1208,4679639.3777],[387745.2009,4679656.2578],[387727.3809,4679667.598],[387709.6309,4679672.3181],[387691.7409,4679670.8382],[387677.1608,4679659.4983],[387659.3407,4679651.3885],[387641.5207,4679649.7686],[387622.0807,4679653.0087],[387584.8207,4679664.359],[387567.0006,4679661.1192],[387555.6505,4679646.5292],[387539.4504,4679636.8093],[387521.6304,4679636.8095],[387490.8505,4679657.8797],[387473.0305,4679665.9799],[387455.2105,4679665.98],[387437.3904,4679661.1201],[387419.5704,4679661.1203],[387398.5103,4679656.2604],[387379.0702,4679648.1506],[387362.8702,4679638.4307],[387343.4301,4679631.9408],[387325.61,4679631.941],[387307.7941,4679638.4296],[387288.3501,4679641.6712],[387268.9,4679640.0514],[387251.0799,4679633.5615],[387220.2997,4679610.8717],[387187.8995,4679591.4219],[387170.0795,4679586.5621],[387131.1994,4679583.3223],[387093.9394,4679588.1826],[387076.1193,4679586.5628],[387044.9091,4679565.773],[387032.379,4679557.3931],[387014.5589,4679549.2832],[386975.6689,4679549.2835],[386959.4689,4679557.3936],[386946.509,4679570.3537],[386928.689,4679576.8439],[386910.869,4679573.594],[386875.2288,4679559.0142],[386839.5888,4679563.8745],[386825.0123,4679576.8416],[386807.1888,4679573.5948],[386790.9887,4679563.8749],[386753.7286,4679563.8752],[386709.9783,4679526.5954],[386684.0581,4679500.6656],[386607.9175,4679439.0761],[386590.0974,4679430.9662],[386500.9967,4679362.8968],[386488.0366,4679349.9269],[386480.4765,4679332.0569],[386475.0764,4679319.1369],[386450.7661,4679289.957],[386434.216,4679274.5071],[386427.6958,4679256.5772],[386416.2957,4679238.6472],[386399.9955,4679227.2273],[386385.3254,4679212.5574],[386346.2153,4679209.2977],[386329.9252,4679201.1478],[386326.6651,4679181.5778],[386329.9248,4679145.7177],[386323.4047,4679127.7778],[386289.1845,4679116.368],[386282.6644,4679100.068],[386248.4442,4679085.3983],[386241.9241,4679067.4583],[386233.774,4679052.7883],[386215.8539,4679046.2684],[386197.9239,4679046.2686],[386180.0039,4679052.7887],[386165.8939,4679060.9888],[386150.7239,4679060.989],[386135.5538,4679050.8691],[386132.7437,4679038.1191],[386132.7436,4679020.179],[386126.2234,4679003.8791],[386108.3034,4679007.1392],[386092.0035,4679015.2893],[386074.0834,4679015.2895],[386062.6734,4679008.7695],[386008.8931,4678987.5799],[385989.3431,4678984.3101],[385973.0431,4678990.8402],[385961.6332,4679005.5103],[385952.7932,4679010.2804],[385945.3932,4679011.6504],[385930.6731,4679002.2505],[385914.383,4678995.7306],[385896.453,4678990.8408],[385879.6828,4678970.9609],[385864.9127,4678962.261],[385859.6027,4678961.331],[385832.9027,4678964.7512],[385825.5126,4678961.1013],[385818.2326,4678954.9713],[385813.3424,4678937.0313],[385813.3423,4678919.1013],[385811.8922,4678910.9713],[385807.6622,4678902.5413],[385774.182,4678885.7915],[385752.4119,4678882.4417],[385695.4918,4678880.7721],[385677.0818,4678875.7423],[385667.0316,4678860.6723],[385670.3815,4678842.2523],[385680.4214,4678825.5021],[385678.7512,4678807.0721],[385668.7011,4678792.0022],[385663.681,4678773.5722],[385663.6808,4678753.4722],[385672.0507,4678731.7021],[385673.7303,4678689.822],[385660.3303,4678683.1221],[385645.2702,4678679.7722],[385625.1802,4678676.4223],[385606.7602,4678678.1025],[385568.25,4678666.3727],[385553.1799,4678652.9728],[385543.1398,4678637.9029],[385529.7496,4678626.173],[385515.6996,4678623.1631],[385501.2794,4678602.7232],[385486.2193,4678592.6733],[385467.7992,4678584.3034],[385432.2291,4678577.6036],[385398.7391,4678577.6039],[385363.589,4678580.9542],[385248.0686,4678550.805],[385223.3685,4678537.4052],[385203.2784,4678534.0553],[385191.5585,4678540.7554],[385117.4783,4678530.706],[385070.5983,4678537.4063],[385050.5082,4678530.7065],[385010.3278,4678490.5067],[384986.8878,4678490.5069],[384963.4477,4678483.807],[384926.4675,4678465.8373],[384912.0774,4678454.6474],[384897.6873,4678440.2475],[384880.107,4678408.2676],[384849.7368,4678385.8778],[384824.1564,4678347.4879],[384804.5914,4678333.7893],[384776.1961,4678313.9082],[384758.616,4678309.1083],[384741.036,4678309.1085],[384717.0559,4678304.3086],[384688.2757,4678280.3288],[384654.7055,4678262.729],[384633.9254,4678246.7392],[384621.1453,4678233.9493],[384611.5451,4678216.3493],[384577.9748,4678187.5695],[384561.9947,4678166.7796],[384555.6045,4678149.1896],[384547.4544,4678136.4897],[384528.4243,4678126.7998],[384509.2443,4678128.3999],[384469.2743,4678142.7903],[384426.4142,4678137.6506],[384411.7341,4678123.6007],[384405.3339,4678106.0107],[384392.5437,4678082.0208],[384374.9636,4678070.8209],[384347.1936,4678067.8111],[384300.9936,4678078.4714],[384267.2335,4678071.3617],[384260.1234,4678062.4717],[384251.2228,4678037.5829],[384238.8031,4678026.9218],[384226.363,4678021.5919],[384208.593,4678018.0321],[384181.9329,4678018.0323],[384146.4028,4678014.4825],[384123.9928,4678010.0527],[384104.8127,4678010.0528],[384087.2228,4678014.853],[384072.8428,4678026.0431],[384056.8529,4678034.0432],[384039.2728,4678030.8434],[384020.2226,4678014.2335],[384007.4225,4677999.0936],[383984.9224,4677986.0637],[383938.7623,4677981.6241],[383894.5322,4677974.6444],[383878.2421,4677966.4945],[383825.0618,4677949.2849],[383805.8818,4677944.485],[383777.1115,4677918.8952],[383757.9215,4677912.4953],[383738.7415,4677915.6955],[383720.3614,4677914.9756],[383693.2912,4677897.1558],[383683.0211,4677882.6658],[383668.571,4677869.8059],[383638.2009,4677859.8161],[383617.1909,4677861.7763],[383588.4508,4677859.8165],[383556.4706,4677836.7067],[383547.5805,4677826.0468],[383529.8104,4677815.3769],[383506.3903,4677810.3771],[383451.8002,4677803.9475],[383432.5301,4677799.1276],[383337.9097,4677762.0483],[383307.2896,4677757.3685],[383271.9595,4677758.9688],[383251.3996,4677766.5389],[383231.8197,4677791.0991],[383215.7598,4677800.7393],[383198.0997,4677795.9194],[383162.7797,4677799.1297],[383145.1096,4677795.9198],[383112.9994,4677775.04],[383103.3693,4677758.9701],[383088.4391,4677736.3801],[383078.299,4677727.2602],[383064.8289,4677712.3903],[383042.3487,4677697.9304],[383027.8987,4677694.7205],[383023.0786,4677689.9006],[383016.6585,4677678.6506],[383001.2884,4677664.4407],[382986.0883,4677659.3708],[382969.8683,4677662.4109],[382960.4584,4677669.011],[382952.4285,4677686.6811],[382941.1886,4677702.7512],[382925.1287,4677713.9913],[382905.8687,4677717.2115],[382888.1986,4677713.9916],[382870.5385,4677707.5717],[382843.2383,4677681.8619],[382838.4281,4677664.1919],[382823.978,4677651.342],[382787.0479,4677641.7023],[382754.9277,4677619.2125],[382752.7476,4677615.5025],[382753.0176,4677609.2825],[382756.6675,4677598.0724],[382757.5374,4677583.2524],[382754.9274,4677577.1424],[382746.2273,4677570.2125],[382729.2373,4677570.2126],[382708.8673,4677575.3128],[382695.2772,4677573.6129],[382686.4072,4677568.8929],[382679.6971,4677552.103],[382678.017,4677542.033],[382671.3069,4677536.993],[382656.2069,4677536.9931],[382575.6568,4677536.9937],[382565.8167,4677534.4238],[382554.4867,4677525.7039],[382542.0865,4677510.1339],[382533.6964,4677489.984],[382525.3061,4677453.044],[382515.3259,4677438.764],[382454.8252,4677352.3144],[382439.7248,4677310.3444],[382437.1647,4677284.7944],[382437.1644,4677245.7243],[382430.3742,4677228.7344],[382415.0841,4677211.7444],[382401.504,4677199.8545],[382374.2738,4677184.4247],[382305.4733,4677130.7052],[382273.5832,4677122.3054],[382248.4131,4677118.9456],[382208.133,4677118.9459],[382169.543,4677115.5862],[382154.4329,4677105.5163],[382137.3128,4677098.0864],[382120.3826,4677074.3865],[382106.8425,4677062.5266],[382092.8124,4677059.3667],[382078.7824,4677056.2068],[382072.6723,4677053.5768],[382067.4623,4677049.0768],[382059.7322,4677037.1569],[382055.9021,4677024.6669],[382052.592,4677012.1569],[382047.7419,4676999.8969],[382040.6918,4676988.3469],[382034.1317,4676983.007],[382026.4017,4676980.017],[382010.3217,4676976.9472],[381994.2616,4676974.0573],[381975.5115,4676969.3774],[381957.3515,4676962.1575],[381945.9814,4676953.2376],[381937.1213,4676941.9177],[381927.3812,4676927.1377],[381918.071,4676912.1578],[381898.4507,4676878.2279],[381897.7427,4676877.0067],[381878.7804,4676844.298],[381861.0902,4676817.148],[381840.69,4676791.9182],[381828.3499,4676781.0082],[381815.6898,4676770.4883],[381802.2697,4676757.0984],[381789.4995,4676743.1085],[381782.3794,4676731.8385],[381775.2094,4676720.4885],[381768.5493,4676713.9686],[381760.9192,4676708.5886],[381746.9192,4676700.7287],[381732.3491,4676694.2988],[381702.599,4676684.109],[381672.8288,4676674.0593],[381657.1788,4676668.5894],[381641.8787,4676662.1595],[381629.6286,4676653.1396],[381618.0685,4676643.1096],[381609.3085,4676636.9097],[381600.2084,4676631.2097],[381585.1483,4676624.0498],[381569.5183,4676618.2],[381538.3081,4676606.2102],[381518.218,4676595.8703],[381499.0179,4676583.5904],[381490.6178,4676575.8505],[381483.5377,4676566.9205],[381479.5077,4676558.5205],[381475.2076,4676550.2506],[381465.8975,4676540.8106],[381454.9674,4676533.5907],[381437.2073,4676525.0008],[381419.2573,4676516.9209],[381381.5671,4676500.7912],[381343.8769,4676484.6615],[381297.0868,4676480.0918],[381241.8866,4676463.8522],[381186.6864,4676457.3526],[381094.1361,4676434.6133],[381077.906,4676426.4934],[381063.2959,4676415.1235],[381051.9258,4676400.5035],[381035.6857,4676390.7537],[381017.8256,4676384.2638],[380926.9055,4676389.1345],[380907.4255,4676395.6346],[380891.1856,4676407.0048],[380853.8459,4676449.2351],[380837.6159,4676457.3553],[380782.4059,4676473.6057],[380751.5661,4676494.716],[380695.8263,4676533.8165],[380678.1763,4676537.0266],[380662.1262,4676527.3967],[380654.096,4676508.1267],[380654.0959,4676490.4567],[380641.2558,4676477.6168],[380623.5958,4676480.8269],[380586.6858,4676498.4872],[380570.6359,4676512.9374],[380549.7661,4676546.6676],[380522.4763,4676575.5678],[380492.0565,4676599.1681],[380468.9365,4676610.4883],[380458.2765,4676610.8984],[380408.5162,4676585.2087],[380392.4661,4676573.9688],[380374.806,4676567.5389],[380336.286,4676564.3292],[380300.9758,4676556.2995],[380283.3158,4676554.6996],[380267.2658,4676562.7297],[380257.6359,4676573.9698],[380249.6162,4676618.93],[380248.2665,4676660.23],[380243.3867,4676686.2601],[380233.6268,4676696.0202],[380202.7368,4676707.4105],[380182.9673,4676770.2107],[380164.2575,4676801.7409],[380123.0578,4676852.2013],[380087.2779,4676871.7216],[380072.648,4676889.6217],[380064.52,4676910.7671],[380051.5083,4676927.0419],[380033.6185,4676957.9521],[380027.1486,4676976.0722],[380023.9287,4676983.3422],[380020.6987,4676990.6223],[380017.8387,4676994.5723],[380013.6387,4676997.4823],[380003.6887,4677000.1924],[379993.0587,4677000.7225],[379982.4287,4677001.2526],[379965.9487,4677002.3127],[379949.4687,4677003.3828],[379935.4387,4677003.6229],[379921.4487,4677004.383],[379912.2687,4677006.5731],[379897.9787,4677014.4032],[379884.6287,4677023.5834],[379870.2688,4677032.0735],[379855.9188,4677040.5836],[379834.6489,4677054.3138],[379813.399,4677068.224],[379795.829,4677077.3041],[379777.259,4677084.1743],[379764.009,4677086.4544],[379750.679,4677088.4245],[379740.929,4677091.7045],[379731.5391,4677095.8646],[379720.9791,4677103.9747],[379711.3292,4677113.5248],[379703.9092,4677118.1949],[379698.2792,4677119.1649],[379692.3392,4677118.585],[379680.5191,4677118.195],[379669.9892,4677121.0951],[379659.9492,4677125.4352],[379653.9392,4677129.8853],[379647.2492,4677138.3153],[379641.1793,4677146.8954],[379635.3993,4677153.9154],[379628.4294,4677159.6555],[379621.0794,4677162.2356],[379613.5394,4677163.9056],[379605.5594,4677165.3057],[379597.5994,4677167.0957],[379592.7294,4677169.5658],[379588.5294,4677173.1158],[379581.6495,4677181.9759],[379576.8395,4677191.0559],[379572.0796,4677200.046],[379567.0396,4677207.096],[379561.4497,4677213.8661],[379556.5097,4677219.8161],[379550.9498,4677224.5962],[379546.5698,4677225.5662],[379539.1297,4677225.0463],[379531.6897,4677224.4963],[379517.3397,4677222.9164],[379502.9897,4677222.3766],[379485.3196,4677223.6167],[379467.6496,4677224.8568],[379435.2197,4677236.1471],[379415.6997,4677249.1573],[379405.9498,4677265.4274],[379397.8199,4677280.0674],[379394.5701,4677296.3375],[379378.3004,4677338.6377],[379365.3005,4677354.9078],[379339.6206,4677375.548],[379331.1506,4677380.9281],[379313.2606,4677385.8182],[379277.4906,4677389.0685],[379236.8306,4677395.5788],[379197.8105,4677393.9491],[379178.2905,4677398.8293],[379158.7805,4677406.9594],[379124.6305,4677411.8397],[379093.7405,4677410.2199],[379075.8504,4677406.9601],[379033.5702,4677393.9504],[379026.4203,4677397.2304],[379019.2703,4677400.5005],[379012.1103,4677400.9005],[379004.7102,4677400.5006],[378988.5373,4677404.1291],[378972.8603,4677409.6009],[378944.4903,4677423.0411],[378916.4504,4677436.9013],[378884.8605,4677452.8416],[378853.6705,4677469.6519],[378843.1806,4677477.2019],[378833.6506,4677486.032],[378828.6007,4677491.4721],[378823.6407,4677496.9521],[378818.8707,4677500.3822],[378814.5407,4677504.2322],[378811.1408,4677511.4222],[378808.1708,4677518.7923],[378803.6109,4677528.5123],[378798.161,4677537.8924],[378791.531,4677544.1624],[378783.601,4677548.8125],[378775.3411,4677552.8026],[378767.2311,4677557.0026],[378754.0311,4677565.1928],[378740.8412,4677573.3829],[378720.8512,4677585.713],[378700.8013,4677597.9532],[378689.6913,4677603.0833],[378677.8013,4677606.2834],[378653.0913,4677610.7136],[378637.1113,4677615.2437],[378626.7313,4677619.8938],[378617.0914,4677626.1539],[378607.7214,4677635.124],[378599.8015,4677645.2641],[378588.7916,4677662.2942],[378578.8817,4677679.8443],[378569.5219,4677702.6144],[378559.772,4677725.3345],[378553.2421,4677734.5645],[378545.2121,4677742.6246],[378532.5522,4677753.1347],[378518.8222,4677761.7348],[378484.6423,4677778.3751],[378450.4624,4677795.0154],[378383.0425,4677826.496],[378362.9325,4677831.5261],[378344.5125,4677833.1963],[378324.0625,4677832.2564],[378292.0124,4677828.2467],[378237.2622,4677818.8971],[378198.8322,4677825.1374],[378102.882,4677820.6781],[378050.4521,4677842.9985],[378020.3221,4677848.5788],[377987.722,4677843.259],[377967.622,4677838.2291],[377952.2719,4677829.6092],[377934.4217,4677812.8594],[377903.1815,4677783.8395],[377837.361,4677732.5],[377823.9709,4677724.6901],[377806.8209,4677724.2702],[377788.3908,4677720.9203],[377769.9608,4677720.9205],[377751.5407,4677717.5706],[377711.1693,4677725.4292],[377659.0806,4677714.7513],[377637.6605,4677707.9414],[377581.6303,4677698.7319],[377513.5301,4677682.7024],[377484.15,4677676.0326],[377433.2999,4677673.1629],[377396.4898,4677669.9632],[377359.6697,4677669.9635],[377332.0398,4677679.5937],[377319.6597,4677677.9638],[377307.9896,4677665.1639],[377311.1995,4677644.3038],[377302.0493,4677625.1239],[377286.0492,4677613.914],[377268.4391,4677609.1141],[377250.8291,4677609.1142],[377231.6291,4677613.9144],[377203.7792,4677625.0546],[377181.3292,4677629.8748],[377163.6891,4677625.0549],[377151.599,4677615.515],[377133.9889,4677605.9151],[377114.7889,4677607.5153],[377077.9689,4677621.9256],[377058.7689,4677618.7257],[377043.4488,4677610.6258],[377020.9985,4677576.9359],[377012.9785,4677570.526],[376992.1384,4677570.5261],[376974.4984,4677575.3363],[376944.0385,4677596.1865],[376926.3986,4677602.6067],[376907.1585,4677604.2068],[376887.9185,4677597.797],[376871.8884,4677588.1671],[376833.4082,4677570.5273],[376818.9781,4677557.6874],[376802.9479,4677546.4675],[376785.3079,4677538.4477],[376767.6778,4677533.6278],[376748.4378,4677533.6279],[376725.9878,4677536.8381],[376692.3178,4677551.2784],[376671.4778,4677556.0886],[376657.0478,4677556.0887],[376650.6278,4677559.2987],[376629.7878,4677557.6889],[376592.9077,4677554.4891],[376581.6876,4677549.6692],[376567.2575,4677538.4493],[376539.9973,4677511.1795],[376514.347,4677480.6996],[376499.9169,4677469.4697],[376482.2868,4677464.6598],[376443.8068,4677464.6601],[376426.1667,4677456.6403],[376416.5465,4677440.6003],[376413.3364,4677422.9503],[376403.7163,4677406.9104],[376390.896,4677376.4404],[376368.4455,4677312.2805],[376352.4153,4677288.2106],[376325.1551,4677273.7807],[376291.485,4677259.341],[376262.6249,4677249.7212],[376243.3847,4677240.0913],[376190.4744,4677203.2017],[376174.4443,4677188.7618],[376163.224,4677155.0818],[376140.7738,4677132.6219],[376092.6736,4677119.7923],[376073.4335,4677110.1724],[376063.8134,4677100.5425],[376046.1733,4677090.9226],[376030.1432,4677076.4827],[376014.1131,4677065.2528],[375996.473,4677057.2329],[375943.5628,4677050.8233],[375892.2625,4677018.7336],[375876.2224,4677010.7138],[375861.7923,4676999.4938],[375845.8222,4676988.744],[375820.3118,4676940.8941],[375797.9915,4676908.9942],[375783.6414,4676897.8243],[375766.1014,4676896.2344],[375748.5615,4676907.3946],[375721.7616,4676928.0748],[375702.3316,4676939.295],[375667.2617,4676950.4652],[375649.7216,4676947.2754],[375633.7815,4676937.7055],[375605.2114,4676925.2557],[375580.7813,4676916.7959],[375560.1012,4676913.976],[375538.1212,4676918.5662],[375518.9912,4676916.9663],[375482.321,4676904.2066],[375466.3709,4676894.6367],[375453.6208,4676881.8768],[375418.5507,4676873.907],[375402.6006,4676864.3371],[375375.5003,4676837.2173],[375337.2399,4676792.5575],[375313.3197,4676770.2277],[375282.9096,4676755.1979],[375265.4895,4676754.278],[375243.1695,4676755.8782],[375220.8495,4676754.2783],[375200.1094,4676748.0685],[375178.1794,4676747.0686],[375123.5992,4676741.5191],[375093.4191,4676731.1193],[375075.3589,4676711.7294],[375064.1988,4676695.7794],[375059.8286,4676672.9394],[375040.6983,4676639.4395],[375030.0381,4676614.9596],[375021.068,4676602.9996],[375008.2579,4676593.3897],[374987.4378,4676587.7798],[374969.4978,4676585.59],[374914.4677,4676589.2604],[374866.0677,4676594.5108],[374842.1376,4676591.511],[374815.2076,4676584.5312],[374743.8572,4676550.7216],[374670.4768,4676517.6821],[374631.9467,4676512.1824],[374613.6067,4676514.0126],[374580.5868,4676530.5328],[374543.8968,4676536.0431],[374509.8922,4676535.6333],[374487.1967,4676541.4136],[374458.6467,4676541.4138],[374421.0766,4676536.9041],[374385.0166,4676542.9144],[374314.3867,4676569.9749],[374254.8068,4676600.4954],[374228.7268,4676606.0556],[374212.1968,4676612.0658],[374194.1668,4676613.5759],[374138.5667,4676610.5663],[374119.0267,4676613.5765],[374084.4667,4676624.0968],[374036.1569,4676652.4872],[373977.0169,4676669.1976],[373875.6971,4676716.3285],[373834.2571,4676723.3188],[373798.1971,4676732.3391],[373754.5171,4676748.0095],[373732.0772,4676760.8996],[373694.5072,4676766.9099],[373669.6872,4676773.4001],[373641.9073,4676784.9504],[373614.1873,4676800.3306],[373595.3274,4676815.0208],[373537.6875,4676842.9513],[373536.5028,4676843.2412],[373399.9676,4676876.6523],[373327.8376,4676899.2029],[373293.2677,4676915.7432],[373248.1879,4676953.3236],[373218.5152,4676983.0137],[373195.5982,4677005.9441],[373186.5783,4677022.4742],[373182.0685,4677040.5143],[373182.0686,4677058.5543],[373179.0687,4677076.5943],[373155.0189,4677100.6446],[373144.499,4677115.6847],[373118.9592,4677142.7449],[373087.3992,4677159.2752],[373069.3592,4677163.7853],[373051.3292,4677162.2854],[372988.2188,4677129.2159],[372974.6887,4677117.1859],[372928.1084,4677088.6263],[372910.0684,4677087.1164],[372893.5384,4677094.6365],[372864.9886,4677117.1868],[372833.4286,4677133.727],[372792.3087,4677150.9474],[372765.8087,4677156.2776],[372747.7787,4677157.7777],[372729.7387,4677163.7879],[372698.1888,4677183.3282],[372685.4488,4677188.6383],[372663.7688,4677191.7384],[372636.9487,4677186.3386],[372597.8786,4677174.3189],[372561.8085,4677172.8092],[372535.4985,4677175.4794],[372509.2185,4677183.3296],[372459.6286,4677204.38],[372414.4886,4677212.7404],[372387.4885,4677207.3905],[372370.9584,4677201.3707],[372322.8782,4677174.321],[372295.5581,4677172.9912],[372286.8081,4677175.8213],[372269.2482,4677194.1014],[372243.2283,4677205.8816],[372236.0383,4677208.2417],[372225.1983,4677210.3918],[372223.9589,4677210.2887],[372207.1582,4677208.8919],[372169.8781,4677203.0622],[372135.0681,4677200.0925],[372099.718,4677202.5127],[372063.648,4677213.033],[372009.5581,4677235.5835],[371950.9482,4677250.6139],[371932.9182,4677258.1341],[371901.3583,4677276.1743],[371868.2983,4677289.7046],[371814.1983,4677292.705],[371757.0882,4677303.2355],[371724.0283,4677319.7658],[371669.2684,4677340.4062],[371638.3783,4677334.8064],[371619.8883,4677335.1766],[371605.5683,4677339.7467],[371592.5784,4677352.7468],[371572.3686,4677385.957],[371560.8187,4677400.3871],[371544.9387,4677409.0573],[371510.2987,4677419.1675],[371454.0087,4677424.938],[371323.8785,4677425.339],[371306.5585,4677432.5791],[371263.4885,4677436.4894],[371224.5184,4677436.4897],[371186.2583,4677433.6],[371173.2683,4677432.1601],[371132.8583,4677436.4904],[371098.2183,4677449.4907],[371073.4584,4677462.9609],[371050.5885,4677479.8111],[371034.7085,4677488.4713],[371017.3885,4677495.6914],[370982.7486,4677502.9117],[370962.5385,4677504.3518],[370933.6985,4677503.3621],[370890.3683,4677488.4724],[370860.0581,4677468.2626],[370842.738,4677459.5927],[370790.7778,4677439.383],[370756.1376,4677423.5033],[370738.8175,4677417.7234],[370686.8574,4677407.6138],[370660.8673,4677405.304],[370576.7772,4677405.3346],[370513.447,4677399.0051],[370494.437,4677395.8352],[370445.7368,4677376.7956],[370413.8667,4677373.8658],[370386.7665,4677360.986],[370377.6165,4677358.6561],[370264.8463,4677360.9869],[370204.6762,4677357.8174],[370185.6762,4677359.4075],[370122.3761,4677363.898],[370107.3161,4677361.6581],[370092.2561,4677359.4082],[370078.586,4677355.7683],[370065.236,4677350.4984],[370055.8959,4677346.6685],[370047.3859,4677341.3085],[370042.3858,4677335.7686],[370038.6557,4677328.4386],[370037.1257,4677321.0686],[370036.6656,4677306.2886],[370037.4155,4677299.2685],[370039.6755,4677292.2285],[370044.8054,4677278.1485],[370045.4753,4677268.7684],[370043.8053,4677263.4184],[370037.4152,4677254.2685],[370028.7851,4677248.2885],[370022.3851,4677247.3486],[369996.7251,4677252.6988],[369970.9551,4677259.399],[369954.2951,4677263.3291],[369937.5751,4677266.3493],[369926.6751,4677266.0993],[369918.7651,4677262.6894],[369912.435,4677256.1094],[369901.2649,4677239.2395],[369892.3848,4677229.9295],[369878.4347,4677220.2596],[369864.4746,4677210.5997],[369846.8345,4677204.1798],[369817.8044,4677198.0901],[369808.8244,4677193.0901],[369794.5742,4677180.4202],[369777.164,4677148.7403],[369762.1238,4677132.9004],[369747.8737,4677121.8105],[369694.0335,4677105.9709],[369662.3633,4677088.5511],[369651.2832,4677077.4611],[369640.2031,4677060.0412],[369627.5328,4677026.7712],[369624.3627,4677006.1812],[369618.0325,4676988.7613],[369608.5324,4676972.9213],[369595.8623,4676960.2514],[369580.0321,4676949.1615],[369545.192,4676936.4917],[369530.9419,4676923.8118],[369519.8618,4676909.5619],[369494.5214,4676863.622],[369481.8613,4676854.1221],[369451.7712,4676850.9523],[369434.3611,4676844.6224],[369418.521,4676836.7025],[369404.2709,4676825.6126],[369377.3505,4676774.9227],[369350.4403,4676749.5829],[369315.6001,4676738.4932],[369298.18,4676728.9933],[369247.9442,4676665.4225],[369244.3494,4676660.8736],[369226.9294,4676657.7137],[369211.0993,4676649.7938],[369198.4292,4676637.1239],[369190.509,4676619.6939],[369185.7589,4676602.2739],[369182.5986,4676565.8439],[369184.1785,4676548.4139],[369182.5981,4676492.9738],[369184.1779,4676473.9737],[369182.5978,4676454.9637],[369174.6776,4676437.5338],[369158.8375,4676423.2839],[369141.4274,4676415.364],[369128.7573,4676402.6941],[369117.6772,4676386.8541],[369103.4269,4676353.5842],[369090.7568,4676339.3342],[369074.9167,4676329.8243],[369063.8365,4676315.5744],[369048.0064,4676306.0745],[369030.5864,4676302.9046],[369005.2562,4676277.5548],[368994.166,4676261.7149],[368978.3359,4676250.635],[368968.8358,4676234.795],[368965.6656,4676217.365],[368959.3355,4676199.945],[368932.4153,4676174.6052],[368933.995,4676136.5851],[368927.6648,4676119.1651],[368914.9947,4676106.4852],[368897.5746,4676100.1553],[368883.3245,4676087.4854],[368876.9944,4676070.0554],[368867.4943,4676054.2155],[368848.4942,4676049.4656],[368832.6641,4676038.3757],[368819.9938,4676003.5358],[368804.1537,4675995.6159],[368767.7436,4675984.5261],[368730.6134,4675966.9364],[368680.8033,4675964.2768],[368653.7432,4675954.977],[368625.6331,4675948.9672],[368605.043,4675948.6973],[368578.5731,4675960.0975],[368559.7731,4675965.2277],[368540.9831,4675968.6478],[368522.1931,4675968.648],[368507.973,4675965.9681],[368486.3129,4675954.9782],[368450.4428,4675944.7185],[368382.9827,4675943.319],[368334.2727,4675954.9794],[368281.3127,4675973.7798],[368240.3027,4675973.7801],[368221.5126,4675970.3603],[368190.0226,4675972.9105],[368178.0025,4675969.4406],[368153.1824,4675954.9808],[368119.0123,4675944.721],[368090.6722,4675938.0112],[368070.5721,4675938.2414],[368053.9421,4675941.2415],[368045.5521,4675944.7216],[368031.8822,4675956.6917],[368007.9624,4675984.0319],[367975.5025,4676001.1222],[367922.5426,4676025.0526],[367903.7526,4676028.4628],[367884.9625,4676028.4629],[367854.8625,4676025.6731],[367847.3724,4676023.3432],[367832.0023,4676011.3733],[367796.122,4675970.3635],[367744.8718,4675954.9838],[367708.1316,4675941.3041],[367679.0914,4675919.0943],[367662.0013,4675908.8344],[367651.8113,4675907.2345],[367633.0112,4675908.0446],[367622.7112,4675910.5447],[367576.5814,4675939.6051],[367559.5014,4675946.4352],[367521.9214,4675951.5655],[367465.5412,4675941.3059],[367445.0412,4675939.6061],[367426.2512,4675941.3062],[367417.3312,4675945.6663],[367398.9113,4675965.2365],[367383.5414,4675977.1966],[367374.9114,4675981.0467],[367364.7414,4675982.3268],[367308.3713,4675980.6172],[367274.2013,4675992.5875],[367236.6113,4675995.9978],[367211.8113,4676008.968],[367203.4313,4676010.168],[367185.3613,4676007.9682],[367159.1712,4675996.5984],[367130.6911,4675997.7086],[367113.6111,4676002.8387],[367076.0211,4676004.549],[366989.2909,4675993.4096],[366972.1509,4675998.1998],[366949.601,4676014.8],[366898.3511,4676037.0204],[366879.5611,4676040.4405],[366842.731,4676038.3908],[366817.401,4676039.981],[366799.981,4676046.3112],[366784.151,4676055.8213],[366755.6512,4676079.5815],[366733.4814,4676114.4218],[366679.6418,4676174.6223],[366670.6918,4676183.4023],[366646.3919,4676195.2125],[366623.052,4676211.9927],[366617.892,4676220.5528],[366613.1423,4676255.4029],[366606.8124,4676272.823],[366598.8925,4676288.663],[366587.8126,4676302.9232],[366560.8928,4676328.2634],[366543.4728,4676336.1835],[366528.1428,4676339.5737],[366510.1928,4676339.5738],[366494.0627,4676337.0039],[366470.6326,4676329.8441],[366440.5525,4676321.9243],[366404.1324,4676315.5946],[366329.7122,4676307.6751],[366290.1322,4676307.6754],[366271.1322,4676310.8456],[366195.1221,4676317.1762],[366158.7121,4676325.0964],[366099.332,4676328.2669],[366058.162,4676334.6072],[366048.6621,4676344.1073],[366034.4124,4676388.4575],[366026.5025,4676405.8876],[366015.4126,4676421.7277],[366001.1627,4676432.8078],[365966.3327,4676447.0681],[365948.9127,4676451.8182],[365910.9127,4676454.9885],[365849.1629,4676488.249],[365814.3229,4676499.3393],[365801.6529,4676505.6794],[365785.823,4676521.5196],[365766.8231,4676531.0197],[365727.233,4676537.36],[365646.4829,4676534.1906],[365611.6529,4676540.5209],[365535.6428,4676550.0315],[365511.8929,4676562.7017],[365497.643,4676576.9518],[365491.313,4676586.4619],[365483.3934,4676640.312],[365465.9738,4676692.5823],[365454.8941,4676733.7724],[365426.3945,4676797.1327],[365397.8946,4676814.553],[365378.8946,4676816.1331],[365361.4747,4676827.2233],[365347.2247,4676839.8934],[365331.3948,4676847.8135],[365312.3948,4676852.5737],[365279.1349,4676868.4139],[365260.1349,4676874.7441],[365225.3049,4676882.6644],[365206.3049,4676890.5845],[365190.465,4676901.6747],[365173.055,4676908.0048],[365155.6349,4676904.8449],[365139.8048,4676895.335],[365122.3848,4676889.0052],[365104.9647,4676879.4953],[365086.1745,4676862.3454],[365076.4645,4676858.9055],[365038.4644,4676857.3257],[365021.0443,4676854.1559],[365002.0443,4676847.816],[364967.2142,4676841.4863],[364948.2041,4676841.4864],[364925.8741,4676839.6766],[364887.9639,4676826.9568],[364836.5736,4676796.4272],[364811.3235,4676783.7874],[364785.1734,4676781.9676],[364749.8433,4676775.5478],[364722.8832,4676765.568],[364714.5132,4676764.2981],[364685.2331,4676765.1683],[364659.9031,4676759.4785],[364628.973,4676758.2787],[364622.963,4676756.2687],[364610.1128,4676741.8088],[364600.4827,4676725.7389],[364560.3324,4676687.1791],[364544.2723,4676677.5392],[364526.6022,4676672.7193],[364510.5421,4676663.0795],[364492.872,4676656.6596],[364475.212,4676656.6597],[364460.172,4676660.6898],[364449.652,4676665.9499],[364438.2721,4676675.94],[364400.2624,4676722.6504],[364357.9627,4676770.7308],[364316.2129,4676804.4711],[364284.093,4676825.3514],[364267.4331,4676844.5416],[364259.0932,4676858.0217],[364255.8832,4676867.0117],[364254.6034,4676882.4117],[364262.9438,4676940.1618],[364280.9044,4677007.5517],[364298.5548,4677056.7417],[364306.6852,4677119.5417],[364304.4657,4677174.9618],[364295.6061,4677238.502],[364294.3764,4677280.932],[364301.757,4677353.9421],[364306.5772,4677371.6121],[364314.6073,4677387.682],[364318.4975,4677414.7421],[364316.0476,4677427.9721],[364308.1877,4677439.0922],[364294.728,4677479.4323],[364268.0382,4677522.6326],[364247.1584,4677553.1628],[364196.1188,4677612.7933],[364163.0793,4677681.4236],[364118.6097,4677742.4341],[364080.5,4677789.4644],[364057.6302,4677822.5046],[364029.6805,4677870.8049],[364005.5409,4677921.6452],[363982.6711,4677953.4254],[363943.2813,4677991.5558],[363929.3014,4678002.9859],[363919.7714,4678007.246],[363910.2514,4678009.346],[363886.1113,4678000.4462],[363846.7212,4677992.8265],[363817.5012,4677999.1767],[363804.7912,4678004.2668],[363789.5512,4678014.427],[363771.7612,4678018.2471],[363746.5913,4678028.2173],[363735.1513,4678039.6574],[363731.1014,4678048.7475],[363726.0216,4678075.4375],[363719.6717,4678091.9576],[363699.3419,4678126.2778],[363687.902,4678140.2579],[363661.3621,4678153.7681],[363653.6021,4678160.5982],[363644.7123,4678179.6583],[363639.0725,4678207.5084],[363635.8125,4678215.2484],[363626.9226,4678227.9585],[363601.5128,4678255.9188],[363593.8528,4678260.8188],[363583.7228,4678266.0889],[363565.9328,4678269.899],[363548.1528,4678268.6292],[363530.3627,4678262.2793],[363521.8726,4678255.9394],[363516.3826,4678250.8394],[363512.3625,4678241.5294],[363508.8524,4678222.6294],[363504.9023,4678220.3494],[363508.5367,4678214.0455],[363511.4723,4678208.9994]]]},"geometry_name":"SHAPE","properties":{"OBJECTID":508,"NOM":"Riu de Lavansa","CORRIENTE":" ","TIPO":" ","CDR1":" ","CDR2":" ","DESDE":" ","HASTA":" ","COMENTARIO":" ","NUMLONGITUD_T":0,"NUMLONGITUD_R":0,"NUMSUPRCNC":0,"AMBITO":" ","CUENCA":" ","DIGITALIZA":" ","PROCEDENCI":" ","ACTUALIZA":" ","FUENTE":" ","ORIGEN_NOM":"ICC","DATMODIFICACIO":null}},{"type":"Feature","id":"AIGUA_RIUS_ACA_CHE.372","geometry":{"type":"MultiLineString","coordinates":[[[377769.2255,4670429.0792],[377771.1648,4670347.759],[377776.9646,4670310.9689],[377792.4443,4670276.1187],[377805.9941,4670239.3386],[377815.664,4670223.8485],[377823.4139,4670206.4284],[377833.0835,4670154.1482],[377833.0832,4670115.4282],[377831.153,4670097.9982],[377821.4727,4670061.2182],[377821.4723,4670003.1381],[377825.3422,4669985.708],[377844.6919,4669950.8578],[377850.5018,4669933.4378],[377881.4613,4669863.7374],[377887.2711,4669826.9473],[377885.3311,4669825.0073],[377879.5309,4669801.7773],[377873.7208,4669790.1574],[377869.8503,4669734.0173],[377871.7898,4669666.2472],[377877.5896,4669631.3971],[377885.3294,4669612.037],[377889.1993,4669592.6769],[377893.069,4669555.8968],[377898.8789,4669538.4668],[377929.8388,4669517.1765],[377943.3887,4669505.5564],[377954.9986,4669492.0063],[377960.7985,4669472.6462],[377962.0584,4669455.9762],[377966.7883,4669440.4061],[377948.5879,4669400.8062],[377935.2877,4669366.9062],[377930.457,4669348.9946],[377918.3371,4669299.2362],[377909.957,4669282.4663],[377905.7668,4669261.5063],[377897.3867,4669244.7463],[377880.6266,4669232.1664],[377868.0564,4669215.3965],[377859.6763,4669198.6265],[377855.4861,4669177.6765],[377852.7958,4669133.3465],[377836.9653,4669077.9365],[377834.3252,4669059.4665],[377829.055,4669040.9965],[377813.2248,4669009.3266],[377789.4945,4668977.6667],[377771.0242,4668946.0068],[377757.8441,4668927.5269],[377744.6538,4668890.5869],[377744.6535,4668853.6469],[377747.2933,4668835.1768],[377747.2929,4668774.4867],[377763.1124,4668713.7965],[377778.9421,4668671.5763],[377815.8618,4668621.446],[377823.7717,4668602.9759],[377852.9415,4668574.2156],[377890.3413,4668542.1353],[378076.0109,4668453.9438],[378129.4407,4668415.1833],[378170.8405,4668380.4429],[378201.5603,4668347.0326],[378218.9302,4668322.9825],[378221.63,4668300.1324],[378208.2597,4668265.7425],[378189.1595,4668235.1726],[378162.4292,4668202.7027],[378149.059,4668189.3228],[378107.0487,4668154.9331],[378093.6786,4668139.6531],[378065.0281,4668086.1533],[378053.578,4668070.8733],[378040.2079,4668059.4134],[377994.3776,4668030.7537],[377978.6575,4668017.6638],[377949.3674,4668009.384],[377926.6673,4668005.6042],[377888.8271,4667990.4545],[377847.2069,4667967.7447],[377798.0165,4667929.8851],[377737.4762,4667903.3855],[377718.5561,4667892.0356],[377680.7159,4667876.8959],[377661.8058,4667865.536],[377646.6657,4667854.1761],[377631.5356,4667839.0362],[377588.145,4667772.4764],[377579.9749,4667763.2865],[377570.4248,4667746.0965],[377553.2442,4667669.6765],[377551.334,4667650.5665],[377555.1539,4667631.4664],[377562.7838,4667614.2664],[377572.3334,4667560.7762],[377583.7932,4667543.5761],[377599.073,4667505.3659],[377612.4427,4667469.0658],[377614.3526,4667449.9657],[377612.4423,4667411.7557],[377606.7122,4667394.5557],[377599.072,4667375.4557],[377570.4216,4667329.6059],[377557.0612,4667278.0159],[377557.0609,4667239.8058],[377564.6906,4667205.4157],[377593.3404,4667167.2054],[377604.8002,4667143.8053],[377606.7101,4667120.8853],[377597.1598,4667084.5853],[377589.5196,4667065.4753],[377579.9695,4667048.2854],[377572.3292,4667010.0754],[377566.599,4666992.8754],[377562.7787,4666950.8453],[377562.7785,4666929.8353],[377553.2382,4666891.6253],[377551.3281,4666870.6053],[377551.3276,4666813.2952],[377558.9635,4666794.1951],[377568.5074,4666776.995],[377574.2373,4666759.795],[377578.0571,4666740.6949],[377578.057,4666721.5849],[377574.2369,4666704.3949],[377553.2366,4666671.915],[377536.0465,4666660.4551],[377513.1262,4666633.7052],[377507.3961,4666614.5952],[377511.2159,4666593.5852],[377516.9458,4666576.3851],[377518.8556,4666555.3751],[377513.1253,4666511.435],[377518.855,4666471.3149],[377516.9448,4666452.2049],[377511.2147,4666433.1049],[377497.8545,4666413.995],[377486.3944,4666400.6251],[377442.4741,4666364.3253],[377423.3738,4666333.7554],[377400.4536,4666307.0056],[377364.1734,4666293.6358],[377358.0333,4666287.0159],[377357.0033,4666275.9059],[377360.3528,4666221.0357],[377369.9027,4666205.7557],[377373.7226,4666186.6456],[377373.7225,4666167.5456],[377390.9121,4666115.9554],[377444.3818,4666067.7149],[377457.7417,4666044.7947],[377459.6515,4666025.6847],[377455.8313,4666004.6747],[377450.1012,4665987.4747],[377440.5611,4665970.2848],[377434.8309,4665951.1748],[377432.9206,4665912.9647],[377444.3804,4665878.5746],[377463.4701,4665842.2744],[377467.29,4665823.1743],[377482.5697,4665786.8741],[377486.3896,4665767.7741],[377484.4793,4665729.564],[377486.3891,4665708.544],[377492.119,4665691.3539],[377503.5789,4665677.9738],[377518.8489,4665666.5137],[377524.5788,4665649.3136],[377524.5786,4665628.3036],[377528.3983,4665588.1835],[377528.3978,4665519.4034],[377536.0371,4665423.8832],[377557.0467,4665370.3829],[377583.7763,4665314.9827],[377593.3262,4665299.6926],[377616.246,4665271.0423],[377633.426,4665259.5722],[377702.1759,4665232.8316],[377728.9057,4665207.9914],[377751.8255,4665181.2412],[377761.3754,4665164.0511],[377763.2851,4665125.841],[377767.7749,4665097.1209],[377765.8446,4665059.5009],[377791.6343,4665005.6706],[377797.6942,4664987.7705],[377807.4541,4664974.8404],[377817.3739,4664948.7503],[377830.9436,4664913.8402],[377832.8835,4664896.3901],[377830.9434,4664878.9301],[377817.3731,4664844.0201],[377815.4329,4664822.6901],[377817.3728,4664801.3601],[377825.1225,4664764.51],[377825.1223,4664745.1199],[377815.4321,4664710.21],[377805.7419,4664690.81],[377799.9218,4664673.36],[377790.2316,4664657.8501],[377788.2915,4664640.3901],[377790.2314,4664621],[377797.9812,4664603.5399],[377809.6111,4664589.9698],[377840.631,4664562.8195],[377852.2609,4664549.2394],[377861.9508,4664529.8493],[377881.3404,4664473.6091],[377891.0303,4664458.089],[377902.6602,4664444.5189],[377933.6801,4664425.1186],[377945.31,4664411.5485],[377962.7499,4664399.9084],[377980.1999,4664394.0982],[378005.4,4664392.158],[378015.0898,4664374.6979],[378036.2097,4664349.4477],[378039.5995,4664327.9377],[378036.4193,4664297.1276],[378017.029,4664266.0977],[378007.3387,4664223.4277],[378009.2785,4664204.0377],[378018.9684,4664184.6476],[378022.8483,4664167.1875],[378013.1481,4664149.7376],[378001.518,4664134.2176],[377987.9479,4664122.5877],[377978.2577,4664107.0678],[377972.4476,4664089.6178],[377974.3775,4664072.1578],[377984.0774,4664056.6477],[377997.6473,4664041.1275],[378028.6572,4664021.7373],[378046.1071,4664013.9771],[378079.057,4663994.5868],[378090.687,4663981.0167],[378098.4468,4663963.5566],[378100.3867,4663942.2266],[378092.6265,4663924.7666],[378086.8165,4663917.0167],[378066.2764,4663907.9868],[378054.8062,4663894.5969],[378047.1561,4663877.3769],[378045.2358,4663835.2769],[378060.5354,4663781.6967],[378073.9253,4663768.2965],[378089.2353,4663756.8164],[378110.275,4663724.2862],[378112.1849,4663703.2361],[378112.1846,4663663.0461],[378108.3544,4663643.9161],[378108.3541,4663603.726],[378112.184,4663584.596],[378127.4839,4663573.1058],[378184.864,4663575.0254],[378202.084,4663569.2852],[378215.4739,4663557.8051],[378240.3338,4663529.0949],[378253.7237,4663517.6148],[378275.1036,4663504.6246],[378282.9436,4663493.8445],[378293.7135,4663477.1844],[378295.8031,4663433.4143],[378316.8428,4663381.7441],[378320.6726,4663362.614],[378322.5823,4663318.5939],[378334.0617,4663243.9637],[378330.2316,4663226.7437],[378330.2315,4663207.6137],[378337.8813,4663190.3836],[378383.7912,4663155.9432],[378385.701,4663136.8032],[378379.9609,4663119.5832],[378345.5407,4663106.1834],[378305.3705,4663083.2237],[378282.4104,4663081.3139],[378261.3704,4663083.224],[378244.1605,4663092.7942],[378232.6805,4663106.1843],[378219.2906,4663117.6744],[378200.1706,4663117.6746],[378169.5603,4663090.8847],[378127.4801,4663067.915],[378091.14,4663062.1753],[378070.0999,4663056.4354],[378054.7998,4663044.9555],[378041.4097,4663031.5556],[378012.4794,4662998.4958],[377978.2888,4662930.1359],[377966.8087,4662924.396],[377933.5587,4662925.8963],[377914.6687,4662930.9164],[377896.7087,4662932.9166],[377878.7487,4662932.9167],[377868.7685,4662916.9468],[377852.8082,4662881.0168],[377840.8381,4662865.0469],[377826.868,4662851.067],[377810.9079,4662841.0871],[377792.9478,4662841.0872],[377768.2177,4662833.1974],[377752.1277,4662825.9775],[377736.0375,4662810.9876],[377721.1173,4662783.1977],[377717.1271,4662765.2277],[377681.2067,4662719.3179],[377665.2466,4662709.338],[377615.2067,4662721.6284],[377605.3866,4662719.3184],[377591.4165,4662707.3385],[377579.4464,4662693.3686],[377573.4562,4662675.3986],[377566.5762,4662667.7687],[377557.4962,4662667.4187],[377533.5363,4662684.9889],[377522.9963,4662688.869],[377509.6763,4662690.5391],[377495.2462,4662689.4292],[377467.7061,4662683.3894],[377458.3261,4662684.5695],[377447.7461,4662689.3796],[377413.8263,4662711.3299],[377395.8763,4662717.32],[377387.6963,4662718.1601],[377377.9162,4662715.3302],[377357.1761,4662696.5803],[377349.976,4662689.3803],[377337.3359,4662684.5704],[377312.0659,4662683.3906],[377256.1959,4662693.371],[377240.2359,4662703.3512],[377222.2759,4662709.3413],[377213.4559,4662706.0014],[377206.3158,4662699.3614],[377198.3357,4662683.3915],[377191.4557,4662677.0415],[377182.3656,4662673.4116],[377172.3556,4662672.9917],[377164.4056,4662675.4017],[377150.4457,4662689.3818],[377134.4757,4662697.362],[377118.8257,4662694.7821],[377090.5855,4662677.4023],[377076.6154,4662665.4224],[377064.6453,4662651.4524],[377060.6551,4662633.4824],[377060.655,4662613.5224],[377056.6647,4662575.5924],[377052.6645,4662555.6324],[377044.6844,4662539.6624],[377038.7042,4662521.6924],[377036.7041,4662503.7324],[377034.7139,4662483.7624],[377036.7038,4662463.8024],[377042.6937,4662443.8423],[377044.6834,4662407.9122],[377040.6932,4662389.9422],[377038.703,4662354.0122],[377034.7128,4662336.0422],[377022.7325,4662300.1122],[377014.7524,4662284.1422],[377010.7589,4662118.4421],[377006.771,4662100.492],[376998.7908,4662082.522],[376996.7907,4662064.552],[376986.8204,4662028.622],[376978.8402,4662008.6621],[376954.89,4661974.7222],[376938.9297,4661940.7923],[376928.9493,4661902.8614],[376924.959,4661860.9423],[376920.9689,4661840.9723],[376914.9787,4661823.0123],[376906.9986,4661807.0423],[376875.0784,4661789.0725],[376861.1083,4661777.0926],[376855.1182,4661759.1326],[376857.1181,4661753.1426],[376853.128,4661740.6626],[376841.1579,4661726.6927],[376827.1878,4661712.7128],[376811.2277,4661702.7329],[376797.2576,4661690.753],[376789.2774,4661670.793],[376787.2772,4661652.833],[376789.2771,4661632.8629],[376787.2769,4661612.9029],[376781.2968,4661594.9429],[376769.3167,4661580.963],[376753.3566,4661568.9831],[376733.4063,4661537.0432],[376729.416,4661503.1132],[376735.3959,4661485.1431],[376737.3958,4661467.1831],[376727.4156,4661451.2131],[376709.4556,4661449.2132],[376673.5456,4661465.1835],[376655.5857,4661477.1637],[376637.6257,4661473.1638],[376625.6555,4661459.1939],[376619.6652,4661423.2639],[376603.7051,4661409.284],[376585.7451,4661409.2841],[376567.7851,4661415.2743],[376531.8752,4661433.2446],[376511.9152,4661439.2347],[376493.9652,4661443.2249],[376456.0452,4661447.2152],[376416.1451,4661443.2255],[376366.2548,4661419.2758],[376346.3047,4661413.2859],[376328.3447,4661411.2861],[376283.5647,4661427.4364],[376263.9847,4661431.2466],[376246.0248,4661437.2367],[376196.1448,4661459.1972],[376162.225,4661483.1574],[376150.2451,4661497.1276],[376136.2851,4661509.1077],[376120.3152,4661517.0878],[376100.3652,4661519.088],[376004.585,4661519.0887],[375984.635,4661517.0888],[375948.7149,4661517.0891],[375930.755,4661513.0997],[375884.8648,4661515.0996],[375840.9647,4661513.0999],[375765.1446,4661519.0905],[375751.1747,4661531.0706],[375717.2548,4661551.0309],[375703.2949,4661565.0011],[375685.335,4661576.9812],[375665.375,4661586.9614],[375647.425,4661592.9515],[375571.5949,4661596.9421],[375553.6349,4661602.9323],[375515.725,4661610.9226],[375495.775,4661618.9027],[375481.695,4661628.0028],[375465.8451,4661638.863],[375456.5352,4661649.3031],[375443.8953,4661672.8032],[375429.9256,4661708.7334],[375425.1856,4661712.4234],[375407.9756,4661716.7235],[375390.0156,4661716.7237],[375354.1055,4661720.714],[375338.1456,4661730.6941],[375308.2157,4661754.6444],[375256.3358,4661780.6048],[375238.3758,4661784.5949],[375160.5557,4661784.5955],[375142.5957,4661786.5857],[375126.6358,4661794.5758],[375108.6758,4661798.5659],[375052.8057,4661798.5664],[375012.8957,4661810.5467],[374976.9856,4661806.557],[374959.0255,4661798.5671],[374941.0655,4661796.5772],[374921.1155,4661796.5774],[374843.2954,4661806.558],[374821.3454,4661806.5581],[374783.4353,4661798.5684],[374765.4752,4661790.5885],[374756.4851,4661786.5886],[374738.5251,4661788.5887],[374702.6151,4661788.589],[374648.735,4661796.5794],[374628.785,4661796.5796],[374570.915,4661808.55],[374564.9349,4661790.5901],[374552.9647,4661776.6101],[374536.9947,4661768.6302],[374523.0346,4661756.6503],[374511.0544,4661740.6804],[374503.0743,4661724.7104],[374489.1141,4661706.7405],[374471.154,4661690.7706],[374413.2838,4661674.801],[374375.3737,4661668.8213],[374355.4236,4661662.8314],[374284.5132,4661631.8019],[374270.1332,4661627.552],[374243.8088,4661614.3423],[374208.0028,4661591.4424],[374193.1027,4661576.5325],[374176.5424,4661538.4326],[374178.202,4661483.7725],[374193.1015,4661424.1423],[374199.7214,4661405.9222],[374201.3813,4661387.6922],[374198.3911,4661363.5922],[374193.101,4661351.2522],[374181.5108,4661336.3422],[374164.9507,4661324.7524],[374145.0806,4661316.4725],[374126.8606,4661311.5026],[374094.4403,4661276.6628],[374087.3902,4661265.1329],[374068.1696,4661190.1429],[374042.5391,4661139.513],[374026.269,4661124.3231],[374016.3289,4661107.7531],[373996.4584,4661054.7532],[373966.6579,4660985.1733],[373948.4376,4660952.0534],[373931.8773,4660915.6035],[373921.9471,4660900.7035],[373918.637,4660880.8235],[373920.2868,4660859.2835],[373935.1864,4660801.3133],[373935.1863,4660779.7732],[373930.2261,4660761.5533],[373921.9459,4660741.6833],[373872.2656,4660706.8936],[373830.8655,4660696.9539],[373817.6254,4660685.364],[373804.3752,4660667.1341],[373794.4449,4660629.0441],[373781.1946,4660595.9141],[373776.2244,4660572.7241],[373758.0142,4660541.2442],[373752.514,4660524.1642],[373722.3438,4660492.4744],[373695.0835,4660458.4246],[373663.6231,4660413.7047],[373537.482,4660322.1758],[373521.3021,4660310.4356],[373491.9819,4660290.9658],[373461.1917,4660273.546],[373428.3515,4660259.1363],[373396.2214,4660249.5165],[373363.5913,4660244.3667],[373338.5613,4660244.0169],[373313.6013,4660247.7771],[373304.0313,4660251.2172],[373277.4214,4660267.3974],[373264.7414,4660271.6475],[373207.9313,4660271.648],[373166.6213,4660275.9883],[373125.6213,4660282.8186],[373098.8613,4660290.9688],[373072.5413,4660302.249],[372996.6015,4660339.8397],[372939.7916,4660362.5801],[372929.0716,4660364.0002],[372881.8414,4660355.7606],[372862.5114,4660356.9307],[372843.3414,4660360.6709],[372830.7114,4660365.991],[372817.9115,4660375.1111],[372796.0617,4660402.9313],[372784.1318,4660419.4114],[372731.4219,4660441.1819],[372695.2218,4660438.1621],[372671.0917,4660430.6223],[372654.5015,4660414.0224],[372636.4014,4660401.9525],[372613.7814,4660403.4627],[372604.7315,4660417.0428],[372601.7116,4660438.1628],[372601.7118,4660463.8129],[372589.652,4660481.923],[372524.7921,4660510.5935],[372511.2222,4660524.1737],[372506.5724,4660556.2037],[372500.3726,4660581.0138],[372445.7331,4660663.8344],[372430.8332,4660677.0845],[372409.3034,4660706.9047],[372381.1536,4660736.725],[372348.9652,4660757.6497],[372348.0337,4660758.2553],[372296.7037,4660778.1357],[372276.8337,4660781.4458],[372194.0436,4660783.1065],[372159.2735,4660771.5067],[372139.4034,4660769.8469],[372121.1834,4660771.507],[372104.6235,4660779.7871],[372093.0336,4660794.6973],[372074.8239,4660849.3575],[372064.884,4660864.2676],[372038.3941,4660878.7678],[371941.3142,4660906.9986],[371919.9342,4660914.7688],[371908.2743,4660928.3789],[371890.7843,4660936.159],[371836.3642,4660928.3794],[371818.8742,4660932.2696],[371791.6644,4660961.4398],[371781.9445,4660978.9299],[371776.1146,4660996.43],[371764.4547,4661011.9901],[371752.7948,4661025.6002],[371735.3048,4661033.3703],[371659.5047,4661029.4909],[371605.0847,4661039.2113],[371587.5947,4661045.0415],[371579.8148,4661062.5416],[371573.9851,4661105.3117],[371560.3854,4661142.2518],[371546.7757,4661181.142],[371535.1157,4661194.7521],[371519.5658,4661204.4723],[371507.9059,4661218.0824],[371467.0861,4661253.0827],[371449.5961,4661256.9729],[371402.956,4661260.8532],[371383.516,4661260.8534],[371360.1959,4661253.0835],[371344.6458,4661241.4136],[371332.9857,4661225.8637],[371315.4956,4661218.0838],[371286.3354,4661194.754],[371264.9552,4661183.0842],[371247.4652,4661181.1443],[371228.0351,4661173.3644],[371210.545,4661157.8145],[371194.9946,4661116.9846],[371175.5545,4661103.3747],[371158.0644,4661093.6548],[371115.3042,4661078.0951],[371076.4341,4661072.2654],[371062.824,4661060.5955],[371053.1139,4661045.0455],[371045.3337,4661023.6556],[371033.6735,4661004.2156],[371016.1832,4660965.3257],[371012.2929,4660930.3357],[371004.5227,4660895.3357],[370996.7425,4660875.8957],[370996.7424,4660856.4457],[370992.8622,4660835.0657],[370985.082,4660817.5657],[370944.2717,4660780.626],[370907.3415,4660757.2962],[370891.7913,4660743.6863],[370870.4112,4660732.0164],[370833.4906,4660662.0266],[370825.7105,4660640.6366],[370810.1602,4660615.3567],[370804.33,4660588.1367],[370796.5599,4660568.6967],[370777.1196,4660533.7068],[370769.3494,4660514.2569],[370753.7993,4660504.537],[370736.3093,4660502.5971],[370716.2794,4660517.0473],[370695.9494,4660524.5374],[370675.6194,4660532.0276],[370671.9694,4660532.6576],[370665.7594,4660530.7977],[370657.3793,4660523.1177],[370650.9392,4660512.9678],[370646.7391,4660502.8178],[370643.369,4660484.8378],[370643.4489,4660471.2778],[370646.3888,4660451.0577],[370650.9386,4660431.2576],[370659.7284,4660395.7375],[370669.8081,4660360.4474],[370685.6878,4660316.1772],[370701.7575,4660271.927],[370707.8473,4660245.5369],[370709.0872,4660232.0969],[370709.0171,4660218.8169],[370706.737,4660204.6469],[370698.7768,4660184.0869],[370687.2366,4660164.3469],[370676.5265,4660151.807],[370657.9364,4660136.3971],[370648.8563,4660128.0872],[370640.7662,4660118.0472],[370628.9861,4660098.4373],[370625.416,4660088.5273],[370624.7959,4660078.5573],[370627.2558,4660066.3172],[370633.8357,4660047.9072],[370642.2256,4660029.5371],[370648.9054,4660014.047],[370652.8754,4660006.947],[370658.1954,4660000.9369],[370673.4453,4659988.0068],[370688.6852,4659975.0666],[370721.6551,4659959.7364],[370729.5851,4659948.8263],[370725.6249,4659925.0263],[370726.6147,4659903.2062],[370727.6045,4659869.4862],[370722.6744,4659856.6962],[370714.7143,4659845.6763],[370693.8941,4659829.8164],[370679.0235,4659748.4864],[370669.1132,4659720.7164],[370667.7832,4659712.5164],[370670.9731,4659701.1764],[370679.023,4659691.9463],[370699.843,4659686.9861],[370750.4031,4659688.9757],[370780.1531,4659683.0255],[370794.0331,4659673.1054],[370798.993,4659656.2453],[370794.0328,4659638.3953],[370784.2827,4659630.6754],[370771.2327,4659626.4855],[370719.6726,4659620.5359],[370696.8724,4659606.656],[370680.0122,4659586.8161],[370671.082,4659557.9761],[370666.1317,4659521.3561],[370657.2114,4659476.7261],[370641.3509,4659424.1562],[370627.4707,4659394.4062],[370618.5405,4659365.6463],[370618.5403,4659342.8362],[370629.89,4659301.5661],[370631.7198,4659279.586],[370638.3696,4659249.6059],[370620.8791,4659186.526],[370558.9884,4659100.7963],[370528.0481,4659074.6065],[370509.0079,4659043.6566],[370501.8675,4659001.9866],[370478.0571,4658951.9767],[370424.5064,4658874.587],[370400.6962,4658847.2071],[370386.416,4658821.0172],[370385.2257,4658786.4872],[370397.1256,4658772.197],[370420.9355,4658757.9168],[370466.1556,4658753.1465],[370495.9155,4658734.1062],[370522.0953,4658706.716],[370538.7551,4658672.1858],[370548.2748,4658634.0957],[370545.8945,4658599.5657],[370535.1843,4658568.6057],[370523.2841,4658550.7558],[370461.3936,4658498.3661],[370460.0135,4658475.3861],[370460.2211,4658468.3378],[370460.3924,4658462.5261],[370460.6033,4658455.3661],[370458.4231,4658426.5461],[370443.5329,4658401.1961],[370439.4028,4658387.6561],[370436.4021,4658300.726],[370422.9812,4658273.1664],[370413.7917,4658254.2961],[370387.6013,4658211.4363],[370367.371,4658168.5764],[370349.5208,4658147.1465],[370325.2407,4658143.5266],[370295.9706,4658139.2469],[370264.5605,4658122.1071],[370237.6502,4658089.9972],[370213.8399,4658057.8474],[370196.6532,4658031.3955],[370182.8995,4658010.2275],[370165.0492,4657972.1276],[370147.6688,4657926.7877],[370053.7872,4657734.5881],[370023.2165,4657653.7782],[370017.7663,4657629.7482],[370022.1262,4657610.0881],[370038.5061,4657587.158],[370110.5557,4657524.9073],[370120.3756,4657511.8072],[370118.1954,4657491.0572],[370089.815,4657444.0974],[370035.2244,4657366.5577],[370007.9341,4657339.2578],[369963.1738,4657308.6781],[369931.5235,4657275.9183],[369920.6033,4657249.7084],[369920.6029,4657195.1083],[369904.2226,4657161.2583],[369882.3924,4657133.9585],[369831.0819,4657088.0888],[369807.0718,4657073.889],[369780.8717,4657065.1591],[369753.5816,4657059.6893],[369732.8315,4657053.1395],[369691.3511,4657006.1797],[369678.2509,4656979.9698],[369671.7005,4656929.7398],[369657.5102,4656898.0698],[369634.5899,4656854.3899],[369617.0296,4656816.35],[369584.4792,4656773.4902],[369559.0889,4656735.4503],[369507.1884,4656691.9807],[369468.558,4656641.2609],[369456.4877,4656605.0409],[369446.8274,4656562.7709],[369449.2468,4656492.7408],[369457.6965,4656449.2707],[369479.4163,4656421.4905],[369505.9762,4656402.1702],[369510.8061,4656378.0201],[369510.8057,4656336.9701],[369487.8646,4656193.27],[369490.2841,4656130.4799],[369483.0438,4656083.3899],[369485.4531,4655987.9897],[369480.6228,4655952.9697],[369475.7925,4655917.9497],[369466.1423,4655897.4298],[369454.0722,4655882.9398],[369434.7521,4655878.11],[369404.5821,4655876.9002],[369335.772,4655882.9407],[369304.3919,4655875.691],[369274.2116,4655834.6411],[369248.8612,4655792.0612],[369231.9609,4655748.5913],[369228.3407,4655729.2713],[369228.3405,4655705.1213],[369233.1704,4655683.3912],[369246.4502,4655661.6511],[369253.5102,4655656.101],[369286.2802,4655647.1607],[369306.4201,4655638.1806],[369322.59,4655620.2604],[369335.8198,4655585.8003],[369334.3495,4655551.3402],[369305.5985,4655428.6003],[369305.5984,4655408.0702],[369329.7381,4655364.6],[369335.768,4655347.6899],[369332.1477,4655311.4699],[369322.4873,4655261.9599],[369312.8371,4655240.2199],[369258.5166,4655177.4302],[369227.1363,4655148.4504],[369206.616,4655118.2605],[369188.5057,4655076.0006],[369164.3651,4654999.9307],[369163.1548,4654969.7406],[369165.5646,4654933.5106],[369177.6443,4654902.1204],[369221.0938,4654826.04],[369234.9937,4654799.3598],[369238.6036,4654787.2998],[369267.5331,4654724.5995],[369306.1029,4654681.1991],[369335.0327,4654655.8788],[369366.3726,4654636.5786],[369380.8325,4654624.5284],[369394.0925,4654611.2583],[369404.9424,4654596.7882],[369413.3723,4654579.9081],[369416.9921,4654561.8281],[369415.792,4654543.7381],[369402.5317,4654509.9781],[369392.8816,4654493.0982],[369367.5713,4654466.5683],[369351.9012,4654458.1284],[369333.8212,4654454.5085],[369314.5412,4654455.7187],[369268.7412,4654465.3691],[369206.0612,4654488.2696],[369186.7712,4654490.6897],[369166.2812,4654489.4799],[369139.771,4654471.39],[369102.4005,4654411.1102],[369087.9404,4654395.4303],[369068.6501,4654362.8804],[369048.1599,4654339.9705],[369026.4698,4654327.9107],[369005.9797,4654323.0908],[368977.6895,4654308.341],[368950.8293,4654287.1312],[368915.4991,4654264.5014],[368884.3989,4654248.9517],[368797.4587,4654231.4523],[368721.8582,4654188.1528],[368695.008,4654166.933],[368668.4879,4654150.6631],[368629.9174,4654103.6434],[368596.1671,4654072.2936],[368579.287,4654061.4437],[368545.0369,4654055.4739],[368507.0069,4654057.5842],[368452.7269,4654072.2947],[368433.4469,4654073.4948],[368399.6968,4654063.855],[368381.6167,4654061.4452],[368363.5367,4654063.8553],[368346.6667,4654068.6755],[368296.0368,4654092.7859],[368223.7168,4654107.2564],[368182.7368,4654104.8468],[368164.6567,4654101.2369],[368145.3766,4654092.787],[368129.7065,4654081.9371],[368106.8062,4654050.5872],[368092.3361,4654037.3273],[368070.646,4654032.5075],[368052.566,4654032.5076],[368034.486,4654034.9178],[368007.296,4654044.908],[367971.3761,4654056.5383],[367933.3461,4654064.9886],[367887.916,4654070.2789],[367846.716,4654069.2192],[367811.8459,4654064.9895],[367728.2756,4654049.5301],[367677.5455,4654036.4805],[367574.625,4654001.6812],[367539.8349,4653987.1814],[367471.7045,4653952.3719],[367420.9743,4653933.5223],[367378.9341,4653920.4726],[367342.114,4653919.4728],[367308.374,4653926.0331],[367286.814,4653926.9733],[367254.9539,4653924.1635],[367190.2937,4653907.284],[367098.4534,4653889.4746],[367049.7233,4653883.845],[366946.9732,4653891.4758],[366828.113,4653892.9267],[366780.2729,4653887.1271],[366699.1027,4653872.6277],[366648.3626,4653869.728],[366600.5325,4653868.2784],[366558.4924,4653862.4787],[366490.3621,4653837.8292],[366459.922,4653832.0294],[366425.132,4653842.1797],[366380.2021,4653865.3801],[366342.0624,4653906.5904],[366321.8325,4653924.4406],[366303.9926,4653938.7208],[366277.8226,4653953.011],[366243.3226,4653958.9612],[366211.2026,4653958.9615],[366180.2724,4653948.2517],[366130.3021,4653906.592],[366102.9419,4653887.5522],[366055.7516,4653860.5225],[366043.4616,4653858.9926],[366017.6615,4653861.6428],[365962.7716,4653879.2032],[365929.2516,4653891.1235],[365905.6316,4653892.6537],[365885.2416,4653892.3139],[365851.9314,4653880.4141],[365810.2912,4653857.8044],[365782.9311,4653847.0946],[365743.6707,4653807.8248],[365717.5006,4653798.305],[365688.9505,4653794.7352],[365655.6404,4653786.4054],[365616.3802,4653770.9257],[365585.4501,4653761.4059],[365531.9198,4653735.2263],[365483.1394,4653694.7666],[365454.5892,4653666.2068],[365429.609,4653648.3569],[365411.7589,4653638.8371],[365387.9688,4653636.4572],[365339.1889,4653650.7376],[365315.3989,4653662.6378],[365296.3689,4653666.208],[365280.8989,4653666.2081],[365259.4888,4653657.8782],[365253.5387,4653643.5983],[365248.7785,4653616.2283],[365202.3881,4653573.3785],[365092.9375,4653524.5893],[365033.4573,4653506.7397],[365009.7572,4653490.8999],[364937.8668,4653460.7904],[364860.9566,4653445.7409],[364790.7364,4653434.0315],[364728.8763,4653439.0519],[364678.7163,4653447.4123],[364522.3463,4653482.6636],[364498.4363,4653479.9537],[364477.7962,4653473.9739],[364441.306,4653450.7641],[364427.2559,4653444.6142],[364399.5058,4653437.3844],[364337.6456,4653420.6549],[364265.7454,4653412.2954],[364208.9053,4653412.2958],[364147.0453,4653418.9863],[364105.0753,4653437.4367],[364018.3054,4653464.1474],[363998.4554,4653468.6275],[363979.8454,4653469.1677],[363887.895,4653435.7183],[363851.1149,4653435.7186],[363807.645,4653449.0989],[363760.8251,4653474.1793],[363723.3551,4653484.4496],[363690.745,4653483.9699],[363655.4949,4653472.5101],[363601.9947,4653459.1305],[363515.0545,4653452.4412],[363466.5643,4653439.0615],[363421.4241,4653413.9718],[363339.5035,4653355.4323],[363303.4834,4653348.8326],[363265.3633,4653347.7129],[363217.1533,4653351.0833],[363180.6733,4653357.1136],[363155.5925,4653364.5687],[363118.8033,4653375.5041],[363073.6633,4653385.5444],[362971.6733,4653397.2552],[362934.8932,4653398.9255],[362876.3831,4653392.2359],[362859.6631,4653400.5961],[362837.5132,4653415.6562],[362804.0735,4653459.1366],[362763.9436,4653489.2469],[362640.224,4653561.168],[362568.3341,4653589.5986],[362515.3141,4653606.619],[362478.0541,4653606.3193],[362429.5639,4653591.2696],[362389.4336,4653557.8199],[362327.5731,4653510.9903],[362288.9028,4653477.0605],[362229.7224,4653440.2009],[362190.6322,4653420.0912],[362123.502,4653409.7717],[362095.182,4653417.7419],[362062.6021,4653431.0222],[362025.7823,4653472.1925],[362003.1224,4653480.1627],[361976.2223,4653478.8329],[361942.2322,4653466.8831],[361892.8719,4653445.7635],[361859.4317,4653427.3637],[361824.6915,4653405.7839],[361792.1112,4653365.9441],[361762.3711,4653357.9743],[361727.3511,4653368.8246],[361697.2611,4653373.8448],[361657.131,4653373.8451],[361601.961,4653380.5356],[361536.751,4653395.5861],[361491.0311,4653411.1865],[361489.9111,4653411.5665],[361450.3111,4653428.6168],[361392.9713,4653467.5073],[361365.2715,4653494.2075],[361339.3315,4653507.1878],[361297.6716,4653516.0181],[361249.1814,4653509.3284],[361140.5112,4653499.2893],[361063.931,4653489.2898],[361032.8009,4653479.9798],[360946.2005,4653454.0807],[360879.4503,4653439.5111],[360838.1801,4653415.2214],[360812.6899,4653393.3716],[360795.6997,4653369.0917],[360776.2795,4653348.4518],[360756.8594,4653335.0919],[360718.0192,4653318.0922],[360658.5489,4653298.6626],[360620.9288,4653295.0229],[360578.4388,4653295.0232],[360552.9587,4653284.0934],[360527.4685,4653268.3135],[360515.3283,4653250.1036],[360501.9778,4653179.6836],[360477.7075,4653148.1137],[360445.7673,4653132.9439],[360412.6873,4653127.9042],[360364.4872,4653124.5346],[360329.6271,4653128.6848],[360312.6372,4653140.825],[360290.7872,4653148.1151],[360267.7272,4653145.6853],[360251.9471,4653134.7554],[360200.9766,4653086.1957],[360173.0563,4653050.9759],[360146.3561,4653024.266],[360128.1459,4653013.3462],[360053.3258,4653003.4767],[360032.2657,4652996.3469],[359989.7856,4652992.6972],[359942.4456,4652998.7776],[359910.8956,4653008.4878],[359840.4956,4653021.8384],[359817.4356,4653024.2685],[359787.0955,4653020.6288],[359770.0954,4653018.1989],[359578.1151,4653007.8003],[359508.3845,4652952.1908],[359454.0542,4652915.9711],[359395.2041,4652915.9716],[359327.2941,4652934.0821],[359250.3339,4652920.5027],[359205.0633,4652852.5929],[359223.1727,4652771.1027],[359191.4821,4652694.1428],[359100.9414,4652626.2434],[358992.2908,4652562.8741],[358833.8401,4652508.5352],[358566.7495,4652476.8472],[358114.0388,4652481.3806],[357674.382,4652501.6904]]]},"geometry_name":"SHAPE","properties":{"OBJECTID":372,"NOM":"Ribera Salada","CORRIENTE":" ","TIPO":" ","CDR1":" ","CDR2":" ","DESDE":" ","HASTA":" ","COMENTARIO":" ","NUMLONGITUD_T":0,"NUMLONGITUD_R":0,"NUMSUPRCNC":0,"AMBITO":" ","CUENCA":" ","DIGITALIZA":" ","PROCEDENCI":" ","ACTUALIZA":" ","FUENTE":" ","ORIGEN_NOM":"ICC","DATMODIFICACIO":null}},{"type":"Feature","id":"AIGUA_RIUS_ACA_CHE.512","geometry":{"type":"MultiLineString","coordinates":[[[377477.2702,4671112.9824],[377472.4202,4671120.7425],[377467.5703,4671128.5025],[377460.6903,4671136.9326],[377447.8104,4671147.4327],[377434.5804,4671157.6128],[377426.8405,4671164.4229],[377419.0605,4671171.193],[377413.3905,4671175.273],[377407.4106,4671178.9531],[377400.8706,4671183.3931],[377393.8306,4671186.7232],[377382.2306,4671188.9733],[377370.5506,4671190.6034],[377363.7506,4671191.5534],[377356.9606,4671192.5435],[377353.9806,4671194.3035],[377351.1406,4671196.4235],[377341.2506,4671197.8836],[377336.2406,4671198.4737],[377331.7406,4671200.3037],[377324.9006,4671205.0837],[377318.1507,4671210.0038],[377314.4007,4671213.1438],[377310.3907,4671215.8239],[377298.7007,4671220.974],[377287.0007,4671226.1241],[377249.0107,4671231.3144],[377207.5607,4671231.3147],[377166.1206,4671227.855],[377128.1304,4671217.4953],[377067.7001,4671181.2157],[377034.8898,4671158.7559],[377002.0796,4671132.8461],[376941.6391,4671077.5564],[376917.4688,4671048.1966],[376908.8287,4671030.9166],[376896.7485,4671015.3667],[376865.6683,4670989.4569],[376831.1281,4670970.4571],[376796.588,4670960.0874],[376760.3278,4670941.0876],[376713.7076,4670930.7179],[376689.5375,4670918.6281],[376646.3672,4670889.2584],[376629.0971,4670884.0785],[376566.927,4670882.349],[376523.767,4670885.7993],[376506.497,4670889.2594],[376464.4169,4670888.4798],[376459.8769,4670889.2598],[376446.0569,4670897.8999],[376441.2469,4670898.64],[376420.1569,4670892.7101],[376406.3468,4670892.7102],[376394.2567,4670882.3503],[376349.9165,4670858.1706],[376339.4964,4670844.0906],[376316.5463,4670833.9808],[376297.5561,4670820.1609],[376282.016,4670802.881],[376278.5658,4670787.331],[376254.3856,4670757.9612],[376190.4951,4670704.4116],[376142.1448,4670678.5019],[376126.6047,4670666.402],[376114.5146,4670650.862],[376105.8844,4670631.8521],[376093.7943,4670616.3021],[376078.2541,4670602.4822],[376024.7238,4670564.4826],[375995.3735,4670536.8428],[375914.2129,4670471.1933],[375902.9429,4670469.6634],[375885.1428,4670468.8135],[375844.4527,4670455.2538],[375827.5026,4670446.7739],[375813.9425,4670434.894],[375800.3822,4670400.974],[375788.5121,4670387.4041],[375768.172,4670382.3242],[375747.8319,4670380.6244],[375725.7919,4670382.3246],[375708.8419,4670387.4047],[375691.8819,4670385.7148],[375642.7218,4670385.7152],[375608.5517,4670379.6754],[375590.1717,4670378.9256],[375552.8717,4670390.8059],[375535.9917,4670393.666],[375517.2717,4670400.9762],[375488.4517,4670402.6764],[375442.6816,4670400.9767],[375402.2015,4670388.167],[375365.5514,4670382.6673],[375347.2213,4670382.6674],[375328.8914,4670389.9976],[375317.2415,4670407.7677],[375300.2816,4670428.1179],[375284.0017,4670441.438],[375261.2919,4670470.5182],[375220.6119,4670485.7786],[375196.872,4670497.6588],[375181.6221,4670514.6189],[375146.0222,4670540.0592],[375130.7623,4670548.5393],[375118.1322,4670547.6894],[375079.6522,4670551.3497],[375061.3222,4670547.6899],[375032.0019,4670516.52],[374993.5117,4670507.3503],[374980.6816,4670494.5104],[374973.3515,4670478.0104],[374940.3613,4670459.6806],[374922.0312,4670454.1808],[374912.4012,4670448.8508],[374905.5411,4670441.3409],[374894.541,4670423.0109],[374881.7108,4670410.171],[374873.2808,4670405.9011],[374863.3908,4670404.6711],[374845.0607,4670406.5013],[374792.0806,4670399.1317],[374760.3905,4670392.2319],[374738.3903,4670373.832],[374731.5902,4670358.6321],[374727.1902,4670354.5321],[374710.2901,4670346.8322],[374700.49,4670339.9323],[374682.4896,4670287.3323],[374675.5895,4670275.6323],[374665.2894,4670266.7324],[374631.9893,4670251.8326],[374596.089,4670231.1329],[374570.6889,4670219.5331],[374560.4888,4670208.7331],[374508.1884,4670167.0334],[374493.8883,4670159.3335],[374450.0882,4670147.8339],[374400.7879,4670114.2342],[374394.9945,4670110.1443],[374382.9377,4670102.8443],[374358.3477,4670096.9945],[374309.0876,4670101.6048],[374300.5476,4670104.3549],[374290.8676,4670109.705],[374276.6977,4670121.8551],[374252.4079,4670150.2054],[374247.4779,4670152.9754],[374229.8779,4670153.7655],[374215.9678,4670150.2056],[374203.8278,4670144.1257],[374185.6077,4670140.0758],[374169.4577,4670139.046],[374165.3677,4670140.076],[374151.1978,4670152.2261],[374135.0078,4670162.3563],[374116.7878,4670166.4064],[374098.5678,4670164.3765],[374080.3477,4670158.3067],[374064.1576,4670150.2068],[373997.3572,4670109.7072],[373890.0764,4670024.6579],[373869.4162,4670005.638],[373829.696,4669989.4683],[373786.8358,4669972.0086],[373709.9156,4669951.7591],[373669.4354,4669943.6694],[373651.2153,4669935.5696],[373632.9953,4669931.5197],[373590.4952,4669929.49],[373556.0753,4669945.6903],[373541.9153,4669957.8404],[373511.5457,4670006.4407],[373506.5857,4670011.3908],[373493.3257,4670014.5409],[373454.8656,4670010.4912],[373445.1156,4670014.2713],[373438.6757,4670020.6113],[373422.4859,4670053.0115],[373414.5559,4670061.3816],[373406.2859,4670065.1616],[373382.1059,4670064.1618],[373349.6158,4670055.042],[373340.8658,4670054.5521],[373331.3958,4670057.0622],[373315.1958,4670067.1923],[373305.2758,4670071.0924],[373296.9858,4670071.2425],[373280.7857,4670063.1426],[373270.7657,4670054.9126],[373264.5956,4670053.0127],[373246.3756,4670057.0628],[373218.2756,4670058.513],[373209.9456,4670055.0431],[373183.6253,4670026.6933],[373173.5253,4670021.8333],[373158.8252,4670020.6134],[373126.4352,4670018.5937],[373092.025,4670000.3639],[373071.7849,4669996.3141],[373015.1048,4669996.3145],[372966.6347,4669989.9148],[372958.4247,4669986.1949],[372928.0644,4669959.8651],[372907.8143,4669951.7652],[372887.5743,4669947.7254],[372859.3241,4669938.1756],[372832.9241,4669939.6258],[372825.9641,4669938.1758],[372814.704,4669933.5459],[372800.5339,4669921.396],[372786.8137,4669895.1361],[372764.1035,4669878.8762],[372707.4234,4669868.7466],[372689.2033,4669860.6467],[372656.8131,4669844.447],[372638.603,4669832.2971],[372612.2827,4669803.9472],[372545.4823,4669763.4577],[372525.2422,4669755.3578],[372470.5921,4669741.1782],[372432.1319,4669731.0585],[372377.4718,4669729.0289],[372350.6917,4669725.1491],[372324.8417,4669727.0093],[372286.6517,4669726.1096],[372262.0916,4669720.9297],[372243.8816,4669720.9299],[372225.6615,4669714.86],[372209.4614,4669706.7601],[372193.2713,4669694.6102],[372175.0512,4669684.4804],[372138.6211,4669678.4106],[372120.401,4669672.3307],[372108.2509,4669658.1608],[372069.7903,4669591.341],[372045.5,4669560.9611],[372031.3399,4669548.8112],[372013.1198,4669540.7113],[371974.6597,4669530.5916],[371926.0495,4669508.982],[371863.3293,4669502.2424],[371845.1093,4669498.1926],[371806.6492,4669500.2128],[371786.4092,4669500.213],[371753.8092,4669511.4433],[371713.5393,4669526.5436],[371695.3192,4669528.5637],[371656.8592,4669528.564],[371639.1692,4669530.7442],[371624.4692,4669536.6643],[371615.9692,4669543.8044],[371610.2993,4669552.8644],[371606.7794,4669568.9545],[371606.2496,4669587.2945],[371610.2999,4669627.7845],[371608.28,4669646.0146],[371592.0802,4669680.4348],[371581.9605,4669716.8849],[371577.9108,4669753.335],[371577.911,4669789.785],[371575.8912,4669810.0351],[371573.0713,4669819.5851],[371567.7913,4669826.2352],[371540.2014,4669838.9354],[371531.3614,4669840.4055],[371505.4013,4669838.9357],[371486.0613,4669845.7058],[371478.7314,4669852.5559],[371462.5316,4669889.0061],[371452.4117,4669907.2362],[371446.4318,4669913.4062],[371438.2418,4669919.3863],[371405.8619,4669935.5866],[371391.3019,4669940.4367],[371369.4219,4669947.7369],[371353.232,4669957.857],[371343.1121,4669974.0571],[371339.0622,4669992.2772],[371339.0624,4670012.5272],[371348.3027,4670058.4872],[371343.1129,4670085.4273],[371335.0131,4670105.6774],[371324.8932,4670121.8775],[371301.8933,4670144.5677],[371286.4335,4670177.4479],[371278.3336,4670184.6479],[371253.5636,4670198.7282],[371243.9236,4670200.8482],[371225.7036,4670200.8484],[371189.2736,4670206.9287],[371152.8335,4670206.9289],[371134.6135,4670204.8991],[371118.4234,4670196.7992],[371101.7133,4670186.6793],[371067.3031,4670170.4795],[371034.9131,4670172.4998],[371002.5332,4670196.8001],[370984.3132,4670200.8502],[370966.0932,4670202.8803],[370927.6331,4670194.7806],[370909.4131,4670196.8008],[370893.2231,4670204.9009],[370879.0532,4670217.051],[370810.2334,4670259.5816],[370796.0635,4670271.7317],[370783.9136,4670287.9219],[370775.8137,4670304.1219],[370763.6738,4670318.3021],[370729.2639,4670342.6024],[370678.654,4670368.9228],[370660.434,4670372.9729],[370599.7139,4670372.9734],[370577.444,4670381.0736],[370561.254,4670393.2237],[370536.9642,4670423.6039],[370524.8145,4670460.0441],[370504.5747,4670492.4443],[370490.4048,4670504.5944],[370472.1848,4670512.6946],[370453.9748,4670514.7247],[370417.5347,4670506.625],[370401.3447,4670514.7251],[370397.2948,4670532.9452],[370409.435,4670547.1251],[370413.4851,4670565.3451],[370413.4852,4670583.5751],[370407.4155,4670620.0152],[370409.4356,4670638.2453],[370415.5158,4670656.4652],[370413.4859,4670674.6953],[370385.1463,4670723.2956],[370377.0564,4670741.5157],[370375.0265,4670759.7357],[370375.0268,4670798.2158],[370370.9769,4670816.4358],[370358.837,4670832.6359],[370344.6671,4670844.7861],[370326.4471,4670852.8862],[370290.0171,4670860.9865],[370257.6272,4670881.2368],[370233.3373,4670899.467],[370196.8974,4670917.6873],[370138.1974,4670921.7378],[370115.9274,4670927.8079],[370097.7174,4670935.9081],[370081.5175,4670946.0382],[370065.3275,4670960.2084],[370049.1376,4670968.3085],[370030.9176,4670974.3887],[370010.6776,4670978.4388],[369990.4276,4670978.439],[369945.8974,4670966.2893],[369916.9073,4670961.5595],[369907.4373,4670962.2396],[369871.0074,4670974.3899],[369852.7874,4670978.44],[369820.7773,4670971.2602],[369800.3371,4670962.0104],[369769.177,4670944.4706],[369727.2867,4670915.6709],[369696.9164,4670887.3211],[369662.5062,4670865.0413],[369644.2961,4670856.9414],[369614.856,4670851.1716],[369585.586,4670852.8918],[369575.616,4670851.5519],[369565.3459,4670846.822],[369551.1758,4670834.6721],[369541.0557,4670818.4721],[369524.8655,4670804.2922],[369511.4755,4670802.1023],[369504.6255,4670804.2924],[369454.0158,4670860.9929],[369444.3059,4670865.8929],[369426.1958,4670865.8931],[369408.8457,4670855.7032],[369395.3155,4670832.6433],[369383.1654,4670818.4733],[369364.9554,4670814.4235],[369353.7553,4670815.6935],[369346.7353,4670814.4236],[369337.9053,4670810.0336],[369330.5352,4670802.2737],[369304.2248,4670751.6538],[369292.0745,4670715.2038],[369279.9344,4670699.0039],[369272.6243,4670695.654],[369241.4742,4670688.8742],[369205.0342,4670690.9045],[369186.8241,4670688.8746],[369177.9241,4670685.0847],[369170.624,4670678.7547],[369159.4338,4670648.4647],[369154.4337,4670644.3248],[369136.2137,4670640.2749],[369117.9937,4670644.3251],[369100.7837,4670650.4052],[369082.5636,4670646.3553],[369066.3736,4670638.2554],[369021.8432,4670599.7757],[369003.6231,4670587.6358],[368985.403,4670585.606],[368924.6829,4670585.6064],[368900.3829,4670583.5866],[368876.0928,4670575.4868],[368863.9527,4670563.3369],[368841.6826,4670555.237],[368817.3926,4670567.3872],[368776.9127,4670581.5576],[368754.6427,4670585.6077],[368736.4226,4670581.5579],[368699.9926,4670581.5581],[368679.7525,4670571.4383],[368665.5823,4670557.2584],[368649.3821,4670532.9584],[368635.212,4670520.8085],[368612.9519,4670512.7087],[368594.7319,4670512.7088],[368576.5119,4670516.759],[368556.2718,4670508.6591],[368540.0817,4670496.5092],[368521.8614,4670462.0893],[368509.7112,4670445.8894],[368502.3512,4670440.1994],[368488.6911,4670433.0595],[368475.3011,4670431.7196],[368444.9411,4670439.8099],[368424.7011,4670447.91],[368368.0214,4670492.4605],[368345.7514,4670506.6407],[368321.4615,4670518.7909],[368303.2515,4670524.8611],[368289.6216,4670533.9612],[368285.0316,4670541.0612],[368279.9718,4670572.5513],[368274.9119,4670581.5614],[368268.5219,4670588.8314],[368258.712,4670593.7115],[368240.492,4670595.7317],[368230.5519,4670594.2617],[368214.2818,4670583.4018],[368210.1318,4670575.4919],[368206.0816,4670551.1919],[368201.6215,4670541.8019],[368193.9414,4670532.9619],[368175.7213,4670526.892],[368090.7012,4670524.8627],[368070.4612,4670526.8928],[368052.2412,4670534.993],[368007.7114,4670573.4634],[367991.5215,4670583.5935],[367938.8916,4670607.884],[367924.7217,4670622.0641],[367922.692,4670660.5342],[367916.6221,4670678.7643],[367898.402,4670676.7344],[367882.2119,4670664.5845],[367850.8617,4670646.7147],[367813.4917,4670650.335],[367805.2916,4670644.3351],[367783.0212,4670589.6651],[367774.9311,4670573.4652],[367767.681,4670566.5252],[367758.731,4670565.3653],[367750.211,4670567.7354],[367742.541,4670573.4654],[367726.3512,4670605.8656],[367712.1813,4670620.0357],[367695.4915,4670643.9059],[367675.7416,4670664.5861],[367665.6217,4670680.7862],[367663.6018,4670699.0162],[367634.242,4670727.3665],[367585.6622,4670757.7369],[367571.4922,4670769.887],[367553.2722,4670773.9372],[367516.8423,4670790.1375],[367498.6223,4670792.1576],[367480.4022,4670786.0878],[367470.2821,4670769.8878],[367468.2618,4670731.4178],[367470.2816,4670713.1877],[367466.2315,4670694.9677],[367458.1313,4670676.7377],[367448.0112,4670660.5378],[367419.671,4670636.238],[367387.2908,4670613.9682],[367367.0507,4670603.8383],[367348.8306,4670601.8185],[367334.6605,4670587.6485],[367312.3904,4670577.5187],[367292.1503,4670573.4688],[367271.9103,4670581.569],[367257.7404,4670593.7191],[367245.5905,4670607.8893],[367227.3805,4670609.9194],[367136.2905,4670636.2401],[367118.0705,4670638.2703],[367085.6807,4670662.5706],[367065.4407,4670666.6207],[367047.2206,4670666.6209],[367008.7605,4670660.5411],[366990.5405,4670654.4713],[366958.1603,4670638.2715],[366941.9602,4670628.1416],[366899.4498,4670589.6719],[366865.0396,4670569.4221],[366846.8295,4670563.3522],[366828.6095,4670563.3524],[366810.3896,4670573.4725],[366749.6595,4670583.603],[366731.4495,4670583.6031],[366715.2494,4670575.5032],[366688.939,4670526.9034],[366662.6187,4670490.4535],[366646.4286,4670480.3236],[366628.2085,4670476.2738],[366612.0184,4670466.1539],[366585.6982,4670437.804],[366567.4879,4670405.4041],[366543.1876,4670375.0342],[366535.7476,4670370.3043],[366518.3575,4670365.2444],[366501.4075,4670366.3445],[366485.3375,4670371.7347],[366457.1574,4670366.9349],[366438.9374,4670360.855],[366422.7473,4670352.7551],[366404.5272,4670348.7053],[366396.1872,4670343.4353],[366380.237,4670320.3554],[366372.1368,4670304.1554],[366357.9667,4670287.9555],[366339.7566,4670281.8856],[366304.0166,4670282.4859],[366295.3765,4670278.976],[366290.0065,4670271.736],[366286.5064,4670260.756],[366295.2162,4670229.2359],[366295.1461,4670223.8359],[366291.636,4670214.4859],[366286.506,4670209.3459],[366270.926,4670208.9861],[366259.646,4670212.3861],[366232.4659,4670213.0364],[366213.7459,4670217.1865],[366194.0059,4670221.1367],[366155.5459,4670223.167],[366137.3358,4670221.1371],[366127.2058,4670215.8872],[366121.1357,4670208.9872],[366118.0957,4670199.9972],[366115.0654,4670170.5172],[366110.3954,4670161.4472],[366095.4452,4670149.9973],[366074.6552,4670143.4574],[366052.4651,4670142.2876],[366044.2151,4670144.1877],[365989.5652,4670164.4381],[365969.3252,4670168.4883],[365932.8851,4670164.4386],[365914.665,4670160.3887],[365878.2349,4670146.219],[365860.0148,4670136.0891],[365845.8446,4670121.9192],[365837.7445,4670105.7192],[365823.5844,4670093.5693],[365807.3843,4670085.4694],[365789.1643,4670089.5195],[365774.9944,4670101.6697],[365756.7844,4670109.7698],[365700.1043,4670109.7703],[365681.8843,4670107.7504],[365663.6642,4670103.7005],[365631.284,4670087.5007],[365611.034,4670083.4509],[365592.8239,4670075.351],[365544.2436,4670044.9713],[365526.0235,4670038.9015],[365507.8035,4670036.8716],[365489.5835,4670038.9017],[365469.3435,4670044.9719],[365418.7336,4670069.2723],[365362.0636,4670089.5228],[365323.6036,4670097.6231],[365303.3536,4670099.6533],[365246.6835,4670089.5237],[365210.2434,4670093.574],[365153.5633,4670093.5744],[365133.3233,4670095.6046],[365096.8933,4670105.7248],[365080.6934,4670115.845],[365066.5235,4670127.9951],[365030.0935,4670138.1254],[365011.8734,4670132.0455],[364961.2631,4670095.6059],[364945.073,4670087.506],[364908.6429,4670081.4262],[364890.4229,4670083.4564],[364874.2229,4670091.5565],[364854.673,4670109.1267],[364843.1931,4670126.8668],[364838.5932,4670144.9069],[364836.4534,4670166.3169],[364842.8735,4670183.4469],[364848.0238,4670211.1469],[364840.7339,4670236.967],[364787.2343,4670294.7675],[364772.2543,4670305.4676],[364755.1344,4670314.0378],[364720.8844,4670324.7381],[364701.6244,4670324.7382],[364672.6943,4670320.8184],[364663.1043,4670316.1785],[364650.2641,4670303.3286],[364630.7839,4670278.4787],[364622.4439,4670273.3587],[364603.1838,4670273.3589],[364568.9439,4670288.3492],[364524.0041,4670322.5996],[364504.7441,4670331.1597],[364496.0341,4670333.4998],[364485.4841,4670333.3099],[364476.3741,4670331.2599],[364468.364,4670326.88],[364457.6539,4670311.9],[364449.0938,4670294.7701],[364444.8136,4670277.6401],[364440.6236,4670271.3601],[364431.9735,4670264.8002],[364414.7034,4670257.9403],[364395.5934,4670256.2304],[364378.4734,4670260.5206],[364368.6734,4670265.9906],[364361.3534,4670266.9407],[364320.6933,4670262.661],[364301.4333,4670264.8012],[364286.4534,4670277.6413],[364275.7535,4670292.6314],[364260.7737,4670326.8816],[364256.494,4670365.4217],[364251.144,4670371.5017],[364241.514,4670376.1218],[364222.254,4670380.4019],[364205.1341,4670388.9721],[364197.0741,4670396.0922],[364192.2842,4670403.9522],[364185.8645,4670442.4923],[364177.3046,4670459.6224],[364164.4647,4670476.7425],[364149.4847,4670487.4527],[364132.3648,4670491.7328],[364115.2947,4670492.2129],[364093.7647,4670486.6231],[364078.8646,4670481.0332],[364053.8545,4670475.6734],[364032.4045,4670478.3535],[364023.2245,4670483.1736],[364008.2446,4670500.2938],[363999.6849,4670534.5539],[363988.985,4670549.534],[363971.865,4670560.2441],[363946.155,4670565.5343],[363896.9549,4670555.9647],[363877.6948,4670555.9648],[363848.2848,4670562.8551],[363822.0549,4670579.5053],[363813.8749,4670582.5254],[363785.6749,4670588.0756],[363753.5449,4670588.3358],[363745.0149,4670590.2159],[363712.915,4670611.6262],[363687.2352,4670637.3164],[363670.1152,4670645.8766],[363650.8452,4670650.1567],[363622.5051,4670645.8769],[363563.245,4670646.7574],[363530.2749,4670637.4776],[363500.5148,4670635.1778],[363483.2548,4670633.298],[363466.2748,4670635.1781],[363444.8748,4670637.3183],[363391.3748,4670652.2987],[363369.9748,4670652.2989],[363331.4447,4670648.0192],[363292.9246,4670652.2995],[363258.6847,4670660.8697],[363237.2846,4670663.0099],[363196.6246,4670663.0102],[363158.1045,4670658.7305],[363136.7044,4670652.3006],[363117.4444,4670650.1608],[363081.0644,4670660.8711],[363046.8145,4670677.9914],[363010.4345,4670690.8417],[362993.3145,4670699.4018],[362918.4145,4670714.3924],[362901.2946,4670725.0926],[362885.1846,4670730.4727],[362864.9146,4670735.8028],[362824.2545,4670735.8032],[362804.9845,4670733.6633],[362747.2045,4670740.0838],[362631.6447,4670791.4647],[362614.5247,4670797.8849],[362576.0047,4670806.4552],[362496.8146,4670806.4558],[362458.2945,4670804.3061],[362421.9144,4670797.8863],[362383.3943,4670800.0266],[362364.1343,4670804.3068],[362344.8744,4670810.7369],[362276.3945,4670847.1275],[362218.6046,4670874.958],[362201.4847,4670881.3881],[362184.3647,4670885.6683],[362145.8446,4670887.8086],[362126.5846,4670892.0887],[362107.3246,4670898.5089],[362090.2047,4670907.079],[362062.3848,4670932.7693],[362015.105,4670961.1297],[362007.035,4670970.7497],[362002.4551,4670979.8698],[361996.6453,4671009.2199],[361982.0356,4671056.1601],[361968.2158,4671078.3402],[361943.9559,4671098.8704],[361904.8467,4671122.3699],[361899.736,4671125.4408],[361840.8861,4671148.8913],[361794.8761,4671157.5616],[361772.0461,4671158.5118],[361739.356,4671153.502]]]},"geometry_name":"SHAPE","properties":{"OBJECTID":512,"NOM":"Riu de Perles","CORRIENTE":" ","TIPO":" ","CDR1":" ","CDR2":" ","DESDE":" ","HASTA":" ","COMENTARIO":" ","NUMLONGITUD_T":0,"NUMLONGITUD_R":0,"NUMSUPRCNC":0,"AMBITO":" ","CUENCA":" ","DIGITALIZA":" ","PROCEDENCI":" ","ACTUALIZA":" ","FUENTE":" ","ORIGEN_NOM":"ICC","DATMODIFICACIO":null}},{"type":"Feature","id":"AIGUA_RIUS_ACA_CHE.206","geometry":{"type":"MultiLineString","coordinates":[[[426015.4236,4694943.8612],[425996.2374,4695107.3616],[425980.0195,4695215.3619],[425981.3952,4695307.362],[425992.7395,4695386.862],[425962.2089,4695474.3624],[425943.8342,4695519.8626],[425925.4282,4695566.3628],[425914.9287,4695627.363],[425921.0542,4695699.863],[425956.3361,4695768.3629],[425969.0868,4695855.3629],[425989.3686,4695936.8629],[426002.9316,4695993.8629],[426021.7447,4696064.8628],[426069.8703,4696139.3626],[426129.2772,4696202.3622],[426189.7777,4696259.3618],[426234.122,4696332.8616],[426257.7474,4696381.8615],[426268.5291,4696424.8615],[426240.7173,4696520.8619],[426199.874,4696597.8623],[426190.4682,4696647.3624],[426160.7185,4696702.3628],[426134.6563,4696744.863],[426091.0629,4696802.8634],[426046.0632,4696857.3639],[425970.5323,4696906.8645],[425931.8138,4696952.8649],[425891.8766,4697000.8653],[425870.7831,4697037.8655],[425847.002,4697064.8657],[425820.7209,4697091.866],[425776.6586,4697121.8663],[425702.4714,4697175.367],[425659.8466,4697218.8674],[425628.7844,4697264.8677],[425620.4409,4697303.8678],[425631.1912,4697340.3678],[425648.2854,4697379.8677],[425660.2544,4697418.8677],[425645.4734,4697449.3679],[425630.8174,4697490.368],[425618.5676,4697521.3682],[425615.1928,4697551.3683],[425589.1306,4697592.8685],[425569.0682,4697613.3687],[425549.381,4697655.8689],[425550.0063,4697702.869],[425542.9129,4697735.8691],[425537.1007,4697775.8692],[425491.6633,4697795.3696],[425437.1633,4697806.37],[425385.257,4697820.8704],[425355.0071,4697841.8707],[425311.2887,4697890.8711],[425287.6014,4697925.3713],[425249.8515,4697946.8717],[425219.7579,4697976.3719],[425189.7894,4698013.3722],[425168.3832,4698028.8724],[425145.9147,4698055.8726],[425123.6962,4698099.8729],[425095.0402,4698138.3731],[425049.6966,4698167.8735],[425036.2281,4698202.8737],[425018.8533,4698231.3739],[424982.2284,4698245.8742],[424939.416,4698277.8745],[424900.6975,4698321.3749],[424856.5727,4698349.3753],[424804.8541,4698376.3757],[424764.7605,4698415.3761],[424743.7296,4698453.8763],[424731.5423,4698486.8765],[424712.8237,4698510.3766],[424682.7301,4698540.8769],[424657.5427,4698555.3771],[424624.824,4698579.3774],[424598.4492,4698601.8777],[424578.6682,4698640.3779],[424569.0747,4698679.378],[424562.2001,4698727.8781],[424547.5442,4698769.8783],[424512.5756,4698810.8786],[424485.326,4698862.3789],[424478.17,4698892.879],[424469.8578,4698932.3791],[424456.7332,4698989.8793],[424433.0146,4699019.3796],[424400.6087,4699064.3799],[424368.015,4699092.8802],[424341.9842,4699141.3804],[424338.5781,4699168.3805],[424320.0783,4699204.3807],[424271.016,4699242.8811],[424240.985,4699274.3814],[424209.8603,4699320.3817],[424178.5167,4699350.382],[424161.1732,4699379.8822],[424132.5172,4699419.3825],[424117.6423,4699443.8826],[424089.8924,4699458.3828],[424051.9549,4699472.8832],[424028.3302,4699506.3834],[424005.674,4699522.8836],[423951.3303,4699542.884],[423927.7681,4699582.8843],[423897.6746,4699616.3845],[423871.3309,4699636.8848],[423837.4561,4699664.3851],[423812.1436,4699677.3853],[423769.9559,4699658.8856],[423734.112,4699642.8858],[423687.1745,4699650.8862],[423654.5183,4699673.3865],[423616.9561,4699714.3868],[423608.5188,4699741.8869],[423613.9878,4699773.3869],[423623.3631,4699804.8869],[423645.4884,4699838.8868],[423666.1761,4699861.8867],[423680.5513,4699889.3866],[423663.2078,4699922.3868],[423616.4578,4699942.3872],[423587.3954,4699951.8874],[423562.4268,4699981.3877],[423533.1768,4699978.8879],[423507.8018,4699984.3881],[423470.0831,4700010.3884],[423427.1145,4700030.3888],[423401.7395,4700031.889],[423368.9271,4700048.8892],[423334.7708,4700061.3895],[423281.3332,4700057.8899],[423243.6146,4700084.3902],[423224.8648,4700103.3904],[423195.9586,4700128.8907],[423134.9273,4700126.3911],[423103.3961,4700144.8914],[423063.1462,4700175.3917],[423044.4902,4700199.8919],[423001.8029,4700236.3923],[422956.3968,4700263.3927],[422922.053,4700261.3929],[422884.053,4700269.8932],[422833.428,4700285.8936],[422781.8657,4700323.3941],[422747.5532,4700326.3944],[422691.5843,4700319.8948],[422639.6468,4700334.3952],[422605.5532,4700347.3955],[422572.5844,4700354.3957],[422545.8968,4700353.8959],[422506.5218,4700355.3962],[422472.5532,4700379.8965],[422457.6471,4700404.3967],[422433.8035,4700424.3969],[422398.5223,4700446.3972],[422361.8661,4700460.8975],[422344.46,4700488.8977],[422318.179,4700515.8979],[422292.7415,4700516.3981],[422255.9914,4700520.8984],[422197.7727,4700539.3989],[422149.7415,4700556.8992],[422109.5229,4700589.3996],[422082.0856,4700622.8999],[422050.8047,4700659.9002],[422014.211,4700677.9005],[421983.836,4700685.4007],[421949.8049,4700707.401],[421923.3049,4700721.4012],[421883.9611,4700722.4015],[421840.8049,4700728.9019],[421750.8674,4700749.9026],[421707.9612,4700772.9029],[421677.7738,4700791.4032],[421646.2427,4700809.9034],[421619.8053,4700826.4037],[421592.0554,4700843.4039],[421545.2429,4700854.4043],[421498.493,4700877.9047],[421473.0241,4700871.9049],[421434.9616,4700877.9052],[421357.7741,4700899.4058],[421314.6491,4700911.4061],[421279.2742,4700921.9064],[421245.0555,4700928.9067],[421214.5867,4700932.9069],[421175.2742,4700941.4072],[421129.8055,4700959.4076],[421095.8056,4700981.9079],[421064.0868,4700986.9081],[421029.0871,4701025.9085],[420988.8373,4701056.9088],[420940.9312,4701083.4092],[420899.1499,4701093.9095],[420838.3062,4701104.91],[420806.4936,4701105.4103],[420775.8685,4701095.9105],[420741.681,4701103.9108],[420703.8373,4701126.4111],[420656.8373,4701126.9114],[420616.2122,4701129.9117],[420583.5249,4701155.912],[420538.15,4701181.9124],[420500.15,4701188.9127],[420462.3376,4701211.413],[420429.5252,4701228.9133],[420373.5564,4701227.4137],[420322.994,4701246.4141],[420295.1502,4701253.4144],[420248.3377,4701269.9147],[420210.3377,4701278.415],[420174.8065,4701285.4153],[420144.4002,4701289.4156],[420105.9625,4701270.9158],[420043.8688,4701283.4163],[420000.8689,4701301.4167],[419965.6502,4701323.917],[419922.5565,4701333.4173],[419876.65,4701320.4176],[419844.6187,4701306.4179],[419778.6187,4701316.4184],[419753.3374,4701322.9186],[419712.7123,4701323.9189],[419655.5247,4701325.9193],[419613.681,4701333.9196],[419571.6496,4701328.42],[419535.7744,4701307.4202],[419506.2742,4701290.9204],[419476.9617,4701286.9206],[419432.5241,4701290.921],[419404.4929,4701287.9212],[419365.8988,4701254.9214],[419294.8362,4701263.422],[419247.9612,4701273.4223],[419187.0237,4701278.4228],[419149.0237,4701289.9231],[419113.5862,4701300.9234],[419065.5237,4701314.4238],[419035.0862,4701320.924],[418999.8677,4701346.9243],[418962.149,4701374.4246],[418932.0555,4701403.9249],[418901.8056,4701420.9252],[418875.3369,4701436.4254],[418838.5557,4701444.4257],[418807.0244,4701459.426],[418752.4307,4701464.9264],[418728.1493,4701458.9265],[418693.8993,4701460.9268],[418654.5868,4701468.9271],[418602.9619,4701499.4276],[418566.3683,4701521.4279],[418525.6808,4701521.9282],[418498.8369,4701510.4284],[418439.2431,4701520.4288],[418406.3994,4701532.9291],[418360.8995,4701552.4295],[418333.0558,4701558.9297],[418294.9619,4701562.93],[418233.7743,4701551.4304],[418160.1492,4701558.931],[418091.6179,4701564.9315],[418041.9928,4701561.9319],[418012.4927,4701547.9321],[417978.0237,4701537.4323],[417941.0862,4701534.9326],[417899.3987,4701549.933],[417872.8988,4701562.9332],[417829.8363,4701576.4335],[417798.2426,4701585.9338],[417768.8362,4701574.934],[417734.4299,4701567.9342],[417678.8987,4701597.9347],[417648.6176,4701613.435],[417596.7427,4701630.4354],[417570.1489,4701637.4356],[417529.8053,4701660.9359],[417508.4929,4701678.9361],[417474.2116,4701682.4364],[417432.274,4701684.4367],[417403.493,4701714.937],[417384.8994,4701748.4372],[417349.6809,4701774.4375],[417277.4309,4701785.438],[417234.3371,4701793.9384],[417184.7745,4701796.9388],[417159.0868,4701780.9389],[417139.0555,4701761.4391],[417137.9941,4701758.5591],[417095.4935,4701677.7593],[417085.7933,4701665.8593],[417073.1933,4701656.5594],[417059.9932,4701651.3595],[417034.8931,4701646.7597],[416979.6929,4701631.9601],[416891.5926,4701604.1607],[416838.2923,4701581.2611],[416815.5922,4701567.3612],[416778.182,4701546.6615],[416752.0318,4701534.4817],[416703.0617,4701526.162],[416652.4816,4701522.2324],[416588.4914,4701514.2629],[416574.4914,4701510.163],[416521.8911,4701482.2633],[416475.8907,4701436.4636],[416445.0904,4701413.5638],[416399.8401,4701376.8041],[416358.1998,4701341.4544],[416326.3294,4701304.9245],[416316.8294,4701297.4746],[416311.8493,4701289.5646],[416300.6791,4701261.2347],[416281.2788,4701235.3448],[416249.4086,4701206.675],[416235.0784,4701190.9551],[416197.388,4701140.4653],[416168.4877,4701106.9654],[416101.4971,4701045.8358],[416065.7069,4701023.4561],[415916.5864,4700994.4672],[415902.6864,4700990.9673],[415849.5862,4700969.5676],[415806.0859,4700942.3679],[415768.4857,4700923.7682],[415727.0854,4700898.4685],[415686.8851,4700865.9687],[415656.0848,4700829.8689],[415627.9846,4700806.5691],[415596.5842,4700764.6693],[415568.4839,4700734.6694],[415539.8837,4700709.3696],[415524.6836,4700692.7697],[415497.8832,4700656.9698],[415294.0738,4700438.4511],[415283.1987,4700432.4511],[415248.7299,4700421.9514],[415221.5421,4700390.4515],[415185.6981,4700371.9518],[415165.0417,4700351.9519],[415122.6351,4700321.9522],[415088.1975,4700311.9524],[415053.5098,4700289.4526],[415034.1659,4700270.9528],[415003.0717,4700231.4529],[414974.6339,4700196.4531],[414949.9461,4700162.4532],[414908.6332,4700118.9535],[414889.2581,4700098.4536],[414869.6953,4700066.9537],[414841.1637,4700027.9539],[414824.0696,4699988.9539],[414804.5068,4699953.454],[414772.0064,4699907.9542],[414756.35,4699881.4543],[414745.8185,4699853.4543],[414732.4431,4699809.4543],[414719.2867,4699778.9544],[414708.6301,4699747.4544],[414698.1612,4699724.4545],[414674.9422,4699702.9546],[414636.442,4699679.9549],[414578.9417,4699657.9553],[414511.4729,4699651.9558],[414478.4104,4699653.956],[414442.8478,4699656.9563],[414406.0978,4699661.4566],[414374.3165,4699663.4568],[414342.4413,4699653.4571],[414315.191,4699616.9572],[414300.7221,4699586.4573],[414283.5967,4699546.4573],[414257.6589,4699508.4575],[414199.721,4699462.9579],[414136.5016,4699399.4582],[414078.5636,4699350.4586],[414024.5007,4699300.4589],[413971.7191,4699258.9593],[413915.3124,4699225.4596],[413868.9996,4699186.9599],[413817.4366,4699140.4603],[413778.6551,4699099.4605],[413724.4357,4699039.9608],[413667.5915,4698977.4611],[413612.0597,4698920.9615],[413561.7155,4698867.9618],[413516.34,4698808.962],[413458.1831,4698744.9624],[413397.5263,4698681.9627],[413348.307,4698619.463],[413319.7754,4698582.9632],[413287.4626,4698546.4634],[413244.7434,4698494.9636],[413204.5554,4698440.4638],[413163.18,4698392.9641],[413126.7733,4698339.9643],[413101.9916,4698297.4644],[413064.46,4698250.4646],[413021.8346,4698203.9648],[412982.9592,4698154.9651],[412938.9899,4698104.4653],[412894.8962,4698105.4657],[412890.5103,4698064.4044],[412879.8995,4698057.4557],[412856.8593,4698037.6858],[412820.2591,4698015.4861],[412783.7588,4697989.6863],[412726.9585,4697957.3867],[412671.6581,4697921.3871],[412628.0579,4697902.8874],[412608.6578,4697892.5875],[412595.2577,4697881.1876],[412554.6271,4697807.9178],[412508.8565,4697745.988],[412495.2564,4697725.3881],[412423.1658,4697659.4285],[412390.9354,4697624.6887],[412383.255,4697571.2887],[412324.8541,4697458.589],[412293.4537,4697408.9891],[412262.6534,4697379.2193],[412236.033,4697338.3895],[412227.1628,4697302.8695],[412225.3823,4697249.6094],[412227.1622,4697231.8494],[412227.1618,4697176.8093],[412230.7114,4697123.5392],[412239.581,4697068.499],[412239.5807,4697031.2089],[412230.7106,4697011.679],[412227.1601,4696958.4089],[412221.83,4696940.6589],[412216.5097,4696905.1489],[412211.1892,4696830.5688],[412196.9886,4696764.8788],[412189.8881,4696695.6288],[412181.0077,4696647.6888],[412176.7974,4696599.9887],[412177.4672,4696574.8887],[412172.037,4696553.0787],[412164.9364,4696476.7286],[412162.0563,4696459.9786],[412150.7358,4696403.9286],[412141.865,4696297.3985],[412124.1143,4696205.0685],[412118.7841,4696185.5285],[412109.9137,4696128.7185],[412111.6835,4696110.9585],[412093.9432,4696073.6686],[412090.3931,4696054.1386],[412086.8428,4696013.2985],[412085.062,4695920.9784],[412092.1618,4695883.6883],[412104.5915,4695848.1781],[412148.9511,4695780.7077],[412154.2809,4695761.1676],[412157.8308,4695741.6376],[412157.8305,4695700.7975],[412161.3802,4695665.2874],[412168.0701,4695630.1594],[412168.4799,4695628.0073],[412170.2494,4695551.6572],[412170.2493,4695540.5472],[412166.6991,4695522.7872],[412159.599,4695505.0372],[412140.0787,4695471.2973],[412129.4286,4695457.0974],[412072.6381,4695409.1577],[412010.5177,4695366.5381],[411996.3176,4695354.1082],[411944.8473,4695322.1485],[411927.1072,4695313.2787],[411882.7366,4695245.7989],[411838.3661,4695183.6591],[411825.9359,4695169.4492],[411795.7657,4695148.1494],[411740.7454,4695121.5098],[411721.2253,4695114.4099],[411691.2552,4695105.4101],[411646.6851,4695094.8805],[411595.4049,4695086.9308],[411534.8748,4695082.4513],[411462.1047,4695078.9018],[411408.9745,4695071.4222],[411370.5044,4695063.7325],[411351.2743,4695053.4726],[411335.8841,4695032.9627],[411306.4038,4694995.7729],[411268.6535,4694958.1631],[411233.1631,4694917.3233],[411202.9829,4694896.0235],[411185.2428,4694888.9137],[411167.4927,4694885.3638],[411128.4427,4694883.5941],[411110.7027,4694887.1442],[411075.2028,4694906.6745],[411048.5829,4694931.5348],[411021.9636,4695027.4151],[411011.3137,4695041.6152],[411002.0937,4695048.7953],[410979.3638,4695066.4755],[410944.9639,4695081.5258],[410926.1239,4695087.7859],[410904.8239,4695089.5561],[410849.8038,4695089.5565],[410832.0538,4695087.7866],[410814.3137,4695082.4568],[410748.4234,4695057.4272],[410697.2931,4695033.3776],[410666.243,4695020.0578],[410622.7727,4694987.2181],[410591.7225,4694965.9183],[410558.5123,4694949.1185],[410510.592,4694920.7088],[410492.8519,4694913.6089],[410459.1317,4694892.2992],[410377.4912,4694846.1397],[410359.7412,4694840.8098],[410318.921,4694833.7101],[410247.9309,4694824.8307],[410230.1808,4694824.8308],[410100.6204,4694791.0917],[410082.8703,4694783.9918],[410026.0802,4694776.8923],[409969.28,4694762.6827],[409932.0098,4694746.7029],[409901.8396,4694725.4031],[409887.6395,4694712.9732],[409837.9491,4694682.7835],[409752.7587,4694638.3941],[409733.2386,4694631.2943],[409716.2885,4694617.7344],[409688.8682,4694588.6845],[409676.538,4694567.8346],[409649.9178,4694542.9748],[409607.5476,4694526.675],[409573.6075,4694523.4453],[409537.4375,4694525.7256],[409511.4876,4694548.3058],[409497.6376,4694554.9059],[409476.9076,4694555.6261],[409436.9475,4694541.2064],[409392.5771,4694507.4666],[409374.087,4694498.4768],[409358.857,4694496.8169],[409341.107,4694500.367],[409241.7173,4694557.1879],[409209.7773,4694573.1681],[409172.2774,4694591.9784],[409158.0775,4694602.6286],[409121.8177,4694633.0789],[409108.3977,4694638.199],[409081.3777,4694644.9592],[409036.7979,4694678.7496],[408985.458,4694701.73],[408950.3381,4694727.4203],[408915.2184,4694766.6206],[408870.6388,4694828.8011],[408866.1088,4694835.9611],[408854.4188,4694842.3112],[408847.9288,4694844.3513],[408821.9988,4694850.4215],[408799.6788,4694853.4417],[408778.7688,4694851.7718],[408739.5986,4694840.9621],[408672.0485,4694835.5526],[408573.4284,4694835.5533],[408516.6883,4694843.6638],[408483.0584,4694855.834],[408446.277,4694874.2218],[408409.8507,4694890.8949],[408376.2332,4694897.1474],[408351.224,4694897.3288],[408336.7259,4694902.0408],[408310.5387,4694912.4615],[408283.1736,4694923.3354],[408266.3196,4694928.591],[408231.796,4694934.3],[408212.9483,4694935.2062],[408191.02,4694932.6692],[408166.6449,4694927.3231],[408147.6162,4694924.605],[408131.3058,4694927.5047],[408117.6232,4694936.6567],[408097.3261,4694966.5592],[408090.2584,4694977.9766],[408076.0322,4694991.1156],[408058.0908,4694999.9959],[408044.3176,4695002.7144],[408020.577,4695005.2517],[407983.6974,4695011.3231],[407957.6161,4695016.5077],[407954.0669,4695017.2132],[407930.3263,4695023.3751],[407912.0224,4695029.3556],[407866.444,4695040.8639],[407844.6969,4695044.6698],[407823.2216,4695043.1295],[407803.2866,4695042.4048],[407785.3452,4695041.68],[407770.3034,4695042.5862],[407744.2974,4695045.033],[407708.777,4695047.0268],[407682.5898,4695044.218],[407662.1111,4695037.1502],[407651.3836,4695034.0622],[407650.1501,4695033.707],[407634.3834,4695034.432],[407597.5038,4695036.8789],[407564.7968,4695042.1652],[407561.621,4695042.6784],[407535.3327,4695046.3553],[407509.7902,4695049.9279],[407487.6806,4695056.8147],[407458.3221,4695067.6885],[407449.2608,4695071.8568],[407415.8245,4695081.5527],[407402.4138,4695082.2777],[407386.6471,4695078.472],[407375.5921,4695065.605],[407349.7671,4695037.7869],[407331.1006,4695016.5836],[407312.7966,4695000.2733],[407291.9554,4694981.0634],[407274.0139,4694972.7272],[407247.0111,4694969.8278],[407214.0658,4694969.11],[407209.5878,4694969.0125],[407177.5108,4694970.825],[407144.9806,4694977.9837],[407116.7095,4694989.5824],[407109.0979,4694990.1261],[407077.6551,4694991.3044],[407048.2964,4694992.7544],[407040.0808,4694993.0253],[407007.0674,4694994.1139],[406980.6083,4694995.5639],[406943.8193,4694989.2213],[406914.8229,4694975.4483],[406881.2959,4694959.3193],[406840.2479,4694938.2068],[406810.5266,4694911.5667],[406763.7699,4694877.6777],[406739.8478,4694855.9307],[406716.6507,4694844.3324],[406693.9897,4694833.0316],[406681.9456,4694827.0255],[406643.1631,4694811.0779],[406603.0213,4694801.3826],[406574.5687,4694796.1272],[406532.9772,4694786.6131],[406502.531,4694773.3838],[406450.4282,4694755.8959],[406432.668,4694758.0707],[406419.348,4694767.4039],[406393.0701,4694763.2359],[406366.7921,4694741.6702],[406312.5145,4694716.3894],[406296.3853,4694707.6908],[406257.1496,4694686.7594],[406232.8651,4694668.9994],[406219.1824,4694650.4238],[406199.9721,4694620.1591],[406190.7295,4694608.9231],[406180.7552,4694596.295],[406169.6164,4694582.1923],[406159.2863,4694558.9954],[406151.584,4694534.4393],[406136.6646,4694507.9757],[406136.3608,4694507.4367],[406120.3219,4694472.3694],[406099.2994,4694437.9365],[406086.7945,4694403.3224],[406081.7199,4694379.5817],[406073.3833,4694348.4108],[406065.409,4694316.3338],[406056.2569,4694291.9589],[406040.8525,4694274.0176],[406007.5067,4694248.8273],[405983.1314,4694220.1031],[405965.7336,4694204.8802],[405950.148,4694196.7252],[405899.1325,4694165.1015],[405850.6542,4694138.371],[405831.9877,4694116.4427],[405785.5936,4694090.5277],[405776.5322,4694080.379],[405731.0442,4694062.0755],[405720.533,4694056.6388],[405673.6858,4694038.2446],[405664.9868,4694031.5393],[405645.958,4694016.6789],[405623.0326,4693992.6666],[405607.9905,4693964.2141],[405598.2947,4693940.0205],[405589.4145,4693907.3997],[405577.5438,4693879.4003],[405558.5149,4693856.5659],[405530.5153,4693842.521],[405514.0236,4693834.3659],[405472.9757,4693819.5963],[405445.7916,4693813.9785],[405404.2001,4693809.3575],[405373.5654,4693808.4516],[405330.7127,4693807.9989],[405290.9334,4693789.9672],[405269.6109,4693760.9871],[405265.199,4693754.9906],[405247.1666,4693724.0917],[405232.1247,4693699.0825],[405199.1412,4693661.7501],[405164.1642,4693632.5729],[405140.4235,4693619.3435],[405091.4015,4693590.982],[405069.8354,4693579.746],[405012.8395,4693554.6466],[404950.6784,4693507.8906],[404935.4552,4693491.2179],[404904.2842,4693485.4189],[404870.5762,4693489.4062],[404866.7124,4693495.7893],[404857.8424,4693501.1194],[404781.5224,4693518.87],[404762.0024,4693522.4202],[404651.9623,4693520.651],[404614.6921,4693513.5513],[404550.8018,4693474.4817],[404536.6016,4693463.8318],[404524.1815,4693451.4019],[404458.5108,4693366.1722],[404448.3007,4693354.1823],[404439.4305,4693338.2023],[404434.1004,4693320.4523],[404428.7801,4693284.9423],[404428.78,4693267.1823],[404418.1296,4693213.9123],[404409.2594,4693197.9323],[404366.6589,4693141.1226],[404315.1884,4693087.8529],[404305.9737,4693082.739],[404288.7606,4693071.2316],[404277.3497,4693062.1416],[404255.5431,4693046.1376],[404239.007,4693039.4652],[404195.8776,4693014.8065],[404169.9613,4693004.1694],[404135.7073,4692990.6352],[404104.5923,4692961.3476],[404079.1768,4692940.7734],[404036.2125,4692898.4149],[404010.7969,4692865.7382],[403995.6686,4692842.1384],[403981.7505,4692820.9591],[403974.4889,4692810.6719],[403961.9118,4692796.7908],[403961.794,4692796.6606],[403950.4451,4692763.769],[403929.1704,4692734.7585],[403891.2628,4692708.4558],[403860.3179,4692683.7002],[403816.242,4692658.0595],[403809.4523,4692654.1096],[403755.2986,4692612.7215],[403730.1559,4692594.5417],[403705.7867,4692569.786],[403658.0153,4692521.6286],[403620.8814,4692479.8535],[403605.0219,4692449.2957],[403564.9868,4692408.4876],[403535.2023,4692386.8265],[403497.295,4692372.128],[403474.86,4692366.7129],[403452.8118,4692363.2317],[403405.8144,4692363.4255],[403373.3226,4692381.6057],[403344.3121,4692404.4278],[403323.4244,4692417.9663],[403300.9896,4692428.0235],[403255.1527,4692433.6325],[403207.1883,4692425.1231],[403178.5643,4692405.0093],[403153.0347,4692377.9328],[403140.6566,4692353.9507],[403114.9335,4692320.8787],[403090.3706,4692268.4662],[403085.6096,4692257.2779],[403082.6344,4692250.2862],[403074.5113,4692234.8139],[403061.4495,4692216.7455],[403051.3025,4692202.7089],[403029.2542,4692177.9532],[402995.9883,4692144.3011],[402960.4015,4692102.9128],[402907.4082,4692049.9203],[402874.1423,4692010.466],[402867.8408,4692003.4232],[402855.8788,4691990.0541],[402854.4149,4691988.418],[402838.9425,4691979.9083],[402800.2615,4691977.201],[402769.7035,4691972.5595],[402727.3478,4691963.083],[402701.4316,4691961.1491],[402670.4869,4691965.0174],[402637.2213,4691977.0088],[402632.4751,4691976.6573],[402616.3336,4691975.4617],[402575.1384,4691967.5325],[402523.3057,4691940.4561],[402481.1433,4691913.7666],[402440.801,4691881.8809],[402425.1148,4691853.7129],[402396.2273,4691819.8363],[402364.7047,4691789.4563],[402359.9866,4691784.9092],[402340.5533,4691763.6379],[402326.6348,4691754.184],[402320.8573,4691749.7197],[402306.1258,4691743.7041],[402305.82,4691743.5793],[402304.7569,4691741.6378],[402268.0097,4691705.6648],[402248.6691,4691689.419],[402234.7017,4691679.2465],[402215.2044,4691664.9066],[402195.7443,4691653.6368],[402183.1042,4691644.2669],[402167.6541,4691633.487],[402153.134,4691623.1871],[402140.0239,4691615.6871],[402124.1138,4691604.4372],[402100.7037,4691593.1974],[402083.8436,4691584.2975],[402070.5435,4691580.7776],[402052.9535,4691574.4577],[402037.5034,4691570.2378],[402018.3034,4691568.368],[401989.2833,4691568.3682],[401974.2933,4691569.7683],[401961.1933,4691570.7084],[401941.5233,4691571.9786],[401923.9233,4691572.9587],[401906.4133,4691575.3989],[401890.9632,4691578.209],[401871.3032,4691580.0791],[401852.5732,4691582.7393],[401834.5471,4691590.3693],[401812.5032,4691588.6096],[401798.0332,4691589.4497],[401771.3532,4691592.2599],[401748.4132,4691596.0101],[401736.2631,4691596.4302],[401729.4139,4691596.0416],[401720.8006,4691595.553],[401700.093,4691588.6104],[401682.503,4691583.7206],[401663.9329,4691582.7407],[401643.4029,4691581.7609],[401621.9028,4691579.811],[401599.5328,4691573.9912],[401578.0026,4691561.8113],[401566.7625,4691550.1014],[401556.4624,4691534.1714],[401552.2524,4691529.9515],[401536.3322,4691507.0016],[401524.392,4691491.5316],[401515.5019,4691479.8217],[401500.0518,4691464.3618],[401491.1517,4691454.5218],[401466.8115,4691433.442],[401453.2314,4691421.2621],[401438.7213,4691413.2922],[401411.5712,4691404.3923],[401396.1211,4691398.7725],[401378.3311,4691393.6126],[401361.011,4691387.9927],[401350.1709,4691385.1528],[401332.5809,4691382.2229],[401316.5308,4691378.623],[401290.3108,4691373.9432],[401270.1807,4691370.1934],[401250.7607,4691368.7835],[401234.8406,4691369.2536],[401221.2706,4691371.1237],[401205.564,4691370.9563],[401199.7042,4691370.8937],[401164.7806,4691382.3542],[401136.4107,4691391.4444],[401104.0607,4691403.3647],[401077.3907,4691409.6149],[401049.0207,4691417.5651],[401020.0807,4691423.8054],[400999.6607,4691423.2455],[400981.5007,4691422.6756],[400959.3706,4691423.2458],[400936.6706,4691423.246],[400914.5406,4691423.2462],[400894.6805,4691425.5163],[400872.5506,4691431.7565],[400850.9906,4691440.2767],[400833.9706,4691448.7968],[400807.8707,4691462.427],[400786.8708,4691477.7572],[400765.3109,4691495.9274],[400745.451,4691511.8276],[400724.4511,4691529.9978],[400700.0612,4691549.308],[400677.3613,4691564.0682],[400664.3564,4691571.9775],[400661.8512,4691573.5011],[400620.6315,4691600.9787],[400601.02,4691612.038],[400580.3416,4691623.699],[400541.1917,4691647.5493],[400499.7718,4691671.3997],[400462.3219,4691686.73],[400442.2377,4691694.3067],[400427.7019,4691699.7903],[400393.6619,4691713.4206],[400361.882,4691724.2108],[400330.672,4691737.8311],[400298.3321,4691753.1713],[400272.2322,4691768.5016],[400241.0223,4691784.9718],[400221.5523,4691794.672],[400206.8572,4691804.4383],[400203.1873,4691806.8774],[400180.8724,4691815.0623],[400157.062,4691822.4222],[400111.3126,4691856.1729],[400082.5929,4691871.5334],[400067.2427,4691879.7433],[400027.7328,4691899.5136],[399987.4629,4691919.284],[399957.0729,4691926.8942],[399918.3228,4691927.6545],[399889.4428,4691923.0847],[399853.7327,4691917.765],[399824.8626,4691912.4452],[399797.9525,4691907.0854],[399785.3525,4691904.2055],[399773.4244,4691905.0275],[399759.1247,4691906.0129],[399725.3323,4691901.7959],[399681.2623,4691901.0363],[399673.012,4691900.4015],[399631.8722,4691897.2366],[399577.9221,4691899.517],[399524.742,4691897.9974],[399476.8719,4691892.6778],[399452.9421,4691893.1567],[399438.8818,4691893.4381],[399392.5318,4691892.6784],[399367.1117,4691891.5386],[399352.5523,4691894.6709],[399343.1633,4691896.6909],[399301.7516,4691892.8791],[399271.3315,4691889.7594],[399238.5715,4691886.6396],[399217.5114,4691878.0497],[399200.3413,4691871.0199],[399180.0612,4691863.22],[399160.5611,4691849.9501],[399141.8409,4691836.6803],[399119.2208,4691821.0604],[399103.2364,4691813.9849],[399089.6375,4691815.3448],[399072.6387,4691809.9054],[399056.9999,4691806.5058],[399045.4407,4691799.0264],[399031.8418,4691799.0265],[399016.203,4691799.0267],[398995.9806,4691820.2813],[398977.2607,4691842.9215],[398949.1809,4691875.7118],[398930.461,4691893.662],[398904.7212,4691920.2022],[398875.8613,4691942.8424],[398848.5615,4691967.8227],[398829.8416,4691992.8029],[398829.0616,4691993.5829],[398812.6818,4692016.223],[398789.2819,4692038.0732],[398758.8619,4692049.0035],[398732.3319,4692053.6937],[398703.4719,4692051.3439],[398669.9318,4692042.7642],[398639.5116,4692024.0244],[398612.2114,4692001.3945],[398586.3211,4691976.3247],[398580.4364,4691966.9417],[398575.7679,4691959.4978],[398557.1108,4691935.5449],[398541.8806,4691909.6349],[398527.6468,4691890.5039],[398511.298,4691867.8942],[398497.7318,4691830.6749],[398494.9489,4691807.7173],[398484.8611,4691772.933],[398483.4696,4691741.9749],[398484.513,4691729.8004],[398486.5996,4691682.4936],[398487.643,4691653.2747],[398487.6428,4691622.3166],[398483.4684,4691602.4895],[398474.7723,4691583.3581],[398471.6415,4691563.1832],[398450.4228,4691532.921],[398426.7693,4691520.051],[398393.4171,4691491.3354],[398347.6869,4691474.5157],[398319.2293,4691459.5593],[398283.8215,4691457.2355],[398246.2504,4691453.1657],[398202.7307,4691455.3576],[398169.2299,4691468.8208],[398139.4862,4691477.9007],[398102.5767,4691493.6276],[398064.5067,4691505.0579],[398034.8168,4691514.1982],[398015.0946,4691528.9937],[397985.3468,4691535.5386],[397957.9369,4691548.4888],[397926.717,4691564.4991],[397885.6071,4691586.5894],[397840.6872,4691605.6398],[397802.6172,4691625.4501],[397738.6674,4691658.9707],[397702.1175,4691673.451],[397670.1475,4691688.6912],[397634.3576,4691710.0215],[397597.0577,4691728.3118],[397565.8378,4691751.1721],[397539.9579,4691767.9323],[397519.398,4691782.4125],[397497.3181,4691799.1727],[397480.3939,4691808.7935],[397470.7643,4691807.3319],[397468.0626,4691802.106],[397444.028,4691794.6031],[397430.3179,4691784.6932],[397408.2378,4691774.0333],[397362.0578,4691762.0274],[397350.0713,4691755.2852],[397334.7137,4691747.7938],[397306.9952,4691734.6838],[397287.1427,4691722.3231],[397266.9156,4691711.4606],[397231.2269,4691694.7946],[397207.6268,4691686.4147],[397184.7866,4691666.6049],[397165.7564,4691649.845],[397149.0063,4691635.3651],[397136.8262,4691621.6552],[397126.166,4691605.6552],[397113.2159,4691588.1253],[397105.6057,4691567.5553],[397078.4246,4691502.6517],[397074.1901,4691481.3038],[397071.3671,4691467.1894],[397069.6028,4691462.9551],[397065.5845,4691440.9446],[397060.5687,4691422.3871],[397054.4243,4691387.8654],[397050.314,4691359.0954],[397050.3139,4691333.7554],[397048.9437,4691313.8954],[397046.2035,4691289.2353],[397043.4733,4691261.1553],[397038.6831,4691237.8653],[397033.8929,4691209.0953],[397031.1527,4691187.8653],[397025.6725,4691161.8353],[397016.0923,4691141.9753],[397005.7836,4691120.146],[397004.6653,4691117.7781],[396989.4021,4691110.4655],[396967.502,4691102.2456],[396945.6268,4691092.783],[396916.1718,4691092.666],[396884.0017,4691089.9263],[396864.1517,4691090.6064],[396840.2017,4691092.6666],[396820.3517,4691097.4568],[396802.1983,4691105.5019],[396774.6431,4691112.5675],[396743.5552,4691113.9809],[396723.2733,4691113.1697],[396717.0598,4691112.9213],[396678.1998,4691112.2151],[396652.7642,4691112.5685],[396621.6762,4691113.9818],[396600.8331,4691107.9763],[396577.5172,4691102.6774],[396539.7169,4691090.6665],[396523.8196,4691079.7152],[396495.911,4691068.0574],[396477.5408,4691058.5191],[396457.0509,4691048.6276],[396440.0938,4691039.796],[396424.5497,4691028.8447],[396401.9401,4691011.8878],[396371.2702,4690992.98],[396366.4471,4690989.4921],[396346.1228,4690974.7947],[396320.6871,4690962.4302],[396301.2571,4690954.6585],[396277.8898,4690956.9007],[396249.6794,4690961.7243],[396220.0046,4690967.3768],[396199.5149,4690971.263],[396183.9709,4690975.5024],[396149.3503,4690978.6821],[396118.2624,4690985.3945],[396085.7614,4690996.6995],[396063.5055,4691020.3689],[396059.9728,4691039.0923],[396059.6197,4691056.756],[396068.8049,4691078.6587],[396077.673,4691101.5239],[396085.7607,4691116.2124],[396088.8993,4691123.1517],[396090.6258,4691126.9691],[396088.7252,4691154.8466],[396084.7911,4691169.9724],[396075.7613,4691189.9525],[396063.0659,4691218.8382],[396049.7608,4691237.5288],[396031.6688,4691246.1127],[396009.2809,4691252.4399],[395997.1135,4691251.9533],[395978.619,4691242.7063],[395964.5048,4691238.3261],[395945.0368,4691225.6721],[395923.1354,4691211.0714],[395881.2794,4691190.6304],[395865.7051,4691194.0374],[395848.1841,4691202.7981],[395838.937,4691211.0721],[395828.7164,4691223.7262],[395825.7044,4691237.9261],[395825.3097,4691239.7872],[395829.3415,4691272.8745],[395824.0116,4691289.4146],[395818.1517,4691303.2947],[395812.8118,4691314.4947],[395803.8957,4691327.8793],[395797.5688,4691338.5867],[395792.2151,4691347.834],[395784.4281,4691357.0813],[395778.1011,4691360.4882],[395769.3405,4691360.0015],[395754.6921,4691362.5252],[395740.8221,4691362.5254],[395722.162,4691358.7955],[395699.2562,4691350.7549],[395684.1686,4691347.3482],[395669.0809,4691344.4281],[395654.9668,4691342.9681],[395635.9856,4691341.5081],[395607.2705,4691342.4817],[395582.4491,4691348.3222],[395560.5478,4691357.5697],[395543.5135,4691364.8703],[395526.4792,4691371.1974],[395504.5779,4691379.9582],[395484.1368,4691387.7454],[395466.1291,4691394.5593],[395450.5548,4691400.3998],[395438.3874,4691405.7535],[395428.1669,4691413.054],[395415.9995,4691423.2748],[395406.7524,4691431.062],[395391.1782,4691437.8758],[395370.2502,4691444.6898],[395346.8889,4691446.15],[395329.3677,4691440.3098],[395317.2002,4691432.5228],[395304.546,4691419.3821],[395301.1391,4691400.4009],[395293.9515,4691378.0088],[395291.2814,4691362.5288],[395287.0213,4691350.2588],[395277.9512,4691341.1888],[395267.8211,4691337.9789],[395259.3011,4691337.989],[395247.5712,4691345.4591],[395232.5085,4691357.6939],[395218.9298,4691367.3123],[395199.5713,4691377.4795],[395184.1114,4691386.5496],[395164.3318,4691394.1875],[395150.753,4691397.2994],[395147.8899,4691396.5836],[395136.0426,4691393.6219],[395115.3212,4691382.8101],[395103.0512,4691379.6102],[395082.2611,4691375.8804],[395063.0611,4691371.6105],[395041.5564,4691366.465],[395025.5236,4691358.9498],[395023.4512,4691357.9784],[395005.4708,4691344.3909],[394985.7407,4691331.051],[394967.6105,4691317.1711],[394945.7403,4691293.6913],[394927.6101,4691274.4814],[394919.45,4691263.9214],[394913.5081,4691258.6495],[394903.1469,4691249.4566],[394887.6497,4691222.4516],[394870.9595,4691198.7517],[394854.2693,4691173.4318],[394844.0491,4691157.8118],[394832.199,4691140.5719],[394819.2888,4691121.182],[394809.5987,4691103.402],[394800.9785,4691090.4721],[394793.4485,4691081.3221],[394783.2184,4691070.5422],[394774.7212,4691065.8245],[394773.5283,4691065.1622],[394765.9883,4691062.4623],[394756.3083,4691061.9224],[394737.4683,4691066.7725],[394720.2383,4691072.1626],[394704.0883,4691077.0128],[394683.0983,4691086.1629],[394652.9484,4691101.2532],[394627.6485,4691114.1834],[394607.1985,4691123.8736],[394587.8185,4691131.4137],[394570.5886,4691141.6539],[394549.5986,4691152.4241],[394533.9287,4691159.0442],[394504.4853,4691166.5659],[394493.1133,4691169.4711],[394472.1228,4691172.3523],[394450.7207,4691172.764],[394430.5533,4691171.9411],[394409.1512,4691168.6486],[394393.9228,4691163.2982],[394379.5175,4691157.5362],[394360.5848,4691148.8932],[394339.1827,4691134.4881],[394320.8781,4691125.4358],[394297.5379,4691102.9159],[394280.8677,4691090.396],[394267.5276,4691077.8861],[394255.8575,4691065.3762],[394240.8574,4691047.0262],[394228.3472,4691031.1763],[394218.3471,4691015.3264],[394204.177,4691009.4865],[394191.677,4691011.9866],[394179.167,4691017.8267],[394165.8371,4691029.5068],[394154.1672,4691042.8569],[394139.9973,4691054.537],[394120.8273,4691064.5472],[394104.9874,4691074.5573],[394091.6474,4691089.5674],[394082.4776,4691111.2575],[394074.1477,4691132.1076],[394067.4779,4691159.6377],[394066.6481,4691175.4878],[394064.9782,4691198.8478],[394056.6384,4691223.8679],[394046.6386,4691248.058],[394022.4687,4691271.4182],[393999.9589,4691293.9385],[393979.9589,4691308.1186],[393952.449,4691320.6389],[393937.449,4691320.639],[393914.109,4691325.6392],[393894.9389,4691316.4693],[393883.2687,4691303.9494],[393872.4286,4691290.6094],[393867.4284,4691267.2494],[393866.5982,4691241.3894],[393865.758,4691208.0193],[393861.5878,4691182.9993],[393859.9277,4691165.4793],[393852.4175,4691146.2893],[393846.5874,4691127.9394],[393845.7572,4691106.2493],[393836.587,4691084.5694],[393822.4168,4691062.8794],[393806.4158,4691043.4993],[393805.2257,4691042.0581],[393791.5666,4691037.0196],[393775.7264,4691017.8297],[393759.8962,4690999.4798],[393742.3861,4690977.7899],[393715.7158,4690954.4401],[393686.5357,4690939.4203],[393656.5356,4690930.2505],[393629.8555,4690926.9107],[393604.8554,4690923.5709],[393583.1854,4690924.411],[393561.5054,4690928.5812],[393537.3354,4690933.5814],[393510.6654,4690938.5916],[393480.6554,4690941.9218],[393456.4853,4690941.922],[393427.3053,4690939.4223],[393415.6352,4690929.4123],[393412.3051,4690923.5723],[393403.965,4690906.0524],[393397.2948,4690887.7024],[393394.7947,4690865.1824],[393393.1344,4690834.3223],[393390.6341,4690793.4423],[393388.1339,4690769.2523],[393379.7936,4690734.2123],[393375.6234,4690701.6823],[393366.4532,4690675.8223],[393359.793,4690656.6423],[393355.6458,4690644.3247],[393352.6948,4690635.5597],[393340.6127,4690620.7724],[393328.1126,4690601.5825],[393316.4424,4690587.4025],[393308.1023,4690574.0526],[393293.9322,4690558.2127],[393280.602,4690535.6827],[393263.9318,4690508.9928],[393250.5916,4690484.8029],[393233.9213,4690456.443],[393218.0811,4690433.0831],[393198.0808,4690402.2132],[393176.4007,4690384.7033],[393122.2205,4690372.1837],[393091.3805,4690372.1839],[393054.7104,4690371.3542],[393023.8604,4690377.1944],[392999.6904,4690383.8646],[392963.8505,4690403.0549],[392932.1706,4690425.5752],[392899.6707,4690449.7655],[392868.8309,4690471.4558],[392845.4909,4690487.306],[392817.151,4690501.4862],[392777.1411,4690523.1765],[392736.1754,4690527.0854],[392705.2693,4690523.9013],[392674.1759,4690514.3487],[392653.7108,4690500.6974],[392644.6006,4690488.1375],[392623.2504,4690461.6276],[392607.2988,4690447.458],[392604.2688,4690444.7666],[392590.2801,4690424.3978],[392573.6399,4690408.7279],[392547.2097,4690390.1181],[392518.8296,4690373.4583],[392492.3995,4690364.6485],[392467.9294,4690357.7886],[392440.5294,4690359.7488],[392404.3094,4690375.4191],[392378.8595,4690391.0894],[392354.9648,4690414.9347],[392332.8598,4690438.1098],[392331.4307,4690439.4584],[392298.6,4690470.4401],[392260.0987,4690505.505],[392229.6885,4690521.041],[392187.0204,4690546.8411],[392153.7405,4690567.4113],[392115.5705,4690583.0817],[392086.8406,4690590.2319],[392069.8415,4690596.1294],[392062.9172,4690598.5317],[392038.2405,4690592.9723],[392021.6004,4690589.9424],[391993.7503,4690577.5626],[391967.0601,4690560.7827],[391948.19,4690545.8629],[391915.8897,4690514.5131],[391876.7393,4690473.3733],[391845.4191,4690443.0135],[391820.9488,4690419.5036],[391776.9085,4690389.1439],[391741.6684,4690373.4642],[391696.6482,4690354.8545],[391657.488,4690336.2448],[391635.7719,4690328.9833],[391632.1087,4690327.7584],[391631.9276,4690327.6978],[391625.7727,4690325.6398],[391593.8878,4690327.4252],[391553.7578,4690333.3055],[391519.4978,4690346.0358],[391491.1079,4690357.786],[391453.888,4690383.6864],[391441.3609,4690391.0049],[391418.5982,4690421.1767],[391408.2284,4690443.2368],[391399.1586,4690470.4769],[391395.2688,4690500.317],[391400.4492,4690548.327],[391405.6396,4690607.9971],[391419.9001,4690663.7871],[391418.6005,4690714.3871],[391419.9008,4690755.8972],[391421.191,4690790.9272],[391414.7112,4690818.1773],[391410.8214,4690845.4174],[391404.3417,4690886.9275],[391400.4519,4690912.8776],[391400.4523,4690958.2877],[391400.4525,4690982.9377],[391391.3827,4691011.4778],[391371.9329,4691040.018],[391355.083,4691059.4782],[391336.933,4691072.4583],[391317.4931,4691088.0185],[391308.4132,4691099.6986],[391288.9734,4691123.0488],[391272.1135,4691145.1089],[391246.1937,4691177.5392],[391222.8538,4691200.8894],[391200.814,4691221.6496],[391180.074,4691234.6298],[391160.624,4691238.5199],[391134.704,4691239.8101],[391117.8439,4691235.9202],[391093.2138,4691224.2504],[391072.4737,4691215.1705],[391055.7038,4691212.8335],[391039.1327,4691210.5241],[391035.1062,4691209.9629],[391002.3235,4691196.0811],[390975.3034,4691191.9812],[390959.6912,4691185.7355],[390946.6333,4691180.5114],[390908.5442,4691176.8955],[390866.1317,4691164.5577],[390841.4553,4691151.8342],[390821.0201,4691135.2549],[390795.5725,4691112.8923],[390765.1125,4691087.0595],[390736.1947,4691058.5278],[390727.6667,4691049.9998],[390710.3616,4691032.6949],[390676.817,4691007.6333],[390651.755,4690990.283],[390618.2111,4690964.9536],[390594.461,4690953.4838],[390573.9908,4690938.7239],[390556.7907,4690924.794],[390547.7806,4690914.9541],[390536.3105,4690903.4841],[390521.8181,4690885.4096],[390506.7808,4690873.0716],[390490.2013,4690854.5645],[390476.3207,4690835.2863],[390454.4196,4690802.6746],[390425.5559,4690779.9216],[390425.1794,4690779.6248],[390417.4793,4690769.6548],[390406.6092,4690756.5049],[390394.3691,4690744.715],[390383.049,4690733.835],[390367.9289,4690724.5951],[390363.0689,4690722.4052],[390346.8957,4690713.0545],[390333.1626,4690711.9704],[390320.1523,4690713.0547],[390305.6965,4690714.8617],[390294.4932,4690717.753],[390273.5322,4690722.8127],[390251.8485,4690732.5705],[390234.1402,4690746.3038],[390218.7703,4690756.4538],[390214.9863,4690758.9528],[390205.9515,4690771.9631],[390193.6641,4690780.9982],[390180.2924,4690790.0332],[390170.1734,4690802.6822],[390159.693,4690812.0786],[390144.153,4690824.3661],[390130.7815,4690840.2677],[390119.5968,4690849.8547],[390118.1327,4690851.1096],[390105.1226,4690874.6006],[390092.4738,4690891.9477],[390077.6399,4690910.3376],[390063.3599,4690920.9178],[390050.14,4690934.6779],[390032.6801,4690952.678],[390018.4002,4690971.1982],[390014.3529,4690974.9509],[390004.1203,4690984.4383],[389976.6204,4691007.7185],[389954.9405,4691025.1887],[389934.3106,4691039.4789],[389912.6207,4691052.7091],[389892.5307,4691054.2993],[389874.0206,4691049.0094],[389852.3704,4691031.3795],[389838.5803,4691017.2496],[389829.2901,4690995.4496],[389816.8999,4690965.9097],[389806.3197,4690939.4497],[389794.1494,4690909.2798],[389789.9192,4690885.4598],[389780.3991,4690865.8798],[389767.7088,4690838.8799],[389756.0687,4690817.1799],[389741.7885,4690799.72],[389727.5084,4690790.1901],[389709.5284,4690787.0102],[389693.6583,4690785.9503],[389682.0283,4690788.0704],[389662.1955,4690802.627],[389648.9185,4690817.3707],[389631.5687,4690844.8709],[389617.8388,4690865.131],[389601.209,4690891.1812],[389590.3592,4690920.8413],[389581.6894,4690951.9514],[389559.2117,4690995.268],[389548.9266,4691037.0953],[389535.2131,4691076.1799],[389531.7848,4691096.7506],[389529.7279,4691120.7499],[389531.7852,4691146.8062],[389532.471,4691169.4341],[389532.4711,4691186.5764],[389528.484,4691200.0837],[389525.9291,4691208.7393],[389518.7954,4691254.0913],[389510.6424,4691279.57],[389493.3172,4691304.0297],[389488.4164,4691316.5154],[389466.4322,4691336.8429],[389460.2187,4691339.0632],[389442.5322,4691345.3831],[389414.3522,4691350.5133],[389387.0321,4691349.6635],[389351.182,4691340.2638],[389314.4618,4691320.614],[389291.4116,4691303.5242],[389271.7815,4691286.4343],[389254.7013,4691269.3444],[389243.6012,4691250.5445],[389233.3609,4691216.3745],[389233.3607,4691186.4644],[389232.5005,4691160.8344],[389232.5003,4691142.0344],[389235.9202,4691124.9543],[389242.7501,4691105.2942],[389262.3899,4691083.9341],[389292.2698,4691065.9938],[389314.4597,4691048.9036],[389344.3496,4691029.2534],[389370.8095,4691005.3331],[389387.8894,4690990.803],[389395.5693,4690976.2829],[389392.1592,4690957.4829],[389366.5389,4690928.433],[389345.1988,4690915.6132],[389313.9446,4690918.2844],[389286.9372,4690909.6219],[389251.2671,4690900.4499],[389224.2596,4690886.6916],[389188.9582,4690870.3343],[389150.8811,4690877.5199],[389105.0195,4690875.9915],[389088.2037,4690879.5587],[389052.358,4690876.3153],[389020.7681,4690889.9856],[388990.8881,4690903.6558],[388963.5682,4690922.4561],[388933.6884,4690945.5263],[388906.3685,4690972.8666],[388884.1686,4690992.5168],[388857.6988,4691019.857],[388832.089,4691045.4873],[388809.8891,4691066.8475],[388786.8393,4691092.4877],[388764.6394,4691114.6979],[388746.4549,4691125.8035],[388744.089,4691127.2485],[388724.1096,4691148.8882],[388700.2097,4691163.4084],[388639.5898,4691189.8989],[388616.1815,4691196.682],[388607.1498,4691199.2992],[388580.6798,4691210.3994],[388555.0699,4691223.2196],[388531.16,4691236.0398],[388507.26,4691250.56],[388480.7501,4691268.9503],[388468.8189,4691275.1564],[388466.987,4691276.1093],[388450.9203,4691295.4305],[388433.5505,4691322.6407],[388422.2206,4691340.7808],[388414.6707,4691361.1909],[388414.6709,4691380.8409],[388415.431,4691395.951],[388420.7112,4691418.6309],[388426.7613,4691434.5009],[388438.3321,4691457.495],[388441.6602,4691464.1511],[388451.9437,4691484.7178],[388459.4395,4691506.1771],[388478.1636,4691529.3265],[388497.5686,4691558.9443],[388509.8245,4691584.4768],[388514.5906,4691593.6685],[388528.7228,4691612.1204],[388534.763,4691637.0704],[388537.7832,4691655.9604],[388530.5916,4691661.415],[388523.783,4691674.0112],[388513.6135,4691700.5607],[388506.0636,4691718.7008],[388498.5137,4691735.3308],[388495.4838,4691753.4709],[388486.6762,4691769.3333],[388475.4421,4691788.0573],[388464.2079,4691811.8878],[388456.3779,4691830.2714],[388443.4417,4691859.549],[388432.1386,4691872.7037],[388422.2247,4691884.2417],[388399.5749,4691908.4219],[388379.935,4691930.342],[388353.5051,4691953.7723],[388331.5952,4691974.1825],[388311.9653,4691990.0527],[388284.7754,4692000.6329],[388259.0954,4692004.4131],[388230.3953,4692000.6333],[388197.9152,4691999.8835],[388172.9952,4691998.3737],[388157.1591,4691998.3738],[388132.9652,4692007.444],[388108.7952,4692012.7342],[388077.8252,4692022.5545],[388047.6152,4692030.8747],[388015.8953,4692042.215],[387982.6499,4692046.1472],[387981.3661,4692046.299],[387958.8752,4692048.2654],[387942.2652,4692048.2655],[387912.0553,4692061.1158],[387878.8253,4692076.2361],[387840.3054,4692094.3764],[387798.7655,4692114.7867],[387755.7156,4692138.9671],[387727.7657,4692156.3573],[387701.3358,4692174.4976],[387662.066,4692204.7279],[387630.3361,4692233.4482],[387602.3962,4692253.8584],[387567.6563,4692274.2687],[387542.7264,4692280.3089],[387504.9664,4692293.9192],[387457.3864,4692305.2596],[387423.3964,4692306.7699],[387385.6363,4692310.5502],[387352.4062,4692303.7504],[387334.4262,4692298.0305],[387328.556,4692272.4805],[387306.7457,4692248.2207],[387277.6655,4692225.5908],[387255.8553,4692204.571],[387221.9251,4692181.1312],[387199.305,4692173.0514],[387171.8449,4692169.0016],[387140.3349,4692166.5818],[387111.2548,4692164.962],[387086.2148,4692164.9622],[387070.0648,4692166.5823],[387044.2148,4692181.1325],[387019.1749,4692189.2127],[386990.9048,4692191.643],[386966.6647,4692185.9831],[386891.5444,4692161.7337],[386854.3843,4692152.8439],[386819.6542,4692144.7542],[386794.6141,4692135.0544],[386761.494,4692135.0546],[386726.754,4692133.4349],[386697.674,4692137.4851],[386659.714,4692143.9454],[386624.974,4692154.4557],[386579.6139,4692159.536],[386562.6939,4692157.6562],[386528.6764,4692147.9785],[386509.8736,4692130.2165],[386488.0635,4692118.0867],[386467.8634,4692108.3868],[386447.6733,4692096.2569],[386433.9431,4692084.137],[386412.933,4692067.9671],[386390.3228,4692052.6073],[386374.1627,4692042.9074],[386355.5826,4692032.3975],[386329.7325,4692016.2277],[386299.0423,4692001.6779],[386282.0722,4691990.368],[386257.842,4691973.3882],[386232.8019,4691955.6083],[386210.1817,4691936.2085],[386193.2215,4691921.6486],[386164.9514,4691902.2488],[386143.1412,4691890.1289],[386124.5611,4691881.239],[386097.091,4691876.3892],[386084.1932,4691873.7323],[386080.0552,4691872.8799],[386047.411,4691873.9596],[386015.1009,4691871.5299],[385991.6808,4691865.07],[385976.7107,4691857.3801],[385957.2746,4691841.7929],[385954.9702,4691839.945],[385928.5104,4691830.0104],[385902.0103,4691814.8606],[385886.8702,4691804.5707],[385868.4801,4691792.1208],[385835.4899,4691776.4311],[385819.2698,4691769.3912],[385800.8797,4691761.8213],[385768.4296,4691752.0715],[385747.3295,4691746.1217],[385735.5297,4691744.8075],[385722.9995,4691743.4119],[385700.2794,4691739.082],[385684.0594,4691739.0822],[385666.2093,4691739.0823],[385652.6893,4691741.2524],[385642.4093,4691743.4125],[385634.0887,4691748.7127],[385630.5094,4691750.9926],[385621.8594,4691760.1927],[385616.4495,4691771.0227],[385613.2096,4691785.6328],[385613.7497,4691801.3328],[385612.1299,4691828.3928],[385606.1801,4691853.2829],[385601.8503,4691873.313],[385593.7404,4691895.5031],[385578.5905,4691909.5732],[385558.0405,4691917.6934],[385536.9505,4691923.1036],[385513.1505,4691924.1937],[385481.7904,4691922.564],[385464.4604,4691921.7841],[385438.5203,4691918.2243],[385421.8704,4691925.3344],[385409.0304,4691937.6345],[385388.0661,4691963.0862],[385371.4706,4691968.0449],[385352.0006,4691968.585],[385330.3705,4691966.9652],[385312.5205,4691966.4153],[385294.6705,4691964.7955],[385274.6604,4691959.9256],[385254.6503,4691956.1357],[385225.9902,4691948.556],[385207.6002,4691944.2261],[385182.7201,4691932.3263],[385159.9999,4691922.0364],[385141.0698,4691909.5865],[385125.3897,4691894.9766],[385111.3296,4691880.9067],[385094.5594,4691868.9968],[385076.1694,4691861.967],[385055.0793,4691857.6371],[385030.7392,4691856.5473],[385005.3292,4691856.5475],[384986.9392,4691859.2576],[384973.1423,4691866.8556],[384949.3492,4691872.7879],[384921.7693,4691881.9882],[384886.0693,4691891.1984],[384856.8693,4691898.7687],[384829.8293,4691907.9689],[384809.8193,4691909.599],[384792.5092,4691901.4792],[384778.4491,4691888.4892],[384768.709,4691875.4993],[384758.9788,4691858.7194],[384745.9986,4691836.5294],[384737.8785,4691821.3795],[384727.0685,4691814.8795],[384711.3784,4691813.7996],[384694.0784,4691813.7998],[384676.7684,4691813.7999],[384661.6283,4691811.09],[384637.3095,4691798.9324],[384625.2181,4691784.4102],[384613.0479,4691769.0303],[384601.5278,4691751.7304],[384590.6376,4691734.4304],[384581.6774,4691712.0005],[384573.9872,4691685.0905],[384560.5469,4691643.4405],[384549.6566,4691608.8405],[384539.4164,4691583.8406],[384534.3115,4691571.7066],[384526.6062,4691560.7806],[384515.7261,4691549.2407],[384500.356,4691540.2708],[384482.426,4691535.7909],[384436.3259,4691531.9413],[384410.7158,4691533.8615],[384390.8658,4691535.7916],[384372.9358,4691539.6318],[384349.2458,4691547.962],[384322.3459,4691556.9322],[384294.1759,4691565.2624],[384257.6759,4691576.8027],[384223.7459,4691583.203],[384181.4859,4691587.0533],[384157.7859,4691590.2535],[384134.7359,4691594.7437],[384112.9658,4691594.1038],[384069.4257,4691583.2041],[384016.2854,4691560.7845],[383995.7953,4691547.3246],[383974.0251,4691529.3848],[383949.0449,4691506.9549],[383931.9147,4691489.025],[383914.3046,4691473.8052],[383889.4945,4691459.3853],[383860.6742,4691435.3555],[383840.6641,4691419.3356],[383824.6639,4691395.3057],[383817.4537,4691378.4857],[383811.8535,4691349.6457],[383800.6532,4691313.6058],[383793.443,4691287.1758],[383787.8428,4691266.3458],[383781.4427,4691245.5258],[383779.8425,4691223.0958],[383785.4423,4691202.2657],[383796.6421,4691165.4256],[383807.0518,4691126.1754],[383817.4515,4691088.5253],[383825.4913,4691049.6352],[383822.0812,4691039.6152],[383816.6588,4691030.8677],[383808.3518,4691028.583],[383786.6509,4691005.2254],[383765.8407,4690984.3955],[383749.8305,4690961.1656],[383738.6202,4690933.9356],[383733.0199,4690896.2856],[383728.2197,4690870.6556],[383725.0195,4690842.6256],[383725.0193,4690812.1856],[383725.2967,4690798.302],[383725.2992,4690798.1755],[383726.8591,4690794.1647],[383719.0888,4690748.9255],[383710.7485,4690716.5255],[383701.9183,4690686.0955],[383689.658,4690651.2356],[383680.3378,4690629.1456],[383656.2975,4690595.2757],[383640.6074,4690581.0458],[383623.4373,4690572.206],[383606.2673,4690567.2961],[383589.9674,4690559.0265],[383577.8017,4690559.2328],[383565.4765,4690559.4418],[383540.9857,4690564.8383],[383522.3063,4690567.7441],[383506.1176,4690579.367],[383490.3438,4690587.6691],[383459.6267,4690603.443],[383446.7588,4690614.2358],[383437.2115,4690625.4434],[383421.8375,4690641.9176],[383404.6176,4690653.9877],[383375.7276,4690659.098],[383358.0676,4690661.0581],[383345.3176,4690661.5482],[383328.1475,4690662.0383],[383308.5275,4690659.5885],[383289.4874,4690651.1486],[383278.0894,4690623.5235],[383269.3418,4690604.1272],[383264.7777,4690582.4488],[383259.8334,4690569.8982],[383258.3121,4690552.7837],[383254.1283,4690532.2463],[383250.325,4690517.0334],[383245.0004,4690505.6238],[383243.479,4690493.0732],[383241.197,4690477.8603],[383234.3511,4690464.1687],[383225.6036,4690448.1953],[383210.1656,4690434.4389],[383199.3656,4690431.6089],[383189.9656,4690431.139],[383176.3355,4690428.3191],[383153.3155,4690425.0293],[383135.4554,4690419.8594],[383120.4254,4690416.5695],[383108.6753,4690412.8096],[383093.6353,4690410.9197],[383072.4952,4690409.0399],[383052.2852,4690407.16],[383034.9052,4690406.6902],[383001.5452,4690417.5104],[382986.5052,4690426.4406],[382969.5852,4690432.0807],[382943.2279,4690438.733],[382925.6805,4690446.6167],[382908.2197,4690447.501],[382905.5901,4690447.6342],[382877.616,4690457.5525],[382865.9177,4690459.587],[382846.3359,4690462.8933],[382837.9436,4690463.6562],[382824.7195,4690463.402],[382815.8556,4690459.89],[382811.241,4690458.0616],[382791.6452,4690459.9421],[382766.8451,4690457.5723],[382740.4151,4690458.3025],[382715.9551,4690460.4727],[382693.6651,4690463.7428],[382670.835,4690461.563],[382650.175,4690462.6532],[382636.585,4690464.8233],[382626.255,4690469.7234],[382623.5351,4690479.5134],[382625.7152,4690492.5734],[382631.6953,4690505.0834],[382639.8454,4690519.2333],[382649.0855,4690532.8333],[382658.8757,4690549.6932],[382664.8558,4690563.8332],[382673.0059,4690576.3532],[382680.616,4690589.9531],[382687.1461,4690607.9031],[382698.0163,4690631.2931],[382699.6464,4690645.9831],[382702.3666,4690664.4831],[382702.9067,4690681.8931],[382701.8169,4690701.4731],[382698.017,4690722.6932],[382679.7177,4690771.6108],[382647.1774,4690789.2337],[382608.9875,4690800.234],[382557.4975,4690809.4944],[382514.0974,4690809.4947],[382458.5573,4690803.1352],[382423.8372,4690795.6054],[382385.067,4690788.6557],[382366.3477,4690780.8064],[382360.3144,4690778.2766],[382309.8366,4690750.1762],[382276.9964,4690728.2764],[382251.8162,4690707.4566],[382236.496,4690687.7367],[382224.4559,4690671.3067],[382205.8457,4690642.8268],[382178.4754,4690616.537],[382154.3951,4690581.4871],[382134.6949,4690554.0972],[382108.4247,4690538.7574],[382085.4346,4690526.7076],[382050.4045,4690517.9478],[382005.5243,4690511.3781],[381980.6597,4690508.1282],[381980.3543,4690508.0883],[381944.2343,4690516.8586],[381901.5443,4690522.329],[381855.5642,4690524.5193],[381821.6342,4690527.8096],[381781.1341,4690529.9999],[381731.8742,4690543.1503],[381705.6042,4690557.3905],[381661.8143,4690576.0109],[381612.5643,4690588.0613],[381552.3544,4690606.6817],[381511.8544,4690620.9221],[381461.5045,4690639.5425],[381405.6744,4690647.2129],[381353.1344,4690657.0733],[381309.3544,4690655.9837],[381272.6305,4690650.8051],[381238.2041,4690636.2642],[381198.7939,4690615.4544],[381168.6936,4690584.2046],[381153.7936,4690582.7847],[381133.1133,4690545.3448],[381112.3231,4690523.435],[381093.9727,4690512.8678],[381064.4329,4690513.8653],[381058.1847,4690513.4411],[381051.9709,4690513.0191],[381039.6129,4690515.7755],[381008.1129,4690529.1458],[380971.8329,4690535.836],[380931.7429,4690544.4364],[380889.7429,4690545.3867],[380866.8328,4690538.7068],[380818.1425,4690505.2672],[380790.4623,4690492.8474],[380785.4162,4690492.7172],[380757.4022,4690484.3376],[380715.9921,4690473.7379],[380686.402,4690468.0081],[380647.2619,4690467.0584],[380602.3919,4690470.8788],[380568.0318,4690469.919],[380528.8918,4690483.2993],[380511.2434,4690488.599],[380500.2519,4690491.8996],[380468.7519,4690508.1398],[380444.8821,4690532.02],[380405.7421,4690543.4804],[380342.7422,4690569.2809],[380300.7323,4690592.2112],[380290.6729,4690594.9125],[380261.5923,4690602.7216],[380221.5023,4690608.4519],[380180.4523,4690610.3622],[380123.1722,4690609.4026],[380063.9819,4690593.163],[380049.1712,4690590.7579],[380018.8417,4690574.1134],[379995.8016,4690558.7435],[379974.1614,4690540.5836],[379962.9913,4690525.9037],[379955.3111,4690507.0437],[379938.5508,4690472.8138],[379925.4965,4690449.1012],[379919.0004,4690418.3139],[379911.6402,4690392.8239],[379896.815,4690380.7867],[379882.2223,4690362.9185],[379867.9276,4690344.7524],[379844.4008,4690332.2448],[379836.36,4690324.2042],[379829.8082,4690319.1415],[379825.639,4690316.4612],[379822.9587,4690313.1854],[379818.1937,4690306.6338],[379810.7486,4690303.0601],[379802.1122,4690298.5931],[379749.3497,4690360.3251],[379719.3298,4690384.0753],[379688.6199,4690401.5456],[379666.9699,4690406.4358],[379641.8399,4690409.236],[379611.8198,4690409.2362],[379587.4698,4690409.4664],[379568.6169,4690407.5174],[379566.2243,4690407.27],[379526.8296,4690394.8868],[379487.3594,4690378.6171],[379459.9193,4690370.9873],[379428.9092,4690361.0275],[379388.409,4690343.5578],[379359.9586,4690336.5601],[379330.3402,4690329.5971],[379327.9064,4690329.0249],[379299.7787,4690326.3084],[379275.0488,4690336.4286],[379259.3089,4690353.3088],[379244.6991,4690385.939],[379226.7093,4690418.5591],[379201.9694,4690436.5694],[379173.8694,4690442.1896],[379135.6493,4690441.0699],[379103.0392,4690433.1901],[379094.6082,4690431.8282],[379075.0622,4690428.6706],[379068.1891,4690427.5604],[379006.3589,4690409.5608],[378967.0088,4690397.1911],[378914.1685,4690371.3114],[378886.0683,4690354.4416],[378848.968,4690318.4319],[378817.515,4690301.4183],[378788.8907,4690268.3527],[378748.9153,4690224.4299],[378726.2134,4690214.5597],[378697.5891,4690199.2608],[378673.9002,4690190.3777],[378642.1066,4690181.1832],[378619.1195,4690175.5726],[378574.2093,4690164.2219],[378538.6762,4690150.804],[378506.0761,4690147.4242],[378475.7261,4690147.4244],[378455.5277,4690151.6395],[378448.7461,4690153.0546],[378406.0162,4690172.175],[378377.9163,4690199.1853],[378347.5566,4690237.4355],[378345.9599,4690239.2388],[378329.8315,4690257.4536],[378294.1562,4690281.1039],[378257.6793,4690303.9524],[378208.7761,4690319.5858],[378153.0671,4690340.9372],[378110.3472,4690367.9476],[378081.1173,4690394.9478],[378061.3092,4690418.5949],[378059.4613,4690420.8009],[378033.8377,4690455.1083],[378000.5281,4690504.5286],[377976.4183,4690540.1488],[377947.7085,4690578.0791],[377913.2588,4690621.7494],[377882.249,4690657.3697],[377847.7992,4690684.95],[377820.2045,4690704.4484],[377762.0123,4690726.8945],[377720.8621,4690736.455],[377678.9894,4690747.0114],[377641.0994,4690752.7617],[377615.4802,4690753.774],[377579.0892,4690743.5622],[377538.899,4690724.0325],[377495.2588,4690711.3928],[377459.9462,4690691.6429],[377439.9589,4690680.539],[377422.9083,4690661.9732],[377390.7582,4690643.5835],[377362.4792,4690628.062],[377355.1579,4690624.0437],[377334.4878,4690609.1038],[377297.7376,4690593.0241],[377247.2073,4690560.8444],[377219.6471,4690544.7546],[377198.073,4690538.7435],[377157.3528,4690522.3795],[377122.4769,4690502.1002],[377077.2564,4690475.8056],[377020.9861,4690450.516],[376985.3859,4690430.9862],[376969.0403,4690424.5141],[376963.5422,4690422.3371],[376931.4056,4690401.6366],[376907.4755,4690395.2068],[376870.1254,4690389.367],[376825.9341,4690378.8019],[376787.1349,4690371.9902],[376750.6398,4690365.2687],[376732.0709,4690365.2688],[376694.76,4690366.8715],[376656.0108,4690369.6116],[376652.4882,4690369.2203],[376600.04,4690381.7456],[376556.2027,4690381.7459],[376495.9263,4690388.0089],[376416.8626,4690404.4485],[376385.5502,4690413.8425],[376321.7515,4690436.153],[376303.7112,4690442.9683],[376268.9119,4690456.115],[376241.1222,4690469.0316],[376197.6765,4690493.6905],[376195.7194,4690491.7335],[376142.4885,4690516.7839],[376132.7035,4690525.7861],[376038.7666,4690556.3165],[376019.442,4690565.8833],[375959.7031,4690595.4576],[375930.2013,4690604.9496],[375869.6801,4690624.4222],[375781.2229,4690664.3461],[375663.8015,4690682.3516],[375607.4391,4690678.4381],[375569.8642,4690669.0446],[375525.7539,4690655.6201],[375515.8502,4690652.606],[375488.4517,4690628.3392],[375461.8359,4690600.9409],[375445.0943,4690593.4609],[375425.0437,4690584.5023],[375365.55,4690568.8465],[375291.9659,4690563.3674],[375249.6941,4690564.9334],[375191.7664,4690582.1556],[375164.2486,4690593.1143],[375103.3091,4690617.3827],[375023.8543,4690674.137],[374948.7049,4690728.1515],[374894.6913,4690766.5096],[374862.5961,4690775.9036],[374781.4732,4690794.8305],[374765.0662,4690798.6584],[374620.9052,4690824.3248],[374583.5952,4690823.535],[374546.3151,4690819.9253],[374495.2449,4690809.9557],[374493.0774,4690809.2659],[374463.2548,4690799.7759],[374407.9645,4690775.0563],[374374.4643,4690755.0665],[374342.5741,4690732.0267],[374279.8736,4690678.2971],[374247.0733,4690641.5873],[374228.663,4690614.6274],[374224.743,4690608.89],[374224.0055,4690607.8106],[374194.8626,4690565.1576],[374131.1919,4690484.898],[374090.4414,4690427.5782],[374053.601,4690382.0384],[374041.5309,4690370.1085],[373927.1888,4690305.9224],[373916.8416,4690282.5382],[373901.4244,4690271.674],[373863.7198,4690260.0296],[373814.6797,4690260.03],[373770.3273,4690258.3272],[373722.317,4690254.6027],[373676.79,4690252.1197],[373618.2258,4690246.5328],[373564.4492,4690243.6719],[373553.5091,4690240.422],[373544.0491,4690233.422],[373526.8989,4690214.5821],[373513.203,4690205.2489],[373502.0282,4690199.6616],[373439.7389,4690183.5206],[373374.7594,4690162.2062],[373334.6127,4690152.6873],[373307.2965,4690142.5474],[373283.7052,4690129.7172],[373225.0556,4690098.9662],[373203.5574,4690087.6944],[373131.877,4690043.6648],[373113.2469,4690036.275],[373099.3928,4690032.3439],[373087.6847,4690027.4143],[373072.8955,4690015.0901],[373042.7009,4689983.6635],[373024.9962,4689965.6755],[372962.9959,4689926.3659],[372915.5057,4689911.3163],[372901.9756,4689905.6964],[372889.8155,4689897.7465],[372745.2144,4689775.7274],[372731.6142,4689761.5574],[372694.9138,4689715.3476],[372622.5631,4689630.4081],[372600.6029,4689607.1682],[372594.2609,4689601.5296],[372555.3325,4689566.9185],[372527.6723,4689543.0186],[372512.2122,4689532.2987],[372494.9721,4689524.1489],[372476.322,4689518.329],[372451.9519,4689515.1092],[372369.2318,4689511.5698],[372243.4815,4689496.4707],[372127.7913,4689497.7316],[372089.5912,4689495.2519],[372052.3511,4689487.6722],[371958.0407,4689456.2228],[371935.6106,4689445.933],[371873.7902,4689403.3934],[371745.5194,4689326.6542],[371697.4292,4689309.6746],[371649.329,4689292.6949],[371603.3488,4689270.6452],[371560.0485,4689242.3755],[371520.5882,4689212.8058],[371509.0281,4689201.4958],[371495.9179,4689184.5159],[371484.7661,4689166.8367],[371414.1868,4689054.9463],[371392.6566,4689024.9264],[371386.1465,4689012.4565],[371377.3961,4688969.6065],[371371.816,4688951.4365],[371366.3459,4688942.2065],[371287.4551,4688850.167],[371235.2746,4688797.4273],[371217.2645,4688783.0174],[371178.9742,4688757.3076],[371152.2341,4688741.9378],[371091.2437,4688711.6782],[371015.7434,4688683.3688],[370982.9332,4688668.959],[370934.843,4688644.7193],[370888.2827,4688617.9196],[370859.3225,4688597.0998],[370774.7918,4688516.6803],[370640.8705,4688379.4211],[370630.7604,4688365.8812],[370622.9803,4688350.7812],[370600.4698,4688297.6513],[370572.1895,4688261.0315],[370549.0893,4688237.5716],[370534.1132,4688226.2092],[370508.059,4688206.4419],[370475.0488,4688187.6421],[370417.8385,4688162.5725],[370349.4282,4688140.813],[370264.9779,4688113.6936],[370247.6999,4688106.3853],[370211.6559,4688091.1393],[370128.5673,4688055.9945],[370082.0471,4688039.7448],[369983.0267,4688017.1155],[369953.2066,4688006.5767],[369940.8165,4687994.6958],[369936.7242,4687992.1772],[369922.9764,4687983.7159],[369883.1762,4687969.9862],[369843.3861,4687960.3765],[369787.1259,4687953.5169],[369728.1158,4687942.5374],[369712.0026,4687937.8176],[369671.8556,4687926.0578],[369629.3154,4687920.5681],[369588.1554,4687917.8284],[369570.3153,4687910.9585],[369494.8353,4687927.4391],[369438.5753,4687937.0495],[369378.5552,4687940.33],[369305.4752,4687949.4006],[369267.0551,4687954.8909],[369147.665,4687964.5018],[369085.915,4687965.8723],[368980.2547,4687953.523],[368904.7844,4687930.1836],[368889.6943,4687920.5737],[368855.3841,4687904.1039],[368840.294,4687893.124],[368826.5639,4687879.3941],[368821.0738,4687861.5541],[368825.1935,4687823.114],[368826.5632,4687786.054],[368830.6831,4687768.2039],[368844.4029,4687739.3737],[368858.1227,4687716.0436],[368882.8225,4687683.0934],[368900.6623,4687650.1532],[368943.2019,4687588.3828],[368951.4418,4687571.9027],[368961.0417,4687558.1826],[368973.3914,4687522.4924],[368981.6213,4687506.0124],[368985.741,4687467.5823],[368992.6009,4687451.1022],[369003.5808,4687431.8921],[369015.9307,4687416.792],[369024.1606,4687400.3119],[369036.5103,4687364.6217],[369036.5102,4687346.7817],[369026.91,4687326.1917],[369006.302,4687311.0877],[368982.9998,4687305.602],[368907.1894,4687276.7726],[368886.6094,4687271.2827],[368809.7592,4687261.6733],[368771.3391,4687253.4336],[368731.5489,4687239.7138],[368656.0785,4687206.7644],[368570.9979,4687146.3649],[368514.7375,4687099.6953],[368484.5472,4687072.2355],[368457.097,4687043.4156],[368428.2867,4687018.7058],[368391.2365,4686999.4861],[368355.5564,4686984.3863],[368318.5062,4686974.7766],[368275.9662,4686973.4069],[368258.1261,4686970.657],[368237.5461,4686974.7772],[368203.2362,4686987.1275],[368150.607,4687014.4715],[368131.8863,4687024.1981],[368089.3464,4687040.6684],[368067.3265,4687051.8581],[368002.8966,4687084.5991],[367978.1967,4687101.0693],[367939.7768,4687120.2897],[367916.4468,4687128.5199],[367876.6568,4687138.1302],[367858.8168,4687136.7603],[367838.2267,4687131.2705],[367821.7666,4687124.4106],[367794.3164,4687096.9507],[367692.7755,4687003.6114],[367648.8652,4686969.2916],[367563.7846,4686913.0122],[367489.1642,4686878.5427],[367438.914,4686852.6131],[367393.6236,4686819.6634],[367315.4131,4686767.5039],[367256.4028,4686741.4243],[367239.4227,4686730.9744],[367218.7926,4686719.2945],[367142.0223,4686697.5251],[367122.8222,4686687.2852],[367067.802,4686666.8056],[366974.3945,4686666.4018],[366772.2215,4686665.5278],[366753.0215,4686666.808],[366689.0415,4686679.6085],[366645.9323,4686686.7962],[366573.8815,4686698.8094],[366573.6827,4686698.8626],[366554.6915,4686703.9395],[366515.7237,4686719.9299],[366504.7815,4686724.4199],[366466.4016,4686735.9403],[366447.2015,4686735.9404],[366380.6612,4686700.1008],[366335.5609,4686666.8111],[366295.8905,4686628.4114],[366269.1502,4686591.3615],[366250.092,4686564.2655],[366202.4794,4686496.5719],[366193.519,4686453.0419],[366173.0485,4686394.162],[366101.3876,4686281.5223],[366098.1176,4686274.5121],[366047.6466,4686166.3126],[365975.3255,4686034.5029],[365901.7744,4685910.3033],[365871.0638,4685829.6634],[365866.5571,4685812.3883],[365855.7033,4685770.7834],[365844.1827,4685696.5334],[365835.2324,4685656.8534],[365809.642,4685609.4935],[365766.1314,4685540.3737],[365734.4218,4685500.3529],[365684.1014,4685473.0847],[365634.0622,4685455.0936],[365541.2402,4685426.7753],[365538.5659,4685425.9155],[365505.4101,4685415.2555],[365486.22,4685406.2956],[365479.8199,4685399.8957],[365422.3695,4685360.9561],[365396.6893,4685340.4062],[365366.5041,4685306.4337],[365324.8086,4685259.5066],[365277.3081,4685199.1569],[365268.6332,4685182.2161],[365250.3476,4685146.507],[365245.2172,4685097.707],[365251.6371,4685077.1569],[365288.8567,4685015.5165],[365332.1935,4684967.9874],[365356.7455,4684945.3237],[365364.5958,4684889.6758],[365368.0784,4684846.4814],[365371.0152,4684810.0556],[365368.4446,4684729.1555],[365359.4643,4684681.6355],[365327.6237,4684612.2756],[365308.1133,4684564.7857],[365277.3029,4684514.7059],[365251.6324,4684460.766],[365202.8518,4684385.0062],[365163.0513,4684328.4964],[365109.3511,4684231.6679],[365028.2697,4684143.5872],[365000.097,4684100.7583],[364996.1692,4684094.7873],[364992.3191,4684076.8073],[364976.7987,4684031.1774],[364979.3784,4683987.3873],[364990.9681,4683950.0371],[365012.8478,4683907.5369],[365037.3177,4683879.1967],[365083.6674,4683834.1163],[365136.4573,4683807.0758],[365280.6569,4683723.3546],[365306.4067,4683698.8744],[365339.8765,4683667.9641],[365373.3562,4683624.1737],[365396.5259,4683575.2335],[365410.6955,4683525.0033],[365414.5555,4683519.8433],[365427.4251,4683460.6031],[365430.0042,4683347.2529],[365418.4139,4683306.0429],[365391.3734,4683249.373],[365357.903,4683195.2732],[365320.5626,4683148.9034],[365258.762,4683083.2238],[365225.2817,4683060.034],[365169.9212,4683007.2243],[365065.6304,4682914.495],[364969.0696,4682833.3556],[364951.0394,4682808.8757],[364903.3987,4682731.6059],[364893.0984,4682691.6759],[364863.1135,4682603.9818],[364857.5176,4682587.616],[364837.7069,4682472.7338],[364790.4057,4682331.2488],[364767.445,4682262.5362],[364753.3644,4682194.4062],[364727.1637,4682102.6863],[364717.7435,4682077.4663],[364679.503,4682016.8965],[364616.3467,4681934.5934],[364545.3962,4681876.5062],[364487.723,4681834.1855],[364459.9236,4681814.2698],[364449.9652,4681756.1821],[364457.3404,4681720.0877],[364475.0599,4681659.6975],[364514.9691,4681539.267],[364555.5783,4681427.8865],[364619.7574,4681299.4758],[364704.0366,4681176.685],[364715.346,4681157.4834],[364746.6262,4681104.3746],[364756.106,4681079.6544],[364760.8258,4681056.6044],[364760.9855,4681019.0743],[364746.6249,4680935.2243],[364733.7245,4680884.8643],[364719.5241,4680844.6743],[364642.8024,4680628.2346],[364625.5732,4680599.4232],[364584.2223,4680530.2746],[364551.8111,4680476.075],[364545.261,4680465.2051],[364524.6108,4680449.7152],[364478.3785,4680427.3512],[364407.1502,4680392.896],[364325.8297,4680343.8265],[364302.5895,4680316.7167],[364300.4091,4680291.9856],[364298.7191,4680272.8166],[364303.6038,4680258.1604],[364327.4485,4680186.6163],[364333.3284,4680160.4062],[364340.3477,4680079.446],[364361.0072,4680007.1357],[364362.517,4679980.7357],[364357.8666,4679923.5556],[364349.3864,4679893.5057],[364334.6861,4679869.6457],[364320.556,4679853.8358],[364308.8459,4679844.1659],[364265.0224,4679805.0884],[364254.5455,4679795.7462],[364170.7948,4679728.2167],[364072.0439,4679629.4373],[363989.5431,4679540.6478],[363975.413,4679528.8479],[363927.0427,4679501.8882],[363897.1126,4679489.4384],[363827.7923,4679466.1789],[363805.8022,4679455.6191],[363782.382,4679439.5292],[363760.8019,4679420.6094],[363720.5815,4679379.0696],[363699.5512,4679349.3397],[363697.1923,4679344.8295],[363687.961,4679327.1798],[363681.5609,4679310.3798],[363675.4407,4679284.9498],[363673.3005,4679259.2998],[363675.2004,4679244.9797],[363684.7002,4679212.6996],[363677.1875,4679181.7764],[363670.7995,4679128.0096],[363669.5494,4679114.2496],[363674.5491,4679079.2395],[363677.2888,4679041.3894],[363687.2281,4678944.2492],[363692.0478,4678900.3191],[363692.2899,4678834.9356],[363730.3525,4678729.691],[363756.8355,4678588.9181],[363753.0252,4678540.618],[363747.365,4678524.2081],[363737.7749,4678505.0381],[363708.5545,4678466.9083],[363698.3245,4678459.7283],[363685.6844,4678456.7384],[363681.8389,4678461.8081],[363673.9435,4678472.2167],[363641.5835,4678484.3095],[363607.1797,4678493.6771],[363583.8857,4678496.0496],[363556.8729,4678494.6466],[363535.4731,4678476.7553],[363515.1257,4678463.4244],[363513.0719,4678460.1258],[363503.5488,4678444.8314],[363496.5322,4678417.4679],[363483.5294,4678396.4275],[363478.348,4678390.7448],[363469.9654,4678381.5511],[363467.6898,4678379.0554],[363457.5558,4678359.1284],[363450.0509,4678338.4367],[363445.6335,4678326.2574],[363430.3129,4678302.9501],[363429.7058,4678294.4959],[363429.1124,4678286.2333],[363446.8226,4678261.0099],[363460.9583,4678248.1951],[363479.4416,4678231.439],[363487.4823,4678224.1496],[363511.4723,4678208.9994],[363528.1422,4678198.7292],[363547.0221,4678182.8791],[363555.9116,4678168.0906],[363556.7091,4678156.2588],[363551.5244,4678145.7565],[363549.929,4678137.78],[363542.0854,4678121.8271],[363537.0315,4678095.779],[363534.9213,4678076.589],[363535.7612,4678058.919],[363547.2006,4677977.5687],[363547.2002,4677925.4587],[363531.9496,4677846.6587],[363529.4904,4677817.1286],[363524.3288,4677755.1486],[363507.8081,4677658.5586],[363489.0357,4677611.6816],[363471.8882,4677591.4566],[363457.8185,4677572.111],[363461.3357,4677554.0843],[363466.1719,4677526.3847],[363463.9732,4677479.3393],[363449.7558,4677365.1886],[363465.8151,4677276.8283],[363470.6348,4677233.4482],[363467.6726,4677162.5147],[363467.4142,4677156.3281],[363468.194,4677130.1381],[363485.4143,4677083.1121],[363497.1752,4677066.7772],[363514.8164,4677032.8009],[363520.0434,4677006.3386],[363522.023,4676984.4174],[363525.1128,4676959.3074],[363523.6327,4676939.4274],[363516.6425,4676915.6874],[363495.532,4676881.8624],[363489.461,4676872.135],[363417.9233,4676755.0854],[363371.4842,4676679.102],[363348.1382,4676640.9034],[363332.9372,4676616.955],[363332.8531,4676616.8226],[363278.9303,4676543.9745],[363191.8977,4676426.396],[363142.2677,4676371.2394],[363099.2774,4676339.1297],[363081.9573,4676332.1298],[363000.0472,4676327.3104],[362951.867,4676316.0607],[362921.8569,4676300.361],[362898.8667,4676283.9311],[362870.3865,4676267.6513],[362836.9363,4676238.7715],[362746.2854,4676150.5821],[362729.3052,4676127.0321],[362720.7709,4676111.9089],[362666.1992,4676015.2044],[362647.6544,4675989.3403],[362618.9384,4675949.2903],[362537.5404,4675816.43],[362520.6478,4675767.5751],[362510.7576,4675738.9719],[362492.1145,4675669.9159],[362481.6104,4675546.4631],[362462.8192,4675390.2331],[362466.0287,4675322.7529],[362475.6682,4675245.6327],[362483.2679,4675208.0126],[362494.9376,4675173.3325],[362533.487,4675084.9621],[362549.5467,4675035.1619],[362553.6865,4675007.4918],[362552.7563,4674983.7518],[362566.9634,4674920.2573],[362557.467,4674900.2908],[362556.1843,4674897.5939],[362548.8126,4674882.0947],[362517.6307,4674857.8942],[362513.9072,4674825.7817],[362517.1648,4674795.9961],[362512.045,4674739.2175],[362506.6993,4674724.6061],[362491.1016,4674681.9736],[362437.6668,4674486.2989],[362386.0314,4674379.8638],[362359.7621,4674267.3209],[362335.5197,4674163.4622],[362317.9789,4674057.9321],[362310.8985,4674004.6221],[362313.1083,4673972.972],[362332.3176,4673888.1318],[362381.9166,4673742.4512],[362394.7263,4673692.831],[362404.3258,4673633.6008],[362402.3416,4673581.9961],[362401.1252,4673550.3607],[362388.3146,4673473.5207],[362367.5139,4673383.8807],[362343.1159,4673295.7287],[362338.713,4673279.8208],[362311.5024,4673196.5809],[362285.9019,4673142.151],[362246.4459,4673062.4252],[362231.5963,4673008.5439],[362207.8372,4672958.0567],[362165.8799,4672903.5915],[362159.1197,4672880.5315],[362130.2066,4672834.8684],[362119.8088,4672773.031],[362136.7725,4672714.4767],[362152.0882,4672674.6413],[362159.268,4672654.0312],[362172.4179,4672630.651],[362193.0077,4672599.4508],[362215.6393,4672555.5139],[362274.6046,4672499.9937],[362381.3067,4672428.1191],[362393.2466,4672413.189],[362398.9267,4672397.7048],[362398.9765,4672397.569],[362402.1962,4672368.6389],[362398.3161,4672349.0389],[362366.8353,4672248.079],[362337.9148,4672198.2491],[362308.0765,4672147.2983],[362294.6522,4672110.2365],[362298.4457,4672087.4741],[362307.3838,4672068.0492],[362306.3247,4672041.3655],[362299.9044,4672017.144],[362281.2273,4671981.5415],[362265.4684,4671947.6898],[362242.414,4671923.1766],[362233.4724,4671900.8795],[362205.9355,4671876.7766],[362185.6918,4671821.3497],[362177.2315,4671794.7897],[362170.8011,4671732.0997],[362164.1908,4671703.3797],[362154.7307,4671683.8697],[362120.9903,4671643.6899],[362069.5698,4671589.0402],[362050.7381,4671568.2814],[362039.3795,4671555.7604],[361981.5991,4671510.8008],[361940.9386,4671459.421],[361928.098,4671382.351],[361898.1374,4671307.4211],[361851.0569,4671247.4713],[361795.4066,4671221.7817],[361754.7463,4671183.252],[361739.356,4671153.502],[361716.2256,4671110.4622],[361664.8651,4671041.9524],[361611.3647,4671003.4128],[361517.1942,4670958.4634],[361489.3741,4670954.1736],[361418.7543,4670994.8542],[361343.8543,4671007.7048],[361283.4521,4671014.811],[361198.3242,4671024.8259],[361181.5542,4671024.9961],[361150.2841,4671020.3863],[361127.704,4671009.8464],[361078.4836,4670971.3068],[361060.7334,4670951.8769],[361046.3833,4670930.6369],[361039.9931,4670909.3869],[361040.9829,4670889.2969],[361044.2428,4670872.8269],[361065.6424,4670819.3066],[361110.582,4670750.7962],[361155.5218,4670712.2658],[361228.2817,4670684.4352],[361367.3916,4670648.0341],[361506.4914,4670594.5129],[361553.5812,4670560.2625],[361596.3806,4670472.4821],[361643.4599,4670363.3015],[361673.4196,4670318.3412],[361761.1592,4670247.6905],[361799.6791,4670228.4202],[361844.6292,4670230.5598],[361866.0291,4670215.5796],[361872.4484,4670125.6594],[361868.1679,4670050.7294],[361827.5071,4669960.8195],[361816.8065,4669875.1795],[361760.0051,4669700.9296],[361709.0447,4669656.2348],[361667.6743,4669619.2102],[361625.004,4669582.8805],[361567.1535,4669537.7308],[361515.0632,4669502.9812],[361449.9428,4669472.5816],[361255.5017,4669361.9129],[361232.8916,4669350.9831],[361193.8213,4669324.9233],[361137.3808,4669268.4637],[361107.0005,4669229.3838],[361067.9212,4669185.9389],[361037.5396,4669133.8342],[361024.5194,4669103.4343],[361015.8391,4669073.0343],[361011.489,4669051.3243],[361011.4888,4669025.2642],[361011.4885,4668986.1742],[361015.8382,4668947.0841],[361015.838,4668925.3741],[361033.1975,4668851.5438],[361041.8774,4668834.1737],[361072.2671,4668790.7434],[361093.9667,4668738.6232],[361106.9964,4668695.193],[361109.8481,4668680.9274],[361111.3362,4668673.483],[361137.4654,4668551.9626],[361150.4048,4668478.0524],[361159.0846,4668447.6522],[361170.014,4668425.7816],[361198.1515,4668369.4769],[361226.6038,4668331.7916],[361263.2734,4668265.2412],[361280.622,4668187.1197],[361275.7825,4668152.2209],[361263.2723,4668121.921],[361253.8582,4668104.4577],[361222.9117,4668047.0512],[361211.1715,4668030.7212],[361172.1012,4667991.6415],[361154.741,4667978.6116],[361080.8007,4667947.4621],[360988.8804,4667933.3127],[360855.21,4667904.7837],[360756.8777,4667893.5129],[360665.8995,4667883.0851],[360638.1495,4667878.7253],[360616.4494,4667870.0355],[360599.0793,4667865.6956],[360581.7192,4667848.3257],[360560.009,4667830.9558],[360507.9185,4667778.8361],[360460.1653,4667705.0012],[360429.7774,4667644.2065],[360429.777,4667596.4365],[360438.4566,4667535.6363],[360442.8064,4667518.2562],[360451.4863,4667496.5461],[360473.186,4667457.4559],[360494.8956,4667400.9957],[360533.9654,4667361.9153],[360542.6453,4667344.5452],[360551.3251,4667318.4851],[360555.9149,4667295.875],[360555.6648,4667275.055],[360551.3246,4667257.685],[360529.6242,4667205.5651],[360516.594,4667179.5052],[360503.5738,4667162.1352],[360496.4937,4667145.0053],[360492.9535,4667115.9552],[360494.8933,4667092.6552],[360503.5729,4667040.535],[360512.2526,4667005.7949],[360538.3023,4666949.3346],[360546.9821,4666923.2745],[360560.0015,4666858.1349],[360577.3713,4666814.7041],[360586.051,4666775.614],[360612.1006,4666714.8137],[360620.7771,4666675.7381],[360633.8002,4666658.3535],[360659.8498,4666606.2432],[360681.5492,4666519.3829],[360681.549,4666497.6629],[360677.2089,4666480.2929],[360668.5287,4666458.5829],[360616.4381,4666389.0932],[360607.758,4666371.7232],[360568.8475,4666317.5534],[360503.5664,4666189.3137],[360468.8359,4666124.1739],[360429.7654,4666067.7141],[360421.0852,4666050.3441],[360416.7451,4666032.9741],[360408.0646,4665973.2541],[360403.7243,4665925.4841],[360408.0639,4665882.054],[360434.1035,4665812.5637],[360481.8531,4665756.1032],[360503.5629,4665720.263],[360508.8227,4665702.8029],[360511.9626,4665678.8629],[360512.2421,4665611.6928],[360507.9017,4665568.2627],[360503.5616,4665550.8927],[360490.5412,4665507.4628],[360473.1709,4665464.0328],[360421.0803,4665394.5431],[360408.0602,4665381.5132],[360390.69,4665368.4833],[360343.0597,4665331.8936],[360253.2191,4665280.8642],[360230.069,4665264.2544],[360186.6588,4665246.8847],[360164.9587,4665233.8548],[360125.8883,4665194.7651],[360107.7582,4665179.7952],[360071.2779,4665157.0354],[360030.3776,4665116.5957],[360004.3371,4665064.4858],[359995.6569,4665042.7658],[359973.9464,4664968.9359],[359969.6061,4664942.8758],[359969.6059,4664916.8258],[359965.2657,4664886.4258],[359947.895,4664799.5507],[359947.8947,4664751.7857],[359947.8945,4664725.7357],[359960.9241,4664673.6155],[359981.0436,4664608.8952],[359991.3135,4664586.7551],[360021.6932,4664543.3248],[360078.1326,4664447.7843],[360097.9523,4664407.154],[360103.8321,4664387.144],[360108.5119,4664360.9239],[360108.5109,4664226.2937],[360104.1708,4664208.9237],[360095.4906,4664187.2037],[360082.4705,4664169.8338],[360065.1,4664113.3738],[360056.4198,4664091.6639],[360043.3997,4664074.2839],[360030.3694,4664043.884],[359999.989,4664000.4542],[359960.9186,4663952.6844],[359926.1881,4663887.5445],[359917.5079,4663865.8246],[359882.777,4663752.9147],[359865.4067,4663718.1647],[359826.3361,4663648.6749],[359813.3159,4663618.275],[359787.2752,4663535.765],[359774.2449,4663501.0151],[359713.4739,4663379.4153],[359652.6931,4663283.8757],[359609.2823,4663192.6758],[359604.9422,4663175.2959],[359587.5818,4663131.8659],[359578.8914,4663079.7559],[359565.8709,4663018.9559],[359574.5506,4662975.5258],[359600.6002,4662914.7255],[359604.94,4662893.0054],[359604.9393,4662797.4653],[359613.6189,4662745.3451],[359630.9887,4662710.6049],[359639.6685,4662675.8548],[359648.3482,4662641.1147],[359674.3978,4662580.3144],[359674.3975,4662536.8843],[359674.3973,4662515.1743],[359670.0571,4662493.4543],[359665.717,4662476.0843],[359657.0268,4662458.7143],[359639.6662,4662384.8844],[359661.3656,4662289.334],[359661.3654,4662267.624],[359648.345,4662215.504],[359622.3046,4662176.4242],[359596.2544,4662150.3643],[359578.8843,4662141.6744],[359531.1341,4662124.3048],[359513.774,4662119.9649],[359492.064,4662119.9651],[359474.704,4662124.3052],[359435.6341,4662141.6755],[359279.3546,4662245.9069],[359231.6047,4662267.6273],[359209.8947,4662271.9674],[359170.8247,4662271.9677],[359119.6645,4662257.1881],[359101.3744,4662245.9082],[359088.3442,4662228.5383],[359075.3236,4662145.9893],[359075.3234,4662124.3082],[359079.6633,4662102.5981],[359105.7129,4662046.1379],[359123.0726,4662002.7077],[359133.1924,4661985.3476],[359149.1222,4661950.5874],[359166.4819,4661902.8172],[359170.8217,4661885.4471],[359192.5315,4661850.6969],[359209.8914,4661833.3267],[359225.1105,4661809.2242],[359261.9909,4661750.8162],[359266.3307,4661733.4362],[359266.3304,4661685.6661],[359248.9601,4661650.9262],[359235.94,4661637.8962],[359214.2398,4661624.8664],[359196.8697,4661607.4965],[359179.5096,4661594.4666],[359149.1194,4661581.4368],[359075.3192,4661572.7574],[359001.5191,4661572.7579],[358943.8689,4661556.1483],[358910.5187,4661539.1085],[358894.9086,4661523.4886],[358883.9084,4661507.8687],[358875.2883,4661484.8087],[358870.4581,4661464.2587],[358850.2168,4661300.4486],[358848.5163,4661230.7485],[358845.1161,4661202.7085],[358813.6753,4661108.3586],[358780.5439,4661042.0547],[358772.0445,4661002.9687],[358769.5041,4660958.7687],[358775.4437,4660901.8186],[358785.5032,4660859.5484],[358792.4332,4660830.4283],[358817.9227,4660761.578],[358845.1124,4660717.7977],[358871.4524,4660705.0475],[358900.3322,4660681.2473],[358930.922,4660642.147],[358964.9016,4660582.6466],[358981.7504,4660548.8574],[358982.9824,4660546.3867],[359018.7008,4660474.7561],[359044.1319,4660428.284],[359152.1992,4660230.8047],[359181.4694,4660177.5775],[359270.6177,4660015.4634],[359367.1466,4659852.9425],[359440.1256,4659699.8417],[359456.3757,4659643.6833],[359491.9243,4659520.831],[359551.5132,4659364.3403],[359568.5628,4659299.8301],[359565.4321,4659212.02],[359551.2317,4659168.33],[359523.9411,4659096.2501],[359491.4702,4659039.9473],[359489.6206,4659036.7403],[359425.5599,4658956.6407],[359363.7892,4658869.671],[359286.0081,4658741.5114],[359249.4076,4658691.1616],[359183.0571,4658638.532],[359121.2866,4658576.7324],[359077.816,4658512.6526],[359064.0956,4658462.3026],[359057.2253,4658416.5326],[359068.1346,4658326.6724],[359100.6939,4658233.442],[359141.8735,4658164.7816],[359164.4633,4658130.8814],[359169.0532,4658124.0013],[359196.7829,4658082.4011],[359233.3827,4658036.6207],[359281.4218,4657917.6202],[359299.4107,4657885.9172],[359329.4713,4657832.9397],[359363.9807,4657747.1593],[359373.7713,4657693.3048],[359377.5101,4657672.7391],[359380.3918,4657573.2083],[359381.3891,4657538.7588],[359391.2388,4657496.5087],[359418.6881,4657404.9683],[359434.6979,4657368.3482],[359471.3076,4657329.4378],[359491.8985,4657299.6822],[359503.337,4657240.1874],[359498.7563,4657148.6473],[359498.7558,4657082.2772],[359514.7755,4657034.217],[359530.7853,4657002.1669],[359565.105,4656958.6865],[359601.7048,4656922.0662],[359663.4739,4656798.4856],[359672.6236,4656757.2854],[359682.6331,4656683.1752],[359673.2226,4656619.1652],[359654.4024,4656594.6853],[359594.1818,4656532.5557],[359547.1315,4656509.966],[359469.971,4656449.7165],[359390.9303,4656374.407],[359298.7193,4656268.9775],[359180.1587,4656206.8483],[359089.8176,4656084.4688],[359058.0472,4656032.569],[359007.6166,4655965.3092],[358978.2061,4655906.4494],[358961.3957,4655861.2594],[358970.8456,4655841.2893],[359004.4652,4655783.479],[358993.3982,4655734.1346],[358992.9148,4655731.9789],[358971.9043,4655667.8691],[358942.4838,4655607.9592],[358902.5633,4655550.1494],[358846.882,4655390.3996],[358792.2507,4655228.5397],[358778.5898,4655118.1797],[358790.1487,4654971.0294],[358778.5882,4654906.9193],[358734.3976,4654833.2396],[358681.7971,4654782.8199],[358583.1864,4654710.4705],[358503.0562,4654640.8403],[358430.4652,4654577.7615],[358331.1543,4654482.4521],[358293.9036,4654394.7522],[358296.0927,4654282.932],[358318.002,4654186.4617],[358386.1814,4654093.9211],[358429.9406,4653977.1806],[358429.9404,4653949.2105],[358417.7798,4653872.6005],[358414.1393,4653803.2804],[358426.289,4653764.3702],[358451.8188,4653727.88],[358460.3285,4653691.3999],[358454.2483,4653658.5699],[358411.7076,4653579.5201],[358394.687,4653499.2601],[358394.6865,4653439.67],[358352.1355,4653321.7201],[358333.905,4653253.6202],[358280.4243,4653164.8404],[358231.7938,4653111.3307],[358175.8833,4653055.401],[358121.1826,4652983.6513],[358100.4824,4652959.6615],[358014.102,4652924.9121],[357984.2919,4652913.3723],[357935.9616,4652883.5426],[357901.0012,4652842.3928],[357836.2203,4652730.2631],[357778.0893,4652612.7534],[357728.2587,4652549.2136],[357701.5185,4652523.4938],[357676.0883,4652502.804],[357674.382,4652501.6904],[357630.568,4652473.0943],[357450.627,4652379.4755],[357399.2066,4652334.2158],[357342.656,4652270.4361],[357311.8054,4652194.3163],[357299.9849,4652130.4362],[357295.0245,4652072.7262],[357293.2939,4651992.6861],[357315.2034,4651924.9658],[357336.983,4651875.9556],[357357.9727,4651820.7153],[357382.8625,4651798.1551],[357396.8524,4651775.595],[357410.8521,4651736.6948],[357409.3016,4651672.1147],[357419.4114,4651640.2246],[357435.5406,4651614.7191],[357482.3907,4651540.6339],[357522.0504,4651494.7336],[357566.3802,4651453.5032],[357606.8201,4651426.2728],[357672.1397,4651371.0322],[357677.6897,4651362.0322],[357679.9196,4651351.5821],[357676.0294,4651322.0221],[357663.5891,4651282.3422],[357649.1988,4651249.5122],[357630.8187,4651223.6767],[357604.6282,4651188.3525],[357582.428,4651153.9726],[357544.8976,4651112.1828],[357506.8372,4651073.033],[357480.4069,4651040.2332],[357466.7868,4651027.4133],[357451.5867,4651012.7233],[357389.8961,4650948.7837],[357366.6359,4650924.2139],[357347.2557,4650908.694],[357327.8756,4650897.0541],[357296.8654,4650880.2443],[357264.5553,4650864.7345],[357233.5451,4650854.3848],[357197.365,4650847.925],[357158.6049,4650838.8653],[357126.3047,4650824.6455],[357095.2945,4650797.4857],[357072.0343,4650774.2159],[357055.234,4650747.0559],[357038.4338,4650716.026],[357029.3935,4650679.816],[357030.6832,4650644.906],[357047.483,4650607.4058],[357064.2828,4650586.7156],[357091.4126,4650554.3854],[357130.1725,4650525.935],[357153.4323,4650503.9548],[357215.4521,4650462.5743],[357269.7219,4650425.0738],[357305.9018,4650399.2135],[357351.1317,4650382.4031],[357391.1817,4650374.6428],[357432.5317,4650368.1825],[357477.7518,4650360.4221],[357541.0718,4650352.6616],[357581.1218,4650344.9013],[357622.4615,4650325.5058],[357688.3716,4650295.7604],[357741.3514,4650266.02],[357787.9558,4650231.8778],[357813.7112,4650213.0094],[357874.4308,4650159.9888],[357927.4105,4650100.5083],[357947.5204,4650081.9881],[357952.9001,4650046.398],[357949.5897,4649990.528],[357949.9993,4649946.2479],[357935.029,4649907.898],[357913.0987,4649867.1481],[357875.5184,4649832.6683],[357831.668,4649801.3186],[357795.6476,4649755.8688],[357754.9273,4649716.689],[357720.477,4649683.7793],[357487.4348,4649570.917],[357297.6249,4649494.1422],[357255.3447,4649480.0425],[357220.8946,4649475.3327],[357186.4346,4649480.043],[357156.6847,4649492.5732],[357115.9648,4649519.2236],[357078.3749,4649538.0239],[357026.695,4649566.2443],[356990.6751,4649586.6146],[356935.8654,4649632.0651],[356913.3901,4649650.8092],[356888.8856,4649671.2456],[356878.0846,4649682.5236],[356852.8658,4649708.8559],[356819.9762,4649760.5762],[356788.6565,4649804.4665],[356732.277,4649890.6671],[356715.0472,4649918.8773],[356694.6876,4649967.4575],[356674.3378,4650009.7777],[356641.4481,4650044.258],[356602.2981,4650058.3583],[356561.578,4650059.9286],[356531.8179,4650052.0889],[356481.7078,4650039.5492],[356420.6275,4650020.7496],[356348.5872,4649987.8301],[356303.3068,4649953.3204],[356277.0466,4649929.4506],[356256.6765,4649916.8507],[356204.5562,4649895.3711],[356171.1461,4649882.8313],[356139.1259,4649861.9315],[356111.2858,4649856.3617],[356076.4859,4649877.262],[356045.8561,4649905.1223],[356020.8069,4649951.0917],[355981.8267,4649999.8529],[355927.5369,4650041.6434],[355882.9871,4650068.1138],[355859.3273,4650101.554],[355846.7975,4650132.1942],[355832.8778,4650173.9943],[355834.8079,4650193.7144],[355842.6183,4650246.4344],[355848.7746,4650280.3255],[355850.9687,4650292.4044],[355849.5791,4650346.7345],[355849.5792,4650355.4464],[355849.5795,4650399.6746],[355850.5198,4650430.0546],[355848.1899,4650449.8247],[355838.3302,4650493.0048],[355829.7405,4650535.9849],[355823.1308,4650577.995],[355810.6011,4650612.8252],[355788.3314,4650657.4054],[355756.3115,4650682.4757],[355719.0416,4650699.486],[355697.4716,4650704.4462],[355687.3333,4650704.924],[355624.4715,4650707.8868],[355590.9714,4650703.587],[355528.0212,4650685.2674],[355493.2167,4650678.2949],[355475.681,4650667.0678],[355445.7807,4650637.798],[355410.5404,4650600.1782],[355384.6898,4650536.6883],[355366.1394,4650482.5584],[355349.4488,4650400.3084],[355335.0487,4650347.9897],[355323.2776,4650257.1583],[355324.1173,4650211.7383],[355332.9967,4650129.9081],[355347.0962,4650066.4179],[355358.8457,4649993.5277],[355379.9852,4649932.3874],[355384.6848,4649871.2573],[355382.3344,4649824.2272],[355382.3341,4649784.2572],[355403.4836,4649718.4169],[355403.4832,4649657.2768],[355401.1327,4649598.4967],[355387.0323,4649549.1168],[355371.8256,4649514.8686],[355358.8418,4649485.6269],[355304.8009,4649379.8171],[355264.8504,4649321.0373],[355231.9601,4649283.4175],[355182.6197,4649238.7378],[355140.3292,4649189.3581],[355107.4291,4649175.2483],[355079.2388,4649151.7385],[355041.6387,4649137.6288],[355011.8491,4649127.6905],[355007.2285,4649126.149],[354961.4485,4649131.7494],[354937.1285,4649132.6495],[354909.8684,4649128.7497],[354881.2083,4649119.2699],[354848.8481,4649102.7702],[354805.2378,4649078.7305],[354782.6478,4649072.8906],[354767.4577,4649070.1607],[354739.4016,4649065.2616],[354733.9576,4649064.311],[354661.9176,4649075.4915],[354615.1877,4649092.3819],[354574.9477,4649101.4722],[354533.4977,4649115.0426],[354489.2677,4649124.8529],[354426.3846,4649129.1228],[354412.6776,4649130.0535],[354365.9476,4649132.6539],[354326.9975,4649126.1541],[354281.5672,4649102.7745],[354243.917,4649081.9847],[354211.4667,4649053.4049],[354189.2848,4649040.3965],[354173.8165,4649031.3252],[354116.6961,4648993.6455],[354073.8658,4648963.7658],[354067.2958,4648959.1359],[354050.4957,4648949.476],[354016.7455,4648927.3962],[353970.0051,4648888.4265],[353945.3448,4648848.1566],[353916.7844,4648805.2768],[353910.8528,4648791.0316],[353897.314,4648758.5168],[353880.1836,4648704.5869],[353875.3906,4648688.8033],[353858.933,4648634.6069],[353831.2825,4648571.417],[353805.9718,4648490.8271],[353785.2612,4648407.9271],[353759.9506,4648334.2372],[353734.64,4648262.8573],[353716.1307,4648218.8603],[353697.8293,4648175.3574],[353667.9188,4648117.7876],[353619.5982,4648055.6178],[353573.5778,4648009.5681],[353545.8753,4647988.5014],[353516.0474,4647965.8185],[353481.927,4647927.0187],[353465.4269,4647908.2488],[353449.678,4647890.3851],[353396.4062,4647829.9592],[353357.2857,4647770.0894],[353322.7752,4647721.7396],[353299.7649,4647680.2897],[353265.2446,4647645.7499],[353255.6445,4647634.6199],[353221.5341,4647595.0901],[353191.6138,4647558.2503],[353168.6035,4647526.0104],[353152.5033,4647496.0805],[353145.6029,4647456.9305],[353145.6026,4647413.1804],[353150.202,4647330.2903],[353150.2016,4647272.7202],[353129.4905,4647132.2601],[353117.2896,4647027.74],[353108.3658,4646973.7091],[353107.2792,4646967.13],[353103.0488,4646914.16],[353093.5184,4646868.61],[353085.0481,4646825.17],[353068.1076,4646765.84],[353060.6974,4646749.95],[353053.8773,4646735.4001],[353041.6472,4646722.4101],[353031.0571,4646708.6402],[353018.847,4646697.0803],[353003.7999,4646690.5224],[352991.8868,4646685.3305],[352964.3667,4646675.7907],[352931.5466,4646670.5009],[352839.4463,4646642.9515],[352816.7262,4646638.6517],[352733.5862,4646648.2524],[352683.8261,4646654.6127],[352634.0761,4646660.9631],[352595.9661,4646665.2034],[352563.146,4646663.0837],[352546.2159,4646653.8538],[352503.8656,4646626.0041],[352485.8656,4646620.7042],[352433.9954,4646602.6946],[352359.885,4646573.0351],[352280.4946,4646539.1356],[352208.5043,4646510.5361],[352205.4744,4646509.2642],[352142.874,4646482.9866],[352099.4938,4646461.6369],[352022.6432,4646409.9374],[351919.4426,4646350.4781],[351860.0223,4646314.4884],[351781.8419,4646280.069],[351695.8414,4646236.2496],[351614.5309,4646184.6201],[351595.7686,4646172.9118],[351548.1405,4646143.1905],[351485.3601,4646104.351],[351406.6297,4646063.5715],[351359.9093,4646030.9318],[351304.359,4645997.2322],[351262.2687,4645966.9024],[351231.9586,4645953.4326],[351189.8783,4645933.2129],[351147.788,4645894.4632],[351119.1677,4645862.4433],[351107.3773,4645818.6434],[351095.5969,4645769.7834],[351078.7565,4645715.8634],[351068.6562,4645672.0634],[351056.8657,4645618.1434],[351044.7752,4645552.4034],[351045.8747,4645486.0833],[351050.1341,4645400.8031],[351045.0837,4645357.0031],[351021.5134,4645311.5132],[350994.5729,4645262.6534],[350950.8026,4645225.5836],[350910.3923,4645191.8839],[350831.2719,4645163.2444],[350747.0916,4645137.975],[350647.7613,4645119.4458],[350592.0726,4645108.0892],[350556.851,4645100.9064],[350486.1408,4645089.1169],[350401.9607,4645084.0576],[350337.9806,4645085.748],[350282.8905,4645089.7285],[350245.8559,4645081.2668],[350201.3103,4645071.0891],[350154.46,4645052.8194],[350123.5497,4645019.2096],[350112.7195,4644987.3296],[350107.9989,4644908.5295],[350121.8183,4644834.1593],[350135.638,4644790.9291],[350285.5393,4644761.0986],[350339.8828,4644674.7432],[350365.1934,4644629.3322],[350417.3037,4644554.1433],[350445.5919,4644497.5657],[350473.8801,4644423.8659],[350505.4553,4644353.3856],[350602.6671,4644276.4658],[350662.9666,4644251.8988],[350765.6991,4644238.4981],[350811.4866,4644220.8428],[350870.4437,4644192.9151],[350927.2629,4644193.2994],[350956.4846,4644171.7919],[350997.9644,4644130.2816],[351017.1747,4644096.178],[351016.7456,4644086.2267],[351014.4437,4644032.8513],[351004.873,4643952.1612],[350989.5295,4643903.4233],[350989.1826,4643902.3213],[350977.1122,4643841.9513],[350977.1119,4643814.3512],[350965.0517,4643779.8513],[350946.0913,4643740.1813],[350927.1309,4643686.7114],[350908.1706,4643657.3915],[350865.0806,4643659.1218],[350830.6105,4643659.1221],[350820.1925,4643648.6942],[350809.9304,4643638.4222],[350785.8001,4643614.2723],[350763.3897,4643555.6324],[350751.3293,4643517.6825],[350735.8189,4643462.4925],[350716.8585,4643419.3726],[350692.6081,4643369.3627],[350687.558,4643359.0027],[350679.4902,4643337.2097],[350670.3177,4643312.4327],[350644.4673,4643265.8629],[350609.9968,4643212.393],[350513.426,4643124.2236],[350441.0856,4643088.2041],[350363.5353,4643057.1547],[350253.2247,4643012.3154],[350216.7973,4642998.049],[350173.9444,4642981.266],[350092.934,4642950.2166],[350029.1638,4642929.517],[349960.2236,4642917.4475],[349870.6035,4642924.3482],[349839.1934,4642921.3784],[349783.9533,4642919.5588],[349717.9531,4642909.3893],[349658.7829,4642893.7398],[349596.0927,4642875.1002],[349525.3424,4642847.7907],[349469.1521,4642826.8311],[349398.0719,4642812.8516],[349334.6018,4642809.0421],[349264.7918,4642821.7426],[349203.8617,4642823.0131],[349147.7707,4642829.9361],[349130.1584,4642832.11],[349102.0621,4642829.9489],[349038.3051,4642819.1431],[348939.968,4642795.37],[348901.7508,4642770.9353],[348844.6304,4642732.8257],[348815.9269,4642709.6885],[348798.9401,4642695.996],[348754.5097,4642648.9862],[348712.6192,4642590.5564],[348674.5387,4642532.1266],[348628.8381,4642462.2569],[348589.4769,4642404.0612],[348588.0875,4642402.0071],[348568.9373,4642372.9272],[348541.257,4642333.9573],[348530.9468,4642321.2774],[348522.7868,4642322.7675],[348504.1169,4642329.7576],[348482.8669,4642345.3978],[348433.7272,4642391.2382],[348363.0313,4642468.7554],[348336.3577,4642477.6791],[348281.3977,4642491.8296],[348227.1765,4642514.5739],[348159.4582,4642538.7597],[348110.2079,4642553.1209],[348084.288,4642562.1512],[348044.8209,4642582.7775],[348011.4454,4642591.4845],[347965.4936,4642606.9632],[347939.8575,4642624.8606],[347916.6399,4642638.888],[347864.8885,4642676.163],[347798.1332,4642736.1134],[347765.2091,4642777.4939],[347708.1692,4642807.7344],[347668.9094,4642832.8847],[347617.0797,4642887.8952],[347591.9601,4642939.7555],[347576.2506,4643010.4857],[347574.6808,4643035.6258],[347580.9615,4643128.3559],[347604.5223,4643228.9458],[347626.5129,4643313.8158],[347661.0635,4643386.1157],[347734.8742,4643455.2652],[347773.1116,4643530.2789],[347789.9165,4643563.2465],[347815.0694,4643597.5892],[347858.1192,4643627.5785],[347914.229,4643653.2144],[347962.1159,4643689.9755],[348029.1766,4643717.7034],[348079.1468,4643733.923],[348116.9669,4643735.2728],[348148.037,4643748.7925],[348173.7071,4643756.9024],[348212.1912,4643766.3988],[348238.795,4643777.5238],[348273.6218,4643799.2902],[348300.2257,4643827.8284],[348320.9381,4643852.8714],[348341.1983,4643877.2013],[348356.0586,4643905.5912],[348369.3654,4643937.5475],[348370.8557,4643940.9419],[348373.6572,4643947.3228],[348381.0538,4643964.1706],[348382.3531,4644025.2093],[348384.4198,4644063.7512],[348388.4802,4644120.5213],[348383.8992,4644144.8068],[348379.7568,4644166.7671],[348364.1609,4644212.4416],[348335.8011,4644250.2919],[348311.4813,4644277.3221],[348273.6614,4644304.3625],[348235.28,4644322.6503],[348216.9316,4644331.3929],[348176.5123,4644354.4302],[348131.7075,4644375.859],[348079.7597,4644390.1451],[348032.3574,4644401.8337],[347992.0979,4644405.0807],[347927.8125,4644405.0812],[347866.1243,4644394.6922],[347790.0912,4644367.8962],[347719.8609,4644340.8667],[347640.1604,4644301.6673],[347572.6201,4644263.8177],[347491.5797,4644230.0183],[347405.1292,4644186.7689],[347322.7388,4644143.5094],[347264.6484,4644108.3598],[347184.9578,4644038.0703],[347176.8577,4644029.9603],[347147.1374,4643993.4605],[347118.7671,4643967.7807],[347087.7068,4643931.2809],[347036.3762,4643867.7512],[347001.7459,4643828.9114],[346954.6554,4643769.0816],[346924.9351,4643743.4018],[346897.9248,4643701.4919],[346865.5044,4643658.2421],[346826.334,4643614.9823],[346804.7136,4643571.7324],[346785.4034,4643536.9425],[346777.7032,4643523.0626],[346752.8053,4643459.1382],[346743.2482,4643438.5907],[346726.6913,4643402.9943],[346674.0284,4643315.079],[346623.711,4643258.1233],[346584.5405,4643206.7535],[346542.6702,4643163.4938],[346498.0898,4643131.0541],[346453.5196,4643102.6744],[346410.7148,4643064.1733],[346384.1658,4643025.8737],[346371.7561,4643008.2095],[346366.8899,4643001.2829],[346363.8534,4642999.2181],[346349.5152,4642989.4683],[346330.0555,4642952.6345],[346311.9858,4642919.2755],[346292.5261,4642884.5265],[346282.1011,4642848.3877],[346283.4907,4642810.1637],[346289.6069,4642787.3751],[346288.1606,4642781.7548],[346285.2168,4642770.3151],[346256.6336,4642718.6154],[346219.486,4642675.6555],[346181.3256,4642637.4757],[346137.8919,4642603.6833],[346095.455,4642570.6662],[346065.4748,4642552.4864],[346017.7025,4642531.9123],[346014.2121,4642529.7307],[345974.8071,4642505.1031],[345951.7508,4642483.6557],[345921.7241,4642457.3827],[345915.8258,4642439.6884],[345910.1636,4642427.1174],[345888.6034,4642398.3675],[345867.0431,4642364.2276],[345843.6927,4642315.7077],[345831.1122,4642261.7978],[345823.9221,4642243.8278],[345814.9418,4642209.6878],[345785.7172,4642153.455],[345783.2724,4642144.7392],[345767.5713,4642088.7632],[345746.8836,4642041.8643],[345726.1413,4641994.8416],[345725.7966,4641961.0948],[345707.8898,4641925.9706],[345684.8178,4641900.1441],[345668.633,4641891.1909],[345653.137,4641896.012],[345632.1314,4641908.0647],[345611.4702,4641933.5472],[345574.9686,4641957.6524],[345546.429,4641978.8755],[345533.2712,4641994.1673],[345526.5147,4642028.6625],[345508.734,4642064.9359],[345490.3182,4642079.2895],[345460.3699,4642102.6319],[345440.4556,4642157.3976],[345432.6322,4642187.2698],[345423.0306,4642212.8745],[345419.1189,4642226.7436],[345401.3382,4642265.5064],[345397.7822,4642290.3998],[345403.1166,4642303.9134],[345395.6487,4642322.7613],[345388.1808,4642330.9406],[345361.865,4642345.8768],[345335.9052,4642402.7762],[345295.1162,4642470.2517],[345283.5077,4642495.9131],[345265.6335,4642536.7325],[345233.2937,4642581.6628],[345213.8562,4642608.946],[345196.1378,4642622.9987],[345172.9204,4642639.4955],[345135.6505,4642658.4364],[345113.0441,4642682.876],[345093.6478,4642701.529],[345082.0441,4642727.9018],[345068.3306,4642757.4392],[345059.8916,4642799.6355],[345047.7607,4642849.7435],[345037.212,4642899.8515],[345037.1473,4642900.6046],[345032.9927,4642948.9046],[345032.9929,4642975.8047],[345043.0025,4643012.8517],[345023.33,4643052.1975],[345009.9526,4643075.0182],[345007.592,4643093.5107],[345009.4975,4643123.9154],[344983.686,4643159.9444],[344967.8636,4643184.3377],[344953.3598,4643217.3015],[344947.4266,4643246.9688],[344941.4934,4643276.6362],[344933.5823,4643305.6443],[344913.145,4643331.3561],[344876.226,4643359.7051],[344822.2693,4643396.0972],[344807.0293,4643406.9873],[344758.1566,4643420.8207],[344757.1387,4643420.7912],[344726.7401,4643419.9104],[344701.6982,4643430.3827],[344681.6646,4643434.9359],[344641.8548,4643447.8848],[344613.5061,4643449.8629],[344576.4879,4643455.8811],[344537.7865,4643463.1663],[344516.387,4643468.1748],[344484.5151,4643472.2729],[344422.593,4643475.4606],[344403.4699,4643477.7373],[344375.2406,4643481.3799],[344356.1176,4643484.5673],[344343.8242,4643483.2015],[344321.7592,4643480.4411],[344269.6085,4643465.4449],[344237.2813,4643454.973],[344209.0519,4643448.5988],[344111.9478,4643438.5393],[344107.9729,4643438.1275],[344064.263,4643431.7535],[344007.6183,4643431.2534],[343953.4183,4643439.6439],[343893.9875,4643462.7618],[343846.8484,4643477.0947],[343787.3989,4643489.0725],[343723.311,4643516.0574],[343669.7185,4643529.0862],[343638.5085,4643533.2864],[343587.6884,4643533.5768],[343546.5629,4643532.2495],[343498.6654,4643522.1306],[343471.6808,4643516.7339],[343439.2994,4643503.9166],[343388.0287,4643478.2817],[343361.0441,4643459.3928],[343339.4563,4643434.4323],[343323.2654,4643405.4241],[343301.6774,4643344.0346],[343294.931,4643305.5817],[343300.3275,4643264.4304],[343315.8432,4643197.6437],[343323.0251,4643142.2582],[343321.3449,4643124.3782],[343315.2047,4643103.1282],[343305.4146,4643082.5582],[343281.0676,4642989.3813],[343281.474,4642963.1599],[343280.6261,4642949.5942],[343275.1149,4642933.4849],[343274.2895,4642932.0179],[343250.3902,4642889.5432],[343225.2909,4642856.6359],[343205.5898,4642837.6775],[343192.6231,4642830.3587],[343186.8056,4642827.075],[343169.5151,4642818.7088],[343140.5117,4642810.9004],[343115.4127,4642808.6696],[343047.1939,4642785.2342],[343001.1953,4642762.0387],[342954.3714,4642731.9903],[342935.9713,4642728.4304],[342917.2825,4642727.039],[342876.8921,4642724.0319],[342875.4012,4642723.9209],[342856.5811,4642719.421],[342838.0376,4642706.2127],[342802.5609,4642694.0414],[342757.0484,4642658.6421],[342741.7154,4642651.5655],[342699.2551,4642630.7289],[342663.3189,4642611.0223],[342662.692,4642610.6785],[342657.1632,4642607.0266],[342619.8384,4642582.372],[342593.1042,4642567.4326],[342569.9083,4642556.8177],[342515.4392,4642529.4733],[342452.7492,4642504.5297],[342416.9725,4642494.7011],[342380.4094,4642485.659],[342338.8085,4642476.9746],[342319.642,4642476.9747],[342301.6885,4642481.4549],[342258.1685,4642493.6152],[342174.9787,4642537.1559],[342159.6188,4642546.126],[342069.4289,4642620.1186],[342010.0634,4642651.571],[341971.1417,4642674.7672],[341918.6906,4642716.7675],[341874.4576,4642743.0314],[341850.4981,4642757.7759],[341829.303,4642769.7559],[341807.9178,4642775.1024],[341805.3434,4642775.746],[341782.3054,4642774.8247],[341756.5026,4642766.992],[341722.8668,4642748.1009],[341670.8005,4642720.9163],[341639.0873,4642699.3197],[341615.4574,4642688.5414],[341600.9479,4642684.396],[341576.489,4642681.0797],[341544.9826,4642681.4945],[341531.3022,4642682.7382],[341511.8181,4642692.6878],[341488.1885,4642709.6848],[341465.3879,4642728.3401],[341438.66,4642761.586],[341427.3888,4642775.606],[341427.0662,4642775.6824],[341407.7457,4642780.2584],[341391.7211,4642787.4955],[341379.315,4642800.9356],[341350.8845,4642849.0098],[341336.0158,4642872.8002],[341327.6232,4642886.2285],[341316.768,4642906.9055],[341308.4973,4642926.5487],[341294.0695,4642962.7792],[341286.3414,4642982.1855],[341282.9266,4643005.5211],[341278.9427,4643048.7775],[341273.3114,4643078.5036],[341264.4415,4643097.8237],[341236.1417,4643123.954],[341218.7317,4643132.6641],[341183.8917,4643139.1944],[341172.5101,4643147.2436],[341140.0678,4643152.9354],[341104.7798,4643158.0581],[341079.7366,4643155.2125],[341059.6275,4643146.2278],[341052.9859,4643143.2603],[341017.6976,4643129.0315],[340966.1912,4643119.606],[340948.7712,4643115.2461],[340906.7106,4643097.7284],[340875.4065,4643080.0845],[340856.6241,4643068.1323],[340845.3006,4643056.6068],[340810.1403,4643020.197],[340798.4102,4643014.6471],[340773.1199,4642986.2573],[340766.3386,4642975.5104],[340752.8397,4642954.1174],[340747.5995,4642939.5674],[340740.7301,4642912.131],[340728.889,4642864.8374],[340712.0549,4642838.7608],[340694.4882,4642776.9475],[340690.0081,4642755.8175],[340703.2321,4642729.7662],[340704.8432,4642709.5024],[340697.5377,4642618.8002],[340691.45,4642581.667],[340691.2966,4642561.3372],[340692.0962,4642509.9771],[340699.676,4642447.734],[340699.9713,4642445.3092],[340691.4486,4642396.6099],[340666.4901,4642369.8256],[340657.3589,4642352.7809],[340637.879,4642332.0839],[340622.6604,4642320.5179],[340606.833,4642306.517],[340576.5743,4642278.8276],[340502.7379,4642226.1641],[340436.1233,4642177.1885],[340387.0766,4642150.0725],[340360.2917,4642113.5482],[340328.6368,4642059.9793],[340314.1417,4641999.2292],[340308.7616,4641979.4792],[340301.2426,4641946.7538],[340303.3712,4641925.6092],[340310.5506,4641851.989],[340316.7349,4641810.8573],[340317.1878,4641782.3152],[340317.1877,4641763.2872],[340313.11,4641747.4305],[340303.3697,4641731.6889],[340271.2595,4641708.9391],[340208.1991,4641678.8195],[340103.4793,4641633.7169],[340052.6253,4641609.8471],[340010.5928,4641594.7988],[339956.6252,4641572.4858],[339902.6039,4641561.4249],[339889.8903,4641554.8311],[339879.5617,4641548.8581],[339862.4594,4641538.9677],[339826.7662,4641529.0533],[339748.4258,4641520.223],[339728.9072,4641518.0229],[339682.7471,4641513.9133],[339561.8461,4641531.5654],[339527.2444,4641533.426],[339498.2234,4641516.6834],[339471.1266,4641496.0048],[339449.9565,4641482.975],[339417.4062,4641453.6752],[339357.583,4641407.6702],[339329.6781,4641385.3466],[339298.0526,4641360.4186],[339259.495,4641329.9262],[339238.5222,4641300.145],[339218.4306,4641268.892],[339195.7346,4641246.5684],[339175.5678,4641237.6406],[339124.2983,4641214.9436],[339107.5556,4641211.2232],[339084.4876,4641200.0614],[339057.699,4641182.9468],[339024.2132,4641163.9718],[339003.3776,4641147.2292],[338948.5628,4641103.6082],[338901.3525,4641066.1585],[338867.1623,4641048.2487],[338826.4721,4641038.479],[338806.1836,4641032.2634],[338788.6967,4641028.5429],[338769.2859,4641025.8472],[338761.9082,4641024.8225],[338730.4219,4641025.4497],[338661.0792,4641009.9408],[338592.0515,4641001.0308],[338492.7513,4640992.8915],[338485.2112,4640983.6615],[338463.0411,4640974.9817],[338450.011,4640961.9518],[338431.1442,4640959.7141],[338369.7538,4640939.9953],[338325.4785,4640953.3899],[338274.1341,4640979.0625],[338234.3236,4640995.8057],[338220.8498,4641005.1893],[338213.4882,4641010.3162],[338153.7011,4641034.8841],[338106.3344,4641033.0129],[338044.5721,4641033.0134],[338003.9709,4641048.2553],[337986.0609,4641051.5054],[337927.4609,4641056.3959],[337864.1219,4641049.0134],[337818.2306,4641038.5467],[337803.1036,4641028.1784],[337751.0146,4641004.3667],[337707.8551,4640979.8109],[337657.9796,4640941.8778],[337623.0393,4640917.998],[337611.6392,4640903.3481],[337592.1092,4640900.0882],[337580.709,4640883.8083],[337536.7587,4640852.8685],[337518.8486,4640843.0987],[337487.9184,4640821.9289],[337473.2683,4640808.909],[337448.848,4640779.5991],[337439.0879,4640764.9492],[337400.0172,4640688.4193],[337282.2894,4640454.7373],[337272.0982,4640434.5085],[337262.7549,4640408.4613],[337255.2589,4640387.5638],[337234.8479,4640357.9682],[337213.9267,4640338.0678],[337191.9141,4640323.1104],[337184.8813,4640317.4842],[337175.764,4640310.1905],[337130.2419,4640293.675],[337109.5736,4640268.2109],[337040.0621,4640237.5151],[336963.7013,4640232.1994],[336913.3596,4640233.9208],[336907.1557,4640234.133],[336863.1759,4640239.4495],[336817.263,4640250.0824],[336779.566,4640254.9156],[336705.6219,4640266.9986],[336597.7729,4640281.1248],[336539.6428,4640282.7452],[336465.3728,4640295.6658],[336428.2428,4640297.2761],[336392.7226,4640289.2064],[336321.6823,4640261.7569],[336305.5422,4640250.447],[336276.482,4640222.9972],[336258.7218,4640210.0773],[336207.0515,4640182.6276],[336165.7803,4640169.377],[336130.9828,4640139.8962],[336081.6863,4640101.233],[336020.3074,4640045.6545],[335994.6925,4640016.1737],[335961.2296,4639974.3192],[335911.1793,4639942.0195],[335896.6491,4639925.8696],[335885.339,4639909.7196],[335856.2785,4639851.5898],[335832.0579,4639774.0798],[335812.0047,4639720.8817],[335799.7671,4639683.6499],[335776.7237,4639653.7039],[335761.7413,4639640.1718],[335747.2424,4639631.9559],[335734.6767,4639629.0562],[335712.5866,4639628.7405],[335694.8266,4639640.0407],[335665.7668,4639669.1109],[335649.6168,4639678.8011],[335631.8569,4639683.6512],[335617.3269,4639694.9513],[335606.027,4639712.7115],[335591.4971,4639728.8616],[335576.64,4639738.7654],[335550.0589,4639755.681],[335526.3776,4639771.1466],[335510.9121,4639783.2291],[335470.4074,4639795.0726],[335358.1273,4639794.7635],[335326.1072,4639797.8837],[335297.6573,4639806.3739],[335278.2873,4639809.6041],[335260.5273,4639816.0642],[335231.4574,4639841.9045],[335204.9868,4639858.6254],[335188.0716,4639878.924],[335170.1079,4639919.4151],[335147.5081,4639953.3253],[335137.8183,4639971.0954],[335131.3584,4639988.8555],[335129.7485,4640008.2355],[335128.1298,4640181.0158],[335134.5903,4640235.9258],[335142.6704,4640253.6858],[335153.9706,4640269.8357],[335189.4909,4640313.4355],[335202.4011,4640326.3555],[335221.4225,4640340.954],[335256.7032,4640365.1185],[335293.5018,4640403.2249],[335322.9153,4640441.4786],[335328.2317,4640465.6433],[335330.1651,4640493.6744],[335328.7154,4640513.4896],[335328.2322,4640528.4717],[335316.3631,4640568.145],[335295.5335,4640623.0952],[335271.1238,4640673.9955],[335258.9141,4640710.6356],[335250.7743,4640747.2857],[335248.7345,4640765.6058],[335245.5911,4640853.2468],[335252.3576,4640883.6943],[335256.2241,4640913.1753],[335255.2577,4640936.3735],[335252.8415,4640965.3713],[335247.5254,4640990.9859],[335242.6927,4641016.6006],[335237.3765,4641036.8991],[335227.2276,4641065.4136],[335212.1069,4641093.3666],[335177.5175,4641172.7669],[335151.0678,4641225.6972],[335146.998,4641246.0573],[335138.8581,4641264.3774],[335132.7482,4641284.7374],[335124.6183,4641301.0275],[335114.4385,4641317.3076],[335087.9887,4641349.8879],[335079.8488,4641366.168],[335028.9793,4641447.6085],[335016.7694,4641461.8586],[335000.7194,4641468.8887],[334962.4896,4641499.4891],[334943.2886,4641510.4681],[334930.3797,4641517.8493],[334913.5597,4641523.9695],[334876.8597,4641531.6198],[334838.6297,4641534.6801],[334754.6096,4641537.3707],[334735.9196,4641539.8208],[334691.8296,4641549.9812],[334638.2996,4641568.3416],[334581.7196,4641580.5821],[334529.7297,4641600.4625],[334474.6796,4641606.5829],[334436.4496,4641605.0532],[334403.7298,4641602.3254],[334381.3995,4641600.4636],[334363.0494,4641597.4038],[334307.7852,4641593.9463],[334273.6362,4641591.8098],[334219.5608,4641591.3001],[334189.9723,4641579.5671],[334172.6272,4641554.57],[334172.5237,4641554.0968],[334161.9138,4641505.5963],[334151.5281,4641468.0252],[334129.9078,4641435.1353],[334111.7237,4641395.7847],[334094.9796,4641367.7571],[334082.6037,4641354.2893],[334063.3118,4641340.4577],[334038.9097,4641334.4457],[334038.196,4641334.2698],[334007.6203,4641330.6302],[333991.2406,4641341.9141],[333965.3969,4641354.2902],[333927.3871,4641383.5168],[333873.5873,4641421.8372],[333808.0275,4641463.4178],[333749.6699,4641517.3009],[333704.0286,4641549.2503],[333681.9688,4641572.0712],[333651.5413,4641595.6529],[333615.0385,4641625.0795],[333545.8058,4641677.8084],[333513.0963,4641701.39],[333461.3694,4641728.0146],[333417.2494,4641736.3826],[333380.7362,4641726.4939],[333354.8988,4641720.2616],[333319.8687,4641712.9619],[333249.8084,4641691.0524],[333214.7783,4641683.7526],[333179.7382,4641679.3729],[333163.6881,4641672.073],[333147.628,4641663.3131],[333067.3474,4641593.2136],[333036.6972,4641572.7738],[333025.017,4641559.6239],[333004.5868,4641530.424],[332988.4443,4641517.8736],[332931.0029,4641473.2148],[332917.4989,4641462.7157],[332872.966,4641405.6745],[332855.8479,4641344.8118],[332850.449,4641325.6162],[332828.5303,4641311.5749],[332818.4255,4641305.1016],[332762.2845,4641277.7954],[332750.6144,4641264.6555],[332738.6142,4641248.6756],[332725.344,4641214.7656],[332713.5538,4641200.0257],[332699.5537,4641187.4958],[332685.5536,4641171.2759],[332653.1231,4641120.426],[332639.863,4641105.6861],[332598.5926,4641066.6164],[332565.4324,4641041.5566],[332529.5756,4641011.8593],[332518.962,4641003.0691],[332514.7254,4641000.3876],[332474.506,4640974.9328],[332453.1219,4640961.4273],[332406.9778,4640959.1768],[332320.8796,4640958.6146],[332233.8013,4640965.639],[332200.8548,4640967.4518],[332193.6313,4640967.8493],[332156.5913,4640974.3196],[332087.5913,4640992.3301],[332050.5913,4640999.3304],[331998.0813,4641014.8908],[331964.6214,4641028.0611],[331928.5614,4641044.9114],[331896.5915,4641064.3517],[331865.5917,4641092.362],[331852.2219,4641115.5421],[331837.7667,4641139.394],[331838.4949,4641149.101],[331838.9046,4641154.5645],[331840.0426,4641170.8727],[331842.6975,4641186.8017],[331839.6636,4641212.9708],[331830.1824,4641259.9995],[331823.7352,4641299.0636],[331808.1857,4641321.0609],[331794.5678,4641328.3239],[331791.1189,4641330.1633],[331785.0509,4641356.7118],[331772.1562,4641387.8113],[331754.7103,4641409.8087],[331737.2643,4641421.566],[331718.3013,4641434.8403],[331695.6042,4641449.4938],[331686.6043,4641468.5039],[331657.6046,4641516.5142],[331651.0455,4641526.7509],[331615.6848,4641584.4631],[331610.4667,4641596.3098],[331603.3419,4641612.4853],[331577.9889,4641643.1762],[331571.9934,4641655.0476],[331527.9504,4641742.2544],[331485.8468,4641837.136],[331475.8469,4641852.1361],[331462.8471,4641886.1562],[331452.8472,4641902.1563],[331424.8473,4641925.1666],[331407.8574,4641933.1667],[331388.8574,4641936.1669],[331370.8573,4641935.167],[331351.8573,4641929.1671],[331304.857,4641898.1575],[331287.8569,4641893.1576],[331260.6399,4641882.3246],[331224.0182,4641893.7025],[331196.6408,4641903.3026],[331140.8568,4641915.1687],[331090.857,4641944.1792],[331072.857,4641951.1793],[331054.857,4641955.1794],[331035.857,4641954.1796],[331013.6069,4641947.9297],[331000.6068,4641944.9298],[330976.0667,4641934.27],[330879.6062,4641882.9007],[330842.606,4641871.9009],[330822.606,4641869.9011],[330804.606,4641870.9012],[330787.606,4641879.9014],[330746.3863,4641922.4517],[330737.6063,4641931.9218],[330704.6064,4641950.9321],[330679.8537,4641978.6534],[330666.9107,4641993.8808],[330655.1097,4642006.0626],[330624.2748,4642026.2388],[330584.607,4642044.9632],[330547.607,4642061.9735],[330529.607,4642064.9736],[330453.6069,4642066.9742],[330435.6069,4642064.9743],[330380.6067,4642047.9647],[330363.6066,4642040.9648],[330331.6064,4642017.955],[330331.1052,4642017.4229],[330282.6059,4641965.9353],[330268.6058,4641954.9354],[330235.6056,4641935.9256],[330197.6055,4641931.9259],[330181.6055,4641939.9261],[330181.2641,4641940.2678],[330168.6056,4641952.9362],[330152.6057,4641962.9363],[330147.0458,4641965.2291],[330135.6057,4641969.9465],[330117.6057,4641972.9466],[330099.6057,4641979.9467],[330066.6058,4641999.957],[330017.6059,4642025.9674],[329988.6061,4642048.9677],[329979.6062,4642063.9778],[329965.4462,4642075.6779],[329941.4463,4642090.6781],[329871.4464,4642120.6987],[329853.4464,4642122.6988],[329814.4463,4642120.6991],[329759.4462,4642111.6895],[329741.4461,4642106.6897],[329733.2666,4642105.3633],[329704.446,4642100.6899],[329686.4459,4642093.6901],[329653.4458,4642077.6803],[329643.4456,4642062.6703],[329607.2786,4642041.8357],[329594.1419,4642034.857],[329564.4452,4642021.6609],[329542.4449,4641990.651],[329534.4448,4641971.641],[329508.4445,4641941.6312],[329495.4444,4641929.6313],[329493.9023,4641928.4512],[329478.4443,4641916.6214],[329451.444,4641891.6115],[329421.4438,4641869.6117],[329393.4436,4641842.6019],[329358.4434,4641822.5921],[329341.4433,4641817.5923],[329284.4432,4641811.5827],[329267.4431,4641805.5828],[329120.8426,4641776.8439],[329097.8526,4641775.344],[328981.2124,4641748.9358],[328962.2122,4641750.665],[328924.1922,4641764.4953],[328893.0823,4641783.5156],[328849.8723,4641788.7059],[328782.4623,4641805.9965],[328765.1824,4641818.1066],[328709.8725,4641838.8571],[328652.8325,4641852.6875],[328637.2825,4641861.3377],[328623.4526,4641875.1678],[328595.7928,4641901.1081],[328578.5128,4641911.4782],[328543.9429,4641927.0485],[328526.6629,4641933.9586],[328488.6329,4641933.9589],[328469.6228,4641932.2291],[328435.0527,4641925.3193],[328416.0426,4641918.3994],[328397.0325,4641909.7496],[328365.9223,4641888.9998],[328315.802,4641863.0701],[328281.2319,4641856.1504],[328194.3218,4641857.231],[328142.9617,4641857.8814],[328061.7217,4641869.9821],[328020.2416,4641871.7124],[327921.7215,4641869.9831],[327881.9597,4641875.1758],[327864.6915,4641878.6336],[327845.6715,4641885.5537],[327805.9215,4641892.464],[327786.9114,4641890.7342],[327752.3413,4641875.1744],[327703.0209,4641840.0747],[327671.1107,4641825.025],[327631.9907,4641820.4553],[327581.9406,4641822.6056],[327545.9406,4641830.6059],[327491.9406,4641846.6164],[327460.9407,4641864.6266],[327443.9407,4641870.6268],[327425.9407,4641871.6269],[327406.9407,4641875.6271],[327388.9407,4641875.6272],[327351.9406,4641870.6275],[327330.9406,4641871.6276],[327293.9406,4641878.6279],[327237.9405,4641879.6283],[327219.9405,4641880.6285],[327179.9404,4641878.6288],[327161.8504,4641880.2789],[327105.7403,4641877.7993],[327063.7402,4641874.7997],[327047.9756,4641877.0151],[327006.7402,4641882.8101],[326958.7403,4641911.8205],[326902.7402,4641914.8209],[326864.7402,4641911.8212],[326823.7401,4641912.8215],[326803.74,4641909.8217],[326767.341,4641900.4795],[326764.7399,4641899.812],[326664.6539,4641876.2035],[326613.7393,4641852.803],[326556.8363,4641838.0328],[326448.7387,4641798.7842],[326397.7384,4641777.7745],[326327.1698,4641761.5539],[326323.7382,4641760.7651],[326274.7379,4641732.7554],[326251.4878,4641727.7556],[326182.4876,4641715.7561],[326053.6586,4641715.4999],[326012.4873,4641708.7473],[325973.4873,4641718.7577],[325898.4873,4641730.7582],[325848.733,4641745.0978],[325806.4873,4641747.769],[325788.4872,4641746.7691],[325768.4872,4641741.7692],[325749.4871,4641740.7694],[325705.4871,4641746.7697],[325667.4871,4641756.77],[325646.4871,4641759.7702],[325625.4871,4641759.7704],[325530.4869,4641749.7711],[325511.4868,4641744.7712],[325477.4866,4641724.7614],[325447.4864,4641702.7516],[325420.4862,4641677.7418],[325395.2959,4641650.9319],[325361.4156,4641615.7221],[325342.9343,4641601.0405],[325319.5353,4641582.4524],[325303.5252,4641573.8325],[325255.4949,4641551.6528],[325203.7747,4641533.1732],[325171.7546,4641517.1534],[325136.0444,4641508.5337],[325099.0943,4641504.8339],[325080.6243,4641498.6741],[325047.3741,4641481.4243],[325017.9564,4641462.1773],[325017.4606,4641461.8529],[325015.3539,4641460.4745],[325001.8038,4641449.3846],[324978.4035,4641422.2847],[324894.6625,4641304.0052],[324878.6522,4641270.7353],[324862.6418,4641218.9853],[324848.6492,4641196.36],[324835.6981,4641163.9827],[324822.7467,4641126.2093],[324794.686,4641058.2172],[324765.546,4641007.493],[324734.4497,4640963.2259],[324702.5894,4640938.3661],[324669.7692,4640920.1263],[324618.729,4640898.2366],[324598.6689,4640892.7668],[324505.6885,4640856.2874],[324469.2284,4640845.3477],[324434.3882,4640830.1579],[324370.7778,4640796.0984],[324296.0273,4640741.3788],[324268.6771,4640715.839],[324205.3885,4640659.5388],[324195.8757,4640632.0578],[324195.7461,4640606.3994],[324181.1659,4640573.5695],[324171.2755,4640535.7895],[324170.2251,4640482.3694],[324166.5747,4640427.6493],[324173.8743,4640372.9292],[324187.8639,4640314.939],[324204.093,4640198.5187],[324204.0836,4640197.5939],[324203.4826,4640138.6186],[324198.6823,4640103.7586],[324193.3194,4640084.9738],[324193.2722,4640084.8086],[324163.5016,4640014.4187],[324158.0913,4639976.5087],[324152.6811,4639957.5587],[324141.8505,4639881.7587],[324130.9342,4639842.4394],[324114.7897,4639784.2887],[324098.5588,4639659.7487],[324093.1385,4639621.8487],[324090.5525,4639612.7885],[324082.3182,4639583.9387],[324079.608,4639562.2787],[324066.0777,4639521.6687],[324049.8474,4639486.4788],[324044.4272,4639467.5288],[324003.8365,4639372.7689],[323990.3061,4639332.159],[323978.7559,4639307.499],[323965.9557,4639275.2991],[323952.9863,4639248.2748],[323933.4751,4639207.6192],[323889.1545,4639145.1195],[323886.3679,4639142.3302],[323868.0244,4639123.9696],[323835.364,4639081.6898],[323818.7937,4639051.3398],[323795.0234,4639016.34],[323764.2828,4638947.1501],[323754.6727,4638931.7701],[323750.8326,4638914.4702],[323748.9123,4638876.0301],[323750.8321,4638856.8101],[323762.3618,4638804.9199],[323766.1779,4638791.5569],[323777.7314,4638751.0997],[323784.1222,4638737.1847],[323810.3909,4638679.9893],[323827.6802,4638587.7291],[323831.5199,4638545.449],[323831.1209,4638520.6983],[323829.599,4638426.2788],[323828.4388,4638402.4988],[323821.2585,4638366.5988],[323806.9082,4638330.6988],[323776.6078,4638278.829],[323765.7777,4638263.989],[323747.5273,4638224.6191],[323738.7272,4638208.6491],[323727.9671,4638194.2892],[323713.607,4638183.5193],[323695.6669,4638176.3394],[323677.7268,4638165.5695],[323670.8756,4638163.077],[323638.2566,4638151.2098],[323620.3165,4638140.4399],[323577.4505,4638102.1416],[323539.8724,4638082.4135],[323480.6869,4638037.3204],[323454.3822,4638022.2895],[323422.441,4638004.4402],[323394.255,4637989.6614],[323379.9049,4637975.3015],[323365.5448,4637964.5316],[323359.116,4637958.0999],[323322.4844,4637921.4519],[323308.1343,4637910.6819],[323297.3741,4637896.322],[323254.3137,4637853.2423],[323243.5436,4637838.8923],[323229.1935,4637824.5324],[323214.8434,4637813.7625],[323204.0733,4637799.4026],[323189.7232,4637788.6327],[323171.783,4637777.8628],[323117.9527,4637745.5531],[323082.0726,4637731.1934],[323028.2524,4637720.4238],[323020.7643,4637717.9266],[322899.0719,4637677.3447],[322881.1318,4637677.3448],[322827.3117,4637666.5752],[322809.3616,4637659.3953],[322773.4815,4637652.2156],[322554.6011,4637652.2173],[322518.7111,4637659.3975],[322497.1912,4637666.5777],[322479.2412,4637670.1678],[322461.3012,4637677.348],[322457.9901,4637679.833],[322446.9512,4637688.1181],[322429.0113,4637695.2983],[322411.0713,4637706.0684],[322382.3614,4637727.6087],[322371.6015,4637741.9688],[322328.5417,4637774.2792],[322312.7717,4637779.9693],[322292.5517,4637785.0694],[322273.4217,4637785.5296],[322254.1117,4637781.0797],[322242.2307,4637776.326],[322220.5715,4637767.66],[322206.2915,4637764.8401],[322142.3413,4637762.2105],[321972.6511,4637764.5118],[321890.1011,4637778.2725],[321846.5311,4637789.7428],[321789.2112,4637814.9833],[321754.8113,4637833.3336],[321722.7114,4637851.6839],[321704.3614,4637858.574],[321688.3114,4637867.7441],[321674.5515,4637879.2143],[321624.1017,4637913.6247],[321596.5919,4637948.045],[321580.542,4637959.5151],[321523.2121,4637984.7456],[321504.8621,4637989.3357],[321426.902,4637991.6363],[321369.5719,4637998.5168],[321351.2319,4637998.5169],[321314.5418,4637991.6372],[321296.2017,4637984.7473],[321277.8516,4637975.5774],[321261.8015,4637964.1075],[321204.4711,4637918.2179],[321163.2007,4637879.2181],[321126.5103,4637837.9284],[321117.3402,4637821.8684],[321103.5801,4637810.3985],[321073.7696,4637757.6286],[321046.2492,4637700.2788],[321014.1484,4637606.2188],[321002.6781,4637564.9189],[320988.9176,4637500.6889],[320982.0371,4637445.6288],[320968.2867,4637388.2789],[320961.4065,4637369.9189],[320938.4758,4637273.5689],[320936.1756,4637252.9189],[320924.7152,4637197.8589],[320920.1245,4637117.5688],[320920.124,4637042.4689],[320920.124,4637041.8587],[320927.0032,4636940.9185],[320927.0026,4636865.2084],[320917.8322,4636810.1483],[320908.6619,4636773.4384],[320904.3814,4636711.1583],[320907.4813,4636692.5382],[320919.891,4636652.1981],[320929.2009,4636630.478],[320941.6105,4636587.0378],[320944.7104,4636568.4178],[320944.71,4636509.4577],[320938.5098,4636490.8377],[320935.4096,4636469.1177],[320907.4792,4636419.4778],[320882.669,4636391.548],[320860.9487,4636357.4181],[320823.7183,4636310.8683],[320783.3879,4636267.4285],[320755.4675,4636230.1887],[320733.7473,4636196.0588],[320681.0065,4636102.969],[320671.6963,4636081.2491],[320649.986,4636044.0092],[320643.7758,4636022.2892],[320631.3657,4636006.7793],[320603.4452,4635957.1294],[320591.0351,4635944.7195],[320581.0184,4635930.9416],[320566.2148,4635910.5796],[320516.5743,4635848.5199],[320491.754,4635820.6],[320463.8336,4635774.0502],[320451.4235,4635758.5402],[320442.1134,4635743.0203],[320417.3031,4635711.9904],[320406.453,4635702.8805],[320296.3023,4635626.6612],[320231.1519,4635589.4216],[320181.5116,4635558.392],[320156.6913,4635530.4721],[320128.7709,4635483.9223],[320116.3608,4635471.5123],[320100.8507,4635462.2024],[320085.3406,4635449.7925],[320066.7205,4635440.4827],[320045.0104,4635434.2828],[320029.5003,4635424.9729],[319992.2702,4635412.5532],[319951.94,4635400.1435],[319852.6597,4635378.4242],[319834.0396,4635372.2243],[319812.3295,4635362.9145],[319740.9691,4635325.6749],[319672.7187,4635288.4354],[319638.5885,4635266.7156],[319588.9481,4635226.3759],[319564.1379,4635198.4561],[319531.0975,4635158.2563],[319514.4972,4635123.9864],[319495.8768,4635068.1264],[319492.7766,4635049.5064],[319486.5765,4635030.8964],[319486.5763,4635012.2764],[319483.4662,4634993.6564],[319483.4649,4634820.0798],[319483.4648,4634807.4761],[319486.5746,4634788.856],[319491.4106,4634780.2562],[319514.4943,4634739.2057],[319523.7942,4634720.5956],[319530.0041,4634701.9756],[319532.2971,4634698.1528],[319539.314,4634686.4555],[319592.0536,4634627.505],[319619.9733,4634580.9547],[319638.583,4634540.6145],[319657.2028,4634509.5843],[319669.6127,4634494.0742],[319703.7323,4634435.1138],[319713.0419,4634379.2637],[319722.3516,4634338.9235],[319722.3513,4634301.6835],[319713.041,4634261.3435],[319703.7308,4634239.6235],[319700.6307,4634221.0035],[319700.6305,4634202.3935],[319697.5304,4634183.7735],[319697.5301,4634143.4334],[319685.1196,4634079.8234],[319685.1194,4634061.2034],[319682.5521,4634045.7837],[319682.0193,4634042.5834],[319682.0188,4633983.6333],[319685.1187,4633965.0132],[319685.1183,4633909.1531],[319691.3181,4633890.5431],[319700.6279,4633850.2029],[319709.9374,4633791.2428],[319728.547,4633735.3925],[319728.6466,4633672.1724],[319737.7864,4633649.5723],[319744.0563,4633642.3023],[319763.392,4633628.9265],[319767.0906,4633618.57],[319770.0495,4633604.5147],[319774.7345,4633592.9252],[319779.4192,4633557.6562],[319780.225,4633453.9817],[319768.2773,4633390.3032],[319764.0552,4633367.8003],[319769.0038,4633302.2816],[319771.5954,4633268.144],[319770.9359,4633239.1365],[319763.0245,4633205.5143],[319745.8834,4633167.9364],[319725.4461,4633140.2475],[319703.6903,4633115.8551],[319690.9521,4633088.4218],[319678.8949,4633073.9104],[319657.7089,4633057.8385],[319631.4091,4633047.611],[319602.1871,4633036.653],[319581.0009,4633003.7785],[319556.162,4632968.7125],[319507.1873,4632875.4686],[319455.5721,4632791.1654],[319427.069,4632742.6833],[319414.1789,4632727.9534],[319393.5726,4632705.7889],[319376.2501,4632656.4878],[319359.5938,4632600.5243],[319351.5987,4632563.2153],[319323.6166,4632507.9181],[319316.954,4632475.2727],[319339.6055,4632409.3156],[319346.9337,4632374.6714],[319349.5659,4632341.4933],[319354.6256,4632300.9732],[319358.9249,4632244.7559],[319360.2573,4632222.1039],[319330.1246,4632178.0132],[319297.6308,4632141.4902],[319196.9835,4632056.254],[319119.273,4632013.1945],[319094.9529,4631997.6447],[319075.0327,4631980.1048],[319060.2826,4631966.1449],[319037.5623,4631930.255],[319017.5246,4631892.0136],[319000.3341,4631876.4868],[318985.9162,4631863.7327],[318969.2802,4631855.9694],[318952.0897,4631851.5334],[318938.2264,4631847.0972],[318922.6995,4631843.2156],[318886.0607,4631836.2037],[318858.7254,4631836.6059],[318826.5661,4631839.4201],[318811.6925,4631839.0182],[318786.367,4631829.7726],[318750.1879,4631829.7729],[318665.0909,4631832.8377],[318633.0509,4631837.508],[318580.171,4631851.8184],[318546.261,4631865.1987],[318527.3811,4631877.3588],[318481.9212,4631905.8992],[318444.7813,4631924.4695],[318426.2113,4631926.1597],[318407.6412,4631922.7798],[318389.0712,4631916.0299],[318373.881,4631904.21],[318357.001,4631897.4601],[318340.1209,4631887.3203],[318321.3512,4631887.3304],[318310.4808,4631887.5305],[318280.3107,4631878.0707],[318264.0206,4631869.9208],[318223.2802,4631830.5211],[318178.4599,4631799.2714],[318173.7599,4631793.6214],[318159.4098,4631786.9315],[318126.8497,4631776.1817],[318111.9096,4631766.6718],[318088.8193,4631738.1419],[318075.2392,4631725.912],[318072.1391,4631716.452],[318068.4489,4631689.232],[318065.7384,4631615.8619],[318067.0881,4631580.5419],[318071.168,4631561.5218],[318091.5378,4631531.6316],[318098.3277,4631515.3315],[318107.8376,4631500.3814],[318163.5168,4631383.5508],[318170.3066,4631365.8808],[318185.2462,4631311.5406],[318185.2461,4631293.8805],[318189.316,4631276.2205],[318190.6759,4631258.5604],[318189.1157,4631243.7304],[318182.5255,4631216.7804],[318179.0264,4631209.7799],[318167.5853,4631186.8905],[318114.6241,4631041.5307],[318095.6036,4630983.1107],[318077.9533,4630939.6308],[318044.0028,4630885.291],[318003.2523,4630824.8412],[317977.4519,4630782.7213],[317961.1516,4630743.3214],[317933.331,4630668.3515],[317931.2809,4630656.3715],[317931.2804,4630596.6014],[317932.6299,4630530.0313],[317934.8798,4630516.3112],[317939.4197,4630505.5712],[317959.7995,4630474.321],[317969.4794,4630455.2609],[317973.3793,4630437.6408],[317976.089,4630399.6008],[318016.838,4630256.9502],[318031.7677,4630216.1901],[318041.2774,4630171.3599],[318049.427,4630115.6598],[318048.3718,4630089.8155],[318047.496,4630068.366],[318058.3885,4630023.7262],[318059.0203,4630021.1369],[318069.765,4629977.1022],[318093.2952,4629908.0042],[318081.3205,4629836.3852],[318083.3645,4629783.829],[318056.2039,4629706.3891],[318005.9524,4629528.4192],[317970.6418,4629455.0594],[317942.1214,4629411.5795],[317913.601,4629355.8796],[317867.43,4629233.6098],[317850.1295,4629176.4098],[317819.3169,4629099.1196],[317814.4587,4629073.3],[317802.2382,4629010.4699],[317776.4368,4628827.8099],[317765.5655,4628664.0297],[317743.8345,4628533.6097],[317713.9636,4628420.8497],[317707.1732,4628373.2997],[317701.1289,4628168.3768],[317717.3957,4628075.6522],[317705.1945,4628009.769],[317703.5675,4627959.34],[317725.1692,4627839.6687],[317728.9889,4627807.3386],[317729.8788,4627791.0086],[317730.2088,4627787.3586],[317730.8688,4627785.0386],[317729.5487,4627780.0686],[317729.3984,4627731.0385],[317730.0381,4627692.6885],[317741.7932,4627594.5421],[317755.6202,4627553.0601],[317762.9403,4627522.9651],[317772.7005,4627490.4302],[317784.9008,4627453.015],[317814.8304,4627401.7063],[317809.3557,4627365.9774],[317793.1751,4627290.1474],[317793.8649,4627258.7073],[317797.5048,4627243.6973],[317846.3938,4627101.4067],[317870.4233,4627037.5064],[317874.553,4626999.1363],[317875.6226,4626936.7762],[317864.172,4626861.2962],[317847.7436,4626781.377],[317827.1279,4626751.0603],[317794.3855,4626735.2957],[317750.7289,4626681.9384],[317741.0275,4626670.4181],[317738.6016,4626606.1464],[317746.1197,4626577.5866],[317742.6793,4626527.8066],[317749.2592,4626517.8865],[317758.8792,4626509.2264],[317773.309,4626486.1263],[317793.1708,4626456.3808],[317802.1603,4626422.7522],[317813.7983,4626379.2158],[317831.5778,4626318.4456],[317835.1976,4626294.4355],[317833.0573,4626247.2954],[317828.9425,4626173.8276],[317819.8472,4626148.9678],[317811.3558,4626141.6233],[317784.6794,4626100.4612],[317739.8101,4626058.0179],[317731.9275,4626034.3709],[317725.2577,4626001.0224],[317725.8447,4625931.8258],[317723.5943,4625876.6457],[317734.174,4625834.2155],[317735.2639,4625818.9455],[317733.8537,4625796.6855],[317727.8536,4625780.4155],[317717.1835,4625764.9156],[317702.6733,4625753.7357],[317646.3631,4625732.9861],[317631.873,4625723.5361],[317581.0188,4625678.7158],[317580.067,4625661.2032],[317565.7902,4625638.1704],[317546.4243,4625620.6217],[317518.0201,4625614.8252],[317494.833,4625605.5506],[317467.0817,4625581.7972],[317428.5614,4625558.0874],[317405.7113,4625547.8876],[317363.2459,4625534.8311],[317339.6199,4625530.7976],[317339.4791,4625530.7736],[317302.9595,4625528.4551],[317279.7725,4625523.8179],[317215.8159,4625512.749],[317186.9628,4625453.4566],[317139.897,4625402.1128],[317039.509,4625308.82],[316986.719,4625225.8325],[316946.499,4625142.8265],[316937.9411,4625087.2037],[316901.144,4625017.0338],[316843.8092,4624946.0081],[316798.4551,4624926.3265],[316772.4755,4624908.1614],[316724.6952,4624871.2617],[316656.3749,4624850.0822],[316567.2746,4624829.8329],[316487.6243,4624801.4734],[316451.454,4624780.9837],[316320.8433,4624709.4945],[316158.5002,4624591.677],[316117.9673,4624567.658],[316077.4346,4624542.1377],[316042.9066,4624521.1211],[316005.3762,4624492.5984],[315891.9755,4624411.1965],[315887.6199,4624408.8821],[315829.6223,4624378.064],[315745.9736,4624320.5146],[315673.7012,4624289.7326],[315640.911,4624277.6874],[315604.1057,4624270.9959],[315565.2992,4624316.4397],[315527.3927,4624318.9141],[315509.5291,4624320.0801],[315469.3891,4624327.4604],[315428.8891,4624338.2607],[315364.4534,4624375.1915],[315340.8118,4624390.1648],[315310.0895,4624411.1918],[315293.8895,4624424.6919],[315277.6896,4624432.802],[315260.1396,4624436.8522],[315242.5896,4624436.8523],[315200.7394,4624430.0926],[315153.4784,4624404.4388],[315131.8891,4624396.3331],[315100.7889,4624380.4233],[315087.7088,4624370.2434],[315044.1384,4624326.1137],[314990.1246,4624297.1764],[314958.6021,4624276.6872],[314946.781,4624253.8336],[314941.7776,4624233.5843],[314908.7072,4624198.6145],[314903.9772,4624189.0245],[314894.5268,4624141.7545],[314858.0759,4624033.7146],[314854.0257,4624010.7546],[314856.7254,4623970.2445],[314830.1456,4623900.7838],[314827.7811,4623852.7123],[314804.1387,4623773.1184],[314783.649,4623740.8081],[314734.7888,4623679.3399],[314693.3728,4623665.0353],[314649.6781,4623638.3615],[314612.6391,4623608.4155],[314583.4806,4623581.6217],[314562.2029,4623565.0727],[314551.1699,4623549.3115],[314544.8653,4623520.9414],[314530.6799,4623486.267],[314535.408,4623435.8312],[314560.6254,4623383.819],[314577.1743,4623345.992],[314615.0008,4623297.1321],[314682.6962,4623239.0985],[314704.8386,4623215.9931],[314705.6422,4623215.1545],[314729.586,4623193.2058],[314747.5439,4623185.2243],[314769.4923,4623167.2663],[314790.4425,4623091.4438],[314795.4306,4623058.5209],[314814.3859,4623019.6119],[314849.3038,4622977.7099],[314858.2825,4622952.7683],[314852.2963,4622917.8502],[314826.7857,4622786.6581],[314834.3862,4622759.9329],[314854.195,4622603.2625],[314840.1348,4622573.4825],[314839.7043,4622546.5092],[314840.2584,4622523.7815],[314823.8441,4622482.3925],[314819.2838,4622450.0525],[314816.6837,4622435.7125],[314800.6135,4622407.0226],[314788.3256,4622363.2211],[314770.4789,4622343.7704],[314733.5225,4622300.7029],[314680.8722,4622262.8833],[314666.0821,4622255.2834],[314631.3776,4622242.4459],[314591.1755,4622221.2074],[314507.7374,4622212.1057],[314437.1944,4622229.5524],[314407.6417,4622258.6553],[314349.9643,4622295.5449],[314307.8901,4622312.7889],[314303.6943,4622314.5085],[314249.8389,4622328.1624],[314199.0176,4622338.7823],[314152.7475,4622353.1945],[314101.9262,4622339.5414],[314081.4457,4622327.4051],[314058.5014,4622289.348],[314046.8113,4622274.7381],[314038.0511,4622258.6582],[314032.201,4622241.1182],[314007.109,4622188.5952],[314001.7986,4622094.5378],[313998.0057,4622063.4382],[313988.3793,4622021.9182],[313982.529,4621986.8482],[313973.7584,4621904.1481],[313972.0573,4621771.7079],[313977.1461,4621600.2176],[313975.4455,4621525.5075],[313966.9651,4621471.1775],[313946.5946,4621413.4475],[313929.9143,4621382.1776],[313918.8944,4621368.971],[313909.2541,4621357.4177],[313886.4879,4621300.4333],[313856.7326,4621259.1823],[313799.9272,4621215.2265],[313676.849,4621143.5448],[313570.0011,4621090.7981],[313384.0206,4620999.1012],[313302.7544,4620919.0085],[313213.8351,4620873.1603],[313124.9157,4620837.0376],[313042.7688,4620828.9335],[312964.6886,4620820.4441],[312827.2083,4620813.6551],[312723.3081,4620812.0759],[312715.1881,4620811.956],[312611.2051,4620803.0256],[312458.6322,4620764.6986],[312271.3826,4620729.8088],[312216.543,4620706.7766],[312190.4364,4620695.8121],[312155.0784,4620680.962],[312109.4679,4620670.1028],[312106.2307,4620669.3321],[312044.5893,4620635.6044],[312007.9939,4620579.3731],[311996.9042,4620562.3332],[311963.2645,4620489.3512],[311946.3969,4620457.3264],[311897.258,4620364.0306],[311880.0932,4620331.4416],[311764.6711,4620075.052],[311752.7136,4620054.118],[311703.5702,4619968.0823],[311642.7295,4619890.0727],[311637.3694,4619883.1927],[311550.8087,4619806.7833],[311442.178,4619740.564],[311364.9554,4619729.6999],[311305.4739,4619715.2807],[311302.9057,4619711.3399],[311283.6773,4619681.8351],[311250.2571,4619659.5553],[311182.9058,4619619.751],[311143.2511,4619551.2577],[311126.476,4619533.956],[311099.9457,4619507.4262],[311076.9334,4619492.0629],[311038.7077,4619466.5429],[311007.9851,4619438.4368],[310983.2348,4619411.8969],[310973.8183,4619369.2103],[310950.3859,4619327.7539],[310928.7563,4619311.5319],[310907.1266,4619289.9025],[310880.0894,4619261.0633],[310849.4473,4619234.0266],[310831.4226,4619212.3972],[310807.9902,4619179.953],[310744.9037,4619124.0772],[310732.2859,4619048.3738],[310732.2855,4618994.3],[310716.0624,4618871.7325],[310708.8521,4618810.4489],[310728.6787,4618740.1527],[310732.2833,4618702.301],[310737.4187,4618652.9876],[310728.5781,4618580.4576],[310705.2444,4618449.9564],[310696.2317,4618399.4875],[310690.824,4618363.4383],[310678.2065,4618314.7719],[310651.1692,4618273.3155],[310656.5762,4618215.6367],[310670.9954,4618154.3527],[310703.8147,4618127.5871],[310706.3045,4618107.557],[310706.3044,4618086.197],[310700.2742,4618069.207],[310643.6931,4617928.5772],[310601.2525,4617863.1274],[310560.5717,4617769.3676],[310519.9008,4617656.1477],[310472.1495,4617491.6278],[310452.6991,4617438.5579],[310424.4088,4617404.948],[310362.5084,4617362.4884],[310327.1481,4617332.4187],[310252.8673,4617238.6591],[310205.4169,4617201.9694],[310179.0367,4617185.5896],[310145.4066,4617170.1798],[310097.6864,4617153.7501],[310032.9157,4617101.7193],[309942.7923,4617065.6708],[309856.2739,4617054.8566],[309760.7434,4617044.0426],[309686.8419,4616980.957],[309654.3969,4616889.0316],[309643.653,4616800.843],[309624.2023,4616715.933],[309622.4317,4616634.5529],[309624.2008,4616521.3327],[309632.432,4616447.9212],[309613.2125,4616392.7709],[309594.8286,4616351.8259],[309580.6228,4616311.7165],[309507.9241,4616261.5802],[309454.6082,4616208.4035],[309420.828,4616186.9937],[309386.7079,4616175.644],[309339.4877,4616165.7643],[309272.2875,4616156.9148],[309083.0672,4616148.0762],[309005.4877,4616139.253],[308996.7672,4616136.528],[308939.8266,4616105.6173],[308851.846,4616037.9678],[308689.789,4615853.5445],[308593.6633,4615737.2393],[308542.6874,4615626.6927],[308539.862,4615621.8836],[308495.4643,4615546.3145],[308459.3888,4615484.9103],[308375.3111,4615387.9058],[308363.7702,4615374.5905],[308324.51,4615347.263],[308315.7528,4615316.4205],[308308.5123,4615305.3588],[308295.3384,4615285.2324],[308282.2958,4615248.3735],[308247.138,4615235.3315],[308203.4745,4615243.8377],[308167.1827,4615258.0145],[308164.4006,4615260.3573],[308145.6346,4615276.1605],[308116.7148,4615300.5443],[308090.0631,4615317.5563],[308064.5455,4615330.5989],[308048.6679,4615343.0743],[308023.1919,4615355.5063],[308011.5003,4615381.3954],[307989.2467,4615406.3199],[307981.2356,4615436.5852],[307978.8103,4615468.1936],[307950.5805,4615496.4338],[307932.9405,4615507.024],[307912.6506,4615515.8441],[307894.1306,4615516.7343],[307854.4405,4615511.4346],[307797.1004,4615513.205],[307776.8104,4615516.7352],[307760.9304,4615524.6753],[307741.5304,4615529.9655],[307723.8904,4615529.9656],[307706.2403,4615523.7857],[307691.2502,4615514.0858],[307663.9,4615490.256],[307627.7396,4615446.1362],[307619.7995,4615430.2562],[307609.2094,4615416.1363],[307601.2692,4615400.2563],[307590.6891,4615386.1364],[307580.409,4615367.6198],[307567.6149,4615351.9558],[307523.7452,4615297.4531],[307371.9134,4615180.5686],[307363.6288,4615174.3554],[307294.7924,4615122.7289],[307236.9519,4615091.3991],[307182.7264,4615068.5044],[307136.936,4615055.2497],[307136.5759,4615055.2497],[307079.0957,4615055.2501],[307010.5982,4615081.6894],[306953.0763,4615105.0243],[306876.0185,4615129.9873],[306797.3328,4615138.1278],[306696.3976,4615124.2908],[306635.8509,4615107.6761],[306579.7252,4615092.2746],[306552.0493,4615071.3824],[306504.2947,4615011.1473],[306468.4787,4614966.1067],[306430.4918,4614892.5764],[306393.5904,4614835.5972],[306333.3545,4614760.4392],[306280.1731,4614681.2109],[306244.357,4614623.4178],[306232.9609,4614606.0527],[306190.633,4614556.1282],[306169.4692,4614541.4765],[306120.0866,4614497.25],[306064.1923,4614466.8613],[306001.7859,4614427.2476],[305909.5328,4614343.4071],[305869.9184,4614313.5611],[305825.9627,4614302.7082],[305782.0072,4614306.5071],[305741.3077,4614321.9733],[305632.7757,4614351.8204],[305567.6565,4614370.8142],[305536.0172,4614379.4258],[305433.0768,4614407.4447],[305361.4456,4614426.9811],[305294.6983,4614429.9662],[305233.986,4614415.4603],[305233.3774,4614415.3149],[305198.647,4614384.9261],[305188.3361,4614359.9637],[305184.5373,4614332.8307],[305185.0798,4614298.6431],[305195.9325,4614233.795],[305208.4131,4614154.5663],[305207.3274,4614100.5715],[305204.0707,4614009.9471],[305204.0701,4613933.7031],[305210.5818,4613903.314],[305226.8614,4613862.6144],[305255.6216,4613747.8413],[305290.8935,4613601.0512],[305304.4596,4613546.5136],[305305.5445,4613485.1929],[305305.0017,4613463.4864],[305299.0321,4613427.1281],[305288.7212,4613377.746],[305266.4717,4613326.1934],[305185.0713,4613174.7915],[305169.8766,4613144.9453],[305073.282,4613026.1031],[305017.3876,4612982.148],[304959.3226,4612960.442],[304876.8378,4612921.9137],[304763.4212,4612862.7644],[304690.1614,4612801.987],[304649.4615,4612751.5197],[304628.2974,4612711.363],[304602.2493,4612665.7796],[304572.9451,4612593.8772],[304548.5249,4612537.4406],[304519.2205,4612453.057],[304503.4829,4612392.2791],[304480.1479,4612316.578],[304467.6662,4612249.8307],[304454.0992,4612186.0681],[304449.7177,4612111.592],[304448.6719,4612093.8158],[304437.8181,4612016.4866],[304411.7695,4611909.8539],[304396.0317,4611812.175],[304365.642,4611734.3033],[304326.5699,4611657.7884],[304253.8527,4611585.8863],[304239.1202,4611570.535],[304189.2755,4611518.5968],[304160.9994,4611480.3479],[304119.2715,4611423.9029],[304076.4008,4611364.7531],[304049.8099,4611302.0759],[304035.1575,4611225.5608],[304022.1329,4611130.3238],[304012.9065,4610980.2781],[303991.1997,4610920.5855],[303988.0474,4610913.7557],[303960.2675,4610853.5671],[303909.7996,4610799.3013],[303863.6731,4610766.742],[303743.2016,4610679.3745],[303679.7098,4610610.9995],[303648.2351,4610570.8429],[303635.5857,4610535.9276],[303617.4988,4610497.8174],[303607.2424,4610476.2066],[303582.0876,4610423.2044],[303529.4845,4610368.2587],[303524.8484,4610364.8589],[303455.4753,4610313.9862],[303392.9785,4610246.5563],[303330.4817,4610180.7712],[303253.1832,4610126.4986],[303146.2812,4610088.6728],[303103.5203,4610057.4249],[303055.4874,4610020.3715],[303045.9576,4610013.02],[302967.0144,4609952.9913],[302837.0875,4609893.7852],[302733.4748,4609854.3146],[302613.4157,4609814.8442],[302480.1996,4609780.3078],[302417.7029,4609730.9689],[302317.3789,4609612.5556],[301995.0267,4609249.9149],[301889.7689,4609138.0801],[301710.5017,4608939.9024],[301620.0457,4608842.8693],[301549.3256,4608777.0842],[301513.1433,4608747.481],[301467.0932,4608709.6546],[301430.9105,4608647.1586],[301384.8602,4608578.9063],[301319.0739,4608501.6087],[301269.7342,4608434.1789],[301241.7749,4608373.3274],[301230.2621,4608330.5668],[301205.5922,4608289.4509],[301167.765,4608240.112],[301144.7395,4608166.1034],[301134.8712,4608097.8509],[301154.6062,4608002.4617],[301175.9859,4607935.0312],[301212.1671,4607798.5258],[301258.2164,4607729.4505],[301338.8031,4607618.4368],[301430.9024,4607555.9397],[301514.7788,4607526.3355],[301616.7463,4607496.7312],[301703.912,4607460.5484],[301741.7384,4607424.3661],[301748.4738,4607404.1597],[301758.1845,4607375.0268],[301786.1425,4607271.4142],[301792.7201,4607127.5081],[301781.2064,4606961.3995],[301781.1625,4606960.1273],[301777.9163,4606866.0104],[301771.3373,4606796.1133],[301766.4032,4606769.7991],[301754.8903,4606717.1706],[301738.4435,4606676.0547],[301700.6166,4606634.939],[301633.1859,4606585.6003],[301572.3339,4606546.1294],[301544.3747,4606496.7904],[301503.258,4606417.848],[301493.39,4606396.4678],[301462.1416,4606358.6412],[301406.8471,4606305.7547],[301361.3815,4606270.659],[301329.4759,4606258.6947],[301299.9631,4606237.9563],[301276.0339,4606226.7895],[301234.5566,4606211.6347],[301201.0557,4606183.7178],[301169.15,4606162.1818],[301126.0774,4606145.4317],[301078.219,4606122.3005],[301034.2635,4606108.1724],[301022.3842,4606104.3541],[300992.0738,4606089.9969],[300929.858,4606067.6635],[300887.583,4606041.3418],[300822.1767,4606034.9612],[300779.9017,4606021.4016],[300729.6504,4605993.4848],[300648.2911,4605959.5857],[300605.3222,4605950.4965],[300565.3367,4605942.0383],[300547.4128,4605944.03],[300522.2642,4605946.8245],[300455.2628,4605965.9683],[300420.9644,4605958.7899],[300346.7839,4605934.4625],[300239.1025,4605898.5695],[300175.2913,4605865.0693],[300104.3011,4605825.188],[300046.0736,4605820.8014],[299965.512,4605793.6824],[299872.1878,4605718.7051],[299825.7963,4605673.5681],[299813.1621,4605661.2756],[299747.7554,4605586.697],[299727.8139,4605525.2791],[299725.4206,4605459.8728],[299711.9317,4605383.3068],[299711.8602,4605382.9009],[299632.8937,4605336.6385],[299574.8052,4605318.8163],[299562.7014,4605315.1028],[299477.3541,4605300.7459],[299407.9597,4605311.9134],[299323.4103,4605330.6586],[299290.7071,4605345.0163],[299187.0143,4605353.7911],[299111.2387,4605356.1846],[298955.6994,4605351.0012],[298864.7686,4605338.2397],[298788.9929,4605322.2875],[298677.3234,4605285.9958],[298602.3452,4605256.4837],[298538.534,4605236.5433],[298483.4969,4605222.9839],[298336.7316,4605220.1933],[298242.6105,4605246.5161],[298167.6328,4605271.2434],[298032.8326,4605341.4366],[297945.788,4605406.0993],[297921.164,4605424.3917],[297821.4599,4605512.9303],[297742.4942,4605569.5632],[297677.0881,4605592.6952],[297639.5991,4605592.6955],[297636.1534,4605592.3355],[297586.1574,4605587.1124],[297491.238,4605517.3198],[297470.4986,4605407.246],[297475.2841,4605353.4053],[297466.5096,4605288.7967],[297424.2343,4605228.1766],[297408.667,4605200.7787],[297404.293,4605193.0807],[297392.3283,4605160.3777],[297374.78,4605132.8593],[297323.7309,4605083.4062],[297263.1102,4605052.2988],[297180.1556,4605023.5844],[297101.1893,4605000.4535],[297047.8534,4604971.5219],[297046.1634,4604970.6051],[297016.6393,4604954.59],[296917.7318,4604897.9585],[296785.3238,4604863.661],[296648.1298,4604828.1672],[296566.7706,4604806.6316],[296487.6311,4604761.1097],[296484.1792,4604759.1242],[296476.6372,4604754.7859],[296390.0404,4604690.9084],[296347.4192,4604659.4691],[296292.3818,4604617.1948],[296251.7018,4604550.1935],[296245.2563,4604503.5737],[296239.7366,4604463.6499],[296186.2944,4604391.0653],[296115.304,4604323.2667],[296045.9645,4604277.4394],[295970.9313,4604271.8201],[295865.6429,4604251.88],[295783.4861,4604231.142],[295678.9953,4604193.255],[295678.8606,4604193.127],[295614.3862,4604131.8374],[295564.9321,4604062.4433],[295532.2286,4604009.7994],[295523.454,4603939.2086],[295544.1919,4603845.0872],[295572.1088,4603783.6689],[295596.835,4603707.4943],[295596.0369,4603650.0644],[295562.536,4603625.3379],[295510.6894,4603612.5761],[295398.2225,4603604.6005],[295319.2562,4603595.8271],[295185.2529,4603558.738],[295011.3675,4603510.8811],[294822.3269,4603446.6727],[294756.1227,4603411.5771],[294713.0499,4603371.6955],[294677.1561,4603346.9691],[294547.1404,4603252.45],[294432.2799,4603159.1272],[294353.3129,4603043.0715],[294309.4423,4602982.4514],[294291.894,4602942.5697],[294287.1078,4602886.3363],[294301.465,4602852.0377],[294299.8695,4602817.7393],[294282.3212,4602781.8458],[294252.8084,4602761.1074],[294196.5539,4602718.3265],[294141.7093,4602687.9562],[294055.2164,4602647.266],[293978.552,4602578.8588],[293883.4096,4602523.8187],[293844.3304,4602496.6936],[293816.574,4602477.4276],[293747.3798,4602455.4118],[293664.0325,4602475.4631],[293572.5365,4602467.8965],[293559.4549,4602466.8146],[293469.0304,4602423.569],[293349.5128,4602359.4867],[293242.5758,4602271.4223],[293189.1072,4602216.3819],[293183.3963,4602207.0119],[293108.1175,4602083.4983],[293068.8021,4601993.8607],[293035.7771,4601927.812],[292941.3797,4601846.9013],[292939.1505,4601844.9905],[292936.7031,4601842.8927],[292832.9113,4601771.3405],[292766.8619,4601713.155],[292746.418,4601691.1388],[292727.8419,4601655.9617],[292708.512,4601619.3572],[292691.1314,4601565.172],[292649.7251,4601488.7506],[292646.764,4601454.8352],[292646.2591,4601449.0531],[292644.1596,4601425.0063],[292644.1016,4601424.3418],[292600.1395,4601371.4348],[292567.935,4601362.2337],[292529.8464,4601360.5958],[292520.3951,4601360.1894],[292481.034,4601344.8543],[292450.3629,4601318.7843],[292429.9153,4601270.4778],[292402.8224,4601233.6728],[292333.3014,4601202.4913],[292211.6396,4601127.0929],[292122.1824,4601082.6208],[292061.1887,4601052.8506],[291971.8944,4601009.2673],[291910.5524,4600976.5521],[291786.3345,4600892.9748],[291743.3949,4600844.9241],[291701.4775,4600773.6146],[291691.4798,4600752.575],[291667.2278,4600701.5381],[291615.5976,4600591.3788],[291600.2619,4600552.018],[291534.3188,4600461.2838],[291520.8023,4600432.6798],[291512.3376,4600414.7664],[291468.3753,4600333.2333],[291460.196,4600288.2492],[291451.5057,4600244.5433],[291421.3457,4600210.8055],[291395.2753,4600184.2243],[291361.5369,4600140.2629],[291339.5559,4600121.3493],[291277.7025,4600056.6854],[291233.2293,4600018.8582],[291212.5991,4600003.749],[291196.9353,4599992.277],[291114.1232,4599902.0541],[291058.9151,4599845.3133],[290969.4576,4599751.5121],[290904.5371,4599701.928],[290818.1468,4599622.9511],[290726.6448,4599563.1435],[290573.2895,4599458.0968],[290529.3277,4599424.8704],[290411.5616,4599309.6551],[290411.2438,4599309.3442],[290403.619,4599304.9573],[290373.9274,4599287.8748],[290317.1856,4599213.2427],[290291.115,4599170.3036],[290274.2457,4599119.9523],[290270.6669,4599066.2782],[290261.9762,4598964.2976],[290279.8672,4598933.1154],[290311.0491,4598903.9778],[290363.6385,4598842.4777],[290369.2796,4598835.8807],[290372.9016,4598831.6451],[290422.486,4598807.6192],[290455.7127,4598785.1269],[290514.4983,4598730.1744],[290520.6322,4598710.7495],[290515.0088,4598658.6089],[290512.6651,4598630.9742],[290512.6397,4598630.6751],[290511.9551,4598622.6043],[290508.8742,4598586.2768],[290493.5383,4598543.3376],[290480.2473,4598501.932],[290462.8665,4598417.8428],[290445.4858,4598349.3445],[290426.4908,4598295.1446],[290415.8367,4598264.7442],[290392.8331,4598214.1373],[290345.2927,4598147.9396],[290314.6215,4598114.713],[290279.8608,4598076.3747],[290197.5602,4598021.9344],[290117.8156,4597984.1076],[290066.186,4597950.8811],[289983.8851,4597871.9042],[289954.2363,4597829.9875],[289941.9676,4597791.649],[289927.6539,4597705.515],[289922.0305,4597654.3969],[289930.209,4597602.0006],[289955.7675,4597535.0356],[289974.3399,4597515.4855],[289975.1923,4597514.5882],[289992.061,4597468.3261],[289975.7027,4597405.962],[289968.5459,4597367.6235],[289958.9545,4597329.047],[289944.6884,4597287.3426],[289917.7636,4597208.6322],[289916.6898,4597207.3489],[289880.3832,4597163.9624],[289837.8129,4597136.9527],[289803.3127,4597108.1529],[289747.4722,4597061.1232],[289663.824,4596983.3522],[289659.2115,4596979.0638],[289587.2406,4596908.4642],[289526.02,4596807.7345],[289496.0493,4596724.1146],[289486.9191,4596705.8847],[289428.0184,4596617.495],[289356.9975,4596521.6354],[289347.7902,4596491.9248],[289346.7079,4596488.4324],[289345.8472,4596485.6554],[289347.0268,4596432.1353],[289329.1165,4596388.0154],[289324.1564,4596380.1154],[289316.9963,4596373.7255],[289299.7862,4596364.0056],[289293.7862,4596362.3756],[289293.0674,4596355.4548],[289284.3177,4596352.0311],[289282.0352,4596345.564],[289266.4379,4596323.5],[289254.3033,4596302.6347],[289235.2433,4596269.8614],[289152.8597,4596179.325],[289126.464,4596106.5765],[289101.6336,4596061.8566],[289074.2033,4596018.7368],[289041.3138,4595958.4794],[289010.4846,4595920.364],[288962.4921,4595885.9674],[288893.1515,4595822.4779],[288845.6894,4595770.7054],[288822.1472,4595749.4056],[288799.7262,4595728.1058],[288767.2157,4595718.0167],[288726.8578,4595700.0802],[288597.9373,4595694.476],[288518.2797,4595664.1005],[288457.2399,4595643.4442],[288394.9692,4595622.3714],[288330.6489,4595595.6418],[288284.1887,4595572.3921],[288257.1484,4595549.0023],[288256.9615,4595549.0286],[288203.3273,4595556.5901],[288151.759,4595540.8958],[288109.159,4595522.9594],[288068.9261,4595502.8433],[288048.6222,4595492.6915],[287998.1747,4595451.2131],[287964.5429,4595408.6135],[287947.7269,4595376.1033],[287939.5163,4595359.0507],[287933.1531,4595345.835],[287945.7063,4595325.8043],[287931.8861,4595304.9644],[287921.7478,4595282.604],[287918.9958,4595276.5345],[287909.9956,4595247.3745],[287901.2152,4595200.9245],[287865.0831,4595073.7104],[287842.1136,4595001.5446],[287831.1535,4594986.6047],[287819.8134,4594975.1147],[287797.0332,4594957.6549],[287722.2028,4594911.2554],[287487.5411,4594738.4269],[287316.8897,4594595.628],[287276.0894,4594565.5883],[287243.3693,4594546.0685],[287217.7791,4594533.5886],[287138.1288,4594502.3892],[287053.6184,4594474.7298],[286969.2181,4594446.9204],[286854.1976,4594404.9112],[286798.1973,4594380.7216],[286744.867,4594351.482],[286675.2466,4594307.6224],[286589.6261,4594265.083],[286560.3038,4594247.3199],[286558.2459,4594246.0732],[286543.1358,4594235.4133],[286502.8055,4594200.7536],[286432.1049,4594134.554],[286377.5843,4594075.8143],[286347.544,4594036.7645],[286337.6039,4594021.0146],[286326.1737,4593996.1446],[286318.5434,4593969.9146],[286314.3632,4593942.2346],[286307.1926,4593858.9045],[286292.1822,4593808.9146],[286286.5619,4593774.0046],[286287.8417,4593742.0745],[286295.4811,4593669.6843],[286294.5809,4593645.7343],[286289.2307,4593617.0543],[286299.6234,4593587.4132],[286296.538,4593506.1799],[286291.5546,4593498.8515],[286279.0572,4593480.4732],[286246.1524,4593462.9929],[286210.1628,4593447.569],[286161.834,4593428.0323],[286139.3849,4593416.8079],[286120.703,4593407.4673],[286072.3741,4593382.7891],[286040.4976,4593360.1674],[286020.9602,4593330.3477],[285970.6418,4593316.4226],[285957.8674,4593300.9589],[285938.3696,4593294.9081],[285927.6121,4593264.6531],[285911.4758,4593235.7429],[285902.063,4593216.9175],[285867.1013,4593179.267],[285765.0159,4593091.9775],[285593.9448,4592985.9186],[285563.4346,4592964.6688],[285511.0042,4592918.3391],[285481.3439,4592888.4693],[285418.7671,4592849.162],[285380.133,4592784.6899],[285349.4343,4592747.5098],[285329.7908,4592728.4618],[285300.028,4592708.8187],[285258.3601,4592682.0327],[285223.2401,4592662.3896],[285198.2394,4592646.9133],[285167.2862,4592629.0559],[285063.8611,4592602.6821],[285056.4647,4592595.9042],[285008.4806,4592551.9324],[284992.6605,4592540.2625],[284958.8836,4592520.1647],[284955.6392,4592518.7402],[284902.1,4592495.2431],[284766.1795,4592446.9541],[284674.9231,4592402.7275],[284659.0089,4592395.0148],[284543.1483,4592334.3356],[284427.9276,4592269.0664],[284397.6973,4592232.4065],[284380.8871,4592215.9266],[284366.317,4592205.6467],[284342.3169,4592193.1169],[284317.0668,4592183.4871],[284284.5166,4592174.1473],[284186.2063,4592150.428],[284126.1272,4592132.3811],[284110.306,4592127.6286],[284073.0459,4592114.1888],[284036.8457,4592097.5391],[284021.4656,4592088.3792],[283996.6254,4592069.5593],[283953.8093,4592052.0687],[283875.8985,4591999.8235],[283773.8039,4591917.7108],[283603.2928,4591809.2819],[283592.0002,4591801.9115],[283386.5114,4591667.7933],[283245.3055,4591584.9013],[283242.3806,4591583.1843],[283157.84,4591528.9649],[283123.3297,4591501.2451],[283028.2989,4591408.6356],[282976.7484,4591355.746],[282957.2083,4591340.6261],[282928.6081,4591325.9063],[282914.6211,4591308.7271],[282879.7719,4591284.3331],[282834.4681,4591263.4241],[282780.2281,4591272.4645],[282778.7099,4591272.7175],[282748.5076,4591292.4655],[282710.1741,4591323.8298],[282695.0731,4591355.194],[282643.9612,4591349.3862],[282578.1674,4591296.5289],[282562.6465,4591280.8506],[282544.0602,4591249.4867],[282517.3423,4591204.1833],[282501.0792,4591175.1426],[282481.7157,4591094.3393],[282468.5254,4591064.6994],[282455.8653,4591049.4694],[282441.0152,4591037.6095],[282440.4652,4591037.1695],[282406.375,4591018.1298],[282369.0448,4591005.27],[282348.9248,4591002.3802],[282335.5948,4591002.6803],[282327.2615,4591004.1744],[282322.2648,4591005.0704],[282309.4399,4591009.4609],[282295.5948,4591014.2006],[282290.5668,4591016.3001],[282242.1649,4591036.511],[282226.8749,4591040.5512],[282187.7148,4591041.6715],[282151.0247,4591036.4517],[282076.9059,4591014.6725],[282006.6031,4590979.2263],[281974.247,4590959.4207],[281899.3634,4590913.5834],[281785.7829,4590867.7642],[281757.4228,4590859.0144],[281728.7227,4590853.0346],[281683.6126,4590850.315],[281432.2123,4590859.8969],[281375.3823,4590878.4074],[281326.7324,4590896.8878],[281279.4725,4590919.0182],[281244.9248,4590929.0852],[281202.9425,4590941.3188],[281146.2727,4590973.7192],[281090.1535,4591013.4689],[281088.5429,4591014.6098],[281071.8329,4591019.5599],[281054.1329,4591021.41],[281042.4429,4591020.4601],[281027.7428,4591015.9302],[281006.2127,4591003.8104],[280974.8725,4590977.5806],[280923.322,4590923.3709],[280877.4115,4590864.6111],[280853.0812,4590833.4013],[280774.9201,4590706.4716],[280754.1799,4590684.5218],[280719.9896,4590653.452],[280703.6395,4590636.1421],[280689.0893,4590616.0322],[280680.0891,4590597.4022],[280675.769,4590583.1022],[280671.0063,4590568.0171],[280666.6132,4590560.759],[280658.9134,4590548.0379],[280648.9236,4590524.904],[280642.0729,4590502.5349],[280626.2004,4590480.7106],[280608.3437,4590454.9181],[280596.4392,4590429.1257],[280584.5348,4590405.3171],[280554.7739,4590365.6366],[280545.6905,4590336.1165],[280538.9011,4590314.0515],[280514.8338,4590261.6158],[280508.3528,4590233.4005],[280503.6459,4590204.6529],[280493.4856,4590175.143],[280482.2953,4590130.293],[280474.6349,4590084.773],[280451.9236,4589909.3629],[280443.0929,4589817.2428],[280436.7912,4589595.4625],[280434.021,4589577.5925],[280427.3509,4589560.3925],[280411.3607,4589535.8726],[280370.6709,4589495.9891],[280344.7001,4589470.533],[280286.6298,4589441.1334],[280260.0796,4589429.9736],[280232.3495,4589421.8538],[280175.1694,4589410.1542],[280097.8091,4589398.8647],[279976.1889,4589389.9457],[279931.5988,4589389.506],[279902.6988,4589393.0162],[279869.2788,4589403.9665],[279739.2191,4589466.7476],[279644.7497,4589561.4784],[279544.9505,4589685.0694],[279490.9508,4589746.8699],[279471.701,4589766.1601],[279443.8211,4589789.4803],[279397.9312,4589816.5007],[279368.6813,4589829.401],[279261.6414,4589872.3118],[279181.6615,4589900.8525],[279160.0015,4589904.4527],[279137.6915,4589903.7328],[279103.4514,4589897.0731],[279031.9111,4589877.7336],[278914.2307,4589840.2844],[278711.3928,4589763.6105],[278686.9897,4589754.386],[278644.9274,4589736.4575],[278611.5603,4589747.1551],[278577.0174,4589736.4351],[278545.4124,4589712.0544],[278475.2859,4589707.1444]],[[427014.2539,4694447.2928],[427017.1541,4694471.4728],[427020.0543,4694495.6528],[427019.6845,4694513.0329],[427018.1246,4694530.4629],[427018.1447,4694543.0329],[427018.1248,4694555.6129],[427016.7749,4694578.853],[427014.2551,4694602.033],[427010.2553,4694623.4431],[427004.5854,4694644.5832],[426997.3156,4694667.0133],[426992.1757,4694677.5333],[426985.2357,4694687.1334],[426969.3058,4694702.4135],[426952.3559,4694716.1537],[426940.2559,4694726.6038],[426927.216,4694735.4939],[426912.846,4694742.404],[426895.5498,4694752.2512],[426857.6663,4694790.1445],[426838.1465,4694822.1047],[426831.0468,4694859.3948],[426822.1769,4694877.1549],[426797.3271,4694910.8852],[426792.0072,4694928.6452],[426768.9276,4694981.9155],[426770.7078,4694999.6655],[426761.828,4695035.1756],[426763.6083,4695076.0157],[426774.2586,4695115.0756],[426783.1291,4695170.1257],[426770.7095,4695226.9358],[426767.1599,4695280.206],[426756.5154,4695315.6983],[426742.3104,4695353.0063],[426738.7605,4695372.5363],[426740.5407,4695392.0663],[426745.8608,4695409.8263],[426754.741,4695427.5763],[426752.5211,4695445.7863],[426748.9714,4695483.0764],[426740.1018,4695538.1165],[426741.8719,4695555.8766],[426750.7521,4695575.4065],[426754.3022,4695594.9365],[426748.9725,4695633.9966],[426731.2228,4695673.0668],[426725.9031,4695708.5769],[426724.1235,4695765.397],[426725.9038,4695806.2271],[426729.454,4695827.5371],[426727.6742,4695863.0471],[426724.1244,4695882.5772],[426713.4845,4695902.1173],[426708.1546,4695919.8674],[426699.2848,4695939.3975],[426688.6349,4695953.6076],[426651.3651,4695994.4379],[426633.6151,4696001.5481],[426624.7453,4696019.2982],[426617.6454,4696040.6082],[426612.3157,4696076.1183],[426566.176,4696132.9388],[426551.9761,4696145.3689],[426539.5562,4696164.899],[426525.3063,4696180.1292],[426518.2564,4696193.3092],[426480.9866,4696221.7196],[426463.2366,4696227.0397],[426441.9366,4696228.8199],[426424.1965,4696225.27],[426406.4465,4696225.2701],[426386.9165,4696230.6003],[426367.3965,4696239.4705],[426326.5768,4696282.0908],[426291.0872,4696340.6812],[426263.5574,4696371.7014],[426256.8835,4696379.2214]],[[278469.3646,4589626.3175],[278393.3634,4589473.3178],[278338.0187,4589375.3181],[278281.7677,4589252.8183],[278221.6105,4589134.8186],[278165.2657,4589007.8188],[278082.9519,4588852.8192],[278002.388,4588686.8195],[277927.2303,4588498.8198],[277832.8223,4588294.3202],[277737.1962,4588172.8208],[277631.0076,4588047.8214],[277527.3504,4587934.822],[277414.7242,4587803.8226],[277345.1921,4587714.823],[277183.4406,4587545.824],[277064.8144,4587421.3247],[276954.7509,4587304.8254],[276857.7813,4587204.3259],[276716.1863,4587076.3268],[276564.5601,4586958.8278],[276418.2463,4586814.3287],[276320.7766,4586699.3292],[276193.9312,4586518.8299],[276033.6796,4586330.8308],[275932.5215,4586112.3312],[275868.0513,4585931.8315],[275819.2376,4585783.8316],[275790.581,4585734.8317],[275752.2365,4585648.8319],[275685.2041,4585514.3322],[275628.1409,4585426.8325],[275537.3895,4585268.3329],[275434.2314,4585049.3334],[275357.5113,4584875.3337],[275274.4785,4584697.834],[275196.6956,4584492.8343],[275107.2878,4584312.3347],[275059.8494,4584203.8349],[275022.3797,4584082.835],[274979.3164,4583978.3351],[274901.1588,4583823.3355],[274839.9389,4583675.8357],[274787.4065,4583540.3359],[274756.343,4583422.836],[274706.7171,4583310.3362],[274638.3095,4583136.3364],[274590.433,4582955.3365],[274547.0874,4582723.8364],[274547.367,4582493.3361],[274568.5532,4582326.3357]],[[277955.9869,4588221.2292],[277939.7368,4588206.2293]]]},"geometry_name":"SHAPE","properties":{"OBJECTID":206,"NOM":"el Segre","CORRIENTE":" ","TIPO":" ","CDR1":" ","CDR2":" ","DESDE":" ","HASTA":" ","COMENTARIO":" ","NUMLONGITUD_T":0,"NUMLONGITUD_R":0,"NUMSUPRCNC":0,"AMBITO":" ","CUENCA":" ","DIGITALIZA":" ","PROCEDENCI":" ","ACTUALIZA":" ","FUENTE":" ","ORIGEN_NOM":"ICC","DATMODIFICACIO":null}}],"totalFeatures":4,"numberMatched":4,"numberReturned":4,"timeStamp":"2026-07-07T17:30:56.111Z","crs":{"type":"name","properties":{"name":"urn:ogc:def:crs:EPSG::25831"}}}