codi_estacio,codi_variable,data_lectura,valor_lectura,codi_estat,codi_base
CJ,50,2026-07-17T12:30:00Z,7.8,V,SH
CJ,51,2026-07-17T12:30:00Z,164.0,V,SH
CJ,31,2026-07-17T12:30:00Z,162.0,V,SH
CJ,30,2026-07-17T12:30:00Z,4.3,V,SH
CJ,30,2026-07-17T13:00:00Z,4.1,V,SH
CJ,31,2026-07-17T13:00:00Z,173.0,V,SH
CJ,50,2026-07-17T13:00:00Z,8.4,V,SH
CJ,51,2026-07-17T13:00:00Z,136.0,V,SH
CJ,30,2026-07-17T13:30:00Z,3.7,V,SH
CJ,31,2026-07-17T13:30:00Z,173.0,V,SH
CJ,50,2026-07-17T13:30:00Z,8.5,V,SH
CJ,51,2026-07-17T13:30:00Z,183.0,V,SH
CJ,51,2026-07-17T14:00:00Z,171.0,V,SH
CJ,31,2026-07-17T14:00:00Z,174.0,V,SH
CJ,50,2026-07-17T14:00:00Z,9.0,V,SH
CJ,30,2026-07-17T14:00:00Z,4.6,V,SH
CJ,30,2026-07-17T14:30:00Z,4.1,V,SH
CJ,31,2026-07-17T14:30:00Z,175.0,V,SH
CJ,51,2026-07-17T14:30:00Z,186.0,V,SH
CJ,50,2026-07-17T14:30:00Z,8.2,V,SH
CJ,31,2026-07-17T15:00:00Z,171.0,V,SH
CJ,51,2026-07-17T15:00:00Z,167.0,V,SH
CJ,50,2026-07-17T15:00:00Z,8.1,V,SH
CJ,30,2026-07-17T15:00:00Z,3.6,V,SH
CJ,51,2026-07-17T15:30:00Z,296.0,V,SH
CJ,31,2026-07-17T15:30:00Z,239.0,V,SH
CJ,50,2026-07-17T15:30:00Z,6.6,V,SH
CJ,30,2026-07-17T15:30:00Z,2.2,V,SH
CJ,30,2026-07-17T16:00:00Z,2.8,V,SH
CJ,31,2026-07-17T16:00:00Z,222.0,V,SH
CJ,50,2026-07-17T16:00:00Z,6.8,V,SH
CJ,51,2026-07-17T16:00:00Z,220.0,V,SH
CJ,30,2026-07-17T16:30:00Z,3.4,V,SH
CJ,31,2026-07-17T16:30:00Z,199.0,V,SH
CJ,51,2026-07-17T16:30:00Z,181.0,V,SH
CJ,50,2026-07-17T16:30:00Z,7.4,V,SH
CJ,51,2026-07-17T17:00:00Z,188.0,V,SH
CJ,31,2026-07-17T17:00:00Z,193.0,V,SH
CJ,50,2026-07-17T17:00:00Z,8.0,V,SH
CJ,30,2026-07-17T17:00:00Z,4.3,V,SH
CJ,30,2026-07-17T17:30:00Z,3.7,V,SH
CJ,31,2026-07-17T17:30:00Z,187.0,V,SH
CJ,50,2026-07-17T17:30:00Z,7.7,V,SH
CJ,51,2026-07-17T17:30:00Z,171.0,V,SH
CJ,30,2026-07-17T18:00:00Z,2.8,V,SH
CJ,31,2026-07-17T18:00:00Z,203.0,V,SH
CJ,50,2026-07-17T18:00:00Z,5.0,V,SH
CJ,51,2026-07-17T18:00:00Z,194.0,V,SH
CJ,50,2026-07-17T18:30:00Z,5.1,V,SH
CJ,30,2026-07-17T18:30:00Z,2.4,V,SH
CJ,31,2026-07-17T18:30:00Z,200.0,V,SH
CJ,51,2026-07-17T18:30:00Z,197.0,V,SH
CJ,51,2026-07-17T19:00:00Z,193.0,V,SH
CJ,50,2026-07-17T19:00:00Z,2.9,V,SH
CJ,30,2026-07-17T19:00:00Z,1.0,V,SH
CJ,31,2026-07-17T19:00:00Z,179.0,V,SH
CJ,30,2026-07-17T19:30:00Z,1.1,V,SH
CJ,31,2026-07-17T19:30:00Z,267.0,V,SH
CJ,50,2026-07-17T19:30:00Z,3.0,V,SH
CJ,51,2026-07-17T19:30:00Z,294.0,V,SH
CJ,30,2026-07-17T20:00:00Z,1.8,V,SH
CJ,31,2026-07-17T20:00:00Z,310.0,V,SH
CJ,50,2026-07-17T20:00:00Z,4.1,V,SH
CJ,51,2026-07-17T20:00:00Z,304.0,V,SH
CJ,31,2026-07-17T20:30:00Z,306.0,V,SH
CJ,30,2026-07-17T20:30:00Z,1.5,V,SH
CJ,50,2026-07-17T20:30:00Z,3.3,V,SH
CJ,51,2026-07-17T20:30:00Z,305.0,V,SH
CJ,51,2026-07-17T21:00:00Z,305.0,V,SH
CJ,50,2026-07-17T21:00:00Z,2.6,V,SH
CJ,30,2026-07-17T21:00:00Z,1.3,V,SH
CJ,31,2026-07-17T21:00:00Z,310.0,V,SH
CJ,51,2026-07-17T21:30:00Z,317.0,V,SH
CJ,30,2026-07-17T21:30:00Z,1.7,V,SH
CJ,31,2026-07-17T21:30:00Z,305.0,V,SH
CJ,50,2026-07-17T21:30:00Z,3.0,V,SH
CJ,31,2026-07-17T22:00:00Z,309.0,V,SH
CJ,51,2026-07-17T22:00:00Z,308.0,V,SH
CJ,50,2026-07-17T22:00:00Z,2.5,V,SH
CJ,30,2026-07-17T22:00:00Z,1.1,V,SH
CJ,51,2026-07-17T22:30:00Z,320.0,V,SH
CJ,50,2026-07-17T22:30:00Z,3.6,V,SH
CJ,30,2026-07-17T22:30:00Z,1.8,V,SH
CJ,31,2026-07-17T22:30:00Z,324.0,V,SH
CJ,30,2026-07-17T23:00:00Z,1.4,V,SH
CJ,31,2026-07-17T23:00:00Z,335.0,V,SH
CJ,50,2026-07-17T23:00:00Z,3.6,V,SH
CJ,51,2026-07-17T23:00:00Z,340.0,V,SH
CJ,51,2026-07-17T23:30:00Z,275.0,V,SH
CJ,30,2026-07-17T23:30:00Z,1.5,V,SH
CJ,31,2026-07-17T23:30:00Z,347.0,V,SH
CJ,50,2026-07-17T23:30:00Z,3.0,V,SH
CJ,51,2026-07-18T00:00:00Z,354.0,V,SH
CJ,50,2026-07-18T00:00:00Z,4.4,V,SH
CJ,31,2026-07-18T00:00:00Z,337.0,V,SH
CJ,30,2026-07-18T00:00:00Z,1.7,V,SH
CJ,51,2026-07-18T00:30:00Z,50.0,V,SH
CJ,30,2026-07-18T00:30:00Z,1.2,V,SH
CJ,31,2026-07-18T00:30:00Z,29.0,V,SH
CJ,50,2026-07-18T00:30:00Z,4.9,V,SH
CJ,31,2026-07-18T01:00:00Z,354.0,V,SH
CJ,50,2026-07-18T01:00:00Z,6.2,V,SH
CJ,30,2026-07-18T01:00:00Z,3.1,V,SH
CJ,51,2026-07-18T01:00:00Z,2.0,V,SH
CJ,51,2026-07-18T01:30:00Z,11.0,V,SH
CJ,50,2026-07-18T01:30:00Z,3.7,V,SH
CJ,30,2026-07-18T01:30:00Z,1.8,V,SH
CJ,31,2026-07-18T01:30:00Z,336.0,V,SH
CJ,30,2026-07-18T02:00:00Z,1.8,V,SH
CJ,31,2026-07-18T02:00:00Z,329.0,V,SH
CJ,50,2026-07-18T02:00:00Z,3.7,V,SH
CJ,51,2026-07-18T02:00:00Z,341.0,V,SH
CJ,30,2026-07-18T02:30:00Z,1.1,V,SH
CJ,31,2026-07-18T02:30:00Z,339.0,V,SH
CJ,50,2026-07-18T02:30:00Z,3.4,V,SH
CJ,51,2026-07-18T02:30:00Z,335.0,V,SH
CJ,30,2026-07-18T03:00:00Z,2.3,V,SH
CJ,31,2026-07-18T03:00:00Z,341.0,V,SH
CJ,50,2026-07-18T03:00:00Z,4.6,V,SH
CJ,51,2026-07-18T03:00:00Z,338.0,V,SH
CJ,51,2026-07-18T03:30:00Z,0.0,V,SH
CJ,50,2026-07-18T03:30:00Z,2.8,V,SH
CJ,30,2026-07-18T03:30:00Z,1.4,V,SH
CJ,31,2026-07-18T03:30:00Z,350.0,V,SH
CJ,30,2026-07-18T04:00:00Z,1.5,V,SH
CJ,31,2026-07-18T04:00:00Z,344.0,V,SH
CJ,50,2026-07-18T04:00:00Z,2.9,V,SH
CJ,51,2026-07-18T04:00:00Z,5.0,V,SH
CJ,30,2026-07-18T04:30:00Z,1.0,V,SH
CJ,31,2026-07-18T04:30:00Z,327.0,V,SH
CJ,50,2026-07-18T04:30:00Z,3.0,V,SH
CJ,51,2026-07-18T04:30:00Z,9.0,V,SH
CJ,51,2026-07-18T05:00:00Z,324.0,V,SH
CJ,50,2026-07-18T05:00:00Z,3.9,V,SH
CJ,30,2026-07-18T05:00:00Z,2.2,V,SH
CJ,31,2026-07-18T05:00:00Z,334.0,V,SH
CJ,30,2026-07-18T05:30:00Z,2.4,V,SH
CJ,31,2026-07-18T05:30:00Z,6.0,V,SH
CJ,50,2026-07-18T05:30:00Z,5.2,V,SH
CJ,51,2026-07-18T05:30:00Z,353.0,V,SH
CJ,30,2026-07-18T06:00:00Z,1.4,V,SH
CJ,31,2026-07-18T06:00:00Z,29.0,V,SH
CJ,50,2026-07-18T06:00:00Z,4.6,V,SH
CJ,51,2026-07-18T06:00:00Z,33.0,V,SH
CJ,50,2026-07-18T06:30:00Z,4.9,V,SH
CJ,51,2026-07-18T06:30:00Z,26.0,V,SH
CJ,31,2026-07-18T06:30:00Z,17.0,V,SH
CJ,30,2026-07-18T06:30:00Z,2.5,V,SH
CJ,30,2026-07-18T07:00:00Z,2.0,V,SH
CJ,31,2026-07-18T07:00:00Z,18.0,V,SH
CJ,50,2026-07-18T07:00:00Z,3.8,V,SH
CJ,51,2026-07-18T07:00:00Z,36.0,V,SH
CJ,30,2026-07-18T07:30:00Z,1.6,V,SH
CJ,31,2026-07-18T07:30:00Z,21.0,V,SH
CJ,50,2026-07-18T07:30:00Z,3.4,V,SH
CJ,51,2026-07-18T07:30:00Z,26.0,V,SH
CJ,51,2026-07-18T08:00:00Z,51.0,V,SH
CJ,50,2026-07-18T08:00:00Z,1.9,V,SH
CJ,31,2026-07-18T08:00:00Z,35.0,V,SH
CJ,30,2026-07-18T08:00:00Z,1.0,V,SH
CJ,51,2026-07-18T08:30:00Z,140.0,V,SH
CJ,31,2026-07-18T08:30:00Z,112.0,V,SH
CJ,30,2026-07-18T08:30:00Z,0.8,V,SH
CJ,50,2026-07-18T08:30:00Z,2.0,V,SH
CJ,31,2026-07-18T09:00:00Z,164.0,V,SH
CJ,51,2026-07-18T09:00:00Z,175.0,V,SH
CJ,30,2026-07-18T09:00:00Z,1.5,V,SH
CJ,50,2026-07-18T09:00:00Z,3.2,V,SH
CJ,51,2026-07-18T09:30:00Z,174.0,V,SH
CJ,31,2026-07-18T09:30:00Z,167.0,V,SH
CJ,30,2026-07-18T09:30:00Z,2.2,V,SH
CJ,50,2026-07-18T09:30:00Z,4.6,V,SH
CJ,50,2026-07-18T10:00:00Z,5.5,V,SH
CJ,30,2026-07-18T10:00:00Z,2.2,V,SH
CJ,31,2026-07-18T10:00:00Z,163.0,V,SH
CJ,51,2026-07-18T10:00:00Z,156.0,V,SH
CJ,50,2026-07-18T10:30:00Z,5.8,V,SH
CJ,30,2026-07-18T10:30:00Z,2.3,V,SH
CJ,31,2026-07-18T10:30:00Z,172.0,V,SH
CJ,51,2026-07-18T10:30:00Z,171.0,V,SH
CJ,31,2026-07-18T11:00:00Z,171.0,V,SH
CJ,51,2026-07-18T11:00:00Z,193.0,V,SH
CJ,50,2026-07-18T11:00:00Z,6.5,V,SH
CJ,30,2026-07-18T11:00:00Z,3.1,V,SH
CJ,30,2026-07-18T11:30:00Z,4.0,V,SH
CJ,31,2026-07-18T11:30:00Z,186.0,V,SH
CJ,50,2026-07-18T11:30:00Z,7.1,V,SH
CJ,51,2026-07-18T11:30:00Z,191.0,V,SH
CJ,30,2026-07-18T12:00:00Z,4.5,V,SH
CJ,31,2026-07-18T12:00:00Z,191.0,V,SH
CJ,50,2026-07-18T12:00:00Z,8.1,V,SH
CJ,51,2026-07-18T12:00:00Z,177.0,V,SH
CJ,51,2026-07-18T12:30:00Z,187.0,V,SH
CJ,50,2026-07-18T12:30:00Z,8.4,V,SH
CJ,30,2026-07-18T12:30:00Z,4.9,V,SH
CJ,31,2026-07-18T12:30:00Z,188.0,V,SH
CJ,30,2026-07-18T13:00:00Z,4.0,V,SH
CJ,31,2026-07-18T13:00:00Z,183.0,V,SH
CJ,50,2026-07-18T13:00:00Z,7.8,V,SH
CJ,51,2026-07-18T13:00:00Z,188.0,V,SH
CJ,30,2026-07-18T13:30:00Z,4.1,V,SH
CJ,31,2026-07-18T13:30:00Z,183.0,V,SH
CJ,50,2026-07-18T13:30:00Z,8.6,V,SH
CJ,51,2026-07-18T13:30:00Z,191.0,V,SH
CJ,50,2026-07-18T14:00:00Z,8.1,V,SH
CJ,30,2026-07-18T14:00:00Z,4.0,V,SH
CJ,31,2026-07-18T14:00:00Z,183.0,V,SH
CJ,51,2026-07-18T14:00:00Z,199.0,V,SH
CJ,51,2026-07-18T14:30:00Z,190.0,V,SH
CJ,50,2026-07-18T14:30:00Z,7.8,V,SH
CJ,30,2026-07-18T14:30:00Z,3.6,V,SH
CJ,31,2026-07-18T14:30:00Z,175.0,V,SH
CJ,30,2026-07-18T15:00:00Z,4.1,V,SH
CJ,31,2026-07-18T15:00:00Z,184.0,V,SH
CJ,50,2026-07-18T15:00:00Z,7.9,V,SH
CJ,51,2026-07-18T15:00:00Z,193.0,V,SH
CJ,30,2026-07-18T15:30:00Z,4.2,V,SH
CJ,31,2026-07-18T15:30:00Z,182.0,V,SH
CJ,50,2026-07-18T15:30:00Z,7.6,V,SH
CJ,51,2026-07-18T15:30:00Z,184.0,V,SH
CJ,50,2026-07-18T16:00:00Z,7.2,V,SH
CJ,31,2026-07-18T16:00:00Z,178.0,V,SH
CJ,30,2026-07-18T16:00:00Z,3.7,V,SH
CJ,51,2026-07-18T16:00:00Z,199.0,V,SH
CJ,50,2026-07-18T16:30:00Z,6.4,V,SH
CJ,30,2026-07-18T16:30:00Z,3.4,V,SH
CJ,31,2026-07-18T16:30:00Z,180.0,V,SH
CJ,51,2026-07-18T16:30:00Z,174.0,V,SH
CJ,50,2026-07-18T17:00:00Z,7.7,V,SH
CJ,30,2026-07-18T17:00:00Z,4.1,V,SH
CJ,31,2026-07-18T17:00:00Z,186.0,V,SH
CJ,51,2026-07-18T17:00:00Z,200.0,V,SH
CJ,31,2026-07-18T17:30:00Z,196.0,V,SH
CJ,50,2026-07-18T17:30:00Z,6.9,V,SH
CJ,51,2026-07-18T17:30:00Z,199.0,V,SH
CJ,30,2026-07-18T17:30:00Z,3.9,V,SH
CJ,51,2026-07-18T18:00:00Z,217.0,V,SH
CJ,31,2026-07-18T18:00:00Z,198.0,V,SH
CJ,30,2026-07-18T18:00:00Z,3.8,V,SH
CJ,50,2026-07-18T18:00:00Z,6.6,V,SH
CJ,51,2026-07-18T18:30:00Z,214.0,V,SH
CJ,30,2026-07-18T18:30:00Z,4.0,V,SH
CJ,31,2026-07-18T18:30:00Z,204.0,V,SH
CJ,50,2026-07-18T18:30:00Z,7.3,V,SH
CJ,50,2026-07-18T19:00:00Z,7.4,V,SH
CJ,51,2026-07-18T19:00:00Z,189.0,V,SH
CJ,30,2026-07-18T19:00:00Z,4.0,V,SH
CJ,31,2026-07-18T19:00:00Z,196.0,V,SH
CJ,30,2026-07-18T19:30:00Z,2.0,V,SH
CJ,31,2026-07-18T19:30:00Z,182.0,V,SH
CJ,50,2026-07-18T19:30:00Z,5.4,V,SH
CJ,51,2026-07-18T19:30:00Z,172.0,V,SH
CJ,50,2026-07-18T20:00:00Z,3.6,V,SH
CJ,30,2026-07-18T20:00:00Z,1.1,V,SH
CJ,31,2026-07-18T20:00:00Z,154.0,V,SH
CJ,51,2026-07-18T20:00:00Z,139.0,V,SH
CJ,51,2026-07-18T20:30:00Z,141.0,V,SH
CJ,30,2026-07-18T20:30:00Z,0.6,V,SH
CJ,31,2026-07-18T20:30:00Z,107.0,V,SH
CJ,50,2026-07-18T20:30:00Z,1.9,V,SH
CJ,51,2026-07-18T21:00:00Z,35.0,V,SH
CJ,50,2026-07-18T21:00:00Z,2.7,V,SH
CJ,31,2026-07-18T21:00:00Z,46.0,V,SH
CJ,30,2026-07-18T21:00:00Z,0.9,V,SH
CJ,30,2026-07-18T21:30:00Z,1.1,V,SH
CJ,31,2026-07-18T21:30:00Z,254.0,V,SH
CJ,50,2026-07-18T21:30:00Z,3.3,V,SH
CJ,51,2026-07-18T21:30:00Z,260.0,V,SH
CJ,30,2026-07-18T22:00:00Z,1.2,V,SH
CJ,31,2026-07-18T22:00:00Z,299.0,V,SH
CJ,50,2026-07-18T22:00:00Z,2.7,V,SH
CJ,51,2026-07-18T22:00:00Z,305.0,V,SH
CJ,51,2026-07-18T22:30:00Z,319.0,V,SH
CJ,31,2026-07-18T22:30:00Z,312.0,V,SH
CJ,30,2026-07-18T22:30:00Z,1.7,V,SH
CJ,50,2026-07-18T22:30:00Z,2.6,V,SH
CJ,30,2026-07-18T23:00:00Z,1.9,V,SH
CJ,31,2026-07-18T23:00:00Z,316.0,V,SH
CJ,50,2026-07-18T23:00:00Z,3.2,V,SH
CJ,51,2026-07-18T23:00:00Z,323.0,V,SH
CJ,30,2026-07-18T23:30:00Z,1.5,V,SH
CJ,31,2026-07-18T23:30:00Z,313.0,V,SH
CJ,50,2026-07-18T23:30:00Z,2.9,V,SH
CJ,51,2026-07-18T23:30:00Z,297.0,V,SH
CJ,51,2026-07-19T00:00:00Z,297.0,V,SH
CJ,50,2026-07-19T00:00:00Z,2.9,V,SH
CJ,30,2026-07-19T00:00:00Z,1.0,V,SH
CJ,31,2026-07-19T00:00:00Z,246.0,V,SH
CJ,30,2026-07-19T00:30:00Z,1.3,V,SH
CJ,31,2026-07-19T00:30:00Z,38.0,V,SH
CJ,50,2026-07-19T00:30:00Z,6.0,V,SH
CJ,51,2026-07-19T00:30:00Z,51.0,V,SH
CJ,30,2026-07-19T01:00:00Z,1.3,V,SH
CJ,31,2026-07-19T01:00:00Z,338.0,V,SH
CJ,50,2026-07-19T01:00:00Z,3.4,V,SH
CJ,51,2026-07-19T01:00:00Z,323.0,V,SH
CJ,50,2026-07-19T01:30:00Z,4.5,V,SH
CJ,51,2026-07-19T01:30:00Z,345.0,V,SH
CJ,31,2026-07-19T01:30:00Z,344.0,V,SH
CJ,30,2026-07-19T01:30:00Z,2.1,V,SH
CJ,30,2026-07-19T02:00:00Z,1.9,V,SH
CJ,31,2026-07-19T02:00:00Z,324.0,V,SH
CJ,50,2026-07-19T02:00:00Z,4.0,V,SH
CJ,51,2026-07-19T02:00:00Z,309.0,V,SH
CJ,30,2026-07-19T02:30:00Z,1.8,V,SH
CJ,31,2026-07-19T02:30:00Z,339.0,V,SH
CJ,50,2026-07-19T02:30:00Z,4.6,V,SH
CJ,51,2026-07-19T02:30:00Z,337.0,V,SH
CJ,31,2026-07-19T03:00:00Z,336.0,V,SH
CJ,50,2026-07-19T03:00:00Z,3.4,V,SH
CJ,30,2026-07-19T03:00:00Z,1.3,V,SH
CJ,51,2026-07-19T03:00:00Z,4.0,V,SH
CJ,51,2026-07-19T03:30:00Z,352.0,V,SH
CJ,31,2026-07-19T03:30:00Z,328.0,V,SH
CJ,30,2026-07-19T03:30:00Z,1.7,V,SH
CJ,50,2026-07-19T03:30:00Z,4.5,V,SH
CJ,31,2026-07-19T04:00:00Z,330.0,V,SH
CJ,50,2026-07-19T04:00:00Z,4.3,V,SH
CJ,30,2026-07-19T04:00:00Z,1.9,V,SH
CJ,51,2026-07-19T04:00:00Z,0.0,V,SH
CJ,30,2026-07-19T04:30:00Z,2.0,V,SH
CJ,31,2026-07-19T04:30:00Z,347.0,V,SH
CJ,50,2026-07-19T04:30:00Z,3.5,V,SH
CJ,51,2026-07-19T04:30:00Z,324.0,V,SH
CJ,30,2026-07-19T05:00:00Z,1.6,V,SH
CJ,31,2026-07-19T05:00:00Z,332.0,V,SH
CJ,50,2026-07-19T05:00:00Z,3.7,V,SH
CJ,51,2026-07-19T05:00:00Z,10.0,V,SH
CJ,51,2026-07-19T05:30:00Z,9.0,V,SH
CJ,50,2026-07-19T05:30:00Z,6.7,V,SH
CJ,30,2026-07-19T05:30:00Z,3.6,V,SH
CJ,31,2026-07-19T05:30:00Z,5.0,V,SH
CJ,30,2026-07-19T06:00:00Z,3.7,V,SH
CJ,31,2026-07-19T06:00:00Z,16.0,V,SH
CJ,50,2026-07-19T06:00:00Z,6.1,V,SH
CJ,51,2026-07-19T06:00:00Z,32.0,V,SH
CJ,30,2026-07-19T06:30:00Z,3.6,V,SH
CJ,31,2026-07-19T06:30:00Z,20.0,V,SH
CJ,50,2026-07-19T06:30:00Z,6.8,V,SH
CJ,51,2026-07-19T06:30:00Z,36.0,V,SH
CJ,51,2026-07-19T07:00:00Z,35.0,V,SH
CJ,50,2026-07-19T07:00:00Z,6.1,V,SH
CJ,30,2026-07-19T07:00:00Z,3.8,V,SH
CJ,31,2026-07-19T07:00:00Z,25.0,V,SH
CJ,30,2026-07-19T07:30:00Z,2.7,V,SH
CJ,31,2026-07-19T07:30:00Z,28.0,V,SH
CJ,50,2026-07-19T07:30:00Z,5.2,V,SH
CJ,51,2026-07-19T07:30:00Z,35.0,V,SH
CJ,30,2026-07-19T08:00:00Z,1.5,V,SH
CJ,31,2026-07-19T08:00:00Z,47.0,V,SH
CJ,50,2026-07-19T08:00:00Z,3.4,V,SH
CJ,51,2026-07-19T08:00:00Z,31.0,V,SH
CJ,50,2026-07-19T08:30:00Z,2.0,V,SH
CJ,51,2026-07-19T08:30:00Z,70.0,V,SH
CJ,30,2026-07-19T08:30:00Z,0.9,V,SH
CJ,31,2026-07-19T08:30:00Z,100.0,V,SH
CJ,51,2026-07-19T09:00:00Z,164.0,V,SH
CJ,30,2026-07-19T09:00:00Z,1.4,V,SH
CJ,31,2026-07-19T09:00:00Z,171.0,V,SH
CJ,50,2026-07-19T09:00:00Z,3.2,V,SH
CJ,50,2026-07-19T09:30:00Z,4.1,V,SH
CJ,30,2026-07-19T09:30:00Z,2.2,V,SH
CJ,31,2026-07-19T09:30:00Z,164.0,V,SH
CJ,51,2026-07-19T09:30:00Z,161.0,V,SH
CJ,51,2026-07-19T10:00:00Z,159.0,V,SH
CJ,31,2026-07-19T10:00:00Z,157.0,V,SH
CJ,30,2026-07-19T10:00:00Z,2.5,V,SH
CJ,50,2026-07-19T10:00:00Z,6.0,V,SH
CJ,31,2026-07-19T10:30:00Z,174.0,V,SH
CJ,51,2026-07-19T10:30:00Z,167.0,V,SH
CJ,30,2026-07-19T10:30:00Z,3.5,V,SH
CJ,50,2026-07-19T10:30:00Z,7.2,V,SH
CJ,31,2026-07-19T11:00:00Z,186.0,V,SH
CJ,51,2026-07-19T11:00:00Z,172.0,V,SH
CJ,30,2026-07-19T11:00:00Z,4.0,V,SH
CJ,50,2026-07-19T11:00:00Z,7.1,V,SH
CJ,51,2026-07-19T11:30:00Z,178.0,V,SH
CJ,31,2026-07-19T11:30:00Z,185.0,V,SH
CJ,30,2026-07-19T11:30:00Z,4.0,V,SH
CJ,50,2026-07-19T11:30:00Z,7.5,V,SH
CJ,50,2026-07-19T12:00:00Z,8.2,V,SH
CJ,30,2026-07-19T12:00:00Z,4.4,V,SH
CJ,31,2026-07-19T12:00:00Z,181.0,V,SH
CJ,51,2026-07-19T12:00:00Z,168.0,V,SH
CJ,50,2026-07-19T12:30:00Z,9.1,V,SH
CJ,30,2026-07-19T12:30:00Z,4.5,V,SH
CJ,31,2026-07-19T12:30:00Z,181.0,V,SH
CJ,51,2026-07-19T12:30:00Z,197.0,V,SH
CJ,51,2026-07-19T13:00:00Z,180.0,V,SH
CJ,50,2026-07-19T13:00:00Z,8.2,V,SH
CJ,31,2026-07-19T13:00:00Z,182.0,V,SH
CJ,30,2026-07-19T13:00:00Z,4.9,V,SH
CJ,50,2026-07-19T13:30:00Z,7.5,V,SH
CJ,30,2026-07-19T13:30:00Z,3.9,V,SH
CJ,31,2026-07-19T13:30:00Z,172.0,V,SH
CJ,51,2026-07-19T13:30:00Z,195.0,V,SH
CJ,30,2026-07-19T14:00:00Z,4.0,V,SH
CJ,31,2026-07-19T14:00:00Z,176.0,V,SH
CJ,50,2026-07-19T14:00:00Z,8.3,V,SH
CJ,51,2026-07-19T14:00:00Z,172.0,V,SH
CJ,51,2026-07-19T14:30:00Z,194.0,V,SH
CJ,50,2026-07-19T14:30:00Z,10.0,V,SH
CJ,30,2026-07-19T14:30:00Z,4.7,V,SH
CJ,31,2026-07-19T14:30:00Z,182.0,V,SH
CJ,30,2026-07-19T15:00:00Z,4.2,V,SH
CJ,31,2026-07-19T15:00:00Z,169.0,V,SH
CJ,50,2026-07-19T15:00:00Z,8.4,V,SH
CJ,51,2026-07-19T15:00:00Z,176.0,V,SH
CJ,30,2026-07-19T15:30:00Z,4.3,V,SH
CJ,31,2026-07-19T15:30:00Z,186.0,V,SH
CJ,50,2026-07-19T15:30:00Z,9.1,V,SH
CJ,51,2026-07-19T15:30:00Z,174.0,V,SH
CJ,50,2026-07-19T16:00:00Z,7.1,V,SH
CJ,30,2026-07-19T16:00:00Z,4.1,V,SH
CJ,31,2026-07-19T16:00:00Z,182.0,V,SH
CJ,51,2026-07-19T16:00:00Z,167.0,V,SH
CJ,51,2026-07-19T16:30:00Z,179.0,V,SH
CJ,50,2026-07-19T16:30:00Z,7.7,V,SH
CJ,30,2026-07-19T16:30:00Z,4.3,V,SH
CJ,31,2026-07-19T16:30:00Z,181.0,V,SH
CJ,30,2026-07-19T17:00:00Z,4.8,V,SH
CJ,31,2026-07-19T17:00:00Z,193.0,V,SH
CJ,50,2026-07-19T17:00:00Z,9.2,V,SH
CJ,51,2026-07-19T17:00:00Z,184.0,V,SH
CJ,30,2026-07-19T17:30:00Z,4.7,V,SH
CJ,31,2026-07-19T17:30:00Z,197.0,V,SH
CJ,50,2026-07-19T17:30:00Z,8.3,V,SH
CJ,51,2026-07-19T17:30:00Z,194.0,V,SH
CJ,30,2026-07-19T18:00:00Z,3.6,V,SH
CJ,31,2026-07-19T18:00:00Z,198.0,V,SH
CJ,50,2026-07-19T18:00:00Z,7.4,V,SH
CJ,51,2026-07-19T18:00:00Z,194.0,V,SH
CJ,51,2026-07-19T18:30:00Z,189.0,V,SH
CJ,50,2026-07-19T18:30:00Z,8.7,V,SH
CJ,30,2026-07-19T18:30:00Z,4.7,V,SH
CJ,31,2026-07-19T18:30:00Z,197.0,V,SH
CJ,30,2026-07-19T19:00:00Z,2.2,V,SH
CJ,31,2026-07-19T19:00:00Z,159.0,V,SH
CJ,50,2026-07-19T19:00:00Z,6.8,V,SH
CJ,51,2026-07-19T19:00:00Z,188.0,V,SH
CJ,30,2026-07-19T19:30:00Z,1.0,V,SH
CJ,31,2026-07-19T19:30:00Z,104.0,V,SH
CJ,50,2026-07-19T19:30:00Z,2.1,V,SH
CJ,51,2026-07-19T19:30:00Z,30.0,V,SH
CJ,51,2026-07-19T20:00:00Z,189.0,V,SH
CJ,50,2026-07-19T20:00:00Z,2.7,V,SH
CJ,30,2026-07-19T20:00:00Z,0.9,V,SH
CJ,31,2026-07-19T20:00:00Z,132.0,V,SH
CJ,30,2026-07-19T20:30:00Z,1.1,V,SH
CJ,31,2026-07-19T20:30:00Z,73.0,V,SH
CJ,50,2026-07-19T20:30:00Z,2.8,V,SH
CJ,51,2026-07-19T20:30:00Z,154.0,V,SH
CJ,30,2026-07-19T21:00:00Z,0.9,V,SH
CJ,31,2026-07-19T21:00:00Z,42.0,V,SH
CJ,50,2026-07-19T21:00:00Z,2.3,V,SH
CJ,51,2026-07-19T21:00:00Z,143.0,V,SH
CJ,50,2026-07-19T21:30:00Z,2.5,V,SH
CJ,51,2026-07-19T21:30:00Z,157.0,V,SH
CJ,31,2026-07-19T21:30:00Z,161.0,V,SH
CJ,30,2026-07-19T21:30:00Z,0.9,V,SH
CJ,30,2026-07-19T22:00:00Z,0.6,V,SH
CJ,31,2026-07-19T22:00:00Z,8.0,V,SH
CJ,50,2026-07-19T22:00:00Z,1.9,V,SH
CJ,51,2026-07-19T22:00:00Z,297.0,V,SH
CJ,30,2026-07-19T22:30:00Z,1.2,V,SH
CJ,31,2026-07-19T22:30:00Z,312.0,V,SH
CJ,50,2026-07-19T22:30:00Z,2.8,V,SH
CJ,51,2026-07-19T22:30:00Z,303.0,V,SH
CJ,51,2026-07-19T23:00:00Z,286.0,V,SH
CJ,50,2026-07-19T23:00:00Z,2.7,V,SH
CJ,31,2026-07-19T23:00:00Z,301.0,V,SH
CJ,30,2026-07-19T23:00:00Z,1.6,V,SH
CJ,30,2026-07-19T23:30:00Z,0.7,V,SH
CJ,31,2026-07-19T23:30:00Z,263.0,V,SH
CJ,50,2026-07-19T23:30:00Z,1.6,V,SH
CJ,51,2026-07-19T23:30:00Z,316.0,V,SH
CJ,30,2026-07-20T00:00:00Z,0.7,V,SH
CJ,31,2026-07-20T00:00:00Z,269.0,V,SH
CJ,50,2026-07-20T00:00:00Z,1.7,V,SH
CJ,51,2026-07-20T00:00:00Z,310.0,V,SH
CJ,51,2026-07-20T00:30:00Z,317.0,V,SH
CJ,50,2026-07-20T00:30:00Z,1.7,V,SH
CJ,31,2026-07-20T00:30:00Z,241.0,V,SH
CJ,30,2026-07-20T00:30:00Z,0.9,V,SH
CJ,30,2026-07-20T01:00:00Z,1.0,V,SH
CJ,31,2026-07-20T01:00:00Z,318.0,V,SH
CJ,50,2026-07-20T01:00:00Z,2.2,V,SH
CJ,51,2026-07-20T01:00:00Z,17.0,V,SH
CJ,30,2026-07-20T01:30:00Z,1.6,V,SH
CJ,31,2026-07-20T01:30:00Z,310.0,V,SH
CJ,50,2026-07-20T01:30:00Z,3.2,V,SH
CJ,51,2026-07-20T01:30:00Z,301.0,V,SH
CJ,50,2026-07-20T02:00:00Z,4.0,V,SH
CJ,51,2026-07-20T02:00:00Z,295.0,V,SH
CJ,30,2026-07-20T02:00:00Z,2.0,V,SH
CJ,31,2026-07-20T02:00:00Z,315.0,V,SH
CJ,30,2026-07-20T02:30:00Z,1.9,V,SH
CJ,31,2026-07-20T02:30:00Z,325.0,V,SH
CJ,50,2026-07-20T02:30:00Z,3.9,V,SH
CJ,51,2026-07-20T02:30:00Z,317.0,V,SH
CJ,30,2026-07-20T03:00:00Z,1.2,V,SH
CJ,31,2026-07-20T03:00:00Z,278.0,V,SH
CJ,50,2026-07-20T03:00:00Z,3.1,V,SH
CJ,51,2026-07-20T03:00:00Z,310.0,V,SH
CJ,50,2026-07-20T03:30:00Z,2.5,V,SH
CJ,51,2026-07-20T03:30:00Z,225.0,V,SH
CJ,30,2026-07-20T03:30:00Z,1.0,V,SH
CJ,31,2026-07-20T03:30:00Z,258.0,V,SH
CJ,30,2026-07-20T04:00:00Z,2.2,V,SH
CJ,31,2026-07-20T04:00:00Z,303.0,V,SH
CJ,50,2026-07-20T04:00:00Z,3.6,V,SH
CJ,51,2026-07-20T04:00:00Z,307.0,V,SH
CJ,30,2026-07-20T04:30:00Z,1.9,V,SH
CJ,31,2026-07-20T04:30:00Z,310.0,V,SH
CJ,50,2026-07-20T04:30:00Z,3.4,V,SH
CJ,51,2026-07-20T04:30:00Z,314.0,V,SH
CJ,30,2026-07-20T05:00:00Z,1.8,V,SH
CJ,31,2026-07-20T05:00:00Z,336.0,V,SH
CJ,50,2026-07-20T05:00:00Z,5.5,V,SH
CJ,51,2026-07-20T05:00:00Z,25.0,V,SH
CJ,51,2026-07-20T05:30:00Z,22.0,V,SH
CJ,50,2026-07-20T05:30:00Z,5.5,V,SH
CJ,31,2026-07-20T05:30:00Z,8.0,V,SH
CJ,30,2026-07-20T05:30:00Z,2.7,V,SH
CJ,30,2026-07-20T06:00:00Z,2.4,V,SH
CJ,31,2026-07-20T06:00:00Z,29.0,V,SH
CJ,50,2026-07-20T06:00:00Z,5.6,V,SH
CJ,51,2026-07-20T06:00:00Z,36.0,V,SH
CJ,30,2026-07-20T06:30:00Z,2.3,V,SH
CJ,31,2026-07-20T06:30:00Z,18.0,V,SH
CJ,50,2026-07-20T06:30:00Z,4.7,V,SH
CJ,51,2026-07-20T06:30:00Z,33.0,V,SH
CJ,51,2026-07-20T07:00:00Z,98.0,V,SH
CJ,31,2026-07-20T07:00:00Z,40.0,V,SH
CJ,30,2026-07-20T07:00:00Z,1.6,V,SH
CJ,50,2026-07-20T07:00:00Z,4.2,V,SH
CJ,31,2026-07-20T07:30:00Z,87.0,V,SH
CJ,51,2026-07-20T07:30:00Z,51.0,V,SH
CJ,30,2026-07-20T07:30:00Z,0.7,V,SH
CJ,50,2026-07-20T07:30:00Z,2.3,V,SH
CJ,31,2026-07-20T08:00:00Z,125.0,V,SH
CJ,51,2026-07-20T08:00:00Z,139.0,V,SH
CJ,30,2026-07-20T08:00:00Z,0.7,V,SH
CJ,50,2026-07-20T08:00:00Z,1.8,V,SH
CJ,51,2026-07-20T08:30:00Z,200.0,V,SH
CJ,50,2026-07-20T08:30:00Z,2.5,V,SH
CJ,30,2026-07-20T08:30:00Z,0.8,V,SH
CJ,31,2026-07-20T08:30:00Z,144.0,V,SH
CJ,30,2026-07-20T09:00:00Z,1.9,V,SH
CJ,31,2026-07-20T09:00:00Z,169.0,V,SH
CJ,50,2026-07-20T09:00:00Z,4.2,V,SH
CJ,51,2026-07-20T09:00:00Z,166.0,V,SH
CJ,51,2026-07-20T09:30:00Z,157.0,V,SH
CJ,30,2026-07-20T09:30:00Z,1.7,V,SH
CJ,31,2026-07-20T09:30:00Z,142.0,V,SH
CJ,50,2026-07-20T09:30:00Z,3.8,V,SH
CJ,50,2026-07-20T10:00:00Z,5.1,V,SH
CJ,31,2026-07-20T10:00:00Z,132.0,V,SH
CJ,30,2026-07-20T10:00:00Z,1.8,V,SH
CJ,51,2026-07-20T10:00:00Z,169.0,V,SH
CJ,50,2026-07-20T10:30:00Z,5.5,V,SH
CJ,30,2026-07-20T10:30:00Z,2.7,V,SH
CJ,31,2026-07-20T10:30:00Z,170.0,V,SH
CJ,51,2026-07-20T10:30:00Z,172.0,V,SH
CJ,30,2026-07-20T11:00:00Z,2.8,V,SH
CJ,51,2026-07-20T11:00:00Z,191.0,V,SH
CJ,31,2026-07-20T11:00:00Z,180.0,V,SH
CJ,50,2026-07-20T11:00:00Z,5.8,V,SH
CJ,51,2026-07-20T11:30:00Z,185.0,V,SH
CJ,30,2026-07-20T11:30:00Z,3.8,V,SH
CJ,31,2026-07-20T11:30:00Z,189.0,V,SH
CJ,50,2026-07-20T11:30:00Z,7.4,V,SH
CJ,51,2026-07-20T12:00:00Z,190.0,V,SH
CJ,31,2026-07-20T12:00:00Z,186.0,V,SH
CJ,50,2026-07-20T12:00:00Z,8.2,V,SH
CJ,30,2026-07-20T12:00:00Z,3.6,V,SH
CJ,50,2026-07-20T12:30:00Z,9.5,V,SH
CJ,30,2026-07-20T12:30:00Z,3.7,V,SH
CJ,31,2026-07-20T12:30:00Z,182.0,V,SH
CJ,51,2026-07-20T12:30:00Z,175.0,V,SH
CJ,50,2026-07-20T13:00:00Z,9.2,V,SH
CJ,30,2026-07-20T13:00:00Z,4.6,V,SH
CJ,31,2026-07-20T13:00:00Z,185.0,V,SH
CJ,51,2026-07-20T13:00:00Z,202.0,V,SH
CJ,31,2026-07-20T13:30:00Z,176.0,V,SH
CJ,51,2026-07-20T13:30:00Z,184.0,V,SH
CJ,30,2026-07-20T13:30:00Z,3.8,V,SH
CJ,50,2026-07-20T13:30:00Z,8.2,V,SH
CJ,30,2026-07-20T14:00:00Z,3.4,V,SH
CJ,31,2026-07-20T14:00:00Z,170.0,V,SH
CJ,50,2026-07-20T14:00:00Z,7.7,V,SH
CJ,51,2026-07-20T14:00:00Z,196.0,V,SH
CJ,31,2026-07-20T14:30:00Z,173.0,V,SH
CJ,50,2026-07-20T14:30:00Z,8.3,V,SH
CJ,51,2026-07-20T14:30:00Z,133.0,V,SH
CJ,30,2026-07-20T14:30:00Z,4.0,V,SH
CJ,31,2026-07-20T15:00:00Z,182.0,V,SH
CJ,51,2026-07-20T15:00:00Z,200.0,V,SH
CJ,50,2026-07-20T15:00:00Z,8.0,V,SH
CJ,30,2026-07-20T15:00:00Z,4.1,V,SH
CJ,30,2026-07-20T15:30:00Z,5.3,V,SH
CJ,50,2026-07-20T15:30:00Z,10.3,V,SH
CJ,51,2026-07-20T15:30:00Z,173.0,V,SH
CJ,31,2026-07-20T15:30:00Z,188.0,V,SH
CJ,30,2026-07-20T16:00:00Z,5.3,V,SH
CJ,50,2026-07-20T16:00:00Z,9.9,V,SH
CJ,51,2026-07-20T16:00:00Z,184.0,V,SH
CJ,31,2026-07-20T16:00:00Z,188.0,V,SH
CJ,50,2026-07-20T16:30:00Z,9.4,V,SH
CJ,30,2026-07-20T16:30:00Z,4.4,V,SH
CJ,51,2026-07-20T16:30:00Z,174.0,V,SH
CJ,31,2026-07-20T16:30:00Z,185.0,V,SH
CJ,31,2026-07-20T17:00:00Z,187.0,V,SH
CJ,51,2026-07-20T17:00:00Z,201.0,V,SH
CJ,30,2026-07-20T17:00:00Z,4.3,V,SH
CJ,50,2026-07-20T17:00:00Z,7.7,V,SH
CJ,31,2026-07-20T17:30:00Z,189.0,V,SH
CJ,51,2026-07-20T17:30:00Z,198.0,V,SH
CJ,30,2026-07-20T17:30:00Z,4.6,V,SH
CJ,50,2026-07-20T17:30:00Z,9.2,V,SH
CJ,50,2026-07-20T18:00:00Z,9.2,V,SH
CJ,30,2026-07-20T18:00:00Z,4.5,V,SH
CJ,51,2026-07-20T18:00:00Z,194.0,V,SH
CJ,31,2026-07-20T18:00:00Z,194.0,V,SH
CJ,30,2026-07-20T18:30:00Z,3.6,V,SH
CJ,50,2026-07-20T18:30:00Z,7.6,V,SH
CJ,51,2026-07-20T18:30:00Z,189.0,V,SH
CJ,31,2026-07-20T18:30:00Z,192.0,V,SH
CJ,30,2026-07-20T19:00:00Z,1.3,V,SH
CJ,31,2026-07-20T19:00:00Z,118.0,V,SH
CJ,50,2026-07-20T19:00:00Z,4.6,V,SH
CJ,51,2026-07-20T19:00:00Z,190.0,V,SH
CJ,30,2026-07-20T19:30:00Z,1.0,V,SH
CJ,51,2026-07-20T19:30:00Z,9.0,V,SH
CJ,50,2026-07-20T19:30:00Z,1.7,V,SH
CJ,31,2026-07-20T19:30:00Z,25.0,V,SH
CJ,51,2026-07-20T20:00:00Z,21.0,V,SH
CJ,31,2026-07-20T20:00:00Z,19.0,V,SH
CJ,30,2026-07-20T20:00:00Z,0.8,V,SH
CJ,50,2026-07-20T20:00:00Z,2.0,V,SH
CJ,51,2026-07-20T20:30:00Z,25.0,V,SH
CJ,31,2026-07-20T20:30:00Z,19.0,V,SH
CJ,50,2026-07-20T20:30:00Z,2.1,V,SH
CJ,30,2026-07-20T20:30:00Z,1.0,V,SH
CJ,30,2026-07-20T21:00:00Z,0.6,V,SH
CJ,31,2026-07-20T21:00:00Z,303.0,V,SH
CJ,50,2026-07-20T21:00:00Z,1.8,V,SH
CJ,51,2026-07-20T21:00:00Z,305.0,V,SH
CJ,51,2026-07-20T21:30:00Z,307.0,V,SH
CJ,31,2026-07-20T21:30:00Z,300.0,V,SH
CJ,30,2026-07-20T21:30:00Z,1.5,V,SH
CJ,50,2026-07-20T21:30:00Z,3.5,V,SH
CJ,31,2026-07-20T22:00:00Z,345.0,V,SH
CJ,50,2026-07-20T22:00:00Z,2.6,V,SH
CJ,51,2026-07-20T22:00:00Z,319.0,V,SH
CJ,30,2026-07-20T22:00:00Z,1.2,V,SH
CJ,51,2026-07-20T22:30:00Z,337.0,V,SH
CJ,30,2026-07-20T22:30:00Z,1.1,V,SH
CJ,31,2026-07-20T22:30:00Z,252.0,V,SH
CJ,50,2026-07-20T22:30:00Z,2.9,V,SH
CJ,30,2026-07-20T23:00:00Z,1.5,V,SH
CJ,31,2026-07-20T23:00:00Z,288.0,V,SH
CJ,51,2026-07-20T23:00:00Z,299.0,V,SH
CJ,50,2026-07-20T23:00:00Z,3.7,V,SH
CJ,50,2026-07-20T23:30:00Z,3.7,V,SH
CJ,30,2026-07-20T23:30:00Z,1.2,V,SH
CJ,31,2026-07-20T23:30:00Z,317.0,V,SH
CJ,51,2026-07-20T23:30:00Z,306.0,V,SH
CJ,30,2026-07-21T00:00:00Z,0.7,V,SH
CJ,51,2026-07-21T00:00:00Z,285.0,V,SH
CJ,50,2026-07-21T00:00:00Z,2.1,V,SH
CJ,31,2026-07-21T00:00:00Z,253.0,V,SH
CJ,50,2026-07-21T00:30:00Z,2.6,V,SH
CJ,51,2026-07-21T00:30:00Z,263.0,V,SH
CJ,30,2026-07-21T00:30:00Z,0.8,V,SH
CJ,31,2026-07-21T00:30:00Z,228.0,V,SH
CJ,50,2026-07-21T01:00:00Z,2.2,V,SH
CJ,51,2026-07-21T01:00:00Z,314.0,V,SH
CJ,30,2026-07-21T01:00:00Z,0.7,V,SH
CJ,31,2026-07-21T01:00:00Z,286.0,V,SH
CJ,31,2026-07-21T01:30:00Z,333.0,V,SH
CJ,30,2026-07-21T01:30:00Z,1.7,V,SH
CJ,51,2026-07-21T01:30:00Z,20.0,V,SH
CJ,50,2026-07-21T01:30:00Z,4.8,V,SH
CJ,51,2026-07-21T02:00:00Z,358.0,V,SH
CJ,31,2026-07-21T02:00:00Z,9.0,V,SH
CJ,50,2026-07-21T02:00:00Z,4.7,V,SH
CJ,30,2026-07-21T02:00:00Z,2.1,V,SH
CJ,51,2026-07-21T02:30:00Z,13.0,V,SH
CJ,50,2026-07-21T02:30:00Z,5.3,V,SH
CJ,31,2026-07-21T02:30:00Z,1.0,V,SH
CJ,30,2026-07-21T02:30:00Z,2.4,V,SH
CJ,30,2026-07-21T03:00:00Z,2.8,V,SH
CJ,31,2026-07-21T03:00:00Z,350.0,V,SH
CJ,50,2026-07-21T03:00:00Z,5.7,V,SH
CJ,51,2026-07-21T03:00:00Z,19.0,V,SH
CJ,30,2026-07-21T03:30:00Z,2.2,V,SH
CJ,31,2026-07-21T03:30:00Z,354.0,V,SH
CJ,50,2026-07-21T03:30:00Z,5.5,V,SH
CJ,51,2026-07-21T03:30:00Z,26.0,V,SH
CJ,51,2026-07-21T04:00:00Z,345.0,V,SH
CJ,50,2026-07-21T04:00:00Z,4.0,V,SH
CJ,30,2026-07-21T04:00:00Z,1.8,V,SH
CJ,31,2026-07-21T04:00:00Z,332.0,V,SH
CJ,30,2026-07-21T04:30:00Z,1.6,V,SH
CJ,51,2026-07-21T04:30:00Z,308.0,V,SH
CJ,31,2026-07-21T04:30:00Z,317.0,V,SH
CJ,50,2026-07-21T04:30:00Z,3.2,V,SH
CJ,50,2026-07-21T05:00:00Z,3.1,V,SH
CJ,30,2026-07-21T05:00:00Z,1.6,V,SH
CJ,31,2026-07-21T05:00:00Z,326.0,V,SH
CJ,51,2026-07-21T05:00:00Z,296.0,V,SH
CJ,50,2026-07-21T05:30:00Z,4.5,V,SH
CJ,51,2026-07-21T05:30:00Z,8.0,V,SH
CJ,31,2026-07-21T05:30:00Z,354.0,V,SH
CJ,30,2026-07-21T05:30:00Z,2.4,V,SH
CJ,30,2026-07-21T06:00:00Z,3.0,V,SH
CJ,31,2026-07-21T06:00:00Z,7.0,V,SH
CJ,50,2026-07-21T06:00:00Z,5.5,V,SH
CJ,51,2026-07-21T06:00:00Z,22.0,V,SH
CJ,30,2026-07-21T06:30:00Z,3.7,V,SH
CJ,31,2026-07-21T06:30:00Z,18.0,V,SH
CJ,50,2026-07-21T06:30:00Z,6.4,V,SH
CJ,51,2026-07-21T06:30:00Z,18.0,V,SH
CJ,31,2026-07-21T07:00:00Z,23.0,V,SH
CJ,50,2026-07-21T07:00:00Z,6.7,V,SH
CJ,30,2026-07-21T07:00:00Z,3.8,V,SH
CJ,51,2026-07-21T07:00:00Z,21.0,V,SH
CJ,51,2026-07-21T07:30:00Z,19.0,V,SH
CJ,50,2026-07-21T07:30:00Z,5.0,V,SH
CJ,31,2026-07-21T07:30:00Z,22.0,V,SH
CJ,30,2026-07-21T07:30:00Z,2.7,V,SH
CJ,30,2026-07-21T08:00:00Z,1.7,V,SH
CJ,31,2026-07-21T08:00:00Z,25.0,V,SH
CJ,50,2026-07-21T08:00:00Z,4.3,V,SH
CJ,51,2026-07-21T08:00:00Z,25.0,V,SH
CJ,30,2026-07-21T08:30:00Z,0.8,V,SH
CJ,31,2026-07-21T08:30:00Z,100.0,V,SH
CJ,50,2026-07-21T08:30:00Z,2.4,V,SH
CJ,51,2026-07-21T08:30:00Z,145.0,V,SH
CJ,30,2026-07-21T09:00:00Z,1.6,V,SH
CJ,31,2026-07-21T09:00:00Z,164.0,V,SH
CJ,50,2026-07-21T09:00:00Z,3.3,V,SH
CJ,51,2026-07-21T09:00:00Z,194.0,V,SH
CJ,51,2026-07-21T09:30:00Z,53.0,V,SH
CJ,50,2026-07-21T09:30:00Z,2.6,V,SH
CJ,30,2026-07-21T09:30:00Z,1.2,V,SH
CJ,31,2026-07-21T09:30:00Z,74.0,V,SH
CJ,30,2026-07-21T10:00:00Z,1.8,V,SH
CJ,31,2026-07-21T10:00:00Z,122.0,V,SH
CJ,50,2026-07-21T10:00:00Z,5.0,V,SH
CJ,51,2026-07-21T10:00:00Z,154.0,V,SH
CJ,30,2026-07-21T10:30:00Z,3.1,V,SH
CJ,31,2026-07-21T10:30:00Z,175.0,V,SH
CJ,50,2026-07-21T10:30:00Z,6.9,V,SH
CJ,51,2026-07-21T10:30:00Z,174.0,V,SH
CJ,51,2026-07-21T11:00:00Z,182.0,V,SH
CJ,50,2026-07-21T11:00:00Z,6.9,V,SH
CJ,30,2026-07-21T11:00:00Z,3.8,V,SH
CJ,31,2026-07-21T11:00:00Z,179.0,V,SH
CJ,30,2026-07-21T11:30:00Z,3.8,V,SH
CJ,31,2026-07-21T11:30:00Z,177.0,V,SH
CJ,50,2026-07-21T11:30:00Z,8.1,V,SH
CJ,51,2026-07-21T11:30:00Z,172.0,V,SH
CJ,30,2026-07-21T12:00:00Z,4.8,V,SH
CJ,31,2026-07-21T12:00:00Z,175.0,V,SH
CJ,50,2026-07-21T12:00:00Z,8.1,V,SH
CJ,51,2026-07-21T12:00:00Z,172.0,V,SH
CJ,50,2026-07-21T12:30:00Z,9.0,V,SH
CJ,51,2026-07-21T12:30:00Z,187.0,V,SH
CJ,31,2026-07-21T12:30:00Z,172.0,V,SH
CJ,30,2026-07-21T12:30:00Z,4.7,V,SH
CJ,30,2026-07-21T13:00:00Z,5.0,V,SH
CJ,31,2026-07-21T13:00:00Z,177.0,V,SH
CJ,50,2026-07-21T13:00:00Z,8.7,V,SH
CJ,51,2026-07-21T13:00:00Z,193.0,V,SH
CJ,30,2026-07-21T13:30:00Z,4.3,V,SH
CJ,31,2026-07-21T13:30:00Z,180.0,V,SH
CJ,50,2026-07-21T13:30:00Z,8.5,V,SH
CJ,51,2026-07-21T13:30:00Z,194.0,V,SH
CJ,51,2026-07-21T14:00:00Z,196.0,V,SH
CJ,50,2026-07-21T14:00:00Z,8.4,V,SH
CJ,31,2026-07-21T14:00:00Z,171.0,V,SH
CJ,30,2026-07-21T14:00:00Z,4.3,V,SH
CJ,30,2026-07-21T14:30:00Z,4.6,V,SH
CJ,31,2026-07-21T14:30:00Z,181.0,V,SH
CJ,50,2026-07-21T14:30:00Z,9.0,V,SH
CJ,51,2026-07-21T14:30:00Z,190.0,V,SH
CJ,50,2026-07-21T15:00:00Z,9.0,V,SH
CJ,30,2026-07-21T15:00:00Z,5.1,V,SH
CJ,31,2026-07-21T15:00:00Z,184.0,V,SH
CJ,51,2026-07-21T15:00:00Z,189.0,V,SH
CJ,51,2026-07-21T15:30:00Z,175.0,V,SH
CJ,50,2026-07-21T15:30:00Z,9.5,V,SH
CJ,31,2026-07-21T15:30:00Z,186.0,V,SH
CJ,30,2026-07-21T15:30:00Z,5.4,V,SH
CJ,30,2026-07-21T16:00:00Z,5.1,V,SH
CJ,31,2026-07-21T16:00:00Z,188.0,V,SH
CJ,50,2026-07-21T16:00:00Z,10.3,V,SH
CJ,51,2026-07-21T16:00:00Z,193.0,V,SH
CJ,30,2026-07-21T16:30:00Z,5.6,V,SH
CJ,31,2026-07-21T16:30:00Z,195.0,V,SH
CJ,50,2026-07-21T16:30:00Z,10.3,V,SH
CJ,51,2026-07-21T16:30:00Z,196.0,V,SH
CJ,50,2026-07-21T17:00:00Z,7.9,V,SH
CJ,51,2026-07-21T17:00:00Z,178.0,V,SH
CJ,30,2026-07-21T17:00:00Z,3.7,V,SH
CJ,31,2026-07-21T17:00:00Z,198.0,V,SH
CJ,30,2026-07-21T17:30:00Z,4.0,V,SH
CJ,31,2026-07-21T17:30:00Z,203.0,V,SH
CJ,50,2026-07-21T17:30:00Z,8.3,V,SH
CJ,51,2026-07-21T17:30:00Z,193.0,V,SH
CJ,30,2026-07-21T18:00:00Z,3.7,V,SH
CJ,31,2026-07-21T18:00:00Z,200.0,V,SH
CJ,50,2026-07-21T18:00:00Z,8.7,V,SH
CJ,51,2026-07-21T18:00:00Z,185.0,V,SH
CJ,51,2026-07-21T18:30:00Z,194.0,V,SH
CJ,50,2026-07-21T18:30:00Z,5.5,V,SH
CJ,30,2026-07-21T18:30:00Z,2.3,V,SH
CJ,31,2026-07-21T18:30:00Z,200.0,V,SH
CJ,30,2026-07-21T19:00:00Z,1.5,V,SH
CJ,31,2026-07-21T19:00:00Z,193.0,V,SH
CJ,50,2026-07-21T19:00:00Z,3.8,V,SH
CJ,51,2026-07-21T19:00:00Z,207.0,V,SH
CJ,30,2026-07-21T19:30:00Z,1.4,V,SH
CJ,31,2026-07-21T19:30:00Z,193.0,V,SH
CJ,50,2026-07-21T19:30:00Z,3.6,V,SH
CJ,51,2026-07-21T19:30:00Z,188.0,V,SH
CJ,50,2026-07-21T20:00:00Z,5.1,V,SH
CJ,30,2026-07-21T20:00:00Z,1.8,V,SH
CJ,31,2026-07-21T20:00:00Z,193.0,V,SH
CJ,51,2026-07-21T20:00:00Z,195.0,V,SH
CJ,51,2026-07-21T20:30:00Z,172.0,V,SH
CJ,50,2026-07-21T20:30:00Z,8.5,V,SH
CJ,30,2026-07-21T20:30:00Z,4.0,V,SH
CJ,31,2026-07-21T20:30:00Z,193.0,V,SH
CJ,30,2026-07-21T21:00:00Z,2.5,V,SH
CJ,31,2026-07-21T21:00:00Z,176.0,V,SH
CJ,50,2026-07-21T21:00:00Z,7.5,V,SH
CJ,51,2026-07-21T21:00:00Z,176.0,V,SH
CJ,30,2026-07-21T21:30:00Z,1.8,V,SH
CJ,31,2026-07-21T21:30:00Z,147.0,V,SH
CJ,50,2026-07-21T21:30:00Z,4.4,V,SH
CJ,51,2026-07-21T21:30:00Z,142.0,V,SH
CJ,51,2026-07-21T22:00:00Z,21.0,V,SH
CJ,50,2026-07-21T22:00:00Z,2.8,V,SH
CJ,31,2026-07-21T22:00:00Z,78.0,V,SH
CJ,30,2026-07-21T22:00:00Z,1.1,V,SH
CJ,30,2026-07-21T22:30:00Z,1.0,V,SH
CJ,31,2026-07-21T22:30:00Z,338.0,V,SH
CJ,50,2026-07-21T22:30:00Z,2.3,V,SH
CJ,51,2026-07-21T22:30:00Z,27.0,V,SH
CJ,30,2026-07-21T23:00:00Z,1.2,V,SH
CJ,31,2026-07-21T23:00:00Z,329.0,V,SH
CJ,50,2026-07-21T23:00:00Z,3.0,V,SH
CJ,51,2026-07-21T23:00:00Z,319.0,V,SH
CJ,50,2026-07-21T23:30:00Z,3.8,V,SH
CJ,51,2026-07-21T23:30:00Z,290.0,V,SH
CJ,30,2026-07-21T23:30:00Z,1.8,V,SH
CJ,31,2026-07-21T23:30:00Z,301.0,V,SH
CJ,30,2026-07-22T00:00:00Z,1.0,V,SH
CJ,31,2026-07-22T00:00:00Z,234.0,V,SH
CJ,50,2026-07-22T00:00:00Z,2.4,V,SH
CJ,51,2026-07-22T00:00:00Z,310.0,V,SH
CJ,30,2026-07-22T00:30:00Z,0.9,V,SH
CJ,31,2026-07-22T00:30:00Z,219.0,V,SH
CJ,50,2026-07-22T00:30:00Z,2.3,V,SH
CJ,51,2026-07-22T00:30:00Z,6.0,V,SH
CJ,50,2026-07-22T01:00:00Z,2.5,V,SH
CJ,51,2026-07-22T01:00:00Z,177.0,V,SH
CJ,30,2026-07-22T01:00:00Z,0.9,V,SH
CJ,31,2026-07-22T01:00:00Z,289.0,V,SH
CJ,30,2026-07-22T01:30:00Z,1.4,V,SH
CJ,31,2026-07-22T01:30:00Z,297.0,V,SH
CJ,50,2026-07-22T01:30:00Z,3.4,V,SH
CJ,51,2026-07-22T01:30:00Z,301.0,V,SH
CJ,30,2026-07-22T02:00:00Z,1.1,V,SH
CJ,31,2026-07-22T02:00:00Z,338.0,V,SH
CJ,50,2026-07-22T02:00:00Z,3.2,V,SH
CJ,51,2026-07-22T02:00:00Z,320.0,V,SH
CJ,51,2026-07-22T02:30:00Z,3.0,V,SH
CJ,30,2026-07-22T02:30:00Z,0.5,V,SH
CJ,31,2026-07-22T02:30:00Z,297.0,V,SH
CJ,50,2026-07-22T02:30:00Z,1.6,V,SH
CJ,51,2026-07-22T03:00:00Z,315.0,V,SH
CJ,50,2026-07-22T03:00:00Z,2.9,V,SH
CJ,31,2026-07-22T03:00:00Z,324.0,V,SH
CJ,30,2026-07-22T03:00:00Z,1.2,V,SH
CJ,30,2026-07-22T03:30:00Z,0.4,V,SH
CJ,31,2026-07-22T03:30:00Z,218.0,V,SH
CJ,50,2026-07-22T03:30:00Z,1.3,V,SH
CJ,51,2026-07-22T03:30:00Z,315.0,V,SH
CJ,30,2026-07-22T04:00:00Z,0.9,V,SH
CJ,31,2026-07-22T04:00:00Z,298.0,V,SH
CJ,50,2026-07-22T04:00:00Z,2.7,V,SH
CJ,51,2026-07-22T04:00:00Z,318.0,V,SH
CJ,51,2026-07-22T04:30:00Z,302.0,V,SH
CJ,50,2026-07-22T04:30:00Z,2.2,V,SH
CJ,31,2026-07-22T04:30:00Z,334.0,V,SH
CJ,30,2026-07-22T04:30:00Z,0.8,V,SH
CJ,30,2026-07-22T05:00:00Z,0.4,V,SH
CJ,31,2026-07-22T05:00:00Z,242.0,V,SH
CJ,50,2026-07-22T05:00:00Z,1.2,V,SH
CJ,51,2026-07-22T05:00:00Z,243.0,V,SH
CJ,30,2026-07-22T05:30:00Z,0.9,V,SH
CJ,31,2026-07-22T05:30:00Z,349.0,V,SH
CJ,50,2026-07-22T05:30:00Z,2.3,V,SH
CJ,51,2026-07-22T05:30:00Z,258.0,V,SH
CJ,51,2026-07-22T06:00:00Z,29.0,V,SH
CJ,50,2026-07-22T06:00:00Z,4.1,V,SH
CJ,30,2026-07-22T06:00:00Z,1.8,V,SH
CJ,31,2026-07-22T06:00:00Z,356.0,V,SH
CJ,30,2026-07-22T06:30:00Z,2.6,V,SH
CJ,31,2026-07-22T06:30:00Z,12.0,V,SH
CJ,50,2026-07-22T06:30:00Z,5.2,V,SH
CJ,51,2026-07-22T06:30:00Z,14.0,V,SH
CJ,30,2026-07-22T07:00:00Z,2.6,V,SH
CJ,31,2026-07-22T07:00:00Z,25.0,V,SH
CJ,50,2026-07-22T07:00:00Z,5.5,V,SH
CJ,51,2026-07-22T07:00:00Z,16.0,V,SH
CJ,50,2026-07-22T07:30:00Z,4.1,V,SH
CJ,51,2026-07-22T07:30:00Z,31.0,V,SH
CJ,31,2026-07-22T07:30:00Z,34.0,V,SH
CJ,30,2026-07-22T07:30:00Z,2.2,V,SH
CJ,30,2026-07-22T08:00:00Z,2.0,V,SH
CJ,31,2026-07-22T08:00:00Z,26.0,V,SH
CJ,50,2026-07-22T08:00:00Z,4.7,V,SH
CJ,51,2026-07-22T08:00:00Z,39.0,V,SH
CJ,30,2026-07-22T08:30:00Z,0.9,V,SH
CJ,31,2026-07-22T08:30:00Z,94.0,V,SH
CJ,50,2026-07-22T08:30:00Z,2.2,V,SH
CJ,51,2026-07-22T08:30:00Z,168.0,V,SH
CJ,31,2026-07-22T09:00:00Z,110.0,V,SH
CJ,50,2026-07-22T09:00:00Z,2.0,V,SH
CJ,30,2026-07-22T09:00:00Z,1.0,V,SH
CJ,51,2026-07-22T09:00:00Z,101.0,V,SH
CJ,51,2026-07-22T09:30:00Z,163.0,V,SH
CJ,50,2026-07-22T09:30:00Z,3.3,V,SH
CJ,31,2026-07-22T09:30:00Z,166.0,V,SH
CJ,30,2026-07-22T09:30:00Z,1.4,V,SH
CJ,30,2026-07-22T10:00:00Z,2.9,V,SH
CJ,31,2026-07-22T10:00:00Z,160.0,V,SH
CJ,50,2026-07-22T10:00:00Z,5.8,V,SH
CJ,51,2026-07-22T10:00:00Z,171.0,V,SH
CJ,30,2026-07-22T10:30:00Z,3.0,V,SH
CJ,31,2026-07-22T10:30:00Z,173.0,V,SH
CJ,50,2026-07-22T10:30:00Z,5.9,V,SH
CJ,51,2026-07-22T10:30:00Z,170.0,V,SH
CJ,30,2026-07-22T11:00:00Z,4.2,V,SH
CJ,31,2026-07-22T11:00:00Z,185.0,V,SH
CJ,50,2026-07-22T11:00:00Z,9.0,V,SH
CJ,51,2026-07-22T11:00:00Z,219.0,V,SH
CJ,51,2026-07-22T11:30:00Z,181.0,V,SH
CJ,30,2026-07-22T11:30:00Z,4.1,V,SH
CJ,31,2026-07-22T11:30:00Z,179.0,V,SH
CJ,50,2026-07-22T11:30:00Z,7.3,V,SH
CJ,30,2026-07-22T12:00:00Z,4.2,V,SH
CJ,31,2026-07-22T12:00:00Z,179.0,V,SH
CJ,50,2026-07-22T12:00:00Z,7.1,V,SH
CJ,51,2026-07-22T12:00:00Z,168.0,V,SH
CJ,30,2026-07-22T12:30:00Z,4.7,V,SH
CJ,31,2026-07-22T12:30:00Z,189.0,V,SH
CJ,50,2026-07-22T12:30:00Z,8.7,V,SH
CJ,51,2026-07-22T12:30:00Z,185.0,V,SH
CJ,51,2026-07-22T13:00:00Z,196.0,V,SH
CJ,50,2026-07-22T13:00:00Z,9.0,V,SH
CJ,30,2026-07-22T13:00:00Z,5.1,V,SH
CJ,31,2026-07-22T13:00:00Z,188.0,V,SH
CJ,30,2026-07-22T13:30:00Z,4.7,V,SH
CJ,31,2026-07-22T13:30:00Z,183.0,V,SH
CJ,50,2026-07-22T13:30:00Z,9.0,V,SH
CJ,51,2026-07-22T13:30:00Z,215.0,V,SH
CJ,30,2026-07-22T14:00:00Z,4.9,V,SH
CJ,31,2026-07-22T14:00:00Z,185.0,V,SH
CJ,50,2026-07-22T14:00:00Z,9.0,V,SH
CJ,51,2026-07-22T14:00:00Z,183.0,V,SH
CJ,50,2026-07-22T14:30:00Z,9.5,V,SH
CJ,51,2026-07-22T14:30:00Z,201.0,V,SH
CJ,31,2026-07-22T14:30:00Z,186.0,V,SH
CJ,30,2026-07-22T14:30:00Z,4.8,V,SH
CJ,30,2026-07-22T15:00:00Z,4.9,V,SH
CJ,31,2026-07-22T15:00:00Z,191.0,V,SH
CJ,50,2026-07-22T15:00:00Z,8.7,V,SH
CJ,51,2026-07-22T15:00:00Z,192.0,V,SH
CJ,30,2026-07-22T15:30:00Z,3.5,V,SH
CJ,31,2026-07-22T15:30:00Z,180.0,V,SH
CJ,50,2026-07-22T15:30:00Z,8.3,V,SH
CJ,51,2026-07-22T15:30:00Z,195.0,V,SH
CJ,51,2026-07-22T16:00:00Z,188.0,V,SH
CJ,50,2026-07-22T16:00:00Z,7.7,V,SH
CJ,31,2026-07-22T16:00:00Z,185.0,V,SH
CJ,30,2026-07-22T16:00:00Z,3.8,V,SH
CJ,30,2026-07-22T16:30:00Z,4.1,V,SH
CJ,31,2026-07-22T16:30:00Z,193.0,V,SH
CJ,50,2026-07-22T16:30:00Z,7.6,V,SH
CJ,51,2026-07-22T16:30:00Z,208.0,V,SH
CJ,30,2026-07-22T17:00:00Z,4.6,V,SH
CJ,31,2026-07-22T17:00:00Z,197.0,V,SH
CJ,50,2026-07-22T17:00:00Z,10.2,V,SH
CJ,51,2026-07-22T17:00:00Z,207.0,V,SH
CJ,51,2026-07-22T17:30:00Z,194.0,V,SH
CJ,50,2026-07-22T17:30:00Z,6.9,V,SH
CJ,31,2026-07-22T17:30:00Z,192.0,V,SH
CJ,30,2026-07-22T17:30:00Z,4.0,V,SH
CJ,30,2026-07-22T18:00:00Z,4.1,V,SH
CJ,31,2026-07-22T18:00:00Z,193.0,V,SH
CJ,50,2026-07-22T18:00:00Z,7.1,V,SH
CJ,51,2026-07-22T18:00:00Z,186.0,V,SH
CJ,30,2026-07-22T18:30:00Z,3.9,V,SH
CJ,31,2026-07-22T18:30:00Z,199.0,V,SH
CJ,50,2026-07-22T18:30:00Z,6.8,V,SH
CJ,51,2026-07-22T18:30:00Z,205.0,V,SH
CJ,50,2026-07-22T19:00:00Z,4.8,V,SH
CJ,51,2026-07-22T19:00:00Z,185.0,V,SH
CJ,30,2026-07-22T19:00:00Z,2.2,V,SH
CJ,31,2026-07-22T19:00:00Z,173.0,V,SH
CJ,30,2026-07-22T19:30:00Z,1.4,V,SH
CJ,31,2026-07-22T19:30:00Z,155.0,V,SH
CJ,50,2026-07-22T19:30:00Z,4.3,V,SH
CJ,51,2026-07-22T19:30:00Z,190.0,V,SH
CJ,30,2026-07-22T20:00:00Z,1.0,V,SH
CJ,31,2026-07-22T20:00:00Z,165.0,V,SH
CJ,50,2026-07-22T20:00:00Z,2.6,V,SH
CJ,51,2026-07-22T20:00:00Z,148.0,V,SH
CJ,50,2026-07-22T20:30:00Z,3.4,V,SH
CJ,51,2026-07-22T20:30:00Z,126.0,V,SH
CJ,30,2026-07-22T20:30:00Z,1.4,V,SH
CJ,31,2026-07-22T20:30:00Z,163.0,V,SH
CJ,50,2026-07-22T21:00:00Z,1.9,V,SH
CJ,30,2026-07-22T21:00:00Z,0.8,V,SH
CJ,31,2026-07-22T21:00:00Z,259.0,V,SH
CJ,51,2026-07-22T21:00:00Z,192.0,V,SH
CJ,31,2026-07-22T21:30:00Z,309.0,V,SH
CJ,50,2026-07-22T21:30:00Z,1.5,V,SH
CJ,30,2026-07-22T21:30:00Z,0.8,V,SH
CJ,51,2026-07-22T21:30:00Z,343.0,V,SH
CJ,51,2026-07-22T22:00:00Z,282.0,V,SH
CJ,30,2026-07-22T22:00:00Z,0.9,V,SH
CJ,31,2026-07-22T22:00:00Z,290.0,V,SH
CJ,50,2026-07-22T22:00:00Z,1.9,V,SH
CJ,51,2026-07-22T22:30:00Z,315.0,V,SH
CJ,50,2026-07-22T22:30:00Z,2.8,V,SH
CJ,31,2026-07-22T22:30:00Z,301.0,V,SH
CJ,30,2026-07-22T22:30:00Z,1.4,V,SH
CJ,30,2026-07-22T23:00:00Z,2.2,V,SH
CJ,31,2026-07-22T23:00:00Z,312.0,V,SH
CJ,50,2026-07-22T23:00:00Z,3.2,V,SH
CJ,51,2026-07-22T23:00:00Z,313.0,V,SH
CJ,30,2026-07-22T23:30:00Z,1.6,V,SH
CJ,31,2026-07-22T23:30:00Z,297.0,V,SH
CJ,50,2026-07-22T23:30:00Z,2.9,V,SH
CJ,51,2026-07-22T23:30:00Z,282.0,V,SH
CJ,51,2026-07-23T00:00:00Z,318.0,V,SH
CJ,50,2026-07-23T00:00:00Z,2.5,V,SH
CJ,31,2026-07-23T00:00:00Z,313.0,V,SH
CJ,30,2026-07-23T00:00:00Z,1.6,V,SH
CJ,30,2026-07-23T00:30:00Z,0.7,V,SH
CJ,31,2026-07-23T00:30:00Z,293.0,V,SH
CJ,50,2026-07-23T00:30:00Z,2.0,V,SH
CJ,51,2026-07-23T00:30:00Z,309.0,V,SH
CJ,30,2026-07-23T01:00:00Z,0.8,V,SH
CJ,31,2026-07-23T01:00:00Z,303.0,V,SH
CJ,50,2026-07-23T01:00:00Z,2.3,V,SH
CJ,51,2026-07-23T01:00:00Z,286.0,V,SH
CJ,50,2026-07-23T01:30:00Z,1.7,V,SH
CJ,51,2026-07-23T01:30:00Z,25.0,V,SH
CJ,30,2026-07-23T01:30:00Z,0.7,V,SH
CJ,31,2026-07-23T01:30:00Z,228.0,V,SH
CJ,50,2026-07-23T02:00:00Z,1.8,V,SH
CJ,30,2026-07-23T02:00:00Z,0.7,V,SH
CJ,31,2026-07-23T02:00:00Z,232.0,V,SH
CJ,51,2026-07-23T02:00:00Z,226.0,V,SH
CJ,51,2026-07-23T02:30:00Z,300.0,V,SH
CJ,31,2026-07-23T02:30:00Z,297.0,V,SH
CJ,30,2026-07-23T02:30:00Z,1.5,V,SH
CJ,50,2026-07-23T02:30:00Z,2.8,V,SH
CJ,50,2026-07-23T03:00:00Z,2.1,V,SH
CJ,30,2026-07-23T03:00:00Z,1.3,V,SH
CJ,51,2026-07-23T03:00:00Z,303.0,V,SH
CJ,31,2026-07-23T03:00:00Z,301.0,V,SH
CJ,30,2026-07-23T03:30:00Z,1.4,V,SH
CJ,31,2026-07-23T03:30:00Z,299.0,V,SH
CJ,50,2026-07-23T03:30:00Z,2.8,V,SH
CJ,51,2026-07-23T03:30:00Z,296.0,V,SH
CJ,30,2026-07-23T04:00:00Z,2.1,V,SH
CJ,31,2026-07-23T04:00:00Z,300.0,V,SH
CJ,50,2026-07-23T04:00:00Z,4.0,V,SH
CJ,51,2026-07-23T04:00:00Z,298.0,V,SH
CJ,50,2026-07-23T04:30:00Z,3.3,V,SH
CJ,30,2026-07-23T04:30:00Z,1.4,V,SH
CJ,31,2026-07-23T04:30:00Z,298.0,V,SH
CJ,51,2026-07-23T04:30:00Z,318.0,V,SH
CJ,51,2026-07-23T05:00:00Z,300.0,V,SH
CJ,50,2026-07-23T05:00:00Z,2.9,V,SH
CJ,31,2026-07-23T05:00:00Z,306.0,V,SH
CJ,30,2026-07-23T05:00:00Z,1.3,V,SH
CJ,30,2026-07-23T05:30:00Z,1.4,V,SH
CJ,31,2026-07-23T05:30:00Z,314.0,V,SH
CJ,50,2026-07-23T05:30:00Z,3.8,V,SH
CJ,51,2026-07-23T05:30:00Z,332.0,V,SH
CJ,30,2026-07-23T06:00:00Z,1.3,V,SH
CJ,31,2026-07-23T06:00:00Z,354.0,V,SH
CJ,50,2026-07-23T06:00:00Z,3.6,V,SH
CJ,51,2026-07-23T06:00:00Z,29.0,V,SH
CJ,30,2026-07-23T06:30:00Z,2.2,V,SH
CJ,31,2026-07-23T06:30:00Z,3.0,V,SH
CJ,50,2026-07-23T06:30:00Z,4.9,V,SH
CJ,51,2026-07-23T06:30:00Z,13.0,V,SH
CJ,51,2026-07-23T07:00:00Z,38.0,V,SH
CJ,50,2026-07-23T07:00:00Z,2.1,V,SH
CJ,30,2026-07-23T07:00:00Z,1.0,V,SH
CJ,31,2026-07-23T07:00:00Z,30.0,V,SH
CJ,31,2026-07-23T07:30:00Z,107.0,V,SH
CJ,50,2026-07-23T07:30:00Z,1.2,V,SH
CJ,30,2026-07-23T07:30:00Z,0.5,V,SH
CJ,51,2026-07-23T07:30:00Z,115.0,V,SH
CJ,30,2026-07-23T08:00:00Z,0.6,V,SH
CJ,31,2026-07-23T08:00:00Z,88.0,V,SH
CJ,50,2026-07-23T08:00:00Z,1.5,V,SH
CJ,51,2026-07-23T08:00:00Z,53.0,V,SH
CJ,51,2026-07-23T08:30:00Z,124.0,V,SH
CJ,50,2026-07-23T08:30:00Z,1.7,V,SH
CJ,30,2026-07-23T08:30:00Z,0.8,V,SH
CJ,31,2026-07-23T08:30:00Z,131.0,V,SH
CJ,30,2026-07-23T09:00:00Z,0.8,V,SH
CJ,31,2026-07-23T09:00:00Z,97.0,V,SH
CJ,50,2026-07-23T09:00:00Z,2.0,V,SH
CJ,51,2026-07-23T09:00:00Z,59.0,V,SH
CJ,51,2026-07-23T09:30:00Z,164.0,V,SH
CJ,30,2026-07-23T09:30:00Z,0.8,V,SH
CJ,31,2026-07-23T09:30:00Z,179.0,V,SH
CJ,50,2026-07-23T09:30:00Z,2.2,V,SH
CJ,51,2026-07-23T10:00:00Z,154.0,V,SH
CJ,50,2026-07-23T10:00:00Z,3.9,V,SH
CJ,30,2026-07-23T10:00:00Z,2.0,V,SH
CJ,31,2026-07-23T10:00:00Z,155.0,V,SH
CJ,51,2026-07-23T10:30:00Z,169.0,V,SH
CJ,30,2026-07-23T10:30:00Z,3.1,V,SH
CJ,31,2026-07-23T10:30:00Z,170.0,V,SH
CJ,50,2026-07-23T10:30:00Z,6.0,V,SH
CJ,50,2026-07-23T11:00:00Z,7.4,V,SH
CJ,51,2026-07-23T11:00:00Z,177.0,V,SH
CJ,30,2026-07-23T11:00:00Z,3.9,V,SH
CJ,31,2026-07-23T11:00:00Z,176.0,V,SH
CJ,51,2026-07-23T11:30:00Z,203.0,V,SH
CJ,50,2026-07-23T11:30:00Z,8.2,V,SH
CJ,31,2026-07-23T11:30:00Z,184.0,V,SH
CJ,30,2026-07-23T11:30:00Z,4.3,V,SH
CJ,30,2026-07-23T12:00:00Z,4.9,V,SH
CJ,31,2026-07-23T12:00:00Z,185.0,V,SH
CJ,50,2026-07-23T12:00:00Z,9.6,V,SH
CJ,51,2026-07-23T12:00:00Z,186.0,V,SH
CJ,30,2026-07-23T12:30:00Z,5.3,V,SH
CJ,31,2026-07-23T12:30:00Z,187.0,V,SH
CJ,50,2026-07-23T12:30:00Z,10.0,V,SH
CJ,51,2026-07-23T12:30:00Z,199.0,V,SH
CJ,51,2026-07-23T13:00:00Z,206.0,V,SH
CJ,31,2026-07-23T13:00:00Z,184.0,V,SH
CJ,50,2026-07-23T13:00:00Z,9.5,V,SH
CJ,30,2026-07-23T13:00:00Z,4.7,V,SH
CJ,31,2026-07-23T13:30:00Z,182.0,V,SH
CJ,50,2026-07-23T13:30:00Z,9.1,V,SH
CJ,30,2026-07-23T13:30:00Z,4.9,V,SH
CJ,51,2026-07-23T13:30:00Z,188.0,V,SH
CJ,30,2026-07-23T14:00:00Z,5.0,V,SH
CJ,31,2026-07-23T14:00:00Z,182.0,V,SH
CJ,50,2026-07-23T14:00:00Z,9.4,V,SH
CJ,51,2026-07-23T14:00:00Z,191.0,V,SH
CJ,51,2026-07-23T14:30:00Z,172.0,V,SH
CJ,50,2026-07-23T14:30:00Z,9.0,V,SH
CJ,31,2026-07-23T14:30:00Z,172.0,V,SH
CJ,30,2026-07-23T14:30:00Z,4.4,V,SH
CJ,30,2026-07-23T15:00:00Z,3.9,V,SH
CJ,31,2026-07-23T15:00:00Z,164.0,V,SH
CJ,50,2026-07-23T15:00:00Z,8.7,V,SH
CJ,51,2026-07-23T15:00:00Z,170.0,V,SH
CJ,30,2026-07-23T15:30:00Z,3.5,V,SH
CJ,31,2026-07-23T15:30:00Z,189.0,V,SH
CJ,50,2026-07-23T15:30:00Z,7.1,V,SH
CJ,51,2026-07-23T15:30:00Z,170.0,V,SH
CJ,51,2026-07-23T16:00:00Z,172.0,V,SH
CJ,31,2026-07-23T16:00:00Z,180.0,V,SH
CJ,30,2026-07-23T16:00:00Z,3.1,V,SH
CJ,50,2026-07-23T16:00:00Z,6.7,V,SH
CJ,30,2026-07-23T16:30:00Z,4.8,V,SH
CJ,31,2026-07-23T16:30:00Z,183.0,V,SH
CJ,50,2026-07-23T16:30:00Z,9.0,V,SH
CJ,51,2026-07-23T16:30:00Z,187.0,V,SH
CJ,50,2026-07-23T17:00:00Z,7.8,V,SH
CJ,30,2026-07-23T17:00:00Z,3.5,V,SH
CJ,31,2026-07-23T17:00:00Z,157.0,V,SH
CJ,51,2026-07-23T17:00:00Z,178.0,V,SH
CJ,51,2026-07-23T17:30:00Z,27.0,V,SH
CJ,50,2026-07-23T17:30:00Z,10.8,V,SH
CJ,30,2026-07-23T17:30:00Z,5.5,V,SH
CJ,31,2026-07-23T17:30:00Z,40.0,V,SH
CJ,51,2026-07-23T18:00:00Z,43.0,V,SH
CJ,30,2026-07-23T18:00:00Z,5.8,V,SH
CJ,31,2026-07-23T18:00:00Z,50.0,V,SH
CJ,50,2026-07-23T18:00:00Z,11.0,V,SH
CJ,31,2026-07-23T18:30:00Z,54.0,V,SH
CJ,30,2026-07-23T18:30:00Z,5.6,V,SH
CJ,51,2026-07-23T18:30:00Z,41.0,V,SH
CJ,50,2026-07-23T18:30:00Z,11.4,V,SH
CJ,51,2026-07-23T19:00:00Z,43.0,V,SH
CJ,31,2026-07-23T19:00:00Z,48.0,V,SH
CJ,50,2026-07-23T19:00:00Z,11.3,V,SH
CJ,30,2026-07-23T19:00:00Z,6.4,V,SH
CJ,51,2026-07-23T19:30:00Z,41.0,V,SH
CJ,31,2026-07-23T19:30:00Z,37.0,V,SH
CJ,30,2026-07-23T19:30:00Z,5.9,V,SH
CJ,50,2026-07-23T19:30:00Z,11.2,V,SH
CJ,50,2026-07-23T20:00:00Z,10.4,V,SH
CJ,30,2026-07-23T20:00:00Z,5.7,V,SH
CJ,31,2026-07-23T20:00:00Z,26.0,V,SH
CJ,51,2026-07-23T20:00:00Z,31.0,V,SH
CJ,51,2026-07-23T20:30:00Z,32.0,V,SH
CJ,50,2026-07-23T20:30:00Z,8.3,V,SH
CJ,31,2026-07-23T20:30:00Z,28.0,V,SH
CJ,30,2026-07-23T20:30:00Z,4.1,V,SH
CJ,50,2026-07-23T21:00:00Z,5.6,V,SH
CJ,30,2026-07-23T21:00:00Z,2.3,V,SH
CJ,31,2026-07-23T21:00:00Z,41.0,V,SH
CJ,51,2026-07-23T21:00:00Z,51.0,V,SH
CJ,30,2026-07-23T21:30:00Z,2.0,V,SH
CJ,31,2026-07-23T21:30:00Z,58.0,V,SH
CJ,50,2026-07-23T21:30:00Z,5.0,V,SH
CJ,51,2026-07-23T21:30:00Z,34.0,V,SH
CJ,51,2026-07-23T22:00:00Z,335.0,V,SH
CJ,50,2026-07-23T22:00:00Z,2.4,V,SH
CJ,31,2026-07-23T22:00:00Z,330.0,V,SH
CJ,30,2026-07-23T22:00:00Z,1.1,V,SH
CJ,30,2026-07-23T22:30:00Z,1.7,V,SH
CJ,31,2026-07-23T22:30:00Z,322.0,V,SH
CJ,50,2026-07-23T22:30:00Z,3.3,V,SH
CJ,51,2026-07-23T22:30:00Z,320.0,V,SH
CJ,30,2026-07-23T23:00:00Z,2.4,V,SH
CJ,31,2026-07-23T23:00:00Z,326.0,V,SH
CJ,50,2026-07-23T23:00:00Z,4.5,V,SH
CJ,51,2026-07-23T23:00:00Z,319.0,V,SH
CJ,50,2026-07-23T23:30:00Z,4.1,V,SH
CJ,51,2026-07-23T23:30:00Z,326.0,V,SH
CJ,30,2026-07-23T23:30:00Z,1.9,V,SH
CJ,31,2026-07-23T23:30:00Z,329.0,V,SH
CJ,50,2026-07-24T00:00:00Z,4.6,V,SH
CJ,51,2026-07-24T00:00:00Z,310.0,V,SH
CJ,30,2026-07-24T00:00:00Z,2.0,V,SH
CJ,31,2026-07-24T00:00:00Z,338.0,V,SH
CJ,51,2026-07-24T00:30:00Z,51.0,V,SH
CJ,50,2026-07-24T00:30:00Z,6.3,V,SH
CJ,31,2026-07-24T00:30:00Z,358.0,V,SH
CJ,30,2026-07-24T00:30:00Z,2.6,V,SH
CJ,30,2026-07-24T01:00:00Z,3.2,V,SH
CJ,31,2026-07-24T01:00:00Z,8.0,V,SH
CJ,50,2026-07-24T01:00:00Z,6.9,V,SH
CJ,51,2026-07-24T01:00:00Z,36.0,V,SH
CJ,30,2026-07-24T01:30:00Z,3.0,V,SH
CJ,31,2026-07-24T01:30:00Z,19.0,V,SH
CJ,50,2026-07-24T01:30:00Z,5.9,V,SH
CJ,51,2026-07-24T01:30:00Z,39.0,V,SH
CJ,31,2026-07-24T02:00:00Z,27.0,V,SH
CJ,50,2026-07-24T02:00:00Z,8.3,V,SH
CJ,51,2026-07-24T02:00:00Z,37.0,V,SH
CJ,30,2026-07-24T02:00:00Z,4.1,V,SH
CJ,31,2026-07-24T02:30:00Z,22.0,V,SH
CJ,51,2026-07-24T02:30:00Z,25.0,V,SH
CJ,50,2026-07-24T02:30:00Z,9.0,V,SH
CJ,30,2026-07-24T02:30:00Z,4.5,V,SH
CJ,30,2026-07-24T03:00:00Z,3.3,V,SH
CJ,50,2026-07-24T03:00:00Z,7.3,V,SH
CJ,31,2026-07-24T03:00:00Z,7.0,V,SH
CJ,51,2026-07-24T03:00:00Z,34.0,V,SH
CJ,50,2026-07-24T03:30:00Z,5.4,V,SH
CJ,51,2026-07-24T03:30:00Z,33.0,V,SH
CJ,30,2026-07-24T03:30:00Z,2.6,V,SH
CJ,31,2026-07-24T03:30:00Z,351.0,V,SH
CJ,31,2026-07-24T04:00:00Z,2.0,V,SH
CJ,50,2026-07-24T04:00:00Z,6.5,V,SH
CJ,51,2026-07-24T04:00:00Z,9.0,V,SH
CJ,30,2026-07-24T04:00:00Z,3.1,V,SH
CJ,31,2026-07-24T04:30:00Z,9.0,V,SH
CJ,50,2026-07-24T04:30:00Z,7.2,V,SH
CJ,51,2026-07-24T04:30:00Z,18.0,V,SH
CJ,30,2026-07-24T04:30:00Z,3.8,V,SH
CJ,31,2026-07-24T05:00:00Z,13.0,V,SH
CJ,51,2026-07-24T05:00:00Z,18.0,V,SH
CJ,50,2026-07-24T05:00:00Z,6.8,V,SH
CJ,30,2026-07-24T05:00:00Z,3.3,V,SH
CJ,30,2026-07-24T05:30:00Z,3.3,V,SH
CJ,31,2026-07-24T05:30:00Z,3.0,V,SH
CJ,50,2026-07-24T05:30:00Z,6.7,V,SH
CJ,51,2026-07-24T05:30:00Z,14.0,V,SH
CJ,30,2026-07-24T06:00:00Z,3.9,V,SH
CJ,31,2026-07-24T06:00:00Z,18.0,V,SH
CJ,50,2026-07-24T06:00:00Z,6.7,V,SH
CJ,51,2026-07-24T06:00:00Z,35.0,V,SH
CJ,30,2026-07-24T06:30:00Z,3.7,V,SH
CJ,31,2026-07-24T06:30:00Z,28.0,V,SH
CJ,50,2026-07-24T06:30:00Z,7.3,V,SH
CJ,51,2026-07-24T06:30:00Z,28.0,V,SH
CJ,51,2026-07-24T07:00:00Z,33.0,V,SH
CJ,50,2026-07-24T07:00:00Z,6.3,V,SH
CJ,30,2026-07-24T07:00:00Z,3.4,V,SH
CJ,31,2026-07-24T07:00:00Z,29.0,V,SH
CJ,30,2026-07-24T07:30:00Z,3.6,V,SH
CJ,31,2026-07-24T07:30:00Z,28.0,V,SH
CJ,50,2026-07-24T07:30:00Z,5.9,V,SH
CJ,51,2026-07-24T07:30:00Z,26.0,V,SH
CJ,30,2026-07-24T08:00:00Z,2.7,V,SH
CJ,31,2026-07-24T08:00:00Z,29.0,V,SH
CJ,50,2026-07-24T08:00:00Z,4.8,V,SH
CJ,51,2026-07-24T08:00:00Z,40.0,V,SH
CJ,51,2026-07-24T08:30:00Z,32.0,V,SH
CJ,50,2026-07-24T08:30:00Z,4.3,V,SH
CJ,30,2026-07-24T08:30:00Z,2.0,V,SH
CJ,31,2026-07-24T08:30:00Z,26.0,V,SH
CJ,30,2026-07-24T09:00:00Z,1.4,V,SH
CJ,31,2026-07-24T09:00:00Z,48.0,V,SH
CJ,50,2026-07-24T09:00:00Z,3.2,V,SH
CJ,51,2026-07-24T09:00:00Z,32.0,V,SH
CJ,30,2026-07-24T09:30:00Z,0.8,V,SH
CJ,31,2026-07-24T09:30:00Z,78.0,V,SH
CJ,50,2026-07-24T09:30:00Z,1.8,V,SH
CJ,51,2026-07-24T09:30:00Z,55.0,V,SH
CJ,51,2026-07-24T10:00:00Z,149.0,V,SH
CJ,50,2026-07-24T10:00:00Z,3.0,V,SH
CJ,31,2026-07-24T10:00:00Z,161.0,V,SH
CJ,30,2026-07-24T10:00:00Z,1.4,V,SH
CJ,30,2026-07-24T10:30:00Z,2.0,V,SH
CJ,31,2026-07-24T10:30:00Z,160.0,V,SH
CJ,50,2026-07-24T10:30:00Z,4.3,V,SH
CJ,51,2026-07-24T10:30:00Z,163.0,V,SH
CJ,51,2026-07-24T11:00:00Z,163.0,V,SH
CJ,30,2026-07-24T11:00:00Z,2.8,V,SH
CJ,31,2026-07-24T11:00:00Z,163.0,V,SH
CJ,50,2026-07-24T11:00:00Z,5.2,V,SH
CJ,51,2026-07-24T11:30:00Z,182.0,V,SH
CJ,50,2026-07-24T11:30:00Z,5.9,V,SH
CJ,31,2026-07-24T11:30:00Z,174.0,V,SH
CJ,30,2026-07-24T11:30:00Z,2.9,V,SH
CJ,51,2026-07-24T12:00:00Z,190.0,V,SH
CJ,30,2026-07-24T12:00:00Z,3.5,V,SH
CJ,31,2026-07-24T12:00:00Z,177.0,V,SH
CJ,50,2026-07-24T12:00:00Z,6.7,V,SH
CJ,51,2026-07-24T12:30:00Z,172.0,V,SH
CJ,30,2026-07-24T12:30:00Z,3.9,V,SH
CJ,31,2026-07-24T12:30:00Z,188.0,V,SH
CJ,50,2026-07-24T12:30:00Z,7.2,V,SH
CJ,50,2026-07-24T13:00:00Z,7.3,V,SH
CJ,51,2026-07-24T13:00:00Z,191.0,V,SH
CJ,30,2026-07-24T13:00:00Z,4.2,V,SH
CJ,31,2026-07-24T13:00:00Z,188.0,V,SH
CJ,51,2026-07-24T13:30:00Z,196.0,V,SH
CJ,50,2026-07-24T13:30:00Z,8.1,V,SH
CJ,30,2026-07-24T13:30:00Z,4.2,V,SH
CJ,31,2026-07-24T13:30:00Z,195.0,V,SH
CJ,30,2026-07-24T14:00:00Z,4.6,V,SH
CJ,31,2026-07-24T14:00:00Z,185.0,V,SH
CJ,50,2026-07-24T14:00:00Z,8.0,V,SH
CJ,51,2026-07-24T14:00:00Z,202.0,V,SH
CJ,30,2026-07-24T14:30:00Z,4.5,V,SH
CJ,31,2026-07-24T14:30:00Z,193.0,V,SH
CJ,50,2026-07-24T14:30:00Z,8.4,V,SH
CJ,51,2026-07-24T14:30:00Z,196.0,V,SH
CJ,50,2026-07-24T15:00:00Z,8.2,V,SH
CJ,31,2026-07-24T15:00:00Z,189.0,V,SH
CJ,30,2026-07-24T15:00:00Z,4.5,V,SH
CJ,51,2026-07-24T15:00:00Z,185.0,V,SH
CJ,31,2026-07-24T15:30:00Z,197.0,V,SH
CJ,51,2026-07-24T15:30:00Z,195.0,V,SH
CJ,30,2026-07-24T15:30:00Z,4.4,V,SH
CJ,50,2026-07-24T15:30:00Z,8.8,V,SH
CJ,31,2026-07-24T16:00:00Z,202.0,V,SH
CJ,51,2026-07-24T16:00:00Z,197.0,V,SH
CJ,30,2026-07-24T16:00:00Z,4.9,V,SH
CJ,50,2026-07-24T16:00:00Z,9.5,V,SH
CJ,51,2026-07-24T16:30:00Z,208.0,V,SH
CJ,50,2026-07-24T16:30:00Z,10.4,V,SH
CJ,31,2026-07-24T16:30:00Z,198.0,V,SH
CJ,30,2026-07-24T16:30:00Z,5.4,V,SH
CJ,50,2026-07-24T17:00:00Z,7.2,V,SH
CJ,51,2026-07-24T17:00:00Z,203.0,V,SH
CJ,30,2026-07-24T17:00:00Z,3.8,V,SH
CJ,31,2026-07-24T17:00:00Z,200.0,V,SH
CJ,31,2026-07-24T17:30:00Z,191.0,V,SH
CJ,51,2026-07-24T17:30:00Z,189.0,V,SH
CJ,30,2026-07-24T17:30:00Z,2.6,V,SH
CJ,50,2026-07-24T17:30:00Z,6.0,V,SH
CJ,50,2026-07-24T18:00:00Z,6.9,V,SH
CJ,30,2026-07-24T18:00:00Z,3.7,V,SH
CJ,51,2026-07-24T18:00:00Z,193.0,V,SH
CJ,31,2026-07-24T18:00:00Z,196.0,V,SH
CJ,31,2026-07-24T18:30:00Z,195.0,V,SH
CJ,51,2026-07-24T18:30:00Z,162.0,V,SH
CJ,30,2026-07-24T18:30:00Z,2.8,V,SH
CJ,50,2026-07-24T18:30:00Z,4.9,V,SH
CJ,31,2026-07-24T19:00:00Z,177.0,V,SH
CJ,51,2026-07-24T19:00:00Z,176.0,V,SH
CJ,30,2026-07-24T19:00:00Z,1.9,V,SH
CJ,50,2026-07-24T19:00:00Z,5.0,V,SH
CJ,50,2026-07-24T19:30:00Z,6.5,V,SH
CJ,30,2026-07-24T19:30:00Z,2.7,V,SH
CJ,51,2026-07-24T19:30:00Z,186.0,V,SH
CJ,31,2026-07-24T19:30:00Z,186.0,V,SH
CJ,51,2026-07-24T20:00:00Z,196.0,V,SH
CJ,30,2026-07-24T20:00:00Z,3.2,V,SH
CJ,31,2026-07-24T20:00:00Z,198.0,V,SH
CJ,50,2026-07-24T20:00:00Z,6.1,V,SH
CJ,30,2026-07-24T20:30:00Z,2.7,V,SH
CJ,31,2026-07-24T20:30:00Z,186.0,V,SH
CJ,51,2026-07-24T20:30:00Z,208.0,V,SH
CJ,50,2026-07-24T20:30:00Z,5.0,V,SH
CJ,51,2026-07-24T21:00:00Z,174.0,V,SH
CJ,50,2026-07-24T21:00:00Z,4.5,V,SH
CJ,30,2026-07-24T21:00:00Z,2.3,V,SH
CJ,31,2026-07-24T21:00:00Z,183.0,V,SH
CJ,50,2026-07-24T21:30:00Z,3.1,V,SH
CJ,51,2026-07-24T21:30:00Z,160.0,V,SH
CJ,30,2026-07-24T21:30:00Z,0.9,V,SH
CJ,31,2026-07-24T21:30:00Z,113.0,V,SH
CJ,31,2026-07-24T22:00:00Z,111.0,V,SH
CJ,51,2026-07-24T22:00:00Z,114.0,V,SH
CJ,30,2026-07-24T22:00:00Z,0.9,V,SH
CJ,50,2026-07-24T22:00:00Z,2.3,V,SH
CJ,50,2026-07-24T22:30:00Z,3.0,V,SH
CJ,30,2026-07-24T22:30:00Z,0.9,V,SH
CJ,51,2026-07-24T22:30:00Z,150.0,V,SH
CJ,31,2026-07-24T22:30:00Z,196.0,V,SH
CJ,31,2026-07-24T23:00:00Z,265.0,V,SH
CJ,51,2026-07-24T23:00:00Z,223.0,V,SH
CJ,30,2026-07-24T23:00:00Z,0.8,V,SH
CJ,50,2026-07-24T23:00:00Z,1.8,V,SH
CJ,31,2026-07-24T23:30:00Z,293.0,V,SH
CJ,51,2026-07-24T23:30:00Z,306.0,V,SH
CJ,30,2026-07-24T23:30:00Z,0.8,V,SH
CJ,50,2026-07-24T23:30:00Z,1.8,V,SH
CJ,50,2026-07-25T00:00:00Z,3.1,V,SH
CJ,30,2026-07-25T00:00:00Z,1.5,V,SH
CJ,51,2026-07-25T00:00:00Z,313.0,V,SH
CJ,31,2026-07-25T00:00:00Z,307.0,V,SH
CJ,31,2026-07-25T00:30:00Z,326.0,V,SH
CJ,51,2026-07-25T00:30:00Z,312.0,V,SH
CJ,30,2026-07-25T00:30:00Z,0.8,V,SH
CJ,50,2026-07-25T00:30:00Z,2.1,V,SH
CJ,31,2026-07-25T01:00:00Z,313.0,V,SH
CJ,51,2026-07-25T01:00:00Z,311.0,V,SH
CJ,30,2026-07-25T01:00:00Z,0.4,V,SH
CJ,50,2026-07-25T01:00:00Z,1.3,V,SH
CJ,31,2026-07-25T01:30:00Z,306.0,V,SH
CJ,50,2026-07-25T01:30:00Z,2.6,V,SH
CJ,30,2026-07-25T01:30:00Z,0.9,V,SH
CJ,51,2026-07-25T01:30:00Z,306.0,V,SH
CJ,31,2026-07-25T02:00:00Z,281.0,V,SH
CJ,30,2026-07-25T02:00:00Z,1.2,V,SH
CJ,51,2026-07-25T02:00:00Z,291.0,V,SH
CJ,50,2026-07-25T02:00:00Z,2.9,V,SH
CJ,31,2026-07-25T02:30:00Z,257.0,V,SH
CJ,51,2026-07-25T02:30:00Z,62.0,V,SH
CJ,30,2026-07-25T02:30:00Z,0.8,V,SH
CJ,50,2026-07-25T02:30:00Z,2.0,V,SH
CJ,31,2026-07-25T03:00:00Z,257.0,V,SH
CJ,51,2026-07-25T03:00:00Z,303.0,V,SH
CJ,30,2026-07-25T03:00:00Z,0.7,V,SH
CJ,50,2026-07-25T03:00:00Z,1.7,V,SH
CJ,50,2026-07-25T03:30:00Z,3.0,V,SH
CJ,30,2026-07-25T03:30:00Z,1.7,V,SH
CJ,31,2026-07-25T03:30:00Z,308.0,V,SH
CJ,51,2026-07-25T03:30:00Z,306.0,V,SH
CJ,31,2026-07-25T04:00:00Z,304.0,V,SH
CJ,51,2026-07-25T04:00:00Z,299.0,V,SH
CJ,30,2026-07-25T04:00:00Z,1.0,V,SH
CJ,50,2026-07-25T04:00:00Z,2.3,V,SH
CJ,31,2026-07-25T04:30:00Z,302.0,V,SH
CJ,51,2026-07-25T04:30:00Z,305.0,V,SH
CJ,30,2026-07-25T04:30:00Z,0.3,V,SH
CJ,50,2026-07-25T04:30:00Z,1.5,V,SH
CJ,50,2026-07-25T05:00:00Z,2.0,V,SH
CJ,31,2026-07-25T05:00:00Z,308.0,V,SH
CJ,30,2026-07-25T05:00:00Z,1.1,V,SH
CJ,51,2026-07-25T05:00:00Z,320.0,V,SH
CJ,30,2026-07-25T05:30:00Z,0.5,V,SH
CJ,31,2026-07-25T05:30:00Z,325.0,V,SH
CJ,51,2026-07-25T05:30:00Z,15.0,V,SH
CJ,50,2026-07-25T05:30:00Z,1.5,V,SH
CJ,50,2026-07-25T06:00:00Z,1.1,V,SH
CJ,30,2026-07-25T06:00:00Z,0.3,V,SH
CJ,31,2026-07-25T06:00:00Z,198.0,V,SH
CJ,51,2026-07-25T06:00:00Z,256.0,V,SH
CJ,31,2026-07-25T06:30:00Z,14.0,V,SH
CJ,30,2026-07-25T06:30:00Z,0.5,V,SH
CJ,51,2026-07-25T06:30:00Z,55.0,V,SH
CJ,50,2026-07-25T06:30:00Z,1.9,V,SH
CJ,31,2026-07-25T07:00:00Z,30.0,V,SH
CJ,51,2026-07-25T07:00:00Z,34.0,V,SH
CJ,30,2026-07-25T07:00:00Z,1.3,V,SH
CJ,50,2026-07-25T07:00:00Z,2.8,V,SH
CJ,31,2026-07-25T07:30:00Z,54.0,V,SH
CJ,51,2026-07-25T07:30:00Z,22.0,V,SH
CJ,30,2026-07-25T07:30:00Z,1.1,V,SH
CJ,50,2026-07-25T07:30:00Z,2.2,V,SH
CJ,30,2026-07-25T08:00:00Z,0.8,V,SH
CJ,50,2026-07-25T08:00:00Z,2.0,V,SH
CJ,31,2026-07-25T08:00:00Z,74.0,V,SH
CJ,51,2026-07-25T08:00:00Z,94.0,V,SH
CJ,31,2026-07-25T08:30:00Z,165.0,V,SH
CJ,51,2026-07-25T08:30:00Z,152.0,V,SH
CJ,30,2026-07-25T08:30:00Z,1.0,V,SH
CJ,50,2026-07-25T08:30:00Z,2.9,V,SH
CJ,31,2026-07-25T09:00:00Z,160.0,V,SH
CJ,51,2026-07-25T09:00:00Z,171.0,V,SH
CJ,30,2026-07-25T09:00:00Z,2.4,V,SH
CJ,50,2026-07-25T09:00:00Z,5.8,V,SH
CJ,50,2026-07-25T09:30:00Z,7.0,V,SH
CJ,30,2026-07-25T09:30:00Z,4.0,V,SH
CJ,51,2026-07-25T09:30:00Z,185.0,V,SH
CJ,31,2026-07-25T09:30:00Z,186.0,V,SH
CJ,31,2026-07-25T10:00:00Z,182.0,V,SH
CJ,51,2026-07-25T10:00:00Z,195.0,V,SH
CJ,30,2026-07-25T10:00:00Z,4.6,V,SH
CJ,50,2026-07-25T10:00:00Z,9.2,V,SH
CJ,50,2026-07-25T10:30:00Z,9.2,V,SH
CJ,30,2026-07-25T10:30:00Z,5.1,V,SH
CJ,31,2026-07-25T10:30:00Z,181.0,V,SH
CJ,51,2026-07-25T10:30:00Z,183.0,V,SH
CJ,30,2026-07-25T11:00:00Z,5.1,V,SH
CJ,31,2026-07-25T11:00:00Z,186.0,V,SH
CJ,50,2026-07-25T11:00:00Z,9.1,V,SH
CJ,51,2026-07-25T11:00:00Z,175.0,V,SH
CJ,31,2026-07-25T11:30:00Z,193.0,V,SH
CJ,51,2026-07-25T11:30:00Z,181.0,V,SH
CJ,30,2026-07-25T11:30:00Z,5.6,V,SH
CJ,50,2026-07-25T11:30:00Z,9.9,V,SH
CJ,31,2026-07-25T12:00:00Z,187.0,V,SH
CJ,51,2026-07-25T12:00:00Z,193.0,V,SH
CJ,30,2026-07-25T12:00:00Z,4.9,V,SH
CJ,50,2026-07-25T12:00:00Z,8.7,V,SH
CJ,30,2026-07-25T12:30:00Z,4.8,V,SH
CJ,50,2026-07-25T12:30:00Z,9.7,V,SH
CJ,31,2026-07-25T12:30:00Z,186.0,V,SH
CJ,51,2026-07-25T12:30:00Z,196.0,V,SH
CJ,31,2026-07-25T13:00:00Z,183.0,V,SH
CJ,51,2026-07-25T13:00:00Z,165.0,V,SH
CJ,30,2026-07-25T13:00:00Z,5.4,V,SH
CJ,50,2026-07-25T13:00:00Z,9.5,V,SH
CJ,31,2026-07-25T13:30:00Z,186.0,V,SH
CJ,51,2026-07-25T13:30:00Z,194.0,V,SH
CJ,30,2026-07-25T13:30:00Z,4.8,V,SH
CJ,50,2026-07-25T13:30:00Z,9.0,V,SH
CJ,50,2026-07-25T14:00:00Z,6.4,V,SH
CJ,31,2026-07-25T14:00:00Z,177.0,V,SH
CJ,51,2026-07-25T14:00:00Z,173.0,V,SH
CJ,30,2026-07-25T14:00:00Z,3.0,V,SH
CJ,30,2026-07-25T14:30:00Z,3.1,V,SH
CJ,50,2026-07-25T14:30:00Z,7.7,V,SH
CJ,31,2026-07-25T14:30:00Z,171.0,V,SH
CJ,51,2026-07-25T14:30:00Z,189.0,V,SH
CJ,51,2026-07-25T15:00:00Z,206.0,V,SH
CJ,50,2026-07-25T15:00:00Z,9.5,V,SH
CJ,31,2026-07-25T15:00:00Z,210.0,V,SH
CJ,30,2026-07-25T15:00:00Z,3.9,V,SH
CJ,50,2026-07-25T15:30:00Z,8.5,V,SH
CJ,30,2026-07-25T15:30:00Z,3.5,V,SH
CJ,31,2026-07-25T15:30:00Z,240.0,V,SH
CJ,51,2026-07-25T15:30:00Z,210.0,V,SH
CJ,31,2026-07-25T16:00:00Z,245.0,V,SH
CJ,30,2026-07-25T16:00:00Z,3.4,V,SH
CJ,50,2026-07-25T16:00:00Z,7.8,V,SH
CJ,51,2026-07-25T16:00:00Z,205.0,V,SH
CJ,31,2026-07-25T16:30:00Z,213.0,V,SH
CJ,51,2026-07-25T16:30:00Z,198.0,V,SH
CJ,30,2026-07-25T16:30:00Z,3.5,V,SH
CJ,50,2026-07-25T16:30:00Z,8.2,V,SH
CJ,50,2026-07-25T17:00:00Z,7.6,V,SH
CJ,31,2026-07-25T17:00:00Z,236.0,V,SH
CJ,51,2026-07-25T17:00:00Z,201.0,V,SH
CJ,30,2026-07-25T17:00:00Z,3.4,V,SH
CJ,30,2026-07-25T17:30:00Z,3.2,V,SH
CJ,50,2026-07-25T17:30:00Z,8.1,V,SH
CJ,31,2026-07-25T17:30:00Z,214.0,V,SH
CJ,51,2026-07-25T17:30:00Z,204.0,V,SH
CJ,50,2026-07-25T18:00:00Z,5.4,V,SH
CJ,30,2026-07-25T18:00:00Z,2.2,V,SH
CJ,31,2026-07-25T18:00:00Z,219.0,V,SH
CJ,51,2026-07-25T18:00:00Z,214.0,V,SH
CJ,31,2026-07-25T18:30:00Z,19.0,V,SH
CJ,51,2026-07-25T18:30:00Z,37.0,V,SH
CJ,30,2026-07-25T18:30:00Z,1.1,V,SH
CJ,50,2026-07-25T18:30:00Z,6.9,V,SH
CJ,50,2026-07-25T19:00:00Z,11.9,V,SH
CJ,31,2026-07-25T19:00:00Z,37.0,V,SH
CJ,51,2026-07-25T19:00:00Z,29.0,V,SH
CJ,30,2026-07-25T19:00:00Z,6.9,V,SH
CJ,50,2026-07-25T19:30:00Z,11.3,V,SH
CJ,30,2026-07-25T19:30:00Z,6.5,V,SH
CJ,31,2026-07-25T19:30:00Z,42.0,V,SH
CJ,51,2026-07-25T19:30:00Z,32.0,V,SH
CJ,50,2026-07-25T20:00:00Z,8.8,V,SH
CJ,30,2026-07-25T20:00:00Z,6.2,V,SH
CJ,31,2026-07-25T20:00:00Z,32.0,V,SH
CJ,51,2026-07-25T20:00:00Z,25.0,V,SH
CJ,50,2026-07-25T20:30:00Z,10.4,V,SH
CJ,51,2026-07-25T20:30:00Z,29.0,V,SH
CJ,30,2026-07-25T20:30:00Z,6.5,V,SH
CJ,31,2026-07-25T20:30:00Z,37.0,V,SH
CJ,30,2026-07-25T21:00:00Z,5.7,V,SH
CJ,50,2026-07-25T21:00:00Z,9.5,V,SH
CJ,51,2026-07-25T21:00:00Z,35.0,V,SH
CJ,31,2026-07-25T21:00:00Z,40.0,V,SH
CJ,31,2026-07-25T21:30:00Z,34.0,V,SH
CJ,51,2026-07-25T21:30:00Z,38.0,V,SH
CJ,30,2026-07-25T21:30:00Z,5.6,V,SH
CJ,50,2026-07-25T21:30:00Z,8.6,V,SH
CJ,31,2026-07-25T22:00:00Z,29.0,V,SH
CJ,51,2026-07-25T22:00:00Z,28.0,V,SH
CJ,30,2026-07-25T22:00:00Z,6.4,V,SH
CJ,50,2026-07-25T22:00:00Z,10.1,V,SH
CJ,30,2026-07-25T22:30:00Z,6.4,V,SH
CJ,50,2026-07-25T22:30:00Z,10.2,V,SH
CJ,51,2026-07-25T22:30:00Z,54.0,V,SH
CJ,31,2026-07-25T22:30:00Z,38.0,V,SH
CJ,31,2026-07-25T23:00:00Z,38.0,V,SH
CJ,51,2026-07-25T23:00:00Z,47.0,V,SH
CJ,30,2026-07-25T23:00:00Z,5.9,V,SH
CJ,50,2026-07-25T23:00:00Z,9.9,V,SH
CJ,31,2026-07-25T23:30:00Z,38.0,V,SH
CJ,51,2026-07-25T23:30:00Z,39.0,V,SH
CJ,30,2026-07-25T23:30:00Z,5.7,V,SH
CJ,50,2026-07-25T23:30:00Z,8.8,V,SH
CJ,50,2026-07-26T00:00:00Z,8.9,V,SH
CJ,30,2026-07-26T00:00:00Z,6.0,V,SH
CJ,51,2026-07-26T00:00:00Z,31.0,V,SH
CJ,31,2026-07-26T00:00:00Z,39.0,V,SH
CJ,30,2026-07-26T00:30:00Z,6.0,V,SH
CJ,31,2026-07-26T00:30:00Z,40.0,V,SH
CJ,51,2026-07-26T00:30:00Z,41.0,V,SH
CJ,50,2026-07-26T00:30:00Z,9.0,V,SH
CJ,30,2026-07-26T01:00:00Z,6.0,V,SH
CJ,31,2026-07-26T01:00:00Z,32.0,V,SH
CJ,50,2026-07-26T01:00:00Z,9.7,V,SH
CJ,51,2026-07-26T01:00:00Z,26.0,V,SH
CJ,31,2026-07-26T01:30:00Z,29.0,V,SH
CJ,30,2026-07-26T01:30:00Z,5.5,V,SH
CJ,51,2026-07-26T01:30:00Z,38.0,V,SH
CJ,50,2026-07-26T01:30:00Z,9.2,V,SH
CJ,31,2026-07-26T02:00:00Z,25.0,V,SH
CJ,51,2026-07-26T02:00:00Z,27.0,V,SH
CJ,30,2026-07-26T02:00:00Z,6.4,V,SH
CJ,50,2026-07-26T02:00:00Z,9.6,V,SH
CJ,31,2026-07-26T02:30:00Z,29.0,V,SH
CJ,51,2026-07-26T02:30:00Z,23.0,V,SH
CJ,30,2026-07-26T02:30:00Z,5.2,V,SH
CJ,50,2026-07-26T02:30:00Z,8.6,V,SH
CJ,30,2026-07-26T03:00:00Z,5.3,V,SH
CJ,50,2026-07-26T03:00:00Z,8.6,V,SH
CJ,31,2026-07-26T03:00:00Z,29.0,V,SH
CJ,51,2026-07-26T03:00:00Z,31.0,V,SH
CJ,30,2026-07-26T03:30:00Z,6.9,V,SH
CJ,50,2026-07-26T03:30:00Z,9.8,V,SH
CJ,31,2026-07-26T03:30:00Z,27.0,V,SH
CJ,51,2026-07-26T03:30:00Z,26.0,V,SH
CJ,30,2026-07-26T04:00:00Z,7.0,V,SH
CJ,50,2026-07-26T04:00:00Z,10.9,V,SH
CJ,31,2026-07-26T04:00:00Z,30.0,V,SH
CJ,51,2026-07-26T04:00:00Z,33.0,V,SH
CJ,50,2026-07-26T04:30:00Z,11.2,V,SH
CJ,30,2026-07-26T04:30:00Z,8.0,V,SH
CJ,51,2026-07-26T04:30:00Z,38.0,V,SH
CJ,31,2026-07-26T04:30:00Z,30.0,V,SH
CJ,31,2026-07-26T05:00:00Z,29.0,V,SH
CJ,51,2026-07-26T05:00:00Z,30.0,V,SH
CJ,30,2026-07-26T05:00:00Z,7.6,V,SH
CJ,50,2026-07-26T05:00:00Z,10.2,V,SH
CJ,50,2026-07-26T05:30:00Z,9.9,V,SH
CJ,30,2026-07-26T05:30:00Z,6.4,V,SH
CJ,31,2026-07-26T05:30:00Z,27.0,V,SH
CJ,51,2026-07-26T05:30:00Z,21.0,V,SH
CJ,31,2026-07-26T06:00:00Z,32.0,V,SH
CJ,30,2026-07-26T06:00:00Z,5.8,V,SH
CJ,51,2026-07-26T06:00:00Z,34.0,V,SH
CJ,50,2026-07-26T06:00:00Z,9.0,V,SH
CJ,31,2026-07-26T06:30:00Z,47.0,V,SH
CJ,51,2026-07-26T06:30:00Z,33.0,V,SH
CJ,30,2026-07-26T06:30:00Z,3.3,V,SH
CJ,50,2026-07-26T06:30:00Z,7.2,V,SH
CJ,31,2026-07-26T07:00:00Z,54.0,V,SH
CJ,51,2026-07-26T07:00:00Z,53.0,V,SH
CJ,30,2026-07-26T07:00:00Z,3.5,V,SH
CJ,50,2026-07-26T07:00:00Z,7.5,V,SH
CJ,30,2026-07-26T07:30:00Z,4.0,V,SH
CJ,50,2026-07-26T07:30:00Z,7.3,V,SH
CJ,31,2026-07-26T07:30:00Z,49.0,V,SH
CJ,51,2026-07-26T07:30:00Z,46.0,V,SH
CJ,31,2026-07-26T08:00:00Z,30.0,V,SH
CJ,51,2026-07-26T08:00:00Z,30.0,V,SH
CJ,30,2026-07-26T08:00:00Z,4.3,V,SH
CJ,50,2026-07-26T08:00:00Z,6.6,V,SH
CJ,50,2026-07-26T08:30:00Z,7.3,V,SH
CJ,30,2026-07-26T08:30:00Z,4.0,V,SH
CJ,31,2026-07-26T08:30:00Z,32.0,V,SH
CJ,51,2026-07-26T08:30:00Z,31.0,V,SH
CJ,50,2026-07-26T09:00:00Z,7.9,V,SH
CJ,30,2026-07-26T09:00:00Z,4.3,V,SH
CJ,51,2026-07-26T09:00:00Z,34.0,V,SH
CJ,31,2026-07-26T09:00:00Z,28.0,V,SH
CJ,30,2026-07-26T09:30:00Z,3.9,V,SH
CJ,31,2026-07-26T09:30:00Z,31.0,V,SH
CJ,50,2026-07-26T09:30:00Z,7.8,V,SH
CJ,51,2026-07-26T09:30:00Z,22.0,V,SH
CJ,30,2026-07-26T10:00:00Z,1.8,V,SH
CJ,31,2026-07-26T10:00:00Z,58.0,V,SH
CJ,50,2026-07-26T10:00:00Z,5.5,V,SH
CJ,51,2026-07-26T10:00:00Z,56.0,V,SH
CJ,30,2026-07-26T10:30:00Z,1.7,V,SH
CJ,31,2026-07-26T10:30:00Z,186.0,V,SH
CJ,50,2026-07-26T10:30:00Z,5.8,V,SH
CJ,51,2026-07-26T10:30:00Z,162.0,V,SH
CJ,51,2026-07-26T11:00:00Z,173.0,V,SH
CJ,30,2026-07-26T11:00:00Z,2.6,V,SH
CJ,50,2026-07-26T11:00:00Z,7.8,V,SH
CJ,31,2026-07-26T11:00:00Z,178.0,V,SH
CJ,30,2026-07-26T11:30:00Z,4.0,V,SH
CJ,31,2026-07-26T11:30:00Z,175.0,V,SH
CJ,50,2026-07-26T11:30:00Z,7.1,V,SH
CJ,51,2026-07-26T11:30:00Z,162.0,V,SH
CJ,30,2026-07-26T12:00:00Z,3.5,V,SH
CJ,31,2026-07-26T12:00:00Z,169.0,V,SH
CJ,50,2026-07-26T12:00:00Z,6.3,V,SH
CJ,51,2026-07-26T12:00:00Z,156.0,V,SH
CJ,30,2026-07-26T12:30:00Z,4.1,V,SH
CJ,31,2026-07-26T12:30:00Z,181.0,V,SH
CJ,50,2026-07-26T12:30:00Z,7.7,V,SH
CJ,51,2026-07-26T12:30:00Z,197.0,V,SH
CJ,51,2026-07-26T13:00:00Z,183.0,V,SH
CJ,50,2026-07-26T13:00:00Z,7.4,V,SH
CJ,30,2026-07-26T13:00:00Z,3.8,V,SH
CJ,31,2026-07-26T13:00:00Z,169.0,V,SH
CJ,50,2026-07-26T13:30:00Z,7.9,V,SH
CJ,30,2026-07-26T13:30:00Z,3.8,V,SH
CJ,31,2026-07-26T13:30:00Z,174.0,V,SH
CJ,51,2026-07-26T13:30:00Z,178.0,V,SH
CJ,31,2026-07-26T14:00:00Z,181.0,V,SH
CJ,50,2026-07-26T14:00:00Z,7.0,V,SH
CJ,30,2026-07-26T14:00:00Z,3.3,V,SH
CJ,51,2026-07-26T14:00:00Z,192.0,V,SH
CJ,51,2026-07-26T14:30:00Z,194.0,V,SH
CJ,50,2026-07-26T14:30:00Z,6.8,V,SH
CJ,30,2026-07-26T14:30:00Z,3.5,V,SH
CJ,31,2026-07-26T14:30:00Z,180.0,V,SH
CJ,50,2026-07-26T15:00:00Z,6.8,V,SH
CJ,30,2026-07-26T15:00:00Z,3.5,V,SH
CJ,31,2026-07-26T15:00:00Z,173.0,V,SH
CJ,51,2026-07-26T15:00:00Z,178.0,V,SH
CJ,51,2026-07-26T15:30:00Z,180.0,V,SH
CJ,30,2026-07-26T15:30:00Z,3.8,V,SH
CJ,31,2026-07-26T15:30:00Z,185.0,V,SH
CJ,50,2026-07-26T15:30:00Z,7.6,V,SH
CJ,31,2026-07-26T16:00:00Z,191.0,V,SH
CJ,51,2026-07-26T16:00:00Z,200.0,V,SH
CJ,30,2026-07-26T16:00:00Z,4.2,V,SH
CJ,50,2026-07-26T16:00:00Z,7.8,V,SH
CJ,30,2026-07-26T16:30:00Z,4.5,V,SH
CJ,31,2026-07-26T16:30:00Z,193.0,V,SH
CJ,50,2026-07-26T16:30:00Z,7.8,V,SH
CJ,51,2026-07-26T16:30:00Z,191.0,V,SH
CJ,51,2026-07-26T17:00:00Z,190.0,V,SH
CJ,30,2026-07-26T17:00:00Z,3.8,V,SH
CJ,31,2026-07-26T17:00:00Z,188.0,V,SH
CJ,50,2026-07-26T17:00:00Z,6.9,V,SH
CJ,51,2026-07-26T17:30:00Z,211.0,V,SH
CJ,31,2026-07-26T17:30:00Z,199.0,V,SH
CJ,30,2026-07-26T17:30:00Z,4.2,V,SH
CJ,50,2026-07-26T17:30:00Z,7.9,V,SH
CJ,31,2026-07-26T18:00:00Z,202.0,V,SH
CJ,30,2026-07-26T18:00:00Z,3.4,V,SH
CJ,50,2026-07-26T18:00:00Z,6.7,V,SH
CJ,51,2026-07-26T18:00:00Z,195.0,V,SH
CJ,30,2026-07-26T18:30:00Z,3.2,V,SH
CJ,31,2026-07-26T18:30:00Z,200.0,V,SH
CJ,51,2026-07-26T18:30:00Z,212.0,V,SH
CJ,50,2026-07-26T18:30:00Z,6.3,V,SH
CJ,51,2026-07-26T19:00:00Z,230.0,V,SH
CJ,31,2026-07-26T19:00:00Z,200.0,V,SH
CJ,30,2026-07-26T19:00:00Z,3.4,V,SH
CJ,50,2026-07-26T19:00:00Z,6.6,V,SH
CJ,50,2026-07-26T19:30:00Z,6.3,V,SH
CJ,30,2026-07-26T19:30:00Z,3.0,V,SH
CJ,31,2026-07-26T19:30:00Z,199.0,V,SH
CJ,51,2026-07-26T19:30:00Z,198.0,V,SH
CJ,30,2026-07-26T20:00:00Z,1.3,V,SH
CJ,31,2026-07-26T20:00:00Z,172.0,V,SH
CJ,50,2026-07-26T20:00:00Z,4.3,V,SH
CJ,51,2026-07-26T20:00:00Z,192.0,V,SH
CJ,30,2026-07-26T20:30:00Z,0.6,V,SH
CJ,50,2026-07-26T20:30:00Z,1.5,V,SH
CJ,51,2026-07-26T20:30:00Z,24.0,V,SH
CJ,31,2026-07-26T20:30:00Z,41.0,V,SH
CJ,51,2026-07-26T21:00:00Z,17.0,V,SH
CJ,50,2026-07-26T21:00:00Z,1.8,V,SH
CJ,30,2026-07-26T21:00:00Z,0.9,V,SH
CJ,31,2026-07-26T21:00:00Z,36.0,V,SH
CJ,30,2026-07-26T21:30:00Z,1.0,V,SH
CJ,31,2026-07-26T21:30:00Z,27.0,V,SH
CJ,50,2026-07-26T21:30:00Z,1.9,V,SH
CJ,51,2026-07-26T21:30:00Z,17.0,V,SH
CJ,31,2026-07-26T22:00:00Z,319.0,V,SH
CJ,51,2026-07-26T22:00:00Z,309.0,V,SH
CJ,50,2026-07-26T22:00:00Z,3.2,V,SH
CJ,30,2026-07-26T22:00:00Z,1.7,V,SH
CJ,30,2026-07-26T22:30:00Z,2.0,V,SH
CJ,31,2026-07-26T22:30:00Z,317.0,V,SH
CJ,50,2026-07-26T22:30:00Z,4.2,V,SH
CJ,51,2026-07-26T22:30:00Z,318.0,V,SH
CJ,30,2026-07-26T23:00:00Z,1.0,V,SH
CJ,51,2026-07-26T23:00:00Z,309.0,V,SH
CJ,50,2026-07-26T23:00:00Z,3.1,V,SH
CJ,31,2026-07-26T23:00:00Z,288.0,V,SH
CJ,51,2026-07-26T23:30:00Z,314.0,V,SH
CJ,30,2026-07-26T23:30:00Z,1.4,V,SH
CJ,31,2026-07-26T23:30:00Z,312.0,V,SH
CJ,50,2026-07-26T23:30:00Z,2.7,V,SH
CJ,50,2026-07-27T00:00:00Z,2.2,V,SH
CJ,31,2026-07-27T00:00:00Z,244.0,V,SH
CJ,30,2026-07-27T00:00:00Z,0.5,V,SH
CJ,51,2026-07-27T00:00:00Z,289.0,V,SH
CJ,50,2026-07-27T00:30:00Z,1.8,V,SH
CJ,30,2026-07-27T00:30:00Z,0.5,V,SH
CJ,31,2026-07-27T00:30:00Z,240.0,V,SH
CJ,51,2026-07-27T00:30:00Z,286.0,V,SH
CJ,31,2026-07-27T01:00:00Z,297.0,V,SH
CJ,30,2026-07-27T01:00:00Z,0.6,V,SH
CJ,50,2026-07-27T01:00:00Z,2.2,V,SH
CJ,51,2026-07-27T01:00:00Z,297.0,V,SH
CJ,50,2026-07-27T01:30:00Z,2.5,V,SH
CJ,31,2026-07-27T01:30:00Z,268.0,V,SH
CJ,30,2026-07-27T01:30:00Z,0.5,V,SH
CJ,51,2026-07-27T01:30:00Z,346.0,V,SH
CJ,50,2026-07-27T02:00:00Z,3.7,V,SH
CJ,30,2026-07-27T02:00:00Z,1.4,V,SH
CJ,31,2026-07-27T02:00:00Z,317.0,V,SH
CJ,51,2026-07-27T02:00:00Z,302.0,V,SH
CJ,50,2026-07-27T02:30:00Z,3.2,V,SH
CJ,30,2026-07-27T02:30:00Z,1.3,V,SH
CJ,31,2026-07-27T02:30:00Z,339.0,V,SH
CJ,51,2026-07-27T02:30:00Z,330.0,V,SH
CJ,50,2026-07-27T03:00:00Z,6.6,V,SH
CJ,31,2026-07-27T03:00:00Z,359.0,V,SH
CJ,51,2026-07-27T03:00:00Z,26.0,V,SH
CJ,30,2026-07-27T03:00:00Z,1.9,V,SH
CJ,30,2026-07-27T03:30:00Z,3.3,V,SH
CJ,31,2026-07-27T03:30:00Z,359.0,V,SH
CJ,50,2026-07-27T03:30:00Z,7.1,V,SH
CJ,51,2026-07-27T03:30:00Z,8.0,V,SH
CJ,30,2026-07-27T04:00:00Z,2.0,V,SH
CJ,31,2026-07-27T04:00:00Z,348.0,V,SH
CJ,50,2026-07-27T04:00:00Z,4.7,V,SH
CJ,51,2026-07-27T04:00:00Z,347.0,V,SH
CJ,31,2026-07-27T04:30:00Z,345.0,V,SH
CJ,50,2026-07-27T04:30:00Z,5.4,V,SH
CJ,51,2026-07-27T04:30:00Z,16.0,V,SH
CJ,30,2026-07-27T04:30:00Z,2.2,V,SH
CJ,30,2026-07-27T05:00:00Z,4.1,V,SH
CJ,51,2026-07-27T05:00:00Z,13.0,V,SH
CJ,50,2026-07-27T05:00:00Z,8.6,V,SH
CJ,31,2026-07-27T05:00:00Z,6.0,V,SH
CJ,51,2026-07-27T05:30:00Z,28.0,V,SH
CJ,50,2026-07-27T05:30:00Z,6.3,V,SH
CJ,31,2026-07-27T05:30:00Z,356.0,V,SH
CJ,30,2026-07-27T05:30:00Z,2.9,V,SH
CJ,30,2026-07-27T06:00:00Z,5.1,V,SH
CJ,31,2026-07-27T06:00:00Z,21.0,V,SH
CJ,50,2026-07-27T06:00:00Z,8.9,V,SH
CJ,51,2026-07-27T06:00:00Z,25.0,V,SH
CJ,51,2026-07-27T06:30:00Z,29.0,V,SH
CJ,31,2026-07-27T06:30:00Z,23.0,V,SH
CJ,30,2026-07-27T06:30:00Z,4.6,V,SH
CJ,50,2026-07-27T06:30:00Z,7.8,V,SH
CJ,50,2026-07-27T07:00:00Z,7.7,V,SH
CJ,30,2026-07-27T07:00:00Z,4.6,V,SH
CJ,31,2026-07-27T07:00:00Z,26.0,V,SH
CJ,51,2026-07-27T07:00:00Z,30.0,V,SH
CJ,50,2026-07-27T07:30:00Z,5.7,V,SH
CJ,30,2026-07-27T07:30:00Z,2.3,V,SH
CJ,31,2026-07-27T07:30:00Z,36.0,V,SH
CJ,51,2026-07-27T07:30:00Z,33.0,V,SH
CJ,51,2026-07-27T08:00:00Z,37.0,V,SH
CJ,30,2026-07-27T08:00:00Z,2.3,V,SH
CJ,31,2026-07-27T08:00:00Z,37.0,V,SH
CJ,50,2026-07-27T08:00:00Z,4.9,V,SH
CJ,50,2026-07-27T08:30:00Z,3.0,V,SH
CJ,31,2026-07-27T08:30:00Z,53.0,V,SH
CJ,51,2026-07-27T08:30:00Z,71.0,V,SH
CJ,30,2026-07-27T08:30:00Z,1.2,V,SH
CJ,50,2026-07-27T09:00:00Z,3.4,V,SH
CJ,30,2026-07-27T09:00:00Z,1.8,V,SH
CJ,31,2026-07-27T09:00:00Z,161.0,V,SH
CJ,51,2026-07-27T09:00:00Z,191.0,V,SH
CJ,50,2026-07-27T09:30:00Z,4.9,V,SH
CJ,30,2026-07-27T09:30:00Z,2.4,V,SH
CJ,31,2026-07-27T09:30:00Z,169.0,V,SH
CJ,51,2026-07-27T09:30:00Z,151.0,V,SH
CJ,51,2026-07-27T10:00:00Z,168.0,V,SH
CJ,31,2026-07-27T10:00:00Z,163.0,V,SH
CJ,50,2026-07-27T10:00:00Z,6.0,V,SH
CJ,30,2026-07-27T10:00:00Z,3.1,V,SH
CJ,50,2026-07-27T10:30:00Z,6.5,V,SH
CJ,30,2026-07-27T10:30:00Z,3.4,V,SH
CJ,31,2026-07-27T10:30:00Z,172.0,V,SH
CJ,51,2026-07-27T10:30:00Z,178.0,V,SH
CJ,50,2026-07-27T11:00:00Z,7.4,V,SH
CJ,30,2026-07-27T11:00:00Z,4.0,V,SH
CJ,31,2026-07-27T11:00:00Z,182.0,V,SH
CJ,51,2026-07-27T11:00:00Z,189.0,V,SH
CJ,31,2026-07-27T11:30:00Z,193.0,V,SH
CJ,51,2026-07-27T11:30:00Z,197.0,V,SH
CJ,30,2026-07-27T11:30:00Z,5.2,V,SH
CJ,50,2026-07-27T11:30:00Z,9.3,V,SH
CJ,51,2026-07-27T12:00:00Z,205.0,V,SH
CJ,31,2026-07-27T12:00:00Z,193.0,V,SH
CJ,30,2026-07-27T12:00:00Z,5.4,V,SH
CJ,50,2026-07-27T12:00:00Z,9.6,V,SH
CJ,50,2026-07-27T12:30:00Z,9.4,V,SH
CJ,30,2026-07-27T12:30:00Z,5.7,V,SH
CJ,31,2026-07-27T12:30:00Z,195.0,V,SH
CJ,51,2026-07-27T12:30:00Z,178.0,V,SH
CJ,51,2026-07-27T13:00:00Z,195.0,V,SH
CJ,31,2026-07-27T13:00:00Z,191.0,V,SH
CJ,30,2026-07-27T13:00:00Z,4.9,V,SH
CJ,50,2026-07-27T13:00:00Z,9.7,V,SH
CJ,50,2026-07-27T13:30:00Z,8.9,V,SH
CJ,30,2026-07-27T13:30:00Z,4.8,V,SH
CJ,31,2026-07-27T13:30:00Z,187.0,V,SH
CJ,51,2026-07-27T13:30:00Z,194.0,V,SH
CJ,51,2026-07-27T14:00:00Z,211.0,V,SH
CJ,30,2026-07-27T14:00:00Z,4.5,V,SH
CJ,31,2026-07-27T14:00:00Z,187.0,V,SH
CJ,50,2026-07-27T14:00:00Z,8.1,V,SH
CJ,31,2026-07-27T14:30:00Z,188.0,V,SH
CJ,30,2026-07-27T14:30:00Z,4.8,V,SH
CJ,51,2026-07-27T14:30:00Z,192.0,V,SH
CJ,50,2026-07-27T14:30:00Z,8.6,V,SH
CJ,51,2026-07-27T15:00:00Z,192.0,V,SH
CJ,30,2026-07-27T15:00:00Z,5.0,V,SH
CJ,31,2026-07-27T15:00:00Z,192.0,V,SH
CJ,50,2026-07-27T15:00:00Z,8.9,V,SH
CJ,30,2026-07-27T15:30:00Z,4.5,V,SH
CJ,50,2026-07-27T15:30:00Z,9.4,V,SH
CJ,31,2026-07-27T15:30:00Z,193.0,V,SH
CJ,51,2026-07-27T15:30:00Z,207.0,V,SH
CJ,31,2026-07-27T16:00:00Z,195.0,V,SH
CJ,50,2026-07-27T16:00:00Z,8.2,V,SH
CJ,30,2026-07-27T16:00:00Z,4.6,V,SH
CJ,51,2026-07-27T16:00:00Z,192.0,V,SH
CJ,30,2026-07-27T16:30:00Z,4.8,V,SH
CJ,31,2026-07-27T16:30:00Z,197.0,V,SH
CJ,50,2026-07-27T16:30:00Z,8.5,V,SH
CJ,51,2026-07-27T16:30:00Z,178.0,V,SH
CJ,50,2026-07-27T17:00:00Z,7.8,V,SH
CJ,30,2026-07-27T17:00:00Z,4.5,V,SH
CJ,31,2026-07-27T17:00:00Z,195.0,V,SH
CJ,51,2026-07-27T17:00:00Z,215.0,V,SH
CJ,51,2026-07-27T17:30:00Z,199.0,V,SH
CJ,30,2026-07-27T17:30:00Z,3.8,V,SH
CJ,31,2026-07-27T17:30:00Z,197.0,V,SH
CJ,50,2026-07-27T17:30:00Z,7.7,V,SH
CJ,30,2026-07-27T18:00:00Z,3.2,V,SH
CJ,31,2026-07-27T18:00:00Z,198.0,V,SH
CJ,50,2026-07-27T18:00:00Z,6.7,V,SH
CJ,51,2026-07-27T18:00:00Z,192.0,V,SH
CJ,51,2026-07-27T18:30:00Z,191.0,V,SH
CJ,30,2026-07-27T18:30:00Z,2.9,V,SH
CJ,31,2026-07-27T18:30:00Z,197.0,V,SH
CJ,50,2026-07-27T18:30:00Z,5.7,V,SH
CJ,30,2026-07-27T19:00:00Z,1.8,V,SH
CJ,31,2026-07-27T19:00:00Z,170.0,V,SH
CJ,50,2026-07-27T19:00:00Z,5.2,V,SH
CJ,51,2026-07-27T19:00:00Z,200.0,V,SH
CJ,30,2026-07-27T19:30:00Z,0.6,V,SH
CJ,51,2026-07-27T19:30:00Z,156.0,V,SH
CJ,50,2026-07-27T19:30:00Z,1.7,V,SH
CJ,31,2026-07-27T19:30:00Z,107.0,V,SH
CJ,31,2026-07-27T20:00:00Z,81.0,V,SH
CJ,50,2026-07-27T20:00:00Z,1.3,V,SH
CJ,51,2026-07-27T20:00:00Z,48.0,V,SH
CJ,30,2026-07-27T20:00:00Z,0.7,V,SH
CJ,31,2026-07-27T20:30:00Z,304.0,V,SH
CJ,50,2026-07-27T20:30:00Z,3.1,V,SH
CJ,51,2026-07-27T20:30:00Z,304.0,V,SH
CJ,30,2026-07-27T20:30:00Z,1.0,V,SH
CJ,30,2026-07-27T21:00:00Z,1.4,V,SH
CJ,51,2026-07-27T21:00:00Z,304.0,V,SH
CJ,50,2026-07-27T21:00:00Z,2.6,V,SH
CJ,31,2026-07-27T21:00:00Z,324.0,V,SH
CJ,31,2026-07-27T21:30:00Z,296.0,V,SH
CJ,50,2026-07-27T21:30:00Z,2.5,V,SH
CJ,51,2026-07-27T21:30:00Z,309.0,V,SH
CJ,30,2026-07-27T21:30:00Z,0.9,V,SH
CJ,31,2026-07-27T22:00:00Z,307.0,V,SH
CJ,50,2026-07-27T22:00:00Z,2.4,V,SH
CJ,51,2026-07-27T22:00:00Z,294.0,V,SH
CJ,30,2026-07-27T22:00:00Z,1.0,V,SH
CJ,31,2026-07-27T22:30:00Z,282.0,V,SH
CJ,30,2026-07-27T22:30:00Z,0.7,V,SH
CJ,51,2026-07-27T22:30:00Z,311.0,V,SH
CJ,50,2026-07-27T22:30:00Z,1.8,V,SH
CJ,51,2026-07-27T23:00:00Z,68.0,V,SH
CJ,50,2026-07-27T23:00:00Z,1.5,V,SH
CJ,31,2026-07-27T23:00:00Z,278.0,V,SH
CJ,30,2026-07-27T23:00:00Z,0.5,V,SH
CJ,50,2026-07-27T23:30:00Z,2.3,V,SH
CJ,30,2026-07-27T23:30:00Z,1.2,V,SH
CJ,31,2026-07-27T23:30:00Z,297.0,V,SH
CJ,51,2026-07-27T23:30:00Z,303.0,V,SH
CJ,31,2026-07-28T00:00:00Z,309.0,V,SH
CJ,51,2026-07-28T00:00:00Z,298.0,V,SH
CJ,50,2026-07-28T00:00:00Z,1.9,V,SH
CJ,30,2026-07-28T00:00:00Z,1.0,V,SH
CJ,31,2026-07-28T00:30:00Z,292.0,V,SH
CJ,51,2026-07-28T00:30:00Z,303.0,V,SH
CJ,30,2026-07-28T00:30:00Z,0.6,V,SH
CJ,50,2026-07-28T00:30:00Z,1.8,V,SH
CJ,31,2026-07-28T01:00:00Z,259.0,V,SH
CJ,51,2026-07-28T01:00:00Z,256.0,V,SH
CJ,30,2026-07-28T01:00:00Z,0.6,V,SH
CJ,50,2026-07-28T01:00:00Z,1.5,V,SH
CJ,30,2026-07-28T01:30:00Z,0.6,V,SH
CJ,50,2026-07-28T01:30:00Z,1.7,V,SH
CJ,51,2026-07-28T01:30:00Z,299.0,V,SH
CJ,31,2026-07-28T01:30:00Z,276.0,V,SH
CJ,51,2026-07-28T02:00:00Z,52.0,V,SH
CJ,50,2026-07-28T02:00:00Z,2.2,V,SH
CJ,31,2026-07-28T02:00:00Z,312.0,V,SH
CJ,30,2026-07-28T02:00:00Z,0.9,V,SH
CJ,50,2026-07-28T02:30:00Z,3.3,V,SH
CJ,51,2026-07-28T02:30:00Z,357.0,V,SH
CJ,30,2026-07-28T02:30:00Z,1.6,V,SH
CJ,31,2026-07-28T02:30:00Z,322.0,V,SH
CJ,30,2026-07-28T03:00:00Z,1.6,V,SH
CJ,31,2026-07-28T03:00:00Z,348.0,V,SH
CJ,50,2026-07-28T03:00:00Z,3.6,V,SH
CJ,51,2026-07-28T03:00:00Z,22.0,V,SH
CJ,31,2026-07-28T03:30:00Z,336.0,V,SH
CJ,50,2026-07-28T03:30:00Z,3.7,V,SH
CJ,30,2026-07-28T03:30:00Z,1.5,V,SH
CJ,51,2026-07-28T03:30:00Z,5.0,V,SH
CJ,30,2026-07-28T04:00:00Z,0.4,V,SH
CJ,31,2026-07-28T04:00:00Z,315.0,V,SH
CJ,50,2026-07-28T04:00:00Z,1.8,V,SH
CJ,51,2026-07-28T04:00:00Z,121.0,V,SH
CJ,30,2026-07-28T04:30:00Z,0.9,V,SH
CJ,31,2026-07-28T04:30:00Z,314.0,V,SH
CJ,50,2026-07-28T04:30:00Z,2.2,V,SH
CJ,51,2026-07-28T04:30:00Z,16.0,V,SH
CJ,31,2026-07-28T05:00:00Z,324.0,V,SH
CJ,51,2026-07-28T05:00:00Z,332.0,V,SH
CJ,50,2026-07-28T05:00:00Z,4.2,V,SH
CJ,30,2026-07-28T05:00:00Z,2.1,V,SH
CJ,31,2026-07-28T05:30:00Z,352.0,V,SH
CJ,50,2026-07-28T05:30:00Z,7.0,V,SH
CJ,30,2026-07-28T05:30:00Z,3.0,V,SH
CJ,51,2026-07-28T05:30:00Z,13.0,V,SH
CJ,31,2026-07-28T06:00:00Z,359.0,V,SH
CJ,30,2026-07-28T06:00:00Z,3.6,V,SH
CJ,50,2026-07-28T06:00:00Z,6.9,V,SH
CJ,51,2026-07-28T06:00:00Z,26.0,V,SH
CJ,50,2026-07-28T06:30:00Z,7.2,V,SH
CJ,31,2026-07-28T06:30:00Z,10.0,V,SH
CJ,51,2026-07-28T06:30:00Z,22.0,V,SH
CJ,30,2026-07-28T06:30:00Z,4.1,V,SH
CJ,50,2026-07-28T07:00:00Z,6.0,V,SH
CJ,51,2026-07-28T07:00:00Z,30.0,V,SH
CJ,31,2026-07-28T07:00:00Z,16.0,V,SH
CJ,30,2026-07-28T07:00:00Z,2.9,V,SH
CJ,51,2026-07-28T07:30:00Z,6.0,V,SH
CJ,30,2026-07-28T07:30:00Z,1.8,V,SH
CJ,31,2026-07-28T07:30:00Z,28.0,V,SH
CJ,50,2026-07-28T07:30:00Z,4.1,V,SH
CJ,30,2026-07-28T08:00:00Z,1.2,V,SH
CJ,31,2026-07-28T08:00:00Z,40.0,V,SH
CJ,50,2026-07-28T08:00:00Z,2.8,V,SH
CJ,51,2026-07-28T08:00:00Z,21.0,V,SH
CJ,51,2026-07-28T08:30:00Z,35.0,V,SH
CJ,30,2026-07-28T08:30:00Z,1.1,V,SH
CJ,50,2026-07-28T08:30:00Z,2.4,V,SH
CJ,31,2026-07-28T08:30:00Z,57.0,V,SH
CJ,31,2026-07-28T09:00:00Z,133.0,V,SH
CJ,51,2026-07-28T09:00:00Z,141.0,V,SH
CJ,50,2026-07-28T09:00:00Z,2.6,V,SH
CJ,30,2026-07-28T09:00:00Z,1.1,V,SH
CJ,31,2026-07-28T09:30:00Z,175.0,V,SH
CJ,50,2026-07-28T09:30:00Z,3.3,V,SH
CJ,51,2026-07-28T09:30:00Z,160.0,V,SH
CJ,30,2026-07-28T09:30:00Z,1.1,V,SH
CJ,31,2026-07-28T10:00:00Z,158.0,V,SH
CJ,50,2026-07-28T10:00:00Z,5.2,V,SH
CJ,51,2026-07-28T10:00:00Z,182.0,V,SH
CJ,30,2026-07-28T10:00:00Z,1.8,V,SH
CJ,30,2026-07-28T10:30:00Z,3.1,V,SH
CJ,31,2026-07-28T10:30:00Z,176.0,V,SH
CJ,50,2026-07-28T10:30:00Z,5.8,V,SH
CJ,51,2026-07-28T10:30:00Z,194.0,V,SH
CJ,31,2026-07-28T11:00:00Z,172.0,V,SH
CJ,51,2026-07-28T11:00:00Z,165.0,V,SH
CJ,30,2026-07-28T11:00:00Z,3.3,V,SH
CJ,50,2026-07-28T11:00:00Z,6.5,V,SH
CJ,30,2026-07-28T11:30:00Z,3.8,V,SH
CJ,51,2026-07-28T11:30:00Z,181.0,V,SH
CJ,50,2026-07-28T11:30:00Z,7.4,V,SH
CJ,31,2026-07-28T11:30:00Z,173.0,V,SH
CJ,31,2026-07-28T12:00:00Z,176.0,V,SH
CJ,50,2026-07-28T12:00:00Z,8.0,V,SH
CJ,30,2026-07-28T12:00:00Z,4.0,V,SH
CJ,51,2026-07-28T12:00:00Z,180.0,V,SH
CJ,30,2026-07-28T12:30:00Z,4.1,V,SH
CJ,51,2026-07-28T12:30:00Z,175.0,V,SH
CJ,50,2026-07-28T12:30:00Z,7.9,V,SH
CJ,31,2026-07-28T12:30:00Z,178.0,V,SH
CJ,30,2026-07-28T13:00:00Z,4.7,V,SH
CJ,51,2026-07-28T13:00:00Z,178.0,V,SH
CJ,50,2026-07-28T13:00:00Z,8.6,V,SH
CJ,31,2026-07-28T13:00:00Z,176.0,V,SH
CJ,50,2026-07-28T13:30:00Z,7.9,V,SH
CJ,30,2026-07-28T13:30:00Z,4.3,V,SH
CJ,51,2026-07-28T13:30:00Z,176.0,V,SH
CJ,31,2026-07-28T13:30:00Z,178.0,V,SH
CJ,31,2026-07-28T14:00:00Z,180.0,V,SH
CJ,51,2026-07-28T14:00:00Z,178.0,V,SH
CJ,50,2026-07-28T14:00:00Z,7.8,V,SH
CJ,30,2026-07-28T14:00:00Z,4.4,V,SH
CJ,50,2026-07-28T14:30:00Z,8.7,V,SH
CJ,51,2026-07-28T14:30:00Z,186.0,V,SH
CJ,31,2026-07-28T14:30:00Z,182.0,V,SH
CJ,30,2026-07-28T14:30:00Z,4.1,V,SH
CJ,50,2026-07-28T15:00:00Z,6.8,V,SH
CJ,31,2026-07-28T15:00:00Z,179.0,V,SH
CJ,30,2026-07-28T15:00:00Z,4.1,V,SH
CJ,51,2026-07-28T15:00:00Z,190.0,V,SH
CJ,30,2026-07-28T15:30:00Z,4.1,V,SH
CJ,51,2026-07-28T15:30:00Z,180.0,V,SH
CJ,50,2026-07-28T15:30:00Z,7.6,V,SH
CJ,31,2026-07-28T15:30:00Z,182.0,V,SH
CJ,50,2026-07-28T16:00:00Z,8.1,V,SH
CJ,51,2026-07-28T16:00:00Z,178.0,V,SH
CJ,30,2026-07-28T16:00:00Z,4.1,V,SH
CJ,31,2026-07-28T16:00:00Z,184.0,V,SH
CJ,31,2026-07-28T16:30:00Z,189.0,V,SH
CJ,50,2026-07-28T16:30:00Z,7.7,V,SH
CJ,51,2026-07-28T16:30:00Z,188.0,V,SH
CJ,30,2026-07-28T16:30:00Z,4.6,V,SH
CJ,31,2026-07-28T17:00:00Z,192.0,V,SH
CJ,51,2026-07-28T17:00:00Z,192.0,V,SH
CJ,50,2026-07-28T17:00:00Z,8.4,V,SH
CJ,30,2026-07-28T17:00:00Z,4.5,V,SH
CJ,50,2026-07-28T17:30:00Z,7.3,V,SH
CJ,51,2026-07-28T17:30:00Z,187.0,V,SH
CJ,30,2026-07-28T17:30:00Z,3.5,V,SH
CJ,31,2026-07-28T17:30:00Z,199.0,V,SH
CJ,30,2026-07-28T18:00:00Z,3.3,V,SH
CJ,50,2026-07-28T18:00:00Z,6.3,V,SH
CJ,31,2026-07-28T18:00:00Z,201.0,V,SH
CJ,51,2026-07-28T18:00:00Z,210.0,V,SH
CJ,31,2026-07-28T18:30:00Z,200.0,V,SH
CJ,51,2026-07-28T18:30:00Z,192.0,V,SH
CJ,30,2026-07-28T18:30:00Z,3.5,V,SH
CJ,50,2026-07-28T18:30:00Z,7.1,V,SH
CJ,30,2026-07-28T19:00:00Z,2.5,V,SH
CJ,51,2026-07-28T19:00:00Z,187.0,V,SH
CJ,31,2026-07-28T19:00:00Z,184.0,V,SH
CJ,50,2026-07-28T19:00:00Z,6.0,V,SH
CJ,31,2026-07-28T19:30:00Z,192.0,V,SH
CJ,50,2026-07-28T19:30:00Z,2.3,V,SH
CJ,51,2026-07-28T19:30:00Z,215.0,V,SH
CJ,30,2026-07-28T19:30:00Z,1.0,V,SH
CJ,30,2026-07-28T20:00:00Z,1.3,V,SH
CJ,31,2026-07-28T20:00:00Z,166.0,V,SH
CJ,50,2026-07-28T20:00:00Z,3.5,V,SH
CJ,51,2026-07-28T20:00:00Z,170.0,V,SH
CJ,30,2026-07-28T20:30:00Z,1.4,V,SH
CJ,31,2026-07-28T20:30:00Z,153.0,V,SH
CJ,50,2026-07-28T20:30:00Z,4.5,V,SH
CJ,51,2026-07-28T20:30:00Z,172.0,V,SH
CJ,51,2026-07-28T21:00:00Z,116.0,V,SH
CJ,30,2026-07-28T21:00:00Z,0.6,V,SH
CJ,31,2026-07-28T21:00:00Z,132.0,V,SH
CJ,50,2026-07-28T21:00:00Z,2.0,V,SH
CJ,51,2026-07-28T21:30:00Z,55.0,V,SH
CJ,50,2026-07-28T21:30:00Z,1.9,V,SH
CJ,31,2026-07-28T21:30:00Z,73.0,V,SH
CJ,30,2026-07-28T21:30:00Z,0.8,V,SH
CJ,30,2026-07-28T22:00:00Z,1.3,V,SH
CJ,31,2026-07-28T22:00:00Z,215.0,V,SH
CJ,50,2026-07-28T22:00:00Z,2.6,V,SH
CJ,51,2026-07-28T22:00:00Z,307.0,V,SH
CJ,30,2026-07-28T22:30:00Z,1.9,V,SH
CJ,51,2026-07-28T22:30:00Z,306.0,V,SH
CJ,50,2026-07-28T22:30:00Z,3.5,V,SH
CJ,31,2026-07-28T22:30:00Z,302.0,V,SH
CJ,31,2026-07-28T23:00:00Z,306.0,V,SH
CJ,50,2026-07-28T23:00:00Z,3.0,V,SH
CJ,51,2026-07-28T23:00:00Z,307.0,V,SH
CJ,30,2026-07-28T23:00:00Z,1.8,V,SH
CJ,31,2026-07-28T23:30:00Z,303.0,V,SH
CJ,50,2026-07-28T23:30:00Z,1.6,V,SH
CJ,51,2026-07-28T23:30:00Z,324.0,V,SH
CJ,30,2026-07-28T23:30:00Z,0.6,V,SH
CJ,30,2026-07-29T00:00:00Z,0.6,V,SH
CJ,50,2026-07-29T00:00:00Z,1.9,V,SH
CJ,51,2026-07-29T00:00:00Z,298.0,V,SH
CJ,31,2026-07-29T00:00:00Z,268.0,V,SH
CJ,51,2026-07-29T00:30:00Z,304.0,V,SH
CJ,31,2026-07-29T00:30:00Z,307.0,V,SH
CJ,30,2026-07-29T00:30:00Z,1.3,V,SH
CJ,50,2026-07-29T00:30:00Z,3.4,V,SH
CJ,30,2026-07-29T01:00:00Z,1.7,V,SH
CJ,50,2026-07-29T01:00:00Z,3.9,V,SH
CJ,51,2026-07-29T01:00:00Z,322.0,V,SH
CJ,31,2026-07-29T01:00:00Z,320.0,V,SH
CJ,30,2026-07-29T01:30:00Z,1.3,V,SH
CJ,50,2026-07-29T01:30:00Z,2.7,V,SH
CJ,51,2026-07-29T01:30:00Z,297.0,V,SH
CJ,31,2026-07-29T01:30:00Z,310.0,V,SH
CJ,50,2026-07-29T02:00:00Z,2.9,V,SH
CJ,31,2026-07-29T02:00:00Z,315.0,V,SH
CJ,30,2026-07-29T02:00:00Z,0.8,V,SH
CJ,51,2026-07-29T02:00:00Z,342.0,V,SH
CJ,30,2026-07-29T02:30:00Z,1.6,V,SH
CJ,31,2026-07-29T02:30:00Z,329.0,V,SH
CJ,50,2026-07-29T02:30:00Z,4.0,V,SH
CJ,51,2026-07-29T02:30:00Z,4.0,V,SH
CJ,31,2026-07-29T03:00:00Z,328.0,V,SH
CJ,50,2026-07-29T03:00:00Z,3.5,V,SH
CJ,51,2026-07-29T03:00:00Z,355.0,V,SH
CJ,30,2026-07-29T03:00:00Z,1.7,V,SH
CJ,30,2026-07-29T03:30:00Z,2.2,V,SH
CJ,50,2026-07-29T03:30:00Z,5.2,V,SH
CJ,51,2026-07-29T03:30:00Z,320.0,V,SH
CJ,31,2026-07-29T03:30:00Z,323.0,V,SH
CJ,50,2026-07-29T04:00:00Z,6.5,V,SH
CJ,51,2026-07-29T04:00:00Z,353.0,V,SH
CJ,31,2026-07-29T04:00:00Z,0.0,V,SH
CJ,30,2026-07-29T04:00:00Z,3.5,V,SH
CJ,30,2026-07-29T04:30:00Z,3.1,V,SH
CJ,51,2026-07-29T04:30:00Z,16.0,V,SH
CJ,50,2026-07-29T04:30:00Z,6.6,V,SH
CJ,31,2026-07-29T04:30:00Z,0.0,V,SH
CJ,30,2026-07-29T05:00:00Z,3.1,V,SH
CJ,31,2026-07-29T05:00:00Z,6.0,V,SH
CJ,50,2026-07-29T05:00:00Z,6.8,V,SH
CJ,51,2026-07-29T05:00:00Z,10.0,V,SH
CJ,50,2026-07-29T05:30:00Z,6.9,V,SH
CJ,51,2026-07-29T05:30:00Z,26.0,V,SH
CJ,30,2026-07-29T05:30:00Z,3.5,V,SH
CJ,31,2026-07-29T05:30:00Z,8.0,V,SH
CJ,31,2026-07-29T06:00:00Z,9.0,V,SH
CJ,50,2026-07-29T06:00:00Z,6.9,V,SH
CJ,51,2026-07-29T06:00:00Z,4.0,V,SH
CJ,30,2026-07-29T06:00:00Z,4.2,V,SH
CJ,31,2026-07-29T06:30:00Z,12.0,V,SH
CJ,50,2026-07-29T06:30:00Z,8.2,V,SH
CJ,51,2026-07-29T06:30:00Z,18.0,V,SH
CJ,30,2026-07-29T06:30:00Z,4.7,V,SH
CJ,51,2026-07-29T07:00:00Z,21.0,V,SH
CJ,30,2026-07-29T07:00:00Z,4.6,V,SH
CJ,50,2026-07-29T07:00:00Z,8.0,V,SH
CJ,31,2026-07-29T07:00:00Z,22.0,V,SH
CJ,31,2026-07-29T07:30:00Z,26.0,V,SH
CJ,30,2026-07-29T07:30:00Z,4.5,V,SH
CJ,50,2026-07-29T07:30:00Z,7.6,V,SH
CJ,51,2026-07-29T07:30:00Z,43.0,V,SH
CJ,30,2026-07-29T08:00:00Z,4.5,V,SH
CJ,31,2026-07-29T08:00:00Z,28.0,V,SH
CJ,50,2026-07-29T08:00:00Z,7.4,V,SH
CJ,51,2026-07-29T08:00:00Z,23.0,V,SH
CJ,31,2026-07-29T08:30:00Z,27.0,V,SH
CJ,50,2026-07-29T08:30:00Z,6.9,V,SH
CJ,51,2026-07-29T08:30:00Z,24.0,V,SH
CJ,30,2026-07-29T08:30:00Z,3.3,V,SH
CJ,51,2026-07-29T09:00:00Z,53.0,V,SH
CJ,30,2026-07-29T09:00:00Z,2.5,V,SH
CJ,31,2026-07-29T09:00:00Z,27.0,V,SH
CJ,50,2026-07-29T09:00:00Z,4.3,V,SH
CJ,51,2026-07-29T09:30:00Z,34.0,V,SH
CJ,30,2026-07-29T09:30:00Z,1.7,V,SH
CJ,31,2026-07-29T09:30:00Z,49.0,V,SH
CJ,50,2026-07-29T09:30:00Z,3.7,V,SH
CJ,50,2026-07-29T10:00:00Z,2.7,V,SH
CJ,30,2026-07-29T10:00:00Z,1.1,V,SH
CJ,31,2026-07-29T10:00:00Z,124.0,V,SH
CJ,51,2026-07-29T10:00:00Z,170.0,V,SH
CJ,30,2026-07-29T10:30:00Z,1.9,V,SH
CJ,50,2026-07-29T10:30:00Z,4.5,V,SH
CJ,51,2026-07-29T10:30:00Z,150.0,V,SH
CJ,31,2026-07-29T10:30:00Z,161.0,V,SH
CJ,31,2026-07-29T11:00:00Z,174.0,V,SH
CJ,50,2026-07-29T11:00:00Z,6.6,V,SH
CJ,51,2026-07-29T11:00:00Z,183.0,V,SH
CJ,30,2026-07-29T11:00:00Z,3.4,V,SH
CJ,30,2026-07-29T11:30:00Z,4.3,V,SH
CJ,50,2026-07-29T11:30:00Z,8.3,V,SH
CJ,51,2026-07-29T11:30:00Z,194.0,V,SH
CJ,31,2026-07-29T11:30:00Z,180.0,V,SH
CJ,51,2026-07-29T12:00:00Z,200.0,V,SH
CJ,30,2026-07-29T12:00:00Z,4.1,V,SH
CJ,50,2026-07-29T12:00:00Z,7.7,V,SH
CJ,31,2026-07-29T12:00:00Z,181.0,V,SH
CJ,31,2026-07-29T12:30:00Z,182.0,V,SH
CJ,51,2026-07-29T12:30:00Z,171.0,V,SH
CJ,30,2026-07-29T12:30:00Z,4.4,V,SH
CJ,50,2026-07-29T12:30:00Z,8.0,V,SH
CJ,30,2026-07-29T13:00:00Z,4.4,V,SH
CJ,50,2026-07-29T13:00:00Z,7.5,V,SH
CJ,51,2026-07-29T13:00:00Z,162.0,V,SH
CJ,31,2026-07-29T13:00:00Z,187.0,V,SH
CJ,31,2026-07-29T13:30:00Z,186.0,V,SH
CJ,51,2026-07-29T13:30:00Z,180.0,V,SH
CJ,50,2026-07-29T13:30:00Z,9.1,V,SH
CJ,30,2026-07-29T13:30:00Z,5.2,V,SH
CJ,51,2026-07-29T14:00:00Z,195.0,V,SH
CJ,30,2026-07-29T14:00:00Z,4.9,V,SH
CJ,50,2026-07-29T14:00:00Z,8.6,V,SH
CJ,31,2026-07-29T14:00:00Z,184.0,V,SH
CJ,50,2026-07-29T14:30:00Z,8.9,V,SH
CJ,51,2026-07-29T14:30:00Z,186.0,V,SH
CJ,30,2026-07-29T14:30:00Z,4.4,V,SH
CJ,31,2026-07-29T14:30:00Z,182.0,V,SH
CJ,50,2026-07-29T15:00:00Z,7.7,V,SH
CJ,31,2026-07-29T15:00:00Z,182.0,V,SH
CJ,51,2026-07-29T15:00:00Z,183.0,V,SH
CJ,30,2026-07-29T15:00:00Z,3.9,V,SH
CJ,31,2026-07-29T15:30:00Z,186.0,V,SH
CJ,51,2026-07-29T15:30:00Z,188.0,V,SH
CJ,30,2026-07-29T15:30:00Z,4.5,V,SH
CJ,50,2026-07-29T15:30:00Z,8.6,V,SH
CJ,30,2026-07-29T16:00:00Z,4.8,V,SH
CJ,50,2026-07-29T16:00:00Z,8.5,V,SH
CJ,31,2026-07-29T16:00:00Z,190.0,V,SH
CJ,51,2026-07-29T16:00:00Z,195.0,V,SH
CJ,30,2026-07-29T16:30:00Z,4.1,V,SH
CJ,50,2026-07-29T16:30:00Z,8.3,V,SH
CJ,31,2026-07-29T16:30:00Z,186.0,V,SH
CJ,51,2026-07-29T16:30:00Z,184.0,V,SH
CJ,50,2026-07-29T17:00:00Z,8.4,V,SH
CJ,30,2026-07-29T17:00:00Z,4.6,V,SH
CJ,31,2026-07-29T17:00:00Z,188.0,V,SH
CJ,51,2026-07-29T17:00:00Z,194.0,V,SH
CJ,30,2026-07-29T17:30:00Z,4.5,V,SH
CJ,31,2026-07-29T17:30:00Z,195.0,V,SH
CJ,51,2026-07-29T17:30:00Z,219.0,V,SH
CJ,50,2026-07-29T17:30:00Z,8.0,V,SH
CJ,50,2026-07-29T18:00:00Z,8.9,V,SH
CJ,30,2026-07-29T18:00:00Z,4.0,V,SH
CJ,31,2026-07-29T18:00:00Z,208.0,V,SH
CJ,51,2026-07-29T18:00:00Z,211.0,V,SH
CJ,31,2026-07-29T18:30:00Z,199.0,V,SH
CJ,30,2026-07-29T18:30:00Z,3.9,V,SH
CJ,50,2026-07-29T18:30:00Z,7.6,V,SH
CJ,51,2026-07-29T18:30:00Z,199.0,V,SH
CJ,31,2026-07-29T19:00:00Z,192.0,V,SH
CJ,51,2026-07-29T19:00:00Z,190.0,V,SH
CJ,30,2026-07-29T19:00:00Z,4.0,V,SH
CJ,50,2026-07-29T19:00:00Z,7.8,V,SH
CJ,31,2026-07-29T19:30:00Z,176.0,V,SH
CJ,51,2026-07-29T19:30:00Z,196.0,V,SH
CJ,30,2026-07-29T19:30:00Z,2.2,V,SH
CJ,50,2026-07-29T19:30:00Z,5.3,V,SH
CJ,30,2026-07-29T20:00:00Z,0.8,V,SH
CJ,50,2026-07-29T20:00:00Z,3.0,V,SH
CJ,51,2026-07-29T20:00:00Z,196.0,V,SH
CJ,31,2026-07-29T20:00:00Z,157.0,V,SH
CJ,31,2026-07-29T20:30:00Z,102.0,V,SH
CJ,51,2026-07-29T20:30:00Z,59.0,V,SH
CJ,30,2026-07-29T20:30:00Z,0.3,V,SH
CJ,50,2026-07-29T20:30:00Z,1.1,V,SH
CJ,51,2026-07-29T21:00:00Z,182.0,V,SH
CJ,50,2026-07-29T21:00:00Z,1.2,V,SH
CJ,30,2026-07-29T21:00:00Z,0.4,V,SH
CJ,31,2026-07-29T21:00:00Z,226.0,V,SH
CJ,50,2026-07-29T21:30:00Z,2.5,V,SH
CJ,30,2026-07-29T21:30:00Z,1.1,V,SH
CJ,31,2026-07-29T21:30:00Z,286.0,V,SH
CJ,51,2026-07-29T21:30:00Z,301.0,V,SH
CJ,50,2026-07-29T22:00:00Z,1.7,V,SH
CJ,51,2026-07-29T22:00:00Z,299.0,V,SH
CJ,31,2026-07-29T22:00:00Z,323.0,V,SH
CJ,30,2026-07-29T22:00:00Z,0.9,V,SH
CJ,30,2026-07-29T22:30:00Z,1.1,V,SH
CJ,31,2026-07-29T22:30:00Z,346.0,V,SH
CJ,51,2026-07-29T22:30:00Z,306.0,V,SH
CJ,50,2026-07-29T22:30:00Z,2.4,V,SH
CJ,51,2026-07-29T23:00:00Z,299.0,V,SH
CJ,31,2026-07-29T23:00:00Z,301.0,V,SH
CJ,30,2026-07-29T23:00:00Z,0.7,V,SH
CJ,50,2026-07-29T23:00:00Z,2.4,V,SH
CJ,50,2026-07-29T23:30:00Z,2.4,V,SH
CJ,30,2026-07-29T23:30:00Z,0.7,V,SH
CJ,31,2026-07-29T23:30:00Z,310.0,V,SH
CJ,51,2026-07-29T23:30:00Z,304.0,V,SH
CJ,50,2026-07-30T00:00:00Z,1.8,V,SH
CJ,30,2026-07-30T00:00:00Z,0.8,V,SH
CJ,31,2026-07-30T00:00:00Z,264.0,V,SH
CJ,51,2026-07-30T00:00:00Z,231.0,V,SH
CJ,51,2026-07-30T00:30:00Z,308.0,V,SH
CJ,31,2026-07-30T00:30:00Z,231.0,V,SH
CJ,50,2026-07-30T00:30:00Z,1.7,V,SH
CJ,30,2026-07-30T00:30:00Z,0.6,V,SH
CJ,50,2026-07-30T01:00:00Z,1.9,V,SH
CJ,30,2026-07-30T01:00:00Z,0.7,V,SH
CJ,31,2026-07-30T01:00:00Z,273.0,V,SH
CJ,51,2026-07-30T01:00:00Z,251.0,V,SH
CJ,51,2026-07-30T01:30:00Z,298.0,V,SH
CJ,31,2026-07-30T01:30:00Z,303.0,V,SH
CJ,50,2026-07-30T01:30:00Z,3.1,V,SH
CJ,30,2026-07-30T01:30:00Z,0.9,V,SH
CJ,51,2026-07-30T02:00:00Z,309.0,V,SH
CJ,50,2026-07-30T02:00:00Z,3.3,V,SH
CJ,30,2026-07-30T02:00:00Z,1.3,V,SH
CJ,31,2026-07-30T02:00:00Z,312.0,V,SH
CJ,50,2026-07-30T02:30:00Z,3.6,V,SH
CJ,51,2026-07-30T02:30:00Z,313.0,V,SH
CJ,30,2026-07-30T02:30:00Z,1.4,V,SH
CJ,31,2026-07-30T02:30:00Z,304.0,V,SH
CJ,50,2026-07-30T03:00:00Z,5.5,V,SH
CJ,30,2026-07-30T03:00:00Z,2.3,V,SH
CJ,51,2026-07-30T03:00:00Z,26.0,V,SH
CJ,31,2026-07-30T03:00:00Z,339.0,V,SH
CJ,51,2026-07-30T03:30:00Z,12.0,V,SH
CJ,31,2026-07-30T03:30:00Z,354.0,V,SH
CJ,30,2026-07-30T03:30:00Z,2.5,V,SH
CJ,50,2026-07-30T03:30:00Z,6.4,V,SH
CJ,31,2026-07-30T04:00:00Z,349.0,V,SH
CJ,30,2026-07-30T04:00:00Z,2.1,V,SH
CJ,50,2026-07-30T04:00:00Z,4.9,V,SH
CJ,51,2026-07-30T04:00:00Z,40.0,V,SH
CJ,30,2026-07-30T04:30:00Z,2.8,V,SH
CJ,31,2026-07-30T04:30:00Z,331.0,V,SH
CJ,51,2026-07-30T04:30:00Z,324.0,V,SH
CJ,50,2026-07-30T04:30:00Z,5.7,V,SH
CJ,50,2026-07-30T05:00:00Z,6.5,V,SH
CJ,51,2026-07-30T05:00:00Z,6.0,V,SH
CJ,30,2026-07-30T05:00:00Z,2.7,V,SH
CJ,31,2026-07-30T05:00:00Z,353.0,V,SH
CJ,50,2026-07-30T05:30:00Z,8.3,V,SH
CJ,30,2026-07-30T05:30:00Z,4.5,V,SH
CJ,31,2026-07-30T05:30:00Z,13.0,V,SH
CJ,51,2026-07-30T05:30:00Z,26.0,V,SH
CJ,50,2026-07-30T06:00:00Z,8.7,V,SH
CJ,30,2026-07-30T06:00:00Z,5.0,V,SH
CJ,31,2026-07-30T06:00:00Z,14.0,V,SH
CJ,51,2026-07-30T06:00:00Z,30.0,V,SH
CJ,51,2026-07-30T06:30:00Z,21.0,V,SH
CJ,50,2026-07-30T06:30:00Z,8.3,V,SH
CJ,31,2026-07-30T06:30:00Z,13.0,V,SH
CJ,30,2026-07-30T06:30:00Z,4.5,V,SH
CJ,30,2026-07-30T07:00:00Z,3.8,V,SH
CJ,31,2026-07-30T07:00:00Z,18.0,V,SH
CJ,50,2026-07-30T07:00:00Z,6.8,V,SH
CJ,51,2026-07-30T07:00:00Z,33.0,V,SH
CJ,30,2026-07-30T07:30:00Z,3.3,V,SH
CJ,31,2026-07-30T07:30:00Z,18.0,V,SH
CJ,50,2026-07-30T07:30:00Z,6.4,V,SH
CJ,51,2026-07-30T07:30:00Z,50.0,V,SH
CJ,50,2026-07-30T08:00:00Z,5.8,V,SH
CJ,51,2026-07-30T08:00:00Z,23.0,V,SH
CJ,30,2026-07-30T08:00:00Z,2.2,V,SH
CJ,31,2026-07-30T08:00:00Z,38.0,V,SH
CJ,30,2026-07-30T08:30:00Z,1.0,V,SH
CJ,31,2026-07-30T08:30:00Z,38.0,V,SH
CJ,50,2026-07-30T08:30:00Z,3.3,V,SH
CJ,51,2026-07-30T08:30:00Z,34.0,V,SH
CJ,30,2026-07-30T09:00:00Z,1.0,V,SH
CJ,31,2026-07-30T09:00:00Z,107.0,V,SH
CJ,50,2026-07-30T09:00:00Z,2.4,V,SH
CJ,51,2026-07-30T09:00:00Z,137.0,V,SH
CJ,50,2026-07-30T09:30:00Z,2.3,V,SH
CJ,51,2026-07-30T09:30:00Z,181.0,V,SH
CJ,30,2026-07-30T09:30:00Z,1.2,V,SH
CJ,31,2026-07-30T09:30:00Z,169.0,V,SH
CJ,30,2026-07-30T10:00:00Z,2.2,V,SH
CJ,31,2026-07-30T10:00:00Z,171.0,V,SH
CJ,50,2026-07-30T10:00:00Z,4.6,V,SH
CJ,51,2026-07-30T10:00:00Z,162.0,V,SH
CJ,30,2026-07-30T10:30:00Z,2.0,V,SH
CJ,31,2026-07-30T10:30:00Z,158.0,V,SH
CJ,50,2026-07-30T10:30:00Z,4.1,V,SH
CJ,51,2026-07-30T10:30:00Z,160.0,V,SH
CJ,51,2026-07-30T11:00:00Z,176.0,V,SH
CJ,30,2026-07-30T11:00:00Z,2.9,V,SH
CJ,31,2026-07-30T11:00:00Z,178.0,V,SH
CJ,50,2026-07-30T11:00:00Z,6.1,V,SH
CJ,50,2026-07-30T11:30:00Z,6.5,V,SH
CJ,51,2026-07-30T11:30:00Z,167.0,V,SH
CJ,30,2026-07-30T11:30:00Z,3.4,V,SH
CJ,31,2026-07-30T11:30:00Z,174.0,V,SH
CJ,31,2026-07-30T12:00:00Z,181.0,V,SH
CJ,50,2026-07-30T12:00:00Z,7.5,V,SH
CJ,30,2026-07-30T12:00:00Z,4.4,V,SH
CJ,51,2026-07-30T12:00:00Z,162.0,V,SH
CJ,51,2026-07-30T12:30:00Z,181.0,V,SH
CJ,50,2026-07-30T12:30:00Z,8.4,V,SH
CJ,31,2026-07-30T12:30:00Z,185.0,V,SH
CJ,30,2026-07-30T12:30:00Z,4.7,V,SH
CJ,30,2026-07-30T13:00:00Z,4.8,V,SH
CJ,31,2026-07-30T13:00:00Z,179.0,V,SH
CJ,50,2026-07-30T13:00:00Z,8.5,V,SH
CJ,51,2026-07-30T13:00:00Z,168.0,V,SH
CJ,30,2026-07-30T13:30:00Z,4.8,V,SH
CJ,31,2026-07-30T13:30:00Z,179.0,V,SH
CJ,50,2026-07-30T13:30:00Z,9.0,V,SH
CJ,51,2026-07-30T13:30:00Z,195.0,V,SH
CJ,51,2026-07-30T14:00:00Z,177.0,V,SH
CJ,50,2026-07-30T14:00:00Z,8.3,V,SH
CJ,31,2026-07-30T14:00:00Z,179.0,V,SH
CJ,30,2026-07-30T14:00:00Z,4.6,V,SH
CJ,30,2026-07-30T14:30:00Z,4.5,V,SH
CJ,31,2026-07-30T14:30:00Z,182.0,V,SH
CJ,50,2026-07-30T14:30:00Z,8.5,V,SH
CJ,51,2026-07-30T14:30:00Z,195.0,V,SH
CJ,30,2026-07-30T15:00:00Z,4.1,V,SH
CJ,31,2026-07-30T15:00:00Z,179.0,V,SH
CJ,50,2026-07-30T15:00:00Z,7.5,V,SH
CJ,51,2026-07-30T15:00:00Z,189.0,V,SH
CJ,50,2026-07-30T15:30:00Z,8.1,V,SH
CJ,51,2026-07-30T15:30:00Z,191.0,V,SH
CJ,30,2026-07-30T15:30:00Z,4.5,V,SH
CJ,31,2026-07-30T15:30:00Z,184.0,V,SH
CJ,30,2026-07-30T16:00:00Z,4.9,V,SH
CJ,31,2026-07-30T16:00:00Z,189.0,V,SH
CJ,50,2026-07-30T16:00:00Z,8.8,V,SH
CJ,51,2026-07-30T16:00:00Z,180.0,V,SH
CJ,30,2026-07-30T16:30:00Z,4.6,V,SH
CJ,31,2026-07-30T16:30:00Z,186.0,V,SH
CJ,50,2026-07-30T16:30:00Z,8.1,V,SH
CJ,51,2026-07-30T16:30:00Z,183.0,V,SH
CJ,50,2026-07-30T17:00:00Z,7.6,V,SH
CJ,31,2026-07-30T17:00:00Z,191.0,V,SH
CJ,51,2026-07-30T17:00:00Z,192.0,V,SH
CJ,30,2026-07-30T17:00:00Z,4.5,V,SH
CJ,50,2026-07-30T17:30:00Z,8.4,V,SH
CJ,30,2026-07-30T17:30:00Z,4.4,V,SH
CJ,31,2026-07-30T17:30:00Z,191.0,V,SH
CJ,51,2026-07-30T17:30:00Z,197.0,V,SH
CJ,51,2026-07-30T18:00:00Z,189.0,V,SH
CJ,50,2026-07-30T18:00:00Z,8.2,V,SH
CJ,31,2026-07-30T18:00:00Z,198.0,V,SH
CJ,30,2026-07-30T18:00:00Z,3.9,V,SH
CJ,51,2026-07-30T18:30:00Z,197.0,V,SH
CJ,50,2026-07-30T18:30:00Z,7.5,V,SH
CJ,30,2026-07-30T18:30:00Z,3.5,V,SH
CJ,31,2026-07-30T18:30:00Z,200.0,V,SH
CJ,51,2026-07-30T19:00:00Z,193.0,V,SH
CJ,31,2026-07-30T19:00:00Z,194.0,V,SH
CJ,30,2026-07-30T19:00:00Z,3.2,V,SH
CJ,50,2026-07-30T19:00:00Z,7.3,V,SH
CJ,50,2026-07-30T19:30:00Z,8.6,V,SH
CJ,30,2026-07-30T19:30:00Z,4.4,V,SH
CJ,31,2026-07-30T19:30:00Z,192.0,V,SH
CJ,51,2026-07-30T19:30:00Z,197.0,V,SH
CJ,50,2026-07-30T20:00:00Z,8.3,V,SH
CJ,30,2026-07-30T20:00:00Z,3.9,V,SH
CJ,31,2026-07-30T20:00:00Z,191.0,V,SH
CJ,51,2026-07-30T20:00:00Z,193.0,V,SH
CJ,51,2026-07-30T20:30:00Z,191.0,V,SH
CJ,31,2026-07-30T20:30:00Z,167.0,V,SH
CJ,30,2026-07-30T20:30:00Z,1.7,V,SH
CJ,50,2026-07-30T20:30:00Z,5.3,V,SH
CJ,50,2026-07-30T21:00:00Z,2.6,V,SH
CJ,30,2026-07-30T21:00:00Z,0.9,V,SH
CJ,31,2026-07-30T21:00:00Z,116.0,V,SH
CJ,51,2026-07-30T21:00:00Z,151.0,V,SH
CJ,31,2026-07-30T21:30:00Z,65.0,V,SH
CJ,30,2026-07-30T21:30:00Z,0.7,V,SH
CJ,50,2026-07-30T21:30:00Z,2.0,V,SH
CJ,51,2026-07-30T21:30:00Z,38.0,V,SH
CJ,50,2026-07-30T22:00:00Z,2.8,V,SH
CJ,30,2026-07-30T22:00:00Z,1.5,V,SH
CJ,51,2026-07-30T22:00:00Z,306.0,V,SH
CJ,31,2026-07-30T22:00:00Z,316.0,V,SH
CJ,50,2026-07-30T22:30:00Z,2.8,V,SH
CJ,30,2026-07-30T22:30:00Z,1.1,V,SH
CJ,31,2026-07-30T22:30:00Z,303.0,V,SH
CJ,51,2026-07-30T22:30:00Z,310.0,V,SH
CJ,30,2026-07-30T23:00:00Z,0.9,V,SH
CJ,31,2026-07-30T23:00:00Z,303.0,V,SH
CJ,50,2026-07-30T23:00:00Z,1.8,V,SH
CJ,51,2026-07-30T23:00:00Z,309.0,V,SH
CJ,31,2026-07-30T23:30:00Z,296.0,V,SH
CJ,50,2026-07-30T23:30:00Z,1.9,V,SH
CJ,30,2026-07-30T23:30:00Z,0.9,V,SH
CJ,51,2026-07-30T23:30:00Z,305.0,V,SH
CJ,30,2026-07-31T00:00:00Z,0.8,V,SH
CJ,31,2026-07-31T00:00:00Z,307.0,V,SH
CJ,50,2026-07-31T00:00:00Z,1.9,V,SH
CJ,51,2026-07-31T00:00:00Z,293.0,V,SH
CJ,30,2026-07-31T00:30:00Z,0.9,V,SH
CJ,31,2026-07-31T00:30:00Z,307.0,V,SH
CJ,50,2026-07-31T00:30:00Z,2.2,V,SH
CJ,51,2026-07-31T00:30:00Z,309.0,V,SH
CJ,30,2026-07-31T01:00:00Z,1.5,V,SH
CJ,31,2026-07-31T01:00:00Z,311.0,V,SH
CJ,50,2026-07-31T01:00:00Z,3.2,V,SH
CJ,51,2026-07-31T01:00:00Z,300.0,V,SH
CJ,30,2026-07-31T01:30:00Z,0.5,V,SH
CJ,31,2026-07-31T01:30:00Z,312.0,V,SH
CJ,51,2026-07-31T01:30:00Z,322.0,V,SH
CJ,50,2026-07-31T01:30:00Z,1.6,V,SH
CJ,31,2026-07-31T02:00:00Z,234.0,V,SH
CJ,50,2026-07-31T02:00:00Z,1.4,V,SH
CJ,51,2026-07-31T02:00:00Z,210.0,V,SH
CJ,30,2026-07-31T02:00:00Z,0.4,V,SH
CJ,50,2026-07-31T02:30:00Z,1.5,V,SH
CJ,51,2026-07-31T02:30:00Z,217.0,V,SH
CJ,30,2026-07-31T02:30:00Z,0.6,V,SH
CJ,31,2026-07-31T02:30:00Z,233.0,V,SH
CJ,30,2026-07-31T03:00:00Z,0.8,V,SH
CJ,50,2026-07-31T03:00:00Z,2.1,V,SH
CJ,31,2026-07-31T03:00:00Z,282.0,V,SH
CJ,51,2026-07-31T03:00:00Z,286.0,V,SH
CJ,30,2026-07-31T03:30:00Z,0.9,V,SH
CJ,50,2026-07-31T03:30:00Z,2.4,V,SH
CJ,51,2026-07-31T03:30:00Z,292.0,V,SH
CJ,31,2026-07-31T03:30:00Z,258.0,V,SH
CJ,51,2026-07-31T04:00:00Z,298.0,V,SH
CJ,50,2026-07-31T04:00:00Z,2.6,V,SH
CJ,31,2026-07-31T04:00:00Z,282.0,V,SH
CJ,30,2026-07-31T04:00:00Z,0.7,V,SH
CJ,30,2026-07-31T04:30:00Z,0.8,V,SH
CJ,51,2026-07-31T04:30:00Z,277.0,V,SH
CJ,50,2026-07-31T04:30:00Z,2.0,V,SH
CJ,31,2026-07-31T04:30:00Z,249.0,V,SH
CJ,31,2026-07-31T05:00:00Z,316.0,V,SH
CJ,50,2026-07-31T05:00:00Z,1.7,V,SH
CJ,30,2026-07-31T05:00:00Z,0.7,V,SH
CJ,51,2026-07-31T05:00:00Z,316.0,V,SH
CJ,30,2026-07-31T05:30:00Z,0.9,V,SH
CJ,51,2026-07-31T05:30:00Z,303.0,V,SH
CJ,50,2026-07-31T05:30:00Z,2.1,V,SH
CJ,31,2026-07-31T05:30:00Z,329.0,V,SH
CJ,30,2026-07-31T06:00:00Z,0.4,V,SH
CJ,51,2026-07-31T06:00:00Z,206.0,V,SH
CJ,50,2026-07-31T06:00:00Z,1.5,V,SH
CJ,31,2026-07-31T06:00:00Z,190.0,V,SH
CJ,50,2026-07-31T06:30:00Z,2.9,V,SH
CJ,30,2026-07-31T06:30:00Z,1.1,V,SH
CJ,51,2026-07-31T06:30:00Z,21.0,V,SH
CJ,31,2026-07-31T06:30:00Z,327.0,V,SH
CJ,31,2026-07-31T07:00:00Z,72.0,V,SH
CJ,51,2026-07-31T07:00:00Z,334.0,V,SH
CJ,50,2026-07-31T07:00:00Z,1.4,V,SH
CJ,30,2026-07-31T07:00:00Z,0.5,V,SH
CJ,31,2026-07-31T07:30:00Z,186.0,V,SH
CJ,51,2026-07-31T07:30:00Z,205.0,V,SH
CJ,50,2026-07-31T07:30:00Z,3.2,V,SH
CJ,30,2026-07-31T07:30:00Z,0.8,V,SH
CJ,50,2026-07-31T08:00:00Z,8.3,V,SH
CJ,31,2026-07-31T08:00:00Z,43.0,V,SH
CJ,30,2026-07-31T08:00:00Z,2.8,V,SH
CJ,51,2026-07-31T08:00:00Z,37.0,V,SH
CJ,50,2026-07-31T08:30:00Z,8.3,V,SH
CJ,51,2026-07-31T08:30:00Z,54.0,V,SH
CJ,31,2026-07-31T08:30:00Z,319.0,V,SH
CJ,30,2026-07-31T08:30:00Z,3.0,V,SH
CJ,51,2026-07-31T09:00:00Z,36.0,V,SH
CJ,30,2026-07-31T09:00:00Z,2.4,V,SH
CJ,31,2026-07-31T09:00:00Z,338.0,V,SH
CJ,50,2026-07-31T09:00:00Z,5.0,V,SH
CJ,51,2026-07-31T09:30:00Z,52.0,V,SH
CJ,31,2026-07-31T09:30:00Z,28.0,V,SH
CJ,30,2026-07-31T09:30:00Z,1.6,V,SH
CJ,50,2026-07-31T09:30:00Z,3.9,V,SH
CJ,30,2026-07-31T10:00:00Z,3.5,V,SH
CJ,51,2026-07-31T10:00:00Z,41.0,V,SH
CJ,50,2026-07-31T10:00:00Z,6.6,V,SH
CJ,31,2026-07-31T10:00:00Z,38.0,V,SH
CJ,31,2026-07-31T10:30:00Z,42.0,V,SH
CJ,30,2026-07-31T10:30:00Z,4.1,V,SH
CJ,50,2026-07-31T10:30:00Z,8.2,V,SH
CJ,51,2026-07-31T10:30:00Z,39.0,V,SH
CJ,50,2026-07-31T11:00:00Z,7.5,V,SH
CJ,51,2026-07-31T11:00:00Z,20.0,V,SH
CJ,30,2026-07-31T11:00:00Z,4.2,V,SH
CJ,31,2026-07-31T11:00:00Z,38.0,V,SH
CJ,30,2026-07-31T11:30:00Z,4.3,V,SH
CJ,31,2026-07-31T11:30:00Z,35.0,V,SH
CJ,50,2026-07-31T11:30:00Z,8.0,V,SH
CJ,51,2026-07-31T11:30:00Z,30.0,V,SH
CJ,51,2026-07-31T12:00:00Z,40.0,V,SH
CJ,30,2026-07-31T12:00:00Z,1.8,V,SH
CJ,50,2026-07-31T12:00:00Z,3.5,V,SH
CJ,31,2026-07-31T12:00:00Z,44.0,V,SH
CJ,50,2026-07-31T12:30:00Z,5.1,V,SH
CJ,31,2026-07-31T12:30:00Z,132.0,V,SH
CJ,30,2026-07-31T12:30:00Z,2.3,V,SH
CJ,51,2026-07-31T12:30:00Z,176.0,V,SH
CJ,51,2026-07-31T13:00:00Z,183.0,V,SH
CJ,30,2026-07-31T13:00:00Z,3.4,V,SH
CJ,31,2026-07-31T13:00:00Z,183.0,V,SH
CJ,50,2026-07-31T13:00:00Z,6.4,V,SH
CJ,50,2026-07-31T13:30:00Z,7.0,V,SH
CJ,30,2026-07-31T13:30:00Z,3.8,V,SH
CJ,31,2026-07-31T13:30:00Z,186.0,V,SH
CJ,51,2026-07-31T13:30:00Z,191.0,V,SH
CJ,51,2026-07-31T14:00:00Z,185.0,V,SH
CJ,50,2026-07-31T14:00:00Z,6.7,V,SH
CJ,30,2026-07-31T14:00:00Z,3.2,V,SH
CJ,31,2026-07-31T14:00:00Z,190.0,V,SH
CJ,51,2026-07-31T14:30:00Z,199.0,V,SH
CJ,31,2026-07-31T14:30:00Z,182.0,V,SH
CJ,30,2026-07-31T14:30:00Z,3.3,V,SH
CJ,50,2026-07-31T14:30:00Z,6.5,V,SH
CJ,31,2026-07-31T15:00:00Z,180.0,V,SH
CJ,51,2026-07-31T15:00:00Z,188.0,V,SH
CJ,30,2026-07-31T15:00:00Z,3.8,V,SH
CJ,50,2026-07-31T15:00:00Z,7.2,V,SH
CJ,31,2026-07-31T15:30:00Z,182.0,V,SH
CJ,30,2026-07-31T15:30:00Z,3.7,V,SH
CJ,50,2026-07-31T15:30:00Z,6.6,V,SH
CJ,51,2026-07-31T15:30:00Z,178.0,V,SH
CJ,51,2026-07-31T16:00:00Z,180.0,V,SH
CJ,50,2026-07-31T16:00:00Z,7.8,V,SH
CJ,31,2026-07-31T16:00:00Z,181.0,V,SH
CJ,30,2026-07-31T16:00:00Z,4.0,V,SH
CJ,30,2026-07-31T16:30:00Z,4.8,V,SH
CJ,51,2026-07-31T16:30:00Z,196.0,V,SH
CJ,50,2026-07-31T16:30:00Z,8.5,V,SH
CJ,31,2026-07-31T16:30:00Z,186.0,V,SH
CJ,51,2026-07-31T17:00:00Z,197.0,V,SH
CJ,30,2026-07-31T17:00:00Z,4.6,V,SH
CJ,31,2026-07-31T17:00:00Z,196.0,V,SH
CJ,50,2026-07-31T17:00:00Z,10.2,V,SH
CJ,51,2026-07-31T17:30:00Z,199.0,V,SH
CJ,31,2026-07-31T17:30:00Z,203.0,V,SH
CJ,30,2026-07-31T17:30:00Z,4.5,V,SH
CJ,50,2026-07-31T17:30:00Z,9.3,V,SH
CJ,50,2026-07-31T18:00:00Z,7.2,V,SH
CJ,30,2026-07-31T18:00:00Z,3.7,V,SH
CJ,31,2026-07-31T18:00:00Z,193.0,V,SH
CJ,51,2026-07-31T18:00:00Z,191.0,V,SH
CJ,51,2026-07-31T18:30:00Z,191.0,V,SH
CJ,31,2026-07-31T18:30:00Z,201.0,V,SH
CJ,30,2026-07-31T18:30:00Z,3.5,V,SH
CJ,50,2026-07-31T18:30:00Z,7.8,V,SH
CJ,50,2026-07-31T19:00:00Z,4.9,V,SH
CJ,51,2026-07-31T19:00:00Z,178.0,V,SH
CJ,31,2026-07-31T19:00:00Z,194.0,V,SH
CJ,30,2026-07-31T19:00:00Z,1.9,V,SH
CJ,51,2026-07-31T19:30:00Z,190.0,V,SH
CJ,30,2026-07-31T19:30:00Z,1.0,V,SH
CJ,31,2026-07-31T19:30:00Z,238.0,V,SH
CJ,50,2026-07-31T19:30:00Z,2.2,V,SH
CJ,51,2026-07-31T20:00:00Z,147.0,V,SH
CJ,30,2026-07-31T20:00:00Z,1.0,V,SH
CJ,31,2026-07-31T20:00:00Z,172.0,V,SH
CJ,50,2026-07-31T20:00:00Z,2.2,V,SH
CJ,30,2026-07-31T20:30:00Z,2.0,V,SH
CJ,31,2026-07-31T20:30:00Z,155.0,V,SH
CJ,50,2026-07-31T20:30:00Z,4.9,V,SH
CJ,51,2026-07-31T20:30:00Z,149.0,V,SH
CJ,51,2026-07-31T21:00:00Z,135.0,V,SH
CJ,50,2026-07-31T21:00:00Z,2.6,V,SH
CJ,31,2026-07-31T21:00:00Z,108.0,V,SH
CJ,30,2026-07-31T21:00:00Z,1.1,V,SH
CJ,30,2026-07-31T21:30:00Z,1.0,V,SH
CJ,31,2026-07-31T21:30:00Z,91.0,V,SH
CJ,50,2026-07-31T21:30:00Z,3.1,V,SH
CJ,51,2026-07-31T21:30:00Z,142.0,V,SH
CJ,30,2026-07-31T22:00:00Z,1.0,V,SH
CJ,31,2026-07-31T22:00:00Z,34.0,V,SH
CJ,50,2026-07-31T22:00:00Z,3.1,V,SH
CJ,51,2026-07-31T22:00:00Z,19.0,V,SH
CJ,30,2026-07-31T22:30:00Z,0.6,V,SH
CJ,31,2026-07-31T22:30:00Z,321.0,V,SH
CJ,50,2026-07-31T22:30:00Z,1.5,V,SH
CJ,51,2026-07-31T22:30:00Z,334.0,V,SH
CJ,51,2026-07-31T23:00:00Z,301.0,V,SH
CJ,50,2026-07-31T23:00:00Z,3.4,V,SH
CJ,30,2026-07-31T23:00:00Z,1.4,V,SH
CJ,31,2026-07-31T23:00:00Z,300.0,V,SH
CJ,30,2026-07-31T23:30:00Z,1.3,V,SH
CJ,31,2026-07-31T23:30:00Z,315.0,V,SH
CJ,50,2026-07-31T23:30:00Z,2.8,V,SH
CJ,51,2026-07-31T23:30:00Z,310.0,V,SH
CJ,30,2026-08-01T00:00:00Z,0.9,V,SH
CJ,31,2026-08-01T00:00:00Z,296.0,V,SH
CJ,50,2026-08-01T00:00:00Z,1.9,V,SH
CJ,51,2026-08-01T00:00:00Z,314.0,V,SH
CJ,51,2026-08-01T00:30:00Z,336.0,V,SH
CJ,50,2026-08-01T00:30:00Z,1.7,V,SH
CJ,30,2026-08-01T00:30:00Z,0.7,V,SH
CJ,31,2026-08-01T00:30:00Z,306.0,V,SH
CJ,50,2026-08-01T01:00:00Z,1.9,V,SH
CJ,30,2026-08-01T01:00:00Z,0.5,V,SH
CJ,51,2026-08-01T01:00:00Z,318.0,V,SH
CJ,31,2026-08-01T01:00:00Z,316.0,V,SH
CJ,31,2026-08-01T01:30:00Z,334.0,V,SH
CJ,30,2026-08-01T01:30:00Z,0.7,V,SH
CJ,50,2026-08-01T01:30:00Z,1.8,V,SH
CJ,51,2026-08-01T01:30:00Z,321.0,V,SH
CJ,30,2026-08-01T02:00:00Z,0.5,V,SH
CJ,50,2026-08-01T02:00:00Z,1.2,V,SH
CJ,31,2026-08-01T02:00:00Z,179.0,V,SH
CJ,51,2026-08-01T02:00:00Z,205.0,V,SH
CJ,50,2026-08-01T02:30:00Z,1.4,V,SH
CJ,30,2026-08-01T02:30:00Z,0.5,V,SH
CJ,31,2026-08-01T02:30:00Z,274.0,V,SH
CJ,51,2026-08-01T02:30:00Z,269.0,V,SH
CJ,51,2026-08-01T03:00:00Z,258.0,V,SH
CJ,30,2026-08-01T03:00:00Z,0.4,V,SH
CJ,31,2026-08-01T03:00:00Z,270.0,V,SH
CJ,50,2026-08-01T03:00:00Z,1.3,V,SH
CJ,50,2026-08-01T03:30:00Z,1.6,V,SH
CJ,30,2026-08-01T03:30:00Z,0.9,V,SH
CJ,51,2026-08-01T03:30:00Z,298.0,V,SH
CJ,31,2026-08-01T03:30:00Z,312.0,V,SH
CJ,51,2026-08-01T04:00:00Z,309.0,V,SH
CJ,30,2026-08-01T04:00:00Z,0.4,V,SH
CJ,31,2026-08-01T04:00:00Z,353.0,V,SH
CJ,50,2026-08-01T04:00:00Z,1.0,V,SH
CJ,30,2026-08-01T04:30:00Z,1.0,V,SH
CJ,31,2026-08-01T04:30:00Z,302.0,V,SH
CJ,50,2026-08-01T04:30:00Z,2.2,V,SH
CJ,51,2026-08-01T04:30:00Z,313.0,V,SH
CJ,30,2026-08-01T05:00:00Z,0.4,V,SH
CJ,31,2026-08-01T05:00:00Z,290.0,V,SH
CJ,50,2026-08-01T05:00:00Z,1.1,V,SH
CJ,51,2026-08-01T05:00:00Z,270.0,V,SH
CJ,51,2026-08-01T05:30:00Z,165.0,V,SH
CJ,50,2026-08-01T05:30:00Z,0.6,V,SH
CJ,30,2026-08-01T05:30:00Z,0.1,V,SH
CJ,31,2026-08-01T05:30:00Z,159.0,V,SH
CJ,30,2026-08-01T06:00:00Z,0.3,V,SH
CJ,31,2026-08-01T06:00:00Z,135.0,V,SH
CJ,50,2026-08-01T06:00:00Z,0.9,V,SH
CJ,51,2026-08-01T06:00:00Z,94.0,V,SH
CJ,30,2026-08-01T06:30:00Z,1.0,V,SH
CJ,31,2026-08-01T06:30:00Z,42.0,V,SH
CJ,50,2026-08-01T06:30:00Z,2.4,V,SH
CJ,51,2026-08-01T06:30:00Z,15.0,V,SH
CJ,51,2026-08-01T07:00:00Z,15.0,V,SH
CJ,50,2026-08-01T07:00:00Z,3.3,V,SH
CJ,30,2026-08-01T07:00:00Z,1.1,V,SH
CJ,31,2026-08-01T07:00:00Z,62.0,V,SH
CJ,30,2026-08-01T07:30:00Z,1.5,V,SH
CJ,31,2026-08-01T07:30:00Z,133.0,V,SH
CJ,50,2026-08-01T07:30:00Z,3.3,V,SH
CJ,51,2026-08-01T07:30:00Z,166.0,V,SH
CJ,51,2026-08-01T08:00:00Z,170.0,V,SH
CJ,50,2026-08-01T08:00:00Z,3.9,V,SH
CJ,30,2026-08-01T08:00:00Z,1.6,V,SH
CJ,31,2026-08-01T08:00:00Z,135.0,V,SH
CJ,51,2026-08-01T08:30:00Z,163.0,V,SH
CJ,50,2026-08-01T08:30:00Z,2.9,V,SH
CJ,30,2026-08-01T08:30:00Z,1.4,V,SH
CJ,31,2026-08-01T08:30:00Z,199.0,V,SH
CJ,51,2026-08-01T09:00:00Z,153.0,V,SH
CJ,30,2026-08-01T09:00:00Z,2.1,V,SH
CJ,31,2026-08-01T09:00:00Z,160.0,V,SH
CJ,50,2026-08-01T09:00:00Z,4.2,V,SH
CJ,50,2026-08-01T09:30:00Z,5.4,V,SH
CJ,51,2026-08-01T09:30:00Z,162.0,V,SH
CJ,30,2026-08-01T09:30:00Z,2.7,V,SH
CJ,31,2026-08-01T09:30:00Z,171.0,V,SH
CJ,51,2026-08-01T10:00:00Z,166.0,V,SH
CJ,50,2026-08-01T10:00:00Z,5.1,V,SH
CJ,31,2026-08-01T10:00:00Z,169.0,V,SH
CJ,30,2026-08-01T10:00:00Z,2.9,V,SH
CJ,30,2026-08-01T10:30:00Z,4.0,V,SH
CJ,31,2026-08-01T10:30:00Z,179.0,V,SH
CJ,50,2026-08-01T10:30:00Z,7.8,V,SH
CJ,51,2026-08-01T10:30:00Z,193.0,V,SH
CJ,30,2026-08-01T11:00:00Z,4.6,V,SH
CJ,31,2026-08-01T11:00:00Z,191.0,V,SH
CJ,50,2026-08-01T11:00:00Z,8.1,V,SH
CJ,51,2026-08-01T11:00:00Z,191.0,V,SH
CJ,51,2026-08-01T11:30:00Z,194.0,V,SH
CJ,50,2026-08-01T11:30:00Z,7.9,V,SH
CJ,30,2026-08-01T11:30:00Z,4.7,V,SH
CJ,31,2026-08-01T11:30:00Z,193.0,V,SH
CJ,30,2026-08-01T12:00:00Z,4.4,V,SH
CJ,31,2026-08-01T12:00:00Z,191.0,V,SH
CJ,50,2026-08-01T12:00:00Z,8.4,V,SH
CJ,51,2026-08-01T12:00:00Z,198.0,V,SH
CJ,30,2026-08-01T12:30:00Z,4.5,V,SH
CJ,31,2026-08-01T12:30:00Z,193.0,V,SH
CJ,50,2026-08-01T12:30:00Z,8.8,V,SH
CJ,51,2026-08-01T12:30:00Z,195.0,V,SH
CJ,50,2026-08-01T13:00:00Z,8.7,V,SH
CJ,51,2026-08-01T13:00:00Z,189.0,V,SH
CJ,31,2026-08-01T13:00:00Z,193.0,V,SH
CJ,30,2026-08-01T13:00:00Z,4.8,V,SH
CJ,30,2026-08-01T13:30:00Z,5.0,V,SH
CJ,31,2026-08-01T13:30:00Z,187.0,V,SH
CJ,50,2026-08-01T13:30:00Z,8.6,V,SH
CJ,51,2026-08-01T13:30:00Z,193.0,V,SH
CJ,50,2026-08-01T14:00:00Z,9.4,V,SH
CJ,30,2026-08-01T14:00:00Z,4.9,V,SH
CJ,51,2026-08-01T14:00:00Z,170.0,V,SH
CJ,31,2026-08-01T14:00:00Z,184.0,V,SH
CJ,30,2026-08-01T14:30:00Z,5.0,V,SH
CJ,51,2026-08-01T14:30:00Z,196.0,V,SH
CJ,50,2026-08-01T14:30:00Z,8.9,V,SH
CJ,31,2026-08-01T14:30:00Z,189.0,V,SH
CJ,50,2026-08-01T15:00:00Z,8.6,V,SH
CJ,51,2026-08-01T15:00:00Z,206.0,V,SH
CJ,30,2026-08-01T15:00:00Z,4.5,V,SH
CJ,31,2026-08-01T15:00:00Z,192.0,V,SH
CJ,50,2026-08-01T15:30:00Z,8.3,V,SH
CJ,51,2026-08-01T15:30:00Z,190.0,V,SH
CJ,30,2026-08-01T15:30:00Z,4.2,V,SH
CJ,31,2026-08-01T15:30:00Z,190.0,V,SH
CJ,31,2026-08-01T16:00:00Z,192.0,V,SH
CJ,50,2026-08-01T16:00:00Z,7.9,V,SH
CJ,30,2026-08-01T16:00:00Z,3.9,V,SH
CJ,51,2026-08-01T16:00:00Z,201.0,V,SH
CJ,51,2026-08-01T16:30:00Z,185.0,V,SH
CJ,50,2026-08-01T16:30:00Z,7.3,V,SH
CJ,31,2026-08-01T16:30:00Z,194.0,V,SH
CJ,30,2026-08-01T16:30:00Z,4.1,V,SH
CJ,30,2026-08-01T17:00:00Z,3.2,V,SH
CJ,31,2026-08-01T17:00:00Z,191.0,V,SH
CJ,50,2026-08-01T17:00:00Z,6.5,V,SH
CJ,51,2026-08-01T17:00:00Z,185.0,V,SH
CJ,30,2026-08-01T17:30:00Z,3.6,V,SH
CJ,31,2026-08-01T17:30:00Z,190.0,V,SH
CJ,50,2026-08-01T17:30:00Z,6.9,V,SH
CJ,51,2026-08-01T17:30:00Z,192.0,V,SH
CJ,30,2026-08-01T18:00:00Z,3.9,V,SH
CJ,31,2026-08-01T18:00:00Z,199.0,V,SH
CJ,50,2026-08-01T18:00:00Z,7.6,V,SH
CJ,51,2026-08-01T18:00:00Z,188.0,V,SH
CJ,51,2026-08-01T18:30:00Z,188.0,V,SH
CJ,50,2026-08-01T18:30:00Z,7.6,V,SH
CJ,30,2026-08-01T18:30:00Z,3.6,V,SH
CJ,31,2026-08-01T18:30:00Z,203.0,V,SH
CJ,30,2026-08-01T19:00:00Z,2.3,V,SH
CJ,31,2026-08-01T19:00:00Z,178.0,V,SH
CJ,50,2026-08-01T19:00:00Z,5.3,V,SH
CJ,51,2026-08-01T19:00:00Z,181.0,V,SH
CJ,30,2026-08-01T19:30:00Z,2.2,V,SH
CJ,31,2026-08-01T19:30:00Z,178.0,V,SH
CJ,50,2026-08-01T19:30:00Z,5.5,V,SH
CJ,51,2026-08-01T19:30:00Z,196.0,V,SH
CJ,51,2026-08-01T20:00:00Z,173.0,V,SH
CJ,50,2026-08-01T20:00:00Z,1.7,V,SH
CJ,30,2026-08-01T20:00:00Z,0.7,V,SH
CJ,31,2026-08-01T20:00:00Z,138.0,V,SH
CJ,30,2026-08-01T20:30:00Z,1.9,V,SH
CJ,31,2026-08-01T20:30:00Z,52.0,V,SH
CJ,50,2026-08-01T20:30:00Z,6.0,V,SH
CJ,51,2026-08-01T20:30:00Z,47.0,V,SH
CJ,30,2026-08-01T21:00:00Z,3.8,V,SH
CJ,31,2026-08-01T21:00:00Z,49.0,V,SH
CJ,50,2026-08-01T21:00:00Z,8.3,V,SH
CJ,51,2026-08-01T21:00:00Z,51.0,V,SH
CJ,50,2026-08-01T21:30:00Z,9.1,V,SH
CJ,51,2026-08-01T21:30:00Z,11.0,V,SH
CJ,31,2026-08-01T21:30:00Z,29.0,V,SH
CJ,30,2026-08-01T21:30:00Z,4.4,V,SH
CJ,31,2026-08-01T22:00:00Z,42.0,V,SH
CJ,30,2026-08-01T22:00:00Z,3.9,V,SH
CJ,50,2026-08-01T22:00:00Z,7.9,V,SH
CJ,51,2026-08-01T22:00:00Z,24.0,V,SH
CJ,31,2026-08-01T22:30:00Z,39.0,V,SH
CJ,50,2026-08-01T22:30:00Z,7.7,V,SH
CJ,30,2026-08-01T22:30:00Z,4.2,V,SH
CJ,51,2026-08-01T22:30:00Z,40.0,V,SH
CJ,51,2026-08-01T23:00:00Z,53.0,V,SH
CJ,31,2026-08-01T23:00:00Z,43.0,V,SH
CJ,30,2026-08-01T23:00:00Z,5.1,V,SH
CJ,50,2026-08-01T23:00:00Z,9.0,V,SH
CJ,30,2026-08-01T23:30:00Z,5.5,V,SH
CJ,31,2026-08-01T23:30:00Z,44.0,V,SH
CJ,50,2026-08-01T23:30:00Z,10.1,V,SH
CJ,51,2026-08-01T23:30:00Z,35.0,V,SH
CJ,30,2026-08-02T00:00:00Z,4.7,V,SH
CJ,31,2026-08-02T00:00:00Z,40.0,V,SH
CJ,50,2026-08-02T00:00:00Z,8.3,V,SH
CJ,51,2026-08-02T00:00:00Z,23.0,V,SH
CJ,51,2026-08-02T00:30:00Z,31.0,V,SH
CJ,50,2026-08-02T00:30:00Z,11.3,V,SH
CJ,31,2026-08-02T00:30:00Z,30.0,V,SH
CJ,30,2026-08-02T00:30:00Z,6.8,V,SH
CJ,30,2026-08-02T01:00:00Z,6.2,V,SH
CJ,31,2026-08-02T01:00:00Z,35.0,V,SH
CJ,50,2026-08-02T01:00:00Z,10.8,V,SH
CJ,51,2026-08-02T01:00:00Z,31.0,V,SH
CJ,30,2026-08-02T01:30:00Z,6.9,V,SH
CJ,31,2026-08-02T01:30:00Z,33.0,V,SH
CJ,50,2026-08-02T01:30:00Z,10.7,V,SH
CJ,51,2026-08-02T01:30:00Z,23.0,V,SH
CJ,50,2026-08-02T02:00:00Z,11.0,V,SH
CJ,51,2026-08-02T02:00:00Z,36.0,V,SH
CJ,30,2026-08-02T02:00:00Z,6.6,V,SH
CJ,31,2026-08-02T02:00:00Z,31.0,V,SH
CJ,30,2026-08-02T02:30:00Z,7.1,V,SH
CJ,31,2026-08-02T02:30:00Z,29.0,V,SH
CJ,50,2026-08-02T02:30:00Z,10.9,V,SH
CJ,51,2026-08-02T02:30:00Z,29.0,V,SH
CJ,30,2026-08-02T03:00:00Z,7.7,V,SH
CJ,31,2026-08-02T03:00:00Z,31.0,V,SH
CJ,50,2026-08-02T03:00:00Z,11.1,V,SH
CJ,51,2026-08-02T03:00:00Z,33.0,V,SH
CJ,50,2026-08-02T03:30:00Z,11.3,V,SH
CJ,51,2026-08-02T03:30:00Z,30.0,V,SH
CJ,30,2026-08-02T03:30:00Z,6.5,V,SH
CJ,31,2026-08-02T03:30:00Z,30.0,V,SH
CJ,51,2026-08-02T04:00:00Z,28.0,V,SH
CJ,30,2026-08-02T04:00:00Z,6.5,V,SH
CJ,31,2026-08-02T04:00:00Z,28.0,V,SH
CJ,50,2026-08-02T04:00:00Z,10.2,V,SH
CJ,30,2026-08-02T04:30:00Z,5.5,V,SH
CJ,31,2026-08-02T04:30:00Z,20.0,V,SH
CJ,50,2026-08-02T04:30:00Z,9.8,V,SH
CJ,51,2026-08-02T04:30:00Z,43.0,V,SH
CJ,51,2026-08-02T05:00:00Z,29.0,V,SH
CJ,30,2026-08-02T05:00:00Z,4.7,V,SH
CJ,31,2026-08-02T05:00:00Z,19.0,V,SH
CJ,50,2026-08-02T05:00:00Z,9.2,V,SH
CJ,51,2026-08-02T05:30:00Z,12.0,V,SH
CJ,50,2026-08-02T05:30:00Z,6.9,V,SH
CJ,31,2026-08-02T05:30:00Z,11.0,V,SH
CJ,30,2026-08-02T05:30:00Z,3.8,V,SH
CJ,30,2026-08-02T06:00:00Z,3.1,V,SH
CJ,31,2026-08-02T06:00:00Z,7.0,V,SH
CJ,50,2026-08-02T06:00:00Z,6.9,V,SH
CJ,51,2026-08-02T06:00:00Z,28.0,V,SH
CJ,30,2026-08-02T06:30:00Z,4.1,V,SH
CJ,31,2026-08-02T06:30:00Z,20.0,V,SH
CJ,50,2026-08-02T06:30:00Z,7.7,V,SH
CJ,51,2026-08-02T06:30:00Z,28.0,V,SH
CJ,51,2026-08-02T07:00:00Z,34.0,V,SH
CJ,50,2026-08-02T07:00:00Z,6.9,V,SH
CJ,31,2026-08-02T07:00:00Z,25.0,V,SH
CJ,30,2026-08-02T07:00:00Z,3.9,V,SH
CJ,30,2026-08-02T07:30:00Z,3.3,V,SH
CJ,31,2026-08-02T07:30:00Z,27.0,V,SH
CJ,50,2026-08-02T07:30:00Z,5.5,V,SH
CJ,51,2026-08-02T07:30:00Z,22.0,V,SH
CJ,30,2026-08-02T08:00:00Z,2.3,V,SH
CJ,31,2026-08-02T08:00:00Z,24.0,V,SH
CJ,50,2026-08-02T08:00:00Z,3.9,V,SH
CJ,51,2026-08-02T08:00:00Z,37.0,V,SH
CJ,50,2026-08-02T08:30:00Z,3.1,V,SH
CJ,51,2026-08-02T08:30:00Z,22.0,V,SH
CJ,30,2026-08-02T08:30:00Z,1.2,V,SH
CJ,31,2026-08-02T08:30:00Z,40.0,V,SH
CJ,30,2026-08-02T09:00:00Z,1.0,V,SH
CJ,31,2026-08-02T09:00:00Z,144.0,V,SH
CJ,50,2026-08-02T09:00:00Z,2.2,V,SH
CJ,51,2026-08-02T09:00:00Z,102.0,V,SH
CJ,30,2026-08-02T09:30:00Z,1.3,V,SH
CJ,31,2026-08-02T09:30:00Z,180.0,V,SH
CJ,50,2026-08-02T09:30:00Z,4.4,V,SH
CJ,51,2026-08-02T09:30:00Z,175.0,V,SH
CJ,50,2026-08-02T10:00:00Z,4.4,V,SH
CJ,51,2026-08-02T10:00:00Z,153.0,V,SH
CJ,30,2026-08-02T10:00:00Z,1.8,V,SH
CJ,31,2026-08-02T10:00:00Z,164.0,V,SH
CJ,30,2026-08-02T10:30:00Z,2.8,V,SH
CJ,31,2026-08-02T10:30:00Z,209.0,V,SH
CJ,50,2026-08-02T10:30:00Z,5.6,V,SH
CJ,51,2026-08-02T10:30:00Z,191.0,V,SH
CJ,30,2026-08-02T11:00:00Z,2.5,V,SH
CJ,31,2026-08-02T11:00:00Z,211.0,V,SH
CJ,50,2026-08-02T11:00:00Z,5.5,V,SH
CJ,51,2026-08-02T11:00:00Z,198.0,V,SH
CJ,30,2026-08-02T11:30:00Z,2.8,V,SH
CJ,31,2026-08-02T11:30:00Z,201.0,V,SH
CJ,50,2026-08-02T11:30:00Z,7.5,V,SH
CJ,51,2026-08-02T11:30:00Z,187.0,V,SH
CJ,51,2026-08-02T12:00:00Z,193.0,V,SH
CJ,31,2026-08-02T12:00:00Z,193.0,V,SH
CJ,30,2026-08-02T12:00:00Z,3.2,V,SH
CJ,50,2026-08-02T12:00:00Z,7.1,V,SH
CJ,30,2026-08-02T12:30:00Z,3.2,V,SH
CJ,31,2026-08-02T12:30:00Z,200.0,V,SH
CJ,50,2026-08-02T12:30:00Z,6.6,V,SH
CJ,51,2026-08-02T12:30:00Z,194.0,V,SH
CJ,30,2026-08-02T13:00:00Z,3.6,V,SH
CJ,31,2026-08-02T13:00:00Z,191.0,V,SH
CJ,50,2026-08-02T13:00:00Z,7.2,V,SH
CJ,51,2026-08-02T13:00:00Z,215.0,V,SH
CJ,50,2026-08-02T13:30:00Z,6.5,V,SH
CJ,51,2026-08-02T13:30:00Z,175.0,V,SH
CJ,31,2026-08-02T13:30:00Z,191.0,V,SH
CJ,30,2026-08-02T13:30:00Z,3.3,V,SH
CJ,30,2026-08-02T14:00:00Z,3.6,V,SH
CJ,31,2026-08-02T14:00:00Z,189.0,V,SH
CJ,50,2026-08-02T14:00:00Z,7.5,V,SH
CJ,51,2026-08-02T14:00:00Z,177.0,V,SH
CJ,30,2026-08-02T14:30:00Z,4.1,V,SH
CJ,31,2026-08-02T14:30:00Z,192.0,V,SH
CJ,50,2026-08-02T14:30:00Z,7.8,V,SH
CJ,51,2026-08-02T14:30:00Z,197.0,V,SH
CJ,51,2026-08-02T15:00:00Z,186.0,V,SH
CJ,50,2026-08-02T15:00:00Z,8.4,V,SH
CJ,31,2026-08-02T15:00:00Z,187.0,V,SH
CJ,30,2026-08-02T15:00:00Z,4.5,V,SH
CJ,30,2026-08-02T15:30:00Z,4.7,V,SH
CJ,31,2026-08-02T15:30:00Z,192.0,V,SH
CJ,50,2026-08-02T15:30:00Z,8.7,V,SH
CJ,51,2026-08-02T15:30:00Z,196.0,V,SH
CJ,30,2026-08-02T16:00:00Z,4.3,V,SH
CJ,31,2026-08-02T16:00:00Z,198.0,V,SH
CJ,50,2026-08-02T16:00:00Z,8.8,V,SH
CJ,51,2026-08-02T16:00:00Z,190.0,V,SH
CJ,51,2026-08-02T16:30:00Z,195.0,V,SH
CJ,50,2026-08-02T16:30:00Z,7.0,V,SH
CJ,31,2026-08-02T16:30:00Z,196.0,V,SH
CJ,30,2026-08-02T16:30:00Z,3.8,V,SH
CJ,30,2026-08-02T17:00:00Z,4.1,V,SH
CJ,31,2026-08-02T17:00:00Z,202.0,V,SH
CJ,50,2026-08-02T17:00:00Z,7.2,V,SH
CJ,51,2026-08-02T17:00:00Z,218.0,V,SH
CJ,30,2026-08-02T17:30:00Z,4.2,V,SH
CJ,31,2026-08-02T17:30:00Z,205.0,V,SH
CJ,50,2026-08-02T17:30:00Z,7.4,V,SH
CJ,51,2026-08-02T17:30:00Z,206.0,V,SH
CJ,31,2026-08-02T18:00:00Z,200.0,V,SH
CJ,50,2026-08-02T18:00:00Z,6.6,V,SH
CJ,30,2026-08-02T18:00:00Z,3.9,V,SH
CJ,51,2026-08-02T18:00:00Z,196.0,V,SH
CJ,51,2026-08-02T18:30:00Z,185.0,V,SH
CJ,50,2026-08-02T18:30:00Z,5.7,V,SH
CJ,31,2026-08-02T18:30:00Z,189.0,V,SH
CJ,30,2026-08-02T18:30:00Z,3.0,V,SH
CJ,30,2026-08-02T19:00:00Z,3.6,V,SH
CJ,31,2026-08-02T19:00:00Z,190.0,V,SH
CJ,50,2026-08-02T19:00:00Z,6.7,V,SH
CJ,51,2026-08-02T19:00:00Z,186.0,V,SH
CJ,30,2026-08-02T19:30:00Z,2.8,V,SH
CJ,31,2026-08-02T19:30:00Z,185.0,V,SH
CJ,50,2026-08-02T19:30:00Z,5.9,V,SH
CJ,51,2026-08-02T19:30:00Z,189.0,V,SH
CJ,50,2026-08-02T20:00:00Z,3.7,V,SH
CJ,31,2026-08-02T20:00:00Z,151.0,V,SH
CJ,30,2026-08-02T20:00:00Z,1.2,V,SH
CJ,51,2026-08-02T20:00:00Z,184.0,V,SH
CJ,30,2026-08-02T20:30:00Z,0.6,V,SH
CJ,31,2026-08-02T20:30:00Z,84.0,V,SH
CJ,50,2026-08-02T20:30:00Z,1.9,V,SH
CJ,51,2026-08-02T20:30:00Z,135.0,V,SH
CJ,30,2026-08-02T21:00:00Z,0.7,V,SH
CJ,31,2026-08-02T21:00:00Z,72.0,V,SH
CJ,50,2026-08-02T21:00:00Z,2.5,V,SH
CJ,51,2026-08-02T21:00:00Z,135.0,V,SH
CJ,50,2026-08-02T21:30:00Z,1.4,V,SH
CJ,51,2026-08-02T21:30:00Z,275.0,V,SH
CJ,30,2026-08-02T21:30:00Z,0.5,V,SH
CJ,31,2026-08-02T21:30:00Z,271.0,V,SH
CJ,30,2026-08-02T22:00:00Z,0.8,V,SH
CJ,31,2026-08-02T22:00:00Z,351.0,V,SH
CJ,50,2026-08-02T22:00:00Z,1.6,V,SH
CJ,51,2026-08-02T22:00:00Z,337.0,V,SH
CJ,30,2026-08-02T22:30:00Z,0.8,V,SH
CJ,31,2026-08-02T22:30:00Z,342.0,V,SH
CJ,50,2026-08-02T22:30:00Z,2.6,V,SH
CJ,51,2026-08-02T22:30:00Z,308.0,V,SH
CJ,50,2026-08-02T23:00:00Z,3.1,V,SH
CJ,51,2026-08-02T23:00:00Z,303.0,V,SH
CJ,30,2026-08-02T23:00:00Z,1.2,V,SH
CJ,31,2026-08-02T23:00:00Z,286.0,V,SH
CJ,30,2026-08-02T23:30:00Z,1.2,V,SH
CJ,31,2026-08-02T23:30:00Z,301.0,V,SH
CJ,50,2026-08-02T23:30:00Z,2.1,V,SH
CJ,51,2026-08-02T23:30:00Z,292.0,V,SH
CJ,30,2026-08-03T00:00:00Z,1.1,V,SH
CJ,31,2026-08-03T00:00:00Z,302.0,V,SH
CJ,50,2026-08-03T00:00:00Z,2.3,V,SH
CJ,51,2026-08-03T00:00:00Z,298.0,V,SH
CJ,51,2026-08-03T00:30:00Z,319.0,V,SH
CJ,30,2026-08-03T00:30:00Z,1.4,V,SH
CJ,31,2026-08-03T00:30:00Z,307.0,V,SH
CJ,50,2026-08-03T00:30:00Z,2.7,V,SH
CJ,51,2026-08-03T01:00:00Z,301.0,V,SH
CJ,50,2026-08-03T01:00:00Z,2.0,V,SH
CJ,31,2026-08-03T01:00:00Z,315.0,V,SH
CJ,30,2026-08-03T01:00:00Z,1.2,V,SH
CJ,30,2026-08-03T01:30:00Z,0.5,V,SH
CJ,31,2026-08-03T01:30:00Z,299.0,V,SH
CJ,50,2026-08-03T01:30:00Z,2.0,V,SH
CJ,51,2026-08-03T01:30:00Z,288.0,V,SH
CJ,30,2026-08-03T02:00:00Z,0.3,V,SH
CJ,31,2026-08-03T02:00:00Z,313.0,V,SH
CJ,50,2026-08-03T02:00:00Z,1.1,V,SH
CJ,51,2026-08-03T02:00:00Z,274.0,V,SH
CJ,51,2026-08-03T02:30:00Z,297.0,V,SH
CJ,50,2026-08-03T02:30:00Z,1.7,V,SH
CJ,31,2026-08-03T02:30:00Z,292.0,V,SH
CJ,30,2026-08-03T02:30:00Z,0.8,V,SH
CJ,30,2026-08-03T03:00:00Z,0.7,V,SH
CJ,31,2026-08-03T03:00:00Z,284.0,V,SH
CJ,50,2026-08-03T03:00:00Z,1.6,V,SH
CJ,51,2026-08-03T03:00:00Z,308.0,V,SH
CJ,30,2026-08-03T03:30:00Z,0.8,V,SH
CJ,31,2026-08-03T03:30:00Z,287.0,V,SH
CJ,50,2026-08-03T03:30:00Z,2.2,V,SH
CJ,51,2026-08-03T03:30:00Z,276.0,V,SH
CJ,51,2026-08-03T04:00:00Z,310.0,V,SH
CJ,50,2026-08-03T04:00:00Z,2.5,V,SH
CJ,30,2026-08-03T04:00:00Z,1.1,V,SH
CJ,31,2026-08-03T04:00:00Z,279.0,V,SH
CJ,30,2026-08-03T04:30:00Z,1.5,V,SH
CJ,31,2026-08-03T04:30:00Z,305.0,V,SH
CJ,50,2026-08-03T04:30:00Z,4.6,V,SH
CJ,51,2026-08-03T04:30:00Z,307.0,V,SH
CJ,30,2026-08-03T05:00:00Z,1.6,V,SH
CJ,31,2026-08-03T05:00:00Z,316.0,V,SH
CJ,50,2026-08-03T05:00:00Z,3.7,V,SH
CJ,51,2026-08-03T05:00:00Z,30.0,V,SH
CJ,50,2026-08-03T05:30:00Z,2.7,V,SH
CJ,51,2026-08-03T05:30:00Z,270.0,V,SH
CJ,31,2026-08-03T05:30:00Z,236.0,V,SH
CJ,30,2026-08-03T05:30:00Z,0.8,V,SH
CJ,30,2026-08-03T06:00:00Z,1.4,V,SH
CJ,31,2026-08-03T06:00:00Z,191.0,V,SH
CJ,50,2026-08-03T06:00:00Z,2.5,V,SH
CJ,51,2026-08-03T06:00:00Z,197.0,V,SH
CJ,30,2026-08-03T06:30:00Z,0.7,V,SH
CJ,31,2026-08-03T06:30:00Z,146.0,V,SH
CJ,50,2026-08-03T06:30:00Z,2.0,V,SH
CJ,51,2026-08-03T06:30:00Z,186.0,V,SH
CJ,31,2026-08-03T07:00:00Z,62.0,V,SH
CJ,50,2026-08-03T07:00:00Z,1.5,V,SH
CJ,30,2026-08-03T07:00:00Z,0.8,V,SH
CJ,51,2026-08-03T07:00:00Z,61.0,V,SH
CJ,51,2026-08-03T07:30:00Z,77.0,V,SH
CJ,50,2026-08-03T07:30:00Z,2.1,V,SH
CJ,31,2026-08-03T07:30:00Z,94.0,V,SH
CJ,30,2026-08-03T07:30:00Z,0.7,V,SH
CJ,30,2026-08-03T08:00:00Z,1.1,V,SH
CJ,31,2026-08-03T08:00:00Z,134.0,V,SH
CJ,50,2026-08-03T08:00:00Z,3.1,V,SH
CJ,51,2026-08-03T08:00:00Z,172.0,V,SH
CJ,51,2026-08-03T08:30:00Z,163.0,V,SH
CJ,30,2026-08-03T08:30:00Z,2.6,V,SH
CJ,31,2026-08-03T08:30:00Z,158.0,V,SH
CJ,50,2026-08-03T08:30:00Z,6.3,V,SH
CJ,30,2026-08-03T09:00:00Z,3.5,V,SH
CJ,31,2026-08-03T09:00:00Z,168.0,V,SH
CJ,50,2026-08-03T09:00:00Z,6.8,V,SH
CJ,51,2026-08-03T09:00:00Z,165.0,V,SH
CJ,50,2026-08-03T09:30:00Z,5.8,V,SH
CJ,31,2026-08-03T09:30:00Z,182.0,V,SH
CJ,51,2026-08-03T09:30:00Z,168.0,V,SH
CJ,30,2026-08-03T09:30:00Z,2.5,V,SH
CJ,30,2026-08-03T10:00:00Z,3.0,V,SH
CJ,31,2026-08-03T10:00:00Z,171.0,V,SH
CJ,50,2026-08-03T10:00:00Z,5.9,V,SH
CJ,51,2026-08-03T10:00:00Z,162.0,V,SH
CJ,30,2026-08-03T10:30:00Z,3.1,V,SH
CJ,31,2026-08-03T10:30:00Z,189.0,V,SH
CJ,50,2026-08-03T10:30:00Z,6.8,V,SH
CJ,51,2026-08-03T10:30:00Z,194.0,V,SH
CJ,50,2026-08-03T11:00:00Z,8.3,V,SH
CJ,31,2026-08-03T11:00:00Z,201.0,V,SH
CJ,51,2026-08-03T11:00:00Z,191.0,V,SH
CJ,30,2026-08-03T11:00:00Z,4.4,V,SH
CJ,51,2026-08-03T11:30:00Z,199.0,V,SH
CJ,30,2026-08-03T11:30:00Z,4.2,V,SH
CJ,31,2026-08-03T11:30:00Z,203.0,V,SH
CJ,50,2026-08-03T11:30:00Z,7.8,V,SH
CJ,50,2026-08-03T12:00:00Z,8.4,V,SH
CJ,30,2026-08-03T12:00:00Z,4.4,V,SH
CJ,31,2026-08-03T12:00:00Z,214.0,V,SH
CJ,51,2026-08-03T12:00:00Z,205.0,V,SH
CJ,31,2026-08-03T12:30:00Z,211.0,V,SH
CJ,51,2026-08-03T12:30:00Z,212.0,V,SH
CJ,30,2026-08-03T12:30:00Z,4.3,V,SH
CJ,50,2026-08-03T12:30:00Z,7.5,V,SH
CJ,50,2026-08-03T13:00:00Z,8.3,V,SH
CJ,30,2026-08-03T13:00:00Z,4.3,V,SH
CJ,31,2026-08-03T13:00:00Z,196.0,V,SH
CJ,51,2026-08-03T13:00:00Z,200.0,V,SH
CJ,50,2026-08-03T13:30:00Z,8.8,V,SH
CJ,30,2026-08-03T13:30:00Z,4.8,V,SH
CJ,31,2026-08-03T13:30:00Z,192.0,V,SH
CJ,51,2026-08-03T13:30:00Z,170.0,V,SH
CJ,51,2026-08-03T14:00:00Z,190.0,V,SH
CJ,31,2026-08-03T14:00:00Z,193.0,V,SH
CJ,30,2026-08-03T14:00:00Z,4.8,V,SH
CJ,50,2026-08-03T14:00:00Z,8.8,V,SH
CJ,50,2026-08-03T14:30:00Z,9.4,V,SH
CJ,30,2026-08-03T14:30:00Z,3.9,V,SH
CJ,31,2026-08-03T14:30:00Z,189.0,V,SH
CJ,51,2026-08-03T14:30:00Z,195.0,V,SH
CJ,31,2026-08-03T15:00:00Z,146.0,V,SH
CJ,30,2026-08-03T15:00:00Z,3.6,V,SH
CJ,50,2026-08-03T15:00:00Z,8.9,V,SH
CJ,51,2026-08-03T15:00:00Z,178.0,V,SH
CJ,50,2026-08-03T15:30:00Z,9.0,V,SH
CJ,31,2026-08-03T15:30:00Z,105.0,V,SH
CJ,30,2026-08-03T15:30:00Z,3.2,V,SH
CJ,51,2026-08-03T15:30:00Z,117.0,V,SH
CJ,50,2026-08-03T16:00:00Z,16.9,V,SH
CJ,30,2026-08-03T16:00:00Z,9.4,V,SH
CJ,31,2026-08-03T16:00:00Z,31.0,V,SH
CJ,51,2026-08-03T16:00:00Z,33.0,V,SH
CJ,50,2026-08-03T16:30:00Z,15.8,V,SH
CJ,30,2026-08-03T16:30:00Z,8.7,V,SH
CJ,31,2026-08-03T16:30:00Z,49.0,V,SH
CJ,51,2026-08-03T16:30:00Z,24.0,V,SH
CJ,31,2026-08-03T17:00:00Z,48.0,V,SH
CJ,51,2026-08-03T17:00:00Z,47.0,V,SH
CJ,50,2026-08-03T17:00:00Z,12.5,V,SH
CJ,30,2026-08-03T17:00:00Z,8.3,V,SH
CJ,50,2026-08-03T17:30:00Z,11.6,V,SH
CJ,30,2026-08-03T17:30:00Z,6.3,V,SH
CJ,31,2026-08-03T17:30:00Z,57.0,V,SH
CJ,51,2026-08-03T17:30:00Z,56.0,V,SH
CJ,50,2026-08-03T18:00:00Z,9.9,V,SH
CJ,30,2026-08-03T18:00:00Z,5.8,V,SH
CJ,31,2026-08-03T18:00:00Z,52.0,V,SH
CJ,51,2026-08-03T18:00:00Z,60.0,V,SH
CJ,51,2026-08-03T18:30:00Z,306.0,V,SH
CJ,50,2026-08-03T18:30:00Z,11.1,V,SH
CJ,31,2026-08-03T18:30:00Z,334.0,V,SH
CJ,30,2026-08-03T18:30:00Z,3.2,V,SH
CJ,51,2026-08-03T19:00:00Z,46.0,V,SH
CJ,30,2026-08-03T19:00:00Z,7.7,V,SH
CJ,31,2026-08-03T19:00:00Z,40.0,V,SH
CJ,50,2026-08-03T19:00:00Z,12.9,V,SH
CJ,51,2026-08-03T19:30:00Z,34.0,V,SH
CJ,30,2026-08-03T19:30:00Z,7.2,V,SH
CJ,31,2026-08-03T19:30:00Z,40.0,V,SH
CJ,50,2026-08-03T19:30:00Z,12.5,V,SH
CJ,51,2026-08-03T20:00:00Z,33.0,V,SH
CJ,50,2026-08-03T20:00:00Z,12.4,V,SH
CJ,30,2026-08-03T20:00:00Z,6.7,V,SH
CJ,31,2026-08-03T20:00:00Z,43.0,V,SH
CJ,31,2026-08-03T20:30:00Z,19.0,V,SH
CJ,51,2026-08-03T20:30:00Z,26.0,V,SH
CJ,50,2026-08-03T20:30:00Z,10.3,V,SH
CJ,30,2026-08-03T20:30:00Z,5.6,V,SH
CJ,31,2026-08-03T21:00:00Z,41.0,V,SH
CJ,51,2026-08-03T21:00:00Z,45.0,V,SH
CJ,50,2026-08-03T21:00:00Z,10.1,V,SH
CJ,30,2026-08-03T21:00:00Z,6.2,V,SH
CJ,50,2026-08-03T21:30:00Z,11.0,V,SH
CJ,30,2026-08-03T21:30:00Z,7.0,V,SH
CJ,31,2026-08-03T21:30:00Z,45.0,V,SH
CJ,51,2026-08-03T21:30:00Z,42.0,V,SH
CJ,50,2026-08-03T22:00:00Z,10.5,V,SH
CJ,30,2026-08-03T22:00:00Z,5.7,V,SH
CJ,31,2026-08-03T22:00:00Z,45.0,V,SH
CJ,51,2026-08-03T22:00:00Z,32.0,V,SH
CJ,50,2026-08-03T22:30:00Z,12.9,V,SH
CJ,30,2026-08-03T22:30:00Z,6.9,V,SH
CJ,31,2026-08-03T22:30:00Z,22.0,V,SH
CJ,51,2026-08-03T22:30:00Z,34.0,V,SH
CJ,50,2026-08-03T23:00:00Z,9.9,V,SH
CJ,31,2026-08-03T23:00:00Z,26.0,V,SH
CJ,51,2026-08-03T23:00:00Z,24.0,V,SH
CJ,30,2026-08-03T23:00:00Z,6.4,V,SH
CJ,51,2026-08-03T23:30:00Z,27.0,V,SH
CJ,30,2026-08-03T23:30:00Z,5.4,V,SH
CJ,31,2026-08-03T23:30:00Z,20.0,V,SH
CJ,50,2026-08-03T23:30:00Z,10.2,V,SH
CJ,50,2026-08-04T00:00:00Z,10.2,V,SH
CJ,30,2026-08-04T00:00:00Z,6.2,V,SH
CJ,31,2026-08-04T00:00:00Z,37.0,V,SH
CJ,51,2026-08-04T00:00:00Z,42.0,V,SH
CJ,51,2026-08-04T00:30:00Z,46.0,V,SH
CJ,31,2026-08-04T00:30:00Z,37.0,V,SH
CJ,50,2026-08-04T00:30:00Z,12.4,V,SH
CJ,30,2026-08-04T00:30:00Z,6.5,V,SH
CJ,50,2026-08-04T01:00:00Z,12.3,V,SH
CJ,30,2026-08-04T01:00:00Z,8.3,V,SH
CJ,31,2026-08-04T01:00:00Z,30.0,V,SH
CJ,51,2026-08-04T01:00:00Z,30.0,V,SH
CJ,51,2026-08-04T01:30:00Z,24.0,V,SH
CJ,50,2026-08-04T01:30:00Z,11.4,V,SH
CJ,30,2026-08-04T01:30:00Z,7.6,V,SH
CJ,31,2026-08-04T01:30:00Z,31.0,V,SH
CJ,51,2026-08-04T02:00:00Z,32.0,V,SH
CJ,31,2026-08-04T02:00:00Z,31.0,V,SH
CJ,30,2026-08-04T02:00:00Z,6.7,V,SH
CJ,50,2026-08-04T02:00:00Z,11.2,V,SH
CJ,51,2026-08-04T02:30:00Z,30.0,V,SH
CJ,50,2026-08-04T02:30:00Z,13.3,V,SH
CJ,30,2026-08-04T02:30:00Z,7.3,V,SH
CJ,31,2026-08-04T02:30:00Z,38.0,V,SH
CJ,31,2026-08-04T03:00:00Z,34.0,V,SH
CJ,51,2026-08-04T03:00:00Z,30.0,V,SH
CJ,50,2026-08-04T03:00:00Z,11.8,V,SH
CJ,30,2026-08-04T03:00:00Z,5.8,V,SH
CJ,30,2026-08-04T03:30:00Z,8.4,V,SH
CJ,31,2026-08-04T03:30:00Z,30.0,V,SH
CJ,51,2026-08-04T03:30:00Z,29.0,V,SH
CJ,50,2026-08-04T03:30:00Z,13.0,V,SH
CJ,51,2026-08-04T04:00:00Z,21.0,V,SH
CJ,50,2026-08-04T04:00:00Z,11.3,V,SH
CJ,31,2026-08-04T04:00:00Z,35.0,V,SH
CJ,30,2026-08-04T04:00:00Z,5.8,V,SH
CJ,50,2026-08-04T04:30:00Z,10.4,V,SH
CJ,30,2026-08-04T04:30:00Z,5.0,V,SH
CJ,31,2026-08-04T04:30:00Z,40.0,V,SH
CJ,51,2026-08-04T04:30:00Z,40.0,V,SH
CJ,30,2026-08-04T05:00:00Z,4.1,V,SH
CJ,51,2026-08-04T05:00:00Z,51.0,V,SH
CJ,50,2026-08-04T05:00:00Z,9.6,V,SH
CJ,31,2026-08-04T05:00:00Z,26.0,V,SH
CJ,50,2026-08-04T05:30:00Z,11.5,V,SH
CJ,30,2026-08-04T05:30:00Z,5.2,V,SH
CJ,31,2026-08-04T05:30:00Z,32.0,V,SH
CJ,51,2026-08-04T05:30:00Z,34.0,V,SH
CJ,31,2026-08-04T06:00:00Z,25.0,V,SH
CJ,50,2026-08-04T06:00:00Z,11.3,V,SH
CJ,30,2026-08-04T06:00:00Z,5.0,V,SH
CJ,51,2026-08-04T06:00:00Z,39.0,V,SH
CJ,51,2026-08-04T06:30:00Z,46.0,V,SH
CJ,31,2026-08-04T06:30:00Z,29.0,V,SH
CJ,30,2026-08-04T06:30:00Z,5.8,V,SH
CJ,50,2026-08-04T06:30:00Z,12.1,V,SH
CJ,50,2026-08-04T07:00:00Z,10.7,V,SH
CJ,30,2026-08-04T07:00:00Z,6.2,V,SH
CJ,31,2026-08-04T07:00:00Z,33.0,V,SH
CJ,51,2026-08-04T07:00:00Z,24.0,V,SH
CJ,51,2026-08-04T07:30:00Z,30.0,V,SH
CJ,30,2026-08-04T07:30:00Z,5.6,V,SH
CJ,31,2026-08-04T07:30:00Z,31.0,V,SH
CJ,50,2026-08-04T07:30:00Z,10.7,V,SH
CJ,30,2026-08-04T08:00:00Z,5.4,V,SH
CJ,31,2026-08-04T08:00:00Z,34.0,V,SH
CJ,50,2026-08-04T08:00:00Z,9.3,V,SH
CJ,51,2026-08-04T08:00:00Z,23.0,V,SH
CJ,51,2026-08-04T08:30:00Z,40.0,V,SH
CJ,30,2026-08-04T08:30:00Z,5.0,V,SH
CJ,31,2026-08-04T08:30:00Z,33.0,V,SH
CJ,50,2026-08-04T08:30:00Z,8.6,V,SH
CJ,30,2026-08-04T09:00:00Z,5.0,V,SH
CJ,31,2026-08-04T09:00:00Z,33.0,V,SH
CJ,50,2026-08-04T09:00:00Z,8.4,V,SH
CJ,51,2026-08-04T09:00:00Z,27.0,V,SH
CJ,50,2026-08-04T09:30:00Z,7.7,V,SH
CJ,30,2026-08-04T09:30:00Z,4.5,V,SH
CJ,51,2026-08-04T09:30:00Z,52.0,V,SH
CJ,31,2026-08-04T09:30:00Z,38.0,V,SH
CJ,50,2026-08-04T10:00:00Z,7.6,V,SH
CJ,51,2026-08-04T10:00:00Z,33.0,V,SH
CJ,30,2026-08-04T10:00:00Z,4.2,V,SH
CJ,31,2026-08-04T10:00:00Z,34.0,V,SH
CJ,30,2026-08-04T10:30:00Z,3.5,V,SH
CJ,31,2026-08-04T10:30:00Z,35.0,V,SH
CJ,50,2026-08-04T10:30:00Z,6.1,V,SH
CJ,51,2026-08-04T10:30:00Z,33.0,V,SH
CJ,30,2026-08-04T11:00:00Z,1.1,V,SH
CJ,31,2026-08-04T11:00:00Z,83.0,V,SH
CJ,50,2026-08-04T11:00:00Z,2.6,V,SH
CJ,51,2026-08-04T11:00:00Z,165.0,V,SH
CJ,51,2026-08-04T11:30:00Z,170.0,V,SH
CJ,50,2026-08-04T11:30:00Z,3.3,V,SH
CJ,31,2026-08-04T11:30:00Z,167.0,V,SH
CJ,30,2026-08-04T11:30:00Z,1.2,V,SH
CJ,31,2026-08-04T12:00:00Z,167.0,V,SH
CJ,51,2026-08-04T12:00:00Z,169.0,V,SH
CJ,50,2026-08-04T12:00:00Z,5.0,V,SH
CJ,30,2026-08-04T12:00:00Z,2.5,V,SH
CJ,50,2026-08-04T12:30:00Z,6.3,V,SH
CJ,51,2026-08-04T12:30:00Z,171.0,V,SH
CJ,30,2026-08-04T12:30:00Z,2.2,V,SH
CJ,31,2026-08-04T12:30:00Z,170.0,V,SH
CJ,50,2026-08-04T13:00:00Z,8.2,V,SH
CJ,31,2026-08-04T13:00:00Z,171.0,V,SH
CJ,30,2026-08-04T13:00:00Z,3.3,V,SH
CJ,51,2026-08-04T13:00:00Z,172.0,V,SH
CJ,30,2026-08-04T13:30:00Z,4.1,V,SH
CJ,51,2026-08-04T13:30:00Z,205.0,V,SH
CJ,50,2026-08-04T13:30:00Z,10.1,V,SH
CJ,31,2026-08-04T13:30:00Z,169.0,V,SH
CJ,30,2026-08-04T14:00:00Z,4.3,V,SH
CJ,51,2026-08-04T14:00:00Z,187.0,V,SH
CJ,50,2026-08-04T14:00:00Z,8.6,V,SH
CJ,31,2026-08-04T14:00:00Z,178.0,V,SH
CJ,50,2026-08-04T14:30:00Z,7.4,V,SH
CJ,31,2026-08-04T14:30:00Z,176.0,V,SH
CJ,30,2026-08-04T14:30:00Z,4.0,V,SH
CJ,51,2026-08-04T14:30:00Z,166.0,V,SH
CJ,30,2026-08-04T15:00:00Z,3.6,V,SH
CJ,51,2026-08-04T15:00:00Z,179.0,V,SH
CJ,50,2026-08-04T15:00:00Z,7.3,V,SH
CJ,31,2026-08-04T15:00:00Z,171.0,V,SH
CJ,31,2026-08-04T15:30:00Z,184.0,V,SH
CJ,51,2026-08-04T15:30:00Z,194.0,V,SH
CJ,50,2026-08-04T15:30:00Z,6.7,V,SH
CJ,30,2026-08-04T15:30:00Z,2.9,V,SH
CJ,31,2026-08-04T16:00:00Z,199.0,V,SH
CJ,51,2026-08-04T16:00:00Z,173.0,V,SH
CJ,50,2026-08-04T16:00:00Z,6.0,V,SH
CJ,30,2026-08-04T16:00:00Z,2.5,V,SH
CJ,50,2026-08-04T16:30:00Z,7.3,V,SH
CJ,30,2026-08-04T16:30:00Z,3.4,V,SH
CJ,51,2026-08-04T16:30:00Z,168.0,V,SH
CJ,31,2026-08-04T16:30:00Z,192.0,V,SH
CJ,30,2026-08-04T17:00:00Z,3.3,V,SH
CJ,51,2026-08-04T17:00:00Z,193.0,V,SH
CJ,50,2026-08-04T17:00:00Z,6.5,V,SH
CJ,31,2026-08-04T17:00:00Z,185.0,V,SH
CJ,51,2026-08-04T17:30:00Z,178.0,V,SH
CJ,30,2026-08-04T17:30:00Z,2.3,V,SH
CJ,31,2026-08-04T17:30:00Z,196.0,V,SH
CJ,50,2026-08-04T17:30:00Z,4.8,V,SH
CJ,31,2026-08-04T18:00:00Z,197.0,V,SH
CJ,50,2026-08-04T18:00:00Z,4.5,V,SH
CJ,30,2026-08-04T18:00:00Z,2.2,V,SH
CJ,51,2026-08-04T18:00:00Z,181.0,V,SH
CJ,30,2026-08-04T18:30:00Z,2.9,V,SH
CJ,31,2026-08-04T18:30:00Z,192.0,V,SH
CJ,50,2026-08-04T18:30:00Z,5.6,V,SH
CJ,51,2026-08-04T18:30:00Z,191.0,V,SH
CJ,30,2026-08-04T19:00:00Z,2.6,V,SH
CJ,31,2026-08-04T19:00:00Z,183.0,V,SH
CJ,50,2026-08-04T19:00:00Z,6.4,V,SH
CJ,51,2026-08-04T19:00:00Z,158.0,V,SH
CJ,50,2026-08-04T19:30:00Z,3.1,V,SH
CJ,51,2026-08-04T19:30:00Z,186.0,V,SH
CJ,31,2026-08-04T19:30:00Z,194.0,V,SH
CJ,30,2026-08-04T19:30:00Z,1.6,V,SH
CJ,30,2026-08-04T20:00:00Z,1.1,V,SH
CJ,31,2026-08-04T20:00:00Z,157.0,V,SH
CJ,50,2026-08-04T20:00:00Z,3.1,V,SH
CJ,51,2026-08-04T20:00:00Z,149.0,V,SH
CJ,50,2026-08-04T20:30:00Z,2.4,V,SH
CJ,51,2026-08-04T20:30:00Z,134.0,V,SH
CJ,30,2026-08-04T20:30:00Z,0.6,V,SH
CJ,31,2026-08-04T20:30:00Z,115.0,V,SH
CJ,30,2026-08-04T21:00:00Z,0.9,V,SH
CJ,51,2026-08-04T21:00:00Z,137.0,V,SH
CJ,50,2026-08-04T21:00:00Z,3.3,V,SH
CJ,31,2026-08-04T21:00:00Z,110.0,V,SH
CJ,50,2026-08-04T21:30:00Z,3.1,V,SH
CJ,31,2026-08-04T21:30:00Z,93.0,V,SH
CJ,30,2026-08-04T21:30:00Z,1.3,V,SH
CJ,51,2026-08-04T21:30:00Z,137.0,V,SH
CJ,50,2026-08-04T22:00:00Z,2.3,V,SH
CJ,30,2026-08-04T22:00:00Z,1.0,V,SH
CJ,31,2026-08-04T22:00:00Z,28.0,V,SH
CJ,51,2026-08-04T22:00:00Z,0.0,V,SH
CJ,50,2026-08-04T22:30:00Z,4.0,V,SH
CJ,30,2026-08-04T22:30:00Z,2.1,V,SH
CJ,51,2026-08-04T22:30:00Z,305.0,V,SH
CJ,31,2026-08-04T22:30:00Z,309.0,V,SH
CJ,51,2026-08-04T23:00:00Z,301.0,V,SH
CJ,50,2026-08-04T23:00:00Z,4.1,V,SH
CJ,31,2026-08-04T23:00:00Z,304.0,V,SH
CJ,30,2026-08-04T23:00:00Z,2.4,V,SH
CJ,30,2026-08-04T23:30:00Z,1.2,V,SH
CJ,31,2026-08-04T23:30:00Z,326.0,V,SH
CJ,50,2026-08-04T23:30:00Z,2.6,V,SH
CJ,51,2026-08-04T23:30:00Z,324.0,V,SH
CJ,30,2026-08-05T00:00:00Z,1.5,V,SH
CJ,31,2026-08-05T00:00:00Z,325.0,V,SH
CJ,50,2026-08-05T00:00:00Z,3.2,V,SH
CJ,51,2026-08-05T00:00:00Z,358.0,V,SH
CJ,51,2026-08-05T00:30:00Z,352.0,V,SH
CJ,50,2026-08-05T00:30:00Z,4.1,V,SH
CJ,31,2026-08-05T00:30:00Z,339.0,V,SH
CJ,30,2026-08-05T00:30:00Z,2.0,V,SH
CJ,50,2026-08-05T01:00:00Z,4.9,V,SH
CJ,51,2026-08-05T01:00:00Z,21.0,V,SH
CJ,31,2026-08-05T01:00:00Z,7.0,V,SH
CJ,30,2026-08-05T01:00:00Z,1.8,V,SH
CJ,31,2026-08-05T01:30:00Z,25.0,V,SH
CJ,50,2026-08-05T01:30:00Z,5.5,V,SH
CJ,30,2026-08-05T01:30:00Z,2.7,V,SH
CJ,51,2026-08-05T01:30:00Z,52.0,V,SH
CJ,50,2026-08-05T02:00:00Z,5.6,V,SH
CJ,51,2026-08-05T02:00:00Z,44.0,V,SH
CJ,30,2026-08-05T02:00:00Z,2.1,V,SH
CJ,31,2026-08-05T02:00:00Z,16.0,V,SH
CJ,30,2026-08-05T02:30:00Z,3.2,V,SH
CJ,31,2026-08-05T02:30:00Z,20.0,V,SH
CJ,50,2026-08-05T02:30:00Z,5.9,V,SH
CJ,51,2026-08-05T02:30:00Z,14.0,V,SH
CJ,30,2026-08-05T03:00:00Z,3.9,V,SH
CJ,31,2026-08-05T03:00:00Z,17.0,V,SH
CJ,50,2026-08-05T03:00:00Z,7.0,V,SH
CJ,51,2026-08-05T03:00:00Z,31.0,V,SH
CJ,50,2026-08-05T03:30:00Z,7.2,V,SH
CJ,51,2026-08-05T03:30:00Z,39.0,V,SH
CJ,30,2026-08-05T03:30:00Z,4.2,V,SH
CJ,31,2026-08-05T03:30:00Z,15.0,V,SH
CJ,30,2026-08-05T04:00:00Z,4.4,V,SH
CJ,31,2026-08-05T04:00:00Z,21.0,V,SH
CJ,50,2026-08-05T04:00:00Z,7.4,V,SH
CJ,51,2026-08-05T04:00:00Z,23.0,V,SH
CJ,30,2026-08-05T04:30:00Z,4.8,V,SH
CJ,31,2026-08-05T04:30:00Z,25.0,V,SH
CJ,50,2026-08-05T04:30:00Z,8.3,V,SH
CJ,51,2026-08-05T04:30:00Z,36.0,V,SH
CJ,50,2026-08-05T05:00:00Z,8.6,V,SH
CJ,30,2026-08-05T05:00:00Z,4.5,V,SH
CJ,31,2026-08-05T05:00:00Z,21.0,V,SH
CJ,51,2026-08-05T05:00:00Z,32.0,V,SH
CJ,51,2026-08-05T05:30:00Z,18.0,V,SH
CJ,50,2026-08-05T05:30:00Z,8.3,V,SH
CJ,30,2026-08-05T05:30:00Z,4.8,V,SH
CJ,31,2026-08-05T05:30:00Z,21.0,V,SH
CJ,31,2026-08-05T06:00:00Z,23.0,V,SH
CJ,50,2026-08-05T06:00:00Z,8.2,V,SH
CJ,51,2026-08-05T06:00:00Z,33.0,V,SH
CJ,30,2026-08-05T06:00:00Z,4.8,V,SH
CJ,30,2026-08-05T06:30:00Z,5.7,V,SH
CJ,50,2026-08-05T06:30:00Z,8.6,V,SH
CJ,51,2026-08-05T06:30:00Z,18.0,V,SH
CJ,31,2026-08-05T06:30:00Z,29.0,V,SH
CJ,30,2026-08-05T07:00:00Z,3.7,V,SH
CJ,50,2026-08-05T07:00:00Z,6.6,V,SH
CJ,51,2026-08-05T07:00:00Z,31.0,V,SH
CJ,31,2026-08-05T07:00:00Z,21.0,V,SH
CJ,30,2026-08-05T07:30:00Z,3.7,V,SH
CJ,31,2026-08-05T07:30:00Z,27.0,V,SH
CJ,51,2026-08-05T07:30:00Z,36.0,V,SH
CJ,50,2026-08-05T07:30:00Z,6.9,V,SH
CJ,31,2026-08-05T08:00:00Z,29.0,V,SH
CJ,50,2026-08-05T08:00:00Z,5.7,V,SH
CJ,51,2026-08-05T08:00:00Z,48.0,V,SH
CJ,30,2026-08-05T08:00:00Z,3.1,V,SH
CJ,31,2026-08-05T08:30:00Z,31.0,V,SH
CJ,51,2026-08-05T08:30:00Z,27.0,V,SH
CJ,30,2026-08-05T08:30:00Z,3.0,V,SH
CJ,50,2026-08-05T08:30:00Z,4.8,V,SH
CJ,51,2026-08-05T09:00:00Z,31.0,V,SH
CJ,30,2026-08-05T09:00:00Z,1.8,V,SH
CJ,50,2026-08-05T09:00:00Z,3.7,V,SH
CJ,31,2026-08-05T09:00:00Z,36.0,V,SH
CJ,31,2026-08-05T09:30:00Z,150.0,V,SH
CJ,30,2026-08-05T09:30:00Z,1.2,V,SH
CJ,50,2026-08-05T09:30:00Z,2.9,V,SH
CJ,51,2026-08-05T09:30:00Z,175.0,V,SH
CJ,50,2026-08-05T10:00:00Z,5.3,V,SH
CJ,51,2026-08-05T10:00:00Z,161.0,V,SH
CJ,30,2026-08-05T10:00:00Z,2.5,V,SH
CJ,31,2026-08-05T10:00:00Z,170.0,V,SH
CJ,51,2026-08-05T10:30:00Z,188.0,V,SH
CJ,31,2026-08-05T10:30:00Z,182.0,V,SH
CJ,50,2026-08-05T10:30:00Z,6.6,V,SH
CJ,30,2026-08-05T10:30:00Z,3.5,V,SH
CJ,51,2026-08-05T11:00:00Z,200.0,V,SH
CJ,50,2026-08-05T11:00:00Z,7.4,V,SH
CJ,30,2026-08-05T11:00:00Z,3.9,V,SH
CJ,31,2026-08-05T11:00:00Z,182.0,V,SH
CJ,31,2026-08-05T11:30:00Z,181.0,V,SH
CJ,51,2026-08-05T11:30:00Z,205.0,V,SH
CJ,50,2026-08-05T11:30:00Z,8.0,V,SH
CJ,30,2026-08-05T11:30:00Z,4.1,V,SH
CJ,30,2026-08-05T12:00:00Z,4.7,V,SH
CJ,31,2026-08-05T12:00:00Z,175.0,V,SH
CJ,50,2026-08-05T12:00:00Z,8.5,V,SH
CJ,51,2026-08-05T12:00:00Z,182.0,V,SH
CJ,30,2026-08-05T12:30:00Z,4.6,V,SH
CJ,51,2026-08-05T12:30:00Z,170.0,V,SH
CJ,50,2026-08-05T12:30:00Z,9.2,V,SH
CJ,31,2026-08-05T12:30:00Z,171.0,V,SH
CJ,30,2026-08-05T13:00:00Z,4.5,V,SH
CJ,31,2026-08-05T13:00:00Z,183.0,V,SH
CJ,50,2026-08-05T13:00:00Z,8.2,V,SH
CJ,51,2026-08-05T13:00:00Z,184.0,V,SH
CJ,30,2026-08-05T13:30:00Z,4.2,V,SH
CJ,31,2026-08-05T13:30:00Z,175.0,V,SH
CJ,50,2026-08-05T13:30:00Z,7.9,V,SH
CJ,51,2026-08-05T13:30:00Z,191.0,V,SH
CJ,31,2026-08-05T14:00:00Z,183.0,V,SH
CJ,50,2026-08-05T14:00:00Z,7.3,V,SH
CJ,30,2026-08-05T14:00:00Z,3.9,V,SH
CJ,51,2026-08-05T14:00:00Z,193.0,V,SH
CJ,50,2026-08-05T14:30:00Z,7.9,V,SH
CJ,30,2026-08-05T14:30:00Z,4.3,V,SH
CJ,31,2026-08-05T14:30:00Z,181.0,V,SH
CJ,51,2026-08-05T14:30:00Z,192.0,V,SH
CJ,51,2026-08-05T15:00:00Z,215.0,V,SH
CJ,31,2026-08-05T15:00:00Z,202.0,V,SH
CJ,30,2026-08-05T15:00:00Z,3.3,V,SH
CJ,50,2026-08-05T15:00:00Z,6.3,V,SH
CJ,30,2026-08-05T15:30:00Z,3.5,V,SH
CJ,51,2026-08-05T15:30:00Z,179.0,V,SH
CJ,31,2026-08-05T15:30:00Z,183.0,V,SH
CJ,50,2026-08-05T15:30:00Z,6.9,V,SH
CJ,30,2026-08-05T16:00:00Z,3.8,V,SH
CJ,51,2026-08-05T16:00:00Z,176.0,V,SH
CJ,50,2026-08-05T16:00:00Z,7.8,V,SH
CJ,31,2026-08-05T16:00:00Z,181.0,V,SH
CJ,31,2026-08-05T16:30:00Z,182.0,V,SH
CJ,50,2026-08-05T16:30:00Z,8.3,V,SH
CJ,51,2026-08-05T16:30:00Z,180.0,V,SH
CJ,30,2026-08-05T16:30:00Z,4.3,V,SH
CJ,30,2026-08-05T17:00:00Z,3.7,V,SH
CJ,51,2026-08-05T17:00:00Z,167.0,V,SH
CJ,50,2026-08-05T17:00:00Z,6.7,V,SH
CJ,31,2026-08-05T17:00:00Z,182.0,V,SH
CJ,31,2026-08-05T17:30:00Z,188.0,V,SH
CJ,51,2026-08-05T17:30:00Z,168.0,V,SH
CJ,50,2026-08-05T17:30:00Z,6.4,V,SH
CJ,30,2026-08-05T17:30:00Z,3.8,V,SH
CJ,30,2026-08-05T18:00:00Z,3.7,V,SH
CJ,50,2026-08-05T18:00:00Z,6.9,V,SH
CJ,51,2026-08-05T18:00:00Z,195.0,V,SH
CJ,31,2026-08-05T18:00:00Z,192.0,V,SH
CJ,50,2026-08-05T18:30:00Z,7.1,V,SH
CJ,30,2026-08-05T18:30:00Z,3.3,V,SH
CJ,51,2026-08-05T18:30:00Z,187.0,V,SH
CJ,31,2026-08-05T18:30:00Z,192.0,V,SH
CJ,31,2026-08-05T19:00:00Z,198.0,V,SH
CJ,30,2026-08-05T19:00:00Z,1.4,V,SH
CJ,51,2026-08-05T19:00:00Z,204.0,V,SH
CJ,50,2026-08-05T19:00:00Z,3.8,V,SH
CJ,51,2026-08-05T19:30:00Z,223.0,V,SH
CJ,50,2026-08-05T19:30:00Z,5.0,V,SH
CJ,31,2026-08-05T19:30:00Z,190.0,V,SH
CJ,30,2026-08-05T19:30:00Z,2.3,V,SH
CJ,51,2026-08-05T20:00:00Z,183.0,V,SH
CJ,30,2026-08-05T20:00:00Z,2.5,V,SH
CJ,31,2026-08-05T20:00:00Z,187.0,V,SH
CJ,50,2026-08-05T20:00:00Z,9.2,V,SH
CJ,50,2026-08-05T20:30:00Z,8.6,V,SH
CJ,51,2026-08-05T20:30:00Z,194.0,V,SH
CJ,31,2026-08-05T20:30:00Z,200.0,V,SH
CJ,30,2026-08-05T20:30:00Z,3.7,V,SH
CJ,51,2026-08-05T21:00:00Z,179.0,V,SH
CJ,30,2026-08-05T21:00:00Z,1.2,V,SH
CJ,50,2026-08-05T21:00:00Z,3.2,V,SH
CJ,31,2026-08-05T21:00:00Z,168.0,V,SH
CJ,30,2026-08-05T21:30:00Z,0.4,V,SH
CJ,31,2026-08-05T21:30:00Z,58.0,V,SH
CJ,50,2026-08-05T21:30:00Z,1.5,V,SH
CJ,51,2026-08-05T21:30:00Z,23.0,V,SH
CJ,30,2026-08-05T22:00:00Z,0.5,V,SH
CJ,31,2026-08-05T22:00:00Z,23.0,V,SH
CJ,50,2026-08-05T22:00:00Z,1.3,V,SH
CJ,51,2026-08-05T22:00:00Z,42.0,V,SH
CJ,51,2026-08-05T22:30:00Z,20.0,V,SH
CJ,50,2026-08-05T22:30:00Z,1.8,V,SH
CJ,31,2026-08-05T22:30:00Z,337.0,V,SH
CJ,30,2026-08-05T22:30:00Z,0.8,V,SH
CJ,30,2026-08-05T23:00:00Z,1.6,V,SH
CJ,31,2026-08-05T23:00:00Z,309.0,V,SH
CJ,50,2026-08-05T23:00:00Z,2.7,V,SH
CJ,51,2026-08-05T23:00:00Z,329.0,V,SH
CJ,30,2026-08-05T23:30:00Z,1.4,V,SH
CJ,31,2026-08-05T23:30:00Z,326.0,V,SH
CJ,50,2026-08-05T23:30:00Z,3.5,V,SH
CJ,51,2026-08-05T23:30:00Z,324.0,V,SH
CJ,50,2026-08-06T00:00:00Z,3.2,V,SH
CJ,51,2026-08-06T00:00:00Z,282.0,V,SH
CJ,30,2026-08-06T00:00:00Z,1.6,V,SH
CJ,31,2026-08-06T00:00:00Z,297.0,V,SH
CJ,50,2026-08-06T00:30:00Z,3.9,V,SH
CJ,51,2026-08-06T00:30:00Z,33.0,V,SH
CJ,30,2026-08-06T00:30:00Z,1.2,V,SH
CJ,31,2026-08-06T00:30:00Z,320.0,V,SH
CJ,51,2026-08-06T01:00:00Z,46.0,V,SH
CJ,50,2026-08-06T01:00:00Z,6.3,V,SH
CJ,31,2026-08-06T01:00:00Z,357.0,V,SH
CJ,30,2026-08-06T01:00:00Z,2.3,V,SH
CJ,50,2026-08-06T01:30:00Z,5.0,V,SH
CJ,30,2026-08-06T01:30:00Z,1.9,V,SH
CJ,31,2026-08-06T01:30:00Z,344.0,V,SH
CJ,51,2026-08-06T01:30:00Z,34.0,V,SH
CJ,31,2026-08-06T02:00:00Z,325.0,V,SH
CJ,30,2026-08-06T02:00:00Z,1.2,V,SH
CJ,50,2026-08-06T02:00:00Z,3.6,V,SH
CJ,51,2026-08-06T02:00:00Z,47.0,V,SH
CJ,31,2026-08-06T02:30:00Z,259.0,V,SH
CJ,30,2026-08-06T02:30:00Z,0.8,V,SH
CJ,51,2026-08-06T02:30:00Z,96.0,V,SH
CJ,50,2026-08-06T02:30:00Z,3.4,V,SH
CJ,50,2026-08-06T03:00:00Z,6.1,V,SH
CJ,30,2026-08-06T03:00:00Z,1.5,V,SH
CJ,31,2026-08-06T03:00:00Z,2.0,V,SH
CJ,51,2026-08-06T03:00:00Z,60.0,V,SH
CJ,50,2026-08-06T03:30:00Z,6.4,V,SH
CJ,30,2026-08-06T03:30:00Z,3.0,V,SH
CJ,31,2026-08-06T03:30:00Z,4.0,V,SH
CJ,51,2026-08-06T03:30:00Z,16.0,V,SH
CJ,31,2026-08-06T04:00:00Z,11.0,V,SH
CJ,51,2026-08-06T04:00:00Z,16.0,V,SH
CJ,50,2026-08-06T04:00:00Z,6.9,V,SH
CJ,30,2026-08-06T04:00:00Z,3.3,V,SH
CJ,50,2026-08-06T04:30:00Z,7.5,V,SH
CJ,30,2026-08-06T04:30:00Z,3.0,V,SH
CJ,31,2026-08-06T04:30:00Z,359.0,V,SH
CJ,51,2026-08-06T04:30:00Z,27.0,V,SH
CJ,31,2026-08-06T05:00:00Z,3.0,V,SH
CJ,30,2026-08-06T05:00:00Z,2.9,V,SH
CJ,50,2026-08-06T05:00:00Z,6.0,V,SH
CJ,51,2026-08-06T05:00:00Z,39.0,V,SH
CJ,31,2026-08-06T05:30:00Z,3.0,V,SH
CJ,50,2026-08-06T05:30:00Z,7.5,V,SH
CJ,51,2026-08-06T05:30:00Z,56.0,V,SH
CJ,30,2026-08-06T05:30:00Z,3.1,V,SH
CJ,50,2026-08-06T06:00:00Z,6.7,V,SH
CJ,30,2026-08-06T06:00:00Z,3.6,V,SH
CJ,31,2026-08-06T06:00:00Z,20.0,V,SH
CJ,51,2026-08-06T06:00:00Z,34.0,V,SH
CJ,50,2026-08-06T06:30:00Z,6.1,V,SH
CJ,30,2026-08-06T06:30:00Z,3.5,V,SH
CJ,31,2026-08-06T06:30:00Z,16.0,V,SH
CJ,51,2026-08-06T06:30:00Z,20.0,V,SH
CJ,50,2026-08-06T07:00:00Z,6.4,V,SH
CJ,30,2026-08-06T07:00:00Z,4.0,V,SH
CJ,31,2026-08-06T07:00:00Z,25.0,V,SH
CJ,51,2026-08-06T07:00:00Z,31.0,V,SH
CJ,50,2026-08-06T07:30:00Z,4.8,V,SH
CJ,51,2026-08-06T07:30:00Z,46.0,V,SH
CJ,30,2026-08-06T07:30:00Z,3.0,V,SH
CJ,31,2026-08-06T07:30:00Z,34.0,V,SH
CJ,31,2026-08-06T08:00:00Z,28.0,V,SH
CJ,30,2026-08-06T08:00:00Z,2.9,V,SH
CJ,50,2026-08-06T08:00:00Z,5.1,V,SH
CJ,51,2026-08-06T08:00:00Z,30.0,V,SH
CJ,51,2026-08-06T08:30:00Z,24.0,V,SH
CJ,30,2026-08-06T08:30:00Z,2.0,V,SH
CJ,31,2026-08-06T08:30:00Z,36.0,V,SH
CJ,50,2026-08-06T08:30:00Z,3.6,V,SH
CJ,50,2026-08-06T09:00:00Z,3.0,V,SH
CJ,30,2026-08-06T09:00:00Z,1.3,V,SH
CJ,31,2026-08-06T09:00:00Z,141.0,V,SH
CJ,51,2026-08-06T09:00:00Z,160.0,V,SH
CJ,51,2026-08-06T09:30:00Z,169.0,V,SH
CJ,31,2026-08-06T09:30:00Z,160.0,V,SH
CJ,50,2026-08-06T09:30:00Z,4.6,V,SH
CJ,30,2026-08-06T09:30:00Z,2.2,V,SH
CJ,50,2026-08-06T10:00:00Z,6.7,V,SH
CJ,30,2026-08-06T10:00:00Z,3.4,V,SH
CJ,31,2026-08-06T10:00:00Z,181.0,V,SH
CJ,51,2026-08-06T10:00:00Z,189.0,V,SH
CJ,50,2026-08-06T10:30:00Z,8.7,V,SH
CJ,30,2026-08-06T10:30:00Z,4.4,V,SH
CJ,31,2026-08-06T10:30:00Z,190.0,V,SH
CJ,51,2026-08-06T10:30:00Z,200.0,V,SH
CJ,51,2026-08-06T11:00:00Z,198.0,V,SH
CJ,50,2026-08-06T11:00:00Z,7.6,V,SH
CJ,31,2026-08-06T11:00:00Z,192.0,V,SH
CJ,30,2026-08-06T11:00:00Z,4.2,V,SH
CJ,51,2026-08-06T11:30:00Z,192.0,V,SH
CJ,30,2026-08-06T11:30:00Z,4.6,V,SH
CJ,31,2026-08-06T11:30:00Z,181.0,V,SH
CJ,50,2026-08-06T11:30:00Z,10.3,V,SH
CJ,50,2026-08-06T12:00:00Z,9.5,V,SH
CJ,30,2026-08-06T12:00:00Z,5.0,V,SH
CJ,31,2026-08-06T12:00:00Z,184.0,V,SH
CJ,51,2026-08-06T12:00:00Z,172.0,V,SH
CJ,31,2026-08-06T12:30:00Z,189.0,V,SH
CJ,51,2026-08-06T12:30:00Z,190.0,V,SH
CJ,30,2026-08-06T12:30:00Z,5.5,V,SH
CJ,50,2026-08-06T12:30:00Z,10.3,V,SH
CJ,50,2026-08-06T13:00:00Z,10.6,V,SH
CJ,30,2026-08-06T13:00:00Z,4.6,V,SH
CJ,31,2026-08-06T13:00:00Z,179.0,V,SH
CJ,51,2026-08-06T13:00:00Z,190.0,V,SH
CJ,50,2026-08-06T13:30:00Z,8.2,V,SH
CJ,51,2026-08-06T13:30:00Z,186.0,V,SH
CJ,31,2026-08-06T13:30:00Z,182.0,V,SH
CJ,30,2026-08-06T13:30:00Z,4.1,V,SH
CJ,30,2026-08-06T14:00:00Z,8.4,V,SH
CJ,31,2026-08-06T14:00:00Z,52.0,V,SH
CJ,50,2026-08-06T14:00:00Z,20.0,V,SH
CJ,51,2026-08-06T14:00:00Z,31.0,V,SH
CJ,51,2026-08-06T14:30:00Z,52.0,V,SH
CJ,30,2026-08-06T14:30:00Z,12.5,V,SH
CJ,31,2026-08-06T14:30:00Z,38.0,V,SH
CJ,50,2026-08-06T14:30:00Z,19.7,V,SH
CJ,50,2026-08-06T15:00:00Z,15.7,V,SH
CJ,30,2026-08-06T15:00:00Z,9.8,V,SH
CJ,31,2026-08-06T15:00:00Z,40.0,V,SH
CJ,51,2026-08-06T15:00:00Z,43.0,V,SH
CJ,51,2026-08-06T15:30:00Z,31.0,V,SH
CJ,31,2026-08-06T15:30:00Z,38.0,V,SH
CJ,30,2026-08-06T15:30:00Z,7.5,V,SH
CJ,50,2026-08-06T15:30:00Z,11.3,V,SH
CJ,50,2026-08-06T16:00:00Z,12.3,V,SH
CJ,30,2026-08-06T16:00:00Z,7.9,V,SH
CJ,31,2026-08-06T16:00:00Z,40.0,V,SH
CJ,51,2026-08-06T16:00:00Z,28.0,V,SH
CJ,50,2026-08-06T16:30:00Z,13.4,V,SH
CJ,30,2026-08-06T16:30:00Z,7.5,V,SH
CJ,31,2026-08-06T16:30:00Z,43.0,V,SH
CJ,51,2026-08-06T16:30:00Z,39.0,V,SH
CJ,50,2026-08-06T17:00:00Z,12.4,V,SH
CJ,51,2026-08-06T17:00:00Z,35.0,V,SH
CJ,31,2026-08-06T17:00:00Z,37.0,V,SH
CJ,30,2026-08-06T17:00:00Z,7.7,V,SH
CJ,51,2026-08-06T17:30:00Z,37.0,V,SH
CJ,30,2026-08-06T17:30:00Z,7.2,V,SH
CJ,31,2026-08-06T17:30:00Z,43.0,V,SH
CJ,50,2026-08-06T17:30:00Z,13.1,V,SH
CJ,50,2026-08-06T18:00:00Z,11.8,V,SH
CJ,30,2026-08-06T18:00:00Z,5.7,V,SH
CJ,31,2026-08-06T18:00:00Z,48.0,V,SH
CJ,51,2026-08-06T18:00:00Z,46.0,V,SH
CJ,31,2026-08-06T18:30:00Z,49.0,V,SH
CJ,51,2026-08-06T18:30:00Z,33.0,V,SH
CJ,50,2026-08-06T18:30:00Z,7.1,V,SH
CJ,30,2026-08-06T18:30:00Z,3.2,V,SH
CJ,50,2026-08-06T19:00:00Z,6.1,V,SH
CJ,30,2026-08-06T19:00:00Z,3.8,V,SH
CJ,31,2026-08-06T19:00:00Z,38.0,V,SH
CJ,51,2026-08-06T19:00:00Z,42.0,V,SH
CJ,31,2026-08-06T19:30:00Z,36.0,V,SH
CJ,30,2026-08-06T19:30:00Z,5.7,V,SH
CJ,51,2026-08-06T19:30:00Z,49.0,V,SH
CJ,50,2026-08-06T19:30:00Z,11.2,V,SH
CJ,50,2026-08-06T20:00:00Z,10.6,V,SH
CJ,51,2026-08-06T20:00:00Z,51.0,V,SH
CJ,30,2026-08-06T20:00:00Z,5.1,V,SH
CJ,31,2026-08-06T20:00:00Z,40.0,V,SH
CJ,50,2026-08-06T20:30:00Z,10.9,V,SH
CJ,31,2026-08-06T20:30:00Z,40.0,V,SH
CJ,51,2026-08-06T20:30:00Z,36.0,V,SH
CJ,30,2026-08-06T20:30:00Z,5.8,V,SH
CJ,50,2026-08-06T21:00:00Z,10.5,V,SH
CJ,30,2026-08-06T21:00:00Z,6.1,V,SH
CJ,31,2026-08-06T21:00:00Z,26.0,V,SH
CJ,51,2026-08-06T21:00:00Z,32.0,V,SH
CJ,50,2026-08-06T21:30:00Z,11.0,V,SH
CJ,30,2026-08-06T21:30:00Z,6.5,V,SH
CJ,31,2026-08-06T21:30:00Z,39.0,V,SH
CJ,51,2026-08-06T21:30:00Z,35.0,V,SH
CJ,30,2026-08-06T22:00:00Z,6.4,V,SH
CJ,51,2026-08-06T22:00:00Z,47.0,V,SH
CJ,50,2026-08-06T22:00:00Z,11.8,V,SH
CJ,31,2026-08-06T22:00:00Z,35.0,V,SH
CJ,31,2026-08-06T22:30:00Z,18.0,V,SH
CJ,51,2026-08-06T22:30:00Z,31.0,V,SH
CJ,30,2026-08-06T22:30:00Z,6.4,V,SH
CJ,50,2026-08-06T22:30:00Z,10.9,V,SH
CJ,31,2026-08-06T23:00:00Z,23.0,V,SH
CJ,50,2026-08-06T23:00:00Z,12.5,V,SH
CJ,30,2026-08-06T23:00:00Z,6.9,V,SH
CJ,51,2026-08-06T23:00:00Z,33.0,V,SH
CJ,31,2026-08-06T23:30:00Z,28.0,V,SH
CJ,30,2026-08-06T23:30:00Z,7.1,V,SH
CJ,51,2026-08-06T23:30:00Z,29.0,V,SH
CJ,50,2026-08-06T23:30:00Z,12.5,V,SH
CJ,50,2026-08-07T00:00:00Z,13.8,,SH
CJ,30,2026-08-07T00:00:00Z,8.2,,SH
CJ,31,2026-08-07T00:00:00Z,27.0,,SH
CJ,51,2026-08-07T00:00:00Z,28.0,,SH
CJ,50,2026-08-07T00:30:00Z,13.3,,SH
CJ,30,2026-08-07T00:30:00Z,9.4,,SH
CJ,31,2026-08-07T00:30:00Z,25.0,,SH
CJ,51,2026-08-07T00:30:00Z,17.0,,SH
CJ,30,2026-08-07T01:00:00Z,8.4,,SH
CJ,31,2026-08-07T01:00:00Z,32.0,,SH
CJ,51,2026-08-07T01:00:00Z,29.0,,SH
CJ,50,2026-08-07T01:00:00Z,12.8,,SH
CJ,30,2026-08-07T01:30:00Z,8.5,,SH
CJ,51,2026-08-07T01:30:00Z,36.0,,SH
CJ,50,2026-08-07T01:30:00Z,13.4,,SH
CJ,31,2026-08-07T01:30:00Z,35.0,,SH
CJ,31,2026-08-07T02:00:00Z,35.0,,SH
CJ,51,2026-08-07T02:00:00Z,33.0,,SH
CJ,50,2026-08-07T02:00:00Z,11.1,,SH
CJ,30,2026-08-07T02:00:00Z,6.9,,SH
CJ,31,2026-08-07T02:30:00Z,40.0,,SH
CJ,50,2026-08-07T02:30:00Z,11.4,,SH
CJ,51,2026-08-07T02:30:00Z,43.0,,SH
CJ,30,2026-08-07T02:30:00Z,6.8,,SH
CJ,30,2026-08-07T03:00:00Z,5.5,,SH
CJ,31,2026-08-07T03:00:00Z,35.0,,SH
CJ,50,2026-08-07T03:00:00Z,11.0,,SH
CJ,51,2026-08-07T03:00:00Z,33.0,,SH
CJ,50,2026-08-07T03:30:00Z,11.8,,SH
CJ,30,2026-08-07T03:30:00Z,7.0,,SH
CJ,31,2026-08-07T03:30:00Z,32.0,,SH
CJ,51,2026-08-07T03:30:00Z,42.0,,SH
CJ,50,2026-08-07T04:00:00Z,10.8,,SH
CJ,30,2026-08-07T04:00:00Z,6.1,,SH
CJ,31,2026-08-07T04:00:00Z,30.0,,SH
CJ,51,2026-08-07T04:00:00Z,25.0,,SH
CJ,30,2026-08-07T04:30:00Z,5.7,,SH
CJ,31,2026-08-07T04:30:00Z,31.0,,SH
CJ,51,2026-08-07T04:30:00Z,57.0,,SH
CJ,50,2026-08-07T04:30:00Z,9.9,,SH
CJ,51,2026-08-07T05:00:00Z,47.0,,SH
CJ,31,2026-08-07T05:00:00Z,25.0,,SH
CJ,50,2026-08-07T05:00:00Z,10.8,,SH
CJ,30,2026-08-07T05:00:00Z,5.2,,SH
CJ,50,2026-08-07T05:30:00Z,8.8,,SH
CJ,30,2026-08-07T05:30:00Z,3.8,,SH
CJ,31,2026-08-07T05:30:00Z,18.0,,SH
CJ,51,2026-08-07T05:30:00Z,34.0,,SH
CJ,51,2026-08-07T06:00:00Z,39.0,,SH
CJ,31,2026-08-07T06:00:00Z,28.0,,SH
CJ,30,2026-08-07T06:00:00Z,6.0,,SH
CJ,50,2026-08-07T06:00:00Z,10.0,,SH
CJ,51,2026-08-07T06:30:00Z,32.0,,SH
CJ,50,2026-08-07T06:30:00Z,9.4,,SH
CJ,31,2026-08-07T06:30:00Z,31.0,,SH
CJ,30,2026-08-07T06:30:00Z,5.8,,SH
CJ,51,2026-08-07T07:00:00Z,33.0,,SH
CJ,30,2026-08-07T07:00:00Z,4.7,,SH
CJ,31,2026-08-07T07:00:00Z,30.0,,SH
CJ,50,2026-08-07T07:00:00Z,8.8,,SH
CJ,51,2026-08-07T07:30:00Z,47.0,,SH
CJ,50,2026-08-07T07:30:00Z,9.1,,SH
CJ,30,2026-08-07T07:30:00Z,4.4,,SH
CJ,31,2026-08-07T07:30:00Z,31.0,,SH
CJ,50,2026-08-07T08:00:00Z,7.5,,SH
CJ,30,2026-08-07T08:00:00Z,4.1,,SH
CJ,31,2026-08-07T08:00:00Z,37.0,,SH
CJ,51,2026-08-07T08:00:00Z,32.0,,SH
CJ,31,2026-08-07T08:30:00Z,33.0,,SH
CJ,51,2026-08-07T08:30:00Z,47.0,,SH
CJ,50,2026-08-07T08:30:00Z,7.1,,SH
CJ,30,2026-08-07T08:30:00Z,3.9,,SH
CJ,31,2026-08-07T09:00:00Z,31.0,,SH
CJ,51,2026-08-07T09:00:00Z,27.0,,SH
CJ,50,2026-08-07T09:00:00Z,6.4,,SH
CJ,30,2026-08-07T09:00:00Z,4.0,,SH
CJ,30,2026-08-07T09:30:00Z,3.0,,SH
CJ,50,2026-08-07T09:30:00Z,5.5,,SH
CJ,51,2026-08-07T09:30:00Z,29.0,,SH
CJ,31,2026-08-07T09:30:00Z,32.0,,SH
CJ,30,2026-08-07T10:00:00Z,1.6,,SH
CJ,31,2026-08-07T10:00:00Z,42.0,,SH
CJ,50,2026-08-07T10:00:00Z,3.7,,SH
CJ,51,2026-08-07T10:00:00Z,28.0,,SH
CJ,30,2026-08-07T10:30:00Z,0.9,,SH
CJ,31,2026-08-07T10:30:00Z,93.0,,SH
CJ,50,2026-08-07T10:30:00Z,2.0,,SH
CJ,51,2026-08-07T10:30:00Z,47.0,,SH
CJ,51,2026-08-07T11:00:00Z,176.0,,SH
CJ,50,2026-08-07T11:00:00Z,6.1,,SH
CJ,30,2026-08-07T11:00:00Z,1.6,,SH
CJ,31,2026-08-07T11:00:00Z,168.0,,SH
CJ,30,2026-08-07T11:30:00Z,3.8,,SH
CJ,31,2026-08-07T11:30:00Z,180.0,,SH
CJ,50,2026-08-07T11:30:00Z,6.7,,SH
CJ,51,2026-08-07T11:30:00Z,207.0,,SH
CJ,30,2026-08-07T12:00:00Z,4.0,,SH
CJ,31,2026-08-07T12:00:00Z,179.0,,SH
CJ,50,2026-08-07T12:00:00Z,7.4,,SH
CJ,51,2026-08-07T12:00:00Z,183.0,,SH
CJ,51,2026-08-07T12:30:00Z,188.0,,SH
CJ,50,2026-08-07T12:30:00Z,9.5,,SH
CJ,31,2026-08-07T12:30:00Z,180.0,,SH
CJ,30,2026-08-07T12:30:00Z,4.1,,SH
CJ,30,2026-08-07T13:00:00Z,4.1,,SH
CJ,50,2026-08-07T13:00:00Z,8.4,,SH
CJ,31,2026-08-07T13:00:00Z,174.0,,SH
CJ,51,2026-08-07T13:00:00Z,200.0,,SH
CJ,30,2026-08-07T13:30:00Z,3.7,,SH
CJ,51,2026-08-07T13:30:00Z,165.0,,SH
CJ,50,2026-08-07T13:30:00Z,8.9,,SH
CJ,31,2026-08-07T13:30:00Z,174.0,,SH
CJ,50,2026-08-07T14:00:00Z,8.3,,SH
CJ,30,2026-08-07T14:00:00Z,3.9,,SH
CJ,31,2026-08-07T14:00:00Z,178.0,,SH
CJ,51,2026-08-07T14:00:00Z,196.0,,SH
CJ,50,2026-08-07T14:30:00Z,7.2,,SH
CJ,51,2026-08-07T14:30:00Z,176.0,,SH
CJ,31,2026-08-07T14:30:00Z,183.0,,SH
CJ,30,2026-08-07T14:30:00Z,3.4,,SH
CJ,51,2026-08-07T15:00:00Z,183.0,,SH
CJ,31,2026-08-07T15:00:00Z,182.0,,SH
CJ,30,2026-08-07T15:00:00Z,4.3,,SH
CJ,50,2026-08-07T15:00:00Z,9.7,,SH
CJ,51,2026-08-07T15:30:00Z,188.0,,SH
CJ,30,2026-08-07T15:30:00Z,4.6,,SH
CJ,31,2026-08-07T15:30:00Z,186.0,,SH
CJ,50,2026-08-07T15:30:00Z,9.1,,SH
CJ,30,2026-08-07T16:00:00Z,3.9,,SH
CJ,31,2026-08-07T16:00:00Z,185.0,,SH
CJ,50,2026-08-07T16:00:00Z,7.7,,SH
CJ,51,2026-08-07T16:00:00Z,170.0,,SH
CJ,30,2026-08-07T16:30:00Z,4.3,,SH
CJ,31,2026-08-07T16:30:00Z,191.0,,SH
CJ,50,2026-08-07T16:30:00Z,7.8,,SH
CJ,51,2026-08-07T16:30:00Z,203.0,,SH
CJ,51,2026-08-07T17:00:00Z,199.0,,SH
CJ,50,2026-08-07T17:00:00Z,7.1,,SH
CJ,30,2026-08-07T17:00:00Z,3.8,,SH
CJ,31,2026-08-07T17:00:00Z,189.0,,SH
CJ,30,2026-08-07T17:30:00Z,3.7,,SH
CJ,51,2026-08-07T17:30:00Z,42.0,,SH
CJ,50,2026-08-07T17:30:00Z,8.2,,SH
CJ,31,2026-08-07T17:30:00Z,142.0,,SH
CJ,31,2026-08-07T18:00:00Z,43.0,,SH
CJ,51,2026-08-07T18:00:00Z,31.0,,SH
CJ,30,2026-08-07T18:00:00Z,6.9,,SH
CJ,50,2026-08-07T18:00:00Z,12.5,,SH
CJ,31,2026-08-07T18:30:00Z,62.0,,SH
CJ,50,2026-08-07T18:30:00Z,11.3,,SH
CJ,51,2026-08-07T18:30:00Z,47.0,,SH
CJ,30,2026-08-07T18:30:00Z,5.8,,SH
CJ,30,2026-08-07T19:00:00Z,5.6,,SH
CJ,51,2026-08-07T19:00:00Z,59.0,,SH
CJ,50,2026-08-07T19:00:00Z,12.0,,SH
CJ,31,2026-08-07T19:00:00Z,62.0,,SH
CJ,30,2026-08-07T19:30:00Z,5.8,,SH
CJ,51,2026-08-07T19:30:00Z,50.0,,SH
CJ,50,2026-08-07T19:30:00Z,10.1,,SH
CJ,31,2026-08-07T19:30:00Z,44.0,,SH
CJ,31,2026-08-07T20:00:00Z,50.0,,SH
CJ,50,2026-08-07T20:00:00Z,10.3,,SH
CJ,51,2026-08-07T20:00:00Z,48.0,,SH
CJ,30,2026-08-07T20:00:00Z,6.1,,SH
CJ,31,2026-08-07T20:30:00Z,42.0,,SH
CJ,51,2026-08-07T20:30:00Z,52.0,,SH
CJ,50,2026-08-07T20:30:00Z,14.3,,SH
CJ,30,2026-08-07T20:30:00Z,7.9,,SH
CJ,31,2026-08-07T21:00:00Z,46.0,,SH
CJ,51,2026-08-07T21:00:00Z,35.0,,SH
CJ,50,2026-08-07T21:00:00Z,12.8,,SH
CJ,30,2026-08-07T21:00:00Z,7.2,,SH
CJ,31,2026-08-07T21:30:00Z,44.0,,SH
CJ,30,2026-08-07T21:30:00Z,7.3,,SH
CJ,50,2026-08-07T21:30:00Z,13.6,,SH
CJ,51,2026-08-07T21:30:00Z,32.0,,SH
CJ,51,2026-08-07T22:00:00Z,50.0,,SH
CJ,30,2026-08-07T22:00:00Z,6.8,,SH
CJ,31,2026-08-07T22:00:00Z,46.0,,SH
CJ,50,2026-08-07T22:00:00Z,11.2,,SH
CJ,30,2026-08-07T22:30:00Z,7.2,,SH
CJ,51,2026-08-07T22:30:00Z,55.0,,SH
CJ,50,2026-08-07T22:30:00Z,11.7,,SH
CJ,31,2026-08-07T22:30:00Z,46.0,,SH
CJ,50,2026-08-07T23:00:00Z,14.1,,SH
CJ,31,2026-08-07T23:00:00Z,36.0,,SH
CJ,30,2026-08-07T23:00:00Z,8.8,,SH
CJ,51,2026-08-07T23:00:00Z,29.0,,SH
CJ,30,2026-08-07T23:30:00Z,9.1,,SH
CJ,31,2026-08-07T23:30:00Z,32.0,,SH
CJ,50,2026-08-07T23:30:00Z,14.5,,SH
CJ,51,2026-08-07T23:30:00Z,31.0,,SH
CJ,30,2026-08-08T00:00:00Z,8.7,V,SH
CJ,31,2026-08-08T00:00:00Z,31.0,V,SH
CJ,50,2026-08-08T00:00:00Z,13.0,V,SH
CJ,51,2026-08-08T00:00:00Z,33.0,V,SH
CJ,31,2026-08-08T00:30:00Z,37.0,V,SH
CJ,30,2026-08-08T00:30:00Z,7.3,V,SH
CJ,50,2026-08-08T00:30:00Z,12.0,V,SH
CJ,51,2026-08-08T00:30:00Z,34.0,V,SH
CJ,50,2026-08-08T01:00:00Z,12.6,V,SH
CJ,51,2026-08-08T01:00:00Z,38.0,V,SH
CJ,30,2026-08-08T01:00:00Z,8.4,V,SH
CJ,31,2026-08-08T01:00:00Z,41.0,V,SH
CJ,31,2026-08-08T01:30:00Z,39.0,V,SH
CJ,51,2026-08-08T01:30:00Z,23.0,V,SH
CJ,30,2026-08-08T01:30:00Z,7.4,V,SH
CJ,50,2026-08-08T01:30:00Z,12.2,V,SH
CJ,30,2026-08-08T02:00:00Z,6.8,V,SH
CJ,50,2026-08-08T02:00:00Z,12.1,V,SH
CJ,31,2026-08-08T02:00:00Z,35.0,V,SH
CJ,51,2026-08-08T02:00:00Z,60.0,V,SH
CJ,51,2026-08-08T02:30:00Z,40.0,V,SH
CJ,30,2026-08-08T02:30:00Z,7.2,V,SH
CJ,31,2026-08-08T02:30:00Z,39.0,V,SH
CJ,50,2026-08-08T02:30:00Z,11.7,V,SH
CJ,30,2026-08-08T03:00:00Z,8.6,V,SH
CJ,31,2026-08-08T03:00:00Z,42.0,V,SH
CJ,51,2026-08-08T03:00:00Z,35.0,V,SH
CJ,50,2026-08-08T03:00:00Z,13.1,V,SH
CJ,50,2026-08-08T03:30:00Z,13.2,V,SH
CJ,51,2026-08-08T03:30:00Z,37.0,V,SH
CJ,30,2026-08-08T03:30:00Z,7.9,V,SH
CJ,31,2026-08-08T03:30:00Z,37.0,V,SH
CJ,31,2026-08-08T04:00:00Z,31.0,V,SH
CJ,51,2026-08-08T04:00:00Z,31.0,V,SH
CJ,50,2026-08-08T04:00:00Z,13.0,V,SH
CJ,30,2026-08-08T04:00:00Z,8.0,V,SH
CJ,31,2026-08-08T04:30:00Z,32.0,V,SH
CJ,51,2026-08-08T04:30:00Z,28.0,V,SH
CJ,50,2026-08-08T04:30:00Z,13.6,V,SH
CJ,30,2026-08-08T04:30:00Z,7.8,V,SH
CJ,50,2026-08-08T05:00:00Z,10.7,V,SH
CJ,51,2026-08-08T05:00:00Z,35.0,V,SH
CJ,30,2026-08-08T05:00:00Z,6.1,V,SH
CJ,31,2026-08-08T05:00:00Z,27.0,V,SH
CJ,51,2026-08-08T05:30:00Z,34.0,V,SH
CJ,50,2026-08-08T05:30:00Z,9.8,V,SH
CJ,30,2026-08-08T05:30:00Z,5.4,V,SH
CJ,31,2026-08-08T05:30:00Z,29.0,V,SH
CJ,30,2026-08-08T06:00:00Z,6.5,V,SH
CJ,31,2026-08-08T06:00:00Z,31.0,V,SH
CJ,50,2026-08-08T06:00:00Z,11.1,V,SH
CJ,51,2026-08-08T06:00:00Z,35.0,V,SH
CJ,30,2026-08-08T06:30:00Z,5.8,V,SH
CJ,51,2026-08-08T06:30:00Z,21.0,V,SH
CJ,50,2026-08-08T06:30:00Z,9.6,V,SH
CJ,31,2026-08-08T06:30:00Z,34.0,V,SH
CJ,30,2026-08-08T07:00:00Z,5.2,V,SH
CJ,31,2026-08-08T07:00:00Z,32.0,V,SH
CJ,50,2026-08-08T07:00:00Z,9.4,V,SH
CJ,51,2026-08-08T07:00:00Z,21.0,V,SH
CJ,51,2026-08-08T07:30:00Z,47.0,V,SH
CJ,30,2026-08-08T07:30:00Z,4.2,V,SH
CJ,31,2026-08-08T07:30:00Z,33.0,V,SH
CJ,50,2026-08-08T07:30:00Z,8.8,V,SH
CJ,50,2026-08-08T08:00:00Z,7.1,V,SH
CJ,30,2026-08-08T08:00:00Z,4.2,V,SH
CJ,31,2026-08-08T08:00:00Z,31.0,V,SH
CJ,51,2026-08-08T08:00:00Z,48.0,V,SH
CJ,31,2026-08-08T08:30:00Z,34.0,V,SH
CJ,51,2026-08-08T08:30:00Z,22.0,V,SH
CJ,50,2026-08-08T08:30:00Z,7.9,V,SH
CJ,30,2026-08-08T08:30:00Z,4.0,V,SH
CJ,50,2026-08-08T09:00:00Z,8.0,V,SH
CJ,30,2026-08-08T09:00:00Z,4.3,V,SH
CJ,31,2026-08-08T09:00:00Z,36.0,V,SH
CJ,51,2026-08-08T09:00:00Z,35.0,V,SH
CJ,50,2026-08-08T09:30:00Z,7.2,V,SH
CJ,30,2026-08-08T09:30:00Z,4.5,V,SH
CJ,31,2026-08-08T09:30:00Z,37.0,V,SH
CJ,51,2026-08-08T09:30:00Z,38.0,V,SH
CJ,31,2026-08-08T10:00:00Z,34.0,V,SH
CJ,51,2026-08-08T10:00:00Z,35.0,V,SH
CJ,50,2026-08-08T10:00:00Z,6.4,V,SH
CJ,30,2026-08-08T10:00:00Z,3.0,V,SH
CJ,50,2026-08-08T10:30:00Z,3.2,V,SH
CJ,30,2026-08-08T10:30:00Z,1.1,V,SH
CJ,31,2026-08-08T10:30:00Z,154.0,V,SH
CJ,51,2026-08-08T10:30:00Z,181.0,V,SH
CJ,50,2026-08-08T11:00:00Z,4.9,V,SH
CJ,30,2026-08-08T11:00:00Z,1.6,V,SH
CJ,31,2026-08-08T11:00:00Z,178.0,V,SH
CJ,51,2026-08-08T11:00:00Z,189.0,V,SH
CJ,51,2026-08-08T11:30:00Z,187.0,V,SH
CJ,50,2026-08-08T11:30:00Z,7.2,V,SH
CJ,30,2026-08-08T11:30:00Z,3.3,V,SH
CJ,31,2026-08-08T11:30:00Z,208.0,V,SH
CJ,50,2026-08-08T12:00:00Z,6.7,V,SH
CJ,31,2026-08-08T12:00:00Z,203.0,V,SH
CJ,30,2026-08-08T12:00:00Z,3.4,V,SH
CJ,51,2026-08-08T12:00:00Z,192.0,V,SH
CJ,51,2026-08-08T12:30:00Z,195.0,V,SH
CJ,31,2026-08-08T12:30:00Z,201.0,V,SH
CJ,30,2026-08-08T12:30:00Z,4.1,V,SH
CJ,50,2026-08-08T12:30:00Z,8.2,V,SH
CJ,50,2026-08-08T13:00:00Z,7.3,V,SH
CJ,30,2026-08-08T13:00:00Z,4.1,V,SH
CJ,31,2026-08-08T13:00:00Z,189.0,V,SH
CJ,51,2026-08-08T13:00:00Z,193.0,V,SH
CJ,50,2026-08-08T13:30:00Z,8.4,V,SH
CJ,31,2026-08-08T13:30:00Z,192.0,V,SH
CJ,30,2026-08-08T13:30:00Z,4.9,V,SH
CJ,51,2026-08-08T13:30:00Z,215.0,V,SH
CJ,51,2026-08-08T14:00:00Z,181.0,V,SH
CJ,30,2026-08-08T14:00:00Z,3.9,V,SH
CJ,31,2026-08-08T14:00:00Z,188.0,V,SH
CJ,50,2026-08-08T14:00:00Z,9.0,V,SH
CJ,50,2026-08-08T14:30:00Z,7.2,V,SH
CJ,30,2026-08-08T14:30:00Z,3.5,V,SH
CJ,31,2026-08-08T14:30:00Z,199.0,V,SH
CJ,51,2026-08-08T14:30:00Z,192.0,V,SH
CJ,51,2026-08-08T15:00:00Z,170.0,V,SH
CJ,50,2026-08-08T15:00:00Z,7.1,V,SH
CJ,30,2026-08-08T15:00:00Z,2.9,V,SH
CJ,31,2026-08-08T15:00:00Z,197.0,V,SH
CJ,30,2026-08-08T15:30:00Z,2.7,V,SH
CJ,31,2026-08-08T15:30:00Z,179.0,V,SH
CJ,50,2026-08-08T15:30:00Z,5.9,V,SH
CJ,51,2026-08-08T15:30:00Z,196.0,V,SH
CJ,30,2026-08-08T16:00:00Z,3.3,V,SH
CJ,31,2026-08-08T16:00:00Z,178.0,V,SH
CJ,50,2026-08-08T16:00:00Z,9.5,V,SH
CJ,51,2026-08-08T16:00:00Z,170.0,V,SH
CJ,50,2026-08-08T16:30:00Z,9.9,V,SH
CJ,51,2026-08-08T16:30:00Z,180.0,V,SH
CJ,31,2026-08-08T16:30:00Z,181.0,V,SH
CJ,30,2026-08-08T16:30:00Z,3.0,V,SH
CJ,50,2026-08-08T17:00:00Z,8.7,V,SH
CJ,30,2026-08-08T17:00:00Z,2.9,V,SH
CJ,31,2026-08-08T17:00:00Z,150.0,V,SH
CJ,51,2026-08-08T17:00:00Z,194.0,V,SH
CJ,51,2026-08-08T17:30:00Z,26.0,V,SH
CJ,30,2026-08-08T17:30:00Z,8.0,V,SH
CJ,31,2026-08-08T17:30:00Z,10.0,V,SH
CJ,50,2026-08-08T17:30:00Z,16.2,V,SH
CJ,31,2026-08-08T18:00:00Z,40.0,V,SH
CJ,30,2026-08-08T18:00:00Z,11.4,V,SH
CJ,51,2026-08-08T18:00:00Z,34.0,V,SH
CJ,50,2026-08-08T18:00:00Z,18.8,V,SH
CJ,51,2026-08-08T18:30:00Z,36.0,V,SH
CJ,31,2026-08-08T18:30:00Z,40.0,V,SH
CJ,30,2026-08-08T18:30:00Z,9.7,V,SH
CJ,50,2026-08-08T18:30:00Z,16.1,V,SH
CJ,31,2026-08-08T19:00:00Z,49.0,V,SH
CJ,30,2026-08-08T19:00:00Z,9.4,V,SH
CJ,50,2026-08-08T19:00:00Z,15.8,V,SH
CJ,51,2026-08-08T19:00:00Z,52.0,V,SH
CJ,51,2026-08-08T19:30:00Z,43.0,V,SH
CJ,30,2026-08-08T19:30:00Z,8.8,V,SH
CJ,31,2026-08-08T19:30:00Z,40.0,V,SH
CJ,50,2026-08-08T19:30:00Z,15.1,V,SH
CJ,50,2026-08-08T20:00:00Z,14.5,V,SH
CJ,31,2026-08-08T20:00:00Z,48.0,V,SH
CJ,30,2026-08-08T20:00:00Z,8.4,V,SH
CJ,51,2026-08-08T20:00:00Z,51.0,V,SH
CJ,51,2026-08-08T20:30:00Z,52.0,V,SH
CJ,50,2026-08-08T20:30:00Z,12.3,V,SH
CJ,30,2026-08-08T20:30:00Z,5.6,V,SH
CJ,31,2026-08-08T20:30:00Z,45.0,V,SH
CJ,30,2026-08-08T21:00:00Z,8.4,V,SH
CJ,31,2026-08-08T21:00:00Z,39.0,V,SH
CJ,50,2026-08-08T21:00:00Z,13.5,V,SH
CJ,51,2026-08-08T21:00:00Z,19.0,V,SH
CJ,30,2026-08-08T21:30:00Z,7.9,V,SH
CJ,31,2026-08-08T21:30:00Z,39.0,V,SH
CJ,50,2026-08-08T21:30:00Z,14.2,V,SH
CJ,51,2026-08-08T21:30:00Z,28.0,V,SH
CJ,50,2026-08-08T22:00:00Z,11.2,V,SH
CJ,31,2026-08-08T22:00:00Z,36.0,V,SH
CJ,51,2026-08-08T22:00:00Z,25.0,V,SH
CJ,30,2026-08-08T22:00:00Z,6.4,V,SH
CJ,30,2026-08-08T22:30:00Z,7.8,V,SH
CJ,31,2026-08-08T22:30:00Z,41.0,V,SH
CJ,50,2026-08-08T22:30:00Z,12.8,V,SH
CJ,51,2026-08-08T22:30:00Z,21.0,V,SH
CJ,50,2026-08-08T23:00:00Z,11.4,V,SH
CJ,30,2026-08-08T23:00:00Z,7.3,V,SH
CJ,31,2026-08-08T23:00:00Z,39.0,V,SH
CJ,51,2026-08-08T23:00:00Z,48.0,V,SH
CJ,50,2026-08-08T23:30:00Z,11.8,V,SH
CJ,51,2026-08-08T23:30:00Z,54.0,V,SH
CJ,31,2026-08-08T23:30:00Z,47.0,V,SH
CJ,30,2026-08-08T23:30:00Z,7.7,V,SH
CJ,30,2026-08-09T00:00:00Z,7.3,V,SH
CJ,31,2026-08-09T00:00:00Z,36.0,V,SH
CJ,50,2026-08-09T00:00:00Z,12.1,V,SH
CJ,51,2026-08-09T00:00:00Z,25.0,V,SH
CJ,30,2026-08-09T00:30:00Z,7.3,V,SH
CJ,31,2026-08-09T00:30:00Z,40.0,V,SH
CJ,50,2026-08-09T00:30:00Z,12.5,V,SH
CJ,51,2026-08-09T00:30:00Z,45.0,V,SH
CJ,51,2026-08-09T01:00:00Z,29.0,V,SH
CJ,31,2026-08-09T01:00:00Z,31.0,V,SH
CJ,30,2026-08-09T01:00:00Z,6.7,V,SH
CJ,50,2026-08-09T01:00:00Z,12.4,V,SH
CJ,51,2026-08-09T01:30:00Z,39.0,V,SH
CJ,30,2026-08-09T01:30:00Z,7.5,V,SH
CJ,31,2026-08-09T01:30:00Z,37.0,V,SH
CJ,50,2026-08-09T01:30:00Z,12.4,V,SH
CJ,51,2026-08-09T02:00:00Z,56.0,V,SH
CJ,30,2026-08-09T02:00:00Z,6.9,V,SH
CJ,31,2026-08-09T02:00:00Z,33.0,V,SH
CJ,50,2026-08-09T02:00:00Z,11.7,V,SH
CJ,51,2026-08-09T02:30:00Z,39.0,V,SH
CJ,31,2026-08-09T02:30:00Z,29.0,V,SH
CJ,30,2026-08-09T02:30:00Z,5.2,V,SH
CJ,50,2026-08-09T02:30:00Z,10.3,V,SH
CJ,50,2026-08-09T03:00:00Z,8.9,V,SH
CJ,30,2026-08-09T03:00:00Z,4.4,V,SH
CJ,31,2026-08-09T03:00:00Z,19.0,V,SH
CJ,51,2026-08-09T03:00:00Z,37.0,V,SH
CJ,50,2026-08-09T03:30:00Z,11.4,V,SH
CJ,30,2026-08-09T03:30:00Z,6.3,V,SH
CJ,31,2026-08-09T03:30:00Z,38.0,V,SH
CJ,51,2026-08-09T03:30:00Z,43.0,V,SH
CJ,50,2026-08-09T04:00:00Z,13.2,V,SH
CJ,30,2026-08-09T04:00:00Z,7.0,V,SH
CJ,51,2026-08-09T04:00:00Z,57.0,V,SH
CJ,31,2026-08-09T04:00:00Z,44.0,V,SH
CJ,50,2026-08-09T04:30:00Z,15.0,V,SH
CJ,51,2026-08-09T04:30:00Z,33.0,V,SH
CJ,31,2026-08-09T04:30:00Z,26.0,V,SH
CJ,30,2026-08-09T04:30:00Z,9.8,V,SH
CJ,30,2026-08-09T05:00:00Z,5.8,V,SH
CJ,50,2026-08-09T05:00:00Z,12.1,V,SH
CJ,31,2026-08-09T05:00:00Z,36.0,V,SH
CJ,51,2026-08-09T05:00:00Z,38.0,V,SH
CJ,50,2026-08-09T05:30:00Z,13.2,V,SH
CJ,51,2026-08-09T05:30:00Z,26.0,V,SH
CJ,30,2026-08-09T05:30:00Z,6.3,V,SH
CJ,31,2026-08-09T05:30:00Z,19.0,V,SH
CJ,30,2026-08-09T06:00:00Z,5.5,V,SH
CJ,31,2026-08-09T06:00:00Z,27.0,V,SH
CJ,50,2026-08-09T06:00:00Z,10.4,V,SH
CJ,51,2026-08-09T06:00:00Z,32.0,V,SH
CJ,30,2026-08-09T06:30:00Z,6.5,V,SH
CJ,31,2026-08-09T06:30:00Z,33.0,V,SH
CJ,50,2026-08-09T06:30:00Z,11.4,V,SH
CJ,51,2026-08-09T06:30:00Z,52.0,V,SH
CJ,51,2026-08-09T07:00:00Z,33.0,V,SH
CJ,30,2026-08-09T07:00:00Z,6.5,V,SH
CJ,31,2026-08-09T07:00:00Z,37.0,V,SH
CJ,50,2026-08-09T07:00:00Z,11.3,V,SH
CJ,51,2026-08-09T07:30:00Z,35.0,V,SH
CJ,31,2026-08-09T07:30:00Z,34.0,V,SH
CJ,30,2026-08-09T07:30:00Z,6.9,V,SH
CJ,50,2026-08-09T07:30:00Z,12.7,V,SH
CJ,30,2026-08-09T08:00:00Z,7.0,V,SH
CJ,50,2026-08-09T08:00:00Z,11.8,V,SH
CJ,51,2026-08-09T08:00:00Z,38.0,V,SH
CJ,31,2026-08-09T08:00:00Z,38.0,V,SH
CJ,30,2026-08-09T08:30:00Z,5.3,V,SH
CJ,31,2026-08-09T08:30:00Z,38.0,V,SH
CJ,50,2026-08-09T08:30:00Z,10.9,V,SH
CJ,51,2026-08-09T08:30:00Z,26.0,V,SH
CJ,51,2026-08-09T09:00:00Z,31.0,V,SH
CJ,50,2026-08-09T09:00:00Z,9.9,V,SH
CJ,31,2026-08-09T09:00:00Z,33.0,V,SH
CJ,30,2026-08-09T09:00:00Z,5.0,V,SH
CJ,30,2026-08-09T09:30:00Z,5.4,V,SH
CJ,31,2026-08-09T09:30:00Z,35.0,V,SH
CJ,50,2026-08-09T09:30:00Z,9.4,V,SH
CJ,51,2026-08-09T09:30:00Z,33.0,V,SH
CJ,30,2026-08-09T10:00:00Z,5.5,V,SH
CJ,31,2026-08-09T10:00:00Z,38.0,V,SH
CJ,50,2026-08-09T10:00:00Z,9.4,V,SH
CJ,51,2026-08-09T10:00:00Z,48.0,V,SH
CJ,51,2026-08-09T10:30:00Z,45.0,V,SH
CJ,50,2026-08-09T10:30:00Z,9.0,V,SH
CJ,30,2026-08-09T10:30:00Z,5.3,V,SH
CJ,31,2026-08-09T10:30:00Z,31.0,V,SH
CJ,30,2026-08-09T11:00:00Z,3.4,V,SH
CJ,31,2026-08-09T11:00:00Z,27.0,V,SH
CJ,50,2026-08-09T11:00:00Z,5.6,V,SH
CJ,51,2026-08-09T11:00:00Z,27.0,V,SH
CJ,30,2026-08-09T11:30:00Z,1.6,V,SH
CJ,31,2026-08-09T11:30:00Z,78.0,V,SH
CJ,50,2026-08-09T11:30:00Z,5.4,V,SH
CJ,51,2026-08-09T11:30:00Z,160.0,V,SH
CJ,50,2026-08-09T12:00:00Z,6.6,V,SH
CJ,51,2026-08-09T12:00:00Z,186.0,V,SH
CJ,30,2026-08-09T12:00:00Z,2.6,V,SH
CJ,31,2026-08-09T12:00:00Z,180.0,V,SH
CJ,30,2026-08-09T12:30:00Z,4.0,V,SH
CJ,31,2026-08-09T12:30:00Z,181.0,V,SH
CJ,50,2026-08-09T12:30:00Z,7.8,V,SH
CJ,51,2026-08-09T12:30:00Z,190.0,V,SH
CJ,30,2026-08-09T13:00:00Z,4.2,V,SH
CJ,31,2026-08-09T13:00:00Z,190.0,V,SH
CJ,50,2026-08-09T13:00:00Z,8.2,V,SH
CJ,51,2026-08-09T13:00:00Z,178.0,V,SH
CJ,51,2026-08-09T13:30:00Z,190.0,V,SH
CJ,30,2026-08-09T13:30:00Z,4.3,V,SH
CJ,31,2026-08-09T13:30:00Z,176.0,V,SH
CJ,50,2026-08-09T13:30:00Z,7.8,V,SH
CJ,51,2026-08-09T14:00:00Z,204.0,V,SH
CJ,50,2026-08-09T14:00:00Z,8.1,V,SH
CJ,31,2026-08-09T14:00:00Z,198.0,V,SH
CJ,30,2026-08-09T14:00:00Z,3.9,V,SH
CJ,30,2026-08-09T14:30:00Z,4.0,V,SH
CJ,31,2026-08-09T14:30:00Z,189.0,V,SH
CJ,50,2026-08-09T14:30:00Z,9.0,V,SH
CJ,51,2026-08-09T14:30:00Z,187.0,V,SH
CJ,51,2026-08-09T15:00:00Z,185.0,V,SH
CJ,30,2026-08-09T15:00:00Z,4.1,V,SH
CJ,31,2026-08-09T15:00:00Z,192.0,V,SH
CJ,50,2026-08-09T15:00:00Z,6.9,V,SH
CJ,30,2026-08-09T15:30:00Z,3.3,V,SH
CJ,31,2026-08-09T15:30:00Z,188.0,V,SH
CJ,50,2026-08-09T15:30:00Z,6.4,V,SH
CJ,51,2026-08-09T15:30:00Z,189.0,V,SH
CJ,50,2026-08-09T16:00:00Z,5.5,V,SH
CJ,31,2026-08-09T16:00:00Z,187.0,V,SH
CJ,51,2026-08-09T16:00:00Z,184.0,V,SH
CJ,30,2026-08-09T16:00:00Z,2.6,V,SH
CJ,30,2026-08-09T16:30:00Z,3.3,V,SH
CJ,31,2026-08-09T16:30:00Z,181.0,V,SH
CJ,50,2026-08-09T16:30:00Z,7.2,V,SH
CJ,51,2026-08-09T16:30:00Z,178.0,V,SH
CJ,50,2026-08-09T17:00:00Z,5.6,V,SH
CJ,30,2026-08-09T17:00:00Z,2.8,V,SH
CJ,31,2026-08-09T17:00:00Z,187.0,V,SH
CJ,51,2026-08-09T17:00:00Z,180.0,V,SH
CJ,50,2026-08-09T17:30:00Z,6.5,V,SH
CJ,31,2026-08-09T17:30:00Z,190.0,V,SH
CJ,51,2026-08-09T17:30:00Z,203.0,V,SH
CJ,30,2026-08-09T17:30:00Z,2.5,V,SH
CJ,30,2026-08-09T18:00:00Z,2.3,V,SH
CJ,31,2026-08-09T18:00:00Z,191.0,V,SH
CJ,50,2026-08-09T18:00:00Z,5.5,V,SH
CJ,51,2026-08-09T18:00:00Z,198.0,V,SH
CJ,51,2026-08-09T18:30:00Z,191.0,V,SH
CJ,30,2026-08-09T18:30:00Z,0.9,V,SH
CJ,31,2026-08-09T18:30:00Z,181.0,V,SH
CJ,50,2026-08-09T18:30:00Z,2.5,V,SH
CJ,51,2026-08-09T19:00:00Z,310.0,V,SH
CJ,50,2026-08-09T19:00:00Z,2.5,V,SH
CJ,30,2026-08-09T19:00:00Z,0.6,V,SH
CJ,31,2026-08-09T19:00:00Z,349.0,V,SH
CJ,51,2026-08-09T19:30:00Z,10.0,V,SH
CJ,30,2026-08-09T19:30:00Z,0.9,V,SH
CJ,31,2026-08-09T19:30:00Z,339.0,V,SH
CJ,50,2026-08-09T19:30:00Z,1.7,V,SH
CJ,50,2026-08-09T20:00:00Z,4.4,V,SH
CJ,51,2026-08-09T20:00:00Z,22.0,V,SH
CJ,30,2026-08-09T20:00:00Z,2.4,V,SH
CJ,31,2026-08-09T20:00:00Z,15.0,V,SH
CJ,51,2026-08-09T20:30:00Z,8.0,V,SH
CJ,50,2026-08-09T20:30:00Z,4.8,V,SH
CJ,31,2026-08-09T20:30:00Z,10.0,V,SH
CJ,30,2026-08-09T20:30:00Z,3.0,V,SH
CJ,30,2026-08-09T21:00:00Z,3.7,V,SH
CJ,31,2026-08-09T21:00:00Z,358.0,V,SH
CJ,50,2026-08-09T21:00:00Z,6.7,V,SH
CJ,51,2026-08-09T21:00:00Z,28.0,V,SH
CJ,30,2026-08-09T21:30:00Z,3.4,V,SH
CJ,31,2026-08-09T21:30:00Z,0.0,V,SH
CJ,50,2026-08-09T21:30:00Z,7.0,V,SH
CJ,51,2026-08-09T21:30:00Z,7.0,V,SH
CJ,51,2026-08-09T22:00:00Z,35.0,V,SH
CJ,50,2026-08-09T22:00:00Z,5.3,V,SH
CJ,30,2026-08-09T22:00:00Z,2.8,V,SH
CJ,31,2026-08-09T22:00:00Z,8.0,V,SH
CJ,30,2026-08-09T22:30:00Z,4.0,V,SH
CJ,31,2026-08-09T22:30:00Z,13.0,V,SH
CJ,50,2026-08-09T22:30:00Z,8.2,V,SH
CJ,51,2026-08-09T22:30:00Z,26.0,V,SH
CJ,30,2026-08-09T23:00:00Z,4.4,V,SH
CJ,31,2026-08-09T23:00:00Z,17.0,V,SH
CJ,50,2026-08-09T23:00:00Z,7.9,V,SH
CJ,51,2026-08-09T23:00:00Z,25.0,V,SH
CJ,51,2026-08-09T23:30:00Z,17.0,V,SH
CJ,50,2026-08-09T23:30:00Z,7.2,V,SH
CJ,31,2026-08-09T23:30:00Z,20.0,V,SH
CJ,30,2026-08-09T23:30:00Z,4.1,V,SH
CJ,30,2026-08-10T00:00:00Z,4.6,V,SH
CJ,31,2026-08-10T00:00:00Z,26.0,V,SH
CJ,50,2026-08-10T00:00:00Z,8.9,V,SH
CJ,51,2026-08-10T00:00:00Z,37.0,V,SH
CJ,30,2026-08-10T00:30:00Z,3.9,V,SH
CJ,31,2026-08-10T00:30:00Z,14.0,V,SH
CJ,50,2026-08-10T00:30:00Z,8.1,V,SH
CJ,51,2026-08-10T00:30:00Z,24.0,V,SH
CJ,51,2026-08-10T01:00:00Z,28.0,V,SH
CJ,50,2026-08-10T01:00:00Z,10.6,V,SH
CJ,31,2026-08-10T01:00:00Z,15.0,V,SH
CJ,30,2026-08-10T01:00:00Z,4.6,V,SH
CJ,30,2026-08-10T01:30:00Z,4.0,V,SH
CJ,31,2026-08-10T01:30:00Z,21.0,V,SH
CJ,50,2026-08-10T01:30:00Z,7.6,V,SH
CJ,51,2026-08-10T01:30:00Z,70.0,V,SH
CJ,30,2026-08-10T02:00:00Z,4.5,V,SH
CJ,31,2026-08-10T02:00:00Z,18.0,V,SH
CJ,50,2026-08-10T02:00:00Z,9.0,V,SH
CJ,51,2026-08-10T02:00:00Z,25.0,V,SH
CJ,51,2026-08-10T02:30:00Z,19.0,V,SH
CJ,50,2026-08-10T02:30:00Z,8.9,V,SH
CJ,31,2026-08-10T02:30:00Z,16.0,V,SH
CJ,30,2026-08-10T02:30:00Z,4.7,V,SH
CJ,51,2026-08-10T03:00:00Z,15.0,V,SH
CJ,30,2026-08-10T03:00:00Z,3.6,V,SH
CJ,31,2026-08-10T03:00:00Z,10.0,V,SH
CJ,50,2026-08-10T03:00:00Z,6.9,V,SH
CJ,30,2026-08-10T03:30:00Z,5.2,V,SH
CJ,31,2026-08-10T03:30:00Z,23.0,V,SH
CJ,50,2026-08-10T03:30:00Z,9.6,V,SH
CJ,51,2026-08-10T03:30:00Z,51.0,V,SH
CJ,51,2026-08-10T04:00:00Z,23.0,V,SH
CJ,50,2026-08-10T04:00:00Z,7.8,V,SH
CJ,30,2026-08-10T04:00:00Z,3.9,V,SH
CJ,31,2026-08-10T04:00:00Z,10.0,V,SH
CJ,30,2026-08-10T04:30:00Z,4.8,V,SH
CJ,31,2026-08-10T04:30:00Z,14.0,V,SH
CJ,50,2026-08-10T04:30:00Z,8.1,V,SH
CJ,51,2026-08-10T04:30:00Z,23.0,V,SH
CJ,30,2026-08-10T05:00:00Z,3.4,V,SH
CJ,31,2026-08-10T05:00:00Z,357.0,V,SH
CJ,50,2026-08-10T05:00:00Z,7.1,V,SH
CJ,51,2026-08-10T05:00:00Z,34.0,V,SH
CJ,51,2026-08-10T05:30:00Z,20.0,V,SH
CJ,31,2026-08-10T05:30:00Z,357.0,V,SH
CJ,30,2026-08-10T05:30:00Z,3.6,V,SH
CJ,50,2026-08-10T05:30:00Z,8.0,V,SH
CJ,30,2026-08-10T06:00:00Z,3.4,V,SH
CJ,31,2026-08-10T06:00:00Z,16.0,V,SH
CJ,50,2026-08-10T06:00:00Z,6.5,V,SH
CJ,51,2026-08-10T06:00:00Z,21.0,V,SH
CJ,30,2026-08-10T06:30:00Z,5.1,V,SH
CJ,31,2026-08-10T06:30:00Z,21.0,V,SH
CJ,50,2026-08-10T06:30:00Z,8.2,V,SH
CJ,51,2026-08-10T06:30:00Z,21.0,V,SH
CJ,51,2026-08-10T07:00:00Z,27.0,V,SH
CJ,50,2026-08-10T07:00:00Z,9.1,V,SH
CJ,31,2026-08-10T07:00:00Z,24.0,V,SH
CJ,30,2026-08-10T07:00:00Z,5.1,V,SH
CJ,30,2026-08-10T07:30:00Z,4.7,V,SH
CJ,31,2026-08-10T07:30:00Z,29.0,V,SH
CJ,50,2026-08-10T07:30:00Z,9.4,V,SH
CJ,51,2026-08-10T07:30:00Z,43.0,V,SH
CJ,30,2026-08-10T08:00:00Z,3.5,V,SH
CJ,31,2026-08-10T08:00:00Z,26.0,V,SH
CJ,50,2026-08-10T08:00:00Z,8.6,V,SH
CJ,51,2026-08-10T08:00:00Z,38.0,V,SH
CJ,50,2026-08-10T08:30:00Z,4.6,V,SH
CJ,51,2026-08-10T08:30:00Z,34.0,V,SH
CJ,30,2026-08-10T08:30:00Z,2.2,V,SH
CJ,31,2026-08-10T08:30:00Z,30.0,V,SH
CJ,50,2026-08-10T09:00:00Z,3.4,V,SH
CJ,51,2026-08-10T09:00:00Z,40.0,V,SH
CJ,30,2026-08-10T09:00:00Z,1.3,V,SH
CJ,31,2026-08-10T09:00:00Z,46.0,V,SH
CJ,51,2026-08-10T09:30:00Z,43.0,V,SH
CJ,50,2026-08-10T09:30:00Z,3.0,V,SH
CJ,31,2026-08-10T09:30:00Z,53.0,V,SH
CJ,30,2026-08-10T09:30:00Z,1.1,V,SH
CJ,30,2026-08-10T10:00:00Z,0.8,V,SH
CJ,31,2026-08-10T10:00:00Z,91.0,V,SH
CJ,50,2026-08-10T10:00:00Z,2.4,V,SH
CJ,51,2026-08-10T10:00:00Z,204.0,V,SH
CJ,30,2026-08-10T10:30:00Z,2.8,V,SH
CJ,31,2026-08-10T10:30:00Z,177.0,V,SH
CJ,50,2026-08-10T10:30:00Z,6.7,V,SH
CJ,51,2026-08-10T10:30:00Z,197.0,V,SH
CJ,30,2026-08-10T11:00:00Z,2.6,V,SH
CJ,31,2026-08-10T11:00:00Z,159.0,V,SH
CJ,50,2026-08-10T11:00:00Z,6.8,V,SH
CJ,51,2026-08-10T11:00:00Z,162.0,V,SH
CJ,51,2026-08-10T11:30:00Z,190.0,V,SH
CJ,50,2026-08-10T11:30:00Z,4.8,V,SH
CJ,30,2026-08-10T11:30:00Z,1.9,V,SH
CJ,31,2026-08-10T11:30:00Z,64.0,V,SH
CJ,30,2026-08-10T12:00:00Z,1.5,V,SH
CJ,31,2026-08-10T12:00:00Z,155.0,V,SH
CJ,50,2026-08-10T12:00:00Z,3.3,V,SH
CJ,51,2026-08-10T12:00:00Z,169.0,V,SH
CJ,30,2026-08-10T12:30:00Z,0.8,V,SH
CJ,31,2026-08-10T12:30:00Z,73.0,V,SH
CJ,50,2026-08-10T12:30:00Z,3.0,V,SH
CJ,51,2026-08-10T12:30:00Z,39.0,V,SH
CJ,51,2026-08-10T13:00:00Z,33.0,V,SH
CJ,50,2026-08-10T13:00:00Z,2.3,V,SH
CJ,30,2026-08-10T13:00:00Z,0.9,V,SH
CJ,31,2026-08-10T13:00:00Z,59.0,V,SH
CJ,30,2026-08-10T13:30:00Z,1.1,V,SH
CJ,31,2026-08-10T13:30:00Z,69.0,V,SH
CJ,50,2026-08-10T13:30:00Z,3.4,V,SH
CJ,51,2026-08-10T13:30:00Z,81.0,V,SH
CJ,30,2026-08-10T14:00:00Z,1.5,V,SH
CJ,31,2026-08-10T14:00:00Z,190.0,V,SH
CJ,50,2026-08-10T14:00:00Z,4.2,V,SH
CJ,51,2026-08-10T14:00:00Z,194.0,V,SH
CJ,50,2026-08-10T14:30:00Z,3.5,V,SH
CJ,51,2026-08-10T14:30:00Z,139.0,V,SH
CJ,31,2026-08-10T14:30:00Z,177.0,V,SH
CJ,30,2026-08-10T14:30:00Z,1.5,V,SH
CJ,30,2026-08-10T15:00:00Z,2.2,V,SH
CJ,31,2026-08-10T15:00:00Z,217.0,V,SH
CJ,50,2026-08-10T15:00:00Z,5.1,V,SH
CJ,51,2026-08-10T15:00:00Z,210.0,V,SH
CJ,30,2026-08-10T15:30:00Z,2.6,V,SH
CJ,31,2026-08-10T15:30:00Z,196.0,V,SH
CJ,50,2026-08-10T15:30:00Z,5.9,V,SH
CJ,51,2026-08-10T15:30:00Z,199.0,V,SH
CJ,51,2026-08-10T16:00:00Z,193.0,V,SH
CJ,50,2026-08-10T16:00:00Z,6.1,V,SH
CJ,31,2026-08-10T16:00:00Z,198.0,V,SH
CJ,30,2026-08-10T16:00:00Z,3.1,V,SH
CJ,30,2026-08-10T16:30:00Z,3.3,V,SH
CJ,31,2026-08-10T16:30:00Z,211.0,V,SH
CJ,50,2026-08-10T16:30:00Z,6.6,V,SH
CJ,51,2026-08-10T16:30:00Z,212.0,V,SH
CJ,30,2026-08-10T17:00:00Z,3.2,V,SH
CJ,31,2026-08-10T17:00:00Z,204.0,V,SH
CJ,50,2026-08-10T17:00:00Z,7.1,V,SH
CJ,51,2026-08-10T17:00:00Z,233.0,V,SH
CJ,51,2026-08-10T17:30:00Z,170.0,V,SH
CJ,50,2026-08-10T17:30:00Z,7.4,V,SH
CJ,31,2026-08-10T17:30:00Z,168.0,V,SH
CJ,30,2026-08-10T17:30:00Z,2.8,V,SH
CJ,30,2026-08-10T18:00:00Z,3.2,V,SH
CJ,31,2026-08-10T18:00:00Z,175.0,V,SH
CJ,50,2026-08-10T18:00:00Z,6.5,V,SH
CJ,51,2026-08-10T18:00:00Z,184.0,V,SH
CJ,30,2026-08-10T18:30:00Z,3.7,V,SH
CJ,31,2026-08-10T18:30:00Z,195.0,V,SH
CJ,50,2026-08-10T18:30:00Z,7.2,V,SH
CJ,51,2026-08-10T18:30:00Z,210.0,V,SH
CJ,50,2026-08-10T19:00:00Z,6.0,V,SH
CJ,51,2026-08-10T19:00:00Z,174.0,V,SH
CJ,30,2026-08-10T19:00:00Z,2.6,V,SH
CJ,31,2026-08-10T19:00:00Z,184.0,V,SH
CJ,30,2026-08-10T19:30:00Z,1.6,V,SH
CJ,31,2026-08-10T19:30:00Z,191.0,V,SH
CJ,50,2026-08-10T19:30:00Z,4.6,V,SH
CJ,51,2026-08-10T19:30:00Z,152.0,V,SH
CJ,30,2026-08-10T20:00:00Z,0.5,V,SH
CJ,31,2026-08-10T20:00:00Z,92.0,V,SH
CJ,50,2026-08-10T20:00:00Z,1.5,V,SH
CJ,51,2026-08-10T20:00:00Z,204.0,V,SH
CJ,50,2026-08-10T20:30:00Z,1.4,V,SH
CJ,51,2026-08-10T20:30:00Z,37.0,V,SH
CJ,30,2026-08-10T20:30:00Z,0.5,V,SH
CJ,31,2026-08-10T20:30:00Z,345.0,V,SH
CJ,30,2026-08-10T21:00:00Z,0.8,V,SH
CJ,31,2026-08-10T21:00:00Z,313.0,V,SH
CJ,50,2026-08-10T21:00:00Z,1.9,V,SH
CJ,51,2026-08-10T21:00:00Z,326.0,V,SH
CJ,30,2026-08-10T21:30:00Z,1.3,V,SH
CJ,31,2026-08-10T21:30:00Z,301.0,V,SH
CJ,50,2026-08-10T21:30:00Z,2.4,V,SH
CJ,51,2026-08-10T21:30:00Z,314.0,V,SH
CJ,51,2026-08-10T22:00:00Z,308.0,V,SH
CJ,30,2026-08-10T22:00:00Z,0.8,V,SH
CJ,31,2026-08-10T22:00:00Z,290.0,V,SH
CJ,50,2026-08-10T22:00:00Z,2.3,V,SH
CJ,51,2026-08-10T22:30:00Z,307.0,V,SH
CJ,50,2026-08-10T22:30:00Z,1.9,V,SH
CJ,31,2026-08-10T22:30:00Z,301.0,V,SH
CJ,30,2026-08-10T22:30:00Z,1.0,V,SH
CJ,30,2026-08-10T23:00:00Z,1.2,V,SH
CJ,31,2026-08-10T23:00:00Z,315.0,V,SH
CJ,50,2026-08-10T23:00:00Z,1.9,V,SH
CJ,51,2026-08-10T23:00:00Z,348.0,V,SH
CJ,30,2026-08-10T23:30:00Z,0.9,V,SH
CJ,31,2026-08-10T23:30:00Z,322.0,V,SH
CJ,50,2026-08-10T23:30:00Z,2.0,V,SH
CJ,51,2026-08-10T23:30:00Z,313.0,V,SH
CJ,51,2026-08-11T00:00:00Z,303.0,V,SH
CJ,50,2026-08-11T00:00:00Z,4.2,V,SH
CJ,31,2026-08-11T00:00:00Z,310.0,V,SH
CJ,30,2026-08-11T00:00:00Z,1.4,V,SH
CJ,30,2026-08-11T00:30:00Z,1.7,V,SH
CJ,31,2026-08-11T00:30:00Z,341.0,V,SH
CJ,50,2026-08-11T00:30:00Z,3.4,V,SH
CJ,51,2026-08-11T00:30:00Z,6.0,V,SH
CJ,30,2026-08-11T01:00:00Z,2.6,V,SH
CJ,31,2026-08-11T01:00:00Z,338.0,V,SH
CJ,50,2026-08-11T01:00:00Z,6.6,V,SH
CJ,51,2026-08-11T01:00:00Z,31.0,V,SH
CJ,50,2026-08-11T01:30:00Z,6.3,V,SH
CJ,51,2026-08-11T01:30:00Z,26.0,V,SH
CJ,30,2026-08-11T01:30:00Z,3.2,V,SH
CJ,31,2026-08-11T01:30:00Z,17.0,V,SH
CJ,30,2026-08-11T02:00:00Z,3.5,V,SH
CJ,31,2026-08-11T02:00:00Z,15.0,V,SH
CJ,50,2026-08-11T02:00:00Z,7.9,V,SH
CJ,51,2026-08-11T02:00:00Z,25.0,V,SH
CJ,30,2026-08-11T02:30:00Z,4.0,V,SH
CJ,31,2026-08-11T02:30:00Z,13.0,V,SH
CJ,50,2026-08-11T02:30:00Z,7.9,V,SH
CJ,51,2026-08-11T02:30:00Z,38.0,V,SH
CJ,50,2026-08-11T03:00:00Z,6.2,V,SH
CJ,51,2026-08-11T03:00:00Z,7.0,V,SH
CJ,30,2026-08-11T03:00:00Z,3.1,V,SH
CJ,31,2026-08-11T03:00:00Z,356.0,V,SH
CJ,30,2026-08-11T03:30:00Z,3.8,V,SH
CJ,31,2026-08-11T03:30:00Z,4.0,V,SH
CJ,50,2026-08-11T03:30:00Z,8.2,V,SH
CJ,51,2026-08-11T03:30:00Z,15.0,V,SH
CJ,30,2026-08-11T04:00:00Z,3.8,V,SH
CJ,31,2026-08-11T04:00:00Z,13.0,V,SH
CJ,50,2026-08-11T04:00:00Z,7.6,V,SH
CJ,51,2026-08-11T04:00:00Z,29.0,V,SH
CJ,30,2026-08-11T04:30:00Z,3.3,V,SH
CJ,31,2026-08-11T04:30:00Z,356.0,V,SH
CJ,50,2026-08-11T04:30:00Z,7.2,V,SH
CJ,51,2026-08-11T04:30:00Z,28.0,V,SH
CJ,50,2026-08-11T05:00:00Z,7.3,V,SH
CJ,51,2026-08-11T05:00:00Z,5.0,V,SH
CJ,31,2026-08-11T05:00:00Z,359.0,V,SH
CJ,30,2026-08-11T05:00:00Z,3.2,V,SH
CJ,30,2026-08-11T05:30:00Z,3.9,V,SH
CJ,31,2026-08-11T05:30:00Z,13.0,V,SH
CJ,50,2026-08-11T05:30:00Z,7.3,V,SH
CJ,51,2026-08-11T05:30:00Z,45.0,V,SH
CJ,30,2026-08-11T06:00:00Z,3.7,V,SH
CJ,31,2026-08-11T06:00:00Z,12.0,V,SH
CJ,51,2026-08-11T06:00:00Z,27.0,V,SH
CJ,50,2026-08-11T06:00:00Z,7.3,V,SH
CJ,51,2026-08-11T06:30:00Z,30.0,V,SH
CJ,50,2026-08-11T06:30:00Z,8.6,V,SH
CJ,30,2026-08-11T06:30:00Z,5.0,V,SH
CJ,31,2026-08-11T06:30:00Z,22.0,V,SH
CJ,30,2026-08-11T07:00:00Z,4.2,V,SH
CJ,51,2026-08-11T07:00:00Z,9.0,V,SH
CJ,50,2026-08-11T07:00:00Z,7.3,V,SH
CJ,31,2026-08-11T07:00:00Z,21.0,V,SH
CJ,30,2026-08-11T07:30:00Z,3.8,V,SH
CJ,51,2026-08-11T07:30:00Z,30.0,V,SH
CJ,50,2026-08-11T07:30:00Z,5.9,V,SH
CJ,31,2026-08-11T07:30:00Z,27.0,V,SH
CJ,50,2026-08-11T08:00:00Z,6.4,V,SH
CJ,31,2026-08-11T08:00:00Z,31.0,V,SH
CJ,51,2026-08-11T08:00:00Z,36.0,V,SH
CJ,30,2026-08-11T08:00:00Z,4.1,V,SH
CJ,31,2026-08-11T08:30:00Z,26.0,V,SH
CJ,51,2026-08-11T08:30:00Z,24.0,V,SH
CJ,50,2026-08-11T08:30:00Z,5.5,V,SH
CJ,30,2026-08-11T08:30:00Z,3.4,V,SH
CJ,30,2026-08-11T09:00:00Z,3.0,V,SH
CJ,51,2026-08-11T09:00:00Z,24.0,V,SH
CJ,31,2026-08-11T09:00:00Z,30.0,V,SH
CJ,50,2026-08-11T09:00:00Z,5.4,V,SH
CJ,50,2026-08-11T09:30:00Z,3.3,V,SH
CJ,51,2026-08-11T09:30:00Z,31.0,V,SH
CJ,31,2026-08-11T09:30:00Z,51.0,V,SH
CJ,30,2026-08-11T09:30:00Z,1.5,V,SH
CJ,30,2026-08-11T10:00:00Z,1.3,V,SH
CJ,51,2026-08-11T10:00:00Z,165.0,V,SH
CJ,31,2026-08-11T10:00:00Z,122.0,V,SH
CJ,50,2026-08-11T10:00:00Z,3.2,V,SH
CJ,50,2026-08-11T10:30:00Z,3.9,V,SH
CJ,51,2026-08-11T10:30:00Z,166.0,V,SH
CJ,30,2026-08-11T10:30:00Z,1.7,V,SH
CJ,31,2026-08-11T10:30:00Z,168.0,V,SH
CJ,50,2026-08-11T11:00:00Z,5.9,V,SH
CJ,51,2026-08-11T11:00:00Z,209.0,V,SH
CJ,30,2026-08-11T11:00:00Z,2.7,V,SH
CJ,31,2026-08-11T11:00:00Z,173.0,V,SH
CJ,51,2026-08-11T11:30:00Z,173.0,V,SH
CJ,50,2026-08-11T11:30:00Z,5.4,V,SH
CJ,31,2026-08-11T11:30:00Z,190.0,V,SH
CJ,30,2026-08-11T11:30:00Z,1.9,V,SH
CJ,50,2026-08-11T12:00:00Z,6.5,V,SH
CJ,30,2026-08-11T12:00:00Z,2.9,V,SH
CJ,31,2026-08-11T12:00:00Z,182.0,V,SH
CJ,51,2026-08-11T12:00:00Z,165.0,V,SH
CJ,31,2026-08-11T12:30:00Z,176.0,V,SH
CJ,30,2026-08-11T12:30:00Z,3.5,V,SH
CJ,50,2026-08-11T12:30:00Z,6.5,V,SH
CJ,51,2026-08-11T12:30:00Z,198.0,V,SH
CJ,51,2026-08-11T13:00:00Z,182.0,V,SH
CJ,31,2026-08-11T13:00:00Z,190.0,V,SH
CJ,50,2026-08-11T13:00:00Z,5.0,V,SH
CJ,30,2026-08-11T13:00:00Z,2.0,V,SH
CJ,30,2026-08-11T13:30:00Z,2.8,V,SH
CJ,31,2026-08-11T13:30:00Z,193.0,V,SH
CJ,51,2026-08-11T13:30:00Z,197.0,V,SH
CJ,50,2026-08-11T13:30:00Z,6.2,V,SH
CJ,31,2026-08-11T14:00:00Z,199.0,V,SH
CJ,50,2026-08-11T14:00:00Z,7.1,V,SH
CJ,51,2026-08-11T14:00:00Z,185.0,V,SH
CJ,30,2026-08-11T14:00:00Z,3.9,V,SH
CJ,51,2026-08-11T14:30:00Z,214.0,V,SH
CJ,50,2026-08-11T14:30:00Z,8.1,V,SH
CJ,31,2026-08-11T14:30:00Z,191.0,V,SH
CJ,30,2026-08-11T14:30:00Z,3.7,V,SH
CJ,51,2026-08-11T15:00:00Z,183.0,V,SH
CJ,50,2026-08-11T15:00:00Z,7.7,V,SH
CJ,30,2026-08-11T15:00:00Z,4.1,V,SH
CJ,31,2026-08-11T15:00:00Z,184.0,V,SH
CJ,50,2026-08-11T15:30:00Z,7.3,V,SH
CJ,30,2026-08-11T15:30:00Z,4.2,V,SH
CJ,51,2026-08-11T15:30:00Z,169.0,V,SH
CJ,31,2026-08-11T15:30:00Z,176.0,V,SH
CJ,30,2026-08-11T16:00:00Z,3.7,V,SH
CJ,31,2026-08-11T16:00:00Z,183.0,V,SH
CJ,51,2026-08-11T16:00:00Z,190.0,V,SH
CJ,50,2026-08-11T16:00:00Z,8.3,V,SH
CJ,30,2026-08-11T16:30:00Z,2.8,V,SH
CJ,51,2026-08-11T16:30:00Z,194.0,V,SH
CJ,50,2026-08-11T16:30:00Z,5.9,V,SH
CJ,31,2026-08-11T16:30:00Z,178.0,V,SH
CJ,50,2026-08-11T17:00:00Z,17.2,V,SH
CJ,31,2026-08-11T17:00:00Z,34.0,V,SH
CJ,30,2026-08-11T17:00:00Z,10.4,V,SH
CJ,51,2026-08-11T17:00:00Z,29.0,V,SH
CJ,31,2026-08-11T17:30:00Z,48.0,V,SH
CJ,51,2026-08-11T17:30:00Z,46.0,V,SH
CJ,50,2026-08-11T17:30:00Z,18.7,V,SH
CJ,30,2026-08-11T17:30:00Z,10.2,V,SH
CJ,31,2026-08-11T18:00:00Z,45.0,V,SH
CJ,50,2026-08-11T18:00:00Z,18.4,V,SH
CJ,30,2026-08-11T18:00:00Z,10.8,V,SH
CJ,51,2026-08-11T18:00:00Z,50.0,V,SH
CJ,30,2026-08-11T18:30:00Z,7.7,V,SH
CJ,51,2026-08-11T18:30:00Z,57.0,V,SH
CJ,50,2026-08-11T18:30:00Z,14.2,V,SH
CJ,31,2026-08-11T18:30:00Z,37.0,V,SH
CJ,30,2026-08-11T19:00:00Z,1.8,V,SH
CJ,51,2026-08-11T19:00:00Z,204.0,V,SH
CJ,50,2026-08-11T19:00:00Z,5.2,V,SH
CJ,31,2026-08-11T19:00:00Z,217.0,V,SH
CJ,31,2026-08-11T19:30:00Z,304.0,V,SH
CJ,50,2026-08-11T19:30:00Z,4.4,V,SH
CJ,30,2026-08-11T19:30:00Z,1.1,V,SH
CJ,51,2026-08-11T19:30:00Z,17.0,V,SH
CJ,31,2026-08-11T20:00:00Z,56.0,V,SH
CJ,51,2026-08-11T20:00:00Z,28.0,V,SH
CJ,50,2026-08-11T20:00:00Z,3.7,V,SH
CJ,30,2026-08-11T20:00:00Z,1.4,V,SH
CJ,31,2026-08-11T20:30:00Z,20.0,V,SH
CJ,51,2026-08-11T20:30:00Z,35.0,V,SH
CJ,50,2026-08-11T20:30:00Z,8.5,V,SH
CJ,30,2026-08-11T20:30:00Z,3.1,V,SH
CJ,30,2026-08-11T21:00:00Z,4.2,V,SH
CJ,31,2026-08-11T21:00:00Z,27.0,V,SH
CJ,51,2026-08-11T21:00:00Z,24.0,V,SH
CJ,50,2026-08-11T21:00:00Z,9.1,V,SH
CJ,30,2026-08-11T21:30:00Z,4.7,V,SH
CJ,31,2026-08-11T21:30:00Z,35.0,V,SH
CJ,50,2026-08-11T21:30:00Z,8.6,V,SH
CJ,51,2026-08-11T21:30:00Z,59.0,V,SH
CJ,50,2026-08-11T22:00:00Z,9.5,V,SH
CJ,51,2026-08-11T22:00:00Z,62.0,V,SH
CJ,30,2026-08-11T22:00:00Z,4.9,V,SH
CJ,31,2026-08-11T22:00:00Z,50.0,V,SH
CJ,30,2026-08-11T22:30:00Z,5.2,V,SH
CJ,31,2026-08-11T22:30:00Z,37.0,V,SH
CJ,50,2026-08-11T22:30:00Z,8.5,V,SH
CJ,51,2026-08-11T22:30:00Z,46.0,V,SH
CJ,50,2026-08-11T23:00:00Z,9.4,V,SH
CJ,51,2026-08-11T23:00:00Z,35.0,V,SH
CJ,30,2026-08-11T23:00:00Z,3.9,V,SH
CJ,31,2026-08-11T23:00:00Z,22.0,V,SH
CJ,31,2026-08-11T23:30:00Z,27.0,V,SH
CJ,50,2026-08-11T23:30:00Z,9.9,V,SH
CJ,30,2026-08-11T23:30:00Z,5.4,V,SH
CJ,51,2026-08-11T23:30:00Z,28.0,V,SH
CJ,51,2026-08-12T00:00:00Z,28.0,V,SH
CJ,50,2026-08-12T00:00:00Z,9.6,V,SH
CJ,31,2026-08-12T00:00:00Z,30.0,V,SH
CJ,30,2026-08-12T00:00:00Z,4.2,V,SH
CJ,30,2026-08-12T00:30:00Z,4.8,V,SH
CJ,31,2026-08-12T00:30:00Z,42.0,V,SH
CJ,50,2026-08-12T00:30:00Z,8.3,V,SH
CJ,51,2026-08-12T00:30:00Z,27.0,V,SH
CJ,31,2026-08-12T01:00:00Z,32.0,V,SH
CJ,50,2026-08-12T01:00:00Z,10.4,V,SH
CJ,51,2026-08-12T01:00:00Z,46.0,V,SH
CJ,30,2026-08-12T01:00:00Z,5.8,V,SH
CJ,30,2026-08-12T01:30:00Z,4.7,V,SH
CJ,31,2026-08-12T01:30:00Z,16.0,V,SH
CJ,51,2026-08-12T01:30:00Z,45.0,V,SH
CJ,50,2026-08-12T01:30:00Z,9.8,V,SH
CJ,31,2026-08-12T02:00:00Z,22.0,V,SH
CJ,50,2026-08-12T02:00:00Z,12.0,V,SH
CJ,51,2026-08-12T02:00:00Z,26.0,V,SH
CJ,30,2026-08-12T02:00:00Z,7.2,V,SH
CJ,30,2026-08-12T02:30:00Z,7.5,V,SH
CJ,31,2026-08-12T02:30:00Z,27.0,V,SH
CJ,50,2026-08-12T02:30:00Z,13.8,V,SH
CJ,51,2026-08-12T02:30:00Z,31.0,V,SH
CJ,51,2026-08-12T03:00:00Z,29.0,V,SH
CJ,50,2026-08-12T03:00:00Z,10.8,V,SH
CJ,31,2026-08-12T03:00:00Z,29.0,V,SH
CJ,30,2026-08-12T03:00:00Z,5.8,V,SH
CJ,50,2026-08-12T03:30:00Z,10.2,V,SH
CJ,30,2026-08-12T03:30:00Z,5.8,V,SH
CJ,51,2026-08-12T03:30:00Z,25.0,V,SH
CJ,31,2026-08-12T03:30:00Z,26.0,V,SH
CJ,31,2026-08-12T04:00:00Z,20.0,V,SH
CJ,51,2026-08-12T04:00:00Z,13.0,V,SH
CJ,50,2026-08-12T04:00:00Z,8.9,V,SH
CJ,30,2026-08-12T04:00:00Z,4.4,V,SH
CJ,31,2026-08-12T04:30:00Z,22.0,V,SH
CJ,50,2026-08-12T04:30:00Z,9.3,V,SH
CJ,51,2026-08-12T04:30:00Z,36.0,V,SH
CJ,30,2026-08-12T04:30:00Z,5.1,V,SH
CJ,30,2026-08-12T05:00:00Z,4.7,V,SH
CJ,51,2026-08-12T05:00:00Z,54.0,V,SH
CJ,50,2026-08-12T05:00:00Z,9.4,V,SH
CJ,31,2026-08-12T05:00:00Z,29.0,V,SH
CJ,50,2026-08-12T05:30:00Z,10.9,V,SH
CJ,30,2026-08-12T05:30:00Z,6.0,V,SH
CJ,31,2026-08-12T05:30:00Z,30.0,V,SH
CJ,51,2026-08-12T05:30:00Z,30.0,V,SH
CJ,31,2026-08-12T06:00:00Z,38.0,V,SH
CJ,50,2026-08-12T06:00:00Z,9.7,V,SH
CJ,51,2026-08-12T06:00:00Z,33.0,V,SH
CJ,30,2026-08-12T06:00:00Z,6.0,V,SH
CJ,51,2026-08-12T06:30:00Z,41.0,V,SH
CJ,50,2026-08-12T06:30:00Z,11.3,V,SH
CJ,31,2026-08-12T06:30:00Z,37.0,V,SH
CJ,30,2026-08-12T06:30:00Z,6.0,V,SH
CJ,51,2026-08-12T07:00:00Z,33.0,V,SH
CJ,50,2026-08-12T07:00:00Z,9.6,V,SH
CJ,30,2026-08-12T07:00:00Z,4.9,V,SH
CJ,31,2026-08-12T07:00:00Z,32.0,V,SH
CJ,31,2026-08-12T07:30:00Z,29.0,V,SH
CJ,50,2026-08-12T07:30:00Z,8.3,V,SH
CJ,51,2026-08-12T07:30:00Z,31.0,V,SH
CJ,30,2026-08-12T07:30:00Z,4.9,V,SH
CJ,31,2026-08-12T08:00:00Z,28.0,V,SH
CJ,51,2026-08-12T08:00:00Z,37.0,V,SH
CJ,50,2026-08-12T08:00:00Z,7.6,V,SH
CJ,30,2026-08-12T08:00:00Z,4.4,V,SH
CJ,50,2026-08-12T08:30:00Z,6.9,V,SH
CJ,51,2026-08-12T08:30:00Z,21.0,V,SH
CJ,31,2026-08-12T08:30:00Z,29.0,V,SH
CJ,30,2026-08-12T08:30:00Z,3.9,V,SH
CJ,31,2026-08-12T09:00:00Z,34.0,V,SH
CJ,51,2026-08-12T09:00:00Z,38.0,V,SH
CJ,50,2026-08-12T09:00:00Z,7.5,V,SH
CJ,30,2026-08-12T09:00:00Z,3.7,V,SH
CJ,30,2026-08-12T09:30:00Z,3.4,V,SH
CJ,31,2026-08-12T09:30:00Z,29.0,V,SH
CJ,50,2026-08-12T09:30:00Z,6.5,V,SH
CJ,51,2026-08-12T09:30:00Z,25.0,V,SH
CJ,50,2026-08-12T10:00:00Z,4.8,V,SH
CJ,30,2026-08-12T10:00:00Z,2.7,V,SH
CJ,31,2026-08-12T10:00:00Z,31.0,V,SH
CJ,51,2026-08-12T10:00:00Z,38.0,V,SH
CJ,50,2026-08-12T10:30:00Z,5.0,V,SH
CJ,51,2026-08-12T10:30:00Z,25.0,V,SH
CJ,30,2026-08-12T10:30:00Z,2.8,V,SH
CJ,31,2026-08-12T10:30:00Z,28.0,V,SH
CJ,30,2026-08-12T11:00:00Z,1.6,V,SH
CJ,31,2026-08-12T11:00:00Z,41.0,V,SH
CJ,51,2026-08-12T11:00:00Z,42.0,V,SH
CJ,50,2026-08-12T11:00:00Z,3.4,V,SH
CJ,51,2026-08-12T11:30:00Z,77.0,V,SH
CJ,30,2026-08-12T11:30:00Z,0.7,V,SH
CJ,31,2026-08-12T11:30:00Z,98.0,V,SH
CJ,50,2026-08-12T11:30:00Z,2.0,V,SH
CJ,50,2026-08-12T12:00:00Z,2.2,V,SH
CJ,31,2026-08-12T12:00:00Z,66.0,V,SH
CJ,51,2026-08-12T12:00:00Z,60.0,V,SH
CJ,30,2026-08-12T12:00:00Z,1.0,V,SH
CJ,51,2026-08-12T12:30:00Z,62.0,V,SH
CJ,50,2026-08-12T12:30:00Z,2.2,V,SH
CJ,30,2026-08-12T12:30:00Z,0.6,V,SH
CJ,31,2026-08-12T12:30:00Z,127.0,V,SH
CJ,50,2026-08-12T13:00:00Z,3.7,V,SH
CJ,51,2026-08-12T13:00:00Z,211.0,V,SH
CJ,31,2026-08-12T13:00:00Z,188.0,V,SH
CJ,30,2026-08-12T13:00:00Z,0.9,V,SH
CJ,51,2026-08-12T13:30:00Z,213.0,V,SH
CJ,50,2026-08-12T13:30:00Z,4.1,V,SH
CJ,30,2026-08-12T13:30:00Z,1.1,V,SH
CJ,31,2026-08-12T13:30:00Z,211.0,V,SH
CJ,30,2026-08-12T14:00:00Z,1.2,V,SH
CJ,50,2026-08-12T14:00:00Z,3.0,V,SH
CJ,31,2026-08-12T14:00:00Z,178.0,V,SH
CJ,51,2026-08-12T14:00:00Z,168.0,V,SH
CJ,31,2026-08-12T14:30:00Z,178.0,V,SH
CJ,30,2026-08-12T14:30:00Z,2.2,V,SH
CJ,51,2026-08-12T14:30:00Z,176.0,V,SH
CJ,50,2026-08-12T14:30:00Z,5.2,V,SH
CJ,50,2026-08-12T15:00:00Z,4.8,V,SH
CJ,51,2026-08-12T15:00:00Z,190.0,V,SH
CJ,30,2026-08-12T15:00:00Z,2.4,V,SH
CJ,31,2026-08-12T15:00:00Z,174.0,V,SH
CJ,31,2026-08-12T15:30:00Z,172.0,V,SH
CJ,30,2026-08-12T15:30:00Z,1.8,V,SH
CJ,51,2026-08-12T15:30:00Z,174.0,V,SH
CJ,50,2026-08-12T15:30:00Z,3.4,V,SH
CJ,31,2026-08-12T16:00:00Z,184.0,V,SH
CJ,30,2026-08-12T16:00:00Z,2.4,V,SH
CJ,51,2026-08-12T16:00:00Z,188.0,V,SH
CJ,50,2026-08-12T16:00:00Z,4.7,V,SH
CJ,51,2026-08-12T16:30:00Z,182.0,V,SH
CJ,31,2026-08-12T16:30:00Z,189.0,V,SH
CJ,50,2026-08-12T16:30:00Z,4.5,V,SH
CJ,30,2026-08-12T16:30:00Z,2.2,V,SH
CJ,50,2026-08-12T17:00:00Z,4.7,V,SH
CJ,30,2026-08-12T17:00:00Z,2.3,V,SH
CJ,51,2026-08-12T17:00:00Z,196.0,V,SH
CJ,31,2026-08-12T17:00:00Z,192.0,V,SH
CJ,50,2026-08-12T17:30:00Z,5.4,V,SH
CJ,30,2026-08-12T17:30:00Z,2.2,V,SH
CJ,51,2026-08-12T17:30:00Z,188.0,V,SH
CJ,31,2026-08-12T17:30:00Z,199.0,V,SH
CJ,51,2026-08-12T18:00:00Z,178.0,V,SH
CJ,31,2026-08-12T18:00:00Z,167.0,V,SH
CJ,50,2026-08-12T18:00:00Z,6.4,V,SH
CJ,30,2026-08-12T18:00:00Z,3.1,V,SH
CJ,50,2026-08-12T18:30:00Z,7.5,V,SH
CJ,51,2026-08-12T18:30:00Z,128.0,V,SH
CJ,30,2026-08-12T18:30:00Z,2.5,V,SH
CJ,31,2026-08-12T18:30:00Z,152.0,V,SH
CJ,30,2026-08-12T19:00:00Z,3.5,V,SH
CJ,51,2026-08-12T19:00:00Z,37.0,V,SH
CJ,50,2026-08-12T19:00:00Z,9.3,V,SH
CJ,31,2026-08-12T19:00:00Z,110.0,V,SH
CJ,51,2026-08-12T19:30:00Z,10.0,V,SH
CJ,30,2026-08-12T19:30:00Z,2.1,V,SH
CJ,31,2026-08-12T19:30:00Z,18.0,V,SH
CJ,50,2026-08-12T19:30:00Z,5.6,V,SH
CJ,31,2026-08-12T20:00:00Z,59.0,V,SH
CJ,50,2026-08-12T20:00:00Z,1.7,V,SH
CJ,30,2026-08-12T20:00:00Z,0.9,V,SH
CJ,51,2026-08-12T20:00:00Z,173.0,V,SH
CJ,30,2026-08-12T20:30:00Z,0.7,V,SH
CJ,31,2026-08-12T20:30:00Z,22.0,V,SH
CJ,50,2026-08-12T20:30:00Z,1.9,V,SH
CJ,51,2026-08-12T20:30:00Z,321.0,V,SH
CJ,30,2026-08-12T21:00:00Z,0.5,V,SH
CJ,31,2026-08-12T21:00:00Z,160.0,V,SH
CJ,50,2026-08-12T21:00:00Z,1.0,V,SH
CJ,51,2026-08-12T21:00:00Z,183.0,V,SH
CJ,50,2026-08-12T21:30:00Z,1.2,V,SH
CJ,51,2026-08-12T21:30:00Z,227.0,V,SH
CJ,31,2026-08-12T21:30:00Z,24.0,V,SH
CJ,30,2026-08-12T21:30:00Z,0.4,V,SH
CJ,51,2026-08-12T22:00:00Z,170.0,V,SH
CJ,50,2026-08-12T22:00:00Z,2.0,V,SH
CJ,30,2026-08-12T22:00:00Z,0.5,V,SH
CJ,31,2026-08-12T22:00:00Z,145.0,V,SH
CJ,30,2026-08-12T22:30:00Z,1.0,V,SH
CJ,31,2026-08-12T22:30:00Z,358.0,V,SH
CJ,50,2026-08-12T22:30:00Z,2.5,V,SH
CJ,51,2026-08-12T22:30:00Z,28.0,V,SH
CJ,30,2026-08-12T23:00:00Z,1.2,V,SH
CJ,31,2026-08-12T23:00:00Z,11.0,V,SH
CJ,50,2026-08-12T23:00:00Z,3.4,V,SH
CJ,51,2026-08-12T23:00:00Z,35.0,V,SH
CJ,51,2026-08-12T23:30:00Z,352.0,V,SH
CJ,50,2026-08-12T23:30:00Z,4.9,V,SH
CJ,30,2026-08-12T23:30:00Z,1.8,V,SH
CJ,31,2026-08-12T23:30:00Z,2.0,V,SH
CJ,30,2026-08-13T00:00:00Z,2.5,V,SH
CJ,31,2026-08-13T00:00:00Z,26.0,V,SH
CJ,50,2026-08-13T00:00:00Z,7.1,V,SH
CJ,51,2026-08-13T00:00:00Z,35.0,V,SH
CJ,50,2026-08-13T00:30:00Z,6.6,V,SH
CJ,30,2026-08-13T00:30:00Z,3.2,V,SH
CJ,31,2026-08-13T00:30:00Z,6.0,V,SH
CJ,51,2026-08-13T00:30:00Z,30.0,V,SH
CJ,31,2026-08-13T01:00:00Z,14.0,V,SH
CJ,51,2026-08-13T01:00:00Z,24.0,V,SH
CJ,30,2026-08-13T01:00:00Z,4.2,V,SH
CJ,50,2026-08-13T01:00:00Z,7.3,V,SH
CJ,50,2026-08-13T01:30:00Z,8.1,V,SH
CJ,30,2026-08-13T01:30:00Z,4.7,V,SH
CJ,31,2026-08-13T01:30:00Z,14.0,V,SH
CJ,51,2026-08-13T01:30:00Z,16.0,V,SH
CJ,50,2026-08-13T02:00:00Z,8.5,V,SH
CJ,30,2026-08-13T02:00:00Z,4.7,V,SH
CJ,31,2026-08-13T02:00:00Z,13.0,V,SH
CJ,51,2026-08-13T02:00:00Z,35.0,V,SH
CJ,51,2026-08-13T02:30:00Z,30.0,V,SH
CJ,50,2026-08-13T02:30:00Z,7.1,V,SH
CJ,30,2026-08-13T02:30:00Z,4.1,V,SH
CJ,31,2026-08-13T02:30:00Z,5.0,V,SH
CJ,51,2026-08-13T03:00:00Z,20.0,V,SH
CJ,30,2026-08-13T03:00:00Z,3.4,V,SH
CJ,31,2026-08-13T03:00:00Z,354.0,V,SH
CJ,50,2026-08-13T03:00:00Z,7.2,V,SH
CJ,50,2026-08-13T03:30:00Z,7.9,V,SH
CJ,30,2026-08-13T03:30:00Z,2.9,V,SH
CJ,51,2026-08-13T03:30:00Z,27.0,V,SH
CJ,31,2026-08-13T03:30:00Z,340.0,V,SH
CJ,51,2026-08-13T04:00:00Z,37.0,V,SH
CJ,50,2026-08-13T04:00:00Z,8.0,V,SH
CJ,31,2026-08-13T04:00:00Z,8.0,V,SH
CJ,30,2026-08-13T04:00:00Z,4.2,V,SH
CJ,30,2026-08-13T04:30:00Z,4.7,V,SH
CJ,31,2026-08-13T04:30:00Z,23.0,V,SH
CJ,50,2026-08-13T04:30:00Z,8.9,V,SH
CJ,51,2026-08-13T04:30:00Z,35.0,V,SH
CJ,50,2026-08-13T05:00:00Z,8.3,V,SH
CJ,30,2026-08-13T05:00:00Z,4.7,V,SH
CJ,31,2026-08-13T05:00:00Z,11.0,V,SH
CJ,51,2026-08-13T05:00:00Z,41.0,V,SH
CJ,50,2026-08-13T05:30:00Z,6.3,V,SH
CJ,51,2026-08-13T05:30:00Z,337.0,V,SH
CJ,30,2026-08-13T05:30:00Z,3.2,V,SH
CJ,31,2026-08-13T05:30:00Z,352.0,V,SH
CJ,30,2026-08-13T06:00:00Z,3.7,V,SH
CJ,31,2026-08-13T06:00:00Z,5.0,V,SH
CJ,50,2026-08-13T06:00:00Z,6.5,V,SH
CJ,51,2026-08-13T06:00:00Z,14.0,V,SH
CJ,30,2026-08-13T06:30:00Z,5.4,V,SH
CJ,31,2026-08-13T06:30:00Z,17.0,V,SH
CJ,50,2026-08-13T06:30:00Z,9.6,V,SH
CJ,51,2026-08-13T06:30:00Z,19.0,V,SH
CJ,51,2026-08-13T07:00:00Z,27.0,V,SH
CJ,50,2026-08-13T07:00:00Z,10.6,V,SH
CJ,30,2026-08-13T07:00:00Z,6.2,V,SH
CJ,31,2026-08-13T07:00:00Z,25.0,V,SH
CJ,31,2026-08-13T07:30:00Z,23.0,V,SH
CJ,30,2026-08-13T07:30:00Z,5.4,V,SH
CJ,50,2026-08-13T07:30:00Z,9.4,V,SH
CJ,51,2026-08-13T07:30:00Z,40.0,V,SH
CJ,31,2026-08-13T08:00:00Z,26.0,V,SH
CJ,30,2026-08-13T08:00:00Z,5.0,V,SH
CJ,51,2026-08-13T08:00:00Z,26.0,V,SH
CJ,50,2026-08-13T08:00:00Z,8.5,V,SH
CJ,50,2026-08-13T08:30:00Z,8.0,V,SH
CJ,31,2026-08-13T08:30:00Z,29.0,V,SH
CJ,30,2026-08-13T08:30:00Z,4.9,V,SH
CJ,51,2026-08-13T08:30:00Z,35.0,V,SH
CJ,50,2026-08-13T09:00:00Z,7.1,V,SH
CJ,51,2026-08-13T09:00:00Z,26.0,V,SH
CJ,30,2026-08-13T09:00:00Z,4.7,V,SH
CJ,31,2026-08-13T09:00:00Z,29.0,V,SH
CJ,51,2026-08-13T09:30:00Z,32.0,V,SH
CJ,50,2026-08-13T09:30:00Z,6.9,V,SH
CJ,30,2026-08-13T09:30:00Z,4.0,V,SH
CJ,31,2026-08-13T09:30:00Z,31.0,V,SH
CJ,31,2026-08-13T10:00:00Z,35.0,V,SH
CJ,30,2026-08-13T10:00:00Z,3.9,V,SH
CJ,51,2026-08-13T10:00:00Z,33.0,V,SH
CJ,50,2026-08-13T10:00:00Z,6.2,V,SH
CJ,51,2026-08-13T10:30:00Z,35.0,V,SH
CJ,30,2026-08-13T10:30:00Z,3.5,V,SH
CJ,31,2026-08-13T10:30:00Z,28.0,V,SH
CJ,50,2026-08-13T10:30:00Z,5.6,V,SH
CJ,31,2026-08-13T11:00:00Z,40.0,V,SH
CJ,30,2026-08-13T11:00:00Z,1.6,V,SH
CJ,51,2026-08-13T11:00:00Z,28.0,V,SH
CJ,50,2026-08-13T11:00:00Z,3.3,V,SH
CJ,31,2026-08-13T11:30:00Z,120.0,V,SH
CJ,51,2026-08-13T11:30:00Z,140.0,V,SH
CJ,50,2026-08-13T11:30:00Z,2.4,V,SH
CJ,30,2026-08-13T11:30:00Z,0.8,V,SH
CJ,50,2026-08-13T12:00:00Z,5.6,V,SH
CJ,31,2026-08-13T12:00:00Z,152.0,V,SH
CJ,51,2026-08-13T12:00:00Z,177.0,V,SH
CJ,30,2026-08-13T12:00:00Z,1.9,V,SH
CJ,51,2026-08-13T12:30:00Z,215.0,V,SH
CJ,50,2026-08-13T12:30:00Z,3.9,V,SH
CJ,30,2026-08-13T12:30:00Z,1.9,V,SH
CJ,31,2026-08-13T12:30:00Z,123.0,V,SH
CJ,50,2026-08-13T13:00:00Z,4.8,V,SH
CJ,31,2026-08-13T13:00:00Z,223.0,V,SH
CJ,51,2026-08-13T13:00:00Z,204.0,V,SH
CJ,30,2026-08-13T13:00:00Z,2.0,V,SH
CJ,50,2026-08-13T13:30:00Z,5.7,V,SH
CJ,30,2026-08-13T13:30:00Z,2.2,V,SH
CJ,51,2026-08-13T13:30:00Z,210.0,V,SH
CJ,31,2026-08-13T13:30:00Z,230.0,V,SH
CJ,30,2026-08-13T14:00:00Z,2.8,V,SH
CJ,31,2026-08-13T14:00:00Z,180.0,V,SH
CJ,50,2026-08-13T14:00:00Z,6.6,V,SH
CJ,51,2026-08-13T14:00:00Z,144.0,V,SH
CJ,51,2026-08-13T14:30:00Z,178.0,V,SH
CJ,30,2026-08-13T14:30:00Z,3.5,V,SH
CJ,31,2026-08-13T14:30:00Z,181.0,V,SH
CJ,50,2026-08-13T14:30:00Z,6.2,V,SH
CJ,50,2026-08-13T15:00:00Z,5.7,V,SH
CJ,51,2026-08-13T15:00:00Z,193.0,V,SH
CJ,30,2026-08-13T15:00:00Z,3.4,V,SH
CJ,31,2026-08-13T15:00:00Z,192.0,V,SH
CJ,50,2026-08-13T15:30:00Z,4.6,V,SH
CJ,30,2026-08-13T15:30:00Z,1.9,V,SH
CJ,51,2026-08-13T15:30:00Z,181.0,V,SH
CJ,31,2026-08-13T15:30:00Z,209.0,V,SH
CJ,30,2026-08-13T16:00:00Z,2.7,V,SH
CJ,31,2026-08-13T16:00:00Z,329.0,V,SH
CJ,50,2026-08-13T16:00:00Z,6.8,V,SH
CJ,51,2026-08-13T16:00:00Z,348.0,V,SH
CJ,31,2026-08-13T16:30:00Z,20.0,V,SH
CJ,50,2026-08-13T16:30:00Z,14.0,V,SH
CJ,30,2026-08-13T16:30:00Z,5.1,V,SH
CJ,51,2026-08-13T16:30:00Z,35.0,V,SH
CJ,51,2026-08-13T17:00:00Z,52.0,V,SH
CJ,30,2026-08-13T17:00:00Z,6.8,V,SH
CJ,31,2026-08-13T17:00:00Z,42.0,V,SH
CJ,50,2026-08-13T17:00:00Z,14.7,V,SH
CJ,50,2026-08-13T17:30:00Z,15.3,V,SH
CJ,31,2026-08-13T17:30:00Z,37.0,V,SH
CJ,51,2026-08-13T17:30:00Z,24.0,V,SH
CJ,30,2026-08-13T17:30:00Z,8.9,V,SH
CJ,50,2026-08-13T18:00:00Z,12.3,V,SH
CJ,30,2026-08-13T18:00:00Z,7.0,V,SH
CJ,31,2026-08-13T18:00:00Z,45.0,V,SH
CJ,51,2026-08-13T18:00:00Z,58.0,V,SH
CJ,51,2026-08-13T18:30:00Z,40.0,V,SH
CJ,31,2026-08-13T18:30:00Z,31.0,V,SH
CJ,30,2026-08-13T18:30:00Z,7.4,V,SH
CJ,50,2026-08-13T18:30:00Z,11.8,V,SH
CJ,30,2026-08-13T19:00:00Z,6.3,V,SH
CJ,31,2026-08-13T19:00:00Z,24.0,V,SH
CJ,50,2026-08-13T19:00:00Z,9.8,V,SH
CJ,51,2026-08-13T19:00:00Z,45.0,V,SH
CJ,30,2026-08-13T19:30:00Z,5.2,V,SH
CJ,51,2026-08-13T19:30:00Z,33.0,V,SH
CJ,50,2026-08-13T19:30:00Z,8.6,V,SH
CJ,31,2026-08-13T19:30:00Z,32.0,V,SH
CJ,50,2026-08-13T20:00:00Z,8.5,V,SH
CJ,31,2026-08-13T20:00:00Z,19.0,V,SH
CJ,51,2026-08-13T20:00:00Z,17.0,V,SH
CJ,30,2026-08-13T20:00:00Z,5.0,V,SH
CJ,30,2026-08-13T20:30:00Z,5.6,V,SH
CJ,50,2026-08-13T20:30:00Z,9.0,V,SH
CJ,31,2026-08-13T20:30:00Z,21.0,V,SH
CJ,51,2026-08-13T20:30:00Z,28.0,V,SH
CJ,30,2026-08-13T21:00:00Z,6.0,V,SH
CJ,51,2026-08-13T21:00:00Z,52.0,V,SH
CJ,31,2026-08-13T21:00:00Z,33.0,V,SH
CJ,50,2026-08-13T21:00:00Z,9.0,V,SH
CJ,30,2026-08-13T21:30:00Z,5.2,V,SH
CJ,50,2026-08-13T21:30:00Z,9.1,V,SH
CJ,31,2026-08-13T21:30:00Z,36.0,V,SH
CJ,51,2026-08-13T21:30:00Z,52.0,V,SH
CJ,30,2026-08-13T22:00:00Z,6.2,V,SH
CJ,31,2026-08-13T22:00:00Z,41.0,V,SH
CJ,51,2026-08-13T22:00:00Z,45.0,V,SH
CJ,50,2026-08-13T22:00:00Z,11.2,V,SH
CJ,30,2026-08-13T22:30:00Z,6.4,V,SH
CJ,50,2026-08-13T22:30:00Z,10.6,V,SH
CJ,51,2026-08-13T22:30:00Z,20.0,V,SH
CJ,31,2026-08-13T22:30:00Z,23.0,V,SH
CJ,50,2026-08-13T23:00:00Z,10.9,V,SH
CJ,51,2026-08-13T23:00:00Z,29.0,V,SH
CJ,31,2026-08-13T23:00:00Z,29.0,V,SH
CJ,30,2026-08-13T23:00:00Z,6.9,V,SH
CJ,30,2026-08-13T23:30:00Z,5.2,V,SH
CJ,31,2026-08-13T23:30:00Z,20.0,V,SH
CJ,50,2026-08-13T23:30:00Z,9.9,V,SH
CJ,51,2026-08-13T23:30:00Z,34.0,V,SH
CJ,31,2026-08-14T05:30:00Z,18.0,,SH
CJ,50,2026-08-14T05:30:00Z,10.4,,SH
CJ,30,2026-08-14T05:30:00Z,5.4,,SH
CJ,51,2026-08-14T05:30:00Z,30.0,,SH
CJ,31,2026-08-14T06:00:00Z,28.0,,SH
CJ,30,2026-08-14T06:00:00Z,7.9,,SH
CJ,51,2026-08-14T06:00:00Z,31.0,,SH
CJ,50,2026-08-14T06:00:00Z,12.5,,SH
CJ,51,2026-08-14T06:30:00Z,28.0,,SH
CJ,31,2026-08-14T06:30:00Z,28.0,,SH
CJ,50,2026-08-14T06:30:00Z,12.5,,SH
CJ,30,2026-08-14T06:30:00Z,7.5,,SH
CJ,50,2026-08-14T07:00:00Z,12.4,,SH
CJ,30,2026-08-14T07:00:00Z,7.9,,SH
CJ,31,2026-08-14T07:00:00Z,30.0,,SH
CJ,51,2026-08-14T07:00:00Z,35.0,,SH
CJ,50,2026-08-14T07:30:00Z,12.4,,SH
CJ,30,2026-08-14T07:30:00Z,6.8,,SH
CJ,31,2026-08-14T07:30:00Z,30.0,,SH
CJ,51,2026-08-14T07:30:00Z,30.0,,SH
CJ,31,2026-08-14T08:00:00Z,33.0,,SH
CJ,51,2026-08-14T08:00:00Z,22.0,,SH
CJ,30,2026-08-14T08:00:00Z,6.4,,SH
CJ,50,2026-08-14T08:00:00Z,10.0,,SH
CJ,50,2026-08-14T08:30:00Z,10.5,,SH
CJ,30,2026-08-14T08:30:00Z,6.0,,SH
CJ,31,2026-08-14T08:30:00Z,29.0,,SH
CJ,51,2026-08-14T08:30:00Z,36.0,,SH
CJ,51,2026-08-14T09:00:00Z,31.0,,SH
CJ,30,2026-08-14T09:00:00Z,5.2,,SH
CJ,31,2026-08-14T09:00:00Z,32.0,,SH
CJ,50,2026-08-14T09:00:00Z,8.9,,SH
CJ,30,2026-08-14T09:30:00Z,4.7,,SH
CJ,31,2026-08-14T09:30:00Z,37.0,,SH
CJ,51,2026-08-14T09:30:00Z,31.0,,SH
CJ,50,2026-08-14T09:30:00Z,7.9,,SH
CJ,51,2026-08-14T10:00:00Z,40.0,,SH
CJ,31,2026-08-14T10:00:00Z,37.0,,SH
CJ,30,2026-08-14T10:00:00Z,4.4,,SH
CJ,50,2026-08-14T10:00:00Z,8.4,,SH
CJ,50,2026-08-14T10:30:00Z,7.3,,SH
CJ,30,2026-08-14T10:30:00Z,4.1,,SH
CJ,31,2026-08-14T10:30:00Z,35.0,,SH
CJ,51,2026-08-14T10:30:00Z,36.0,,SH
CJ,50,2026-08-14T11:00:00Z,7.4,,SH
CJ,30,2026-08-14T11:00:00Z,4.1,,SH
CJ,31,2026-08-14T11:00:00Z,37.0,,SH
CJ,51,2026-08-14T11:00:00Z,30.0,,SH
CJ,50,2026-08-14T11:30:00Z,6.5,,SH
CJ,30,2026-08-14T11:30:00Z,4.0,,SH
CJ,31,2026-08-14T11:30:00Z,36.0,,SH
CJ,51,2026-08-14T11:30:00Z,39.0,,SH
CJ,51,2026-08-14T12:00:00Z,33.0,,SH
CJ,31,2026-08-14T12:00:00Z,28.0,,SH
CJ,50,2026-08-14T12:00:00Z,5.1,,SH
CJ,30,2026-08-14T12:00:00Z,3.3,,SH
CJ,50,2026-08-14T12:30:00Z,3.0,,SH
CJ,30,2026-08-14T12:30:00Z,1.6,,SH
CJ,31,2026-08-14T12:30:00Z,36.0,,SH
CJ,51,2026-08-14T12:30:00Z,40.0,,SH
CJ,50,2026-08-14T13:00:00Z,2.5,,SH
CJ,30,2026-08-14T13:00:00Z,0.7,,SH
CJ,31,2026-08-14T13:00:00Z,155.0,,SH
CJ,51,2026-08-14T13:00:00Z,228.0,,SH
CJ,51,2026-08-14T13:30:00Z,229.0,,SH
CJ,50,2026-08-14T13:30:00Z,2.8,,SH
CJ,31,2026-08-14T13:30:00Z,279.0,,SH
CJ,30,2026-08-14T13:30:00Z,0.8,,SH
CJ,30,2026-08-14T14:00:00Z,1.2,,SH
CJ,50,2026-08-14T14:00:00Z,3.0,,SH
CJ,31,2026-08-14T14:00:00Z,15.0,,SH
CJ,51,2026-08-14T14:00:00Z,15.0,,SH
CJ,31,2026-08-14T14:30:00Z,68.0,,SH
CJ,30,2026-08-14T14:30:00Z,0.7,,SH
CJ,51,2026-08-14T14:30:00Z,41.0,,SH
CJ,50,2026-08-14T14:30:00Z,2.2,,SH
CJ,31,2026-08-14T15:00:00Z,277.0,,SH
CJ,51,2026-08-14T15:00:00Z,290.0,,SH
CJ,30,2026-08-14T15:00:00Z,3.5,,SH
CJ,50,2026-08-14T15:00:00Z,10.0,,SH
CJ,50,2026-08-14T15:30:00Z,7.7,,SH
CJ,30,2026-08-14T15:30:00Z,2.6,,SH
CJ,31,2026-08-14T15:30:00Z,5.0,,SH
CJ,51,2026-08-14T15:30:00Z,277.0,,SH
CJ,50,2026-08-14T16:00:00Z,6.7,,SH
CJ,30,2026-08-14T16:00:00Z,2.4,,SH
CJ,31,2026-08-14T16:00:00Z,206.0,,SH
CJ,51,2026-08-14T16:00:00Z,192.0,,SH
CJ,51,2026-08-14T16:30:00Z,199.0,,SH
CJ,31,2026-08-14T16:30:00Z,192.0,,SH
CJ,30,2026-08-14T16:30:00Z,5.1,,SH
CJ,50,2026-08-14T16:30:00Z,11.3,,SH
CJ,50,2026-08-14T17:00:00Z,6.2,,SH
CJ,30,2026-08-14T17:00:00Z,1.9,,SH
CJ,31,2026-08-14T17:00:00Z,143.0,,SH
CJ,51,2026-08-14T17:00:00Z,200.0,,SH
CJ,50,2026-08-14T17:30:00Z,4.5,,SH
CJ,51,2026-08-14T17:30:00Z,195.0,,SH
CJ,30,2026-08-14T17:30:00Z,1.4,,SH
CJ,31,2026-08-14T17:30:00Z,201.0,,SH
CJ,31,2026-08-14T18:00:00Z,4.0,,SH
CJ,30,2026-08-14T18:00:00Z,0.9,,SH
CJ,51,2026-08-14T18:00:00Z,29.0,,SH
CJ,50,2026-08-14T18:00:00Z,2.3,,SH
CJ,50,2026-08-14T18:30:00Z,4.5,,SH
CJ,30,2026-08-14T18:30:00Z,1.5,,SH
CJ,31,2026-08-14T18:30:00Z,213.0,,SH
CJ,51,2026-08-14T18:30:00Z,293.0,,SH
CJ,50,2026-08-14T19:00:00Z,4.3,,SH
CJ,30,2026-08-14T19:00:00Z,1.3,,SH
CJ,31,2026-08-14T19:00:00Z,198.0,,SH
CJ,51,2026-08-14T19:00:00Z,191.0,,SH
CJ,31,2026-08-14T19:30:00Z,352.0,,SH
CJ,51,2026-08-14T19:30:00Z,304.0,,SH
CJ,50,2026-08-14T19:30:00Z,4.5,,SH
CJ,30,2026-08-14T19:30:00Z,2.2,,SH
CJ,50,2026-08-14T20:00:00Z,13.3,,SH
CJ,30,2026-08-14T20:00:00Z,3.4,,SH
CJ,31,2026-08-14T20:00:00Z,12.0,,SH
CJ,51,2026-08-14T20:00:00Z,45.0,,SH
CJ,50,2026-08-14T20:30:00Z,9.5,,SH
CJ,30,2026-08-14T20:30:00Z,4.9,,SH
CJ,31,2026-08-14T20:30:00Z,39.0,,SH
CJ,51,2026-08-14T20:30:00Z,34.0,,SH
CJ,31,2026-08-14T21:00:00Z,37.0,,SH
CJ,51,2026-08-14T21:00:00Z,37.0,,SH
CJ,50,2026-08-14T21:00:00Z,10.4,,SH
CJ,30,2026-08-14T21:00:00Z,5.6,,SH
CJ,31,2026-08-14T21:30:00Z,2.0,,SH
CJ,30,2026-08-14T21:30:00Z,3.9,,SH
CJ,51,2026-08-14T21:30:00Z,53.0,,SH
CJ,50,2026-08-14T21:30:00Z,9.8,,SH
CJ,51,2026-08-14T22:00:00Z,27.0,,SH
CJ,30,2026-08-14T22:00:00Z,3.8,,SH
CJ,31,2026-08-14T22:00:00Z,8.0,,SH
CJ,50,2026-08-14T22:00:00Z,8.6,,SH
CJ,31,2026-08-14T22:30:00Z,318.0,,SH
CJ,50,2026-08-14T22:30:00Z,5.4,,SH
CJ,51,2026-08-14T22:30:00Z,6.0,,SH
CJ,30,2026-08-14T22:30:00Z,2.5,,SH
CJ,31,2026-08-14T23:00:00Z,328.0,,SH
CJ,51,2026-08-14T23:00:00Z,327.0,,SH
CJ,50,2026-08-14T23:00:00Z,4.1,,SH
CJ,30,2026-08-14T23:00:00Z,2.1,,SH
CJ,50,2026-08-14T23:30:00Z,3.7,,SH
CJ,30,2026-08-14T23:30:00Z,1.2,,SH
CJ,31,2026-08-14T23:30:00Z,254.0,,SH
CJ,51,2026-08-14T23:30:00Z,76.0,,SH
CJ,50,2026-08-15T00:00:00Z,4.2,,SH
CJ,30,2026-08-15T00:00:00Z,1.3,,SH
CJ,31,2026-08-15T00:00:00Z,289.0,,SH
CJ,51,2026-08-15T00:00:00Z,8.0,,SH
CJ,51,2026-08-15T00:30:00Z,303.0,,SH
CJ,31,2026-08-15T00:30:00Z,310.0,,SH
CJ,30,2026-08-15T00:30:00Z,2.0,,SH
CJ,50,2026-08-15T00:30:00Z,4.1,,SH
CJ,50,2026-08-15T01:00:00Z,8.8,,SH
CJ,30,2026-08-15T01:00:00Z,3.3,,SH
CJ,31,2026-08-15T01:00:00Z,6.0,,SH
CJ,51,2026-08-15T01:00:00Z,31.0,,SH
CJ,50,2026-08-15T01:30:00Z,9.4,,SH
CJ,30,2026-08-15T01:30:00Z,4.9,,SH
CJ,31,2026-08-15T01:30:00Z,15.0,,SH
CJ,51,2026-08-15T01:30:00Z,30.0,,SH
CJ,31,2026-08-15T02:00:00Z,352.0,,SH
CJ,51,2026-08-15T02:00:00Z,32.0,,SH
CJ,50,2026-08-15T02:00:00Z,8.4,,SH
CJ,30,2026-08-15T02:00:00Z,3.9,,SH
CJ,31,2026-08-15T02:30:00Z,5.0,,SH
CJ,30,2026-08-15T02:30:00Z,4.0,,SH
CJ,51,2026-08-15T02:30:00Z,44.0,,SH
CJ,50,2026-08-15T02:30:00Z,8.5,,SH
CJ,30,2026-08-15T03:00:00Z,3.5,,SH
CJ,31,2026-08-15T03:00:00Z,356.0,,SH
CJ,50,2026-08-15T03:00:00Z,8.8,,SH
CJ,51,2026-08-15T03:00:00Z,17.0,,SH
CJ,50,2026-08-15T03:30:00Z,6.3,,SH
CJ,51,2026-08-15T03:30:00Z,19.0,,SH
CJ,30,2026-08-15T03:30:00Z,3.0,,SH
CJ,31,2026-08-15T03:30:00Z,348.0,,SH
CJ,30,2026-08-15T04:00:00Z,3.3,,SH
CJ,31,2026-08-15T04:00:00Z,357.0,,SH
CJ,50,2026-08-15T04:00:00Z,8.4,,SH
CJ,51,2026-08-15T04:00:00Z,34.0,,SH
CJ,51,2026-08-15T04:30:00Z,36.0,,SH
CJ,30,2026-08-15T04:30:00Z,3.1,,SH
CJ,31,2026-08-15T04:30:00Z,344.0,,SH
CJ,50,2026-08-15T04:30:00Z,7.2,,SH
CJ,51,2026-08-15T05:00:00Z,33.0,,SH
CJ,30,2026-08-15T05:00:00Z,3.2,,SH
CJ,31,2026-08-15T05:00:00Z,346.0,,SH
CJ,50,2026-08-15T05:00:00Z,7.5,,SH
CJ,51,2026-08-15T05:30:00Z,12.0,,SH
CJ,50,2026-08-15T05:30:00Z,6.8,,SH
CJ,31,2026-08-15T05:30:00Z,336.0,,SH
CJ,30,2026-08-15T05:30:00Z,3.1,,SH
CJ,30,2026-08-15T06:00:00Z,2.8,,SH
CJ,31,2026-08-15T06:00:00Z,345.0,,SH
CJ,50,2026-08-15T06:00:00Z,7.3,,SH
CJ,51,2026-08-15T06:00:00Z,12.0,,SH
CJ,30,2026-08-15T06:30:00Z,3.1,,SH
CJ,31,2026-08-15T06:30:00Z,3.0,,SH
CJ,51,2026-08-15T06:30:00Z,36.0,,SH
CJ,50,2026-08-15T06:30:00Z,7.5,,SH
CJ,30,2026-08-15T07:00:00Z,3.8,,SH
CJ,31,2026-08-15T07:00:00Z,20.0,,SH
CJ,50,2026-08-15T07:00:00Z,6.9,,SH
CJ,51,2026-08-15T07:00:00Z,13.0,,SH
CJ,51,2026-08-15T07:30:00Z,22.0,,SH
CJ,50,2026-08-15T07:30:00Z,6.8,,SH
CJ,30,2026-08-15T07:30:00Z,3.4,,SH
CJ,31,2026-08-15T07:30:00Z,23.0,,SH
CJ,30,2026-08-15T08:00:00Z,3.7,,SH
CJ,31,2026-08-15T08:00:00Z,24.0,,SH
CJ,50,2026-08-15T08:00:00Z,7.2,,SH
CJ,51,2026-08-15T08:00:00Z,34.0,,SH
CJ,30,2026-08-15T08:30:00Z,3.3,,SH
CJ,31,2026-08-15T08:30:00Z,25.0,,SH
CJ,50,2026-08-15T08:30:00Z,6.8,,SH
CJ,51,2026-08-15T08:30:00Z,34.0,,SH
CJ,51,2026-08-15T09:00:00Z,40.0,,SH
CJ,50,2026-08-15T09:00:00Z,4.1,,SH
CJ,30,2026-08-15T09:00:00Z,2.1,,SH
CJ,31,2026-08-15T09:00:00Z,31.0,,SH
CJ,30,2026-08-15T09:30:00Z,0.6,,SH
CJ,31,2026-08-15T09:30:00Z,20.0,,SH
CJ,50,2026-08-15T09:30:00Z,2.2,,SH
CJ,51,2026-08-15T09:30:00Z,313.0,,SH
CJ,51,2026-08-15T10:00:00Z,210.0,,SH
CJ,30,2026-08-15T10:00:00Z,0.9,,SH
CJ,31,2026-08-15T10:00:00Z,214.0,,SH
CJ,50,2026-08-15T10:00:00Z,2.8,,SH
CJ,50,2026-08-15T10:30:00Z,2.1,,SH
CJ,51,2026-08-15T10:30:00Z,58.0,,SH
CJ,31,2026-08-15T10:30:00Z,70.0,,SH
CJ,30,2026-08-15T10:30:00Z,0.7,,SH
CJ,30,2026-08-15T11:00:00Z,0.7,,SH
CJ,31,2026-08-15T11:00:00Z,85.0,,SH
CJ,50,2026-08-15T11:00:00Z,1.6,,SH
CJ,51,2026-08-15T11:00:00Z,63.0,,SH
CJ,30,2026-08-15T11:30:00Z,1.2,,SH
CJ,31,2026-08-15T11:30:00Z,115.0,,SH
CJ,50,2026-08-15T11:30:00Z,4.0,,SH
CJ,51,2026-08-15T11:30:00Z,204.0,,SH
CJ,51,2026-08-15T12:00:00Z,179.0,,SH
CJ,50,2026-08-15T12:00:00Z,7.0,,SH
CJ,31,2026-08-15T12:00:00Z,176.0,,SH
CJ,30,2026-08-15T12:00:00Z,3.3,,SH
CJ,30,2026-08-15T12:30:00Z,3.9,,SH
CJ,31,2026-08-15T12:30:00Z,199.0,,SH
CJ,50,2026-08-15T12:30:00Z,7.8,,SH
CJ,51,2026-08-15T12:30:00Z,197.0,,SH
CJ,30,2026-08-15T13:00:00Z,3.1,,SH
CJ,31,2026-08-15T13:00:00Z,213.0,,SH
CJ,50,2026-08-15T13:00:00Z,6.6,,SH
CJ,51,2026-08-15T13:00:00Z,224.0,,SH
CJ,30,2026-08-15T13:30:00Z,4.1,,SH
CJ,31,2026-08-15T13:30:00Z,188.0,,SH
CJ,50,2026-08-15T13:30:00Z,9.5,,SH
CJ,51,2026-08-15T13:30:00Z,197.0,,SH
CJ,50,2026-08-15T14:00:00Z,13.8,,SH
CJ,31,2026-08-15T14:00:00Z,83.0,,SH
CJ,51,2026-08-15T14:00:00Z,35.0,,SH
CJ,30,2026-08-15T14:00:00Z,6.4,,SH
CJ,30,2026-08-15T14:30:00Z,9.4,,SH
CJ,31,2026-08-15T14:30:00Z,42.0,,SH
CJ,50,2026-08-15T14:30:00Z,16.9,,SH
CJ,51,2026-08-15T14:30:00Z,48.0,,SH
CJ,30,2026-08-15T15:00:00Z,9.6,,SH
CJ,31,2026-08-15T15:00:00Z,43.0,,SH
CJ,50,2026-08-15T15:00:00Z,16.0,,SH
CJ,51,2026-08-15T15:00:00Z,36.0,,SH
CJ,30,2026-08-15T15:30:00Z,9.2,,SH
CJ,31,2026-08-15T15:30:00Z,32.0,,SH
CJ,50,2026-08-15T15:30:00Z,16.2,,SH
CJ,51,2026-08-15T15:30:00Z,35.0,,SH
CJ,50,2026-08-15T16:00:00Z,14.0,,SH
CJ,31,2026-08-15T16:00:00Z,35.0,,SH
CJ,30,2026-08-15T16:00:00Z,7.1,,SH
CJ,51,2026-08-15T16:00:00Z,43.0,,SH
CJ,50,2026-08-15T16:30:00Z,13.9,,SH
CJ,30,2026-08-15T16:30:00Z,8.3,,SH
CJ,31,2026-08-15T16:30:00Z,43.0,,SH
CJ,51,2026-08-15T16:30:00Z,51.0,,SH
CJ,31,2026-08-15T17:00:00Z,42.0,,SH
CJ,51,2026-08-15T17:00:00Z,52.0,,SH
CJ,30,2026-08-15T17:00:00Z,7.4,,SH
CJ,50,2026-08-15T17:00:00Z,13.8,,SH
CJ,50,2026-08-15T17:30:00Z,14.3,,SH
CJ,30,2026-08-15T17:30:00Z,8.5,,SH
CJ,31,2026-08-15T17:30:00Z,37.0,,SH
CJ,51,2026-08-15T17:30:00Z,38.0,,SH
CJ,50,2026-08-15T18:00:00Z,12.9,,SH
CJ,30,2026-08-15T18:00:00Z,7.6,,SH
CJ,31,2026-08-15T18:00:00Z,40.0,,SH
CJ,51,2026-08-15T18:00:00Z,49.0,,SH
CJ,51,2026-08-15T18:30:00Z,64.0,,SH
CJ,31,2026-08-15T18:30:00Z,49.0,,SH
CJ,30,2026-08-15T18:30:00Z,8.9,,SH
CJ,50,2026-08-15T18:30:00Z,15.9,,SH
CJ,31,2026-08-15T19:00:00Z,43.0,,SH
CJ,30,2026-08-15T19:00:00Z,5.8,,SH
CJ,50,2026-08-15T19:00:00Z,10.0,,SH
CJ,51,2026-08-15T19:00:00Z,54.0,,SH
CJ,51,2026-08-15T19:30:00Z,26.0,,SH
CJ,30,2026-08-15T19:30:00Z,5.7,,SH
CJ,31,2026-08-15T19:30:00Z,41.0,,SH
CJ,50,2026-08-15T19:30:00Z,9.3,,SH
CJ,51,2026-08-15T20:00:00Z,36.0,,SH
CJ,31,2026-08-15T20:00:00Z,35.0,,SH
CJ,30,2026-08-15T20:00:00Z,6.8,,SH
CJ,50,2026-08-15T20:00:00Z,10.6,,SH
CJ,31,2026-08-15T20:30:00Z,35.0,,SH
CJ,51,2026-08-15T20:30:00Z,29.0,,SH
CJ,30,2026-08-15T20:30:00Z,6.8,,SH
CJ,50,2026-08-15T20:30:00Z,11.8,,SH
CJ,50,2026-08-15T21:00:00Z,12.3,,SH
CJ,30,2026-08-15T21:00:00Z,7.4,,SH
CJ,31,2026-08-15T21:00:00Z,45.0,,SH
CJ,51,2026-08-15T21:00:00Z,36.0,,SH
CJ,31,2026-08-15T21:30:00Z,38.0,,SH
CJ,51,2026-08-15T21:30:00Z,30.0,,SH
CJ,50,2026-08-15T21:30:00Z,11.1,,SH
CJ,30,2026-08-15T21:30:00Z,6.6,,SH
CJ,31,2026-08-15T22:00:00Z,38.0,,SH
CJ,30,2026-08-15T22:00:00Z,6.9,,SH
CJ,51,2026-08-15T22:00:00Z,44.0,,SH
CJ,50,2026-08-15T22:00:00Z,11.9,,SH
CJ,31,2026-08-15T22:30:00Z,40.0,,SH
CJ,30,2026-08-15T22:30:00Z,7.0,,SH
CJ,50,2026-08-15T22:30:00Z,12.4,,SH
CJ,51,2026-08-15T22:30:00Z,47.0,,SH
CJ,30,2026-08-15T23:00:00Z,7.6,,SH
CJ,50,2026-08-15T23:00:00Z,11.9,,SH
CJ,51,2026-08-15T23:00:00Z,41.0,,SH
CJ,31,2026-08-15T23:00:00Z,36.0,,SH
CJ,31,2026-08-15T23:30:00Z,33.0,,SH
CJ,30,2026-08-15T23:30:00Z,6.1,,SH
CJ,51,2026-08-15T23:30:00Z,43.0,,SH
CJ,50,2026-08-15T23:30:00Z,10.8,,SH
CJ,51,2026-08-16T00:00:00Z,28.0,,SH
CJ,30,2026-08-16T00:00:00Z,6.2,,SH
CJ,50,2026-08-16T00:00:00Z,11.0,,SH
CJ,31,2026-08-16T00:00:00Z,23.0,,SH
CJ,51,2026-08-16T00:30:00Z,43.0,,SH
CJ,30,2026-08-16T00:30:00Z,5.6,,SH
CJ,31,2026-08-16T00:30:00Z,27.0,,SH
CJ,50,2026-08-16T00:30:00Z,10.2,,SH
CJ,50,2026-08-16T01:00:00Z,11.2,,SH
CJ,51,2026-08-16T01:00:00Z,55.0,,SH
CJ,30,2026-08-16T01:00:00Z,6.7,,SH
CJ,31,2026-08-16T01:00:00Z,43.0,,SH
CJ,30,2026-08-16T01:30:00Z,6.5,,SH
CJ,31,2026-08-16T01:30:00Z,23.0,,SH
CJ,50,2026-08-16T01:30:00Z,12.8,,SH
CJ,51,2026-08-16T01:30:00Z,36.0,,SH
CJ,50,2026-08-16T02:00:00Z,9.2,,SH
CJ,30,2026-08-16T02:00:00Z,5.0,,SH
CJ,31,2026-08-16T02:00:00Z,20.0,,SH
CJ,51,2026-08-16T02:00:00Z,29.0,,SH
CJ,51,2026-08-16T02:30:00Z,30.0,,SH
CJ,50,2026-08-16T02:30:00Z,6.5,,SH
CJ,31,2026-08-16T02:30:00Z,10.0,,SH
CJ,30,2026-08-16T02:30:00Z,3.2,,SH
CJ,30,2026-08-16T03:00:00Z,5.3,,SH
CJ,31,2026-08-16T03:00:00Z,26.0,,SH
CJ,50,2026-08-16T03:00:00Z,10.7,,SH
CJ,51,2026-08-16T03:00:00Z,32.0,,SH
CJ,30,2026-08-16T03:30:00Z,5.9,,SH
CJ,31,2026-08-16T03:30:00Z,37.0,,SH
CJ,50,2026-08-16T03:30:00Z,11.7,,SH
CJ,51,2026-08-16T03:30:00Z,32.0,,SH
CJ,50,2026-08-16T04:00:00Z,11.3,,SH
CJ,51,2026-08-16T04:00:00Z,31.0,,SH
CJ,30,2026-08-16T04:00:00Z,6.9,,SH
CJ,31,2026-08-16T04:00:00Z,37.0,,SH
CJ,30,2026-08-16T04:30:00Z,5.4,,SH
CJ,31,2026-08-16T04:30:00Z,31.0,,SH
CJ,50,2026-08-16T04:30:00Z,9.6,,SH
CJ,51,2026-08-16T04:30:00Z,39.0,,SH
CJ,30,2026-08-16T05:00:00Z,5.7,,SH
CJ,31,2026-08-16T05:00:00Z,34.0,,SH
CJ,51,2026-08-16T05:00:00Z,34.0,,SH
CJ,50,2026-08-16T05:00:00Z,9.6,,SH
CJ,31,2026-08-16T05:30:00Z,33.0,,SH
CJ,30,2026-08-16T05:30:00Z,6.1,,SH
CJ,50,2026-08-16T05:30:00Z,11.0,,SH
CJ,51,2026-08-16T05:30:00Z,37.0,,SH
CJ,51,2026-08-16T06:00:00Z,41.0,,SH
CJ,50,2026-08-16T06:00:00Z,9.3,,SH
CJ,31,2026-08-16T06:00:00Z,26.0,,SH
CJ,30,2026-08-16T06:00:00Z,4.9,,SH
CJ,50,2026-08-16T06:30:00Z,8.6,,SH
CJ,30,2026-08-16T06:30:00Z,4.9,,SH
CJ,31,2026-08-16T06:30:00Z,35.0,,SH
CJ,51,2026-08-16T06:30:00Z,34.0,,SH
CJ,50,2026-08-16T07:00:00Z,8.7,,SH
CJ,30,2026-08-16T07:00:00Z,4.0,,SH
CJ,31,2026-08-16T07:00:00Z,16.0,,SH
CJ,51,2026-08-16T07:00:00Z,27.0,,SH
CJ,50,2026-08-16T07:30:00Z,7.3,,SH
CJ,30,2026-08-16T07:30:00Z,3.0,,SH
CJ,51,2026-08-16T07:30:00Z,31.0,,SH
CJ,31,2026-08-16T07:30:00Z,23.0,,SH
CJ,31,2026-08-16T08:00:00Z,32.0,,SH
CJ,30,2026-08-16T08:00:00Z,3.3,,SH
CJ,50,2026-08-16T08:00:00Z,6.4,,SH
CJ,51,2026-08-16T08:00:00Z,50.0,,SH
CJ,51,2026-08-16T08:30:00Z,31.0,,SH
CJ,31,2026-08-16T08:30:00Z,26.0,,SH
CJ,30,2026-08-16T08:30:00Z,3.5,,SH
CJ,50,2026-08-16T08:30:00Z,7.5,,SH
CJ,50,2026-08-16T09:00:00Z,4.8,,SH
CJ,51,2026-08-16T09:00:00Z,31.0,,SH
CJ,30,2026-08-16T09:00:00Z,2.4,,SH
CJ,31,2026-08-16T09:00:00Z,19.0,,SH
CJ,30,2026-08-16T09:30:00Z,2.7,,SH
CJ,51,2026-08-16T09:30:00Z,27.0,,SH
CJ,50,2026-08-16T09:30:00Z,5.7,,SH
CJ,31,2026-08-16T09:30:00Z,21.0,,SH
CJ,30,2026-08-16T10:00:00Z,2.4,,SH
CJ,31,2026-08-16T10:00:00Z,32.0,,SH
CJ,50,2026-08-16T10:00:00Z,5.1,,SH
CJ,51,2026-08-16T10:00:00Z,46.0,,SH
CJ,50,2026-08-16T10:30:00Z,4.8,,SH
CJ,51,2026-08-16T10:30:00Z,24.0,,SH
CJ,30,2026-08-16T10:30:00Z,2.7,,SH
CJ,31,2026-08-16T10:30:00Z,32.0,,SH
CJ,30,2026-08-16T11:00:00Z,3.6,,SH
CJ,31,2026-08-16T11:00:00Z,32.0,,SH
CJ,50,2026-08-16T11:00:00Z,7.0,,SH
CJ,51,2026-08-16T11:00:00Z,34.0,,SH
CJ,50,2026-08-16T11:30:00Z,5.6,,SH
CJ,30,2026-08-16T11:30:00Z,3.2,,SH
CJ,31,2026-08-16T11:30:00Z,28.0,,SH
CJ,51,2026-08-16T11:30:00Z,26.0,,SH
CJ,31,2026-08-16T12:00:00Z,28.0,,SH
CJ,30,2026-08-16T12:00:00Z,3.7,,SH
CJ,51,2026-08-16T12:00:00Z,36.0,,SH
CJ,50,2026-08-16T12:00:00Z,5.8,,SH
CJ,31,2026-08-16T12:30:00Z,32.0,,SH
CJ,50,2026-08-16T12:30:00Z,5.1,,SH
CJ,51,2026-08-16T12:30:00Z,34.0,,SH
CJ,30,2026-08-16T12:30:00Z,2.1,,SH
CJ,51,2026-08-16T13:00:00Z,317.0,,SH
CJ,30,2026-08-16T13:00:00Z,0.9,,SH
CJ,31,2026-08-16T13:00:00Z,27.0,,SH
CJ,50,2026-08-16T13:00:00Z,2.3,,SH
CJ,31,2026-08-16T13:30:00Z,183.0,,SH
CJ,51,2026-08-16T13:30:00Z,173.0,,SH
CJ,50,2026-08-16T13:30:00Z,5.2,,SH
CJ,30,2026-08-16T13:30:00Z,1.8,,SH
CJ,30,2026-08-16T14:00:00Z,3.4,,SH
CJ,51,2026-08-16T14:00:00Z,192.0,,SH
CJ,50,2026-08-16T14:00:00Z,7.3,,SH
CJ,31,2026-08-16T14:00:00Z,182.0,,SH
CJ,30,2026-08-16T14:30:00Z,2.8,,SH
CJ,31,2026-08-16T14:30:00Z,179.0,,SH
CJ,50,2026-08-16T14:30:00Z,5.8,,SH
CJ,51,2026-08-16T14:30:00Z,185.0,,SH
CJ,30,2026-08-16T15:00:00Z,2.0,,SH
CJ,31,2026-08-16T15:00:00Z,199.0,,SH
CJ,50,2026-08-16T15:00:00Z,13.0,,SH
CJ,51,2026-08-16T15:00:00Z,36.0,,SH
CJ,31,2026-08-16T15:30:00Z,16.0,,SH
CJ,50,2026-08-16T15:30:00Z,15.8,,SH
CJ,51,2026-08-16T15:30:00Z,32.0,,SH
CJ,30,2026-08-16T15:30:00Z,9.3,,SH
CJ,31,2026-08-16T16:00:00Z,33.0,,SH
CJ,50,2026-08-16T16:00:00Z,16.2,,SH
CJ,30,2026-08-16T16:00:00Z,8.7,,SH
CJ,51,2026-08-16T16:00:00Z,44.0,,SH
CJ,50,2026-08-16T16:30:00Z,15.5,,SH
CJ,31,2026-08-16T16:30:00Z,41.0,,SH
CJ,30,2026-08-16T16:30:00Z,8.4,,SH
CJ,51,2026-08-16T16:30:00Z,43.0,,SH
CJ,30,2026-08-16T17:00:00Z,8.5,,SH
CJ,51,2026-08-16T17:00:00Z,50.0,,SH
CJ,50,2026-08-16T17:00:00Z,13.8,,SH
CJ,31,2026-08-16T17:00:00Z,49.0,,SH
CJ,50,2026-08-16T17:30:00Z,12.5,,SH
CJ,31,2026-08-16T17:30:00Z,45.0,,SH
CJ,30,2026-08-16T17:30:00Z,7.0,,SH
CJ,51,2026-08-16T17:30:00Z,50.0,,SH
CJ,51,2026-08-16T18:00:00Z,31.0,,SH
CJ,31,2026-08-16T18:00:00Z,28.0,,SH
CJ,30,2026-08-16T18:00:00Z,7.7,,SH
CJ,50,2026-08-16T18:00:00Z,11.7,,SH
CJ,30,2026-08-16T18:30:00Z,6.4,,SH
CJ,50,2026-08-16T18:30:00Z,12.3,,SH
CJ,51,2026-08-16T18:30:00Z,32.0,,SH
CJ,31,2026-08-16T18:30:00Z,46.0,,SH
CJ,30,2026-08-16T19:00:00Z,5.8,,SH
CJ,50,2026-08-16T19:00:00Z,10.6,,SH
CJ,31,2026-08-16T19:00:00Z,52.0,,SH
CJ,51,2026-08-16T19:00:00Z,57.0,,SH
CJ,50,2026-08-16T19:30:00Z,10.7,,SH
CJ,30,2026-08-16T19:30:00Z,6.8,,SH
CJ,31,2026-08-16T19:30:00Z,26.0,,SH
CJ,51,2026-08-16T19:30:00Z,34.0,,SH
CJ,50,2026-08-16T20:00:00Z,11.8,,SH
CJ,31,2026-08-16T20:00:00Z,26.0,,SH
CJ,30,2026-08-16T20:00:00Z,7.3,,SH
CJ,51,2026-08-16T20:00:00Z,20.0,,SH
CJ,50,2026-08-16T20:30:00Z,11.3,,SH
CJ,51,2026-08-16T20:30:00Z,35.0,,SH
CJ,30,2026-08-16T20:30:00Z,6.0,,SH
CJ,31,2026-08-16T20:30:00Z,32.0,,SH
CJ,31,2026-08-16T21:00:00Z,31.0,,SH
CJ,51,2026-08-16T21:00:00Z,33.0,,SH
CJ,30,2026-08-16T21:00:00Z,5.5,,SH
CJ,50,2026-08-16T21:00:00Z,9.9,,SH
CJ,31,2026-08-16T21:30:00Z,30.0,,SH
CJ,51,2026-08-16T21:30:00Z,37.0,,SH
CJ,50,2026-08-16T21:30:00Z,12.8,,SH
CJ,30,2026-08-16T21:30:00Z,7.2,,SH
CJ,31,2026-08-16T22:00:00Z,36.0,,SH
CJ,50,2026-08-16T22:00:00Z,10.7,,SH
CJ,51,2026-08-16T22:00:00Z,36.0,,SH
CJ,30,2026-08-16T22:00:00Z,7.2,,SH
CJ,30,2026-08-16T22:30:00Z,6.5,,SH
CJ,31,2026-08-16T22:30:00Z,40.0,,SH
CJ,51,2026-08-16T22:30:00Z,54.0,,SH
CJ,50,2026-08-16T22:30:00Z,11.4,,SH
CJ,50,2026-08-16T23:00:00Z,9.8,,SH
CJ,30,2026-08-16T23:00:00Z,5.8,,SH
CJ,31,2026-08-16T23:00:00Z,39.0,,SH
CJ,51,2026-08-16T23:00:00Z,47.0,,SH
CJ,50,2026-08-16T23:30:00Z,7.5,,SH
CJ,30,2026-08-16T23:30:00Z,3.8,,SH
CJ,31,2026-08-16T23:30:00Z,27.0,,SH
CJ,51,2026-08-16T23:30:00Z,33.0,,SH
CJ,50,2026-08-17T00:00:00Z,10.8,,SH
CJ,51,2026-08-17T00:00:00Z,25.0,,SH
CJ,31,2026-08-17T00:00:00Z,31.0,,SH
CJ,30,2026-08-17T00:00:00Z,5.1,,SH
CJ,50,2026-08-17T00:30:00Z,10.9,,SH
CJ,30,2026-08-17T00:30:00Z,6.7,,SH
CJ,31,2026-08-17T00:30:00Z,35.0,,SH
CJ,51,2026-08-17T00:30:00Z,34.0,,SH
CJ,30,2026-08-17T01:00:00Z,7.3,,SH
CJ,31,2026-08-17T01:00:00Z,30.0,,SH
CJ,50,2026-08-17T01:00:00Z,11.8,,SH
CJ,51,2026-08-17T01:00:00Z,36.0,,SH
CJ,50,2026-08-17T01:30:00Z,11.6,,SH
CJ,30,2026-08-17T01:30:00Z,6.6,,SH
CJ,31,2026-08-17T01:30:00Z,30.0,,SH
CJ,51,2026-08-17T01:30:00Z,29.0,,SH
CJ,30,2026-08-17T02:00:00Z,6.5,,SH
CJ,50,2026-08-17T02:00:00Z,11.4,,SH
CJ,31,2026-08-17T02:00:00Z,29.0,,SH
CJ,51,2026-08-17T02:00:00Z,51.0,,SH
CJ,51,2026-08-17T02:30:00Z,46.0,,SH
CJ,30,2026-08-17T02:30:00Z,6.4,,SH
CJ,50,2026-08-17T02:30:00Z,11.7,,SH
CJ,31,2026-08-17T02:30:00Z,35.0,,SH
CJ,31,2026-08-17T03:00:00Z,20.0,,SH
CJ,50,2026-08-17T03:00:00Z,8.8,,SH
CJ,30,2026-08-17T03:00:00Z,4.9,,SH
CJ,51,2026-08-17T03:00:00Z,23.0,,SH
CJ,51,2026-08-17T03:30:00Z,20.0,,SH
CJ,31,2026-08-17T03:30:00Z,23.0,,SH
CJ,50,2026-08-17T03:30:00Z,9.7,,SH
CJ,30,2026-08-17T03:30:00Z,4.6,,SH
CJ,50,2026-08-17T04:00:00Z,10.6,,SH
CJ,30,2026-08-17T04:00:00Z,5.8,,SH
CJ,31,2026-08-17T04:00:00Z,26.0,,SH
CJ,51,2026-08-17T04:00:00Z,39.0,,SH
CJ,50,2026-08-17T04:30:00Z,11.9,,SH
CJ,30,2026-08-17T04:30:00Z,6.2,,SH
CJ,31,2026-08-17T04:30:00Z,38.0,,SH
CJ,51,2026-08-17T04:30:00Z,46.0,,SH
CJ,31,2026-08-17T05:00:00Z,29.0,,SH
CJ,30,2026-08-17T05:00:00Z,5.4,,SH
CJ,50,2026-08-17T05:00:00Z,10.9,,SH
CJ,51,2026-08-17T05:00:00Z,35.0,,SH
CJ,30,2026-08-17T05:30:00Z,5.7,,SH
CJ,50,2026-08-17T05:30:00Z,11.2,,SH
CJ,31,2026-08-17T05:30:00Z,26.0,,SH
CJ,51,2026-08-17T05:30:00Z,32.0,,SH
CJ,50,2026-08-17T06:00:00Z,9.0,,SH
CJ,30,2026-08-17T06:00:00Z,4.9,,SH
CJ,51,2026-08-17T06:00:00Z,35.0,,SH
CJ,31,2026-08-17T06:00:00Z,30.0,,SH
CJ,51,2026-08-17T06:30:00Z,33.0,,SH
CJ,30,2026-08-17T06:30:00Z,5.5,,SH
CJ,31,2026-08-17T06:30:00Z,31.0,,SH
CJ,50,2026-08-17T06:30:00Z,11.3,,SH
CJ,31,2026-08-17T07:00:00Z,33.0,,SH
CJ,30,2026-08-17T07:00:00Z,5.5,,SH
CJ,51,2026-08-17T07:00:00Z,43.0,,SH
CJ,50,2026-08-17T07:00:00Z,10.0,,SH
CJ,51,2026-08-17T07:30:00Z,32.0,,SH
CJ,30,2026-08-17T07:30:00Z,5.8,,SH
CJ,31,2026-08-17T07:30:00Z,36.0,,SH
CJ,50,2026-08-17T07:30:00Z,11.6,,SH
CJ,50,2026-08-17T08:00:00Z,9.9,,SH
CJ,30,2026-08-17T08:00:00Z,5.6,,SH
CJ,31,2026-08-17T08:00:00Z,35.0,,SH
CJ,51,2026-08-17T08:00:00Z,43.0,,SH
CJ,51,2026-08-17T08:30:00Z,36.0,,SH
CJ,30,2026-08-17T08:30:00Z,5.2,,SH
CJ,50,2026-08-17T08:30:00Z,9.3,,SH
CJ,31,2026-08-17T08:30:00Z,36.0,,SH
CJ,31,2026-08-17T09:00:00Z,37.0,,SH
CJ,50,2026-08-17T09:00:00Z,9.0,,SH
CJ,51,2026-08-17T09:00:00Z,30.0,,SH
CJ,30,2026-08-17T09:00:00Z,4.4,,SH
CJ,30,2026-08-17T09:30:00Z,4.8,,SH
CJ,31,2026-08-17T09:30:00Z,36.0,,SH
CJ,51,2026-08-17T09:30:00Z,52.0,,SH
CJ,50,2026-08-17T09:30:00Z,8.0,,SH
CJ,51,2026-08-17T10:00:00Z,36.0,,SH
CJ,50,2026-08-17T10:00:00Z,7.4,,SH
CJ,31,2026-08-17T10:00:00Z,34.0,,SH
CJ,30,2026-08-17T10:00:00Z,4.0,,SH
CJ,30,2026-08-17T10:30:00Z,3.9,,SH
CJ,31,2026-08-17T10:30:00Z,29.0,,SH
CJ,50,2026-08-17T10:30:00Z,6.4,,SH
CJ,51,2026-08-17T10:30:00Z,39.0,,SH
CJ,30,2026-08-17T11:00:00Z,2.9,,SH
CJ,51,2026-08-17T11:00:00Z,45.0,,SH
CJ,50,2026-08-17T11:00:00Z,4.7,,SH
CJ,31,2026-08-17T11:00:00Z,32.0,,SH
CJ,30,2026-08-17T11:30:00Z,1.1,,SH
CJ,31,2026-08-17T11:30:00Z,43.0,,SH
CJ,51,2026-08-17T11:30:00Z,40.0,,SH
CJ,50,2026-08-17T11:30:00Z,2.4,,SH
CJ,50,2026-08-17T12:00:00Z,2.0,,SH
CJ,30,2026-08-17T12:00:00Z,1.0,,SH
CJ,51,2026-08-17T12:00:00Z,50.0,,SH
CJ,31,2026-08-17T12:00:00Z,30.0,,SH
CJ,50,2026-08-17T12:30:00Z,5.4,,SH
CJ,30,2026-08-17T12:30:00Z,1.8,,SH
CJ,31,2026-08-17T12:30:00Z,157.0,,SH
CJ,51,2026-08-17T12:30:00Z,189.0,,SH
CJ,31,2026-08-17T13:00:00Z,170.0,,SH
CJ,51,2026-08-17T13:00:00Z,174.0,,SH
CJ,50,2026-08-17T13:00:00Z,3.9,,SH
CJ,30,2026-08-17T13:00:00Z,1.8,,SH
CJ,50,2026-08-17T13:30:00Z,5.3,,SH
CJ,30,2026-08-17T13:30:00Z,1.7,,SH
CJ,31,2026-08-17T13:30:00Z,171.0,,SH
CJ,51,2026-08-17T13:30:00Z,199.0,,SH
CJ,50,2026-08-17T14:00:00Z,5.0,,SH
CJ,30,2026-08-17T14:00:00Z,2.5,,SH
CJ,31,2026-08-17T14:00:00Z,183.0,,SH
CJ,51,2026-08-17T14:00:00Z,181.0,,SH
CJ,30,2026-08-17T14:30:00Z,2.5,,SH
CJ,50,2026-08-17T14:30:00Z,5.2,,SH
CJ,31,2026-08-17T14:30:00Z,185.0,,SH
CJ,51,2026-08-17T14:30:00Z,187.0,,SH
CJ,50,2026-08-17T15:00:00Z,4.3,,SH
CJ,30,2026-08-17T15:00:00Z,1.8,,SH
CJ,31,2026-08-17T15:00:00Z,192.0,,SH
CJ,51,2026-08-17T15:00:00Z,181.0,,SH
CJ,50,2026-08-17T15:30:00Z,4.6,,SH
CJ,30,2026-08-17T15:30:00Z,2.5,,SH
CJ,31,2026-08-17T15:30:00Z,181.0,,SH
CJ,51,2026-08-17T15:30:00Z,159.0,,SH
CJ,51,2026-08-17T16:00:00Z,169.0,,SH
CJ,50,2026-08-17T16:00:00Z,5.2,,SH
CJ,30,2026-08-17T16:00:00Z,2.3,,SH
CJ,31,2026-08-17T16:00:00Z,176.0,,SH
CJ,50,2026-08-17T16:30:00Z,5.5,,SH
CJ,31,2026-08-17T16:30:00Z,162.0,,SH
CJ,30,2026-08-17T16:30:00Z,2.6,,SH
CJ,51,2026-08-17T16:30:00Z,176.0,,SH
CJ,51,2026-08-17T17:00:00Z,228.0,,SH
CJ,30,2026-08-17T17:00:00Z,1.5,,SH
CJ,31,2026-08-17T17:00:00Z,199.0,,SH
CJ,50,2026-08-17T17:00:00Z,3.5,,SH
CJ,50,2026-08-17T17:30:00Z,5.8,,SH
CJ,30,2026-08-17T17:30:00Z,2.2,,SH
CJ,31,2026-08-17T17:30:00Z,218.0,,SH
CJ,51,2026-08-17T17:30:00Z,174.0,,SH
CJ,51,2026-08-17T18:00:00Z,173.0,,SH
CJ,31,2026-08-17T18:00:00Z,170.0,,SH
CJ,30,2026-08-17T18:00:00Z,2.8,,SH
CJ,50,2026-08-17T18:00:00Z,9.5,,SH
CJ,50,2026-08-17T18:30:00Z,4.8,,SH
CJ,30,2026-08-17T18:30:00Z,1.6,,SH
CJ,31,2026-08-17T18:30:00Z,164.0,,SH
CJ,51,2026-08-17T18:30:00Z,196.0,,SH
CJ,50,2026-08-17T19:00:00Z,1.8,,SH
CJ,30,2026-08-17T19:00:00Z,0.9,,SH
CJ,31,2026-08-17T19:00:00Z,179.0,,SH
CJ,51,2026-08-17T19:00:00Z,181.0,,SH
CJ,31,2026-08-17T19:30:00Z,185.0,,SH
CJ,51,2026-08-17T19:30:00Z,177.0,,SH
CJ,50,2026-08-17T19:30:00Z,2.3,,SH
CJ,30,2026-08-17T19:30:00Z,0.9,,SH
CJ,50,2026-08-17T20:00:00Z,1.3,,SH
CJ,30,2026-08-17T20:00:00Z,0.5,,SH
CJ,31,2026-08-17T20:00:00Z,160.0,,SH
CJ,51,2026-08-17T20:00:00Z,207.0,,SH
CJ,30,2026-08-17T20:30:00Z,0.6,,SH
CJ,31,2026-08-17T20:30:00Z,205.0,,SH
CJ,50,2026-08-17T20:30:00Z,1.7,,SH
CJ,51,2026-08-17T20:30:00Z,210.0,,SH
CJ,50,2026-08-17T21:00:00Z,1.0,,SH
CJ,51,2026-08-17T21:00:00Z,306.0,,SH
CJ,30,2026-08-17T21:00:00Z,0.4,,SH
CJ,31,2026-08-17T21:00:00Z,278.0,,SH
CJ,30,2026-08-17T21:30:00Z,0.4,,SH
CJ,31,2026-08-17T21:30:00Z,228.0,,SH
CJ,50,2026-08-17T21:30:00Z,1.1,,SH
CJ,51,2026-08-17T21:30:00Z,267.0,,SH
CJ,50,2026-08-17T22:00:00Z,1.2,,SH
CJ,30,2026-08-17T22:00:00Z,0.4,,SH
CJ,31,2026-08-17T22:00:00Z,287.0,,SH
CJ,51,2026-08-17T22:00:00Z,289.0,,SH
CJ,30,2026-08-17T22:30:00Z,0.3,,SH
CJ,31,2026-08-17T22:30:00Z,284.0,,SH
CJ,50,2026-08-17T22:30:00Z,1.2,,SH
CJ,51,2026-08-17T22:30:00Z,304.0,,SH
CJ,51,2026-08-17T23:00:00Z,293.0,,SH
CJ,31,2026-08-17T23:00:00Z,297.0,,SH
CJ,30,2026-08-17T23:00:00Z,0.8,,SH
CJ,50,2026-08-17T23:00:00Z,1.7,,SH
CJ,30,2026-08-17T23:30:00Z,1.1,,SH
CJ,31,2026-08-17T23:30:00Z,319.0,,SH
CJ,50,2026-08-17T23:30:00Z,1.8,,SH
CJ,51,2026-08-17T23:30:00Z,313.0,,SH
CJ,30,2026-08-18T00:00:00Z,0.3,,SH
CJ,31,2026-08-18T00:00:00Z,276.0,,SH
CJ,50,2026-08-18T00:00:00Z,0.9,,SH
CJ,51,2026-08-18T00:00:00Z,267.0,,SH
CJ,50,2026-08-18T00:30:00Z,2.0,,SH
CJ,51,2026-08-18T00:30:00Z,251.0,,SH
CJ,31,2026-08-18T00:30:00Z,289.0,,SH
CJ,30,2026-08-18T00:30:00Z,0.6,,SH
CJ,30,2026-08-18T01:00:00Z,0.8,,SH
CJ,31,2026-08-18T01:00:00Z,318.0,,SH
CJ,50,2026-08-18T01:00:00Z,2.4,,SH
CJ,51,2026-08-18T01:00:00Z,9.0,,SH
CJ,30,2026-08-18T01:30:00Z,1.7,,SH
CJ,31,2026-08-18T01:30:00Z,312.0,,SH
CJ,50,2026-08-18T01:30:00Z,3.1,,SH
CJ,51,2026-08-18T01:30:00Z,335.0,,SH
CJ,51,2026-08-18T02:00:00Z,358.0,,SH
CJ,50,2026-08-18T02:00:00Z,2.9,,SH
CJ,31,2026-08-18T02:00:00Z,301.0,,SH
CJ,30,2026-08-18T02:00:00Z,1.0,,SH
CJ,30,2026-08-18T02:30:00Z,1.9,,SH
CJ,31,2026-08-18T02:30:00Z,332.0,,SH
CJ,50,2026-08-18T02:30:00Z,4.4,,SH
CJ,51,2026-08-18T02:30:00Z,20.0,,SH
CJ,30,2026-08-18T03:00:00Z,2.5,,SH
CJ,31,2026-08-18T03:00:00Z,356.0,,SH
CJ,50,2026-08-18T03:00:00Z,5.4,,SH
CJ,51,2026-08-18T03:00:00Z,19.0,,SH
CJ,51,2026-08-18T03:30:00Z,24.0,,SH
CJ,50,2026-08-18T03:30:00Z,6.1,,SH
CJ,31,2026-08-18T03:30:00Z,351.0,,SH
CJ,30,2026-08-18T03:30:00Z,2.9,,SH
CJ,30,2026-08-18T04:00:00Z,2.8,,SH
CJ,31,2026-08-18T04:00:00Z,354.0,,SH
CJ,50,2026-08-18T04:00:00Z,6.0,,SH
CJ,51,2026-08-18T04:00:00Z,41.0,,SH
CJ,30,2026-08-18T04:30:00Z,2.9,,SH
CJ,31,2026-08-18T04:30:00Z,357.0,,SH
CJ,50,2026-08-18T04:30:00Z,6.8,,SH
CJ,51,2026-08-18T04:30:00Z,16.0,,SH
CJ,31,2026-08-18T05:00:00Z,2.0,,SH
CJ,50,2026-08-18T05:00:00Z,6.4,,SH
CJ,30,2026-08-18T05:00:00Z,3.6,,SH
CJ,51,2026-08-18T05:00:00Z,25.0,,SH
CJ,51,2026-08-18T05:30:00Z,19.0,,SH
CJ,50,2026-08-18T05:30:00Z,6.9,,SH
CJ,31,2026-08-18T05:30:00Z,9.0,,SH
CJ,30,2026-08-18T05:30:00Z,3.9,,SH
CJ,30,2026-08-18T06:00:00Z,4.1,,SH
CJ,31,2026-08-18T06:00:00Z,14.0,,SH
CJ,50,2026-08-18T06:00:00Z,7.2,,SH
CJ,51,2026-08-18T06:00:00Z,22.0,,SH
CJ,30,2026-08-18T06:30:00Z,4.1,,SH
CJ,31,2026-08-18T06:30:00Z,15.0,,SH
CJ,50,2026-08-18T06:30:00Z,8.6,,SH
CJ,51,2026-08-18T06:30:00Z,29.0,,SH
CJ,50,2026-08-18T07:00:00Z,7.4,,SH
CJ,31,2026-08-18T07:00:00Z,23.0,,SH
CJ,30,2026-08-18T07:00:00Z,4.1,,SH
CJ,51,2026-08-18T07:00:00Z,31.0,,SH
CJ,30,2026-08-18T07:30:00Z,3.0,,SH
CJ,31,2026-08-18T07:30:00Z,24.0,,SH
CJ,50,2026-08-18T07:30:00Z,5.8,,SH
CJ,51,2026-08-18T07:30:00Z,20.0,,SH
CJ,30,2026-08-18T08:00:00Z,2.9,,SH
CJ,51,2026-08-18T08:00:00Z,37.0,,SH
CJ,50,2026-08-18T08:00:00Z,5.6,,SH
CJ,31,2026-08-18T08:00:00Z,24.0,,SH
CJ,50,2026-08-18T08:30:00Z,4.5,,SH
CJ,31,2026-08-18T08:30:00Z,27.0,,SH
CJ,30,2026-08-18T08:30:00Z,2.7,,SH
CJ,51,2026-08-18T08:30:00Z,46.0,,SH
CJ,51,2026-08-18T09:00:00Z,36.0,,SH
CJ,30,2026-08-18T09:00:00Z,1.7,,SH
CJ,31,2026-08-18T09:00:00Z,32.0,,SH
CJ,50,2026-08-18T09:00:00Z,4.0,,SH
CJ,50,2026-08-18T09:30:00Z,2.1,,SH
CJ,30,2026-08-18T09:30:00Z,1.0,,SH
CJ,31,2026-08-18T09:30:00Z,115.0,,SH
CJ,51,2026-08-18T09:30:00Z,118.0,,SH
CJ,31,2026-08-18T10:00:00Z,172.0,,SH
CJ,51,2026-08-18T10:00:00Z,187.0,,SH
CJ,50,2026-08-18T10:00:00Z,2.5,,SH
CJ,30,2026-08-18T10:00:00Z,0.7,,SH
CJ,50,2026-08-18T10:30:00Z,5.4,,SH
CJ,30,2026-08-18T10:30:00Z,2.2,,SH
CJ,31,2026-08-18T10:30:00Z,163.0,,SH
CJ,51,2026-08-18T10:30:00Z,170.0,,SH
CJ,50,2026-08-18T11:00:00Z,5.1,,SH
CJ,30,2026-08-18T11:00:00Z,2.7,,SH
CJ,31,2026-08-18T11:00:00Z,168.0,,SH
CJ,51,2026-08-18T11:00:00Z,178.0,,SH
CJ,51,2026-08-18T11:30:00Z,146.0,,SH
CJ,50,2026-08-18T11:30:00Z,4.8,,SH
CJ,30,2026-08-18T11:30:00Z,2.6,,SH
CJ,31,2026-08-18T11:30:00Z,170.0,,SH
CJ,51,2026-08-18T12:00:00Z,165.0,,SH
CJ,31,2026-08-18T12:00:00Z,173.0,,SH
CJ,30,2026-08-18T12:00:00Z,2.8,,SH
CJ,50,2026-08-18T12:00:00Z,5.5,,SH
CJ,50,2026-08-18T12:30:00Z,6.1,,SH
CJ,30,2026-08-18T12:30:00Z,2.9,,SH
CJ,31,2026-08-18T12:30:00Z,174.0,,SH
CJ,51,2026-08-18T12:30:00Z,180.0,,SH
CJ,51,2026-08-18T13:00:00Z,184.0,,SH
CJ,30,2026-08-18T13:00:00Z,3.6,,SH
CJ,31,2026-08-18T13:00:00Z,186.0,,SH
CJ,50,2026-08-18T13:00:00Z,7.1,,SH
CJ,50,2026-08-18T13:30:00Z,6.4,,SH
CJ,31,2026-08-18T13:30:00Z,186.0,,SH
CJ,30,2026-08-18T13:30:00Z,3.3,,SH
CJ,51,2026-08-18T13:30:00Z,196.0,,SH
CJ,50,2026-08-18T14:00:00Z,8.3,,SH
CJ,30,2026-08-18T14:00:00Z,4.2,,SH
CJ,31,2026-08-18T14:00:00Z,193.0,,SH
CJ,51,2026-08-18T14:00:00Z,195.0,,SH
CJ,50,2026-08-18T14:30:00Z,7.8,,SH
CJ,30,2026-08-18T14:30:00Z,4.1,,SH
CJ,31,2026-08-18T14:30:00Z,186.0,,SH
CJ,51,2026-08-18T14:30:00Z,196.0,,SH
CJ,51,2026-08-18T15:00:00Z,191.0,,SH
CJ,31,2026-08-18T15:00:00Z,183.0,,SH
CJ,50,2026-08-18T15:00:00Z,7.4,,SH
CJ,30,2026-08-18T15:00:00Z,3.7,,SH
CJ,50,2026-08-18T15:30:00Z,7.7,,SH
CJ,30,2026-08-18T15:30:00Z,3.5,,SH
CJ,31,2026-08-18T15:30:00Z,181.0,,SH
CJ,51,2026-08-18T15:30:00Z,187.0,,SH
CJ,50,2026-08-18T16:00:00Z,6.6,,SH
CJ,30,2026-08-18T16:00:00Z,3.7,,SH
CJ,31,2026-08-18T16:00:00Z,189.0,,SH
CJ,51,2026-08-18T16:00:00Z,179.0,,SH
CJ,31,2026-08-18T16:30:00Z,195.0,,SH
CJ,51,2026-08-18T16:30:00Z,191.0,,SH
CJ,30,2026-08-18T16:30:00Z,4.0,,SH
CJ,50,2026-08-18T16:30:00Z,7.1,,SH
CJ,50,2026-08-18T17:00:00Z,6.4,,SH
CJ,30,2026-08-18T17:00:00Z,3.8,,SH
CJ,31,2026-08-18T17:00:00Z,196.0,,SH
CJ,51,2026-08-18T17:00:00Z,202.0,,SH
CJ,50,2026-08-18T17:30:00Z,5.8,,SH
CJ,30,2026-08-18T17:30:00Z,2.7,,SH
CJ,31,2026-08-18T17:30:00Z,191.0,,SH
CJ,51,2026-08-18T17:30:00Z,188.0,,SH
CJ,30,2026-08-18T18:00:00Z,0.5,,SH
CJ,50,2026-08-18T18:00:00Z,1.8,,SH
CJ,31,2026-08-18T18:00:00Z,151.0,,SH
CJ,51,2026-08-18T18:00:00Z,157.0,,SH
CJ,50,2026-08-18T18:30:00Z,1.1,,SH
CJ,31,2026-08-18T18:30:00Z,108.0,,SH
CJ,30,2026-08-18T18:30:00Z,0.3,,SH
CJ,51,2026-08-18T18:30:00Z,133.0,,SH
CJ,50,2026-08-18T19:00:00Z,1.8,,SH
CJ,30,2026-08-18T19:00:00Z,0.7,,SH
CJ,31,2026-08-18T19:00:00Z,39.0,,SH
CJ,51,2026-08-18T19:00:00Z,12.0,,SH
CJ,50,2026-08-18T19:30:00Z,4.1,,SH
CJ,30,2026-08-18T19:30:00Z,2.0,,SH
CJ,31,2026-08-18T19:30:00Z,309.0,,SH
CJ,51,2026-08-18T19:30:00Z,307.0,,SH
CJ,50,2026-08-18T20:00:00Z,3.5,,SH
CJ,30,2026-08-18T20:00:00Z,1.5,,SH
CJ,31,2026-08-18T20:00:00Z,313.0,,SH
CJ,51,2026-08-18T20:00:00Z,313.0,,SH
CJ,51,2026-08-18T20:30:00Z,305.0,,SH
CJ,31,2026-08-18T20:30:00Z,301.0,,SH
CJ,50,2026-08-18T20:30:00Z,2.4,,SH
CJ,30,2026-08-18T20:30:00Z,0.9,,SH
CJ,50,2026-08-18T21:00:00Z,2.0,,SH
CJ,30,2026-08-18T21:00:00Z,0.9,,SH
CJ,31,2026-08-18T21:00:00Z,358.0,,SH
CJ,51,2026-08-18T21:00:00Z,32.0,,SH
CJ,50,2026-08-18T21:30:00Z,2.3,,SH
CJ,30,2026-08-18T21:30:00Z,1.0,,SH
CJ,31,2026-08-18T21:30:00Z,306.0,,SH
CJ,51,2026-08-18T21:30:00Z,308.0,,SH
CJ,51,2026-08-18T22:00:00Z,327.0,,SH
CJ,31,2026-08-18T22:00:00Z,327.0,,SH
CJ,50,2026-08-18T22:00:00Z,2.6,,SH
CJ,30,2026-08-18T22:00:00Z,1.3,,SH
CJ,51,2026-08-18T22:30:00Z,346.0,,SH
CJ,30,2026-08-18T22:30:00Z,0.8,,SH
CJ,31,2026-08-18T22:30:00Z,341.0,,SH
CJ,50,2026-08-18T22:30:00Z,1.9,,SH
CJ,50,2026-08-18T23:00:00Z,2.3,,SH
CJ,51,2026-08-18T23:00:00Z,321.0,,SH
CJ,30,2026-08-18T23:00:00Z,1.3,,SH
CJ,31,2026-08-18T23:00:00Z,320.0,,SH
CJ,31,2026-08-18T23:30:00Z,310.0,,SH
CJ,51,2026-08-18T23:30:00Z,299.0,,SH
CJ,30,2026-08-18T23:30:00Z,0.8,,SH
CJ,50,2026-08-18T23:30:00Z,2.7,,SH
CJ,50,2026-08-19T00:00:00Z,3.8,,SH
CJ,30,2026-08-19T00:00:00Z,1.3,,SH
CJ,31,2026-08-19T00:00:00Z,335.0,,SH
CJ,51,2026-08-19T00:00:00Z,330.0,,SH
CJ,50,2026-08-19T00:30:00Z,6.5,,SH
CJ,30,2026-08-19T00:30:00Z,2.5,,SH
CJ,31,2026-08-19T00:30:00Z,340.0,,SH
CJ,51,2026-08-19T00:30:00Z,22.0,,SH
CJ,51,2026-08-19T01:00:00Z,20.0,,SH
CJ,31,2026-08-19T01:00:00Z,10.0,,SH
CJ,30,2026-08-19T01:00:00Z,3.7,,SH
CJ,50,2026-08-19T01:00:00Z,7.9,,SH
CJ,50,2026-08-19T01:30:00Z,8.0,,SH
CJ,30,2026-08-19T01:30:00Z,3.8,,SH
CJ,31,2026-08-19T01:30:00Z,12.0,,SH
CJ,51,2026-08-19T01:30:00Z,26.0,,SH
CJ,50,2026-08-19T02:00:00Z,7.5,,SH
CJ,30,2026-08-19T02:00:00Z,4.3,,SH
CJ,31,2026-08-19T02:00:00Z,12.0,,SH
CJ,51,2026-08-19T02:00:00Z,18.0,,SH
CJ,51,2026-08-19T02:30:00Z,17.0,,SH
CJ,31,2026-08-19T02:30:00Z,2.0,,SH
CJ,30,2026-08-19T02:30:00Z,4.0,,SH
CJ,50,2026-08-19T02:30:00Z,7.4,,SH
CJ,31,2026-08-19T03:00:00Z,1.0,,SH
CJ,30,2026-08-19T03:00:00Z,3.8,,SH
CJ,51,2026-08-19T03:00:00Z,10.0,,SH
CJ,50,2026-08-19T03:00:00Z,7.7,,SH
CJ,31,2026-08-19T03:30:00Z,8.0,,SH
CJ,30,2026-08-19T03:30:00Z,4.9,,SH
CJ,50,2026-08-19T03:30:00Z,8.5,,SH
CJ,51,2026-08-19T03:30:00Z,26.0,,SH
CJ,30,2026-08-19T04:00:00Z,4.7,,SH
CJ,50,2026-08-19T04:00:00Z,9.6,,SH
CJ,51,2026-08-19T04:00:00Z,19.0,,SH
CJ,31,2026-08-19T04:00:00Z,6.0,,SH
CJ,50,2026-08-19T04:30:00Z,8.6,,SH
CJ,30,2026-08-19T04:30:00Z,4.5,,SH
CJ,31,2026-08-19T04:30:00Z,6.0,,SH
CJ,51,2026-08-19T04:30:00Z,13.0,,SH
CJ,50,2026-08-19T05:00:00Z,7.3,,SH
CJ,30,2026-08-19T05:00:00Z,4.0,,SH
CJ,31,2026-08-19T05:00:00Z,2.0,,SH
CJ,51,2026-08-19T05:00:00Z,25.0,,SH
CJ,50,2026-08-19T05:30:00Z,7.7,,SH
CJ,30,2026-08-19T05:30:00Z,4.2,,SH
CJ,31,2026-08-19T05:30:00Z,10.0,,SH
CJ,51,2026-08-19T05:30:00Z,21.0,,SH
CJ,31,2026-08-19T06:00:00Z,13.0,,SH
CJ,50,2026-08-19T06:00:00Z,9.3,,SH
CJ,30,2026-08-19T06:00:00Z,5.4,,SH
CJ,51,2026-08-19T06:00:00Z,28.0,,SH
CJ,30,2026-08-19T06:30:00Z,5.5,,SH
CJ,31,2026-08-19T06:30:00Z,14.0,,SH
CJ,50,2026-08-19T06:30:00Z,9.9,,SH
CJ,51,2026-08-19T06:30:00Z,31.0,,SH
CJ,50,2026-08-19T07:00:00Z,10.7,,SH
CJ,30,2026-08-19T07:00:00Z,6.3,,SH
CJ,31,2026-08-19T07:00:00Z,21.0,,SH
CJ,51,2026-08-19T07:00:00Z,17.0,,SH
CJ,51,2026-08-19T07:30:00Z,31.0,,SH
CJ,50,2026-08-19T07:30:00Z,10.1,,SH
CJ,31,2026-08-19T07:30:00Z,28.0,,SH
CJ,30,2026-08-19T07:30:00Z,5.9,,SH
CJ,30,2026-08-19T08:00:00Z,5.4,,SH
CJ,31,2026-08-19T08:00:00Z,29.0,,SH
CJ,50,2026-08-19T08:00:00Z,9.8,,SH
CJ,51,2026-08-19T08:00:00Z,36.0,,SH
CJ,30,2026-08-19T08:30:00Z,5.1,,SH
CJ,31,2026-08-19T08:30:00Z,28.0,,SH
CJ,50,2026-08-19T08:30:00Z,9.2,,SH
CJ,51,2026-08-19T08:30:00Z,27.0,,SH
CJ,30,2026-08-19T09:00:00Z,4.9,,SH
CJ,31,2026-08-19T09:00:00Z,29.0,,SH
CJ,50,2026-08-19T09:00:00Z,9.1,,SH
CJ,51,2026-08-19T09:00:00Z,18.0,,SH
CJ,51,2026-08-19T09:30:00Z,32.0,,SH
CJ,50,2026-08-19T09:30:00Z,6.5,,SH
CJ,30,2026-08-19T09:30:00Z,3.5,,SH
CJ,31,2026-08-19T09:30:00Z,31.0,,SH
CJ,30,2026-08-19T10:00:00Z,3.4,,SH
CJ,31,2026-08-19T10:00:00Z,36.0,,SH
CJ,50,2026-08-19T10:00:00Z,6.0,,SH
CJ,51,2026-08-19T10:00:00Z,44.0,,SH
CJ,30,2026-08-19T10:30:00Z,3.5,,SH
CJ,31,2026-08-19T10:30:00Z,31.0,,SH
CJ,50,2026-08-19T10:30:00Z,5.8,,SH
CJ,51,2026-08-19T10:30:00Z,39.0,,SH
CJ,51,2026-08-19T11:00:00Z,29.0,,SH
CJ,50,2026-08-19T11:00:00Z,3.3,,SH
CJ,30,2026-08-19T11:00:00Z,1.5,,SH
CJ,31,2026-08-19T11:00:00Z,50.0,,SH
CJ,30,2026-08-19T11:30:00Z,0.7,,SH
CJ,31,2026-08-19T11:30:00Z,104.0,,SH
CJ,50,2026-08-19T11:30:00Z,1.9,,SH
CJ,51,2026-08-19T11:30:00Z,91.0,,SH
CJ,30,2026-08-19T12:00:00Z,2.6,,SH
CJ,31,2026-08-19T12:00:00Z,163.0,,SH
CJ,50,2026-08-19T12:00:00Z,5.2,,SH
CJ,51,2026-08-19T12:00:00Z,184.0,,SH
CJ,50,2026-08-19T12:30:00Z,5.4,,SH
CJ,51,2026-08-19T12:30:00Z,174.0,,SH
CJ,31,2026-08-19T12:30:00Z,161.0,,SH
CJ,30,2026-08-19T12:30:00Z,2.8,,SH
CJ,50,2026-08-19T13:00:00Z,6.7,,SH
CJ,30,2026-08-19T13:00:00Z,3.1,,SH
CJ,31,2026-08-19T13:00:00Z,182.0,,SH
CJ,51,2026-08-19T13:00:00Z,194.0,,SH
CJ,30,2026-08-19T13:30:00Z,3.4,,SH
CJ,31,2026-08-19T13:30:00Z,184.0,,SH
CJ,50,2026-08-19T13:30:00Z,7.0,,SH
CJ,51,2026-08-19T13:30:00Z,201.0,,SH
CJ,51,2026-08-19T14:00:00Z,195.0,,SH
CJ,50,2026-08-19T14:00:00Z,6.8,,SH
CJ,31,2026-08-19T14:00:00Z,187.0,,SH
CJ,30,2026-08-19T14:00:00Z,3.9,,SH
CJ,30,2026-08-19T14:30:00Z,3.2,,SH
CJ,31,2026-08-19T14:30:00Z,184.0,,SH
CJ,50,2026-08-19T14:30:00Z,7.0,,SH
CJ,51,2026-08-19T14:30:00Z,184.0,,SH
CJ,30,2026-08-19T15:00:00Z,3.3,,SH
CJ,31,2026-08-19T15:00:00Z,179.0,,SH
CJ,50,2026-08-19T15:00:00Z,6.8,,SH
CJ,51,2026-08-19T15:00:00Z,184.0,,SH
CJ,51,2026-08-19T15:30:00Z,178.0,,SH
CJ,50,2026-08-19T15:30:00Z,5.1,,SH
CJ,31,2026-08-19T15:30:00Z,190.0,,SH
CJ,30,2026-08-19T15:30:00Z,2.6,,SH
CJ,30,2026-08-19T16:00:00Z,1.7,,SH
CJ,31,2026-08-19T16:00:00Z,192.0,,SH
CJ,50,2026-08-19T16:00:00Z,4.5,,SH
CJ,51,2026-08-19T16:00:00Z,187.0,,SH
CJ,30,2026-08-19T16:30:00Z,2.2,,SH
CJ,31,2026-08-19T16:30:00Z,192.0,,SH
CJ,50,2026-08-19T16:30:00Z,6.1,,SH
CJ,51,2026-08-19T16:30:00Z,170.0,,SH
CJ,50,2026-08-19T17:00:00Z,4.4,,SH
CJ,51,2026-08-19T17:00:00Z,203.0,,SH
CJ,30,2026-08-19T17:00:00Z,2.1,,SH
CJ,31,2026-08-19T17:00:00Z,202.0,,SH
CJ,30,2026-08-19T17:30:00Z,1.8,,SH
CJ,31,2026-08-19T17:30:00Z,218.0,,SH
CJ,50,2026-08-19T17:30:00Z,4.9,,SH
CJ,51,2026-08-19T17:30:00Z,210.0,,SH
CJ,30,2026-08-19T18:00:00Z,2.0,,SH
CJ,31,2026-08-19T18:00:00Z,210.0,,SH
CJ,50,2026-08-19T18:00:00Z,4.1,,SH
CJ,51,2026-08-19T18:00:00Z,220.0,,SH
CJ,50,2026-08-19T18:30:00Z,2.8,,SH
CJ,51,2026-08-19T18:30:00Z,177.0,,SH
CJ,30,2026-08-19T18:30:00Z,0.9,,SH
CJ,31,2026-08-19T18:30:00Z,179.0,,SH
CJ,30,2026-08-19T19:00:00Z,1.5,,SH
CJ,31,2026-08-19T19:00:00Z,184.0,,SH
CJ,50,2026-08-19T19:00:00Z,3.1,,SH
CJ,51,2026-08-19T19:00:00Z,194.0,,SH
CJ,30,2026-08-19T19:30:00Z,0.4,,SH
CJ,31,2026-08-19T19:30:00Z,155.0,,SH
CJ,50,2026-08-19T19:30:00Z,1.1,,SH
CJ,51,2026-08-19T19:30:00Z,178.0,,SH
CJ,51,2026-08-19T20:00:00Z,6.0,,SH
CJ,30,2026-08-19T20:00:00Z,0.4,,SH
CJ,31,2026-08-19T20:00:00Z,9.0,,SH
CJ,50,2026-08-19T20:00:00Z,1.3,,SH
CJ,51,2026-08-19T20:30:00Z,32.0,,SH
CJ,50,2026-08-19T20:30:00Z,1.9,,SH
CJ,31,2026-08-19T20:30:00Z,349.0,,SH
CJ,30,2026-08-19T20:30:00Z,0.9,,SH
CJ,30,2026-08-19T21:00:00Z,1.4,,SH
CJ,31,2026-08-19T21:00:00Z,16.0,,SH
CJ,50,2026-08-19T21:00:00Z,2.6,,SH
CJ,51,2026-08-19T21:00:00Z,18.0,,SH
CJ,30,2026-08-19T21:30:00Z,1.8,,SH
CJ,31,2026-08-19T21:30:00Z,6.0,,SH
CJ,50,2026-08-19T21:30:00Z,3.6,,SH
CJ,51,2026-08-19T21:30:00Z,15.0,,SH
CJ,50,2026-08-19T22:00:00Z,5.1,,SH
CJ,51,2026-08-19T22:00:00Z,21.0,,SH
CJ,31,2026-08-19T22:00:00Z,16.0,,SH
CJ,30,2026-08-19T22:00:00Z,2.8,,SH
CJ,30,2026-08-19T22:30:00Z,3.3,,SH
CJ,31,2026-08-19T22:30:00Z,13.0,,SH
CJ,50,2026-08-19T22:30:00Z,5.8,,SH
CJ,51,2026-08-19T22:30:00Z,31.0,,SH
CJ,50,2026-08-19T23:00:00Z,5.3,,SH
CJ,30,2026-08-19T23:00:00Z,2.2,,SH
CJ,31,2026-08-19T23:00:00Z,20.0,,SH
CJ,51,2026-08-19T23:00:00Z,28.0,,SH
CJ,50,2026-08-19T23:30:00Z,5.1,,SH
CJ,51,2026-08-19T23:30:00Z,16.0,,SH
CJ,30,2026-08-19T23:30:00Z,2.9,,SH
CJ,31,2026-08-19T23:30:00Z,2.0,,SH
CJ,51,2026-08-20T00:00:00Z,18.0,,SH
CJ,30,2026-08-20T00:00:00Z,1.5,,SH
CJ,31,2026-08-20T00:00:00Z,11.0,,SH
CJ,50,2026-08-20T00:00:00Z,5.5,,SH
CJ,51,2026-08-20T00:30:00Z,340.0,,SH
CJ,30,2026-08-20T00:30:00Z,1.7,,SH
CJ,31,2026-08-20T00:30:00Z,345.0,,SH
CJ,50,2026-08-20T00:30:00Z,4.4,,SH
CJ,31,2026-08-20T01:00:00Z,348.0,,SH
CJ,51,2026-08-20T01:00:00Z,20.0,,SH
CJ,50,2026-08-20T01:00:00Z,4.7,,SH
CJ,30,2026-08-20T01:00:00Z,2.0,,SH
CJ,51,2026-08-20T01:30:00Z,322.0,,SH
CJ,30,2026-08-20T01:30:00Z,1.7,,SH
CJ,31,2026-08-20T01:30:00Z,334.0,,SH
CJ,50,2026-08-20T01:30:00Z,4.0,,SH
CJ,30,2026-08-20T02:00:00Z,1.5,,SH
CJ,31,2026-08-20T02:00:00Z,336.0,,SH
CJ,50,2026-08-20T02:00:00Z,3.7,,SH
CJ,51,2026-08-20T02:00:00Z,360.0,,SH
CJ,30,2026-08-20T02:30:00Z,1.3,,SH
CJ,31,2026-08-20T02:30:00Z,310.0,,SH
CJ,50,2026-08-20T02:30:00Z,3.2,,SH
CJ,51,2026-08-20T02:30:00Z,306.0,,SH
CJ,51,2026-08-20T03:00:00Z,331.0,,SH
CJ,30,2026-08-20T03:00:00Z,1.0,,SH
CJ,50,2026-08-20T03:00:00Z,3.1,,SH
CJ,31,2026-08-20T03:00:00Z,335.0,,SH
CJ,30,2026-08-20T03:30:00Z,0.9,,SH
CJ,31,2026-08-20T03:30:00Z,335.0,,SH
CJ,50,2026-08-20T03:30:00Z,2.8,,SH
CJ,51,2026-08-20T03:30:00Z,334.0,,SH
CJ,30,2026-08-20T04:00:00Z,0.8,,SH
CJ,31,2026-08-20T04:00:00Z,331.0,,SH
CJ,50,2026-08-20T04:00:00Z,1.6,,SH
CJ,51,2026-08-20T04:00:00Z,323.0,,SH
CJ,50,2026-08-20T04:30:00Z,1.9,,SH
CJ,51,2026-08-20T04:30:00Z,353.0,,SH
CJ,31,2026-08-20T04:30:00Z,339.0,,SH
CJ,30,2026-08-20T04:30:00Z,0.8,,SH
CJ,30,2026-08-20T05:00:00Z,0.6,,SH
CJ,31,2026-08-20T05:00:00Z,323.0,,SH
CJ,50,2026-08-20T05:00:00Z,2.5,,SH
CJ,51,2026-08-20T05:00:00Z,19.0,,SH
CJ,30,2026-08-20T05:30:00Z,0.8,,SH
CJ,31,2026-08-20T05:30:00Z,337.0,,SH
CJ,50,2026-08-20T05:30:00Z,1.6,,SH
CJ,51,2026-08-20T05:30:00Z,336.0,,SH
CJ,51,2026-08-20T06:00:00Z,25.0,,SH
CJ,50,2026-08-20T06:00:00Z,2.1,,SH
CJ,31,2026-08-20T06:00:00Z,359.0,,SH
CJ,30,2026-08-20T06:00:00Z,1.0,,SH
CJ,30,2026-08-20T06:30:00Z,1.1,,SH
CJ,31,2026-08-20T06:30:00Z,12.0,,SH
CJ,50,2026-08-20T06:30:00Z,2.6,,SH
CJ,51,2026-08-20T06:30:00Z,26.0,,SH
CJ,30,2026-08-20T07:00:00Z,2.9,,SH
CJ,31,2026-08-20T07:00:00Z,7.0,,SH
CJ,50,2026-08-20T07:00:00Z,6.1,,SH
CJ,51,2026-08-20T07:00:00Z,2.0,,SH
CJ,50,2026-08-20T07:30:00Z,6.1,,SH
CJ,30,2026-08-20T07:30:00Z,3.9,,SH
CJ,51,2026-08-20T07:30:00Z,15.0,,SH
CJ,31,2026-08-20T07:30:00Z,15.0,,SH
CJ,30,2026-08-20T08:00:00Z,4.4,,SH
CJ,31,2026-08-20T08:00:00Z,17.0,,SH
CJ,50,2026-08-20T08:00:00Z,7.2,,SH
CJ,51,2026-08-20T08:00:00Z,16.0,,SH
CJ,30,2026-08-20T08:30:00Z,3.3,,SH
CJ,31,2026-08-20T08:30:00Z,25.0,,SH
CJ,50,2026-08-20T08:30:00Z,6.6,,SH
CJ,51,2026-08-20T08:30:00Z,26.0,,SH
CJ,31,2026-08-20T09:00:00Z,46.0,,SH
CJ,50,2026-08-20T09:00:00Z,2.1,,SH
CJ,30,2026-08-20T09:00:00Z,1.2,,SH
CJ,51,2026-08-20T09:00:00Z,15.0,,SH
CJ,51,2026-08-20T09:30:00Z,17.0,,SH
CJ,50,2026-08-20T09:30:00Z,2.5,,SH
CJ,31,2026-08-20T09:30:00Z,16.0,,SH
CJ,30,2026-08-20T09:30:00Z,1.1,,SH
CJ,30,2026-08-20T10:00:00Z,1.5,,SH
CJ,31,2026-08-20T10:00:00Z,141.0,,SH
CJ,50,2026-08-20T10:00:00Z,4.5,,SH
CJ,51,2026-08-20T10:00:00Z,193.0,,SH
CJ,30,2026-08-20T10:30:00Z,3.1,,SH
CJ,31,2026-08-20T10:30:00Z,195.0,,SH
CJ,50,2026-08-20T10:30:00Z,5.4,,SH
CJ,51,2026-08-20T10:30:00Z,188.0,,SH
CJ,51,2026-08-20T11:00:00Z,184.0,,SH
CJ,50,2026-08-20T11:00:00Z,7.3,,SH
CJ,31,2026-08-20T11:00:00Z,193.0,,SH
CJ,30,2026-08-20T11:00:00Z,3.7,,SH
CJ,30,2026-08-20T11:30:00Z,3.9,,SH
CJ,31,2026-08-20T11:30:00Z,177.0,,SH
CJ,50,2026-08-20T11:30:00Z,8.0,,SH
CJ,51,2026-08-20T11:30:00Z,201.0,,SH
CJ,30,2026-08-20T12:00:00Z,3.7,,SH
CJ,31,2026-08-20T12:00:00Z,176.0,,SH
CJ,50,2026-08-20T12:00:00Z,7.5,,SH
CJ,51,2026-08-20T12:00:00Z,196.0,,SH
CJ,50,2026-08-20T12:30:00Z,8.3,,SH
CJ,51,2026-08-20T12:30:00Z,166.0,,SH
CJ,30,2026-08-20T12:30:00Z,4.3,,SH
CJ,31,2026-08-20T12:30:00Z,173.0,,SH
CJ,30,2026-08-20T13:00:00Z,3.9,,SH
CJ,31,2026-08-20T13:00:00Z,171.0,,SH
CJ,50,2026-08-20T13:00:00Z,11.0,,SH
CJ,51,2026-08-20T13:00:00Z,160.0,,SH
CJ,30,2026-08-20T13:30:00Z,5.0,,SH
CJ,31,2026-08-20T13:30:00Z,175.0,,SH
CJ,50,2026-08-20T13:30:00Z,11.7,,SH
CJ,51,2026-08-20T13:30:00Z,155.0,,SH
CJ,50,2026-08-20T14:00:00Z,10.1,,SH
CJ,51,2026-08-20T14:00:00Z,205.0,,SH
CJ,30,2026-08-20T14:00:00Z,5.1,,SH
CJ,31,2026-08-20T14:00:00Z,175.0,,SH
CJ,30,2026-08-20T14:30:00Z,4.6,,SH
CJ,31,2026-08-20T14:30:00Z,177.0,,SH
CJ,50,2026-08-20T14:30:00Z,11.4,,SH
CJ,51,2026-08-20T14:30:00Z,191.0,,SH
CJ,30,2026-08-20T15:00:00Z,4.6,,SH
CJ,31,2026-08-20T15:00:00Z,177.0,,SH
CJ,50,2026-08-20T15:00:00Z,8.9,,SH
CJ,51,2026-08-20T15:00:00Z,173.0,,SH
CJ,51,2026-08-20T15:30:00Z,129.0,,SH
CJ,30,2026-08-20T15:30:00Z,3.6,,SH
CJ,31,2026-08-20T15:30:00Z,177.0,,SH
CJ,50,2026-08-20T15:30:00Z,7.9,,SH
CJ,50,2026-08-20T16:00:00Z,7.8,,SH
CJ,31,2026-08-20T16:00:00Z,181.0,,SH
CJ,30,2026-08-20T16:00:00Z,3.7,,SH
CJ,51,2026-08-20T16:00:00Z,188.0,,SH
CJ,31,2026-08-20T16:30:00Z,199.0,,SH
CJ,51,2026-08-20T16:30:00Z,210.0,,SH
CJ,50,2026-08-20T16:30:00Z,7.2,,SH
CJ,30,2026-08-20T16:30:00Z,3.2,,SH
CJ,51,2026-08-20T17:00:00Z,144.0,,SH
CJ,31,2026-08-20T17:00:00Z,166.0,,SH
CJ,50,2026-08-20T17:00:00Z,10.7,,SH
CJ,30,2026-08-20T17:00:00Z,3.4,,SH
CJ,50,2026-08-20T17:30:00Z,11.5,,SH
CJ,31,2026-08-20T17:30:00Z,175.0,,SH
CJ,30,2026-08-20T17:30:00Z,4.3,,SH
CJ,51,2026-08-20T17:30:00Z,196.0,,SH
CJ,51,2026-08-20T18:00:00Z,172.0,,SH
CJ,30,2026-08-20T18:00:00Z,4.6,,SH
CJ,31,2026-08-20T18:00:00Z,133.0,,SH
CJ,50,2026-08-20T18:00:00Z,11.6,,SH
CJ,50,2026-08-20T18:30:00Z,5.8,,SH
CJ,30,2026-08-20T18:30:00Z,2.8,,SH
CJ,31,2026-08-20T18:30:00Z,7.0,,SH
CJ,51,2026-08-20T18:30:00Z,3.0,,SH
CJ,30,2026-08-20T19:00:00Z,2.0,,SH
CJ,31,2026-08-20T19:00:00Z,6.0,,SH
CJ,51,2026-08-20T19:00:00Z,18.0,,SH
CJ,50,2026-08-20T19:00:00Z,5.2,,SH
CJ,30,2026-08-20T19:30:00Z,2.6,,SH
CJ,31,2026-08-20T19:30:00Z,15.0,,SH
CJ,50,2026-08-20T19:30:00Z,5.8,,SH
CJ,51,2026-08-20T19:30:00Z,35.0,,SH
CJ,30,2026-08-20T20:00:00Z,2.4,,SH
CJ,31,2026-08-20T20:00:00Z,10.0,,SH
CJ,50,2026-08-20T20:00:00Z,7.6,,SH
CJ,51,2026-08-20T20:00:00Z,35.0,,SH
CJ,31,2026-08-20T20:30:00Z,15.0,,SH
CJ,30,2026-08-20T20:30:00Z,2.9,,SH
CJ,50,2026-08-20T20:30:00Z,7.1,,SH
CJ,51,2026-08-20T20:30:00Z,33.0,,SH
CJ,51,2026-08-20T21:00:00Z,16.0,,SH
CJ,30,2026-08-20T21:00:00Z,3.2,,SH
CJ,31,2026-08-20T21:00:00Z,17.0,,SH
CJ,50,2026-08-20T21:00:00Z,6.5,,SH
CJ,51,2026-08-20T21:30:00Z,37.0,,SH
CJ,50,2026-08-20T21:30:00Z,7.5,,SH
CJ,31,2026-08-20T21:30:00Z,18.0,,SH
CJ,30,2026-08-20T21:30:00Z,3.2,,SH
CJ,51,2026-08-20T22:00:00Z,17.0,,SH
CJ,50,2026-08-20T22:00:00Z,4.6,,SH
CJ,30,2026-08-20T22:00:00Z,2.5,,SH
CJ,31,2026-08-20T22:00:00Z,18.0,,SH
CJ,30,2026-08-20T22:30:00Z,2.4,,SH
CJ,31,2026-08-20T22:30:00Z,342.0,,SH
CJ,50,2026-08-20T22:30:00Z,7.0,,SH
CJ,51,2026-08-20T22:30:00Z,330.0,,SH
CJ,30,2026-08-20T23:00:00Z,1.8,,SH
CJ,51,2026-08-20T23:00:00Z,290.0,,SH
CJ,50,2026-08-20T23:00:00Z,8.0,,SH
CJ,31,2026-08-20T23:00:00Z,355.0,,SH
CJ,51,2026-08-20T23:30:00Z,27.0,,SH
CJ,50,2026-08-20T23:30:00Z,5.5,,SH
CJ,31,2026-08-20T23:30:00Z,37.0,,SH
CJ,30,2026-08-20T23:30:00Z,2.6,,SH
CJ,51,2026-08-21T00:00:00Z,26.0,,SH
CJ,50,2026-08-21T00:00:00Z,9.3,,SH
CJ,31,2026-08-21T00:00:00Z,38.0,,SH
CJ,30,2026-08-21T00:00:00Z,5.6,,SH
CJ,30,2026-08-21T00:30:00Z,5.9,,SH
CJ,31,2026-08-21T00:30:00Z,37.0,,SH
CJ,51,2026-08-21T00:30:00Z,33.0,,SH
CJ,50,2026-08-21T00:30:00Z,9.2,,SH
CJ,51,2026-08-21T01:00:00Z,41.0,,SH
CJ,50,2026-08-21T01:00:00Z,10.1,,SH
CJ,31,2026-08-21T01:00:00Z,13.0,,SH
CJ,30,2026-08-21T01:00:00Z,3.7,,SH
CJ,51,2026-08-21T01:30:00Z,22.0,,SH
CJ,50,2026-08-21T01:30:00Z,7.2,,SH
CJ,31,2026-08-21T01:30:00Z,28.0,,SH
CJ,30,2026-08-21T01:30:00Z,4.3,,SH
CJ,31,2026-08-21T02:00:00Z,334.0,,SH
CJ,50,2026-08-21T02:00:00Z,5.4,,SH
CJ,30,2026-08-21T02:00:00Z,2.6,,SH
CJ,51,2026-08-21T02:00:00Z,8.0,,SH
CJ,30,2026-08-21T02:30:00Z,2.3,,SH
CJ,51,2026-08-21T02:30:00Z,24.0,,SH
CJ,31,2026-08-21T02:30:00Z,1.0,,SH
CJ,50,2026-08-21T02:30:00Z,4.7,,SH
CJ,30,2026-08-21T03:00:00Z,2.2,,SH
CJ,51,2026-08-21T03:00:00Z,12.0,,SH
CJ,50,2026-08-21T03:00:00Z,4.6,,SH
CJ,31,2026-08-21T03:00:00Z,328.0,,SH
CJ,50,2026-08-21T03:30:00Z,5.3,,SH
CJ,51,2026-08-21T03:30:00Z,30.0,,SH
CJ,31,2026-08-21T03:30:00Z,357.0,,SH
CJ,30,2026-08-21T03:30:00Z,2.6,,SH
CJ,30,2026-08-21T04:00:00Z,2.0,,SH
CJ,31,2026-08-21T04:00:00Z,330.0,,SH
CJ,50,2026-08-21T04:00:00Z,3.4,,SH
CJ,51,2026-08-21T04:00:00Z,330.0,,SH
CJ,51,2026-08-21T04:30:00Z,306.0,,SH
CJ,50,2026-08-21T04:30:00Z,2.9,,SH
CJ,31,2026-08-21T04:30:00Z,308.0,,SH
CJ,30,2026-08-21T04:30:00Z,1.6,,SH
CJ,50,2026-08-21T05:00:00Z,3.5,,SH
CJ,30,2026-08-21T05:00:00Z,1.7,,SH
CJ,31,2026-08-21T05:00:00Z,334.0,,SH
CJ,51,2026-08-21T05:00:00Z,312.0,,SH
CJ,51,2026-08-21T05:30:00Z,29.0,,SH
CJ,30,2026-08-21T05:30:00Z,2.1,,SH
CJ,31,2026-08-21T05:30:00Z,343.0,,SH
CJ,50,2026-08-21T05:30:00Z,6.1,,SH
CJ,51,2026-08-21T06:00:00Z,10.0,,SH
CJ,30,2026-08-21T06:00:00Z,2.8,,SH
CJ,31,2026-08-21T06:00:00Z,22.0,,SH
CJ,50,2026-08-21T06:00:00Z,5.6,,SH
CJ,51,2026-08-21T06:30:00Z,23.0,,SH
CJ,31,2026-08-21T06:30:00Z,19.0,,SH
CJ,30,2026-08-21T06:30:00Z,3.0,,SH
CJ,50,2026-08-21T06:30:00Z,5.9,,SH
CJ,50,2026-08-21T07:00:00Z,7.3,,SH
CJ,30,2026-08-21T07:00:00Z,3.5,,SH
CJ,51,2026-08-21T07:00:00Z,22.0,,SH
CJ,31,2026-08-21T07:00:00Z,32.0,,SH
CJ,30,2026-08-21T07:30:00Z,4.5,,SH
CJ,31,2026-08-21T07:30:00Z,33.0,,SH
CJ,50,2026-08-21T07:30:00Z,7.8,,SH
CJ,51,2026-08-21T07:30:00Z,33.0,,SH
CJ,50,2026-08-21T08:00:00Z,6.9,,SH
CJ,51,2026-08-21T08:00:00Z,53.0,,SH
CJ,30,2026-08-21T08:00:00Z,4.0,,SH
CJ,31,2026-08-21T08:00:00Z,35.0,,SH
CJ,51,2026-08-21T08:30:00Z,29.0,,SH
CJ,50,2026-08-21T08:30:00Z,6.8,,SH
CJ,31,2026-08-21T08:30:00Z,37.0,,SH
CJ,30,2026-08-21T08:30:00Z,3.5,,SH
CJ,31,2026-08-21T09:00:00Z,35.0,,SH
CJ,51,2026-08-21T09:00:00Z,31.0,,SH
CJ,30,2026-08-21T09:00:00Z,2.8,,SH
CJ,50,2026-08-21T09:00:00Z,4.8,,SH
CJ,51,2026-08-21T09:30:00Z,145.0,,SH
CJ,30,2026-08-21T09:30:00Z,1.5,,SH
CJ,50,2026-08-21T09:30:00Z,4.2,,SH
CJ,31,2026-08-21T09:30:00Z,142.0,,SH
CJ,31,2026-08-21T10:00:00Z,171.0,,SH
CJ,51,2026-08-21T10:00:00Z,168.0,,SH
CJ,30,2026-08-21T10:00:00Z,2.9,,SH
CJ,50,2026-08-21T10:00:00Z,5.7,,SH
CJ,50,2026-08-21T10:30:00Z,7.2,,SH
CJ,30,2026-08-21T10:30:00Z,4.4,,SH
CJ,31,2026-08-21T10:30:00Z,184.0,,SH
CJ,51,2026-08-21T10:30:00Z,188.0,,SH
CJ,51,2026-08-21T11:00:00Z,187.0,,SH
CJ,31,2026-08-21T11:00:00Z,188.0,,SH
CJ,30,2026-08-21T11:00:00Z,4.1,,SH
CJ,50,2026-08-21T11:00:00Z,7.5,,SH
CJ,30,2026-08-21T11:30:00Z,4.6,,SH
CJ,51,2026-08-21T11:30:00Z,197.0,,SH
CJ,31,2026-08-21T11:30:00Z,188.0,,SH
CJ,50,2026-08-21T11:30:00Z,8.0,,SH
