{
"type": "FeatureCollection",
"name": "pressio_humana_osm_camins",
"crs": { "type": "name", "properties": { "name": "urn:ogc:def:crs:EPSG::25831" } },
"features": [
{ "type": "Feature", "properties": { "highway": "path", "surface": "", "access": "", "bicycle": "", "foot": "", "length_km": 0.23259286669596349 }, "geometry": { "type": "MultiLineString", "coordinates": [ [ [ 367014.970036823768169, 4667824.415415694005787 ], [ 367033.405405172379687, 4667834.518527080304921 ], [ 367051.896156476985198, 4667845.099760905839503 ], [ 367070.280543169472367, 4667832.501552981324494 ], [ 367078.504095372976735, 4667823.704861448146403 ], [ 367101.368694309028797, 4667822.962928958237171 ], [ 367142.642033354029991, 4667824.506733891554177 ], [ 367166.341010726988316, 4667793.903278408572078 ], [ 367179.849258892703801, 4667787.017642266117036 ], [ 367196.479741624090821, 4667804.598725012503564 ], [ 367210.122423120890744, 4667805.730271881446242 ] ] ] } },
{ "type": "Feature", "properties": { "highway": "track", "surface": "", "access": "", "bicycle": "", "foot": "", "length_km": 0.8056978006137856 }, "geometry": { "type": "MultiLineString", "coordinates": [ [ [ 367228.350523641624022, 4667893.24784579500556 ], [ 367245.926444359822199, 4667901.358701542019844 ], [ 367263.610668444307521, 4667916.543074049986899 ], [ 367299.102131363353692, 4667939.845224312506616 ], [ 367323.892537760606501, 4667950.986162626184523 ], [ 367341.427189048903529, 4667955.599144047126174 ], [ 367380.696548276697285, 4667978.963909382000566 ], [ 367426.546591811580583, 4668015.178778415545821 ], [ 367446.60322633292526, 4668036.572531430050731 ], [ 367451.79204232711345, 4668055.39114839117974 ], [ 367461.06378768250579, 4668104.112294092774391 ], [ 367456.192115306388587, 4668138.659473596140742 ], [ 367452.864062338252552, 4668164.747015316039324 ], [ 367452.139862164156511, 4668184.698677779175341 ], [ 367437.379628562950529, 4668226.074082665145397 ], [ 367410.060728344949894, 4668283.469502006657422 ], [ 367407.442972455814015, 4668295.892541363835335 ], [ 367406.503117174492218, 4668317.992032067850232 ], [ 367425.462225186929572, 4668328.965241505764425 ], [ 367442.560964046395384, 4668329.787848501466215 ], [ 367460.875215474516153, 4668328.443891290575266 ], [ 367478.418161043664441, 4668327.836468915455043 ], [ 367488.029711690964177, 4668332.654227757826447 ], [ 367499.464451022213325, 4668340.814432995393872 ], [ 367519.506353551289067, 4668350.045869576744735 ], [ 367534.340025053999852, 4668353.043903648853302 ], [ 367550.637367220246233, 4668354.326127045787871 ], [ 367563.926489980425686, 4668360.896542839705944 ], [ 367566.541377347952221, 4668374.709644523449242 ], [ 367581.721797653939575, 4668391.77452069055289 ], [ 367580.287096173095051, 4668419.23709958139807 ], [ 367574.635821772855707, 4668429.451102497987449 ], [ 367572.797234732366633, 4668434.159661947749555 ] ] ] } },
{ "type": "Feature", "properties": { "highway": "tertiary", "surface": "", "access": "", "bicycle": "", "foot": "", "length_km": 0.0062496517238633618 }, "geometry": { "type": "MultiLineString", "coordinates": [ [ [ 367814.484110942226835, 4668774.18240684363991 ], [ 367814.689300911384635, 4668767.936124449595809 ] ] ] } },
{ "type": "Feature", "properties": { "highway": "tertiary", "surface": "", "access": "", "bicycle": "", "foot": "", "length_km": 0.90201539519448648 }, "geometry": { "type": "MultiLineString", "coordinates": [ [ [ 367814.689300911384635, 4668767.936124449595809 ], [ 367814.928379446675535, 4668760.411840146407485 ], [ 367811.739380951679777, 4668748.564354298636317 ], [ 367809.733584678731859, 4668742.081839335151017 ], [ 367803.691626076120883, 4668729.699150837026536 ], [ 367793.579688454279676, 4668720.191885802894831 ], [ 367769.1725529821706, 4668697.13495787512511 ], [ 367758.537484748638235, 4668688.381756320595741 ], [ 367744.841563905996736, 4668678.586340921930969 ], [ 367733.088794258539565, 4668673.25304944999516 ], [ 367725.315741680562496, 4668670.366521592251956 ], [ 367712.566585517139174, 4668667.428970695473254 ], [ 367689.035078741319012, 4668667.71503456775099 ], [ 367675.331026953645051, 4668669.382885697297752 ], [ 367665.827659702976234, 4668669.416859440505505 ], [ 367656.933622388693038, 4668667.101280075497925 ] ], [ [ 367409.978022116818465, 4668428.353001565672457 ], [ 367394.519820930669084, 4668426.571592562831938 ], [ 367369.426846239133738, 4668422.978195156902075 ], [ 367344.111934267508332, 4668419.011404426768422 ], [ 367312.600501457811333, 4668413.395207945257425 ], [ 367284.316827333765104, 4668409.340099056251347 ], [ 367267.018641981703695, 4668405.378196244128048 ], [ 367252.227731613675132, 4668400.7026760391891 ], [ 367239.632565083913505, 4668394.130878854542971 ], [ 367230.308521300787106, 4668387.030989157035947 ], [ 367197.450229466834571, 4668354.238222942687571 ], [ 367157.654694851720706, 4668318.666109478101134 ], [ 367142.672720248810947, 4668303.864303573966026 ], [ 367133.459389755909797, 4668291.686287573538721 ], [ 367097.143840634147637, 4668243.897233175113797 ], [ 367093.321625453419983, 4668237.993401338346303 ], [ 367080.284739039023407, 4668227.742483282461762 ], [ 367071.286228151293471, 4668223.024781853891909 ], [ 367058.589293580153026, 4668207.135952518321574 ], [ 367041.714302429929376, 4668177.874648800119758 ], [ 367031.301178225316107, 4668165.64162437710911 ], [ 367020.370003063057084, 4668152.674176063388586 ], [ 367000.534487189142965, 4668136.486872986890376 ], [ 366985.837866780697368, 4668125.327752022072673 ] ], [ [ 366939.388250585063361, 4668090.063395909033716 ], [ 366921.45805782667594, 4668076.664937551133335 ], [ 366899.608313868404366, 4668060.193794501945376 ], [ 366851.327380353352055, 4668020.129381017759442 ], [ 366835.05257665400859, 4668011.339581659063697 ], [ 366821.141099523752928, 4668006.099834574386477 ] ] ] } },
{ "type": "Feature", "properties": { "highway": "track", "surface": "", "access": "", "bicycle": "", "foot": "", "length_km": 0.78168188307113884 }, "geometry": { "type": "MultiLineString", "coordinates": [ [ [ 366078.767059972626157, 4668455.189212369732559 ], [ 366089.059582009445876, 4668454.809891129843891 ], [ 366096.507494902354665, 4668458.800485294312239 ], [ 366099.213806196930818, 4668467.701849752105772 ], [ 366096.620137663325295, 4668476.481714032590389 ], [ 366094.922188898315653, 4668484.555894513614476 ], [ 366102.888631143490784, 4668503.232058533467352 ], [ 366112.370948204363231, 4668505.118011350743473 ], [ 366123.560086965560913, 4668499.396155949681997 ], [ 366134.766530174063519, 4668494.584817134775221 ], [ 366151.042043544352055, 4668489.921633262187243 ], [ 366163.942382080713287, 4668489.443488260731101 ], [ 366174.371714472072199, 4668492.455635102465749 ], [ 366177.466597728431225, 4668497.45086903590709 ], [ 366175.362012260535266, 4668508.054178765974939 ], [ 366173.746220532921143, 4668520.025559173896909 ], [ 366172.218068789225072, 4668537.049252881668508 ], [ 366173.518644682539161, 4668544.611084536649287 ], [ 366176.168138825101778, 4668550.525597737170756 ], [ 366188.863382302690297, 4668551.439841294661164 ], [ 366197.870270540937781, 4668540.472283707000315 ], [ 366204.955477828742005, 4668537.116613757796586 ], [ 366212.381534433632623, 4668539.963652492500842 ], [ 366218.924516432685778, 4668556.378771268762648 ], [ 366229.876397501153406, 4668586.939126045443118 ], [ 366236.049105828860775, 4668596.474549151957035 ], [ 366248.468657722813077, 4668607.25770718138665 ], [ 366257.112322259345092, 4668613.302905034273863 ], [ 366267.344857389340177, 4668618.151673384942114 ], [ 366279.153256000950933, 4668620.682394860312343 ], [ 366287.020149304415099, 4668622.377060274593532 ], [ 366297.645807922061067, 4668623.552896694280207 ], [ 366310.666004837141372, 4668617.641104945912957 ], [ 366327.490425853058696, 4668610.990753414109349 ], [ 366346.988045247795526, 4668616.308223004452884 ], [ 366360.871217380627058, 4668617.988892669789493 ], [ 366373.638124521472491, 4668620.512710233218968 ], [ 366396.61244917003205, 4668636.161159742623568 ], [ 366406.050215410650708, 4668647.923020494170487 ], [ 366413.322645546053536, 4668654.449797989800572 ], [ 366428.867715894943103, 4668659.664656606502831 ], [ 366440.004250569560099, 4668663.818976260721684 ], [ 366452.488202713779174, 4668677.589207214303315 ], [ 366458.556002720375545, 4668681.606308816000819 ], [ 366472.481731950188987, 4668686.851932419463992 ], [ 366488.043953111977316, 4668694.288116319105029 ], [ 366495.59847041615285, 4668700.443080483004451 ], [ 366514.771516935667023, 4668712.209564513526857 ], [ 366522.219620749470778, 4668712.746114779263735 ], [ 366533.286225540097803, 4668713.2141706161201 ], [ 366537.414890384650789, 4668716.957033513113856 ], [ 366541.46489283547271, 4668728.332321715541184 ], [ 366542.675834022928029, 4668744.71535187959671 ], [ 366541.692693127668463, 4668752.153852048330009 ], [ 366541.875559217878617, 4668761.814019120298326 ], [ 366544.369054294540547, 4668774.351750487461686 ], [ 366547.223529326962307, 4668782.384063673205674 ], [ 366557.319838115712628, 4668791.412278505042195 ], [ 366571.421152401715517, 4668797.654448296874762 ], [ 366582.47059738705866, 4668797.223183372989297 ], [ 366590.05221611529123, 4668792.592232854105532 ], [ 366596.521505177253857, 4668777.219058737158775 ] ] ] } },
{ "type": "Feature", "properties": { "highway": "track", "surface": "", "access": "", "bicycle": "", "foot": "", "length_km": 0.52494982064091822 }, "geometry": { "type": "MultiLineString", "coordinates": [ [ [ 367155.433911482919939, 4668566.195781803689897 ], [ 367146.010126643115655, 4668559.497759371064603 ], [ 367126.794658795988653, 4668541.054736132733524 ], [ 367104.141008544364013, 4668523.48741945438087 ], [ 367083.558675491716713, 4668502.693248247727752 ], [ 367066.349842701572925, 4668477.603540536947548 ], [ 367065.82285109400982, 4668464.117767476476729 ], [ 367077.817510459688492, 4668466.013179552741349 ], [ 367091.211994365323335, 4668471.581047880463302 ], [ 367103.785190859984141, 4668476.109201018698514 ], [ 367113.378907125210389, 4668477.783345177769661 ], [ 367124.337485023541376, 4668481.275637913495302 ], [ 367132.639242015196942, 4668484.562538983300328 ], [ 367137.204935047891922, 4668487.386686864309013 ], [ 367146.61239442898659, 4668492.774314916692674 ], [ 367150.270307174534537, 4668489.528625155799091 ], [ 367149.124631435144693, 4668485.307118774391711 ], [ 367139.431341628194787, 4668478.347597547806799 ], [ 367127.84096838143887, 4668469.83545614220202 ], [ 367122.89600448589772, 4668460.920402484945953 ], [ 367121.416251048329286, 4668453.006373264826834 ], [ 367123.759104858268984, 4668450.585199349559844 ], [ 367134.962215535109863, 4668453.017682034522295 ], [ 367147.021727675804868, 4668458.355337464250624 ], [ 367158.229837431339547, 4668461.054343823343515 ], [ 367167.547363447025418, 4668461.667438555508852 ], [ 367176.313025752722751, 4668461.502304002642632 ], [ 367187.222023440874182, 4668462.363133648410439 ], [ 367197.094956806045957, 4668464.820769513957202 ], [ 367209.862617292907089, 4668465.635518127121031 ], [ 367214.102542121661827, 4668464.767029576003551 ], [ 367225.854205626761541, 4668468.244542587548494 ], [ 367235.147041135584004, 4668467.547497828491032 ], [ 367235.246709379483946, 4668467.478525957092643 ] ], [ [ 367260.347878525324631, 4668451.294294100254774 ], [ 367274.870546174817719, 4668446.672712861560285 ], [ 367295.241909983218648, 4668441.790706074796617 ], [ 367312.191548206377774, 4668439.094695568084717 ], [ 367323.876869222498499, 4668438.608220304362476 ], [ 367333.241086428810377, 4668442.141944388858974 ], [ 367337.929468343849294, 4668451.05085467454046 ], [ 367343.431017055758275, 4668461.010794212110341 ], [ 367350.598384400247596, 4668475.171378071419895 ], [ 367352.55666435637977, 4668477.046476170420647 ] ], [ [ 367356.249680970446207, 4668479.841034021228552 ], [ 367359.574160112533718, 4668478.180610727518797 ] ], [ [ 367391.370297006855253, 4668451.213346184231341 ], [ 367397.626532471505925, 4668445.751084367744625 ] ] ] } },
{ "type": "Feature", "properties": { "highway": "track", "surface": "", "access": "", "bicycle": "", "foot": "", "length_km": 0.3399011258754821 }, "geometry": { "type": "MultiLineString", "coordinates": [ [ [ 368110.682993179711048, 4668999.982438609935343 ], [ 368113.644530801393557, 4668989.985801278613508 ], [ 368105.707680792838801, 4668976.549793413840234 ], [ 368062.823580217373092, 4668944.629497850313783 ], [ 368045.401970128237735, 4668910.133483574725688 ], [ 368053.295061477227136, 4668902.676998230628669 ], [ 368079.122848226688802, 4668919.59912727214396 ], [ 368086.281103105167858, 4668928.517809041775763 ], [ 368092.413197818503249, 4668919.694772317074239 ], [ 368074.993521090596914, 4668866.749061524868011 ], [ 368059.846169222844765, 4668841.618523318320513 ], [ 368021.411486176133621, 4668805.072197865694761 ], [ 368009.587243964429945, 4668789.276512968353927 ] ] ] } },
{ "type": "Feature", "properties": { "highway": "track", "surface": "", "access": "", "bicycle": "", "foot": "", "length_km": 0.3496865019077699 }, "geometry": { "type": "MultiLineString", "coordinates": [ [ [ 367814.928379446675535, 4668760.411840146407485 ], [ 367819.147260777885094, 4668771.651318622753024 ], [ 367825.049032119044568, 4668795.955032536759973 ], [ 367821.767368585104123, 4668820.597535975277424 ], [ 367826.864693650510162, 4668838.140736666508019 ], [ 367829.003684094524942, 4668843.354499505832791 ], [ 367830.784809877979569, 4668847.553078687749803 ], [ 367831.538627616828308, 4668851.615412220358849 ], [ 367830.25483788351994, 4668855.871451673097908 ], [ 367827.765613913768902, 4668859.305918239988387 ], [ 367824.59585046506254, 4668862.586531903594732 ], [ 367821.606029020564165, 4668866.208107037469745 ], [ 367818.601495679351501, 4668869.485625765286386 ], [ 367816.118736364878714, 4668873.264309413731098 ], [ 367814.666613748879172, 4668877.356895567849278 ], [ 367813.553201711736619, 4668881.44313118327409 ], [ 367813.471947972197086, 4668886.365294093266129 ], [ 367813.551479260320775, 4668890.606882439926267 ], [ 367814.193795137223788, 4668897.537050214596093 ], [ 367814.963441781059373, 4668902.443258609622717 ], [ 367820.732883060351014, 4668928.948744180612266 ], [ 367822.86429369985126, 4668933.318474202416837 ], [ 367824.987440713914111, 4668937.688359725289047 ], [ 367827.433469493174925, 4668941.208019278943539 ], [ 367830.711238743504509, 4668943.690192370675504 ], [ 367834.34533998533152, 4668946.665525675751269 ], [ 367837.635802203323692, 4668949.825023639015853 ], [ 367840.749655920022633, 4668952.821220819838345 ], [ 367841.514843772398308, 4668957.049955343827605 ], [ 367841.594151815050282, 4668961.280440425500274 ], [ 367839.795070060761645, 4668965.379526545293629 ], [ 367837.495394940720871, 4668969.665718671865761 ], [ 367835.360944347805344, 4668973.948814104311168 ], [ 367825.192810677108355, 4669003.296741841360927 ], [ 367824.981101807032246, 4669010.076310439035296 ], [ 367824.389470206922852, 4669014.663709621876478 ], [ 367824.475452002487145, 4669019.249511467292905 ], [ 367824.557894660683814, 4669023.646551525220275 ], [ 367824.63742273952812, 4669027.888140695169568 ], [ 367823.869189450459089, 4669032.312238247133791 ], [ 367822.760240761796013, 4669037.07595054525882 ], [ 367821.308153824065812, 4669041.168537034653127 ], [ 367820.198100736946799, 4669045.432431311346591 ], [ 367818.578990632842761, 4669049.872484063729644 ], [ 367814.523461834643967, 4669051.30364881362766 ], [ 367809.927228055195883, 4669051.223221972584724 ], [ 367805.647415107989218, 4669049.948357488028705 ], [ 367801.364268891571555, 4669048.495837376452982 ], [ 367797.421835654589813, 4669046.703703933395445 ], [ 367793.970618719700724, 4669044.224800216965377 ], [ 367786.274431198427919, 4669034.83886737190187 ] ] ] } },
{ "type": "Feature", "properties": { "highway": "track", "surface": "", "access": "", "bicycle": "", "foot": "", "length_km": 0.079118369734704458 }, "geometry": { "type": "MultiLineString", "coordinates": [ [ [ 367967.256484231562354, 4669011.142292230390012 ], [ 367979.334228163526859, 4669002.096716688945889 ], [ 367999.092454191006254, 4668994.106957704760134 ], [ 368020.930855791375507, 4668987.755548146553338 ], [ 368031.594731646357104, 4668984.845675880089402 ], [ 368040.328957485733554, 4668983.038262874819338 ] ] ] } },
{ "type": "Feature", "properties": { "highway": "track", "surface": "", "access": "", "bicycle": "", "foot": "", "length_km": 0.14913282492915805 }, "geometry": { "type": "MultiLineString", "coordinates": [ [ [ 367825.192810677108355, 4669003.296741841360927 ], [ 367835.207707561901771, 4669001.920469214208424 ], [ 367853.739089276874438, 4669010.048119480721653 ], [ 367875.77259634656366, 4669014.555766341276467 ], [ 367904.119907946966123, 4669019.955953870899975 ], [ 367908.21999529202003, 4669020.901019636541605 ], [ 367912.477543062064797, 4669020.987857251428068 ], [ 367917.070671918801963, 4669020.901796814054251 ], [ 367921.325098816305399, 4669020.82208523247391 ], [ 367925.431423833651934, 4669022.100270016118884 ], [ 367929.544195999624208, 4669023.722669870592654 ], [ 367933.324505005031824, 4669025.684526451863348 ], [ 367937.101691682473756, 4669027.479830479249358 ], [ 367941.201561495778151, 4669028.413811597041786 ], [ 367945.810492933611386, 4669029.171646093018353 ], [ 367969.833596575306728, 4669030.932074640877545 ] ] ] } },
{ "type": "Feature", "properties": { "highway": "track", "surface": "", "access": "", "bicycle": "", "foot": "", "length_km": 0.32246744677543943 }, "geometry": { "type": "MultiLineString", "coordinates": [ [ [ 367985.385486169659998, 4668904.237146398052573 ], [ 367989.879065840446856, 4668920.014549430459738 ], [ 367999.645187198882923, 4668941.535787790082395 ], [ 368001.072984681348316, 4668945.407795429229736 ], [ 368001.841194837470539, 4668949.803099648095667 ], [ 368002.262438041274436, 4668954.204900536686182 ], [ 368002.344976037973538, 4668958.613043365068734 ], [ 368001.915118696226273, 4668963.019672809168696 ], [ 367999.302007012534887, 4668968.666795261204243 ], [ 367992.058655922824983, 4668981.687159634195268 ], [ 367971.422222886467353, 4668997.501978009939194 ], [ 367967.256484231562354, 4669011.142292230390012 ], [ 367969.833596575306728, 4669030.932074640877545 ], [ 367984.46557103516534, 4669066.935240204446018 ], [ 367991.005598245305009, 4669098.002711924724281 ], [ 367996.708565394103061, 4669139.093748779036105 ], [ 368005.387604178977199, 4669166.566767822951078 ], [ 368005.189590097870678, 4669183.353954981081188 ], [ 368004.594744592963252, 4669187.774783351458609 ], [ 368003.310925246449187, 4669192.030792493373156 ], [ 367993.941733661748003, 4669200.514673075638711 ] ] ] } },
{ "type": "Feature", "properties": { "highway": "track", "surface": "", "access": "", "bicycle": "", "foot": "", "length_km": 1.7009024936738062 }, "geometry": { "type": "MultiLineString", "coordinates": [ [ [ 367803.691626076120883, 4668729.699150837026536 ], [ 367807.820918881800026, 4668729.988273142836988 ], [ 367812.092660562426317, 4668731.263297629542649 ], [ 367816.385361090302467, 4668733.215491321869195 ], [ 367820.169185634935275, 4668735.35494873765856 ], [ 367825.551095422473736, 4668741.185471492819488 ], [ 367828.008569899015129, 4668744.871531334705651 ], [ 367833.745050605619326, 4668760.358967462554574 ], [ 367856.271553551661782, 4668791.126658671535552 ], [ 367891.454811916453764, 4668825.222747822292149 ], [ 367930.602489364799112, 4668862.29930211044848 ], [ 367968.840683531132527, 4668887.0193055793643 ], [ 367985.385486169659998, 4668904.237146398052573 ], [ 367993.48496947408421, 4668912.660490210168064 ], [ 368023.367901507648639, 4668945.334711880423129 ], [ 368032.583455550426152, 4668964.822513620369136 ], [ 368035.453709012363106, 4668972.910599774681032 ], [ 368038.664477898622863, 4668980.647979547269642 ], [ 368040.328957485733554, 4668983.038262874819338 ], [ 368043.556078735389747, 4668987.676339007914066 ], [ 368050.145029803039506, 4668993.995372298173606 ], [ 368057.699369474314153, 4668997.586106735281646 ], [ 368065.905546435038559, 4668999.798424216918647 ], [ 368074.099250243860297, 4669001.344533066265285 ], [ 368082.294769904401619, 4669002.546284097246826 ], [ 368091.134082885226235, 4669002.380880346521735 ], [ 368099.272672885796055, 4669000.54025524109602 ], [ 368108.113808980735485, 4669000.030505615286529 ], [ 368110.682993179711048, 4668999.982438609935343 ], [ 368116.953124375548214, 4668999.865134316496551 ], [ 368125.807139858836308, 4669000.043832234106958 ], [ 368152.806988093652762, 4669006.314391251653433 ], [ 368161.315852972213179, 4669006.155255638062954 ], [ 368169.784687285136897, 4669004.297428769990802 ], [ 368177.904189758002758, 4669001.435360525734723 ], [ 368185.318931077665184, 4668997.564588225446641 ], [ 368193.430185973527841, 4668994.702692672610283 ], [ 368201.888411211781204, 4668991.834319801069796 ], [ 368209.667202999815345, 4668989.311884610913694 ], [ 368218.148937231628224, 4668988.142541888169944 ], [ 368226.651388098485768, 4668987.639273017644882 ], [ 368235.145786239765584, 4668987.147272470407188 ], [ 368262.429245937266387, 4668990.025156951509416 ], [ 368270.29686200217111, 4668992.255144097842276 ], [ 368278.170696943765506, 4668994.818248911760747 ], [ 368285.73756467399653, 4668999.086546610109508 ], [ 368292.300970431766473, 4669004.051157874986529 ], [ 368298.874982993933372, 4669010.026360042393208 ], [ 368303.768336570006795, 4669016.721630642190576 ], [ 368308.31451127078617, 4669023.412282451987267 ], [ 368313.207847103709355, 4669030.107559325173497 ], [ 368351.266240127617493, 4669045.324882277287543 ], [ 368360.822877200436778, 4669046.845866690389812 ], [ 368373.444332755927462, 4669048.309637246653438 ], [ 368382.308872058056295, 4669049.499240588396788 ], [ 368390.836542644130532, 4669050.350811474956572 ], [ 368399.03632010781439, 4669052.230404060333967 ], [ 368428.63538780430099, 4669051.677902326919138 ], [ 368497.239100331207737, 4669062.604949628002942 ], [ 368530.649907934537623, 4669065.713887775316834 ], [ 368538.87693489016965, 4669068.615021899342537 ], [ 368547.08285646548029, 4669070.827894293703139 ], [ 368554.956699132162612, 4669073.402407847344875 ], [ 368563.496940234559588, 4669074.931508028879762 ], [ 368572.067007050325628, 4669078.503840913064778 ], [ 368580.306627520709299, 4669082.082344292663038 ], [ 368587.200178087339737, 4669087.041063964366913 ], [ 368593.775907919392921, 4669092.683271433226764 ], [ 368600.669438567943871, 4669097.642003905959427 ], [ 368607.226107305265032, 4669102.262689329683781 ], [ 368614.472785447083879, 4669107.548076955601573 ], [ 368621.021381843020208, 4669112.180032465606928 ], [ 368628.255416652536951, 4669116.78811227157712 ], [ 368635.483234347950201, 4669121.063090325333178 ], [ 368643.369400066207163, 4669124.303918771445751 ], [ 368651.575427017349284, 4669126.52801438421011 ], [ 368659.776882746838965, 4669128.063540275208652 ], [ 368699.422335590585135, 4669137.16621916461736 ], [ 368707.922766576637514, 4669137.007893675006926 ], [ 368716.469301243778318, 4669138.881389399059117 ], [ 368724.323769349954091, 4669140.423451397567987 ], [ 368732.210075815324672, 4669143.675481521524489 ], [ 368740.434862970374525, 4669146.910110033117235 ], [ 368748.329208302020561, 4669150.15090043283999 ], [ 368757.23136923997663, 4669153.372935716062784 ], [ 368765.784276947320905, 4669155.590703123249114 ], [ 368773.657730279432144, 4669158.154353646561503 ], [ 368782.524104540934786, 4669159.011192907579243 ], [ 368790.711027019191533, 4669160.2139144660905 ], [ 368804.695197802502662, 4669161.653079967014492 ], [ 368812.850496277213097, 4669161.156971330754459 ], [ 368821.672641739831306, 4669159.637682322412729 ], [ 368829.470446672057733, 4669158.137465222738683 ], [ 368837.945643413055222, 4669156.62465285230428 ], [ 368846.096607405110262, 4669155.451107594184577 ], [ 368854.597012311569415, 4669155.292958496138453 ], [ 368863.105678016028833, 4669155.134665979072452 ], [ 368871.612485836434644, 4669155.320750001817942 ], [ 368879.492092209169641, 4669158.217626794241369 ], [ 368887.693657472147606, 4669159.764519533142447 ], [ 368896.20665314164944, 4669160.283742041327059 ], [ 368904.332427138928324, 4669157.755621148273349 ], [ 368929.696956869389396, 4669149.486512061208487 ], [ 368938.24361305788625, 4669151.371378584764898 ], [ 368946.430510301084723, 4669152.5742805339396 ], [ 368954.945369274588302, 4669152.749207899905741 ], [ 368964.125232163991313, 4669152.245335812680423 ], [ 368972.61923963832669, 4669151.743116576224566 ], [ 368981.466600888816174, 4669151.578671555966139 ], [ 368989.941830626165029, 4669150.066042806953192 ], [ 368998.155963013297878, 4669152.290385172702372 ], [ 369001.018633442523424, 4669160.034627242013812 ], [ 369001.176074700022582, 4669168.506698051467538 ], [ 369000.317436415178236, 4669176.997651465237141 ], [ 369000.487466553284321, 4669186.147044030018151 ], [ 369000.989998926350381, 4669194.957033571787179 ], [ 369003.520149996038526, 4669203.040679852478206 ], [ 369006.748732815554831, 4669211.800010826438665 ], [ 369010.980795356212184, 4669219.86314039491117 ], [ 369015.532557439059019, 4669226.898444683291018 ], [ 369019.7600705944933, 4669234.273000568151474 ], [ 369025.001780601218343, 4669241.973045677877963 ], [ 369050.747131627169438, 4669272.006933212280273 ], [ 369078.94515763776144, 4669306.41612296178937 ], [ 369084.508334125275724, 4669312.744019622914493 ], [ 369088.735933657560963, 4669320.12971867993474 ], [ 369091.604838741011918, 4669328.218208368867636 ], [ 369093.796160544734448, 4669336.308175253681839 ], [ 369095.648998950608075, 4669344.415536224842072 ], [ 369098.17899686913006, 4669352.499214661307633 ], [ 369101.394824956310913, 4669360.581265107728541 ], [ 369104.269887531292625, 4669369.002868772484362 ], [ 369106.820912828028668, 4669377.774822113104165 ], [ 369109.702148717129603, 4669386.529536940157413 ], [ 369112.917950219649356, 4669394.611592412926257 ], [ 369117.143400196451694, 4669402.330570076592267 ], [ 369122.046205184829887, 4669410.036972928792238 ], [ 369131.483636798569933, 4669423.423958007246256 ], [ 369138.773699740704615, 4669431.086048572324216 ], [ 369146.778639552299865, 4669440.312134322710335 ] ] ] } },
{ "type": "Feature", "properties": { "highway": "track", "surface": "", "access": "", "bicycle": "", "foot": "", "length_km": 0.33764407619734349 }, "geometry": { "type": "MultiLineString", "coordinates": [ [ [ 368005.387604178977199, 4669166.566767822951078 ], [ 368020.094807854504324, 4669179.687075106427073 ], [ 368044.727469050209038, 4669195.498455795459449 ], [ 368048.337294978788123, 4669197.630173685960472 ], [ 368052.617177829379216, 4669198.916286361403763 ], [ 368056.72004884382477, 4669200.016886845231056 ], [ 368061.325736353406683, 4669200.608239646069705 ], [ 368065.748594084463548, 4669200.703178600408137 ], [ 368070.002910398005042, 4669200.623554275371134 ], [ 368074.257226700778119, 4669200.543932518921793 ], [ 368078.338066018070094, 4669200.467559888958931 ], [ 368082.592382299830206, 4669200.387943166308105 ], [ 368087.185391710605472, 4669200.30199090950191 ], [ 368091.449058068683371, 4669200.722043226473033 ], [ 368095.695113208144903, 4669200.642588992603123 ], [ 368099.911407867039088, 4669198.531017051078379 ], [ 368103.100247827591375, 4669196.272059603594244 ], [ 368106.459242837445345, 4669193.832199587486684 ], [ 368109.644970725057647, 4669191.406690651550889 ], [ 368119.760475135233719, 4669177.31081560999155 ], [ 368122.77144287538249, 4669174.377636614255607 ], [ 368126.288145867059939, 4669171.090664659626782 ], [ 368129.78392054780852, 4669167.126527233980596 ], [ 368133.133383991196752, 4669164.175913263112307 ], [ 368156.44044995465083, 4669136.959722104482353 ], [ 368159.106316540099215, 4669133.688681526109576 ], [ 368162.458923337806482, 4669130.904636816121638 ], [ 368166.169541457551531, 4669129.146897699683905 ], [ 368169.959276673849672, 4669131.619645934551954 ], [ 368170.551857765763998, 4669136.351474775932729 ], [ 368169.953788706858177, 4669140.605731890536845 ], [ 368167.986239468562417, 4669144.541267338208854 ], [ 368165.683111886377446, 4669148.649692214094102 ], [ 368164.063815317291301, 4669153.08966192882508 ], [ 368162.773663471685722, 4669157.012530385516584 ], [ 368161.998801027191803, 4669161.092374728992581 ], [ 368161.748779845540412, 4669165.839962063357234 ], [ 368163.921990317292511, 4669181.738609835505486 ], [ 368167.419151623849757, 4669205.243364544585347 ], [ 368168.609122221707366, 4669223.359691742807627 ], [ 368167.862715658382513, 4669228.960734312422574 ], [ 368167.961147252761293, 4669234.223858613520861 ], [ 368168.720763730816543, 4669238.608230728656054 ], [ 368170.504920833045617, 4669242.984549588523805 ], [ 368171.953499927127268, 4669247.533757515251637 ], [ 368174.070114036323503, 4669251.570634027943015 ], [ 368176.417097478057258, 4669258.646663815714419 ] ] ] } },
{ "type": "Feature", "properties": { "highway": "tertiary", "surface": "", "access": "", "bicycle": "", "foot": "", "length_km": 2.209670057722426 }, "geometry": { "type": "MultiLineString", "coordinates": [ [ [ 368830.305300359264947, 4669592.879848594777286 ], [ 368815.254111425718293, 4669575.35467176977545 ], [ 368801.476712301839143, 4669565.003465040586889 ], [ 368784.190656296093948, 4669553.49577855784446 ], [ 368770.71310343494406, 4669547.271032139658928 ], [ 368755.397820514219347, 4669542.202386382967234 ], [ 368733.711424930894282, 4669543.339328422211111 ], [ 368706.494154554791749, 4669546.989687868393958 ], [ 368683.517928596178535, 4669548.52846647799015 ], [ 368662.959136613993905, 4669550.755368650890887 ], [ 368645.876011926331557, 4669550.151790500618517 ], [ 368629.937646865728311, 4669551.559588959440589 ], [ 368615.23902180645382, 4669549.434344637207687 ], [ 368585.338770356844179, 4669538.151170030236244 ], [ 368572.404299894405995, 4669531.372401010245085 ], [ 368555.227727849269286, 4669521.773706119507551 ], [ 368548.934671707218513, 4669516.648326522670686 ], [ 368539.454847306886222, 4669505.917561871930957 ], [ 368534.603492074878886, 4669494.356276107020676 ], [ 368533.171256728819571, 4669477.37740355078131 ], [ 368532.840307473845314, 4669459.633787891827524 ], [ 368530.23865364928497, 4669451.729342164471745 ], [ 368525.297294729622081, 4669445.534663985483348 ], [ 368519.787450182251632, 4669440.316945878788829 ], [ 368509.675061969901435, 4669435.55163764487952 ], [ 368496.36290973238647, 4669430.246234521269798 ], [ 368481.168912176624872, 4669423.731927994638681 ], [ 368466.351969735580496, 4669417.055111826397479 ], [ 368452.296248962404206, 4669407.776070127263665 ], [ 368431.122516270610504, 4669394.786717091687024 ], [ 368414.212634425843135, 4669387.993567677214742 ], [ 368402.55270287161693, 4669383.55719992518425 ], [ 368387.284219234832563, 4669380.587774650193751 ], [ 368368.427956586354412, 4669380.639979098923504 ], [ 368345.871190328616649, 4669381.216758124530315 ], [ 368335.750730752130039, 4669383.993843573145568 ], [ 368327.725635333394166, 4669387.464897315017879 ], [ 368318.786748223064933, 4669393.774340339936316 ], [ 368309.9691055722069, 4669402.591828693635762 ], [ 368306.036094801151194, 4669410.573861381970346 ], [ 368300.199513438390568, 4669424.145221881568432 ], [ 368293.616772940848023, 4669437.141832363791764 ], [ 368286.273805327597074, 4669449.252947365865111 ], [ 368269.596214943332598, 4669474.345490131527185 ], [ 368260.108554697537329, 4669487.096525447443128 ], [ 368251.64767565834336, 4669495.096578775905073 ], [ 368236.132566684740596, 4669507.216112189926207 ], [ 368210.384687504847534, 4669523.603466355241835 ], [ 368197.234601133386604, 4669530.947065125219524 ], [ 368179.117381968651898, 4669538.683488110080361 ], [ 368162.061355438025203, 4669543.512152666226029 ], [ 368146.836314297514036, 4669546.829305688850582 ], [ 368129.486663352116011, 4669547.886983444914222 ], [ 368108.453237621113658, 4669550.357646775431931 ], [ 368089.213680383807514, 4669553.750048435293138 ], [ 368059.864991149574053, 4669560.064186180010438 ], [ 368021.87071479531005, 4669568.906235381960869 ], [ 368005.345992541173473, 4669572.0925297671929 ], [ 367995.703778856433928, 4669574.794519300572574 ], [ 367985.020941182039678, 4669578.848918035626411 ], [ 367981.571105124428868, 4669581.279440746642649 ], [ 367977.079423337592743, 4669586.761838835664093 ], [ 367974.935026115737855, 4669591.389420808292925 ], [ 367972.796514686138835, 4669599.860102540813386 ], [ 367971.574935945682228, 4669610.07970810867846 ], [ 367971.774404045077972, 4669620.728103888221085 ], [ 367970.719284960301593, 4669627.923340639099479 ], [ 367967.109122545458376, 4669637.23244369123131 ], [ 367963.570275593781844, 4669642.408207314088941 ], [ 367951.241580298054032, 4669651.669610856100917 ], [ 367944.262988368747756, 4669654.077407067641616 ], [ 367938.753751868847758, 4669656.846442782320082 ], [ 367931.429777457611635, 4669658.460980354808271 ], [ 367923.706773346872069, 4669658.183612931519747 ], [ 367913.782345909392461, 4669654.63746106158942 ], [ 367907.896707436011638, 4669650.549111783504486 ], [ 367901.901565313863102, 4669643.263846098445356 ], [ 367896.402986603148747, 4669631.170817790552974 ], [ 367890.214283414883539, 4669617.968866516835988 ], [ 367887.377198454807512, 4669609.002716707997024 ], [ 367887.864419404417276, 4669602.37348632607609 ], [ 367890.412760391947813, 4669596.816377555020154 ], [ 367893.731800943380222, 4669592.699913096614182 ], [ 367905.737291926459875, 4669581.622831012122333 ], [ 367913.432800741982646, 4669573.814405066892505 ], [ 367916.35499077104032, 4669567.039578884840012 ], [ 367918.760379992134403, 4669556.497873832471669 ], [ 367918.842127806099597, 4669548.954319732263684 ], [ 367917.83951576781692, 4669543.07500238250941 ], [ 367913.227836258593015, 4669524.956159922294319 ], [ 367888.030360089498572, 4669473.678354085423052 ], [ 367867.992803946137428, 4669453.904864096082747 ], [ 367859.373333717696369, 4669445.491424442268908 ], [ 367851.014676975202747, 4669431.597084622830153 ], [ 367839.497595974593423, 4669407.032083060592413 ], [ 367832.857128089643084, 4669393.54984875023365 ], [ 367821.64581094996538, 4669381.330731492489576 ], [ 367807.664923797710799, 4669372.129285941831768 ], [ 367789.619561937870458, 4669361.671195239759982 ], [ 367774.396439315401949, 4669351.449002998881042 ], [ 367762.103375509381294, 4669341.482883885502815 ], [ 367757.729559993022121, 4669333.867407131008804 ], [ 367752.844662999850698, 4669322.795965759083629 ], [ 367751.778169275610708, 4669317.48435074929148 ], [ 367751.124555607675575, 4669309.954587049782276 ], [ 367753.666886774473824, 4669295.267138367518783 ], [ 367760.037995404098183, 4669271.033122280612588 ], [ 367767.304160080384463, 4669246.493528067134321 ], [ 367773.979631002352107, 4669222.620369894430041 ], [ 367774.012720207567327, 4669212.489666416309774 ], [ 367774.277183560363483, 4669202.798924910835922 ], [ 367771.680205019656569, 4669191.229145097546279 ], [ 367768.630825337721035, 4669182.855718309991062 ], [ 367764.609504229389131, 4669174.211729010567069 ], [ 367754.614644709974527, 4669159.903880315832794 ], [ 367742.818657244555652, 4669144.29693107958883 ], [ 367734.729500315967016, 4669132.463659322820604 ], [ 367729.249452429648954, 4669121.392289988696575 ], [ 367724.722165073850192, 4669109.56994831841439 ], [ 367723.094002668745816, 4669093.705598453991115 ], [ 367724.650120139820501, 4669085.912223145365715 ], [ 367727.175482506863773, 4669078.245059833861887 ], [ 367731.028085992089473, 4669069.964294441975653 ], [ 367735.947832199628465, 4669063.063060286454856 ], [ 367743.074586380505934, 4669055.309572425670922 ], [ 367752.875770178856328, 4669048.272340603172779 ], [ 367767.199355553369969, 4669043.105219173245132 ], [ 367786.274431198427919, 4669034.83886737190187 ], [ 367791.80973413476022, 4669029.470079434104264 ], [ 367796.145114952465519, 4669024.012723597697914 ], [ 367799.076548062206712, 4669017.282116726972163 ], [ 367802.531013031606562, 4669007.153903083875775 ], [ 367804.299255180929322, 4668998.767873365432024 ], [ 367807.205598789383657, 4668987.172638666816056 ], [ 367808.735475999419577, 4668975.769829633645713 ], [ 367807.770154191879556, 4668966.157693708315492 ], [ 367804.932751231710427, 4668957.191577634774148 ], [ 367799.487469594459981, 4668947.974463229998946 ], [ 367791.516626223921776, 4668940.692997833713889 ], [ 367770.098588487599045, 4668924.955441309139132 ], [ 367764.796249383711256, 4668918.956857277080417 ], [ 367759.893699152686168, 4668912.684196612797678 ], [ 367758.037150150979869, 4668907.109713378362358 ], [ 367756.255776584031992, 4668898.934655516408384 ], [ 367755.147436433879193, 4668887.870119438506663 ], [ 367755.768607769045047, 4668880.89403838571161 ], [ 367759.993120013852604, 4668872.606321007013321 ], [ 367766.400130238267593, 4668866.12152124196291 ], [ 367773.986282501835376, 4668862.580325263552368 ], [ 367781.832148608809803, 4668859.667396686039865 ], [ 367794.489595023333095, 4668855.531275600194931 ], [ 367801.946103501017205, 4668849.482238345779479 ], [ 367805.38231161312433, 4668844.985896578989923 ], [ 367809.068392185901757, 4668837.508051351644099 ], [ 367811.053704534424469, 4668830.117635963484645 ], [ 367813.191620185680222, 4668790.756869536824524 ], [ 367814.484110942226835, 4668774.18240684363991 ] ] ] } },
{ "type": "Feature", "properties": { "highway": "track", "surface": "", "access": "", "bicycle": "", "foot": "", "length_km": 0.22431752350058978 }, "geometry": { "type": "MultiLineString", "coordinates": [ [ [ 368095.695113208144903, 4669200.642588992603123 ], [ 368089.997238345036749, 4669215.43336049374193 ], [ 368057.819651704863645, 4669256.555840485729277 ], [ 368035.08921203162754, 4669279.218619574792683 ], [ 368034.772074397886172, 4669306.860094687901437 ], [ 368041.588836669689044, 4669347.874775014817715 ], [ 368039.022682444541715, 4669366.616792496293783 ], [ 368030.39045732433442, 4669384.439381082542241 ], [ 368019.769874916528352, 4669396.689907758496702 ] ] ] } },
{ "type": "Feature", "properties": { "highway": "track", "surface": "", "access": "", "bicycle": "", "foot": "", "length_km": 0.28076528623113839 }, "geometry": { "type": "MultiLineString", "coordinates": [ [ [ 367469.10845200746553, 4669329.080254998058081 ], [ 367466.767013501259498, 4669361.891608462668955 ], [ 367468.938730585738085, 4669397.40610676817596 ], [ 367473.231955502938945, 4669425.771873229183257 ], [ 367470.121876287681516, 4669456.376169222407043 ], [ 367465.22834477678407, 4669478.70553991291672 ], [ 367453.666818551020697, 4669499.305340005084872 ], [ 367444.300193544477224, 4669510.067003580741584 ], [ 367435.72483723051846, 4669520.280635414645076 ], [ 367436.137911260360852, 4669542.243649636395276 ], [ 367438.961908926896285, 4669550.921091128140688 ], [ 367438.817027130688075, 4669557.277348970994353 ], [ 367433.789966837503016, 4669558.438224236480892 ], [ 367427.358005951158702, 4669555.637908145785332 ], [ 367420.208021080645267, 4669556.838723690249026 ], [ 367413.327175426878966, 4669558.289958050474524 ], [ 367408.453024999471381, 4669553.083333441987634 ], [ 367409.101690281997435, 4669545.39579523075372 ] ] ] } },
{ "type": "Feature", "properties": { "highway": "track", "surface": "", "access": "yes", "bicycle": "", "foot": "", "length_km": 0.71095560185861406 }, "geometry": { "type": "MultiLineString", "coordinates": [ [ [ 366649.00875179754803, 4668161.007190870121121 ], [ 366665.795535037759691, 4668184.739579099230468 ], [ 366694.091199198388495, 4668234.8219239031896 ], [ 366700.30990943138022, 4668276.102383499033749 ], [ 366694.382009455701336, 4668291.298571530729532 ], [ 366700.842687413736712, 4668324.832461115904152 ], [ 366725.779239950934425, 4668370.39097716473043 ], [ 366738.947121798992157, 4668418.604552815668285 ], [ 366737.610052422503941, 4668432.872599720954895 ] ], [ [ 366597.329311753506772, 4668717.770766891539097 ], [ 366596.459855913126376, 4668737.710436555556953 ], [ 366596.17492335283896, 4668773.315736040472984 ], [ 366596.521505177253857, 4668777.219058737158775 ], [ 366599.000500432681292, 4668804.719038814306259 ], [ 366614.123425070487428, 4668828.269840802997351 ], [ 366628.111426515039057, 4668842.944942772388458 ], [ 366634.511698542977683, 4668860.618263189680874 ], [ 366640.653746949683409, 4668882.1174928676337 ], [ 366660.92967858776683, 4668908.10344509780407 ], [ 366702.587100493954495, 4668952.134877037256956 ], [ 366744.685639575473033, 4668984.117548660375178 ] ], [ [ 366744.685639575473033, 4668984.117548660375178 ], [ 366749.515180942835286, 4668987.791739670559764 ], [ 366764.985692736343481, 4669005.293725271709263 ], [ 366761.649245906155556, 4669016.342209809459746 ], [ 366751.740043257479556, 4669021.116946512833238 ], [ 366744.956162981805392, 4669016.79102483112365 ], [ 366742.765764720039442, 4669001.90380073338747 ], [ 366744.685639575473033, 4668984.117548660375178 ] ] ] } },
{ "type": "Feature", "properties": { "highway": "path", "surface": "", "access": "", "bicycle": "", "foot": "", "length_km": 0.7957124193003775 }, "geometry": { "type": "MultiLineString", "coordinates": [ [ [ 367396.713923721341416, 4669157.03035908844322 ], [ 367407.675331980222836, 4669146.238658090122044 ], [ 367414.134651852946263, 4669136.853452305309474 ], [ 367418.17516817181604, 4669125.403307322412729 ], [ 367425.261464813374914, 4669106.731502342969179 ], [ 367426.02526232926175, 4669091.099897997453809 ], [ 367424.464825541654136, 4669078.433295091614127 ], [ 367424.529960668063723, 4669067.835451113060117 ], [ 367427.554569858824834, 4669059.048021773807704 ], [ 367420.29400201421231, 4669040.335027385503054 ], [ 367411.371465771109797, 4669025.52983873616904 ], [ 367410.880014266003855, 4669009.066560295410454 ], [ 367418.157066136947833, 4668986.470197402872145 ], [ 367423.368910929304548, 4668974.020567406900227 ], [ 367427.633280093665235, 4668960.844553143717349 ], [ 367434.597247009980492, 4668941.808521488681436 ], [ 367431.274609091109596, 4668934.751053894869983 ], [ 367417.466106632142328, 4668929.95679197832942 ], [ 367402.678337277786341, 4668922.748418238945305 ], [ 367390.647857430856675, 4668912.311443865299225 ], [ 367377.152451608912088, 4668903.95694709289819 ], [ 367365.665905857458711, 4668892.565636875107884 ], [ 367352.285211451584473, 4668870.546718128956854 ], [ 367326.502783480915241, 4668846.484149939380586 ], [ 367319.786361681297421, 4668828.605180367827415 ], [ 367314.977082506637089, 4668812.822975826449692 ], [ 367309.855035938438959, 4668794.914007416926324 ], [ 367305.27496790071018, 4668777.261422834359109 ], [ 367302.922750833153259, 4668765.131800033152103 ], [ 367296.640067706815898, 4668756.252924275584519 ], [ 367282.248773038736545, 4668739.840253742411733 ], [ 367275.32240973750595, 4668738.915425407700241 ], [ 367268.271114158676937, 4668745.401705811731517 ], [ 367262.854202881688252, 4668753.978768290020525 ], [ 367255.488603998092003, 4668757.816270565614104 ], [ 367251.232444001827389, 4668757.374353946186602 ], [ 367255.249431446543895, 4668745.113711319863796 ], [ 367255.274623556411825, 4668732.406174699775875 ], [ 367249.763309317757376, 4668721.924430948682129 ], [ 367244.22208078741096, 4668709.854871474206448 ], [ 367245.048614841653034, 4668697.132245569489896 ], [ 367243.77360145165585, 4668686.03757459949702 ], [ 367237.11005468480289, 4668670.545805759727955 ], [ 367228.873656851763371, 4668656.672044765204191 ], [ 367204.136939211282879, 4668655.282962369732559 ], [ 367192.330560376984067, 4668648.885235566645861 ], [ 367180.181874367292039, 4668638.795153825543821 ], [ 367170.548438469879329, 4668635.000129589810967 ], [ 367159.601733929186594, 4668632.562771140597761 ], [ 367156.261426141369157, 4668624.150627790018916 ], [ 367156.525926113128662, 4668610.116775436326861 ], [ 367153.656288659083657, 4668599.052161685191095 ], [ 367150.874827120336704, 4668592.228981503285468 ], [ 367144.814545514644124, 4668566.662459171377122 ], [ 367146.010126643115655, 4668559.497759371064603 ] ] ] } },
{ "type": "Feature", "properties": { "highway": "track", "surface": "", "access": "", "bicycle": "", "foot": "", "length_km": 3.2594238274408669 }, "geometry": { "type": "MultiLineString", "coordinates": [ [ [ 366231.228742520615924, 4669500.90604464057833 ], [ 366226.547677483758889, 4669484.588880620896816 ], [ 366214.221214778255671, 4669472.104570658877492 ], [ 366191.808456238533836, 4669477.217445520684123 ], [ 366185.029190357134212, 4669474.002740806899965 ], [ 366177.77779223251855, 4669463.765859548933804 ], [ 366154.905530454358086, 4669462.522887535393238 ], [ 366127.334935411287006, 4669461.035992925986648 ], [ 366090.29838139959611, 4669456.718858366832137 ], [ 366061.986864339851309, 4669451.902886883355677 ], [ 366057.138447409728542, 4669444.630637335591018 ], [ 366089.758143402519636, 4669428.282399695366621 ], [ 366123.434672874922398, 4669414.924422604031861 ], [ 366148.360656810575165, 4669400.721978643909097 ], [ 366164.318384216574486, 4669392.05490155518055 ], [ 366150.382599010015838, 4669383.611114391125739 ], [ 366120.330450803041458, 4669375.484546842053533 ], [ 366074.471125934505835, 4669384.386558989994228 ], [ 366048.259328550717328, 4669366.146001981571317 ], [ 366038.106604342232458, 4669344.579033801332116 ], [ 366019.114181948825717, 4669317.492968566715717 ], [ 366001.627063084568363, 4669298.742405760101974 ], [ 365983.935001207632013, 4669287.038039593026042 ], [ 365981.995210211141966, 4669273.679074307903647 ], [ 366004.823600273230113, 4669272.578629271127284 ], [ 366029.926319447229616, 4669285.486226544715464 ], [ 366062.945613643911202, 4669307.962685283273458 ], [ 366078.482004491961561, 4669312.343818672001362 ], [ 366122.152832777996082, 4669312.191821957007051 ], [ 366161.614203582284972, 4669320.139746661297977 ], [ 366184.772875155787915, 4669319.033607427962124 ], [ 366205.164199188817292, 4669313.625871434807777 ], [ 366229.226965518842917, 4669324.887748931534588 ], [ 366265.160748110036366, 4669341.611587407998741 ], [ 366280.754216243163683, 4669349.013355212286115 ], [ 366282.265994151763152, 4669340.27628071513027 ], [ 366266.865209111303557, 4669325.173253159038723 ], [ 366248.790323015651666, 4669311.120685170404613 ], [ 366234.300033747102134, 4669291.313019317574799 ], [ 366224.198580678203143, 4669272.421776153147221 ], [ 366212.566389851097483, 4669261.26830767840147 ], [ 366192.373855647514574, 4669259.307868550531566 ], [ 366158.62012881640112, 4669268.645971390418708 ], [ 366130.130157692823559, 4669254.469332774169743 ], [ 366105.338769715861417, 4669240.544672342017293 ], [ 366098.080494842375629, 4669229.96365531347692 ], [ 366103.720783496159129, 4669208.440954222343862 ], [ 366099.774028194427956, 4669195.131196497939527 ], [ 366088.084138158184942, 4669180.957734307274222 ], [ 366065.818346317391843, 4669158.621155870147049 ], [ 366043.660447350819595, 4669141.969713885337114 ], [ 366021.785420055268332, 4669104.552744243294001 ], [ 366001.458971245912835, 4669095.575334012508392 ], [ 365976.07881551864557, 4669103.755430360324681 ], [ 365952.122981056105345, 4669098.179462443105876 ], [ 365934.314221655484289, 4669098.184898684732616 ], [ 365899.825358300644439, 4669104.528021669015288 ], [ 365873.852677660644986, 4669116.740740343928337 ], [ 365854.545315757975914, 4669126.149768343195319 ], [ 365832.840753023396246, 4669132.916419398970902 ], [ 365825.359937814064324, 4669128.038134974427521 ], [ 365828.561087529291399, 4669119.946358125656843 ], [ 365846.968997918767855, 4669116.252611050382257 ], [ 365861.58855918655172, 4669107.599223515018821 ], [ 365884.340637871588115, 4669085.084277052432299 ], [ 365905.562034009431954, 4669070.285032944753766 ], [ 365928.606854266719893, 4669063.148789606057107 ], [ 365946.224824285774957, 4669053.10564230941236 ], [ 365960.978097233106382, 4669034.08648007363081 ], [ 365977.761538553284481, 4669015.350878108292818 ], [ 365995.320568411261775, 4669002.63203663751483 ], [ 366027.123433811822906, 4669014.079380699433386 ], [ 366064.594606052734889, 4669041.147609260864556 ], [ 366090.877540151937865, 4669063.074656006880105 ], [ 366116.179920726222917, 4669086.031213875859976 ], [ 366125.362849744851701, 4669092.210393030196428 ], [ 366165.100678417715244, 4669096.809732832945883 ], [ 366208.300722564803436, 4669089.63612257130444 ], [ 366249.823650970007293, 4669082.483493043109775 ], [ 366278.047800364496652, 4669082.62561172619462 ], [ 366296.379327388771344, 4669092.319208158180118 ], [ 366305.685141920868773, 4669087.122059834189713 ], [ 366298.420714625623077, 4669076.207732925191522 ], [ 366266.066154269617982, 4669053.062205644324422 ], [ 366191.199061000021175, 4669038.076894625090063 ], [ 366161.903415787615813, 4669034.612055980600417 ], [ 366138.718557923450135, 4669016.980120855383575 ], [ 366120.886042641708627, 4668997.902583107352257 ], [ 366112.041477752267383, 4668974.300181049853563 ], [ 366109.837040462938603, 4668929.156122511252761 ], [ 366097.720957245503087, 4668892.564379391260445 ], [ 366087.656800446216948, 4668875.683081544935703 ], [ 366078.5625045777997, 4668856.78399545699358 ], [ 366089.170577281620353, 4668849.218117896467447 ], [ 366109.478612215840258, 4668874.602150671184063 ], [ 366136.246874159784056, 4668886.812078272923827 ], [ 366161.43970644287765, 4668921.822689414024353 ], [ 366169.060237523401156, 4668934.063045489601791 ], [ 366203.68963638972491, 4668935.071878964081407 ], [ 366240.462308101297822, 4668925.343556188046932 ], [ 366260.217264935839921, 4668921.614252794533968 ], [ 366268.413897984428331, 4668911.084224714897573 ], [ 366255.81758862407878, 4668902.281563177704811 ], [ 366227.489141254103743, 4668914.537611584179103 ], [ 366210.217656004650053, 4668907.167769145220518 ], [ 366193.183468333503697, 4668877.033899610862136 ], [ 366182.041863204329275, 4668839.079508994705975 ], [ 366181.980549678439274, 4668817.998363903723657 ], [ 366169.174240293563344, 4668798.147726471535861 ], [ 366150.543163668829948, 4668790.137367435730994 ], [ 366142.181571130524389, 4668774.567695278674364 ], [ 366128.111120143905282, 4668759.09532505273819 ], [ 366120.496671485947445, 4668747.188119782134891 ], [ 366108.950547134620138, 4668741.053810997866094 ], [ 366092.614471609937027, 4668747.717646477743983 ], [ 366075.590270289627369, 4668753.394904251210392 ], [ 366072.414100922585931, 4668745.424408453516662 ], [ 366092.385647998773493, 4668735.670193907804787 ], [ 366118.521083652449306, 4668714.09152562264353 ], [ 366131.636445543146692, 4668697.103259890340269 ], [ 366142.483768812788185, 4668666.429034442640841 ], [ 366170.986985272495076, 4668628.066410580649972 ], [ 366185.881314193597063, 4668616.398375196382403 ], [ 366199.698034172644839, 4668601.074195307679474 ], [ 366209.745323069742881, 4668599.206276835873723 ], [ 366228.96329309255816, 4668620.268253878690302 ], [ 366246.98087854165351, 4668631.644977369345725 ], [ 366263.751072628190741, 4668629.982826735824347 ], [ 366267.344857389340177, 4668618.151673384942114 ] ] ] } },
{ "type": "Feature", "properties": { "highway": "path", "surface": "", "access": "", "bicycle": "", "foot": "", "length_km": 0.23224856124951038 }, "geometry": { "type": "MultiLineString", "coordinates": [ [ [ 367396.259078394738026, 4669231.692901358008385 ], [ 367377.517919105943292, 4669223.836980240419507 ], [ 367367.915735283517279, 4669207.600650327280164 ], [ 367348.278733114595525, 4669194.741035261191428 ], [ 367347.453009228745941, 4669179.405906251631677 ], [ 367366.352230675460305, 4669181.160721645690501 ], [ 367371.389791187131777, 4669180.543883302249014 ], [ 367383.124112733406946, 4669168.671271629631519 ], [ 367390.728615079075098, 4669163.496482169255614 ], [ 367396.713923721341416, 4669157.03035908844322 ], [ 367393.549753665807657, 4669172.451651640236378 ], [ 367404.316986453603022, 4669193.953303771093488 ], [ 367409.054542471712921, 4669205.504924873821437 ], [ 367411.08239734597737, 4669214.463914179243147 ], [ 367414.19269182428252, 4669224.735452803783119 ], [ 367415.422488179523498, 4669233.442872200161219 ], [ 367412.428056559176184, 4669243.829235677607358 ], [ 367410.629114671028219, 4669247.039838187396526 ] ] ] } },
{ "type": "Feature", "properties": { "highway": "path", "surface": "", "access": "", "bicycle": "", "foot": "", "length_km": 1.1125868709031657 }, "geometry": { "type": "MultiLineString", "coordinates": [ [ [ 367377.517919105943292, 4669223.836980240419507 ], [ 367382.903682876378298, 4669241.729921563528478 ], [ 367392.490227615169715, 4669271.195682819001377 ], [ 367398.005958964233287, 4669281.944019690155983 ], [ 367403.302238367381506, 4669295.084616569802165 ], [ 367405.102176240994595, 4669306.424912651069462 ], [ 367404.902042265399359, 4669323.90088951215148 ], [ 367400.965301918098703, 4669326.363072440959513 ], [ 367397.382307299645618, 4669333.57264457270503 ], [ 367394.133430024376139, 4669344.485863080248237 ], [ 367390.068449650309049, 4669354.625799346715212 ], [ 367381.144017918384634, 4669360.347489465028048 ], [ 367368.297729216574226, 4669369.319752190262079 ], [ 367375.926589934329968, 4669379.506254663690925 ], [ 367383.046387807582505, 4669390.746454442851245 ], [ 367383.445263822097331, 4669397.892228663899004 ], [ 367373.757753508049063, 4669405.21667140815407 ], [ 367352.306521839811467, 4669422.825964410789311 ], [ 367339.387550979736261, 4669428.367412762716413 ], [ 367328.804178674821742, 4669430.677048387937248 ], [ 367308.643700440123212, 4669432.122871791012585 ], [ 367300.512445175554603, 4669437.829739798791707 ], [ 367291.528400754148606, 4669440.375905107706785 ], [ 367284.647670344100334, 4669441.838366452604532 ], [ 367279.425831937405746, 4669446.701841836795211 ], [ 367271.831551173294429, 4669452.398633813485503 ], [ 367266.360238373512402, 4669458.055455901660025 ], [ 367268.044221648480743, 4669462.788898257538676 ], [ 367274.752273296238855, 4669466.63909650593996 ], [ 367284.666962333954871, 4669470.950979406014085 ], [ 367291.921755469695199, 4669475.312955263070762 ], [ 367294.701217275345698, 4669481.61416223552078 ], [ 367288.867626794963144, 4669482.512634710408747 ], [ 367282.181443975772709, 4669480.261504217982292 ], [ 367278.508961040293798, 4669482.707678191363811 ], [ 367279.464737943257205, 4669490.898186051286757 ], [ 367283.909874589240644, 4669501.400014798156917 ], [ 367279.793618067284115, 4669508.364223884418607 ], [ 367275.155285167042166, 4669516.126905237324536 ], [ 367271.756944371911231, 4669533.129966248758137 ], [ 367262.917295319843106, 4669557.37767890188843 ], [ 367265.877944059320726, 4669573.738936552777886 ], [ 367264.969915947294794, 4669581.686853792518377 ], [ 367259.748199870518874, 4669586.550347463227808 ], [ 367252.170926469669212, 4669593.579759154468775 ], [ 367257.746462325798348, 4669607.50363443326205 ], [ 367266.725031106267124, 4669618.719820083118975 ], [ 367287.939978530630469, 4669644.778598313219845 ], [ 367284.267791913938709, 4669647.235875461250544 ], [ 367274.680717116803862, 4669645.828020717017353 ], [ 367267.964569522067904, 4669641.977980936877429 ], [ 367259.090799031546339, 4669636.324722683988512 ], [ 367247.601944466819987, 4669633.097753792069852 ], [ 367242.210871820221655, 4669628.967305260710418 ], [ 367228.587480580550618, 4669624.725351393222809 ], [ 367228.000625826884061, 4669636.121686576865613 ], [ 367222.324993079062551, 4669644.959171957336366 ], [ 367210.197739730647299, 4669649.952800816856325 ], [ 367203.983649235684425, 4669658.278390529565513 ], [ 367208.109249950852245, 4669693.922677524387836 ], [ 367208.16574033908546, 4669711.393857094459236 ], [ 367198.508770737214945, 4669720.306380366906524 ], [ 367184.333698664326221, 4669729.315165871754289 ], [ 367173.601382342574652, 4669737.725933360867202 ], [ 367165.061662077903748, 4669735.765328412875533 ], [ 367159.291388252459001, 4669739.572914904914796 ], [ 367157.220116724434774, 4669756.817623095586896 ], [ 367175.710640390985645, 4669793.524069311097264 ], [ 367186.672363328223582, 4669811.32290493696928 ], [ 367196.935636073350906, 4669834.155550445429981 ], [ 367189.611198782571591, 4669840.113952352665365 ], [ 367181.525547373574227, 4669834.179363575764 ], [ 367170.244677382870577, 4669827.505256582051516 ], [ 367156.338983638910577, 4669822.735610839910805 ], [ 367138.36230757588055, 4669813.288682502694428 ], [ 367141.251476797391661, 4669825.408146869391203 ], [ 367143.439252359967213, 4669842.839159356430173 ], [ 367134.784995510824956, 4669848.822689197957516 ], [ 367147.601891426951624, 4669894.89976563770324 ], [ 367151.731122586643323, 4669916.259596787393093 ], [ 367155.120522904384416, 4669927.303307016380131 ], [ 367156.545221689797472, 4669946.337094796821475 ] ] ] } },
{ "type": "Feature", "properties": { "highway": "track", "surface": "", "access": "", "bicycle": "", "foot": "", "length_km": 0.51156935093038092 }, "geometry": { "type": "MultiLineString", "coordinates": [ [ [ 367156.545221689797472, 4669946.337094796821475 ], [ 367164.652440957725048, 4669953.859631946310401 ], [ 367170.400661775434855, 4669962.481861665844917 ], [ 367169.883862604154274, 4669977.586831492371857 ], [ 367166.535874316119589, 4669997.232636316679418 ], [ 367145.490958762355149, 4670022.243784989230335 ], [ 367120.744019349454902, 4670034.08454086817801 ], [ 367095.827915111556649, 4670050.971431081183255 ], [ 367042.120959964580834, 4670090.883350838907063 ], [ 367001.072578776045702, 4670111.507232530973852 ], [ 366986.361464771151077, 4670120.515474140644073 ], [ 366964.514339219313115, 4670130.991373178549111 ], [ 366938.702563851024024, 4670142.852900696918368 ], [ 366925.764028316247277, 4670160.836085648275912 ], [ 366909.667647013324313, 4670194.485145241953433 ], [ 366897.060208307346329, 4670216.427559683099389 ], [ 366885.238932886684779, 4670237.555401101708412 ], [ 366877.44656109821517, 4670246.699779707938433 ], [ 366864.18567885941593, 4670262.034462132491171 ], [ 366862.322888430557214, 4670275.832005507312715 ], [ 366861.467401325237006, 4670286.966903044842184 ], [ 366864.157634626259096, 4670302.53339837025851 ] ] ] } },
{ "type": "Feature", "properties": { "highway": "track", "surface": "", "access": "", "bicycle": "", "foot": "", "length_km": 0.24280282684922166 }, "geometry": { "type": "MultiLineString", "coordinates": [ [ [ 366864.157634626259096, 4670302.53339837025851 ], [ 366867.058800362865441, 4670315.707769661210477 ], [ 366865.390916453092359, 4670339.820617336779833 ], [ 366856.338985586888157, 4670352.698772103525698 ], [ 366848.140405119920615, 4670370.070512599311769 ], [ 366845.28893380833324, 4670398.004545345902443 ], [ 366845.197793134197127, 4670398.973213024437428 ] ], [ [ 366887.238262764818501, 4670548.017482708208263 ], [ 366890.918895785580389, 4670551.941525076515973 ] ], [ [ 366912.16773521003779, 4670572.34108408447355 ], [ 366933.613959940848872, 4670589.642066041007638 ], [ 366954.591659915982746, 4670606.273919394239783 ], [ 366983.017688993830234, 4670629.696372739970684 ], [ 367019.098500598571263, 4670650.719609394669533 ], [ 367021.380480070773046, 4670652.414378905668855 ] ] ] } },
{ "type": "Feature", "properties": { "highway": "track", "surface": "", "access": "", "bicycle": "", "foot": "", "length_km": 0.15027946204234147 }, "geometry": { "type": "MultiLineString", "coordinates": [ [ [ 366440.483725348371081, 4670506.241724088788033 ], [ 366445.960514388571028, 4670512.306423557922244 ], [ 366459.316199292661622, 4670517.74041342549026 ], [ 366477.567159703117795, 4670520.771270154975355 ], [ 366505.185355661844369, 4670524.124543308280408 ], [ 366517.617772910860367, 4670521.822990361601114 ], [ 366531.174158487003297, 4670523.898800025694072 ], [ 366553.484954828920309, 4670535.383627578616142 ], [ 366566.358078702585772, 4670542.393133015371859 ], [ 366578.314162192458753, 4670551.872420763596892 ] ] ] } },
{ "type": "Feature", "properties": { "highway": "track", "surface": "", "access": "", "bicycle": "", "foot": "", "length_km": 0.26459204693956501 }, "geometry": { "type": "MultiLineString", "coordinates": [ [ [ 371796.909548936178908, 4667222.995256504043937 ], [ 371738.7730822423473, 4667217.3545056944713 ], [ 371697.111148847267032, 4667220.400309762917459 ], [ 371676.479086500476114, 4667218.998476915061474 ], [ 371663.815594839747064, 4667208.077186712995172 ], [ 371659.150183574762195, 4667203.341523529961705 ], [ 371634.644329804810695, 4667198.46708048414439 ], [ 371608.606157144706231, 4667193.876079980283976 ], [ 371574.829308197251521, 4667182.828354679979384 ], [ 371553.531695846992079, 4667172.575395838357508 ], [ 371544.000511889287736, 4667170.478368321433663 ] ] ] } },
{ "type": "Feature", "properties": { "highway": "track", "surface": "", "access": "", "bicycle": "", "foot": "", "length_km": 0.13421283373673901 }, "geometry": { "type": "MultiLineString", "coordinates": [ [ [ 371138.763274427852593, 4667595.320186758413911 ], [ 371164.688266903744079, 4667582.461912794038653 ], [ 371180.532618686323985, 4667567.055461774580181 ], [ 371207.892853320692666, 4667550.405766751617193 ], [ 371223.19421138917096, 4667536.486604743637145 ], [ 371224.867402644304093, 4667526.270666521973908 ], [ 371213.027035179315135, 4667512.458355207927525 ], [ 371211.412543349142652, 4667511.425627608783543 ] ] ] } },
{ "type": "Feature", "properties": { "highway": "track", "surface": "", "access": "", "bicycle": "", "foot": "", "length_km": 0.75493359849071728 }, "geometry": { "type": "MultiLineString", "coordinates": [ [ [ 371323.401462621171959, 4667599.757438951171935 ], [ 371338.655261591309682, 4667606.332342833280563 ], [ 371353.204994451953098, 4667622.794498995877802 ], [ 371359.597617499472108, 4667638.394703226163983 ], [ 371375.395443422487006, 4667668.007376627065241 ], [ 371395.294488509127405, 4667699.078097560442984 ], [ 371453.512068976764567, 4667766.948498914018273 ], [ 371491.475326326268259, 4667812.385154290124774 ], [ 371509.899137326749042, 4667846.004404458217323 ], [ 371531.566380993579514, 4667890.716319265775383 ], [ 371552.30401383433491, 4667911.631218419410288 ], [ 371581.250902290455997, 4667909.071391634643078 ], [ 371603.038134021044243, 4667904.12068737577647 ], [ 371633.310650403611362, 4667890.385237312875688 ], [ 371659.99476254126057, 4667875.204637942835689 ], [ 371695.16353927529417, 4667850.739594235084951 ], [ 371727.483805209514685, 4667809.610112440772355 ], [ 371780.224119407881517, 4667789.202192650176585 ], [ 371811.065379413659684, 4667783.976469335146248 ], [ 371832.605936933774501, 4667781.796687996014953 ], [ 371845.929531220812351, 4667782.265421224758029 ], [ 371875.152025347051676, 4667787.110357431694865 ] ] ] } },
{ "type": "Feature", "properties": { "highway": "track", "surface": "", "access": "", "bicycle": "", "foot": "", "length_km": 2.3320463181818085 }, "geometry": { "type": "MultiLineString", "coordinates": [ [ [ 370104.00104521663161, 4668666.278942202217877 ], [ 370119.748400425480213, 4668676.810681131668389 ], [ 370151.036724517587572, 4668699.704254946671426 ], [ 370172.919908928801306, 4668725.270308672450483 ], [ 370188.038813339953776, 4668744.329864235594869 ], [ 370195.406513616093434, 4668748.159543292596936 ], [ 370203.751826760126278, 4668750.327338862232864 ], [ 370212.088668724521995, 4668752.484192665666342 ], [ 370219.462478667323012, 4668756.647004934027791 ], [ 370226.514090349723119, 4668760.815755416639149 ], [ 370231.933502939296886, 4668767.002776720561087 ], [ 370235.400657794962171, 4668774.880734832026064 ], [ 370238.198440518521238, 4668782.759907418861985 ], [ 370241.989899805863388, 4668790.298677877523005 ], [ 370246.802943312330171, 4668799.46254013478756 ], [ 370251.255282241327222, 4668806.989151702262461 ], [ 370256.022004173486494, 4668813.188201953656971 ], [ 370261.110904602333903, 4668819.381326131522655 ], [ 370265.544826734170783, 4668825.908620709553361 ], [ 370266.690322508045938, 4668833.818209175020456 ], [ 370266.518231989932247, 4668842.429594320245087 ], [ 370263.349268276593648, 4668850.751800873316824 ], [ 370259.837810316064861, 4668858.42497690487653 ], [ 370255.328892830060795, 4668865.783290830440819 ], [ 370253.49612726457417, 4668874.414133235812187 ], [ 370255.308652399282437, 4668882.644665947183967 ], [ 370258.755209647468291, 4668889.856569970026612 ], [ 370263.209615130384918, 4668897.049927955493331 ], [ 370267.980064655770548, 4668903.904251110740006 ], [ 370274.392799390363507, 4668909.739799715578556 ], [ 370279.48161857156083, 4668915.932936149649322 ], [ 370282.611879510455765, 4668923.472784679383039 ], [ 370284.748878827318549, 4668931.375239274464548 ], [ 370299.396827518125065, 4668969.792729005217552 ], [ 370302.518989622476511, 4668977.343841592781246 ], [ 370306.958910137764178, 4668984.204269320704043 ], [ 370311.761831175535917, 4668992.37979958858341 ], [ 370316.538301144377328, 4668999.567262714728713 ], [ 370321.627022005442996, 4669005.760428139008582 ], [ 370329.345334023062605, 4669010.25022767111659 ], [ 370337.033205567277037, 4669013.085595971904695 ], [ 370345.694006773410365, 4669014.903414308093488 ], [ 370354.03069493372459, 4669017.071532461792231 ], [ 370362.036735015513841, 4669019.234633401967585 ], [ 370369.730707806302235, 4669022.403145492076874 ], [ 370377.091895293095149, 4669025.89989869762212 ], [ 370385.140586123568937, 4669030.383682195097208 ], [ 370392.846580194425769, 4669034.207332668825984 ], [ 370400.85279157810146, 4669036.381580658257008 ], [ 370408.528356130525935, 4669038.550808514468372 ], [ 370417.183185363013763, 4669040.046708626672626 ], [ 370425.501450407668017, 4669041.215584371238947 ], [ 370433.171082741115242, 4669043.06283378880471 ], [ 370441.207472222566139, 4669046.880462944507599 ], [ 370467.771745949576143, 4669065.574725052341819 ], [ 370475.8019696912379, 4669069.059284159913659 ], [ 370484.144464693497866, 4669071.549559 ], [ 370492.156517762690783, 4669074.045914203859866 ], [ 370499.842107132019009, 4669077.214717656373978 ], [ 370508.168571936956141, 4669078.383537949062884 ], [ 370517.466045800363645, 4669078.87919773068279 ], [ 370526.114679380785674, 4669080.042121407575905 ], [ 370534.126706189475954, 4669082.538523788563907 ], [ 370541.477856758050621, 4669085.047071770764887 ], [ 370549.171670967829414, 4669088.215776574797928 ], [ 370556.863129955949262, 4669091.706646325998008 ], [ 370565.238292272551917, 4669095.52929871995002 ], [ 370572.611532358801924, 4669099.692469792440534 ], [ 370580.31734301178949, 4669103.516321592964232 ], [ 370588.035375624138396, 4669108.006398893892765 ], [ 370596.714329099748284, 4669110.823847609572113 ], [ 370605.074866687704343, 4669114.302485855296254 ], [ 370612.444298986985814, 4669117.810432491824031 ], [ 370619.811372912721708, 4669121.6405433062464 ], [ 370626.205275939311832, 4669126.477077026851475 ], [ 370631.956644152291119, 4669132.325070494785905 ], [ 370637.383683387888595, 4669138.512240997515619 ], [ 370644.426402103621513, 4669142.68154938519001 ], [ 370652.138237383798696, 4669146.838586634024978 ], [ 370660.162363197479863, 4669150.001347038894892 ], [ 370668.847141409758478, 4669153.140887930057943 ], [ 370676.540820316062309, 4669156.309729112312198 ], [ 370697.37089240248315, 4669170.145030316896737 ], [ 370705.75574627838796, 4669174.956220085732639 ], [ 370713.44918011163827, 4669178.113997125998139 ], [ 370720.816337523399852, 4669181.955314820632339 ], [ 370727.879236452863552, 4669186.779666910879314 ], [ 370733.630470828386024, 4669192.627740876749158 ], [ 370739.061126739252359, 4669199.470252323895693 ], [ 370745.154987093410455, 4669205.978493460454047 ], [ 370750.912096050917171, 4669212.148586045019329 ], [ 370757.017946212436073, 4669219.311950732022524 ], [ 370762.442656026163604, 4669225.832474482245743 ], [ 370767.220664210384712, 4669232.686971588991582 ], [ 370771.659975042799488, 4669239.547680926509202 ], [ 370776.099277523753699, 4669246.408392942510545 ], [ 370780.875105078215711, 4669253.596159002743661 ], [ 370785.31439033348579, 4669260.45687656942755 ], [ 370789.786148539162241, 4669268.638776417821646 ], [ 370794.225619832170196, 4669275.510602972470224 ], [ 370799.013418234069832, 4669283.353494495153427 ], [ 370816.75836250022985, 4669310.141310770995915 ], [ 370824.184695749660023, 4669334.807929574511945 ], [ 370826.002567358431406, 4669343.371705956757069 ], [ 370828.138648676802404, 4669351.263210257515311 ], [ 370832.277726517466363, 4669359.784451062791049 ], [ 370836.723003799736034, 4669366.978308210149407 ], [ 370840.507429825898726, 4669374.184277224354446 ], [ 370838.217033553053625, 4669394.397197969257832 ], [ 370835.380472384509631, 4669402.390933728776872 ], [ 370831.874615032924339, 4669410.385828689672053 ], [ 370831.3651641907054, 4669418.659035256132483 ], [ 370834.486577304429375, 4669426.210371433757246 ], [ 370839.913221830211114, 4669432.397691612131894 ], [ 370846.318904279556591, 4669437.900635062716901 ], [ 370853.048891357611865, 4669443.064421320334077 ], [ 370859.7668658120092, 4669447.573099972680211 ], [ 370866.498991379979998, 4669452.403638642281294 ], [ 370873.547365521080792, 4669456.906276632100344 ], [ 370880.283416451071389, 4669462.403196925297379 ], [ 370887.352032289549243, 4669467.560810891911387 ], [ 370894.076062605483457, 4669472.40263013727963 ], [ 370901.13855702499859, 4669477.227148819714785 ], [ 370907.880667801131494, 4669483.057203483767807 ], [ 370914.268152658594772, 4669487.571984292007983 ], [ 370921.298363119654823, 4669491.086446199566126 ], [ 370992.073404784547165, 4669531.776452238671482 ], [ 371002.411993593384977, 4669534.56399761326611 ], [ 371010.759832792973612, 4669537.387989655137062 ], [ 371019.768491543189157, 4669540.199898657388985 ], [ 371027.118981633044314, 4669542.708940257318318 ], [ 371035.791118369612377, 4669545.193806761875749 ], [ 371044.801921845704783, 4669547.672487455420196 ], [ 371052.156322410795838, 4669550.847923440858722 ], [ 371060.179801631777082, 4669554.011126826517284 ], [ 371067.866767469444312, 4669556.847274578176439 ], [ 371076.526684615470003, 4669558.665973046794534 ], [ 371085.180707328487188, 4669560.162676934152842 ], [ 371092.843489354883786, 4669561.677520217373967 ], [ 371101.497504135826603, 4669563.174243981018662 ], [ 371110.165663563704584, 4669564.992832359857857 ], [ 371150.219899001414888, 4669577.822540803812444 ], [ 371158.237210515653715, 4669580.652745516039431 ], [ 371165.91801531141391, 4669583.155890030786395 ], [ 371174.259636352420785, 4669585.646964406594634 ], [ 371182.559040319756605, 4669585.828494550660253 ], [ 371188.42853753385134, 4669580.10091173928231 ], [ 371189.943763130460866, 4669572.131476764567196 ], [ 371193.13169090973679, 4669564.809020851738751 ], [ 371201.076357308425941, 4669563.664176704362035 ], [ 371207.161220276670065, 4669570.172955247573555 ], [ 371211.614043227105867, 4669577.355785069055855 ], [ 371234.530959269788582, 4669614.635354860685766 ], [ 371262.714383067504968, 4669649.830581547692418 ], [ 371281.996315712342039, 4669669.982540813274682 ], [ 371297.19784430222353, 4669702.438228728249669 ], [ 371299.339390641835053, 4669710.662974772043526 ], [ 371301.805254417995457, 4669718.548579317517579 ], [ 371302.947521481313743, 4669726.802681014873087 ], [ 371304.752568864729255, 4669734.700353213585913 ], [ 371307.548823192541022, 4669742.579926517792046 ], [ 371313.629535274289083, 4669748.422424714080989 ], [ 371319.50507332343841, 4669743.02805776335299 ], [ 371321.350803808833007, 4669735.052619036287069 ], [ 371322.523972506925929, 4669726.445235381834209 ], [ 371339.280129736522213, 4669644.467162298969924 ], [ 371341.432203105301596, 4669635.164368269965053 ], [ 371344.626130827935413, 4669628.163988118991256 ], [ 371348.124175805132836, 4669620.169506758451462 ], [ 371351.299877179320902, 4669612.169803909957409 ], [ 371352.82155907235574, 4669604.544619825668633 ], [ 371354.000471747829579, 4669596.248145926743746 ], [ 371353.849687387119047, 4669587.987049717456102 ], [ 371351.708176478627138, 4669579.762289240024984 ], [ 371349.239947081601713, 4669572.198824929073453 ], [ 371345.794818088819738, 4669564.986412667669356 ], [ 371341.344307890976779, 4669557.470241602510214 ], [ 371336.55491307011107, 4669549.949151918292046 ], [ 371332.446756275370717, 4669543.08206847589463 ], [ 371328.002097501594108, 4669535.887910539284348 ], [ 371325.536211594124325, 4669528.002298263832927 ], [ 371322.727744053583592, 4669519.456501589156687 ], [ 371319.598637301940471, 4669511.9051115186885 ], [ 371317.132532363699283, 4669504.008398453705013 ], [ 371316.651294150215108, 4669495.753335600718856 ], [ 371319.152054764854256, 4669487.44383084308356 ], [ 371322.676452092651743, 4669480.437411048449576 ], [ 371326.519110694003757, 4669472.758743980899453 ], [ 371333.400490471569356, 4669467.679258353076875 ], [ 371341.387643423688132, 4669468.855232363566756 ], [ 371357.600918026524596, 4669484.753777023404837 ], [ 371372.740965246572159, 4669495.72918435651809 ], [ 371379.770718223066069, 4669499.232994596473873 ], [ 371388.076286828378215, 4669499.747877446934581 ], [ 371396.687957328453194, 4669498.924306721426547 ], [ 371402.920480540953577, 4669494.512060334905982 ], [ 371409.481243526795879, 4669490.427050956524909 ], [ 371416.7028447908815, 4669486.329992424696684 ], [ 371424.647626370773651, 4669485.185403110459447 ], [ 371433.928611063689459, 4669484.360776675865054 ], [ 371453.992238044273108, 4669483.49500800203532 ], [ 371458.138952415378299, 4669483.41938341781497 ], [ 371462.955609730503056, 4669483.831373130902648 ], [ 371466.964248672942631, 4669485.246651770547032 ], [ 371470.972885931434575, 4669486.661932658404112 ], [ 371475.107450047624297, 4669485.920100735500455 ], [ 371477.191129858896602, 4669481.916795270517468 ], [ 371477.277983443636913, 4669477.616681372746825 ], [ 371479.106525792391039, 4669441.040281000547111 ], [ 371483.357744702894706, 4669428.567006649449468 ], [ 371492.681176801910624, 4669421.454948808997869 ] ] ] } },
{ "type": "Feature", "properties": { "highway": "path", "surface": "", "access": "", "bicycle": "", "foot": "", "length_km": 0.68378973530585774 }, "geometry": { "type": "MultiLineString", "coordinates": [ [ [ 370117.096036316943355, 4670071.95984751265496 ], [ 370126.204437545442488, 4670074.368899654597044 ], [ 370130.545329790387768, 4670081.708651550114155 ], [ 370131.990458275482524, 4670089.734892371110618 ], [ 370133.672077339782845, 4670128.080006778240204 ], [ 370152.133159240242094, 4670181.588545721955597 ], [ 370162.807822852395475, 4670216.546814296394587 ], [ 370166.826270260091405, 4670223.881418779492378 ], [ 370171.161103902733885, 4670230.899188755080104 ], [ 370176.452757499238942, 4670236.932988761924207 ], [ 370182.394373084942345, 4670243.265826088376343 ], [ 370189.585269052302465, 4670246.998735497705638 ], [ 370197.701205935562029, 4670248.470915817655623 ], [ 370206.755972214334179, 4670247.982016579248011 ], [ 370214.478205738647375, 4670245.573874754831195 ], [ 370222.200648730504327, 4670243.176845158450305 ], [ 370229.934956488199532, 4670241.423835350200534 ], [ 370238.971943904296495, 4670239.968960980884731 ], [ 370246.712187777797226, 4670238.53797535225749 ], [ 370255.761038948199712, 4670237.727133847773075 ], [ 370264.809891729382798, 4670236.916304006241262 ], [ 370301.953700751590077, 4670232.678194590844214 ], [ 370309.676183929201216, 4670230.28126185759902 ], [ 370317.052846221311484, 4670226.602243438363075 ], [ 370324.757359673618339, 4670223.228207165375352 ], [ 370332.468009748496115, 4670220.187288708984852 ], [ 370339.528495945793111, 4670216.836227271705866 ], [ 370346.693295154138468, 4670219.603430836461484 ], [ 370351.030282889201771, 4670226.299149907194078 ], [ 370355.042601054708939, 4670233.311851734295487 ], [ 370360.647952154045925, 4670239.340012128464878 ], [ 370368.449787668010686, 4670240.807058916427195 ], [ 370376.213743954664096, 4670240.664238329045475 ], [ 370384.270207530702464, 4670238.905473443679512 ], [ 370391.670586286229081, 4670236.514555985108018 ], [ 370399.428624573396519, 4670236.049755522049963 ], [ 370407.544316036626697, 4670237.511073095723987 ], [ 370416.073488789086696, 4670243.485506098717451 ], [ 370438.61231919931015, 4670254.67829879373312 ], [ 370446.087318490957841, 4670256.795668182894588 ], [ 370454.187555214273743, 4670256.968864660710096 ], [ 370462.595733094203752, 4670256.814295272342861 ], [ 370470.681790171831381, 4670256.665656968951225 ], [ 370478.483578873274382, 4670258.132824649102986 ], [ 370486.891754712793045, 4670257.978284223936498 ], [ 370494.28030774340732, 4670254.943463645875454 ], [ 370501.978948792966548, 4670251.247616588138044 ], [ 370509.367514891782776, 4670248.212812159210443 ], [ 370517.10779233451467, 4670246.782124460674822 ], [ 370525.205692377465311, 4670247.277560077607632 ], [ 370532.70667742297519, 4670250.360885771922767 ], [ 370539.89757035986986, 4670254.105251942761242 ], [ 370548.013205562019721, 4670255.566730177029967 ], [ 370574.185132529120892, 4670253.153302439488471 ], [ 370581.990467057155911, 4670255.264747063629329 ], [ 370589.789883100136649, 4670257.054194687865674 ], [ 370597.573901791183744, 4670257.555477012880147 ], [ 370615.173024607007392, 4670264.32993542496115 ], [ 370626.671291864011437, 4670273.626743965782225 ], [ 370633.132383305579424, 4670281.727587456814945 ], [ 370635.249141199165024, 4670283.166008900851011 ], [ 370638.704331940389238, 4670285.501772814430296 ] ] ] } },
{ "type": "Feature", "properties": { "highway": "path", "surface": "", "access": "", "bicycle": "", "foot": "", "length_km": 0.030559131239136634 }, "geometry": { "type": "MultiLineString", "coordinates": [ [ [ 370664.122492317517754, 4670268.585167474113405 ], [ 370648.755160598200746, 4670278.064149082638323 ], [ 370638.704331940389238, 4670285.501772814430296 ] ] ] } },
{ "type": "Feature", "properties": { "highway": "path", "surface": "", "access": "", "bicycle": "", "foot": "", "length_km": 0.11317182334649123 }, "geometry": { "type": "MultiLineString", "coordinates": [ [ [ 370792.655190337914973, 4670273.358170635998249 ], [ 370780.475628387648612, 4670273.303820009343326 ], [ 370772.376440487918444, 4670277.239958666265011 ], [ 370747.200659288093448, 4670281.256056969985366 ], [ 370730.848267025954556, 4670289.286751399748027 ], [ 370704.138761103968136, 4670297.518623563461006 ], [ 370684.310030396212824, 4670293.050770924426615 ] ] ] } },
{ "type": "Feature", "properties": { "highway": "path", "surface": "", "access": "", "bicycle": "", "foot": "", "length_km": 0.046366780541868942 }, "geometry": { "type": "MultiLineString", "coordinates": [ [ [ 370638.704331940389238, 4670285.501772814430296 ], [ 370668.761461748683359, 4670292.203173012472689 ], [ 370684.310030396212824, 4670293.050770924426615 ] ] ] } },
{ "type": "Feature", "properties": { "highway": "track", "surface": "", "access": "", "bicycle": "", "foot": "", "length_km": 3.0008110267090631 }, "geometry": { "type": "MultiLineString", "coordinates": [ [ [ 371962.428127032122575, 4667461.87116676196456 ], [ 371868.750606834481005, 4667392.896962790749967 ], [ 371835.459535449044779, 4667396.223107380792499 ], [ 371827.85964557772968, 4667400.559753800742328 ], [ 371817.453467839164659, 4667406.480210775509477 ], [ 371778.041658631758764, 4667474.584316051565111 ], [ 371724.427747085050214, 4667532.528362669982016 ], [ 371665.288288505165838, 4667543.856243127025664 ], [ 371470.597772358509246, 4667552.977455233223736 ], [ 371409.602555854187813, 4667583.990102806128561 ], [ 371323.401462621171959, 4667599.757438951171935 ], [ 371246.816939260577783, 4667584.93850798998028 ], [ 371211.499165264947806, 4667600.789243503473699 ], [ 371167.77541847206885, 4667602.598585701547563 ], [ 371154.388514853082597, 4667593.712941298261285 ], [ 371138.763274427852593, 4667595.320186758413911 ], [ 371101.756621238891967, 4667599.124304584227502 ] ], [ [ 371094.230950936500449, 4667602.714530315250158 ], [ 371070.405654816830065, 4667623.486460992135108 ] ], [ [ 371065.635624428337906, 4667630.201406165026128 ], [ 371058.369257564889267, 4667644.172972179949284 ] ], [ [ 371056.867756210733205, 4667647.060016790404916 ], [ 371042.517223836446647, 4667674.652817180380225 ], [ 371039.817783353501, 4667721.841592278331518 ], [ 371002.300219436758198, 4667756.993728065863252 ], [ 370965.415775065193884, 4667798.72113358322531 ], [ 370952.991010624857154, 4667870.412951708771288 ], [ 370925.540382869541645, 4667934.404766222462058 ], [ 370871.932646238128655, 4667972.262494186870754 ], [ 370816.385775990027469, 4668022.44088327139616 ], [ 370780.80019364040345, 4668051.472113454714417 ], [ 370747.844575443072245, 4668052.176059286110103 ], [ 370662.11514041479677, 4668157.723754934035242 ], [ 370631.429513697046787, 4668209.60258683655411 ], [ 370628.318666845210828, 4668222.938171863555908 ] ], [ [ 370383.252573765523266, 4668665.372555177658796 ], [ 370361.215359546185937, 4668675.265517560765147 ], [ 370335.176860453793779, 4668680.309486736543477 ], [ 370297.561596717278007, 4668670.149486439302564 ], [ 370259.215650438680314, 4668654.122292417101562 ] ], [ [ 369880.694481989892665, 4668707.68471156898886 ], [ 369879.949871312011965, 4668707.879003285430372 ], [ 369862.268668982782401, 4668705.861692618578672 ], [ 369857.846249965426978, 4668705.354634067043662 ], [ 369829.955247167556081, 4668708.06880603171885 ], [ 369800.60200483299559, 4668710.810092921368778 ], [ 369762.092026549042203, 4668706.389759792946279 ], [ 369728.481327098968904, 4668702.345616945996881 ], [ 369700.085902720922604, 4668700.446598361246288 ] ], [ [ 369589.483459993265569, 4668711.304914434440434 ], [ 369582.549652797344606, 4668710.230776564218104 ], [ 369549.584776635863818, 4668698.666918236762285 ], [ 369530.845510221610311, 4668677.724568544887006 ] ], [ [ 369530.112468126812018, 4668676.905346300452948 ], [ 369527.576611472177319, 4668674.071361466310918 ], [ 369526.1274098160211, 4668671.392616925761104 ] ], [ [ 369503.260763170255814, 4668648.80703410692513 ], [ 369496.880113657447509, 4668645.771302181296051 ], [ 369478.564682718366385, 4668636.113640228286386 ] ], [ [ 369476.832160510646645, 4668635.200087396427989 ], [ 369445.169894342077896, 4668618.504686434753239 ], [ 369419.401263477513567, 4668602.409617863595486 ], [ 369397.690108460839838, 4668594.781090846285224 ], [ 369383.44279524293961, 4668583.648798512294888 ], [ 369377.748333355819341, 4668576.219837306067348 ] ], [ [ 367205.915894653822761, 4667752.986256371252239 ], [ 367209.609768584137782, 4667767.529928525909781 ], [ 367214.038644687156193, 4667781.941898462362587 ], [ 367210.122423120890744, 4667805.730271881446242 ], [ 367208.535526375111658, 4667815.390404963865876 ], [ 367207.018214690149762, 4667834.013027808628976 ], [ 367220.649632570391987, 4667856.937832506373525 ], [ 367229.870457538636401, 4667876.957765181548893 ], [ 367231.176271702279337, 4667891.439650693908334 ], [ 367228.350523641624022, 4667893.24784579500556 ], [ 367217.823270344757475, 4667899.977299187332392 ], [ 367200.33535219670739, 4667910.147898226976395 ], [ 367184.54562217061175, 4667927.539796864613891 ], [ 367178.561246837954968, 4667941.125980742275715 ], [ 367172.064424632582814, 4667954.710715713910758 ], [ 367168.528048088599462, 4667960.475506786257029 ], [ 367156.629519108275417, 4667963.287703520618379 ], [ 367150.765803107060492, 4667955.633979317732155 ], [ 367147.018244860577397, 4667922.548501083627343 ], [ 367143.10961962188594, 4667908.115658848546445 ], [ 367131.951334295386914, 4667895.385572811588645 ], [ 367120.311185623286292, 4667884.719482067972422 ], [ 367102.768243854283355, 4667864.334449972957373 ], [ 367094.63528737478191, 4667846.360173086635768 ], [ 367090.334375849808566, 4667839.187989232130349 ], [ 367078.504095372976735, 4667823.704861448146403 ], [ 367060.629129156703129, 4667811.590212889015675 ], [ 367059.050746888911817, 4667810.533241816796362 ] ], [ [ 367032.107702597684693, 4667775.423666076734662 ], [ 367028.897587831015699, 4667766.40304712112993 ], [ 367029.104081115685403, 4667760.420628556981683 ] ], [ [ 366962.19101099006366, 4667858.63083500508219 ], [ 366962.311155567818787, 4667881.200466991402209 ], [ 366968.391152136377059, 4667930.536694712005556 ], [ 366954.67777446960099, 4667963.762692121788859 ], [ 366925.346686617238447, 4668006.80262378975749 ], [ 366906.823547889769543, 4668038.286749972961843 ], [ 366910.020559838041663, 4668051.777660282328725 ], [ 366924.89165067783324, 4668060.649653122760355 ], [ 366931.263279508275446, 4668063.006651598960161 ] ], [ [ 366941.245726072462276, 4668088.217265611514449 ], [ 366941.203178143361583, 4668088.279608520679176 ] ] ] } },
{ "type": "Feature", "properties": { "highway": "path", "surface": "", "access": "", "bicycle": "", "foot": "", "length_km": 0.0055666050272427806 }, "geometry": { "type": "MultiLineString", "coordinates": [ [ [ 369862.268668982782401, 4668705.861692618578672 ], [ 369864.658727303962223, 4668700.834296398796141 ] ] ] } },
{ "type": "Feature", "properties": { "highway": "track", "surface": "", "access": "", "bicycle": "", "foot": "", "length_km": 0.40099599252052898 }, "geometry": { "type": "MultiLineString", "coordinates": [ [ [ 370010.687451367557514, 4668682.976806756108999 ], [ 370016.405716593901161, 4668692.543928858824074 ], [ 370023.252534146537073, 4668704.869084428064525 ], [ 370024.918748617405072, 4668715.457032761536539 ], [ 370028.856773594394326, 4668730.035082866437733 ], [ 370031.602969795232639, 4668739.136947183869779 ], [ 370035.804857203562278, 4668747.856540948152542 ], [ 370042.239308500604238, 4668757.990050784312189 ], [ 370043.481201724614948, 4668765.286929295398295 ], [ 370042.179557401803322, 4668774.474521213211119 ], [ 370033.161710027605295, 4668783.793250096030533 ], [ 370024.433071597130038, 4668789.074675977230072 ], [ 370014.255924443947151, 4668795.127015677280724 ], [ 370010.741618859174196, 4668803.977761141955853 ], [ 370009.845357872254681, 4668814.979499767534435 ], [ 370013.224157831515186, 4668818.949184818193316 ], [ 370020.987411830516066, 4668821.371858101338148 ], [ 370031.286117153824307, 4668821.915077108889818 ], [ 370040.513099352130666, 4668823.944243153557181 ], [ 370050.820059457793832, 4668824.487338284961879 ], [ 370057.868103236716706, 4668828.011759079061449 ], [ 370060.148131510126404, 4668832.001717705279589 ], [ 370060.997983761655632, 4668838.206193048506975 ], [ 370056.336329908750486, 4668844.889906021766365 ], [ 370043.603322525916155, 4668851.711296982131898 ], [ 370014.783027036930434, 4668863.60549131128937 ], [ 369990.947134042799007, 4668866.599720286205411 ], [ 369972.574339252139907, 4668866.938565203920007 ], [ 369953.917662675958127, 4668872.047768925316632 ], [ 369922.51465029665269, 4668883.245797487907112 ], [ 369903.56873482192168, 4668892.381354324519634 ], [ 369897.405093858076725, 4668905.435225630179048 ] ] ] } },
{ "type": "Feature", "properties": { "highway": "track", "surface": "", "access": "", "bicycle": "", "foot": "", "length_km": 0.015758894421266167 }, "geometry": { "type": "MultiLineString", "coordinates": [ [ [ 369903.56873482192168, 4668892.381354324519634 ], [ 369887.809859065047931, 4668892.405608396977186 ] ] ] } },
{ "type": "Feature", "properties": { "highway": "track", "surface": "", "access": "", "bicycle": "", "foot": "", "length_km": 0.14263993453928678 }, "geometry": { "type": "MultiLineString", "coordinates": [ [ [ 369503.660046066273935, 4669773.050404639914632 ], [ 369511.691113181179389, 4669763.204908294603229 ], [ 369525.894942986313254, 4669753.822732791304588 ], [ 369541.839164951117709, 4669747.396274155005813 ], [ 369548.343908602604643, 4669746.15402094181627 ], [ 369559.630750150943641, 4669750.599135651253164 ], [ 369571.971384357428178, 4669761.533726271241903 ], [ 369583.439702286850661, 4669765.964411707594991 ], [ 369594.064952779444866, 4669765.023606515489519 ], [ 369586.377561667293776, 4669753.258675263263285 ], [ 369572.215675595332868, 4669734.549233394674957 ] ] ] } },
{ "type": "Feature", "properties": { "highway": "path", "surface": "", "access": "", "bicycle": "", "foot": "", "length_km": 1.2456370836461692 }, "geometry": { "type": "MultiLineString", "coordinates": [ [ [ 369119.022264530649409, 4669484.379839221946895 ], [ 369131.579259283083957, 4669507.794473717920482 ], [ 369184.67455637519015, 4669554.748651716858149 ], [ 369190.39846119080903, 4669547.044916067272425 ], [ 369232.643648098339327, 4669578.417108680121601 ], [ 369235.389036726439372, 4669567.836302882060409 ], [ 369271.237937782774679, 4669570.681256473064423 ], [ 369319.119937573734205, 4669589.675663058646023 ], [ 369335.833959334238898, 4669605.149479139596224 ], [ 369343.824012205936015, 4669624.295003466308117 ], [ 369343.779294784530066, 4669653.530648204497993 ], [ 369320.399796079145744, 4669627.061837594024837 ], [ 369299.843131932138931, 4669626.27672556322068 ], [ 369292.978757471544668, 4669635.75649905577302 ], [ 369282.018760589533485, 4669677.468327187933028 ], [ 369304.588011210202239, 4669660.688495152629912 ], [ 369325.229847168375272, 4669697.715662677772343 ], [ 369339.085764333547559, 4669748.908507815562189 ], [ 369340.32230984850321, 4669783.962927739135921 ], [ 369353.601269472273998, 4669803.599105169065297 ], [ 369364.232047532801516, 4669839.06808484531939 ], [ 369378.783547306316905, 4669864.51213039085269 ], [ 369386.518086172349285, 4669869.444888602942228 ], [ 369401.94541961903451, 4669879.288987913168967 ], [ 369420.556257623014972, 4669901.74773714132607 ], [ 369435.269945734355133, 4669935.963770504109561 ], [ 369444.792248155630659, 4669974.963345939293504 ], [ 369459.392950324865524, 4670034.31768087670207 ], [ 369482.284117358969525, 4670066.638457305729389 ], [ 369503.053888494614512, 4670110.683623204939067 ], [ 369528.027880733716302, 4670128.337452329695225 ], [ 369548.92111780756386, 4670147.83298980165273 ], [ 369564.349757155927364, 4670156.899869080632925 ], [ 369582.267283384862822, 4670174.106907073408365 ], [ 369581.070433166518342, 4670204.530141888186336 ], [ 369587.432235796120949, 4670231.30353581905365 ], [ 369589.418586878222413, 4670243.540505617856979 ], [ 369587.940622016729321, 4670258.773954599164426 ], [ 369602.574599065526854, 4670288.315533170476556 ], [ 369614.530103649653029, 4670300.368038441054523 ], [ 369619.991783210076392, 4670310.208147497847676 ], [ 369624.502601484418847, 4670332.96159958653152 ] ] ] } },
{ "type": "Feature", "properties": { "highway": "track", "surface": "", "access": "", "bicycle": "", "foot": "", "length_km": 0.17625681950907335 }, "geometry": { "type": "MultiLineString", "coordinates": [ [ [ 369861.289419187232852, 4669915.454863114282489 ], [ 369838.555639045778662, 4669912.609117237851024 ], [ 369822.542624366411474, 4669907.251201892271638 ], [ 369811.395343509793747, 4669903.180756869725883 ], [ 369798.440151103481185, 4669905.908153371885419 ], [ 369783.893245023617055, 4669912.374865268357098 ], [ 369761.720932648750022, 4669910.851882874965668 ], [ 369746.564166108611971, 4669914.719697366468608 ], [ 369721.614721463585738, 4669927.45457676332444 ], [ 369700.94445062475279, 4669939.688347577117383 ], [ 369695.573730634350795, 4669941.031680759042501 ] ] ] } },
{ "type": "Feature", "properties": { "highway": "track", "surface": "", "access": "", "bicycle": "", "foot": "", "length_km": 3.0197197122769861 }, "geometry": { "type": "MultiLineString", "coordinates": [ [ [ 369224.952584143029526, 4670083.494015704840422 ], [ 369222.357987757131923, 4670094.172012504190207 ], [ 369213.722623619367369, 4670122.167589425109327 ], [ 369201.948536573152523, 4670142.201843320392072 ], [ 369201.202185039001051, 4670144.725984790362418 ], [ 369200.618142131599598, 4670147.091609155759215 ], [ 369200.662040372611955, 4670149.456685805693269 ], [ 369200.391865334182512, 4670151.816484524868429 ], [ 369201.69700273044873, 4670154.469160543754697 ], [ 369202.687669916951563, 4670156.650052302516997 ], [ 369204.300299780850764, 4670158.508390974253416 ], [ 369206.223910407104995, 4670160.205453482456505 ], [ 369208.303851530246902, 4670161.421993716619909 ], [ 369210.686513861408457, 4670162.477411525323987 ], [ 369213.077435105107725, 4670163.532676830887794 ], [ 369215.303162652242463, 4670164.591008752584457 ], [ 369217.688312503043562, 4670165.335373494774103 ], [ 369220.861013090820052, 4670166.220627999864519 ], [ 369223.551768596633337, 4670166.959323178045452 ], [ 369226.552904453768861, 4670167.059133677743375 ], [ 369231.611085993994493, 4670167.587286826223135 ], [ 369276.704910344094969, 4670173.670588701963425 ], [ 369279.398148728301749, 4670174.098249698989093 ], [ 369297.80632524198154, 4670179.410502173937857 ], [ 369301.286997208488174, 4670182.200564227998257 ], [ 369328.243990603252314, 4670203.848929537460208 ], [ 369348.71903763251612, 4670227.061537445522845 ], [ 369367.060985335265286, 4670245.748576089739799 ], [ 369396.934492703410797, 4670265.632572912611067 ], [ 369420.97288640512852, 4670276.505591044202447 ], [ 369452.347358442726545, 4670283.321842692792416 ], [ 369457.562364080222324, 4670283.84724851232022 ], [ 369461.833111683954485, 4670284.245753302238882 ], [ 369464.517449519247748, 4670284.196027092635632 ], [ 369467.039476909209043, 4670284.304812942631543 ], [ 369469.409953646012582, 4670284.260902573354542 ], [ 369471.929101394081954, 4670284.214239115826786 ], [ 369476.034073290298693, 4670284.1382025629282 ], [ 369479.505942921561655, 4670284.229399239644408 ], [ 369482.34721112169791, 4670284.176773116923869 ], [ 369485.18847931700293, 4670284.124148141592741 ], [ 369487.872816997172777, 4670284.074430830776691 ], [ 369490.08386178384535, 4670284.344489021226764 ], [ 369493.088023996795528, 4670284.610966509208083 ], [ 369495.78387720673345, 4670285.183056415989995 ], [ 369498.631108274799772, 4670285.45244260225445 ], [ 369501.632562052807771, 4670286.018875134177506 ], [ 369504.331498288433068, 4670286.757522981613874 ], [ 369507.030433920910582, 4670287.496171848848462 ], [ 369545.264116818201728, 4670298.41775241587311 ], [ 369590.048990277631674, 4670321.803031828254461 ], [ 369606.126947488577571, 4670329.369572455063462 ], [ 369608.988537224358879, 4670330.416258004494011 ], [ 369614.224037359468639, 4670332.052143377251923 ], [ 369617.248306669120211, 4670333.406830606982112 ], [ 369619.790281812194735, 4670334.14842570386827 ], [ 369621.998428056831472, 4670334.263073775917292 ], [ 369624.502601484418847, 4670332.96159958653152 ], [ 369625.8825485627749, 4670330.736793369054794 ], [ 369627.102691003063228, 4670328.359439837746322 ], [ 369627.843580905057024, 4670325.979845964349806 ], [ 369628.409711316518951, 4670322.192839688621461 ], [ 369627.68067218066426, 4670317.174654350616038 ], [ 369628.694359666493256, 4670303.638136797584593 ], [ 369629.870751957350876, 4670298.895707367919385 ], [ 369631.085149919963442, 4670296.207452707923949 ], [ 369632.131277777138166, 4670293.355699714273214 ], [ 369633.04044485691702, 4670291.139605210162699 ], [ 369633.627286974107847, 4670288.918366546742618 ], [ 369633.732040169998072, 4670286.095137229189277 ], [ 369633.685409446828999, 4670283.574609636329114 ], [ 369633.633026940806303, 4670280.74317997135222 ], [ 369633.89988922025077, 4670277.75033993832767 ], [ 369634.016146511363331, 4670275.54891483578831 ], [ 369633.972597353218589, 4670273.194941965863109 ], [ 369633.925966906594113, 4670270.674414419569075 ], [ 369633.403365907201078, 4670268.329304167069495 ], [ 369633.362692538183182, 4670266.130782356485724 ], [ 369633.318937870906666, 4670263.765705872327089 ], [ 369633.90274430019781, 4670260.933614077977836 ], [ 369634.483838043292053, 4670258.401473579928279 ], [ 369635.395886852871627, 4670256.340830649249256 ], [ 369641.01147950073937, 4670244.129829452373087 ], [ 369642.229135468485765, 4670242.063534158281982 ], [ 369643.614858783548698, 4670240.14963430352509 ], [ 369645.781997303594835, 4670237.599262893199921 ], [ 369647.64139257883653, 4670235.832105991430581 ], [ 369649.654844829346985, 4670233.906595683656633 ], [ 369652.153308795648627, 4670232.294230378232896 ], [ 369654.9711825074628, 4670230.975858845748007 ], [ 369657.62982207670575, 4670229.982549647800624 ], [ 369660.459609474870376, 4670229.308191747404635 ], [ 369663.60305531398626, 4670228.616926185786724 ], [ 369667.060365057550371, 4670227.91985703073442 ], [ 369671.153867078595795, 4670227.22213080804795 ], [ 369673.829394582833629, 4670226.695028120651841 ], [ 369677.13285461749183, 4670226.167420970275998 ], [ 369679.811463058285881, 4670225.806875240057707 ], [ 369683.114718505123165, 4670225.268167269416153 ], [ 369688.475175732921343, 4670225.16903823800385 ], [ 369692.269190292106941, 4670225.254383517429233 ], [ 369694.474493900546804, 4670225.213603992015123 ], [ 369696.694011309475172, 4670225.494678117334843 ], [ 369699.224675850826316, 4670226.06990048661828 ], [ 369702.545588893117383, 4670226.48611506447196 ], [ 369704.92470613057958, 4670226.908637431450188 ], [ 369707.449620929313824, 4670227.172960689291358 ], [ 369709.997576505295001, 4670228.236594530753791 ], [ 369712.226077318366151, 4670229.450532348826528 ], [ 369714.454214685829356, 4670230.197965084575117 ], [ 369717.016332838917151, 4670232.027752877213061 ], [ 369719.721578974742442, 4670233.554994546808302 ], [ 369722.281025889329612, 4670235.240436830557883 ], [ 369724.663579886662774, 4670236.296026201918721 ], [ 369744.968476318696048, 4670250.382559449411929 ], [ 369747.068816417828202, 4670252.709620589390397 ], [ 369749.451360616949387, 4670253.765218151733279 ], [ 369751.978776533564087, 4670253.718502404168248 ], [ 369755.729625406209379, 4670251.916414599865675 ], [ 369758.989365771762095, 4670249.023769417777658 ], [ 369761.316345896455459, 4670246.62598492950201 ], [ 369763.631989865098149, 4670244.061799237504601 ], [ 369767.330159432953224, 4670238.961782856844366 ], [ 369769.794121046434157, 4670235.92834600340575 ], [ 369771.482250941277016, 4670233.386867614462972 ], [ 369773.797544364642818, 4670230.356179806403816 ], [ 369776.118585245334543, 4670227.636394849978387 ], [ 369777.981092395610176, 4670226.035827806219459 ], [ 369779.988631222164258, 4670223.788349946960807 ], [ 369781.691335953422822, 4670222.035232909023762 ], [ 369783.872891274222638, 4670220.262160331010818 ], [ 369786.043315637740307, 4670218.33379007037729 ], [ 369788.065631811565254, 4670216.885776986368001 ], [ 369791.827641190495342, 4670215.239007527939975 ], [ 369794.329372064094059, 4670214.248650196939707 ], [ 369796.685303499456495, 4670213.416491775773466 ], [ 369799.523725182458293, 4670213.208543194457889 ], [ 369801.877347347442992, 4670212.69854480214417 ], [ 369805.032505337672774, 4670212.64025048352778 ], [ 369807.559935556026176, 4670212.59355500806123 ], [ 369809.927918156259693, 4670212.860814362764359 ], [ 369812.307237155269831, 4670213.294476568698883 ], [ 369815.162890111154411, 4670214.019240344874561 ], [ 369817.850684324279428, 4670214.60270961932838 ], [ 369859.957016938133165, 4670221.37802211008966 ], [ 369862.809790189145133, 4670221.947354008443654 ], [ 369865.976631369267125, 4670222.521994552575052 ], [ 369868.977723279735073, 4670222.622077845968306 ], [ 369871.505149399745278, 4670222.57540522608906 ], [ 369874.189507202710956, 4670222.525835627689958 ], [ 369878.286250180215575, 4670222.450186765752733 ], [ 369881.429716472805012, 4670221.759018899872899 ], [ 369883.945661494799424, 4670221.090546735562384 ], [ 369886.606647582899313, 4670219.775166566483676 ], [ 369891.147799792757723, 4670217.814164240844548 ], [ 369894.419090078852605, 4670215.543387443758547 ], [ 369896.92390878853621, 4670214.719621489755809 ], [ 369899.422227737086359, 4670213.096241652965546 ], [ 369901.755356327746995, 4670211.47591248434037 ], [ 369904.09121080476325, 4670209.555633273907006 ], [ 369905.956415466614999, 4670208.099448203109205 ], [ 369907.975888121232856, 4670206.496019165962934 ], [ 369911.421194725320674, 4670204.699657569639385 ], [ 369914.404869954916649, 4670203.855950728990138 ], [ 369917.229298290680163, 4670203.337300191633403 ], [ 369920.06752064358443, 4670203.118296683765948 ], [ 369922.751885442063212, 4670203.068745754659176 ], [ 369925.122386045171879, 4670203.024989322759211 ], [ 369927.804434890684206, 4670203.297598411329091 ], [ 369930.023741879034787, 4670203.567642300389707 ], [ 369955.177765348809771, 4670206.879921669140458 ], [ 369957.548610916535836, 4670207.302681527100503 ], [ 369960.087721257586963, 4670207.888948427513242 ], [ 369963.736829051398672, 4670209.076748942025006 ], [ 369966.43287008383777, 4670209.660122220404446 ], [ 369969.131779068906326, 4670210.398947515524924 ], [ 369971.665291101788171, 4670211.12971830368042 ], [ 369974.364198903553188, 4670211.868545578792691 ], [ 369977.382706330681685, 4670212.912484696134925 ], [ 369980.078744573402219, 4670213.495863139629364 ], [ 369983.40824586560484, 4670214.378562774509192 ], [ 369987.684728553635068, 4670215.088288395665586 ], [ 369991.153747186530381, 4670215.024286698549986 ], [ 369993.672915475151967, 4670214.97781034745276 ], [ 369996.519942593993619, 4670215.236294187605381 ], [ 369999.04737033136189, 4670215.189667379483581 ], [ 370001.731729852152057, 4670215.140146436169744 ], [ 370004.250898014055565, 4670215.093673864379525 ], [ 370006.93525752669666, 4670215.044154904782772 ], [ 370009.939215692924336, 4670215.299749230034649 ], [ 370012.478318066685461, 4670215.886034848168492 ], [ 370014.68648978357669, 4670216.000806604512036 ], [ 370017.379450998676475, 4670216.417644589208066 ], [ 370019.753360945556778, 4670217.006979851983488 ], [ 370022.603457932011224, 4670217.432028822600842 ], [ 370024.829036972951144, 4670218.490613330155611 ], [ 370027.219806564855389, 4670219.546151710674167 ], [ 370029.448251322319265, 4670220.760188642889261 ], [ 370031.528023235150613, 4670221.976968307048082 ], [ 370033.762405288405716, 4670223.513012198731303 ], [ 370035.839650025882293, 4670225.040847420692444 ], [ 370037.777027495321818, 4670227.048881774768233 ], [ 370039.706144323572516, 4670229.057068969123065 ], [ 370041.327335746202152, 4670231.393050630576909 ], [ 370042.631591808691155, 4670233.568266281858087 ], [ 370043.776389877079055, 4670236.057430586777627 ], [ 370045.39757844270207, 4670238.393413142301142 ], [ 370046.387969656847417, 4670240.574417624622583 ], [ 370047.538158180541359, 4670242.907979199662805 ], [ 370061.947197830013465, 4670271.110583230853081 ], [ 370062.932186769670807, 4670273.44719323143363 ], [ 370063.922568185662385, 4670275.628200062550604 ], [ 370065.401143103430513, 4670278.744335703551769 ], [ 370066.557596759463195, 4670281.866411191411316 ], [ 370067.713709956849925, 4670284.521981553174555 ], [ 370068.550024671072606, 4670286.861333615146577 ], [ 370069.221354025707114, 4670289.214835282415152 ], [ 370069.421688088623341, 4670291.56591406557709 ], [ 370069.471029403852299, 4670294.241892085410655 ], [ 370069.520166006230284, 4670296.906766471453011 ], [ 370069.255647622747347, 4670299.588531661778688 ], [ 370068.828262305818498, 4670301.951184809207916 ], [ 370068.549752365448512, 4670304.322200337424874 ], [ 370067.965437949693296, 4670306.6877471646294 ], [ 370067.857850398868322, 4670309.366618858650327 ], [ 370067.912925289943814, 4670312.353498969227076 ], [ 370068.429985008668154, 4670314.854241589084268 ], [ 370069.269367549568415, 4670317.360148412175477 ], [ 370070.428340990678407, 4670320.17117022164166 ], [ 370070.945399402291514, 4670322.671913022175431 ], [ 370071.785119671199936, 4670325.644325462169945 ], [ 370072.316374017915223, 4670328.466921743005514 ], [ 370072.673635886283591, 4670330.815107186324894 ], [ 370073.036834811442532, 4670333.48529832623899 ], [ 370073.083104417193681, 4670335.994721844792366 ], [ 370074.72657267539762, 4670356.568681326694787 ], [ 370080.199096763099078, 4670379.5823187045753 ], [ 370082.441181581234559, 4670398.567989578470588 ], [ 370083.001293610665016, 4670402.956200691871345 ], [ 370083.85840243549319, 4670406.872424432076514 ], [ 370085.656531230080873, 4670410.293679582886398 ], [ 370088.390151661471464, 4670412.92016841750592 ], [ 370091.885069719632156, 4670414.266377031803131 ], [ 370096.155687160324305, 4670414.665263668633997 ], [ 370100.568697981361765, 4670414.272901144810021 ], [ 370104.31954047473846, 4670412.470998483709991 ], [ 370108.078644166118465, 4670410.668945615179837 ], [ 370125.449475219123997, 4670402.80682036280632 ], [ 370129.505049224186223, 4670400.055184650234878 ], [ 370135.417769233987201, 4670395.858682405203581 ], [ 370138.700376369466539, 4670393.754420720040798 ], [ 370141.646881558466703, 4670391.345347013324499 ], [ 370145.397206792084035, 4670389.065857869572937 ], [ 370148.508903464186005, 4670386.653743011876941 ], [ 370152.254043154069223, 4670384.540964502841234 ], [ 370155.51960303762462, 4670381.959406422451138 ], [ 370159.869005958782509, 4670378.113848303444684 ], [ 370162.65519424143713, 4670375.074615453369915 ], [ 370163.37853274756344, 4670371.284766680561006 ], [ 370162.356277624203358, 4670367.371578098274767 ], [ 370160.247184710460715, 4670364.111538366414607 ], [ 370157.664773961645551, 4670361.171228365041316 ], [ 370155.05924072349444, 4670356.976207525469363 ], [ 370153.739974947588053, 4670353.535004368051887 ], [ 370153.656086159753613, 4670348.982510466128588 ], [ 370153.580790914420504, 4670344.896369622088969 ], [ 370153.508360212785192, 4670340.965679810382426 ], [ 370154.22057454159949, 4670337.020531451329589 ], [ 370158.426594166026916, 4670299.833162100054324 ], [ 370154.055735049652867, 4670267.990996993146837 ], [ 370153.859320956165902, 4670248.812115325592458 ], [ 370146.552599141432438, 4670194.8536591026932 ], [ 370130.477537253755145, 4670144.833317599259317 ], [ 370122.216869685915299, 4670107.720192527398467 ], [ 370120.605498403485399, 4670079.914717710576952 ], [ 370118.952582383877598, 4670075.857654059305787 ], [ 370117.48463598289527, 4670073.318896974436939 ], [ 370107.370420586608816, 4670055.788993000984192 ], [ 370086.158937981119379, 4670043.60640069656074 ], [ 370068.506156525458209, 4670036.22330307867378 ], [ 370066.07479778805282, 4670032.969229209236801 ], [ 370065.054773006646428, 4670028.733896635472775 ], [ 370064.808505933149718, 4670024.339901451952755 ], [ 370064.901228971313685, 4670020.406167468987405 ], [ 370066.729053277522326, 4670016.918061338365078 ], [ 370068.556674755818676, 4670013.418852102942765 ], [ 370068.95501325011719, 4670009.479483681730926 ], [ 370069.042550242622383, 4670005.71245676279068 ], [ 370068.188263718562666, 4670001.951686887070537 ], [ 370064.829605183273088, 4669999.492228821851313 ], [ 370060.692741981765721, 4669997.846854628063738 ], [ 370056.732333743479103, 4669996.809136928990483 ], [ 370052.766940318397246, 4669995.949231954291463 ], [ 370049.117536542238668, 4669994.750279965810478 ], [ 370045.300273126573302, 4669993.410028813406825 ], [ 370041.32265993457986, 4669991.439614028669894 ], [ 370037.963986721413676, 4669988.980168482288718 ], [ 370035.227529818832409, 4669986.209349509328604 ], [ 370033.118068349373061, 4669982.93824221380055 ], [ 370032.409570812131278, 4669979.019283483736217 ], [ 370030.765388409956358, 4669975.43969591986388 ], [ 370022.000051802955568, 4669962.072522112168372 ], [ 370019.257639566902071, 4669958.979703570716083 ], [ 370014.158636207750533, 4669956.241359382867813 ], [ 370008.423618484288454, 4669953.514750174246728 ], [ 369975.186338405532297, 4669939.821545740589499 ], [ 369937.683942984440364, 4669926.051701201125979 ], [ 369920.841424303827807, 4669920.06464518699795 ], [ 369916.576438420161139, 4669919.987863655202091 ], [ 369912.636458489287179, 4669920.060589406639338 ], [ 369908.217403419781476, 4669920.142160745337605 ], [ 369904.294846069940832, 4669921.158700418658555 ], [ 369900.686720617290121, 4669922.6470569325611 ], [ 369897.255273916351143, 4669924.754169366322458 ], [ 369893.338809846900403, 4669926.548122412525117 ], [ 369889.573196167417336, 4669927.561773107387125 ], [ 369885.636645315564238, 4669928.26757394336164 ], [ 369881.225854917895049, 4669928.349009823985398 ], [ 369876.954927179554943, 4669927.950246846303344 ], [ 369873.299919735873118, 4669926.451586307026446 ], [ 369871.031112412805669, 4669923.505581518635154 ], [ 369868.134549577895086, 4669920.571168879978359 ], [ 369864.92697786341887, 4669917.798004195094109 ], [ 369861.289419187232852, 4669915.454863114282489 ], [ 369828.034242024412379, 4669894.109647531062365 ], [ 369824.983581474516541, 4669891.333601765334606 ], [ 369821.781722173735034, 4669888.871358031406999 ], [ 369817.295986624958459, 4669885.344303496181965 ], [ 369813.623304058914073, 4669882.89076032768935 ], [ 369810.886511684395373, 4669880.108922357670963 ], [ 369807.510472743189894, 4669876.716878440231085 ], [ 369803.983234634506516, 4669873.638637220486999 ], [ 369800.787308766273782, 4669871.498408248648047 ], [ 369797.118046029296238, 4669869.677933408878744 ], [ 369793.163471274659969, 4669868.962367018684745 ], [ 369788.418809662165586, 4669868.416904416866601 ], [ 369784.156660064239986, 4669868.495653208345175 ], [ 369780.048577776236925, 4669868.416053842753172 ], [ 369775.809255169704556, 4669869.28301337826997 ], [ 369771.552850894222502, 4669869.672671678476036 ], [ 369767.29070182540454, 4669869.751430689357221 ], [ 369763.185492344084196, 4669869.827292098663747 ], [ 369759.242609673179686, 4669869.744652047753334 ], [ 369739.442255709203891, 4669866.023058625869453 ], [ 369735.792931364791002, 4669864.835370026528835 ], [ 369731.804020860698074, 4669862.709828454069793 ], [ 369727.980102465138771, 4669860.570131809450686 ], [ 369713.263878022553399, 4669849.834703614003956 ], [ 369708.984267803258263, 4669848.969688360579312 ], [ 369704.402477281924803, 4669848.743386013433337 ], [ 369699.983374538714997, 4669848.825086929835379 ], [ 369695.570020069018938, 4669849.217692490667105 ], [ 369660.109384120791219, 4669852.08379559405148 ], [ 369623.6169479098171, 4669858.579083256423473 ], [ 369619.218186455604155, 4669859.760095230303705 ], [ 369615.28967278538039, 4669860.45479026902467 ], [ 369611.050729574926663, 4669861.788354879245162 ], [ 369607.114163107820787, 4669862.494310978800058 ], [ 369602.703901660686824, 4669863.053529583849013 ], [ 369598.903362594312057, 4669862.179716951213777 ], [ 369594.923035324958619, 4669860.520604729652405 ], [ 369592.182693888782524, 4669857.105789362452924 ], [ 369591.154308104538359, 4669852.881776044145226 ], [ 369590.610754625755362, 4669848.959799867123365 ], [ 369589.748142119089607, 4669845.210339222103357 ], [ 369587.93484644847922, 4669840.989742923527956 ], [ 369585.185864799364936, 4669837.1085772998631 ], [ 369575.188350395124871, 4669825.975102066993713 ], [ 369562.90341643395368, 4669810.007807389833033 ], [ 369555.421696137578692, 4669798.194672619923949 ], [ 369546.490319205040578, 4669793.328314470127225 ], [ 369527.842819397163112, 4669783.610158241353929 ], [ 369516.775854412699118, 4669782.559902633540332 ], [ 369509.131455082795583, 4669778.924904257059097 ], [ 369503.660046066273935, 4669773.050404639914632 ], [ 369501.948524400533643, 4669765.851148397661746 ], [ 369499.922909653338138, 4669758.646600901149213 ], [ 369496.621978353243321, 4669750.843651540577412 ], [ 369493.004857588442974, 4669743.368674366734922 ], [ 369489.407504043658264, 4669736.515349716879427 ], [ 369486.760061139648315, 4669729.644436196424067 ], [ 369483.784709857893176, 4669722.468587387353182 ], [ 369478.31073541555088, 4669716.905161312781274 ], [ 369473.147383462404832, 4669710.71396953985095 ], [ 369467.057339917810168, 4669705.79508550465107 ], [ 369462.207857284229249, 4669699.598088072612882 ], [ 369456.73635012935847, 4669693.72362332418561 ], [ 369451.898367951042019, 4669688.148436399176717 ], [ 369448.922965631936677, 4669680.972601570188999 ], [ 369446.261240215797443, 4669673.779850014485419 ], [ 369443.916105196578428, 4669666.281333832070231 ], [ 369440.934721877099946, 4669658.78349675424397 ], [ 369437.965056907618418, 4669651.918568171560764 ], [ 369436.56733511632774, 4669644.713512353599072 ], [ 369431.420758891326841, 4669622.482883987948298 ], [ 369428.131215123925358, 4669615.301768815144897 ], [ 369423.906162695784587, 4669608.471209748648107 ], [ 369419.35874487349065, 4669601.635517900809646 ], [ 369414.50894715328468, 4669595.42744807805866 ], [ 369409.342954884516075, 4669589.547355778515339 ], [ 369405.123630482528824, 4669583.027709287591279 ], [ 369400.884105155710131, 4669575.864207398146391 ], [ 369397.280823595938273, 4669568.700025780126452 ], [ 369393.99718944018241, 4669561.840931207872927 ], [ 369391.027442831778899, 4669554.976021468639374 ], [ 369387.116009080549702, 4669548.128563217818737 ], [ 369380.389720306731761, 4669543.221537430770695 ], [ 369373.061385397042613, 4669539.269808575510979 ], [ 369366.360831089608837, 4669535.306451752781868 ], [ 369358.364913525525481, 4669530.111968668177724 ], [ 369351.652610455581453, 4669525.515718280337751 ], [ 369345.254193714936264, 4669520.913655488751829 ], [ 369337.911791342543438, 4669516.651213672012091 ], [ 369330.583404114993755, 4669512.699527973309159 ], [ 369323.252512168022804, 4669509.058904660865664 ], [ 369315.939111531479284, 4669506.362097802571952 ], [ 369308.326040126383305, 4669503.992970914579928 ], [ 369266.098234203876927, 4669490.936195341870189 ], [ 369257.829073431959841, 4669487.946165760047734 ], [ 369250.195753510750365, 4669484.933243191801012 ], [ 369239.064200187392998, 4669480.430181916803122 ], [ 369231.140450635401066, 4669478.688917401246727 ], [ 369222.926079415890854, 4669478.208196504972875 ], [ 369215.00829749845434, 4669476.788955408148468 ], [ 369207.671329602831975, 4669472.826444867067039 ], [ 369200.650948004622478, 4669468.558165339753032 ], [ 369168.267420512100216, 4669458.784813800826669 ], [ 369162.188488790532574, 4669454.487988919951022 ], [ 369156.103778257442173, 4669449.880267358385026 ], [ 369150.945724019547924, 4669444.000205119140446 ], [ 369146.778639552299865, 4669440.312134322710335 ], [ 369142.833007144974545, 4669440.540888659656048 ], [ 369139.072993308829609, 4669441.865837863646448 ], [ 369136.772321544529404, 4669445.685088899917901 ], [ 369135.186460284807254, 4669453.734120235778391 ], [ 369135.259438389504794, 4669457.664807158522308 ], [ 369135.343961115984712, 4669462.217297690920532 ], [ 369133.845168325526174, 4669466.49928321223706 ], [ 369132.020522678038105, 4669470.143086316064 ], [ 369129.714092221460305, 4669473.651438313536346 ], [ 369119.022264530649409, 4669484.379839221946895 ] ] ] } },
{ "type": "Feature", "properties": { "highway": "path", "surface": "", "access": "", "bicycle": "", "foot": "", "length_km": 0.61931326004831422 }, "geometry": { "type": "MultiLineString", "coordinates": [ [ [ 369386.518086172349285, 4669869.444888602942228 ], [ 369383.229673607391305, 4669871.238596511073411 ], [ 369382.934180385025684, 4669877.586429663002491 ], [ 369370.02170575101627, 4669875.48208274692297 ], [ 369350.065924971539062, 4669873.641615456901491 ], [ 369346.811899452586658, 4669877.289648665115237 ], [ 369353.335687337676063, 4669893.574422815814614 ], [ 369352.560739276523236, 4669896.343438087962568 ], [ 369336.151748804724775, 4669892.382383120246232 ], [ 369326.698175468773115, 4669889.658614866435528 ], [ 369319.368267907295376, 4669882.485819067806005 ], [ 369318.121216878469568, 4669890.095337332226336 ], [ 369318.39464328502072, 4669904.840973154641688 ], [ 369322.164603685960174, 4669913.8680773191154 ], [ 369314.730333071900532, 4669916.21631505805999 ], [ 369308.451275380619336, 4669913.578103294596076 ], [ 369302.789881419623271, 4669906.374383448623121 ], [ 369294.411154855741188, 4669895.222377701662481 ], [ 369289.655015633674338, 4669892.278250933624804 ], [ 369291.78204439219553, 4669902.713137190788984 ], [ 369293.159653224865906, 4669909.71861014701426 ], [ 369290.176452173735015, 4669920.392671850509942 ], [ 369288.692698022641707, 4669929.939285865984857 ], [ 369293.403588653716724, 4669945.146888035349548 ], [ 369295.214778172783554, 4669953.255066183395684 ], [ 369293.220861522480845, 4669965.143708585761487 ], [ 369292.861855340190232, 4669975.635811420157552 ], [ 369293.971623884455767, 4669990.921311977319419 ], [ 369284.753651856910437, 4670016.039645335637033 ], [ 369277.241412813658826, 4670036.450111157260835 ], [ 369273.860553483478725, 4670047.953514029271901 ], [ 369270.995333877042867, 4670072.554163073189557 ], [ 369268.869890802307054, 4670099.618056423030794 ], [ 369260.993225180543959, 4670122.645563294179738 ], [ 369253.779009517631494, 4670136.841461590491235 ], [ 369257.227330008056015, 4670143.67522179055959 ], [ 369292.951960602775216, 4670174.724329343065619 ], [ 369301.286997208488174, 4670182.200564227998257 ], [ 369307.968677747529, 4670193.19521549064666 ], [ 369316.297819596133195, 4670202.137761511839926 ], [ 369324.145423165813554, 4670222.541042488068342 ], [ 369337.871535798476543, 4670253.853933495469391 ], [ 369347.177872049971484, 4670262.922790143638849 ], [ 369348.383883587666787, 4670263.416684277355671 ] ], [ [ 369365.900628926232457, 4670270.59026222396642 ], [ 369375.201740991382394, 4670274.399317564442754 ], [ 369379.988905519247055, 4670278.586952561512589 ], [ 369384.35880795615958, 4670283.947492800652981 ] ] ] } },
{ "type": "Feature", "properties": { "highway": "track", "surface": "", "access": "", "bicycle": "", "foot": "", "length_km": 0.1484627749924945 }, "geometry": { "type": "MultiLineString", "coordinates": [ [ [ 369963.736829051398672, 4670209.076748942025006 ], [ 369978.237268591008615, 4670205.04376928601414 ], [ 369993.835321709571872, 4670205.866728423163295 ], [ 370001.836376133200247, 4670201.553840011358261 ], [ 370002.856310515839141, 4670196.825478250160813 ], [ 369988.298004364070948, 4670177.122913739643991 ], [ 369980.66907951887697, 4670171.15458536054939 ], [ 369966.97630743397167, 4670168.363803332671523 ], [ 369956.086795674345922, 4670151.370458698831499 ], [ 369949.623372863628902, 4670132.895910447463393 ], [ 369945.602063551486935, 4670126.316777075640857 ], [ 369937.501622753276024, 4670124.80016352981329 ] ] ] } },
{ "type": "Feature", "properties": { "highway": "track", "surface": "", "access": "", "bicycle": "", "foot": "", "length_km": 0.03241211519374284 }, "geometry": { "type": "MultiLineString", "coordinates": [ [ [ 369775.276164687995333, 4670419.87583248782903 ], [ 369777.013298915699124, 4670421.800086260773242 ], [ 369779.21305146755185, 4670424.591830351389945 ], [ 369782.581624766578898, 4670428.03952884953469 ], [ 369785.929418812855147, 4670430.810059051960707 ], [ 369790.985759044997394, 4670434.38207633793354 ], [ 369793.952182113891467, 4670437.081905395723879 ], [ 369794.779197498690337, 4670438.053359918296337 ] ], [ [ 369804.120788870786782, 4670451.006638498976827 ], [ 369807.185481023625471, 4670455.720030464231968 ] ] ] } },
{ "type": "Feature", "properties": { "highway": "track", "surface": "", "access": "", "bicycle": "", "foot": "", "length_km": 0.22350013460138515 }, "geometry": { "type": "MultiLineString", "coordinates": [ [ [ 370135.417769233987201, 4670395.858682405203581 ], [ 370138.632276964432094, 4670397.232296878471971 ], [ 370145.492876587784849, 4670400.98235144559294 ], [ 370146.293715926469304, 4670409.020469454117119 ], [ 370145.789784906897694, 4670417.093739843927324 ], [ 370147.235054577467963, 4670425.131089618429542 ], [ 370155.456116526154801, 4670449.804667406715453 ], [ 370174.969579455384519, 4670490.076036972925067 ], [ 370182.143159410858061, 4670528.30888063646853 ], [ 370181.343153089517727, 4670537.353948851116002 ], [ 370179.866943640052341, 4670545.123015746474266 ], [ 370179.699292758770753, 4670553.512203686870635 ], [ 370179.847612598910928, 4670561.562347665429115 ], [ 370179.996137227397412, 4670569.623595385812223 ], [ 370182.401733172649983, 4670577.321142948232591 ], [ 370185.781697020400316, 4670584.989632170647383 ], [ 370190.122243194608018, 4670592.32941806409508 ], [ 370193.812637722818181, 4670599.359068837016821 ], [ 370195.461800020595547, 4670602.771985872648656 ] ] ] } },
{ "type": "Feature", "properties": { "highway": "path", "surface": "", "access": "", "bicycle": "", "foot": "", "length_km": 0.21035465996352784 }, "geometry": { "type": "MultiLineString", "coordinates": [ [ [ 370527.657570731011219, 4670380.721114865504205 ], [ 370542.836340825771913, 4670362.348297505639493 ], [ 370546.187496707541868, 4670359.920857511460781 ], [ 370566.866847513709217, 4670357.175106473267078 ], [ 370572.969292840862181, 4670338.102707260288298 ], [ 370594.437730667879805, 4670341.429393963888288 ], [ 370599.021217182220425, 4670331.870622910559177 ], [ 370589.44716280605644, 4670310.375935475341976 ], [ 370598.30352338089142, 4670311.235173928551376 ], [ 370611.673889769997913, 4670318.09838311560452 ], [ 370618.999441056570504, 4670309.83327173255384 ], [ 370609.113801557570696, 4670289.36615985352546 ], [ 370615.809910887852311, 4670284.167134812101722 ], [ 370635.249141199165024, 4670283.166008900851011 ] ] ] } },
{ "type": "Feature", "properties": { "highway": "path", "surface": "", "access": "", "bicycle": "", "foot": "", "length_km": 0.2871914988492188 }, "geometry": { "type": "MultiLineString", "coordinates": [ [ [ 370392.13440390501637, 4670420.300143771804869 ], [ 370400.133570901060011, 4670414.988074373453856 ], [ 370408.201681796461344, 4670413.873343353159726 ], [ 370416.591908555827104, 4670412.752697930671275 ], [ 370425.008160858706106, 4670412.597927619703114 ], [ 370432.473496671067551, 4670413.749110641889274 ], [ 370439.968637093028519, 4670416.52143338881433 ], [ 370446.518569588777609, 4670420.910607349127531 ], [ 370452.752300850057509, 4670425.627714935690165 ], [ 370459.006326764822006, 4670430.999790983274579 ], [ 370466.194539494579658, 4670435.055133601650596 ], [ 370473.695562193868682, 4670438.149497150443494 ], [ 370481.807426478015259, 4670438.966732043772936 ], [ 370488.191389940329827, 4670434.328682200051844 ], [ 370492.593201755080372, 4670427.48337540961802 ], [ 370513.758466584375128, 4670399.03713099937886 ], [ 370517.187861970043741, 4670391.876489461399615 ], [ 370521.601563836622518, 4670385.675213675945997 ], [ 370527.657570731011219, 4670380.721114865504205 ], [ 370535.733994698850438, 4670379.606379454955459 ], [ 370543.217293815803714, 4670381.734800545498729 ], [ 370553.720069694565609, 4670389.916823598556221 ], [ 370558.120886772405356, 4670393.357022152282298 ], [ 370555.855910700862296, 4670399.141149936243892 ], [ 370547.898002476897091, 4670402.208586403168738 ], [ 370538.672337579657324, 4670404.177477714605629 ], [ 370538.063209976418875, 4670407.898537422530353 ], [ 370535.981883499538526, 4670411.53557204362005 ], [ 370532.236368893762119, 4670416.780433930456638 ], [ 370530.570285328140017, 4670424.130816922523081 ], [ 370526.155680051771924, 4670429.832272134721279 ], [ 370521.745366754592396, 4670435.766906820237637 ], [ 370517.483745519537479, 4670443.49820982851088 ], [ 370509.814288253895938, 4670448.770762843079865 ] ] ] } },
{ "type": "Feature", "properties": { "highway": "track", "surface": "", "access": "", "bicycle": "", "foot": "", "length_km": 0.040558431814331587 }, "geometry": { "type": "MultiLineString", "coordinates": [ [ [ 370392.13440390501637, 4670420.300143771804869 ], [ 370399.325005209480878, 4670424.033261657692492 ], [ 370406.19961213413626, 4670428.105420205742121 ], [ 370414.949641997460276, 4670430.377018735744059 ], [ 370420.671135707583744, 4670431.949017707258463 ], [ 370425.960692872002255, 4670433.395675242878497 ], [ 370429.60206314426614, 4670435.072577046230435 ] ] ] } },
{ "type": "Feature", "properties": { "highway": "track", "surface": "", "access": "", "bicycle": "", "foot": "", "length_km": 0.023526780040541078 }, "geometry": { "type": "MultiLineString", "coordinates": [ [ [ 370408.212134525820147, 4670444.540679989382625 ], [ 370411.942838071030565, 4670442.539380566217005 ], [ 370415.559230082319118, 4670440.162533878348768 ], [ 370419.400371689232998, 4670438.325818578712642 ], [ 370424.468791674415115, 4670436.733114392496645 ], [ 370429.60206314426614, 4670435.072577046230435 ] ] ] } },
{ "type": "Feature", "properties": { "highway": "track", "surface": "", "access": "", "bicycle": "", "foot": "", "length_km": 0.0048294478226817159 }, "geometry": { "type": "MultiLineString", "coordinates": [ [ [ 370403.58564052847214, 4670445.903120304457843 ], [ 370406.069734322896693, 4670445.302063083276153 ], [ 370408.212134525820147, 4670444.540679989382625 ] ] ] } },
{ "type": "Feature", "properties": { "highway": "track", "surface": "", "access": "", "bicycle": "", "foot": "", "length_km": 0.071783996173690093 }, "geometry": { "type": "MultiLineString", "coordinates": [ [ [ 370429.60206314426614, 4670435.072577046230435 ], [ 370432.64529133978067, 4670436.571653462946415 ], [ 370435.747261540615, 4670438.569483913481236 ], [ 370437.892989578947891, 4670440.684864787384868 ], [ 370440.104697827249765, 4670443.243328986689448 ], [ 370444.180271096527576, 4670451.909914561547339 ], [ 370446.591527940065134, 4670459.929551033303142 ], [ 370448.996655335649848, 4670467.616078992374241 ], [ 370453.647256467724219, 4670474.306087761186063 ], [ 370460.843689093599096, 4670478.361272430047393 ], [ 370468.619220215070527, 4670478.862559112720191 ], [ 370476.707362466666382, 4670478.391764509491622 ] ] ] } },
{ "type": "Feature", "properties": { "highway": "path", "surface": "", "access": "", "bicycle": "", "foot": "", "length_km": 0.044634380026405213 }, "geometry": { "type": "MultiLineString", "coordinates": [ [ [ 370476.707362466666382, 4670478.391764509491622 ], [ 370483.419519219023641, 4670474.080897501669824 ], [ 370490.426339648489375, 4670467.820827300660312 ], [ 370495.826396887539886, 4670462.24563155695796 ], [ 370502.204429195728153, 4670457.285588326863945 ], [ 370509.814288253895938, 4670448.770762843079865 ] ] ] } },
{ "type": "Feature", "properties": { "highway": "path", "surface": "", "access": "", "bicycle": "", "foot": "", "length_km": 0.71288332603401583 }, "geometry": { "type": "MultiLineString", "coordinates": [ [ [ 370792.655190337914973, 4670273.358170635998249 ], [ 370797.283436236961279, 4670273.884214553050697 ], [ 370802.853639840439428, 4670275.314902926795185 ], [ 370807.487583445035852, 4670276.15185537468642 ], [ 370811.801965998369269, 4670276.683663015253842 ], [ 370816.135802982549649, 4670277.826021983288229 ], [ 370820.16717747587245, 4670279.595941014587879 ], [ 370824.523604680318385, 4670281.970808922313154 ], [ 370828.282958401250653, 4670285.578434928320348 ], [ 370831.748106255952735, 4670289.813468406908214 ], [ 370833.385521052230615, 4670295.303816616535187 ], [ 370834.406035707332194, 4670300.494466644711792 ], [ 370834.507190716918558, 4670306.01297508366406 ], [ 370835.516712836688384, 4670310.604028807953 ], [ 370838.062283981242217, 4670315.155819815583527 ], [ 370839.069038562884089, 4670320.046823675744236 ], [ 370839.467155814403668, 4670324.637977339327335 ], [ 370839.562608938314952, 4670329.845584063790739 ], [ 370839.652566972654313, 4670334.753392568789423 ], [ 370838.817472317430656, 4670339.678157012909651 ], [ 370837.376679166336544, 4670344.913923039101064 ], [ 370835.316637842624914, 4670350.172147832810879 ], [ 370832.928410088818055, 4670354.203471133485436 ], [ 370830.551379920041654, 4670358.845495510846376 ], [ 370828.474250549275894, 4670363.171016875654459 ], [ 370826.102925982268061, 4670368.123944866470993 ], [ 370823.725905446568504, 4670372.765971845947206 ], [ 370821.623747382545844, 4670375.725747780874372 ], [ 370824.113126244279556, 4670377.212929259054363 ], [ 370826.860266386880539, 4670376.085154118016362 ], [ 370828.990719139634166, 4670374.668785735033453 ], [ 370830.818222437403165, 4670373.402367234230042 ], [ 370832.951612008793745, 4670372.596851679496467 ], [ 370833.921642066910863, 4670375.033799316734076 ], [ 370832.584461766819004, 4670377.357536585070193 ], [ 370829.105925346550066, 4670380.953445951454341 ], [ 370825.761726053548045, 4670383.313976312987506 ], [ 370823.639825871796347, 4670385.196698649786413 ], [ 370821.680350406095386, 4670387.376343070529401 ], [ 370820.183399306435604, 4670389.547508778050542 ], [ 370819.163221424620133, 4670392.487450282089412 ], [ 370818.128881802142132, 4670395.105537816882133 ], [ 370817.711346588330343, 4670397.567921767011285 ], [ 370817.447889077709988, 4670399.871977826580405 ], [ 370817.341649381502066, 4670402.639661255292594 ], [ 370817.386637163348496, 4670405.093565796501935 ], [ 370818.350969110964797, 4670407.219609498977661 ], [ 370820.543089133454487, 4670409.167641300708055 ], [ 370822.724215891794302, 4670410.516077172011137 ], [ 370825.681600222480483, 4670412.294578166678548 ], [ 370827.865371135470923, 4670413.787362920120358 ], [ 370864.499305057863239, 4670430.909901900216937 ], [ 370868.541772792639676, 4670433.290547026321292 ], [ 370872.898090630653314, 4670435.665442918427289 ], [ 370876.962934732553549, 4670439.267493228428066 ], [ 370879.502943336148746, 4670443.51950016990304 ], [ 370882.056701833498664, 4670448.071154945529997 ], [ 370885.502089230751153, 4670451.684560873545706 ], [ 370890.16398271516664, 4670454.05386752076447 ], [ 370894.814683461212553, 4670455.812476945109665 ], [ 370899.465178350335918, 4670457.559985749423504 ], [ 370903.832659253850579, 4670460.545600522309542 ], [ 370907.575199961545877, 4670463.24276824388653 ], [ 370910.426266456372105, 4670467.788985528983176 ], [ 370913.579992649087217, 4670471.718753938563168 ], [ 370916.419864345749374, 4670475.654273292049766 ], [ 370919.259732956707012, 4670479.589793744497001 ], [ 370922.413449179613963, 4670483.519565950147808 ], [ 370925.861566308070906, 4670486.833041351288557 ], [ 370929.001321471179835, 4670490.452065737918019 ], [ 370933.057687076565344, 4670493.143497501499951 ], [ 370937.116772961046081, 4670496.434679450467229 ], [ 370940.55918238684535, 4670499.437259859405458 ], [ 370944.601584766467568, 4670501.817947418428957 ], [ 370948.049682592391036, 4670505.131433336064219 ], [ 370951.497777202050202, 4670508.444920885376632 ], [ 370962.453018225962296, 4670518.363096987828612 ], [ 370965.60100005439017, 4670521.981985872611403 ], [ 370968.752106230007485, 4670526.222831280902028 ], [ 370972.516953458252829, 4670530.141432991251349 ], [ 370977.467478749807924, 4670531.583597720600665 ], [ 370981.801130578154698, 4670532.726054917089641 ], [ 370992.089003416826017, 4670539.590861732140183 ], [ 370993.359057914582081, 4670541.722436813637614 ], [ 370993.555294046062045, 4670544.317967060022056 ], [ 370992.9947374984622, 4670547.093963891267776 ], [ 370992.577153798658401, 4670549.556336897425354 ], [ 370992.622082658461295, 4670552.010241732001305 ], [ 370995.09164344985038, 4670552.42042856477201 ], [ 370997.376226057764143, 4670551.301186725497246 ], [ 370999.021781940595247, 4670548.671936258673668 ], [ 371000.212957923824433, 4670546.495299557223916 ], [ 371002.357416332000867, 4670545.845134107396007 ], [ 371003.018932106846478, 4670548.132247490808368 ], [ 371003.063857310567982, 4670550.5861523039639 ], [ 371002.951858773478307, 4670553.042930035851896 ], [ 371002.531426139292307, 4670555.349851417355239 ], [ 371003.050043949740939, 4670558.405989021994174 ], [ 371004.625680051394738, 4670560.531971437856555 ], [ 371006.966290352342185, 4670562.021937284618616 ], [ 371009.290103073057253, 4670563.04570212867111 ], [ 371011.165557649568655, 4670564.399789128452539 ], [ 371013.497906115255319, 4670565.889908289536834 ], [ 371016.146742857294157, 4670567.518630297854543 ], [ 371020.034928134642541, 4670569.602283040992916 ], [ 371022.207504065998364, 4670570.939826568588614 ], [ 371024.236828590859659, 4670572.124489846639335 ], [ 371025.960842198343016, 4670573.78125146124512 ], [ 371026.490904681850225, 4670577.914595074020326 ], [ 371033.221445765288081, 4670591.297951485030353 ], [ 371071.738973383966368, 4670617.072993510402739 ], [ 371080.207169022003654, 4670628.802920093759894 ], [ 371073.95689380064141, 4670638.047535286284983 ], [ 371098.368867300683632, 4670669.567864802666008 ], [ 371087.406485933111981, 4670696.714884357526898 ], [ 371075.547300452017225, 4670700.130796258337796 ], [ 371083.257123231363948, 4670720.53834262304008 ], [ 371076.923427013563924, 4670725.219360375776887 ], [ 371061.81796751730144, 4670726.406582613475621 ], [ 371061.21909152623266, 4670742.889761657454073 ] ] ] } },
{ "type": "Feature", "properties": { "highway": "track", "surface": "", "access": "", "bicycle": "", "foot": "", "length_km": 0.33140400150081462 }, "geometry": { "type": "MultiLineString", "coordinates": [ [ [ 370195.461800020595547, 4670602.771985872648656 ], [ 370197.514684829802718, 4670607.021629365161061 ], [ 370205.659868441754952, 4670610.103839227929711 ], [ 370214.061700232559815, 4670609.62695799022913 ], [ 370219.461227896565106, 4670604.040438354946673 ], [ 370218.65667360147927, 4670595.347044684924185 ], [ 370214.96650703297928, 4670588.328485099598765 ], [ 370212.232912554754876, 4670580.314854603260756 ], [ 370212.734568809741177, 4670572.56374628469348 ], [ 370215.835736159060616, 4670565.097978599369526 ], [ 370219.264744221814908, 4670557.937181749381125 ], [ 370223.349836332898121, 4670551.408532936125994 ], [ 370227.101171726477332, 4670544.252911361865699 ], [ 370231.186279586458113, 4670537.724267565645278 ], [ 370234.931700643326622, 4670530.246644915081561 ], [ 370238.032707880600356, 4670522.769784771837294 ], [ 370240.80335372663103, 4670515.299010148271918 ], [ 370246.197253205231391, 4670509.401611812412739 ], [ 370253.239411784801632, 4670505.073334291577339 ], [ 370260.287712335179094, 4670501.0781733924523 ], [ 370266.337716658483259, 4670495.812940815463662 ], [ 370271.075370539096184, 4670489.27230874914676 ], [ 370275.142768055899069, 4670481.777675489895046 ], [ 370278.894196112814825, 4670474.622084243223071 ], [ 370286.62212604272645, 4670472.536021328531206 ], [ 370294.129123865859583, 4670475.952200509607792 ], [ 370301.331580334634054, 4670480.329230022616684 ], [ 370309.458872132236138, 4670482.434440774843097 ], [ 370317.198858132702298, 4670481.003526400774717 ], [ 370325.243179665529169, 4670478.600675569847226 ], [ 370332.607730690622702, 4670474.27765504643321 ], [ 370340.294197410403285, 4670469.937611562199891 ], [ 370361.451013030367903, 4670458.585325801745057 ], [ 370364.544133145594969, 4670451.119781435467303 ], [ 370365.692533866385929, 4670443.034679684787989 ], [ 370366.835013747855555, 4670434.627572611905634 ], [ 370369.599910264776554, 4670426.834847778081894 ], [ 370376.314392413420137, 4670422.201721146702766 ], [ 370383.726419237442315, 4670420.454801632091403 ], [ 370392.13440390501637, 4670420.300143771804869 ] ] ] } },
{ "type": "Feature", "properties": { "highway": "path", "surface": "ground", "access": "", "bicycle": "", "foot": "", "length_km": 0.42174757828456449 }, "geometry": { "type": "MultiLineString", "coordinates": [ [ [ 370408.212134525820147, 4670444.540679989382625 ], [ 370407.238355537643656, 4670448.646112249232829 ], [ 370405.950249106506817, 4670454.079106317833066 ], [ 370403.874815369956195, 4670461.625879927538335 ], [ 370401.900630201038439, 4670468.837570204399526 ], [ 370400.276035528397188, 4670473.943532666191459 ], [ 370398.568394335801713, 4670477.229409413412213 ], [ 370395.351649195770733, 4670480.220929517410696 ], [ 370391.639147968147881, 4670483.21046273317188 ], [ 370386.871803231711965, 4670485.897286852821708 ], [ 370381.204089896462392, 4670488.14527356158942 ], [ 370374.874824144353624, 4670490.361005538143218 ], [ 370369.200172511977144, 4670492.231478157453239 ], [ 370364.65073412732454, 4670494.63662397954613 ], [ 370360.388883200357668, 4670498.302725672721863 ], [ 370356.615820115956012, 4670503.836988117545843 ], [ 370354.210815231490415, 4670508.735173977911472 ], [ 370352.690862055053003, 4670513.23942434322089 ], [ 370351.415887587994803, 4670519.383063409477472 ], [ 370349.862442392099183, 4670528.353107547387481 ], [ 370348.987183701887261, 4670534.667111047543585 ], [ 370348.136964447738137, 4670539.647765447385609 ], [ 370346.514470707450528, 4670544.864778541959822 ], [ 370345.822491394705139, 4670549.464869907125831 ], [ 370345.935062494245358, 4670552.439583133906126 ], [ 370346.913179581868462, 4670554.409810532815754 ], [ 370348.545899443677627, 4670556.034770814701915 ], [ 370352.596978196932469, 4670559.325773670338094 ], [ 370355.915410196757875, 4670561.863848098553717 ], [ 370360.099094809498638, 4670563.830633974634111 ], [ 370365.155444592935964, 4670567.42526253964752 ], [ 370368.263128334132489, 4670570.633664133958519 ], [ 370370.148252649814822, 4670573.853451622650027 ], [ 370370.804165987996385, 4670576.273905957117677 ], [ 370371.101111637952272, 4670580.28932324424386 ], [ 370371.451901692198589, 4670584.537005446851254 ], [ 370372.180744220793713, 4670587.778066103346646 ], [ 370373.378777933074161, 4670592.721035268157721 ], [ 370374.004247920704074, 4670596.630442123860121 ], [ 370374.41182835737709, 4670600.821542680263519 ], [ 370375.249057971814182, 4670604.1161466287449 ], [ 370376.976138527388684, 4670607.727602325379848 ], [ 370377.916649115097243, 4670610.798158418387175 ], [ 370378.698105230927467, 4670614.204862808808684 ], [ 370379.346128942095675, 4670618.891373481601477 ], [ 370380.037285780301318, 4670623.677057358436286 ], [ 370380.737722279503942, 4670628.518107613548636 ], [ 370381.842675435589626, 4670634.24030870012939 ], [ 370382.616161391546484, 4670637.21397131960839 ], [ 370383.43806405965006, 4670639.675802720710635 ], [ 370383.913378607074264, 4670641.710821259766817 ], [ 370384.068632389244158, 4670643.862801707349718 ], [ 370383.517311614064965, 4670647.127413410693407 ], [ 370382.219055312452838, 4670652.005232319235802 ], [ 370380.183350764738861, 4670658.562728879973292 ], [ 370377.258534917375073, 4670665.292086945846677 ], [ 370374.774605207610875, 4670671.735650170594454 ], [ 370372.431755225290544, 4670676.865945047698915 ], [ 370369.915352837764658, 4670681.544030286371708 ], [ 370365.485667372413445, 4670687.756818521767855 ], [ 370361.578697507618926, 4670692.293881149962544 ], [ 370358.125890697818249, 4670697.266885859891772 ], [ 370354.675132025964558, 4670702.350928890518844 ], [ 370350.757358121802099, 4670709.442900871858001 ], [ 370348.351500245626085, 4670713.841275767423213 ], [ 370346.815170738147572, 4670717.901535918936133 ], [ 370346.219429309596308, 4670721.444654511287808 ], [ 370345.666090850427281, 4670724.598233601078391 ], [ 370344.655735413718503, 4670727.160422753542662 ], [ 370342.99578394117998, 4670729.890069870278239 ], [ 370340.725607548782136, 4670733.130780595354736 ], [ 370338.61672979046125, 4670736.15748299844563 ], [ 370336.755247482797131, 4670740.057118576951325 ], [ 370335.889744308544323, 4670744.205003085546196 ], [ 370334.980938389431685, 4670749.142310789786279 ], [ 370333.73339853878133, 4670753.630448876880109 ], [ 370332.765846396971028, 4670758.069004758261144 ], [ 370331.170787447073963, 4670761.630516770295799 ], [ 370329.290839976572897, 4670764.97512424364686 ], [ 370326.799734974745661, 4670768.330980549566448 ], [ 370323.222459818702191, 4670772.373273804783821 ], [ 370319.476656854501925, 4670776.685248848982155 ], [ 370315.996536975435447, 4670780.170387353748083 ], [ 370311.966140514821745, 4670783.832267863675952 ], [ 370307.554734233999625, 4670787.889923800714314 ], [ 370303.798933771671727, 4670791.657828826457262 ], [ 370300.206270905036945, 4670795.311658744700253 ], [ 370296.794202548277099, 4670799.350925507023931 ] ] ] } },
{ "type": "Feature", "properties": { "highway": "tertiary", "surface": "", "access": "", "bicycle": "", "foot": "", "length_km": 0.072886934758896446 }, "geometry": { "type": "MultiLineString", "coordinates": [ [ [ 368351.966563148424029, 4670609.372892388142645 ], [ 368354.806904107506853, 4670604.854594555683434 ], [ 368358.709737265482545, 4670599.716640425845981 ], [ 368363.376906188088469, 4670593.920172056183219 ], [ 368397.611545038409531, 4670552.604888368397951 ] ] ] } },
{ "type": "Feature", "properties": { "highway": "tertiary", "surface": "", "access": "", "bicycle": "", "foot": "", "length_km": 0.020522370794866455 }, "geometry": { "type": "MultiLineString", "coordinates": [ [ [ 368341.940518577990588, 4670627.276747574098408 ], [ 368345.1030396099668, 4670621.430628223344684 ], [ 368348.531271367333829, 4670615.212997171096504 ], [ 368351.966563148424029, 4670609.372892388142645 ] ] ] } },
{ "type": "Feature", "properties": { "highway": "tertiary", "surface": "", "access": "", "bicycle": "", "foot": "", "length_km": 0.092177933885633265 }, "geometry": { "type": "MultiLineString", "coordinates": [ [ [ 368083.125535846571438, 4670616.744779796339571 ], [ 368089.405342696059961, 4670616.338413651101291 ], [ 368096.569557994022034, 4670616.393121318891644 ], [ 368175.029879451729357, 4670622.788891897536814 ] ] ] } },
{ "type": "Feature", "properties": { "highway": "tertiary", "surface": "", "access": "", "bicycle": "", "foot": "", "length_km": 0.032312754710145941 }, "geometry": { "type": "MultiLineString", "coordinates": [ [ [ 368320.071007555990946, 4670650.267052424140275 ], [ 368322.630997752828989, 4670648.875197391025722 ], [ 368327.128435524529777, 4670645.936511158011854 ], [ 368331.030350259039551, 4670642.520225017331541 ], [ 368335.218559418455698, 4670638.065590378828347 ], [ 368339.031090779812075, 4670632.518332309089601 ], [ 368341.940518577990588, 4670627.276747574098408 ] ] ] } },
{ "type": "Feature", "properties": { "highway": "tertiary", "surface": "", "access": "", "bicycle": "", "foot": "", "length_km": 0.15097556328801232 }, "geometry": { "type": "MultiLineString", "coordinates": [ [ [ 368175.029879451729357, 4670622.788891897536814 ], [ 368179.548717121477239, 4670623.204188570380211 ], [ 368184.471055451023858, 4670623.989596002735198 ], [ 368189.217092272825539, 4670625.067101149819791 ], [ 368194.764312832034193, 4670626.573923845775425 ], [ 368201.726224822341464, 4670629.065074700862169 ], [ 368217.205592272395734, 4670635.495605740696192 ], [ 368224.280877645709552, 4670638.306776512414217 ], [ 368231.656600117625203, 4670641.278948720544577 ], [ 368238.595735842944123, 4670643.437334537506104 ], [ 368249.621349670458585, 4670646.307948829606175 ], [ 368258.895725243608467, 4670648.311612784862518 ], [ 368284.938752341084182, 4670654.122695001773536 ], [ 368293.941342686710414, 4670655.731613525189459 ], [ 368299.549104589503258, 4670656.059985912404954 ], [ 368305.538359603844583, 4670655.58148941770196 ], [ 368313.033093322417699, 4670653.430944873020053 ], [ 368320.071007555990946, 4670650.267052424140275 ] ] ] } },
{ "type": "Feature", "properties": { "highway": "tertiary", "surface": "", "access": "", "bicycle": "", "foot": "", "length_km": 0.41368986460090351 }, "geometry": { "type": "MultiLineString", "coordinates": [ [ [ 367781.139628544973675, 4670679.287015332840383 ], [ 367784.37730428588111, 4670677.47126271110028 ], [ 367787.262491541099735, 4670676.684022713452578 ], [ 367790.923275068053044, 4670676.282103122211993 ], [ 367794.30173268658109, 4670676.685228158719838 ], [ 367797.582613739534281, 4670677.612241562455893 ], [ 367801.718628718808759, 4670679.200773775577545 ], [ 367805.921413393691182, 4670681.265681210905313 ], [ 367819.145027836319059, 4670688.548525121062994 ], [ 367829.500002623302862, 4670694.419005000963807 ], [ 367842.789588872343302, 4670705.221753580495715 ], [ 367858.559703100821935, 4670719.654609030112624 ], [ 367863.213502315455116, 4670722.421974810771644 ], [ 367868.294822863885202, 4670724.637055131606758 ], [ 367872.916131760342978, 4670725.6722556296736 ], [ 367878.64435669867089, 4670726.697809707373381 ], [ 367883.146913004631642, 4670727.568630120716989 ], [ 367888.311091678449884, 4670728.915780480019748 ], [ 367891.259977102279663, 4670730.20450331736356 ], [ 367893.835192322032526, 4670731.833460622467101 ], [ 367902.248959541728254, 4670739.05113313253969 ], [ 367909.144864086352754, 4670744.631136434152722 ], [ 367912.327072616084479, 4670746.026569062843919 ], [ 367915.205019224726129, 4670746.616854704916477 ], [ 367918.429984262445942, 4670746.76744104642421 ], [ 367925.00657922681421, 4670746.333144400268793 ], [ 367930.708203345304355, 4670746.381772685796022 ], [ 367933.364337526843883, 4670746.598566269502044 ], [ 367936.471036247501615, 4670747.05128192063421 ], [ 367939.867073414265178, 4670747.953985881991684 ], [ 367943.325709281256422, 4670749.110992142930627 ], [ 367949.603354247985408, 4670751.681363929063082 ], [ 367964.267634020769037, 4670758.704209363088012 ], [ 367969.293242250103503, 4670760.153982380405068 ], [ 367973.677577529568225, 4670760.449481405317783 ], [ 367979.205478180607315, 4670760.045993706211448 ], [ 367983.887236824783031, 4670758.136628684587777 ], [ 367988.139467759989202, 4670755.791012298315763 ], [ 367998.047469359938987, 4670747.519072368741035 ], [ 368005.572300953906961, 4670740.3692268114537 ], [ 368021.645020223746542, 4670722.462656748481095 ], [ 368027.773858085391112, 4670714.883576760068536 ], [ 368031.588249001593795, 4670709.891483131796122 ], [ 368033.105622024158947, 4670706.652978380210698 ], [ 368033.937524330569431, 4670702.10551336593926 ], [ 368033.912298216484487, 4670697.229768020100892 ], [ 368033.972954422177281, 4670681.500330530107021 ], [ 368034.495708311616909, 4670671.915825207717717 ], [ 368036.090780211961828, 4670661.355986439622939 ], [ 368039.439135727414396, 4670651.329796813428402 ], [ 368044.084952528704889, 4670643.967338897287846 ], [ 368051.099875162588432, 4670634.727771288715303 ], [ 368057.680075064767152, 4670627.862261327914894 ], [ 368062.781207287218422, 4670623.634729127399623 ], [ 368067.642586469068192, 4670620.722381531260908 ], [ 368072.685784772154875, 4670618.695237410254776 ], [ 368077.70744013536023, 4670617.723717934451997 ], [ 368083.125535846571438, 4670616.744779796339571 ] ] ] } },
{ "type": "Feature", "properties": { "highway": "tertiary", "surface": "", "access": "", "bicycle": "", "foot": "", "length_km": 0.047411780702629212 }, "geometry": { "type": "MultiLineString", "coordinates": [ [ [ 367754.589860589127056, 4670718.250821588560939 ], [ 367774.051843014080077, 4670686.384474152699113 ], [ 367776.442143506661523, 4670683.440539895556867 ], [ 367778.867850147362333, 4670681.062428392469883 ], [ 367781.139628544973675, 4670679.287015332840383 ] ] ] } },
{ "type": "Feature", "properties": { "highway": "path", "surface": "ground", "access": "", "bicycle": "", "foot": "", "length_km": 0.36412026203219633 }, "geometry": { "type": "MultiLineString", "coordinates": [ [ [ 370296.794202548277099, 4670799.350925507023931 ], [ 370296.990091722749639, 4670795.182039418257773 ], [ 370298.416515899763908, 4670790.090799883939326 ], [ 370301.712722321855836, 4670785.142859206534922 ], [ 370304.465724233887158, 4670781.204586746171117 ], [ 370300.942285585042555, 4670780.092061716131866 ], [ 370295.923942026449367, 4670780.351055353879929 ], [ 370287.133489291241858, 4670784.389374293386936 ], [ 370275.807522544928361, 4670785.330990354530513 ], [ 370270.654953423188999, 4670784.581698825582862 ], [ 370269.248768425313756, 4670781.797415042296052 ], [ 370276.078626545611769, 4670778.517153869383037 ], [ 370281.394044022774324, 4670772.854473544284701 ], [ 370283.772363527910784, 4670767.412483000196517 ], [ 370280.719713837024756, 4670767.191000527702272 ], [ 370271.823884489480406, 4670768.198954205960035 ], [ 370265.624378566979431, 4670765.7806158028543 ], [ 370262.716000253683887, 4670761.280129885300994 ], [ 370256.435718838358298, 4670754.475857706740499 ], [ 370247.369187275879085, 4670749.355691818520427 ], [ 370240.563388988666702, 4670744.97142001055181 ], [ 370230.257094738655724, 4670740.273974954150617 ], [ 370222.095113605959341, 4670738.513834576122463 ], [ 370207.474450734560378, 4670735.517574857920408 ], [ 370199.464952804497443, 4670729.478295268490911 ], [ 370186.80019424384227, 4670734.887682937085629 ], [ 370173.059909742092714, 4670742.904941157437861 ], [ 370176.31759056536248, 4670735.869454570114613 ], [ 370176.523425189894624, 4670728.656946537084877 ], [ 370174.327660668583121, 4670713.513563416898251 ], [ 370167.278031513618771, 4670704.868603024631739 ], [ 370168.683425090741366, 4670695.501365994103253 ], [ 370168.404189460561611, 4670686.176279180683196 ], [ 370163.353099503554404, 4670675.695093342103064 ], [ 370166.517505103664007, 4670663.596339649520814 ], [ 370167.885671242023818, 4670652.20823919121176 ], [ 370167.33615258167265, 4670646.598011209629476 ], [ 370170.631115016643889, 4670641.583387862890959 ], [ 370171.644099687691778, 4670629.302132801152766 ], [ 370175.512796294293366, 4670618.656587405130267 ], [ 370180.781619797460735, 4670610.462201815098524 ], [ 370186.089733800617978, 4670604.399720874615014 ], [ 370195.461800020595547, 4670602.771985872648656 ] ] ] } },
{ "type": "Feature", "properties": { "highway": "track", "surface": "", "access": "", "bicycle": "", "foot": "", "length_km": 0.17795486081245651 }, "geometry": { "type": "MultiLineString", "coordinates": [ [ [ 370852.38629252044484, 4670693.654667344875634 ], [ 370856.451210223254748, 4670697.2678078180179 ], [ 370859.899057588190772, 4670700.570146749727428 ], [ 370863.35280358151067, 4670704.19449301995337 ], [ 370867.106429696374107, 4670707.502338201738894 ], [ 370870.854354297160171, 4670710.499283256009221 ], [ 370875.538471398991533, 4670714.089978424832225 ], [ 370879.575080876995344, 4670716.159725159406662 ], [ 370884.208726786077023, 4670716.996721968986094 ], [ 370888.180543983238749, 4670715.080113637261093 ], [ 370892.466777023335453, 4670714.090765555389225 ], [ 370897.383419958816376, 4670713.689666884019971 ], [ 370902.017064883140847, 4670714.526675388216972 ], [ 370905.759273860836402, 4670717.212736567482352 ], [ 370909.512872598948888, 4670720.520603803917766 ], [ 370914.17458502278896, 4670722.889923177659512 ], [ 370918.219436323037371, 4670724.959540395066142 ], [ 370922.869954684516415, 4670726.718164935708046 ], [ 370927.20093529811129, 4670728.171639795415103 ], [ 370931.534477615554351, 4670729.314063924364746 ], [ 370935.859962891438045, 4670730.467745623551309 ], [ 370940.204688773897942, 4670732.220875496044755 ], [ 370944.538429595588241, 4670733.374411169439554 ], [ 370949.177546079270542, 4670734.511248709633946 ], [ 370953.819790800102055, 4670736.270044660195708 ], [ 370957.567662110435776, 4670739.26703480258584 ], [ 370965.738939654664136, 4670748.314282841980457 ], [ 370969.487002891721204, 4670751.322382770478725 ], [ 370974.131796573521569, 4670752.770138475112617 ], [ 370978.482191905437503, 4670754.834193551912904 ], [ 370982.518746158631984, 4670756.903998186811805 ], [ 370986.27798020793125, 4670760.522807305678725 ], [ 370989.437031071283855, 4670764.752405988052487 ], [ 370992.28793307923479, 4670769.298654600977898 ], [ 370995.859291860717349, 4670779.352074580267072 ] ] ] } },
{ "type": "Feature", "properties": { "highway": "track", "surface": "", "access": "", "bicycle": "", "foot": "", "length_km": 0.11601086562143115 }, "geometry": { "type": "MultiLineString", "coordinates": [ [ [ 371099.268548648629803, 4670727.776186207309365 ], [ 371083.400270792713854, 4670735.586198261007667 ], [ 371072.882839935133234, 4670740.987999781034887 ], [ 371061.21909152623266, 4670742.889761657454073 ], [ 371047.141775512485765, 4670738.85995514318347 ], [ 371027.987841911846772, 4670735.067498371936381 ], [ 371020.621228447475005, 4670736.124260698445141 ], [ 371017.560161475092173, 4670737.246605061925948 ], [ 371011.261661205498967, 4670746.103409733623266 ], [ 371003.264839560084511, 4670763.277410743758082 ] ] ] } },
{ "type": "Feature", "properties": { "highway": "track", "surface": "", "access": "", "bicycle": "", "foot": "", "length_km": 0.029412137742957003 }, "geometry": { "type": "MultiLineString", "coordinates": [ [ [ 371029.956433929037303, 4670775.362307079136372 ], [ 371016.893664134200662, 4670768.081747663207352 ], [ 371011.309867592528462, 4670765.88474715128541 ], [ 371003.264839560084511, 4670763.277410743758082 ] ] ] } },
{ "type": "Feature", "properties": { "highway": "path", "surface": "", "access": "", "bicycle": "", "foot": "", "length_km": 2.4646298884154407 }, "geometry": { "type": "MultiLineString", "coordinates": [ [ [ 371036.54667153354967, 4670908.818866036832333 ], [ 371040.248143217526376, 4670899.809680842794478 ], [ 371043.965126263094135, 4670890.744677356444299 ], [ 371047.884099293965846, 4670880.076518496498466 ], [ 371050.62397556315409, 4670879.915296901017427 ], [ 371054.147282300167717, 4670885.093488292768598 ], [ 371058.626787828980014, 4670880.224229613319039 ], [ 371065.7128040966345, 4670880.094547303393483 ], [ 371066.973418394220062, 4670886.680359792895615 ], [ 371074.821913543855771, 4670890.746424018405378 ], [ 371080.719304381404072, 4670894.737125221639872 ], [ 371085.235304692992941, 4670897.731230110861361 ], [ 371093.064163862087298, 4670894.855570547282696 ], [ 371100.359569643100258, 4670887.657808142714202 ], [ 371107.65722496190574, 4670880.582193809561431 ], [ 371117.677915244305041, 4670872.42378936894238 ], [ 371127.576912646880373, 4670863.934405357576907 ], [ 371134.381736699549947, 4670861.077525524422526 ], [ 371142.82837097014999, 4670860.356559505686164 ], [ 371150.513300132879522, 4670861.804361863993108 ], [ 371155.006409995257854, 4670863.999199668876827 ], [ 371150.976797404466197, 4670868.626911452971399 ], [ 371146.0553782338975, 4670874.181739714927971 ], [ 371150.361099825124256, 4670878.779191300272942 ], [ 371155.554229748260695, 4670881.305554849095643 ], [ 371163.690406314155553, 4670876.258420440368354 ], [ 371170.834950249292888, 4670867.130813236348331 ], [ 371176.233503177703824, 4670862.36700876057148 ], [ 371180.992264122585766, 4670860.114062275737524 ], [ 371185.344706300122198, 4670860.489884429611266 ], [ 371196.417700346792117, 4670860.17636573780328 ], [ 371203.402522754389793, 4670860.837295020930469 ], [ 371209.38645765761612, 4670863.238167661242187 ], [ 371214.073243140301201, 4670863.37464109249413 ], [ 371221.330240189621691, 4670859.943106004968286 ], [ 371231.147899865522049, 4670859.652587627992034 ], [ 371249.677905599877704, 4670854.193448051810265 ], [ 371257.413975559582468, 4670852.563694979064167 ], [ 371259.497601828537881, 4670854.014005822129548 ], [ 371252.889308176760096, 4670861.299005090259016 ], [ 371248.903461523528676, 4670868.325046829879284 ], [ 371243.60267569712596, 4670878.440751848742366 ], [ 371244.13578330114251, 4670882.296368341892958 ], [ 371252.98127082909923, 4670884.867128501646221 ], [ 371270.229741229792126, 4670884.329802128486335 ], [ 371279.027338511659764, 4670884.280134442262352 ], [ 371289.046997626021039, 4670882.386546183377504 ], [ 371297.49570055998629, 4670882.232202083803713 ], [ 371302.773157451185398, 4670883.046599384397268 ], [ 371310.763571587798651, 4670882.678495751693845 ], [ 371315.848595215473324, 4670879.742133578285575 ], [ 371321.886875694151968, 4670872.456498506478965 ], [ 371329.513547028880566, 4670870.717748936265707 ], [ 371335.891175468743313, 4670869.346145790070295 ], [ 371341.249031958926935, 4670868.681826548650861 ], [ 371349.546793447458185, 4670866.142222298309207 ], [ 371353.300221670302562, 4670865.385029067285359 ], [ 371359.731294052966405, 4670861.057917852886021 ], [ 371367.446645710733719, 4670857.840314017608762 ], [ 371372.849589907680638, 4670853.309839856810868 ], [ 371370.011988710961305, 4670848.118979186750948 ], [ 371376.345379932434298, 4670838.439927419647574 ], [ 371376.377891385229304, 4670833.885322482325137 ], [ 371381.811873825616203, 4670831.053713394328952 ], [ 371387.662748047558125, 4670825.715346053242683 ], [ 371396.381368436268531, 4670821.335405541583896 ], [ 371409.116118116478901, 4670817.915157339535654 ], [ 371420.541635101020802, 4670811.564273060299456 ], [ 371432.755717085325159, 4670804.510363174602389 ], [ 371453.735661717597395, 4670789.321466340683401 ], [ 371460.792838985333219, 4670788.0597626240924 ], [ 371471.023059126164299, 4670785.018543412908912 ], [ 371479.713017492671497, 4670779.06199131719768 ], [ 371486.792217318783514, 4670772.212922153994441 ], [ 371490.256333843863104, 4670768.273276135325432 ], [ 371497.978121252846904, 4670765.400032124482095 ], [ 371503.694925748975947, 4670759.497738528996706 ], [ 371510.088680118496995, 4670752.661195740103722 ], [ 371521.555695949238725, 4670748.575623064301908 ], [ 371530.241489467211068, 4670742.385959072969854 ], [ 371536.811282445734832, 4670739.311618328094482 ], [ 371545.322258139436599, 4670742.1109932763502 ], [ 371551.533161566476338, 4670744.274763089604676 ], [ 371563.971554101095535, 4670749.512817510403693 ], [ 371573.200877982191741, 4670748.211632610298693 ], [ 371578.189059488824569, 4670745.843707649968565 ], [ 371590.486911692190915, 4670749.718168046325445 ], [ 371599.623277866048738, 4670749.662732960656285 ], [ 371609.698728145158384, 4670744.469718609936535 ], [ 371610.740894082351588, 4670738.641594972461462 ], [ 371612.78029441536637, 4670731.773425593040884 ], [ 371615.811062401742674, 4670728.530396018177271 ], [ 371629.21547340741381, 4670730.563159268349409 ], [ 371637.402402935374994, 4670734.623676200397313 ], [ 371641.724424548912793, 4670739.676520609296858 ], [ 371646.428343135165051, 4670747.099378019571304 ], [ 371646.276433712395374, 4670757.354207465425134 ], [ 371645.97102817427367, 4670759.636773108504713 ], [ 371651.739982071390841, 4670762.486227538436651 ], [ 371659.788584120105952, 4670765.30526808835566 ], [ 371671.218872955418192, 4670765.097066686488688 ], [ 371685.735822349262889, 4670765.621288852766156 ], [ 371697.294301908346824, 4670766.554849397391081 ], [ 371702.930589584750123, 4670762.120356814004481 ], [ 371708.810699115216266, 4670758.825483568944037 ], [ 371718.892896546225529, 4670760.352434575557709 ], [ 371728.61363174917642, 4670760.630853280425072 ], [ 371741.099155521427747, 4670762.114081422798336 ], [ 371761.131474240683019, 4670770.168786647729576 ], [ 371763.091104028979316, 4670771.166099696420133 ], [ 371769.6898607108742, 4670769.679798143915832 ], [ 371777.519454201566987, 4670772.725103210657835 ], [ 371784.235856715240516, 4670771.347747465595603 ], [ 371794.549263980123214, 4670772.870597710832953 ], [ 371811.409507386095356, 4670770.053565049543977 ], [ 371818.123897675308399, 4670768.565205408260226 ], [ 371821.580418110417668, 4670770.101774329319596 ], [ 371827.681316847912967, 4670766.225404976867139 ], [ 371834.439342494355515, 4670767.135447280481458 ], [ 371842.074514065752737, 4670765.852507239207625 ], [ 371849.60486764885718, 4670771.524660370312631 ], [ 371854.248561946093105, 4670775.649870441295207 ], [ 371861.549666704959236, 4670781.437278360128403 ], [ 371876.998283562192228, 4670788.675979137420654 ], [ 371884.223084899247624, 4670796.175322970375419 ], [ 371890.148937828373164, 4670801.754513104446232 ], [ 371897.937312208872754, 4670808.899295828305185 ], [ 371905.449001872795634, 4670813.549972089007497 ], [ 371907.621322482067626, 4670819.886073599569499 ], [ 371908.104676700662822, 4670827.841227732598782 ], [ 371912.740005838742945, 4670831.05582644417882 ], [ 371920.701656874502078, 4670835.465083891525865 ], [ 371927.676549452124164, 4670841.947139637544751 ], [ 371937.75253866345156, 4670849.505778918042779 ], [ 371945.627374006202444, 4670855.049586727283895 ], [ 371950.745960207190365, 4670859.854878128506243 ], [ 371954.937737609492615, 4670870.48613958992064 ], [ 371954.789231757982634, 4670875.04283522348851 ], [ 371954.531557671376504, 4670885.866037282161415 ], [ 371955.842794335796498, 4670895.283418986015022 ], [ 371959.338781691971235, 4670905.360855439677835 ], [ 371956.958296732220333, 4670912.568333311937749 ], [ 371958.476150939706713, 4670920.626868684776127 ], [ 371956.539810206333641, 4670927.270909667015076 ], [ 371955.19592423166614, 4670935.148202375508845 ], [ 371960.917602020897903, 4670948.139732791110873 ], [ 371967.341072075883858, 4670962.018205538392067 ], [ 371970.508702510152943, 4670972.668086779303849 ], [ 371974.557733651483431, 4670981.813572641462088 ], [ 371978.645903648750391, 4670986.748679026961327 ], [ 371981.741073203855194, 4670993.412357284687459 ], [ 371981.541099364112597, 4671001.502112370915711 ], [ 371984.086998084327206, 4671009.308718083426356 ], [ 371988.445919170975685, 4671022.780430573970079 ], [ 371993.795596566516906, 4671034.401437374763191 ], [ 371995.982306219870225, 4671041.537027354352176 ], [ 372000.541191110445652, 4671047.374391598626971 ], [ 372008.188759847427718, 4671053.155642935074866 ], [ 372021.448102402733639, 4671059.523609158582985 ], [ 372021.415184063545894, 4671064.078203495591879 ], [ 372025.717974567669444, 4671068.098636539652944 ], [ 372030.351089552394114, 4671071.657672110944986 ], [ 372037.230460503371432, 4671072.898911385796964 ], [ 372043.41812073008623, 4671073.808394293300807 ], [ 372049.638852396572474, 4671076.538880201987922 ], [ 372060.335832807992119, 4671086.474471152760088 ], [ 372063.02615673764376, 4671089.957736806944013 ], [ 372070.995691139542032, 4671094.822406684979796 ], [ 372080.978329445584677, 4671103.182654274627566 ], [ 372086.317410149960779, 4671107.861851066350937 ], [ 372093.700543009501416, 4671111.826393734663725 ], [ 372103.280436392233241, 4671117.117260182276368 ], [ 372111.811474215879571, 4671121.06098120752722 ], [ 372119.04187303641811, 4671122.984578265808523 ], [ 372134.012428259651642, 4671123.057166361249983 ], [ 372140.862650480703451, 4671116.323990552686155 ], [ 372141.884623853431549, 4671109.363378955982625 ], [ 372143.54852834250778, 4671100.44733954127878 ], [ 372148.823591135500465, 4671088.855548327788711 ], [ 372155.669832073152065, 4671081.900315443985164 ], [ 372157.750944465515204, 4671077.30855656042695 ], [ 372153.068330996087752, 4671071.017942454665899 ], [ 372145.573755337041803, 4671060.913022961467505 ], [ 372139.63159639731748, 4671054.86742196418345 ], [ 372134.127318495884538, 4671047.458787373267114 ], [ 372129.477654131536838, 4671036.6135962177068 ], [ 372121.797118888760451, 4671029.011217781342566 ], [ 372117.582974398625083, 4671023.500740115530789 ], [ 372112.56169517012313, 4671017.671697493642569 ], [ 372108.230102762114257, 4671012.063391260802746 ], [ 372111.785250668821391, 4671006.300808217376471 ], [ 372116.951041856780648, 4671001.430896373465657 ], [ 372124.25982874201145, 4670994.922639292664826 ], [ 372132.101185651612468, 4670985.894474514760077 ], [ 372138.991048513329588, 4670981.793014148250222 ], [ 372141.817446621949784, 4670973.65560494363308 ], [ 372130.849937726394273, 4670967.479067307896912 ], [ 372121.276117764937226, 4670962.532373462803662 ], [ 372114.947687750449404, 4670953.872478577308357 ], [ 372109.773651306750253, 4670946.002466142177582 ], [ 372106.31942168425303, 4670938.2123097255826 ], [ 372101.021271332167089, 4670929.422650195658207 ], [ 372097.381137416581623, 4670924.13501523155719 ], [ 372096.51605717279017, 4670914.254115441814065 ], [ 372108.546782957622781, 4670916.190529120154679 ], [ 372117.507491238182411, 4670918.76026776432991 ], [ 372125.361546240397729, 4670923.171700829640031 ], [ 372131.208705000288319, 4670924.431771908886731 ], [ 372143.229323023813777, 4670925.357663050293922 ], [ 372148.774946519639343, 4670928.666963527910411 ], [ 372155.084583966003265, 4670930.374060546979308 ], [ 372163.085223131871317, 4670930.117809632793069 ], [ 372167.582157412311062, 4670926.1708740349859 ], [ 372175.574341102445032, 4670925.90368362609297 ], [ 372179.476669094932731, 4670926.976934548467398 ], [ 372186.351917310326826, 4670927.985145203769207 ], [ 372197.575455423793755, 4670929.147734942846 ], [ 372208.402593204635195, 4670921.209551708772779 ], [ 372215.176942718098871, 4670916.654866782017052 ], [ 372224.088095399667509, 4670910.117658180184662 ], [ 372233.247017466812395, 4670904.942165130749345 ], [ 372239.829217481950764, 4670902.545804454013705 ], [ 372252.671477234980557, 4670905.045325833372772 ], [ 372259.732678941334598, 4670903.551096371375024 ], [ 372259.131886011571623, 4670895.47588240262121 ], [ 372258.615705916308798, 4670886.144010634161532 ], [ 372257.868486376712099, 4670876.372036485001445 ], [ 372256.854727526311763, 4670871.036703835241497 ], [ 372250.433727186638862, 4670863.189202695153654 ], [ 372249.172206510731485, 4670856.94756571482867 ], [ 372252.892702635726891, 4670853.914458125829697 ], [ 372256.119908280728851, 4670849.190881485119462 ], [ 372253.000243080256041, 4670834.785755772143602 ], [ 372248.899908132734708, 4670829.173171701841056 ], [ 372245.594227089197375, 4670823.190747110173106 ], [ 372249.164282153709792, 4670818.694204133935273 ], [ 372252.220115432399325, 4670810.441616049036384 ], [ 372250.9255712814047, 4670802.378982405178249 ], [ 372245.704077289032284, 4670791.433015334419906 ], [ 372243.026072264532559, 4670782.706817010417581 ], [ 372239.433546835556626, 4670773.663984288461506 ], [ 372233.072289099160116, 4670763.194092310033739 ], [ 372226.754270091536455, 4670761.031673879362643 ], [ 372214.122243570629507, 4670757.839724407531321 ], [ 372195.626607285463251, 4670752.488270796835423 ], [ 372186.773089525988325, 4670749.461082780733705 ], [ 372174.388789253192954, 4670747.175507022067904 ], [ 372167.591705718718003, 4670737.735447668470442 ], [ 372155.983887931157369, 4670727.705138891935349 ], [ 372150.431869514868595, 4670724.051617589779198 ], [ 372139.329628745617811, 4670716.844520524144173 ], [ 372126.11325554602081, 4670706.499123279005289 ], [ 372119.819888348691165, 4670699.782359047792852 ], [ 372109.617996047483757, 4670691.659274036996067 ], [ 372101.282429364626296, 4670685.768212469294667 ], [ 372089.554572911118157, 4670675.506932457908988 ], [ 372084.458738094603177, 4670671.956251722760499 ], [ 372074.139122791704722, 4670663.724279429763556 ], [ 372067.061078051920049, 4670657.932604522444308 ], [ 372065.863473669858649, 4670654.76655541639775 ], [ 372066.166710582969245, 4670646.441683478653431 ], [ 372071.63003390445374, 4670638.83395322971046 ], [ 372071.276811129064299, 4670632.120451831258833 ], [ 372064.527064577268902, 4670625.300946310162544 ], [ 372061.694135899073444, 4670620.342994552105665 ], [ 372062.526008646003902, 4670615.651717439293861 ], [ 372063.426037226221524, 4670602.428798865526915 ], [ 372064.792910614982247, 4670595.806245725601912 ], [ 372067.175444731314201, 4670588.698745269328356 ], [ 372071.455719835648779, 4670578.724429336376488 ], [ 372077.154110983945429, 4670565.403288796544075 ], [ 372080.682871630298905, 4670558.175018543377519 ], [ 372084.933576882816851, 4670548.390073651447892 ] ] ] } },
{ "type": "Feature", "properties": { "highway": "track", "surface": "", "access": "", "bicycle": "", "foot": "", "length_km": 0.15851203586106716 }, "geometry": { "type": "MultiLineString", "coordinates": [ [ [ 371003.264839560084511, 4670763.277410743758082 ], [ 371002.062394882144872, 4670765.287644977681339 ], [ 371000.262744039995596, 4670767.619820137508214 ], [ 370998.765827151830308, 4670769.790949746035039 ], [ 370997.423263740667608, 4670772.270259845070541 ], [ 370995.96863667469006, 4670776.750948363915086 ], [ 370995.859291860717349, 4670779.352074580267072 ], [ 370995.907069156470243, 4670781.961431275121868 ], [ 370996.120100689702667, 4670785.023164269514382 ], [ 370996.930260344408453, 4670787.307555506937206 ], [ 370997.589193575782701, 4670789.90572205465287 ], [ 370998.713189151370898, 4670792.184367202222347 ], [ 370999.523347268637735, 4670794.468758723698556 ], [ 371000.796001039969269, 4670796.744682300835848 ], [ 371002.068654024042189, 4670799.020606094971299 ], [ 371015.922175180749036, 4670824.225058579817414 ], [ 371030.17365954676643, 4670854.476102481596172 ], [ 371032.413351630384568, 4670859.033554044552147 ], [ 371033.414427163370419, 4670863.624786549247801 ], [ 371033.812407739111222, 4670868.215951506048441 ], [ 371034.202129203127697, 4670872.807267685420811 ], [ 371033.986392894235905, 4670877.720673153176904 ], [ 371033.151046978193335, 4670882.634313420392573 ], [ 371032.01033184590051, 4670887.564651165157557 ], [ 371031.186371387215331, 4670893.100096034817398 ], [ 371031.27052075357642, 4670897.697005961090326 ], [ 371031.66593464044854, 4670902.599224329926074 ], [ 371033.594551392016001, 4670906.862471482716501 ], [ 371036.54667153354967, 4670908.818866036832333 ] ] ] } },
{ "type": "Feature", "properties": { "highway": "path", "surface": "ground", "access": "", "bicycle": "", "foot": "", "length_km": 0.17165182822924877 }, "geometry": { "type": "MultiLineString", "coordinates": [ [ [ 370296.794202548277099, 4670799.350925507023931 ], [ 370292.414295161608607, 4670805.118553577922285 ], [ 370288.587738848174922, 4670810.875997212715447 ], [ 370285.423737253062427, 4670816.721211628057063 ], [ 370283.162816379626747, 4670820.461606814526021 ], [ 370280.922379339230247, 4670821.724672250449657 ], [ 370277.99122442305088, 4670822.267366589978337 ], [ 370274.38443741510855, 4670822.011660990305245 ], [ 370267.086346880998462, 4670819.602443509735167 ], [ 370260.898004709626548, 4670817.339409082196653 ], [ 370254.865758775093127, 4670815.029075701721013 ], [ 370250.207842434174381, 4670814.670557681471109 ], [ 370244.692607256292831, 4670815.760688479058444 ], [ 370239.179339876980521, 4670817.406158276833594 ], [ 370232.249485722742975, 4670820.188465620391071 ], [ 370227.330345107824542, 4670823.589081469923258 ], [ 370222.533913865801878, 4670827.820497039705515 ], [ 370217.503250191744883, 4670831.445322829298675 ], [ 370211.689101986004971, 4670834.695825746282935 ], [ 370206.081787597038783, 4670837.065037161111832 ], [ 370200.469362722011283, 4670839.156661845743656 ], [ 370194.299508019175846, 4670841.036412841640413 ], [ 370187.014790166984312, 4670842.492413942702115 ], [ 370179.833347817999311, 4670843.724371291697025 ], [ 370173.262242300901562, 4670844.900659616105258 ], [ 370166.912899269140325, 4670846.006222976371646 ], [ 370161.503222149563953, 4670846.994508379139006 ], [ 370157.465402830624953, 4670847.557648192159832 ], [ 370154.144333096628543, 4670847.563317000865936 ], [ 370150.652152186899912, 4670847.250025727786124 ], [ 370147.597483879770152, 4670846.917565051466227 ], [ 370146.057104168867227, 4670847.61240098439157 ], [ 370145.934313605132047, 4670847.881259912624955 ] ] ] } },
{ "type": "Feature", "properties": { "highway": "track", "surface": "", "access": "", "bicycle": "", "foot": "", "length_km": 0.31628914248954221 }, "geometry": { "type": "MultiLineString", "coordinates": [ [ [ 371036.54667153354967, 4670908.818866036832333 ], [ 371040.773295604565646, 4670912.251427291892469 ], [ 371045.109624737291597, 4670914.004770430736244 ], [ 371049.165709277556743, 4670916.696264368481934 ], [ 371052.635919597232714, 4670921.231199168600142 ], [ 371053.950603052275255, 4670925.80558692291379 ], [ 371055.882119117071852, 4670930.679691654630005 ], [ 371056.896917501406278, 4670935.570574764162302 ], [ 371056.986538212164305, 4670940.467283403500915 ], [ 371057.076362221618183, 4670945.375095724128187 ], [ 371057.782815458369441, 4670950.571521307341754 ], [ 371058.792123533901758, 4670955.162606251426041 ], [ 371060.420627271058038, 4670959.731251490302384 ], [ 371062.040870396478567, 4670964.300048240460455 ], [ 371063.355541303870268, 4670968.874437735415995 ], [ 371064.981470663507935, 4670973.75413728505373 ], [ 371066.607397957646754, 4670978.633837194181979 ], [ 371067.927550340071321, 4670983.508026021532714 ], [ 371069.247904292424209, 4670988.393318741582334 ], [ 371069.33203136944212, 4670992.990229216404259 ], [ 371067.585865412722342, 4670998.2426483836025 ], [ 371065.203236238332465, 4671002.573697407729924 ], [ 371062.820813332160469, 4671006.915850978344679 ], [ 371061.049327151209582, 4671011.235716697759926 ], [ 371059.902928609168157, 4671015.855148755013943 ], [ 371058.4623442683951, 4671021.101978061720729 ], [ 371056.696555163769517, 4671025.732747286558151 ], [ 371055.869678984861821, 4671030.657338500954211 ], [ 371054.098203816334717, 4671034.977206353098154 ], [ 371042.853037855122238, 4671059.719218278303742 ], [ 371040.781703854794614, 4671064.355585590004921 ], [ 371039.652199506177567, 4671069.896624748595059 ], [ 371039.44196153152734, 4671075.109830129891634 ], [ 371039.542980791418813, 4671080.628344224765897 ], [ 371040.246721992385574, 4671085.225020822137594 ], [ 371042.172519410029054, 4671089.788220019079745 ], [ 371044.406446814013179, 4671094.034772993065417 ], [ 371046.946139578649309, 4671098.28683705534786 ], [ 371049.785703072906472, 4671102.222406659275293 ], [ 371052.633521976473276, 4671106.157826199196279 ], [ 371055.173002490715589, 4671110.39878944773227 ], [ 371057.412606605153996, 4671114.956248574890196 ], [ 371059.332898547232617, 4671119.219653675332665 ], [ 371061.266933894483373, 4671123.782706692814827 ], [ 371063.187018151744269, 4671128.035009147599339 ], [ 371063.907405241508968, 4671133.542187361977994 ], [ 371064.916690156969707, 4671138.133273795247078 ], [ 371064.087054686562624, 4671143.357814784161747 ], [ 371062.626859821612015, 4671147.982991453260183 ], [ 371061.180615884484723, 4671152.918919580988586 ], [ 371059.728683687513694, 4671157.543945851735771 ], [ 371057.351809437619522, 4671162.185902122408152 ], [ 371053.07464733638335, 4671164.108014009892941 ], [ 371048.152624509879388, 4671164.198108873330057 ], [ 371043.230601669463795, 4671164.288207175210118 ], [ 371038.602961061289534, 4671163.762014421634376 ], [ 371033.975116368965246, 4671163.224721040576696 ], [ 371028.742042176309042, 4671163.020624722354114 ], [ 371024.136760928900912, 4671163.715843115933239 ], [ 371019.559535198379308, 4671165.943368464708328 ] ] ] } },
{ "type": "Feature", "properties": { "highway": "tertiary", "surface": "", "access": "", "bicycle": "", "foot": "", "length_km": 0.081199036804914082 }, "geometry": { "type": "MultiLineString", "coordinates": [ [ [ 367689.162378358014394, 4670762.187818123959005 ], [ 367696.518795002601109, 4670754.885285568423569 ], [ 367707.770364743308164, 4670745.143709035590291 ], [ 367715.769833636004478, 4670740.406082573346794 ], [ 367719.791862740647048, 4670738.56446435302496 ], [ 367723.684747462859377, 4670737.325082326307893 ], [ 367728.170277335448191, 4670736.40780387353152 ], [ 367733.661532482947223, 4670735.371679957956076 ], [ 367736.434399641584605, 4670734.764247662387788 ], [ 367739.373411398730241, 4670733.764932425692677 ], [ 367741.951033090590499, 4670732.439174923114479 ], [ 367744.575005388993304, 4670730.501631612889469 ], [ 367746.645832805661485, 4670728.585579832084477 ], [ 367749.115023373509757, 4670725.884520904161036 ], [ 367754.589860589127056, 4670718.250821588560939 ] ] ] } },
{ "type": "Feature", "properties": { "highway": "tertiary", "surface": "", "access": "", "bicycle": "", "foot": "", "length_km": 0.070520710838390746 }, "geometry": { "type": "MultiLineString", "coordinates": [ [ [ 368397.611545038409531, 4670552.604888368397951 ], [ 368428.612518252804875, 4670514.637999194674194 ], [ 368438.87113134743413, 4670503.416675584390759 ], [ 368443.861405026575085, 4670499.569478632882237 ] ] ] } },
{ "type": "Feature", "properties": { "highway": "tertiary", "surface": "", "access": "", "bicycle": "", "foot": "", "length_km": 0.03724162951351434 }, "geometry": { "type": "MultiLineString", "coordinates": [ [ [ 367662.460067796753719, 4670788.14789477083832 ], [ 367689.162378358014394, 4670762.187818123959005 ] ] ] } },
{ "type": "Feature", "properties": { "highway": "tertiary", "surface": "asphalt", "access": "", "bicycle": "", "foot": "", "length_km": 0.016474587514116974 }, "geometry": { "type": "MultiLineString", "coordinates": [ [ [ 367650.595927512564231, 4670799.57830198481679 ], [ 367662.460067796753719, 4670788.14789477083832 ] ] ] } },
{ "type": "Feature", "properties": { "highway": "tertiary", "surface": "asphalt", "access": "", "bicycle": "", "foot": "", "length_km": 0.0090139072468747479 }, "geometry": { "type": "MultiLineString", "coordinates": [ [ [ 367644.103913177386858, 4670805.831642990000546 ], [ 367650.595927512564231, 4670799.57830198481679 ] ] ] } },
{ "type": "Feature", "properties": { "highway": "tertiary", "surface": "asphalt", "access": "", "bicycle": "", "foot": "", "length_km": 0.17047426002520996 }, "geometry": { "type": "MultiLineString", "coordinates": [ [ [ 367474.16758545365883, 4670915.380514426156878 ], [ 367481.544084687833674, 4670906.445347571745515 ], [ 367491.987804008298554, 4670893.752868751995265 ], [ 367500.217077920679003, 4670887.102581651881337 ] ], [ [ 367528.304185533430427, 4670865.348597514443099 ], [ 367535.305184544413351, 4670860.848457655869424 ], [ 367548.632668043952435, 4670855.199603704735637 ], [ 367559.237632564152591, 4670850.634959375485778 ], [ 367601.769895447243471, 4670835.273515866138041 ], [ 367609.983854337828234, 4670832.286729712039232 ], [ 367616.920940281124786, 4670829.057363314554095 ], [ 367622.960645281884354, 4670825.556067463941872 ], [ 367628.395197414443828, 4670821.066463894210756 ], [ 367635.071923787239939, 4670814.53194725792855 ], [ 367644.103913177386858, 4670805.831642990000546 ] ] ] } },
{ "type": "Feature", "properties": { "highway": "path", "surface": "", "access": "", "bicycle": "", "foot": "", "length_km": 0.035940910089578539 }, "geometry": { "type": "MultiLineString", "coordinates": [ [ [ 368697.616202162927948, 4670909.548203628510237 ], [ 368696.401178736123256, 4670911.234948493540287 ], [ 368695.538935475284234, 4670915.505197840742767 ], [ 368694.800405962101649, 4670920.650635656900704 ], [ 368694.450020942662377, 4670925.34453886654228 ], [ 368694.259657260612585, 4670930.202072542160749 ], [ 368694.334685089008417, 4670936.887400698848069 ], [ 368694.300184779684059, 4670941.242191215977073 ], [ 368694.426908605149947, 4670944.938633310608566 ] ] ] } },
{ "type": "Feature", "properties": { "highway": "track", "surface": "", "access": "", "bicycle": "", "foot": "", "length_km": 0.03137973357615112 }, "geometry": { "type": "MultiLineString", "coordinates": [ [ [ 368688.394660559017211, 4670948.416640498675406 ], [ 368690.306698920903727, 4670946.837058208882809 ], [ 368692.713228197186254, 4670945.19272265676409 ], [ 368694.426908605149947, 4670944.938633310608566 ], [ 368695.745260850642808, 4670946.080352135002613 ], [ 368696.914805022301152, 4670948.546639335341752 ], [ 368698.430876871570945, 4670952.761456490494311 ], [ 368699.839639769052155, 4670958.311176124960184 ], [ 368700.780324856692459, 4670963.569716406986117 ], [ 368700.854407942621037, 4670967.544827630743384 ], [ 368700.811439209384844, 4670967.797451545484364 ] ] ] } },
{ "type": "Feature", "properties": { "highway": "track", "surface": "", "access": "", "bicycle": "", "foot": "", "length_km": 0.25376087655884211 }, "geometry": { "type": "MultiLineString", "coordinates": [ [ [ 371814.788300054788124, 4667156.958016645163298 ], [ 371811.763294099946506, 4667172.06512725353241 ], [ 371799.9141494713258, 4667210.034020704217255 ], [ 371796.909548936178908, 4667222.995256504043937 ], [ 371809.125367424159776, 4667241.588915132917464 ], [ 371818.822538274805993, 4667260.772619150578976 ], [ 371830.954722552909516, 4667294.784694428555667 ], [ 371835.830690090544522, 4667315.666580157354474 ], [ 371851.013319703284651, 4667349.256717318668962 ], [ 371861.349999924772419, 4667373.627046162262559 ], [ 371864.754851534264162, 4667382.695347818545997 ], [ 371868.750606834481005, 4667392.896962790749967 ] ] ] } },
{ "type": "Feature", "properties": { "highway": "track", "surface": "", "access": "", "bicycle": "", "foot": "", "length_km": 0.26522285965790199 }, "geometry": { "type": "MultiLineString", "coordinates": [ [ [ 372015.371180629706942, 4667213.714689829386771 ], [ 372000.12878906854894, 4667227.412771915085614 ], [ 371985.633191669709049, 4667266.262389808893204 ], [ 371966.01708932116162, 4667359.97480505798012 ], [ 371979.423744547064416, 4667431.006625103764236 ], [ 371962.428127032122575, 4667461.87116676196456 ] ] ] } },
{ "type": "Feature", "properties": { "highway": "track", "surface": "", "access": "", "bicycle": "", "foot": "", "length_km": 1.7705311261312935 }, "geometry": { "type": "MultiLineString", "coordinates": [ [ [ 373395.624877019436099, 4668278.454861484467983 ], [ 373393.749917705834378, 4668265.62642455752939 ], [ 373388.431148969335482, 4668255.236759277991951 ], [ 373367.036213306128047, 4668238.304883670993149 ], [ 373354.47423079109285, 4668230.022403694689274 ], [ 373337.632946128433105, 4668214.474972791038454 ], [ 373325.263853153912351, 4668202.212709307670593 ], [ 373317.467114103259519, 4668190.068247306160629 ], [ 373309.89712750579929, 4668178.586149457842112 ], [ 373293.420791664975695, 4668171.862463084980845 ], [ 373280.468886012327857, 4668170.406919613480568 ], [ 373264.600053753354587, 4668174.035376507788897 ], [ 373234.836300183204003, 4668172.482242382131517 ], [ 373213.62635791907087, 4668174.607403130270541 ], [ 373198.728704400127754, 4668169.277267588302493 ], [ 373180.526140921050683, 4668159.8636226169765 ], [ 373159.086645180650521, 4668141.877967823296785 ], [ 373147.206339448923245, 4668126.0306953843683 ], [ 373131.826882582565304, 4668119.654180463403463 ], [ 373114.812610662018415, 4668111.529965488240123 ], [ 373095.279062789224554, 4668091.088831583969295 ], [ 373074.84518028749153, 4668069.764271467924118 ], [ 373062.358038060890976, 4668059.248396528884768 ], [ 373046.09577189508127, 4668044.246560195460916 ], [ 373027.999375567596871, 4668024.235120655037463 ], [ 373000.41316878143698, 4667998.618888597935438 ], [ 372968.170757257961668, 4667970.087692067027092 ], [ 372932.541189182549715, 4667944.860966527834535 ], [ 372896.477214504498988, 4667920.308673148974776 ], [ 372877.391296270187013, 4667906.424386842176318 ], [ 372855.194739193713758, 4667888.708713999018073 ], [ 372824.279902044858318, 4667861.442636022344232 ], [ 372798.895894692162983, 4667837.942226543091238 ], [ 372765.433281869976781, 4667813.787933747284114 ], [ 372735.350622120022308, 4667794.659894094802439 ], [ 372704.926970888278447, 4667774.049766449257731 ], [ 372668.270825345651247, 4667752.041711234487593 ], [ 372643.651525929803029, 4667734.781378280371428 ], [ 372612.170598036958836, 4667716.067842803895473 ], [ 372589.406389959680382, 4667689.877306306734681 ], [ 372569.963370796234813, 4667668.191890119574964 ], [ 372552.337559083825909, 4667651.938431844115257 ], [ 372527.59295638295589, 4667630.982043922878802 ], [ 372497.025828747311607, 4667602.96684717386961 ], [ 372481.03828457678901, 4667592.770691278390586 ], [ 372451.26950368238613, 4667579.669343875721097 ], [ 372427.700125973904505, 4667570.710041634738445 ], [ 372416.887934717000462, 4667561.96431574691087 ], [ 372400.725038394215517, 4667548.483769445680082 ], [ 372379.987608942203224, 4667523.834419438615441 ], [ 372367.292049624200445, 4667514.245374253019691 ], [ 372344.451621740590781, 4667506.3061179574579 ], [ 372323.797880307887681, 4667490.863294531591237 ], [ 372311.821823168720584, 4667481.761144319549203 ], [ 372298.031515314651188, 4667473.802584873512387 ], [ 372281.863149536249693, 4667470.085644996725023 ], [ 372269.611371609847993, 4667464.476224798709154 ], [ 372253.879334536497481, 4667459.296398938633502 ], [ 372234.660500808095094, 4667439.58487375639379 ], [ 372210.688805594691075, 4667427.623497454449534 ], [ 372185.531813119538128, 4667415.939145600423217 ], [ 372173.379323969595134, 4667406.240625970065594 ], [ 372160.583355798618868, 4667386.579495965503156 ], [ 372148.941955788061023, 4667373.161936596035957 ], [ 372137.602543033717666, 4667353.607728474773467 ], [ 372114.626472589210607, 4667335.952816833741963 ], [ 372099.627082173130475, 4667314.221365133300424 ], [ 372079.543861799815204, 4667293.837259681895375 ], [ 372066.585806006914936, 4667274.379154945723712 ], [ 372061.020547697436996, 4667261.940031536854804 ], [ 372048.586501695914194, 4667250.414124927483499 ], [ 372037.212145333876833, 4667233.059929553419352 ], [ 372036.304083651746623, 4667227.243034161627293 ] ] ] } },
{ "type": "Feature", "properties": { "highway": "track", "surface": "", "access": "", "bicycle": "", "foot": "", "length_km": 2.0184034719739081 }, "geometry": { "type": "MultiLineString", "coordinates": [ [ [ 371827.85964557772968, 4667400.559753800742328 ], [ 371827.79150997265242, 4667417.732804059050977 ], [ 371847.037174226599745, 4667447.494844255037606 ], [ 371855.802868258208036, 4667474.570556798018515 ], [ 371869.033115286787506, 4667509.451317035593092 ], [ 371879.309103661915287, 4667560.524602279998362 ], [ 371892.059158062271308, 4667668.177733298391104 ], [ 371887.821205480664503, 4667711.972867646254599 ], [ 371874.328122868202627, 4667761.323170128278434 ], [ 371875.152025347051676, 4667787.110357431694865 ], [ 371888.082339934015181, 4667805.513425564393401 ], [ 371895.5701031012577, 4667821.871678803116083 ], [ 371903.079003941675182, 4667838.940419441089034 ], [ 371956.982686744304374, 4667915.3679423853755 ], [ 372036.053670184279326, 4667990.994773627258837 ], [ 372081.754705446481239, 4668011.302703051827848 ], [ 372098.477482063812204, 4668021.040321558713913 ], [ 372122.059043412387837, 4668052.146114315837622 ], [ 372157.311605442082509, 4668071.933133136481047 ], [ 372193.951715688861441, 4668094.416446097195148 ], [ 372237.248588795308024, 4668121.22222210559994 ], [ 372256.063826154801063, 4668167.109669052064419 ], [ 372273.487007721909322, 4668195.472937940619886 ], [ 372317.642668382031843, 4668230.505188099108636 ], [ 372386.726634627731983, 4668271.184366568922997 ], [ 372423.369687061524019, 4668288.448355304077268 ], [ 372458.024550042930059, 4668315.056348613463342 ], [ 372486.881791183084715, 4668339.614545317366719 ], [ 372522.46784865274094, 4668358.330974050797522 ], [ 372561.222676580655389, 4668372.680698731914163 ], [ 372598.512091505515855, 4668385.979708041995764 ], [ 372652.399495877674781, 4668402.211307781748474 ], [ 372698.178356941614766, 4668427.542120777070522 ], [ 372745.879101748636458, 4668460.013791588135064 ], [ 372777.521030908625107, 4668479.146968884393573 ], [ 372814.110118675976992, 4668493.537117139436305 ], [ 372845.842221615661401, 4668497.985232129693031 ], [ 372885.966754030785523, 4668509.090894773602486 ], [ 372906.515155038796365, 4668511.586119021289051 ], [ 372929.460620470694266, 4668507.229484805837274 ], [ 372942.277317957603373, 4668499.834359450265765 ], [ 372966.484231893729884, 4668486.136174535378814 ], [ 372978.246210476267152, 4668479.826412257738411 ], [ 373002.920167262200266, 4668471.862365629523993 ], [ 373019.085607034678105, 4668450.789645757526159 ], [ 373047.678011866635643, 4668440.589290251024067 ], [ 373073.303002027445473, 4668445.503826091997325 ], [ 373092.045949787541758, 4668447.32123664394021 ], [ 373106.027047488605604, 4668444.914805430918932 ], [ 373120.255771548836492, 4668436.06177596654743 ], [ 373127.929928863304667, 4668423.0171277821064 ], [ 373142.541612847649958, 4668415.234652700833976 ], [ 373161.459294091095217, 4668407.008209181949496 ], [ 373166.051672151021194, 4668402.27168616745621 ], [ 373178.903301809856202, 4668390.822258220054209 ] ] ] } },
{ "type": "Feature", "properties": { "highway": "track", "surface": "", "access": "", "bicycle": "", "foot": "", "length_km": 0.056851712986436681 }, "geometry": { "type": "MultiLineString", "coordinates": [ [ [ 373131.352184737683274, 4668419.390140602365136 ], [ 373154.657438198511954, 4668409.28536696638912 ], [ 373167.421554499131162, 4668398.026313277892768 ], [ 373171.90508927940391, 4668392.29210570640862 ], [ 373178.903301809856202, 4668390.822258220054209 ] ] ] } },
{ "type": "Feature", "properties": { "highway": "track", "surface": "", "access": "", "bicycle": "", "foot": "", "length_km": 3.6382636751895725 }, "geometry": { "type": "MultiLineString", "coordinates": [ [ [ 371962.428127032122575, 4667461.87116676196456 ], [ 371999.98685587750515, 4667518.369518524967134 ], [ 372081.524612398236059, 4667593.996628199703991 ], [ 372142.895203773223329, 4667655.12872635666281 ], [ 372166.320068873756099, 4667670.243110221810639 ], [ 372189.671589704812504, 4667673.563014387153089 ], [ 372213.202647101308685, 4667676.757562253624201 ], [ 372234.746935369970743, 4667689.818080758675933 ], [ 372325.395503167586867, 4667749.865962604060769 ], [ 372418.487596353457775, 4667823.088340893387794 ], [ 372469.776028962631244, 4667877.241359615698457 ], [ 372589.119818588311318, 4667965.419092439115047 ], [ 372664.503926998120733, 4668037.309518786147237 ], [ 372742.61080983071588, 4668138.341301586478949 ], [ 372822.380950979772024, 4668178.209823815152049 ], [ 372877.639374554157257, 4668238.347433167509735 ], [ 372906.037211121642031, 4668249.409221777692437 ], [ 372936.965889010694809, 4668247.74109426792711 ], [ 372990.806431817007251, 4668259.988646551035345 ], [ 373031.713943511014804, 4668290.651948210783303 ], [ 373077.455734981340356, 4668313.50895513407886 ], [ 373112.468825147137977, 4668323.897115838713944 ], [ 373150.725228377035819, 4668330.361796477809548 ], [ 373159.951545733609237, 4668351.677115328609943 ], [ 373170.000397275667638, 4668376.45419826451689 ], [ 373178.903301809856202, 4668390.822258220054209 ], [ 373187.706046155188233, 4668400.082824574783444 ], [ 373202.584042617119849, 4668416.753708581440151 ], [ 373246.382018517819233, 4668454.763592682778835 ], [ 373317.137628046562895, 4668485.436186355538666 ], [ 373391.956580875557847, 4668496.210193115286529 ], [ 373437.063370399759151, 4668514.682401993311942 ], [ 373492.304176848381758, 4668543.424893703311682 ], [ 373531.06118304800475, 4668577.428368107415736 ], [ 373582.080469867505599, 4668617.820922769606113 ], [ 373703.178553926758468, 4668650.893589450977743 ], [ 373738.455019647895824, 4668676.141414658166468 ], [ 373774.008802156080492, 4668685.96771256159991 ], [ 373818.214813649945427, 4668685.176388856954873 ], [ 373840.578264859330375, 4668699.104393577203155 ], [ 373917.999478196376003, 4668762.696199947036803 ], [ 373963.142397947260179, 4668783.370225709863007 ], [ 374000.227038829703815, 4668817.406046765856445 ], [ 374035.779703934153076, 4668827.233643194660544 ], [ 374086.239088411675766, 4668867.084321005269885 ], [ 374133.889564913406502, 4668904.230920324102044 ], [ 374292.34315368894022, 4669018.150655229575932 ], [ 374328.169109671143815, 4669043.391489213332534 ], [ 374357.292911671916954, 4669064.908882892690599 ], [ 374391.534894423035439, 4669094.032425821758807 ], [ 374440.31581671605818, 4669164.204526000656188 ], [ 374507.276294028793927, 4669230.743337181396782 ], [ 374573.084592125145718, 4669263.715327234007418 ], [ 374644.316300295235123, 4669305.243896388448775 ], [ 374699.229839160456322, 4669338.532955650240183 ], [ 374759.834934738813899, 4669361.991469778120518 ], [ 374793.340512591879815, 4669377.745879922993481 ], [ 374795.62191709614126, 4669396.398609929718077 ], [ 374791.058228620677255, 4669469.286746137775481 ], [ 374799.934143886901438, 4669500.539971460588276 ] ] ] } },
{ "type": "Feature", "properties": { "highway": "track", "surface": "", "access": "", "bicycle": "", "foot": "", "length_km": 0.54228790304778418 }, "geometry": { "type": "MultiLineString", "coordinates": [ [ [ 372419.61451283225324, 4668510.249999092891812 ], [ 372388.231290237337817, 4668485.371268234215677 ], [ 372366.102551979711279, 4668475.031118605285883 ], [ 372325.09752148820553, 4668474.696124769747257 ], [ 372303.221433784870896, 4668478.313395656645298 ], [ 372272.439469112781808, 4668487.112540372647345 ], [ 372239.996424008742906, 4668502.750663929618895 ], [ 372212.33818990085274, 4668524.755530645139515 ], [ 372170.66524398396723, 4668547.736564895138144 ], [ 372111.524599727476016, 4668578.14332652837038 ], [ 372092.256306636554655, 4668581.536250532604754 ], [ 372061.371052203874569, 4668590.982440916821361 ], [ 372043.452647865575273, 4668594.528721447102726 ], [ 372030.151771735399961, 4668594.770129305310547 ], [ 372000.615539720805828, 4668612.51144630741328 ], [ 371989.704981489980128, 4668625.605070205405354 ], [ 371973.716118095384445, 4668636.647225513122976 ], [ 371954.834600399481133, 4668646.309116694144905 ], [ 371934.461815278802533, 4668653.487906055524945 ] ] ] } },
{ "type": "Feature", "properties": { "highway": "track", "surface": "", "access": "", "bicycle": "", "foot": "", "length_km": 3.0935032332289212 }, "geometry": { "type": "MultiLineString", "coordinates": [ [ [ 372256.063826154801063, 4668167.109669052064419 ], [ 372260.27395809488371, 4668192.39122593216598 ], [ 372260.70884606189793, 4668216.397199958562851 ], [ 372259.65889289235929, 4668238.275269651785493 ], [ 372262.704557837860193, 4668267.254421380348504 ], [ 372267.244305406115018, 4668279.712256045080721 ], [ 372279.822096585179679, 4668298.833229168318212 ], [ 372293.560022386547644, 4668342.313602236099541 ], [ 372306.526947621954605, 4668382.931186246685684 ], [ 372314.376338272006251, 4668419.342962626367807 ], [ 372323.697552774334326, 4668437.090145128779113 ], [ 372346.201423168240581, 4668448.511886015534401 ], [ 372393.36683421721682, 4668470.949985208921134 ], [ 372404.084677953389473, 4668486.883722826838493 ], [ 372419.61451283225324, 4668510.249999092891812 ], [ 372444.167108932044357, 4668534.897004299797118 ], [ 372519.220551423321012, 4668582.789020108990371 ], [ 372567.47893307544291, 4668626.00119855068624 ], [ 372602.894581401604228, 4668675.165963870473206 ], [ 372622.31015009508701, 4668714.234697483479977 ], [ 372651.644202993891668, 4668765.308935367502272 ], [ 372695.381781676842365, 4668816.845143618062139 ], [ 372716.913325467379764, 4668834.016886294819415 ], [ 372741.448361884395126, 4668838.583313168026507 ], [ 372766.534622056758963, 4668853.547340793535113 ], [ 372772.893502773076762, 4668867.050031404010952 ], [ 372773.113326584338211, 4668879.230684522539377 ], [ 372769.649018049531151, 4668886.457362805493176 ], [ 372763.613394648302346, 4668890.864787856116891 ], [ 372751.782797835767269, 4668892.866583772934973 ], [ 372746.911719977506436, 4668902.273468116298318 ], [ 372763.431660648435354, 4668940.317417229525745 ], [ 372766.86210843041772, 4668951.36272460501641 ], [ 372765.838531996007077, 4668974.317612026818097 ], [ 372777.299364853650331, 4668991.671287388540804 ], [ 372793.928756933077239, 4669035.800080833025277 ], [ 372810.420289411442354, 4669053.063027748838067 ], [ 372841.106686197512317, 4669079.388900252059102 ], [ 372861.154454645351507, 4669094.0775784002617 ], [ 372882.054726433823816, 4669136.341266266070306 ], [ 372905.579493627359625, 4669164.229379025287926 ], [ 372951.967824304185342, 4669203.523524424992502 ], [ 372984.531370629032608, 4669214.399335510097444 ], [ 373025.195724699529819, 4669235.525716203264892 ], [ 373038.299675477319397, 4669244.608632802963257 ], [ 373046.095063690794632, 4669258.085670097731054 ], [ 373062.436617564351764, 4669286.814508363604546 ], [ 373075.212876403762493, 4669296.980789038352668 ], [ 373095.70490012090886, 4669316.671446102671325 ], [ 373118.238744107540697, 4669329.52779384329915 ], [ 373134.885829383158125, 4669335.31490479875356 ], [ 373153.605156094534323, 4669336.410843595862389 ], [ 373162.185845651372802, 4669333.390775337815285 ], [ 373184.046605264302343, 4669329.054381369613111 ], [ 373195.235194759734441, 4669331.363321064040065 ], [ 373196.153609526285436, 4669342.454001138918102 ], [ 373189.821069599594921, 4669350.098607316613197 ], [ 373180.351648352807388, 4669363.886405216529965 ], [ 373166.369746113312431, 4669386.35239040479064 ], [ 373139.004708249820396, 4669404.394239141605794 ], [ 373123.398833154817112, 4669416.504308616742492 ], [ 373098.728322351293173, 4669424.479118017479777 ], [ 373081.898292919388041, 4669428.714096981100738 ], [ 373074.089856028440408, 4669434.230592806823552 ], [ 373075.778697858739179, 4669448.173053334467113 ], [ 373088.462628298497293, 4669453.687089528888464 ], [ 373116.680714630580042, 4669462.853443833068013 ], [ 373123.309680128761102, 4669471.68652558978647 ], [ 373131.803939867881127, 4669484.073666804470122 ], [ 373155.780887833447196, 4669497.25956959836185 ], [ 373201.395496791810729, 4669533.703499305993319 ], [ 373224.412474380165804, 4669553.715610687620938 ], [ 373262.423142834217288, 4669587.786458261311054 ], [ 373305.123353001195937, 4669622.128628797829151 ], [ 373329.941634564544074, 4669622.404513236135244 ], [ 373350.065297861699946, 4669621.687444535084069 ], [ 373371.821018002345227, 4669631.326339838095009 ], [ 373408.136013052426279, 4669651.10011634696275 ], [ 373479.517756361921784, 4669680.985145169310272 ], [ 373528.266321721719578, 4669691.939366408623755 ], [ 373607.679748755705077, 4669708.075236672535539 ], [ 373660.709796276758425, 4669737.569212189875543 ], [ 373710.461059422174003, 4669784.693877819925547 ], [ 373791.831798792351037, 4669850.234723105095327 ], [ 373856.299574884644244, 4669895.664003058336675 ], [ 373877.424930554581806, 4669910.336124914698303 ], [ 373890.068621727230493, 4669913.68637079000473 ], [ 373901.955352007644251, 4669914.906499392352998 ], [ 373905.969617268652655, 4669918.066860328428447 ], [ 373908.311180374817923, 4669928.41016747802496 ], [ 373910.864312620309647, 4669950.578824599273503 ], [ 373930.984232581045944, 4669969.567560228519142 ], [ 373968.062793006538413, 4670011.900201205164194 ], [ 374005.376294851244893, 4670047.064700732938945 ], [ 374046.517211806436535, 4670095.767250401899219 ], [ 374062.808010686479975, 4670121.988895867019892 ], [ 374075.741234901244752, 4670141.106452831067145 ] ] ] } },
{ "type": "Feature", "properties": { "highway": "path", "surface": "", "access": "", "bicycle": "", "foot": "", "length_km": 0.04840524332779482 }, "geometry": { "type": "MultiLineString", "coordinates": [ [ [ 372084.933576882816851, 4670548.390073651447892 ], [ 372039.568731873412617, 4670565.274931332096457 ] ] ] } },
{ "type": "Feature", "properties": { "highway": "path", "surface": "", "access": "", "bicycle": "", "foot": "", "length_km": 0.89929746544638833 }, "geometry": { "type": "MultiLineString", "coordinates": [ [ [ 372923.131004872557241, 4670799.586024282500148 ], [ 372903.081306904321536, 4670791.395101170055568 ], [ 372864.372309443657286, 4670764.169870033860207 ], [ 372821.379863855545409, 4670734.911780853755772 ], [ 372719.271573617239483, 4670677.098567244596779 ], [ 372610.387486190069467, 4670620.686608877032995 ], [ 372555.937568385212217, 4670591.626118914224207 ], [ 372467.210656015668064, 4670569.961797228083014 ], [ 372327.510967907845043, 4670547.111615388654172 ], [ 372240.198951541970018, 4670553.437035079114139 ], [ 372183.611330554645974, 4670559.228343166410923 ], [ 372139.140248429204803, 4670555.714461145922542 ], [ 372084.933576882816851, 4670548.390073651447892 ] ] ] } },
{ "type": "Feature", "properties": { "highway": "path", "surface": "", "access": "", "bicycle": "", "foot": "", "length_km": 0.048549606882528989 }, "geometry": { "type": "MultiLineString", "coordinates": [ [ [ 372821.379863855545409, 4670734.911780853755772 ], [ 372815.435397505469155, 4670711.327317191287875 ], [ 372806.954117299115751, 4670688.632804327644408 ] ] ] } },
{ "type": "Feature", "properties": { "highway": "path", "surface": "", "access": "", "bicycle": "", "foot": "", "length_km": 1.5462519785805124 }, "geometry": { "type": "MultiLineString", "coordinates": [ [ [ 373424.578139938879758, 4670879.61711551528424 ], [ 373594.22868711175397, 4670730.622563574463129 ], [ 373738.964905566303059, 4670716.475855025462806 ], [ 373831.89668925042497, 4670724.196667770855129 ], [ 374038.559589247510303, 4670807.901302870362997 ], [ 374127.799129813502077, 4670892.975671001709998 ], [ 374267.964136759168468, 4670907.078058063052595 ], [ 374321.89671832654858, 4670923.454040358774364 ], [ 374373.588062688824721, 4670935.538598434068263 ], [ 374545.322669793793466, 4670972.197554603219032 ], [ 374644.561182503472082, 4671008.706285626627505 ], [ 374815.917759396368638, 4671119.129804062657058 ] ] ] } },
{ "type": "Feature", "properties": { "highway": "path", "surface": "", "access": "", "bicycle": "", "foot": "", "length_km": 0.87847650093759577 }, "geometry": { "type": "MultiLineString", "coordinates": [ [ [ 373411.527598737215158, 4671110.093143444508314 ], [ 373417.705078957835212, 4671087.923201688565314 ], [ 373421.279027580458205, 4671066.599765908904374 ], [ 373429.715947749675252, 4671049.254205299541354 ], [ 373450.106823416950647, 4671030.527658029459417 ], [ 373468.891767446242739, 4671006.554089955985546 ], [ 373481.041270358022302, 4670997.661155946552753 ], [ 373488.652397333702538, 4670986.761584127321839 ], [ 373484.022463756380603, 4670979.658359549939632 ], [ 373478.22194586682599, 4670974.075633971951902 ], [ 373469.083000018377788, 4670967.064503769390285 ], [ 373463.531507481588051, 4670958.789370852522552 ], [ 373472.971731374389492, 4670932.895513657480478 ], [ 373481.013720745337196, 4670912.402673752047122 ], [ 373483.046512798871845, 4670891.728966854512691 ], [ 373468.763398413779214, 4670882.111160166561604 ], [ 373447.085969441570342, 4670878.912882613018155 ], [ 373424.578139938879758, 4670879.61711551528424 ], [ 373402.204590852954425, 4670887.794165183790028 ], [ 373377.535379251581617, 4670901.999338319525123 ], [ 373360.384163661627099, 4670916.66925014834851 ], [ 373345.306635325483512, 4670929.502556912600994 ], [ 373327.077879787771963, 4670934.317605537362397 ], [ 373273.542230995022692, 4670929.593483836390078 ], [ 373238.442655441060197, 4670931.124615555629134 ], [ 373143.139099800493568, 4670926.942080681212246 ], [ 373115.394563302164897, 4670918.977992884814739 ], [ 373094.369984989170916, 4670907.083179762586951 ], [ 373080.066224834648892, 4670890.846598090603948 ], [ 373070.413170131971128, 4670873.67099651042372 ], [ 373049.711193211027421, 4670855.850338344462216 ], [ 372988.031801011413336, 4670826.083872894756496 ], [ 372923.131004872557241, 4670799.586024282500148 ] ] ] } },
{ "type": "Feature", "properties": { "highway": "track", "surface": "", "access": "", "bicycle": "", "foot": "", "length_km": 3.4850922499923964 }, "geometry": { "type": "MultiLineString", "coordinates": [ [ [ 373187.706046155188233, 4668400.082824574783444 ], [ 373199.313610898971092, 4668399.874066614545882 ], [ 373207.010041260975413, 4668392.193881761282682 ], [ 373208.818301668041386, 4668372.801543869078159 ], [ 373203.059041838685516, 4668337.928590883500874 ], [ 373207.283368920674548, 4668302.60953663289547 ], [ 373224.316874481155537, 4668288.852462281472981 ], [ 373248.669729347806424, 4668276.307823370210826 ], [ 373271.627192130021285, 4668276.705998494289815 ], [ 373295.976694544544443, 4668264.428160553798079 ], [ 373319.709927510877606, 4668262.924333827570081 ], [ 373340.923753971408587, 4668271.151297722011805 ], [ 373366.426032776362263, 4668277.957336225546896 ], [ 373389.738050235202536, 4668282.914574417285621 ], [ 373395.624877019436099, 4668278.454861484467983 ], [ 373401.225040805933531, 4668281.964141164906323 ], [ 373432.617684282944538, 4668286.354367757216096 ], [ 373427.148249292920809, 4668237.181151639670134 ], [ 373423.653509765455965, 4668191.204678540118039 ], [ 373424.497027751291171, 4668163.610443260520697 ], [ 373441.222891947370954, 4668138.196925406344235 ], [ 373449.49444989208132, 4668120.165938499383628 ], [ 373461.355162894818932, 4668111.011821077205241 ], [ 373481.118929815362208, 4668095.062733003869653 ], [ 373493.248517198546324, 4668079.239552667364478 ], [ 373509.022000361117534, 4668075.346762120723724 ], [ 373527.197881033760495, 4668077.297712612897158 ], [ 373566.666761684347875, 4668084.964723883196712 ], [ 373605.745989707240369, 4668102.713124900124967 ], [ 373607.608093043963891, 4668103.284608805552125 ] ], [ [ 373834.766608224424999, 4668277.998066373169422 ], [ 373837.289811094582547, 4668280.246115514077246 ], [ 373846.064269092632458, 4668290.740871312096715 ], [ 373862.433111455873586, 4668298.434061439707875 ], [ 373871.015622638980858, 4668308.365815821103752 ], [ 373879.620434136071708, 4668320.007680575363338 ], [ 373899.425741741724778, 4668319.653456964530051 ] ], [ [ 374173.286045229411684, 4668529.280290590599179 ], [ 374176.15251335920766, 4668534.419892196543515 ], [ 374187.701668856025208, 4668541.154388817027211 ] ], [ [ 374911.162397665670142, 4669083.253286957740784 ], [ 374915.757443961047102, 4669091.375227657146752 ], [ 374929.969935479806736, 4669106.717404893599451 ], [ 374945.747357898042537, 4669113.857028788886964 ], [ 374969.250206737662666, 4669125.613490997813642 ], [ 374999.397300117707346, 4669135.541713793762028 ], [ 375017.674439578549936, 4669143.392448971047997 ], [ 375038.436631557182409, 4669151.587924343533814 ], [ 375044.053960911463946, 4669155.396024128422141 ] ], [ [ 375141.89405319315847, 4669201.964035168290138 ], [ 375156.685201500484254, 4669209.970729066990316 ], [ 375174.061213096661959, 4669219.506337828934193 ] ], [ [ 375192.610747843340505, 4669234.668324788101017 ], [ 375196.204890526889358, 4669241.992358765564859 ], [ 375199.241355387493968, 4669252.012715361081064 ], [ 375219.898631232324988, 4669254.312706281431019 ], [ 375237.020304341916926, 4669261.806803336367011 ], [ 375267.346195625432301, 4669281.42944495100528 ], [ 375286.534074839320965, 4669297.828287941403687 ], [ 375293.213838083436713, 4669308.750535418279469 ], [ 375299.341690502653364, 4669320.237906093709171 ], [ 375304.293022866884712, 4669330.613173497840762 ], [ 375321.058005006809253, 4669339.446623160503805 ], [ 375338.002722893375903, 4669347.699364769272506 ], [ 375349.727317465411033, 4669351.868199902586639 ], [ 375366.51012665044982, 4669346.762068787589669 ], [ 375374.023281875881366, 4669344.074601210653782 ], [ 375385.412621041177772, 4669339.563696916215122 ], [ 375402.372767855296843, 4669359.445414687506855 ], [ 375414.689988515921868, 4669376.576931540854275 ], [ 375428.106335880933329, 4669379.694141763262451 ], [ 375432.810776601079851, 4669385.930919879116118 ], [ 375436.947027646936476, 4669406.305927276611328 ], [ 375442.814065275713801, 4669425.028719807043672 ], [ 375449.762177087715827, 4669444.143374697305262 ], [ 375459.013829781790264, 4669455.675636881962419 ], [ 375474.560890600201674, 4669464.819737561047077 ], [ 375497.817459768499248, 4669466.963522856123745 ], [ 375511.169466159131844, 4669466.450011023320258 ], [ 375518.51447149424348, 4669469.685726879164577 ], [ 375539.568922056118026, 4669492.183351738378406 ], [ 375555.891971990466118, 4669499.425722558051348 ], [ 375585.396032071555965, 4669502.559088106267154 ], [ 375611.500650481379125, 4669510.650779750198126 ], [ 375656.776120810653083, 4669545.039047989062965 ], [ 375684.515138688439038, 4669580.692084242589772 ], [ 375729.555027131806128, 4669634.100217211060226 ], [ 375759.218720610835589, 4669660.389667431823909 ], [ 375795.923847113503143, 4669695.696241575293243 ], [ 375852.740179971209727, 4669746.043071129359305 ], [ 375896.381058999337256, 4669774.563740075565875 ], [ 375947.702480367617682, 4669817.455264674499631 ], [ 375957.220304513291921, 4669825.406984527595341 ], [ 375990.87670130195329, 4669850.494161176495254 ], [ 376025.639115188329015, 4669873.651623519137502 ], [ 376079.974061492015608, 4669913.214472102932632 ], [ 376108.035800445184577, 4669945.808947117999196 ], [ 376164.932111549773254, 4669978.851987974718213 ], [ 376205.955842425639275, 4670010.463793331757188 ], [ 376233.185096545610577, 4670039.463574045337737 ], [ 376260.539175146550406, 4670075.114369287155569 ], [ 376287.161493863211945, 4670112.866229033097625 ], [ 376309.887747999455314, 4670146.13268505781889 ], [ 376352.759654424502514, 4670185.698798989877105 ], [ 376397.397069871018175, 4670226.089429962448776 ], [ 376457.994037251453847, 4670285.693319878540933 ], [ 376476.613149193522986, 4670302.482823486439884 ], [ 376497.973198516236152, 4670311.909301440231502 ] ], [ [ 376839.581031845882535, 4670568.722327288240194 ], [ 376882.949125023907982, 4670611.410053699277341 ], [ 376909.096230485243723, 4670635.033184114843607 ], [ 376958.23906378459651, 4670655.600215818732977 ], [ 376963.640256817103364, 4670658.338178894482553 ], [ 376978.267687668616418, 4670667.651003398001194 ] ], [ [ 377016.454104217758868, 4670694.968027696944773 ], [ 377052.088675505714491, 4670727.101444315165281 ], [ 377096.185561212652829, 4670765.350923823192716 ], [ 377136.128337495320011, 4670809.859695922583342 ], [ 377181.190907309530303, 4670859.488600012846291 ], [ 377214.157080480712466, 4670892.912460336461663 ], [ 377243.605974745179992, 4670925.042697890661657 ], [ 377279.409798014792614, 4670966.325569846667349 ], [ 377314.833324219565839, 4670996.230579611845315 ], [ 377332.25014083867427, 4671016.786200039088726 ], [ 377369.219200218212791, 4671035.846361019648612 ], [ 377394.820730114646722, 4671044.919438349083066 ], [ 377400.182855041639414, 4671045.914604444988072 ], [ 377407.408142633794341, 4671047.166133497841656 ], [ 377416.082947592600249, 4671049.114400746300817 ], [ 377422.75594094657572, 4671050.756076063029468 ] ] ] } },
{ "type": "Feature", "properties": { "highway": "path", "surface": "", "access": "", "bicycle": "", "foot": "", "length_km": 1.0742678518903823 }, "geometry": { "type": "MultiLineString", "coordinates": [ [ [ 375560.145478943362832, 4670077.706533209420741 ], [ 375479.061532323539723, 4670040.819410282187164 ], [ 375388.390981681994162, 4669956.186762630008161 ], [ 375309.130161497509107, 4669873.974598087370396 ], [ 375282.743883954361081, 4669864.856085195206106 ], [ 375264.819165659835562, 4669839.915807642042637 ], [ 375184.004889624193311, 4669769.050572451204062 ], [ 375133.60285594483139, 4669736.844249807298183 ], [ 375094.033086511539295, 4669674.823677931912243 ], [ 375054.987616843660362, 4669642.416626304388046 ], [ 375020.829227752576116, 4669638.668276255019009 ], [ 374975.018497110460885, 4669619.443560400977731 ], [ 374941.536780978785828, 4669555.58307786937803 ], [ 374902.544521452626213, 4669525.786047228612006 ], [ 374868.634405871445779, 4669487.191027182154357 ], [ 374833.204614725429565, 4669461.685096560977399 ], [ 374810.056820602971129, 4669388.922599967569113 ], [ 374793.340512591879815, 4669377.745879922993481 ] ] ] } },
{ "type": "Feature", "properties": { "highway": "path", "surface": "", "access": "", "bicycle": "", "foot": "", "length_km": 2.7525628923602059 }, "geometry": { "type": "MultiLineString", "coordinates": [ [ [ 375947.702480367617682, 4669817.455264674499631 ], [ 375898.996831698808819, 4669809.560399490408599 ], [ 375831.034296830359381, 4669822.941901101730764 ], [ 375751.515405283658765, 4669825.220816551707685 ], [ 375670.668381801864598, 4669851.037701545283198 ], [ 375607.222675511147827, 4669872.183296290226281 ], [ 375525.210016658238601, 4669931.121529367752373 ], [ 375481.109038262336981, 4669958.901894100010395 ], [ 375477.432021656190045, 4669998.163722012192011 ], [ 375560.145478943362832, 4670077.706533209420741 ], [ 375728.530473485880066, 4670157.482724807225168 ], [ 375881.423943776637316, 4670201.815365881659091 ], [ 375905.527189166052267, 4670230.135910073295236 ], [ 375942.506086376786698, 4670294.805353440344334 ], [ 376005.692191525129601, 4670358.14741056971252 ], [ 376079.342826171778142, 4670420.439602913334966 ], [ 376179.949034923920408, 4670524.05457267165184 ], [ 376235.489556139800698, 4670600.594787956215441 ], [ 376304.211939345055725, 4670681.246818611398339 ], [ 376356.22588078584522, 4670756.106015934608877 ], [ 376457.698775035329163, 4670859.709451914764941 ], [ 376513.758068262948655, 4670916.205509547144175 ], [ 376593.716011385142338, 4670989.699127699248493 ], [ 376587.592691421566997, 4671089.092077825218439 ], [ 376589.65166329452768, 4671206.623876124620438 ], [ 376592.842925180273596, 4671289.293110582977533 ], [ 376573.818578741163947, 4671350.58179649617523 ], [ 376596.80514098983258, 4671415.499513163231313 ], [ 376620.483442326425575, 4671469.942356850020587 ], [ 376656.445436264912132, 4671526.791420672088861 ], [ 376701.781911485944875, 4671570.403575861826539 ], [ 376742.756565911287908, 4671614.855668774805963 ] ] ] } },
{ "type": "Feature", "properties": { "highway": "path", "surface": "", "access": "", "bicycle": "", "foot": "", "length_km": 3.400936960117698 }, "geometry": { "type": "MultiLineString", "coordinates": [ [ [ 377482.342831314075738, 4671116.760530516505241 ], [ 377473.615498122759163, 4671121.519513548351824 ], [ 377422.755732391728088, 4671162.467143785208464 ], [ 377403.594435828388669, 4671216.791594095528126 ], [ 377364.762119316030294, 4671245.334918743930757 ], [ 377316.385188707266934, 4671278.398629374802113 ], [ 377277.523189650150016, 4671305.19918411038816 ], [ 377244.200504451873712, 4671349.319192667491734 ], [ 377178.892276911588851, 4671363.519413609988987 ], [ 377147.908179267018568, 4671391.060822886414826 ], [ 377123.247705916699488, 4671430.676443761214614 ], [ 377093.640677989111282, 4671486.927904334850609 ], [ 377084.095020882901736, 4671541.085608141496778 ], [ 377061.125267180614173, 4671577.184387052431703 ], [ 377016.040653679752722, 4671598.008468438871205 ], [ 376965.529928938602097, 4671608.464822988025844 ], [ 376883.969299070769921, 4671592.474151962436736 ], [ 376828.983932297851425, 4671596.923057815060019 ], [ 376817.910379249602556, 4671613.655060671269894 ], [ 376767.22750207351055, 4671613.308728598989546 ], [ 376752.613781152060255, 4671615.022976342588663 ] ], [ [ 376546.985829656186979, 4671561.664170297794044 ], [ 376536.588495853415225, 4671557.502968288958073 ], [ 376302.370115323108621, 4671452.950289304368198 ] ], [ [ 375831.406020218564663, 4671289.339036542922258 ], [ 375724.780706151563209, 4671305.986672668717802 ], [ 375581.724924481590278, 4671308.511901193298399 ], [ 375386.510092962009367, 4671259.159369929693639 ], [ 375249.173927671217825, 4671185.895186313427985 ], [ 375056.233731141895987, 4671121.683300423435867 ], [ 374996.789618684735615, 4671107.82097090408206 ], [ 374962.093417935015168, 4671095.252552188001573 ], [ 374919.963022242649458, 4671076.218655338510871 ], [ 374882.329406835953705, 4671055.028104212135077 ], [ 374854.678866468486376, 4671047.54431379865855 ], [ 374823.818354899529368, 4671054.679115134291351 ], [ 374813.878672616207041, 4671063.885833306238055 ], [ 374810.591118727810681, 4671094.122335961088538 ], [ 374815.917759396368638, 4671119.129804062657058 ], [ 374817.810062817297876, 4671127.992992906831205 ], [ 374853.924763428862207, 4671142.279326751828194 ], [ 374919.760016346001066, 4671162.957821004092693 ], [ 374962.899709546298254, 4671180.241072941571474 ], [ 374990.124689091579057, 4671203.349433821626008 ], [ 375014.449439505056944, 4671219.91171813569963 ], [ 375052.155632876558229, 4671245.266813524067402 ], [ 375075.542157784395386, 4671268.099248905666173 ], [ 375132.853425772977062, 4671318.775660762563348 ], [ 375161.43613701191498, 4671339.783547571860254 ], [ 375183.125163655204233, 4671345.641406280919909 ], [ 375193.618092349381186, 4671367.658613523468375 ], [ 375210.511799517320469, 4671397.537348233163357 ], [ 375244.997717308346182, 4671437.523000099696219 ], [ 375288.920652448257897, 4671499.189411088824272 ], [ 375324.430758361879271, 4671518.686883585527539 ], [ 375344.830012582417112, 4671530.121598204597831 ], [ 375388.809980326564983, 4671575.4823411218822 ], [ 375432.065100885287393, 4671619.123450249433517 ], [ 375454.660008521168493, 4671656.1881546638906 ], [ 375498.967072228493635, 4671700.510791493579745 ], [ 375515.662691455683671, 4671719.297698418609798 ], [ 375545.142040745879058, 4671732.305194118060172 ], [ 375566.2423925048206, 4671763.843084674328566 ], [ 375568.317512657435145, 4671766.084009697660804 ] ] ] } },
{ "type": "Feature", "properties": { "highway": "path", "surface": "ground", "access": "", "bicycle": "", "foot": "", "length_km": 0.46481971083091056 }, "geometry": { "type": "MultiLineString", "coordinates": [ [ [ 374640.277716106793378, 4672538.604603795334697 ], [ 374617.745183638879098, 4672516.280505043454468 ], [ 374630.759691925195511, 4672503.164464238099754 ], [ 374616.598277540644631, 4672451.868221952579916 ], [ 374598.07484914350789, 4672421.397878480143845 ], [ 374586.357800507568754, 4672401.169348741881549 ], [ 374548.441410303639714, 4672380.474523399025202 ], [ 374545.65995995682897, 4672365.751533284783363 ], [ 374492.751289276755415, 4672317.667230822145939 ], [ 374475.767723051307257, 4672285.592517824843526 ], [ 374473.622015666391235, 4672235.648469435982406 ], [ 374463.80098808981711, 4672198.103561600670218 ], [ 374468.667034511396196, 4672170.359954509884119 ], [ 374458.901683563191909, 4672153.551157114095986 ] ] ] } },
{ "type": "Feature", "properties": { "highway": "path", "surface": "ground", "access": "", "bicycle": "", "foot": "", "length_km": 0.20132363719752738 }, "geometry": { "type": "MultiLineString", "coordinates": [ [ [ 374792.667971110844519, 4672556.35466924495995 ], [ 374771.881162502802908, 4672547.847704933956265 ], [ 374709.982928838522639, 4672543.9727703621611 ], [ 374640.277716106793378, 4672538.604603795334697 ], [ 374597.245413468393963, 4672535.294494901783764 ], [ 374593.493465700827073, 4672535.692612016573548 ] ] ] } },
{ "type": "Feature", "properties": { "highway": "track", "surface": "", "access": "", "bicycle": "", "foot": "", "length_km": 1.1281952272204219 }, "geometry": { "type": "MultiLineString", "coordinates": [ [ [ 367913.782345909392461, 4669654.63746106158942 ], [ 367904.28374282940058, 4669658.381000061519444 ], [ 367893.431455060082953, 4669660.439362775534391 ], [ 367882.050515553855803, 4669662.507652120664716 ], [ 367871.726896540552843, 4669664.556138769723475 ], [ 367857.97505604964681, 4669667.979605357162654 ], [ 367840.755863702914212, 4669670.690586632117629 ], [ 367827.755943424883299, 4669671.46752414572984 ], [ 367812.375334705517162, 4669673.077771762385964 ], [ 367792.015541930333711, 4669677.958211791701615 ], [ 367781.801115403650329, 4669685.825142739340663 ], [ 367771.163438442919869, 4669685.224964983761311 ], [ 367774.183162269822787, 4669676.171192347072065 ], [ 367785.19058110716287, 4669668.289374948479235 ], [ 367804.679359311820008, 4669645.164435843005776 ], [ 367812.836843883909751, 4669626.750622261315584 ], [ 367806.100775846512988, 4669607.283236942254007 ], [ 367796.168121876427904, 4669587.886922184377909 ], [ 367781.794607100076973, 4669572.27273908816278 ], [ 367755.26195114327129, 4669559.541414824314415 ], [ 367741.770671916659921, 4669548.67589613981545 ], [ 367743.471688573714346, 4669526.151179039850831 ], [ 367742.240588108543307, 4669516.910578979179263 ], [ 367724.204200142761692, 4669504.275415089912713 ], [ 367688.00112454360351, 4669486.160931354388595 ], [ 367650.707442311802879, 4669466.745304699055851 ], [ 367633.698495328309946, 4669452.513795522041619 ], [ 367633.016706471506041, 4669430.289263210259378 ], [ 367629.57477972068591, 4669416.85821486543864 ], [ 367616.420284504943993, 4669409.429938307963312 ], [ 367596.231760471127927, 4669397.068762121722102 ], [ 367580.158827051403932, 4669375.933101185597479 ], [ 367574.917588421492837, 4669365.701533377170563 ], [ 367570.427103515306953, 4669366.841116110794246 ], [ 367566.903835683944635, 4669377.237344880588353 ], [ 367565.105556811904535, 4669394.998803310096264 ], [ 367563.515423411561642, 4669409.324114901944995 ], [ 367561.246613639988936, 4669429.749124774709344 ], [ 367559.232143054599874, 4669449.636194518767297 ], [ 367563.581739605055191, 4669469.14821311738342 ], [ 367571.782465768337715, 4669495.718934151344001 ], [ 367573.181227735709399, 4669513.431436022743583 ], [ 367568.332909292308614, 4669524.108038986101747 ], [ 367560.653997231624089, 4669525.307540231384337 ], [ 367548.407768133212812, 4669509.920417719520628 ], [ 367527.657418968388811, 4669480.408807487227023 ], [ 367522.705309564713389, 4669442.913871253840625 ], [ 367518.709664814523421, 4669428.171474727801979 ], [ 367516.382801756320987, 4669417.36311577167362 ], [ 367514.220720129087567, 4669401.253350618295372 ], [ 367509.223912224755622, 4669389.962014801800251 ], [ 367495.532292816787958, 4669382.544052631594241 ], [ 367485.002643120940775, 4669373.211706751026213 ], [ 367472.647279054741375, 4669337.977527578361332 ], [ 367469.10845200746553, 4669329.080254998058081 ], [ 367465.951667557295877, 4669321.164374344050884 ], [ 367456.235604617628269, 4669298.854236333630979 ], [ 367427.136339239485096, 4669277.164106057025492 ], [ 367416.897406611707993, 4669269.681349926628172 ], [ 367410.629114671028219, 4669247.039838187396526 ], [ 367396.259078394738026, 4669231.692901358008385 ] ] ] } },
{ "type": "Feature", "properties": { "highway": "tertiary", "surface": "", "access": "", "bicycle": "", "foot": "", "length_km": 0.0092290603044390667 }, "geometry": { "type": "MultiLineString", "coordinates": [ [ [ 368834.965250031556934, 4669600.846053660847247 ], [ 368830.305300359264947, 4669592.879848594777286 ] ] ] } },
{ "type": "Feature", "properties": { "highway": "track", "surface": "", "access": "", "bicycle": "", "foot": "", "length_km": 0.031053799539881199 }, "geometry": { "type": "MultiLineString", "coordinates": [ [ [ 368469.794045101560187, 4669607.262476691044867 ], [ 368480.665233964566141, 4669610.191929484717548 ], [ 368499.448346440272871, 4669616.439320925623178 ] ] ] } },
{ "type": "Feature", "properties": { "highway": "track", "surface": "", "access": "", "bicycle": "", "foot": "", "length_km": 0.22406875097302439 }, "geometry": { "type": "MultiLineString", "coordinates": [ [ [ 368444.145928513607942, 4669616.604949676431715 ], [ 368441.790173837216571, 4669620.991957490332425 ], [ 368439.781562107498758, 4669625.383594017475843 ], [ 368435.446031660889275, 4669626.852960785850883 ], [ 368430.923978458740748, 4669627.626038902439177 ], [ 368426.22866716736462, 4669628.413461822085083 ], [ 368422.056864798010793, 4669629.357727489434183 ], [ 368418.259741748333909, 4669631.339106976054609 ], [ 368416.764912457030732, 4669635.365718665532768 ], [ 368420.986906033824198, 4669637.552831224165857 ], [ 368425.19103953638114, 4669638.340733068063855 ], [ 368429.562212416669354, 4669638.78118630964309 ], [ 368433.597675784665626, 4669640.272014976479113 ], [ 368437.817972514312714, 4669641.926008407957852 ], [ 368441.522666554432362, 4669644.289401593618095 ], [ 368445.078318255254999, 4669647.521964416839182 ], [ 368448.937198665982578, 4669648.84948484133929 ], [ 368453.295306890446227, 4669648.590423138812184 ], [ 368457.283895432716236, 4669647.127542037516832 ], [ 368461.450539123266935, 4669646.350005857646465 ], [ 368465.805540741188452, 4669645.924397295340896 ], [ 368468.659056914038956, 4669649.170075038447976 ], [ 368469.087009361828677, 4669653.505124937742949 ], [ 368465.649873570131604, 4669656.179534086026251 ], [ 368460.970742344274186, 4669657.833018396049738 ], [ 368456.458654377493076, 4669659.139055423438549 ], [ 368451.939936218434013, 4669660.089778803288937 ], [ 368447.244437736342661, 4669660.86608455516398 ], [ 368442.902503216813784, 4669661.991234340704978 ], [ 368438.207214021938853, 4669662.778649807907641 ], [ 368433.861965570016764, 4669663.726146928966045 ], [ 368429.526460250141099, 4669665.195517985150218 ], [ 368426.807634006196167, 4669668.722923891618848 ], [ 368426.009986285469495, 4669672.914239253848791 ], [ 368428.000984398880973, 4669676.875775973312557 ], [ 368431.707291716826148, 4669678.883692999370396 ], [ 368435.922829722985625, 4669680.726601013913751 ], [ 368440.480290731647983, 4669681.852248298935592 ], [ 368444.677970560500398, 4669682.295948226936162 ], [ 368449.225895521580242, 4669682.910833526402712 ], [ 368453.947077204007655, 4669683.511380510404706 ], [ 368458.315111223724671, 4669683.785296286456287 ], [ 368490.472229481965769, 4669687.172797875478864 ], [ 368496.999886883888394, 4669690.705371305346489 ] ] ] } },
{ "type": "Feature", "properties": { "highway": "track", "surface": "", "access": "", "bicycle": "", "foot": "", "length_km": 0.70467432902820359 }, "geometry": { "type": "MultiLineString", "coordinates": [ [ [ 368841.43837891984731, 4669827.907019732519984 ], [ 368836.542283494258299, 4669816.124232458882034 ], [ 368833.324137090181466, 4669783.505893033929169 ], [ 368820.278282616171055, 4669738.741156062111259 ], [ 368808.845834960055072, 4669714.961776264943182 ], [ 368805.147459255997092, 4669684.962646811269224 ], [ 368803.938693527365103, 4669667.079876007512212 ], [ 368805.260267400299199, 4669663.056579993106425 ], [ 368806.755514870455954, 4669659.041159035637975 ], [ 368807.376616772497073, 4669654.675462613813579 ], [ 368806.590374893159606, 4669650.169350151903927 ], [ 368804.089111350011081, 4669646.75037288479507 ], [ 368800.205922388820909, 4669644.556729358620942 ], [ 368795.497569340281188, 4669644.64437632355839 ], [ 368790.442285, 4669644.738484990783036 ], [ 368785.576590129057877, 4669645.695451851934195 ], [ 368781.411373961251229, 4669646.994820550084114 ], [ 368777.239543904201128, 4669647.938875243067741 ], [ 368772.707966116955504, 4669648.200966134667397 ], [ 368768.492712254985236, 4669646.368962026201189 ], [ 368764.776567672379315, 4669643.827895076014102 ], [ 368761.226019589463249, 4669640.417362246662378 ], [ 368757.852242092369124, 4669637.181259316392243 ], [ 368754.655028906650841, 4669634.108482396230102 ], [ 368732.858175198780373, 4669625.306290238164365 ], [ 368728.631327519542538, 4669623.296805074438453 ], [ 368724.255402664013673, 4669622.15648340806365 ], [ 368719.519332264957484, 4669621.200592413544655 ], [ 368714.637496125302278, 4669621.291524064727128 ], [ 368709.582193712180015, 4669621.38569035474211 ], [ 368705.249920901958831, 4669623.032548123970628 ], [ 368700.737771549611352, 4669624.338427213020623 ], [ 368696.760695033997763, 4669625.978673464618623 ], [ 368692.7817726964131, 4669627.96328876260668 ], [ 368688.634336884249933, 4669629.773325990885496 ], [ 368683.757279053679667, 4669630.563962456770241 ], [ 368679.238517769612372, 4669631.514539001509547 ], [ 368647.301243722671643, 4669639.929343715310097 ], [ 368597.991813587839715, 4669624.687059189192951 ], [ 368547.394863105728291, 4669614.856263076886535 ], [ 368495.395133367390372, 4669604.696556658484042 ], [ 368469.794045101560187, 4669607.262476691044867 ], [ 368452.457017939421348, 4669612.973175661638379 ], [ 368444.145928513607942, 4669616.604949676431715 ], [ 368435.110275843995623, 4669618.162046759389341 ], [ 368425.700156338512897, 4669618.693147449754179 ], [ 368417.259320103679784, 4669615.374073296785355 ], [ 368408.531629545148462, 4669614.83724280167371 ], [ 368400.961665341048501, 4669620.54344429820776 ], [ 368393.738645958364941, 4669626.243176166899502 ], [ 368385.455143333238084, 4669630.907505052164197 ], [ 368376.790746429702267, 4669634.201625385321677 ], [ 368368.106864212721121, 4669636.452014113776386 ], [ 368359.08248408138752, 4669639.05310639180243 ], [ 368350.40687295695534, 4669641.30336292181164 ], [ 368342.077991393394768, 4669643.536045972257853 ], [ 368333.400767846149392, 4669646.141794591210783 ], [ 368325.444758376630489, 4669649.755971980281174 ], [ 368315.056993848294951, 4669654.126473823562264 ] ] ] } },
{ "type": "Feature", "properties": { "highway": "track", "surface": "", "access": "", "bicycle": "", "foot": "", "length_km": 0.75824160194479806 }, "geometry": { "type": "MultiLineString", "coordinates": [ [ [ 368452.457017939421348, 4669612.973175661638379 ], [ 368453.356887230183929, 4669614.70025962498039 ], [ 368455.869912365800701, 4669618.29662049561739 ], [ 368459.920065355952829, 4669620.131523061543703 ], [ 368464.982003767858259, 4669620.392494247294962 ], [ 368469.176402382319793, 4669620.658551241271198 ], [ 368473.542637262959033, 4669621.276844347827137 ], [ 368490.01371927629225, 4669624.957090900279582 ], [ 368538.318144404271152, 4669651.869148506782949 ], [ 368570.771905577974394, 4669680.465520095080137 ], [ 368593.153842286672443, 4669711.338020158931613 ], [ 368596.886165714240633, 4669714.745081649161875 ], [ 368600.764230199216399, 4669717.105322618037462 ], [ 368604.295364240417257, 4669719.472033474594355 ], [ 368607.665866118622944, 4669722.53040574118495 ], [ 368610.008830446575303, 4669726.318815253674984 ], [ 368611.127236425760202, 4669730.463278872892261 ], [ 368611.041332383232657, 4669735.163353669457138 ], [ 368607.070755751512479, 4669737.147865623235703 ], [ 368602.359149458410684, 4669737.057984745129943 ], [ 368597.968592695659027, 4669735.573683453723788 ], [ 368593.581346377846785, 4669734.267043150030077 ], [ 368589.880064497760031, 4669732.081230252049863 ], [ 368586.163894972065464, 4669729.540256683714688 ], [ 368550.257117861299776, 4669702.752102344296873 ], [ 368547.063151877606288, 4669699.857076181098819 ], [ 368543.869183284346946, 4669696.962051415815949 ], [ 368540.496593876392581, 4669694.236972227692604 ], [ 368537.13246919051744, 4669691.522844173945487 ], [ 368533.077589866006747, 4669688.988214849494398 ], [ 368529.021075287950225, 4669686.809058459475636 ], [ 368525.146076054195873, 4669684.615410787053406 ], [ 368520.749047880293801, 4669682.786943665705621 ], [ 368516.027873258455656, 4669682.186352065764368 ], [ 368511.319541025732178, 4669682.274189470335841 ], [ 368507.34380657505244, 4669684.425466140732169 ], [ 368496.999886883888394, 4669690.705371305346489 ], [ 368493.027476249146275, 4669693.03431457746774 ], [ 368489.058590357424691, 4669695.552022091113031 ], [ 368485.441374203772284, 4669697.874342194758356 ], [ 368480.955208331695758, 4669700.568319545127451 ], [ 368476.635879601584747, 4669702.903746206313372 ], [ 368472.671949744049925, 4669705.243650797754526 ], [ 368469.056222868384793, 4669708.088004982098937 ], [ 368466.864211733802222, 4669711.949896886013448 ], [ 368466.945235690858681, 4669716.291421587578952 ], [ 368470.982483414292801, 4669717.437903538346291 ], [ 368476.050567735452205, 4669718.031990427523851 ], [ 368480.411948592634872, 4669717.950602810829878 ], [ 368484.765069247514475, 4669717.869372031651437 ], [ 368490.005345304380171, 4669717.949310338124633 ], [ 368494.546612573612947, 4669718.208907703869045 ], [ 368498.074676316755358, 4669720.40901149995625 ], [ 368499.725115955399815, 4669724.721253548748791 ], [ 368500.852054991293699, 4669728.876650660298765 ], [ 368501.106522074551322, 4669733.214938933961093 ], [ 368501.364303720300086, 4669737.730885539203882 ], [ 368499.343911129166372, 4669741.933897959068418 ], [ 368496.975324467290193, 4669745.632462404668331 ], [ 368495.830513229477219, 4669749.8191391043365 ], [ 368495.567908975062892, 4669754.344795478507876 ], [ 368497.215235819807276, 4669758.490482354536653 ], [ 368499.719931017898489, 4669762.087012100033462 ], [ 368500.849973001983017, 4669766.40896397922188 ], [ 368501.114384394255467, 4669771.280227404087782 ], [ 368500.33781304967124, 4669776.159806120209396 ], [ 368498.32406311808154, 4669780.718135970644653 ], [ 368491.961956475861371, 4669794.910062342882156 ], [ 368487.472537100082263, 4669797.42637896258384 ], [ 368482.806550826411694, 4669799.77938078623265 ], [ 368478.300768072600476, 4669801.418515438213944 ], [ 368473.804933751060162, 4669803.590627986937761 ], [ 368468.785400944878347, 4669805.594796999357641 ], [ 368464.279832105676178, 4669807.245044426992536 ], [ 368459.420917258015834, 4669808.557556818239391 ], [ 368454.912036333815195, 4669810.030152005143464 ], [ 368449.190406098263338, 4669812.047439959831536 ], [ 368444.859934853040613, 4669813.338991400785744 ], [ 368419.63245527644176, 4669817.28659201040864 ], [ 368414.94701605825685, 4669818.595896913670003 ], [ 368410.621355264389422, 4669820.587153548374772 ], [ 368406.140239716391079, 4669823.103368863463402 ], [ 368401.814584024716169, 4669825.094631033949554 ], [ 368397.649537060176954, 4669826.394230810925364 ], [ 368393.297967400983907, 4669826.997542545199394 ], [ 368388.956143952324055, 4669828.12272834777832 ], [ 368384.622374492115341, 4669829.236658955924213 ], [ 368379.923884754884057, 4669829.846457770094275 ], [ 368375.408603590505663, 4669830.974891503341496 ], [ 368371.420136347005609, 4669832.437822074629366 ], [ 368367.258416849130299, 4669833.915098390541971 ], [ 368363.29438956110971, 4669836.24396379198879 ], [ 368361.094218963582534, 4669840.106045829132199 ], [ 368360.828596823324915, 4669844.465155181474984 ], [ 368364.531728677568026, 4669846.306481146253645 ], [ 368369.061343370005488, 4669846.388491901569068 ], [ 368373.233009855845012, 4669845.444191492162645 ], [ 368377.574820371053647, 4669844.318995677866042 ], [ 368381.569710204028524, 4669843.200281475670636 ], [ 368385.916326769744046, 4669842.774774835444987 ], [ 368390.637616790831089, 4669843.386380914598703 ], [ 368395.194982728688046, 4669844.511996985413134 ], [ 368399.559603840636555, 4669844.608215881511569 ], [ 368404.081306594307534, 4669843.824010518379509 ], [ 368408.760300062713213, 4669842.170484884642065 ], [ 368413.269151630345732, 4669840.697859424166381 ], [ 368417.427765920641832, 4669839.054055688902736 ], [ 368435.506757214316167, 4669835.939659637399018 ], [ 368439.694604538148269, 4669835.861483283340931 ], [ 368444.749757507059257, 4669835.767119877040386 ], [ 368449.284527069248725, 4669835.682473437860608 ], [ 368453.472374359145761, 4669835.604305275715888 ], [ 368457.833682768279687, 4669835.522902024909854 ], [ 368474.956059952091891, 4669836.936113204807043 ] ] ] } },
{ "type": "Feature", "properties": { "highway": "track", "surface": "", "access": "", "bicycle": "", "foot": "", "length_km": 0.27408930221910754 }, "geometry": { "type": "MultiLineString", "coordinates": [ [ [ 368847.806304061901756, 4669777.13836978469044 ], [ 368852.337249825941399, 4669783.507505423389375 ], [ 368854.169584789138753, 4669806.932422449812293 ], [ 368852.077203682507388, 4669853.900495820678771 ], [ 368856.103869003418367, 4669864.25549747236073 ], [ 368866.624257312272675, 4669867.014331275597215 ], [ 368891.374741498264484, 4669865.854076872579753 ], [ 368906.029440663405694, 4669866.103519053198397 ], [ 368919.327624901372474, 4669858.725164912641048 ], [ 368952.155035765084904, 4669841.786678095348179 ], [ 368985.176912762981374, 4669825.522292176261544 ], [ 369001.61335582123138, 4669827.827020292170346 ], [ 369028.996316139469855, 4669836.703913930803537 ] ] ] } },
{ "type": "Feature", "properties": { "highway": "tertiary", "surface": "", "access": "", "bicycle": "", "foot": "", "length_km": 1.3876349214790533 }, "geometry": { "type": "MultiLineString", "coordinates": [ [ [ 369299.933238589204848, 4670293.347045307047665 ], [ 369297.427976088190917, 4670290.86984290368855 ], [ 369290.320247016148642, 4670278.28363030590117 ], [ 369281.931813001050614, 4670257.679374132305384 ], [ 369278.436437623924576, 4670247.414268965832889 ], [ 369271.74544667074224, 4670236.808579013682902 ], [ 369265.309707995154895, 4670229.719226885586977 ], [ 369254.17377099575242, 4670219.573671592399478 ], [ 369233.71777128969552, 4670207.201862432062626 ], [ 369210.082414991455153, 4670193.589543697424233 ], [ 369199.929745074012317, 4670186.569234452210367 ], [ 369191.825443250243552, 4670179.510916031897068 ], [ 369184.408206721942406, 4670169.851810767315328 ], [ 369181.87972396297846, 4670163.611918793991208 ], [ 369179.154506082646549, 4670155.676236431114376 ], [ 369181.732048546662554, 4670145.864918479695916 ], [ 369185.679806892410852, 4670138.205230950377882 ], [ 369224.952584143029526, 4670083.494015704840422 ], [ 369234.999617663212121, 4670066.11321768257767 ], [ 369239.76851442118641, 4670053.273356670513749 ], [ 369240.770271925954148, 4670037.34887638874352 ], [ 369240.066057012532838, 4670019.434491511434317 ], [ 369235.404893658938818, 4670008.246900607831776 ], [ 369227.295471706427634, 4670001.366351078264415 ], [ 369215.742963591823354, 4669998.626146854832768 ], [ 369203.508677787147462, 4669999.219747868366539 ], [ 369181.640707818150986, 4670000.73639272339642 ], [ 369160.863703497219831, 4670000.933276851661503 ], [ 369144.462042834958993, 4669997.361298066563904 ], [ 369126.634291253983974, 4669986.407155231572688 ], [ 369109.776546659064479, 4669977.856468852609396 ], [ 369091.916704034490976, 4669975.411331975832582 ], [ 369048.993570848950185, 4669968.389113992452621 ], [ 369004.100641960394569, 4669953.195339389145374 ], [ 368975.221435778832529, 4669936.7044278960675 ], [ 368961.730118186213076, 4669930.135273587889969 ], [ 368944.114992358954623, 4669930.640544600784779 ], [ 368927.658532008063048, 4669933.912288983352482 ], [ 368900.346919597475789, 4669942.184430204331875 ], [ 368878.785499275079928, 4669949.97203762922436 ], [ 368863.711864753742702, 4669957.838922055438161 ], [ 368847.778453243488912, 4669969.231807754375041 ], [ 368827.304099572473206, 4669985.696515089832246 ], [ 368818.352384705562145, 4669993.071902524679899 ], [ 368805.846240077458788, 4669999.036174372769892 ], [ 368794.519905414315872, 4669998.691661511547863 ], [ 368781.411575141712092, 4669992.282331402413547 ], [ 368773.969386858982034, 4669981.324517054483294 ], [ 368762.958849643357098, 4669968.21165962703526 ], [ 368752.251984044676647, 4669961.202285939827561 ], [ 368741.19408170983661, 4669955.310215555131435 ], [ 368730.761755668674596, 4669953.283026385121047 ], [ 368722.542431704176124, 4669950.292706534266472 ], [ 368714.489084190339781, 4669946.010834119282663 ], [ 368706.344722769630607, 4669937.287666227668524 ], [ 368702.918864185805432, 4669929.476273120380938 ], [ 368703.107382123358548, 4669922.741616173647344 ], [ 368703.185875958180986, 4669917.19751154165715 ], [ 368707.46919502527453, 4669908.053994312882423 ], [ 368714.93221538560465, 4669899.273331558331847 ], [ 368719.765491195139475, 4669890.819350716657937 ], [ 368726.674945512146223, 4669882.926505982875824 ], [ 368734.732410982833244, 4669877.222678204998374 ], [ 368746.761195279075764, 4669875.343629150651395 ], [ 368757.914915459579788, 4669876.613210085779428 ], [ 368783.509133384854067, 4669875.947807673364878 ], [ 368807.014972409058828, 4669872.733328103087842 ], [ 368819.780151815270074, 4669870.463041842915118 ], [ 368826.719295053451788, 4669864.602418936789036 ], [ 368833.442424830864184, 4669856.901980374008417 ], [ 368839.681040777824819, 4669843.145876777358353 ], [ 368841.43837891984731, 4669827.907019732519984 ], [ 368845.194946178700775, 4669801.545685696415603 ], [ 368847.806304061901756, 4669777.13836978469044 ], [ 368845.499428929644637, 4669756.188147305510938 ], [ 368840.580091437208466, 4669737.83015692140907 ], [ 368836.942788048880175, 4669725.757363293319941 ], [ 368835.391357920016162, 4669712.101811559870839 ], [ 368835.091233375133015, 4669706.187106372788548 ], [ 368836.990574101335369, 4669698.576453365385532 ], [ 368846.433001688390505, 4669677.141008358448744 ], [ 368852.467167493421584, 4669662.600100879557431 ], [ 368853.895037858281285, 4669649.633312007412314 ], [ 368851.64504255389329, 4669638.401081655174494 ], [ 368847.84743974567391, 4669623.487749795429409 ], [ 368834.965250031556934, 4669600.846053660847247 ] ] ] } },
{ "type": "Feature", "properties": { "highway": "tertiary", "surface": "asphalt", "access": "", "bicycle": "", "foot": "", "length_km": 0.36175246585500931 }, "geometry": { "type": "MultiLineString", "coordinates": [ [ [ 365176.410447943781037, 4670312.301580023951828 ], [ 365179.381498122413177, 4670312.072891355492175 ], [ 365214.061486561549827, 4670305.688978360034525 ], [ 365263.59456394740846, 4670297.03737305290997 ] ], [ [ 365380.775773210334592, 4670276.23684320691973 ], [ 365398.614935099845752, 4670273.007806165143847 ] ], [ [ 365417.256756747257896, 4670269.633481013588607 ], [ 365441.107086824486032, 4670265.316372409462929 ], [ 365463.091438052419107, 4670263.019409561529756 ], [ 365483.689699279202614, 4670262.992733708582819 ], [ 365500.25368887220975, 4670265.453492104075849 ], [ 365517.127740322379395, 4670269.874437223188579 ], [ 365536.047827390313614, 4670274.567395806312561 ], [ 365553.026270931237377, 4670284.029334844090044 ], [ 365565.777247194666415, 4670295.815719381906092 ], [ 365582.77829015412135, 4670321.19464651774615 ], [ 365597.452990709105507, 4670338.542675133794546 ], [ 365603.237631129042711, 4670343.353061164729297 ], [ 365608.544485227321275, 4670345.640005813911557 ], [ 365615.201874285005033, 4670348.123352528549731 ], [ 365622.991671036928892, 4670347.597136523574591 ], [ 365628.123326909379102, 4670347.017832511104643 ] ], [ [ 365719.145978226617444, 4670269.513386296108365 ], [ 365720.950206785579212, 4670269.008870271965861 ], [ 365724.12866443186067, 4670268.743815340101719 ] ], [ [ 365727.737668139336165, 4670268.442856717854738 ], [ 365730.618633039644919, 4670268.202610019594431 ], [ 365733.644567465235014, 4670268.729483518749475 ] ] ] } },
{ "type": "Feature", "properties": { "highway": "track", "surface": "", "access": "", "bicycle": "", "foot": "", "length_km": 0.23824738809366386 }, "geometry": { "type": "MultiLineString", "coordinates": [ [ [ 365820.361497258185409, 4670959.289979523979127 ], [ 365823.407100156822708, 4670957.589740029536188 ], [ 365832.451934257172979, 4670951.419325108639896 ], [ 365834.425551694701426, 4670944.861516408622265 ], [ 365827.590464433247689, 4670943.425495924428105 ], [ 365816.911946921842173, 4670946.239180447533727 ], [ 365803.650077388097998, 4670950.92375236004591 ], [ 365796.069882652780507, 4670951.068146483041346 ] ], [ [ 365765.837198003369849, 4670940.923023454844952 ], [ 365758.899812791321892, 4670937.69170764926821 ], [ 365712.867055808252189, 4670912.232575682923198 ], [ 365664.115472705918364, 4670895.422944230958819 ], [ 365641.999454563250765, 4670888.546898642554879 ], [ 365621.262633481645025, 4670885.543424537405372 ], [ 365600.905360145261511, 4670886.092516254633665 ] ], [ [ 365567.230480364116374, 4670875.208400474861264 ], [ 365567.643416643782984, 4670874.314501772634685 ] ] ] } },
{ "type": "Feature", "properties": { "highway": "path", "surface": "", "access": "", "bicycle": "", "foot": "", "length_km": 0.051043954993075097 }, "geometry": { "type": "MultiLineString", "coordinates": [ [ [ 367039.228937610867433, 4671136.502337696962059 ], [ 367035.655907074455172, 4671142.341707152314484 ], [ 367034.064368966966867, 4671150.813546125777066 ], [ 367035.641606762306765, 4671156.904081974178553 ], [ 367036.452730612480082, 4671161.798345926217735 ], [ 367037.279198456904851, 4671166.192476936616004 ], [ 367032.089979989686981, 4671170.078122616745532 ], [ 367025.411552351142745, 4671172.536782236769795 ], [ 367019.289217763813213, 4671173.818649753928185 ] ] ] } },
{ "type": "Feature", "properties": { "highway": "track", "surface": "", "access": "", "bicycle": "", "foot": "", "length_km": 0.086658799819727003 }, "geometry": { "type": "MultiLineString", "coordinates": [ [ [ 368625.034941185615025, 4671261.108437830582261 ], [ 368625.806353912281338, 4671255.073770582675934 ], [ 368627.057095840456896, 4671247.719476111233234 ], [ 368628.262041981099173, 4671241.010272776708007 ], [ 368629.631330715375952, 4671234.253574973903596 ], [ 368631.656095217447728, 4671226.762664859183133 ], [ 368633.677782511455007, 4671219.549501189962029 ], [ 368635.773847784439567, 4671213.223553650081158 ], [ 368638.619294145493768, 4671205.439654608257115 ], [ 368641.487522183335386, 4671198.877160300500691 ], [ 368644.989701445796527, 4671190.425674692727625 ], [ 368649.922700412222184, 4671178.515287477523088 ] ] ] } },
{ "type": "Feature", "properties": { "highway": "track", "surface": "", "access": "", "bicycle": "", "foot": "", "length_km": 0.63360350749456607 }, "geometry": { "type": "MultiLineString", "coordinates": [ [ [ 368700.780324856692459, 4670963.569716406986117 ], [ 368694.926961406134069, 4670968.666082693263888 ], [ 368692.848515114223119, 4670970.439198242500424 ] ], [ [ 368640.45795471360907, 4671134.485870786942542 ], [ 368641.330212404369377, 4671139.932448169216514 ], [ 368642.728709417337086, 4671146.259876723401248 ], [ 368644.570909075613599, 4671152.901150573045015 ], [ 368646.289205284323543, 4671159.100434033200145 ], [ 368647.286111703782808, 4671165.157663121819496 ], [ 368648.410850371816196, 4671171.867852923460305 ], [ 368649.922700412222184, 4671178.515287477523088 ], [ 368651.546255618915893, 4671185.39389762468636 ], [ 368652.347967025823891, 4671189.844175421632826 ], [ 368652.92173064884264, 4671194.032122715376318 ], [ 368653.49443602852989, 4671197.720251089893281 ], [ 368654.694643455266487, 4671202.71847558952868 ], [ 368656.152886344934814, 4671206.934362451545894 ], [ 368658.344287568354048, 4671211.480913707986474 ], [ 368661.317981956992298, 4671216.334998862817883 ], [ 368664.323834085604176, 4671220.255453393794596 ], [ 368668.562072331085801, 4671224.697202605195343 ], [ 368672.503166384645738, 4671228.266999065876007 ], [ 368677.066742154536769, 4671231.991806347854435 ], [ 368681.666430534096435, 4671235.438255092129111 ], [ 368685.384514384553768, 4671238.567914431914687 ], [ 368689.27397208858747, 4671242.027606956660748 ], [ 368693.95505071838852, 4671246.738803988322616 ], [ 368698.422646832535975, 4671251.52062809932977 ], [ 368703.173938933003228, 4671256.89697359316051 ], [ 368708.322473023785278, 4671262.754649533890188 ], [ 368713.027304090792313, 4671268.298479920253158 ], [ 368718.350300938007422, 4671274.652749762870371 ], [ 368724.067826990853064, 4671280.899703406728804 ], [ 368729.085398413706571, 4671285.937877103686333 ], [ 368735.305441074015107, 4671292.553130795247853 ], [ 368741.353271208819933, 4671298.793942614458501 ], [ 368746.764131216157693, 4671304.102487951517105 ], [ 368752.237946527078748, 4671309.243251367472112 ], [ 368759.043220324441791, 4671314.903481436893344 ], [ 368766.748861164960545, 4671321.002352653071284 ], [ 368772.543688271252904, 4671326.081612950190902 ], [ 368779.135454970994033, 4671331.812483717687428 ], [ 368784.995104454923421, 4671337.268201813101768 ], [ 368790.478173249633983, 4671342.908659047447145 ], [ 368797.037746259651612, 4671350.017477614805102 ], [ 368801.674316909629852, 4671355.451558862812817 ], [ 368805.135078906081617, 4671359.852326986379921 ], [ 368807.200371794286184, 4671363.401591648347676 ], [ 368809.788040413055569, 4671368.385105860419571 ], [ 368812.088514929811936, 4671373.029636311344802 ], [ 368815.352137681213208, 4671378.822520295158029 ], [ 368817.627998736279551, 4671382.145715901628137 ], [ 368820.68736816488672, 4671385.843084663152695 ], [ 368824.474285073811188, 4671389.571336531080306 ], [ 368828.698056497727521, 4671393.247025488875806 ], [ 368833.47925892227795, 4671397.134487560018897 ], [ 368838.088067436125129, 4671401.08070021495223 ], [ 368841.481869646639097, 4671404.549699895083904 ], [ 368845.446345154836308, 4671409.385408063419163 ], [ 368848.743957960279658, 4671413.900308604352176 ], [ 368852.782768858829513, 4671419.623237975873053 ], [ 368856.764799731783569, 4671425.402764124795794 ], [ 368859.653799135005102, 4671428.825632340274751 ], [ 368862.418902610661462, 4671431.362206757068634 ], [ 368866.238165933522396, 4671434.167953310534358 ], [ 368871.396085531450808, 4671437.437512957490981 ], [ 368878.618352422839962, 4671441.546143346466124 ], [ 368886.845220988849178, 4671445.924877358600497 ], [ 368894.056310015206691, 4671449.433925092220306 ], [ 368899.526965322904289, 4671451.753544913604856 ], [ 368903.943873020238243, 4671453.826199456118047 ], [ 368910.151577220065519, 4671457.131786578334868 ], [ 368915.850562982552219, 4671459.735964798368514 ], [ 368922.037594138411805, 4671461.931195260025561 ], [ 368929.671033994760364, 4671464.166162342764437 ], [ 368937.020593377179466, 4671466.239806715399027 ], [ 368943.930200309318025, 4671468.643761835992336 ], [ 368952.250918091798667, 4671471.854534496553242 ], [ 368960.449821806687396, 4671475.178657892160118 ], [ 368965.761674484587274, 4671477.845614530146122 ], [ 368970.970091925002635, 4671480.725541773252189 ], [ 368975.347534192085732, 4671483.787542134523392 ], [ 368979.279241544310935, 4671486.868943364359438 ], [ 368983.397376633598469, 4671490.646652331575751 ], [ 368988.365272851951886, 4671495.697029979899526 ], [ 368993.109987159899902, 4671500.740454191341996 ], [ 368997.801016210461967, 4671505.562729581259191 ], [ 369002.249455478915479, 4671509.778606297448277 ], [ 369008.058410683122929, 4671515.191010925918818 ], [ 369014.372132348245941, 4671521.09387153852731 ], [ 369020.910669225791935, 4671527.092524658888578 ], [ 369026.317221945500933, 4671531.746007745154202 ], [ 369030.765627841930836, 4671535.961901877075434 ], [ 369035.352350306231529, 4671540.952752539888024 ], [ 369040.106290961208288, 4671546.49587244540453 ], [ 369040.759980468603317, 4671547.241685900837183 ] ], [ [ 369061.551362850645091, 4671566.554514230228961 ], [ 369067.087436649017036, 4671570.552987924776971 ], [ 369073.156423158245161, 4671575.294158692471683 ], [ 369079.167801917123143, 4671580.047512628138065 ], [ 369081.483739780902397, 4671582.425903818570077 ], [ 369081.572052964940667, 4671582.555216452106833 ] ] ] } },
{ "type": "Feature", "properties": { "highway": "path", "surface": "", "access": "", "bicycle": "", "foot": "", "length_km": 0.54004922105648934 }, "geometry": { "type": "MultiLineString", "coordinates": [ [ [ 367704.704873226291966, 4671204.289321367628872 ], [ 367726.06451803597156, 4671215.217485463246703 ], [ 367735.584724586457014, 4671222.484065436758101 ] ], [ [ 367752.942779903940391, 4671235.733115915209055 ], [ 367754.385479480260983, 4671236.834299150854349 ], [ 367754.654128935828339, 4671238.136099295690656 ] ], [ [ 367765.881552565901075, 4671265.854559478349984 ], [ 367777.951723713660613, 4671277.949476240202785 ] ], [ [ 367830.819309657032136, 4671298.948330366052687 ], [ 367832.593204527394846, 4671299.235161600634456 ], [ 367849.319524631253444, 4671309.218091418966651 ], [ 367868.851556795183569, 4671330.489271505735815 ], [ 367879.415697951510083, 4671342.010358223691583 ] ], [ [ 367882.333843510423321, 4671343.700906560756266 ], [ 367913.212062109145336, 4671352.838857974857092 ], [ 367927.414365458069369, 4671367.896497837267816 ] ], [ [ 368203.667734396294691, 4671546.286895213648677 ], [ 368209.477512497804128, 4671548.159000855870545 ], [ 368243.323047313548159, 4671561.432501077651978 ], [ 368279.963708725990728, 4671585.4726508455351 ], [ 368309.843510836944915, 4671607.573373947292566 ], [ 368321.900070102070458, 4671616.622784119099379 ], [ 368339.598180341650732, 4671622.98980753403157 ], [ 368368.543621902586892, 4671622.959770189598203 ], [ 368389.117031141242478, 4671617.421425362117589 ], [ 368402.437401249189861, 4671610.996751219965518 ], [ 368420.494408401893452, 4671581.302164833061397 ], [ 368430.583308154542465, 4671567.718006880022585 ], [ 368453.34418164548697, 4671596.13920103572309 ], [ 368464.078640194085892, 4671617.565130459144711 ], [ 368455.197177202731837, 4671646.994200977496803 ] ] ] } },
{ "type": "Feature", "properties": { "highway": "track", "surface": "", "access": "", "bicycle": "", "foot": "", "length_km": 0.33853096059095339 }, "geometry": { "type": "MultiLineString", "coordinates": [ [ [ 368679.809541530383285, 4671565.754136160947382 ], [ 368679.775042286142707, 4671565.156073647551239 ], [ 368683.110671139380429, 4671568.194031695835292 ] ], [ [ 368690.00166639231611, 4671574.470076007768512 ], [ 368691.961964619229548, 4671576.255437641404569 ] ], [ [ 368694.398462243028916, 4671573.042245907709002 ], [ 368700.500391181092709, 4671511.908981214277446 ], [ 368703.608384987572208, 4671468.576116391457617 ], [ 368699.954409002326429, 4671425.002746139653027 ], [ 368687.641047730110586, 4671395.075332820415497 ], [ 368678.237936300807633, 4671367.937211114913225 ], [ 368657.870708424132317, 4671326.09721418004483 ], [ 368641.616064105532132, 4671294.821593408472836 ], [ 368625.817582054936793, 4671275.167082467116416 ], [ 368625.034941185615025, 4671261.108437830582261 ] ] ] } },
{ "type": "Feature", "properties": { "highway": "track", "surface": "", "access": "", "bicycle": "", "foot": "", "length_km": 0.33701231536498105 }, "geometry": { "type": "MultiLineString", "coordinates": [ [ [ 368811.972507324069738, 4671484.00734852347523 ], [ 368808.684216015506536, 4671479.003247969783843 ], [ 368804.237827750970609, 4671472.243827272206545 ], [ 368800.06393529009074, 4671465.035032819025218 ], [ 368795.766147891641594, 4671457.384247365407646 ], [ 368792.38713386899326, 4671451.604629381559789 ], [ 368789.702465029200539, 4671447.178304549306631 ], [ 368787.411304101231508, 4671443.033446241170168 ], [ 368783.884280942613259, 4671438.178513288497925 ], [ 368778.559391324990429, 4671431.713159780018032 ], [ 368771.932754305307753, 4671424.105770600028336 ], [ 368765.650067548733205, 4671416.780774901621044 ], [ 368760.094933767162729, 4671409.930960370227695 ], [ 368754.870945255854167, 4671403.119410160928965 ], [ 368749.739200940181036, 4671395.495295498520136 ], [ 368744.950998604414053, 4671388.131363583728671 ], [ 368740.263936616014689, 4671380.432324259541929 ], [ 368735.470749043277465, 4671372.801910442300141 ], [ 368730.670102514559403, 4671364.771767656318843 ], [ 368726.735621366766281, 4671358.891453803516924 ], [ 368721.962891408707947, 4671352.360311987809837 ], [ 368716.891781924932729, 4671344.890594258904457 ], [ 368712.908556933747604, 4671339.055625909008086 ], [ 368709.313484815764241, 4671333.657726335339248 ], [ 368704.49636647728039, 4671327.849411721341312 ], [ 368698.89550907415105, 4671321.655837339349091 ], [ 368692.55153913074173, 4671314.154322981834412 ], [ 368685.416970791528001, 4671305.456830906681716 ], [ 368679.518115831888281, 4671298.346900936216116 ], [ 368674.18971739342669, 4671291.703964442946017 ], [ 368671.168602510006167, 4671287.406135332770646 ], [ 368667.688055497128516, 4671281.950582342222333 ], [ 368663.738965060561895, 4671274.848744729533792 ], [ 368660.458817333972547, 4671268.178738230839372 ], [ 368657.733860726119019, 4671262.042650597169995 ], [ 368654.780931923771277, 4671255.199932645075023 ], [ 368652.730255624628626, 4671248.895769401453435 ], [ 368651.108989826636389, 4671242.139299013651907 ], [ 368649.846628302766476, 4671236.908975781872869 ], [ 368649.468122242484242, 4671231.673280217684805 ], [ 368650.196474820026197, 4671222.884753021411598 ], [ 368651.049809908261523, 4671215.482336667366326 ], [ 368651.697330085851718, 4671208.561381684616208 ], [ 368652.169490370259155, 4671204.19842765852809 ], [ 368653.49443602852989, 4671197.720251089893281 ] ] ] } },
{ "type": "Feature", "properties": { "highway": "path", "surface": "", "access": "", "bicycle": "", "foot": "", "length_km": 0.023648562734759331 }, "geometry": { "type": "MultiLineString", "coordinates": [ [ [ 367019.289217763813213, 4671173.818649753928185 ], [ 367008.244681733194739, 4671176.937341563403606 ], [ 366996.535078654298559, 4671173.613718844950199 ] ] ] } },
{ "type": "Feature", "properties": { "highway": "path", "surface": "ground", "access": "", "bicycle": "", "foot": "", "length_km": 0.58930725242059412 }, "geometry": { "type": "MultiLineString", "coordinates": [ [ [ 367028.235816222499125, 4671547.606312721967697 ], [ 367033.805925914202817, 4671524.023857680149376 ], [ 366985.53285298391711, 4671530.389107156544924 ], [ 366960.308042225660756, 4671524.500805193558335 ], [ 366966.270346163830254, 4671501.639744804240763 ], [ 366971.949397027608939, 4671463.777617231942713 ], [ 366960.330439484445378, 4671453.078238803893328 ], [ 366960.612887835362926, 4671443.975745476782322 ], [ 366949.208302024344448, 4671444.191147626377642 ], [ 366931.581512874807231, 4671405.402986424975097 ], [ 366930.130983027047478, 4671352.66908457968384 ], [ 366923.070042099745478, 4671341.428245365619659 ], [ 366892.25008590501966, 4671353.384767987765372 ], [ 366860.830095650511794, 4671358.066154232248664 ], [ 366870.494061711942777, 4671337.86753202136606 ], [ 366866.217801005695947, 4671328.851186819374561 ], [ 366854.658698194543831, 4671321.338732314296067 ], [ 366849.002914437558502, 4671311.89305720012635 ], [ 366856.157243933761492, 4671304.02691095136106 ], [ 366869.969870565342717, 4671310.130539635196328 ], [ 366868.392703106976114, 4671299.241530587896705 ], [ 366838.648649783572182, 4671247.497809830121696 ], [ 366824.928697006776929, 4671221.831918687559664 ], [ 366827.172125226585194, 4671195.853154051117599 ], [ 366828.024310154316481, 4671185.850079706870019 ] ] ] } },
{ "type": "Feature", "properties": { "highway": "track", "surface": "", "access": "", "bicycle": "", "foot": "", "length_km": 0.15667542155050648 }, "geometry": { "type": "MultiLineString", "coordinates": [ [ [ 366824.576986428641248, 4671730.680016073398292 ], [ 366820.502467916929163, 4671738.399192187003791 ], [ 366812.174968639796134, 4671738.367824610322714 ], [ 366807.82320210657781, 4671733.651606946252286 ], [ 366802.544516399735585, 4671728.408645118586719 ], [ 366797.462326527223922, 4671724.544864636845887 ] ], [ [ 366794.148226397752296, 4671724.873637937009335 ], [ 366790.674788123113103, 4671727.155800790525973 ], [ 366783.347990917274728, 4671747.266291169449687 ] ], [ [ 366460.403460002096836, 4671621.457960315048695 ], [ 366435.750638093915768, 4671595.319979160092771 ], [ 366388.268288435938302, 4671580.181001988239586 ], [ 366380.246411438740324, 4671579.495876375585794 ] ] ] } },
{ "type": "Feature", "properties": { "highway": "track", "surface": "", "access": "", "bicycle": "", "foot": "", "length_km": 0.011456358796986876 }, "geometry": { "type": "MultiLineString", "coordinates": [ [ [ 366585.524948846839834, 4672163.0829774197191 ], [ 366587.48008669790579, 4672167.022331945598125 ], [ 366588.503633607411757, 4672174.006235484033823 ] ] ] } },
{ "type": "Feature", "properties": { "highway": "path", "surface": "", "access": "", "bicycle": "", "foot": "", "length_km": 1.9221587513536813 }, "geometry": { "type": "MultiLineString", "coordinates": [ [ [ 366683.669866523763631, 4672533.359585951082408 ], [ 366691.230094760656357, 4672531.822053773328662 ], [ 366718.172407729318365, 4672524.325324263423681 ], [ 366751.919380694744177, 4672531.151021922007203 ], [ 366770.382245931774378, 4672535.622411221265793 ], [ 366780.876012200023979, 4672527.959519639611244 ], [ 366793.704439261578955, 4672528.438835593871772 ], [ 366805.562181002052967, 4672528.692166465334594 ], [ 366823.512601300957613, 4672544.50321161467582 ], [ 366840.079585883067921, 4672550.932263433933258 ], [ 366858.022494444274344, 4672553.247714888304472 ], [ 366874.557516298489645, 4672557.989084381610155 ], [ 366885.244304866297171, 4672573.204497897066176 ], [ 366901.23503938986687, 4672587.608779430389404 ], [ 366919.562704624957405, 4672597.614723042584956 ], [ 366923.644596063357312, 4672608.6230304595083 ], [ 366928.372005959739909, 4672615.764780677855015 ], [ 366927.950302007608116, 4672631.912189112976193 ], [ 366917.82358726055827, 4672646.32138739246875 ], [ 366931.870024523232132, 4672672.803188441321254 ], [ 366946.448132243589498, 4672663.608251972123981 ], [ 366955.157980669173412, 4672676.939491201192141 ], [ 366979.909133084758651, 4672693.822041774168611 ], [ 366992.830779904383235, 4672712.372114454396069 ], [ 366996.210317117860541, 4672737.367166638374329 ], [ 366999.396667352528311, 4672765.25386225618422 ], [ 366988.169980282778852, 4672785.704096607863903 ], [ 366979.580156219541095, 4672817.18998733535409 ], [ 366989.457968584261835, 4672828.088833149522543 ], [ 366996.064239413070027, 4672845.069844603538513 ], [ 367007.822782125556841, 4672878.581717443652451 ], [ 367007.764835386653431, 4672913.994051422923803 ], [ 366983.712778336368501, 4672920.957495223730803 ], [ 366984.835185785894282, 4672941.896460730582476 ], [ 367002.911503787850961, 4672964.44788874220103 ], [ 367048.979965250822715, 4672983.571622770279646 ], [ 367064.269952897971962, 4672999.42235236056149 ], [ 367081.15570459398441, 4673035.492257311008871 ], [ 367099.959432798437774, 4673070.792887113057077 ], [ 367126.388561658386607, 4673087.399848331697285 ], [ 367189.537485948414542, 4673089.096327595412731 ], [ 367221.562480150954798, 4673108.141730094328523 ], [ 367247.324694612645544, 4673134.081028036773205 ], [ 367280.971276873955503, 4673140.588893377222121 ], [ 367323.067903903662227, 4673139.262282871641219 ], [ 367351.763801494205836, 4673140.332171847112477 ], [ 367390.363966079603415, 4673120.000014883466065 ], [ 367396.881436408148147, 4673095.4959786105901 ], [ 367419.263394046749454, 4673105.560078125447035 ], [ 367425.402546473720577, 4673097.802414610981941 ], [ 367441.518443640670739, 4673097.043551418930292 ], [ 367445.950197272584774, 4673070.979339559562504 ], [ 367457.208532496122643, 4673070.156464368104935 ], [ 367459.415991886227857, 4673069.83721677120775 ], [ 367461.002138811920304, 4673068.541086230427027 ], [ 367462.743065594229847, 4673067.130965960212052 ], [ 367465.267295795842074, 4673065.650562603957951 ], [ 367466.410531108034775, 4673064.518277928233147 ], [ 367467.251523824757896, 4673062.247596113011241 ], [ 367467.932407547952607, 4673060.246511672623456 ], [ 367468.795975058688782, 4673059.175030143931508 ], [ 367470.337917899945751, 4673058.601730510592461 ], [ 367471.949986737279687, 4673058.682461886666715 ], [ 367473.623924818413798, 4673059.417379717342556 ], [ 367475.147366975201294, 4673060.932665420696139 ], [ 367476.4583386820741, 4673063.007332660257816 ], [ 367477.494761936832219, 4673064.976091494783759 ], [ 367478.735398172808345, 4673066.385624723508954 ], [ 367480.530355718103237, 4673067.407064789906144 ], [ 367483.647154996986501, 4673068.448056112974882 ], [ 367486.262306357384659, 4673069.165261420421302 ], [ 367489.438048759126104, 4673069.82748615834862 ], [ 367493.551766360702459, 4673070.738642344251275 ], [ 367496.509914497262798, 4673072.126961878500879 ], [ 367500.982824956765398, 4673074.131018328480422 ], [ 367505.166869852342643, 4673075.707315812818706 ], [ 367508.891700722509995, 4673076.581368627026677 ], [ 367513.620554936700501, 4673077.703113134950399 ], [ 367518.570237592677586, 4673078.709629056043923 ], [ 367524.191911844653077, 4673080.314423969946802 ], [ 367530.15532489924226, 4673082.523713240399957 ], [ 367537.465441595995799, 4673085.196405816823244 ], [ 367542.815693553420715, 4673086.861860032193363 ], [ 367548.207333607366309, 4673088.093341845087707 ], [ 367553.492475737642962, 4673089.371261693537235 ], [ 367555.054888367070816, 4673089.886143606156111 ], [ 367557.134608719032258, 4673091.557595969177783 ], [ 367559.037923622992821, 4673092.632555124349892 ], [ 367561.71398419822799, 4673093.515256482176483 ], [ 367565.222980051068589, 4673094.771058011800051 ], [ 367568.785800023179036, 4673095.814803783781826 ], [ 367572.455643370863982, 4673096.401125311851501 ], [ 367576.448635308537632, 4673096.603711141273379 ], [ 367579.603568454855122, 4673096.599909131415188 ], [ 367582.20011156599503, 4673096.328919967636466 ], [ 367585.292141789454035, 4673095.615415152162313 ], [ 367588.315825415309519, 4673094.781013183295727 ], [ 367590.963063121307641, 4673094.131414392963052 ], [ 367594.066371366730891, 4673094.017513491213322 ], [ 367597.453412146307528, 4673094.498090183362365 ], [ 367601.059403897845186, 4673094.763506029732525 ], [ 367604.707624690956436, 4673094.639362526126206 ], [ 367609.132881896919571, 4673094.11184221599251 ], [ 367614.869953991728835, 4673093.070922235026956 ], [ 367617.753475464880466, 4673093.127778995782137 ], [ 367621.195271561911795, 4673093.885028217919171 ], [ 367624.865319176460616, 4673094.482480687089264 ], [ 367628.570289973169565, 4673094.301744397729635 ], [ 367632.276210518321022, 4673093.732225202023983 ], [ 367636.250715618720278, 4673093.390918674878776 ], [ 367639.673836892005056, 4673092.715643879026175 ], [ 367643.749109651427716, 4673091.583805609494448 ], [ 367647.492254644748755, 4673090.35824469756335 ], [ 367652.609928950085305, 4673088.440389571711421 ], [ 367656.794740744458977, 4673086.98437874019146 ], [ 367659.868089225958101, 4673085.715876966714859 ], [ 367661.30050492589362, 4673085.466799447312951 ], [ 367663.741320716333576, 4673085.698611001484096 ], [ 367665.678412190871313, 4673085.495586412958801 ], [ 367668.319189560657833, 4673084.501802146434784 ], [ 367671.499780837446451, 4673082.786984828300774 ], [ 367674.459541286807507, 4673081.187395764514804 ], [ 367676.209805019316263, 4673079.832692481577396 ], [ 367677.285050714504905, 4673078.15744748711586 ], [ 367678.071236118907109, 4673076.043330364860594 ], [ 367679.253723353845999, 4673073.921765176579356 ], [ 367681.400253708125092, 4673070.360306040383875 ], [ 367683.291649178019725, 4673067.725575430318713 ], [ 367685.90050844149664, 4673065.032931429333985 ], [ 367688.896253852464724, 4673062.710677059367299 ], [ 367691.958051576046273, 4673060.387182776816189 ], [ 367695.34718191891443, 4673057.902032002806664 ], [ 367696.316028442233801, 4673056.717525186017156 ], [ 367697.690775754163042, 4673056.036341732367873 ], [ 367698.959115863661282, 4673055.845893524587154 ], [ 367699.971481630695052, 4673056.537757861427963 ], [ 367700.514640441571828, 4673059.071197121404111 ], [ 367700.886413583066314, 4673061.27462821919471 ], [ 367701.369601592770778, 4673063.25381326675415 ], [ 367702.386139047448523, 4673064.167751985602081 ], [ 367704.553548991796561, 4673064.793482270091772 ], [ 367706.843640336650424, 4673065.794567188248038 ], [ 367709.084282515337691, 4673067.240886899642646 ], [ 367712.674959508236498, 4673069.328298185952008 ], [ 367716.363666557706892, 4673071.358331228606403 ], [ 367719.780748776858672, 4673073.437900009565055 ], [ 367722.639651752077043, 4673075.261374498717487 ], [ 367725.28710756637156, 4673077.699741919524968 ], [ 367728.441114477114752, 4673080.284100264310837 ], [ 367731.534404768724926, 4673082.714093899354339 ], [ 367734.671806940401439, 4673084.854461939074099 ], [ 367737.315083113266155, 4673087.070759679190814 ], [ 367740.131739041069523, 4673089.283801299519837 ], [ 367743.828562278125901, 4673091.746892790310085 ], [ 367746.067102638538927, 4673093.082186933606863 ], [ 367749.526733083301224, 4673094.350113810040057 ], [ 367753.041861705831252, 4673095.49481603410095 ], [ 367757.441536851867568, 4673097.122748211026192 ], [ 367762.806111260666512, 4673099.554523702710867 ], [ 367768.56414743361529, 4673102.267711373046041 ], [ 367774.145461429725401, 4673104.806500661186874 ], [ 367777.954932080057915, 4673107.111986991018057 ], [ 367781.109948819619603, 4673109.751886816695333 ], [ 367784.075109114288352, 4673111.517851467244327 ], [ 367788.028011678019539, 4673112.665457029826939 ], [ 367790.687351531931199, 4673112.659948344342411 ], [ 367793.563771327375434, 4673112.339350974187255 ], [ 367796.712438415852375, 4673112.002534978091717 ], [ 367799.15011117933318, 4673112.067837614566088 ], [ 367801.994382622418925, 4673113.114084387198091 ], [ 367804.351619180990383, 4673114.61378186289221 ], [ 367806.788414173992351, 4673117.711483235470951 ], [ 367810.714660343946889, 4673123.158249759115279 ], [ 367812.315487461688463, 4673126.160572710447013 ], [ 367813.664542991085909, 4673127.190467176027596 ], [ 367815.652122497500386, 4673126.597768955864012 ], [ 367818.403360724565573, 4673125.768581436015666 ], [ 367821.701720443204977, 4673124.60700230486691 ], [ 367822.784206225420348, 4673122.876106521114707 ], [ 367824.036826011841185, 4673119.209291542880237 ], [ 367824.852751808357425, 4673112.518295917659998 ], [ 367825.303484653297346, 4673106.611689664423466 ], [ 367826.328864780953154, 4673099.639071851037443 ], [ 367827.099583968170919, 4673096.258995151147246 ], [ 367827.835231507779099, 4673094.090307136066258 ], [ 367828.430560168111697, 4673093.246059738099575 ], [ 367829.324401501682587, 4673093.784660399891436 ], [ 367830.57642469543498, 4673095.804957597516477 ], [ 367832.233918578131124, 4673098.306378334760666 ], [ 367834.154695831472054, 4673100.314121883362532 ], [ 367836.176549939438701, 4673101.986740024760365 ], [ 367838.038489235623274, 4673103.940050987526774 ], [ 367840.717910702689551, 4673107.644127879291773 ], [ 367842.487940108054318, 4673110.421128741465509 ], [ 367843.868964250257704, 4673113.594198561273515 ], [ 367844.872285239514895, 4673116.885434596799314 ], [ 367845.972642601467669, 4673119.186271544545889 ], [ 367848.128625224228017, 4673121.84495288040489 ], [ 367850.326015208847821, 4673124.069660606794059 ], [ 367852.135281455004588, 4673125.857349420897663 ], [ 367853.56283768301364, 4673128.4297363050282 ], [ 367855.470118796569295, 4673132.359355863183737 ], [ 367855.358764845121186, 4673135.22721057292074 ], [ 367855.409617245313711, 4673137.936514150351286 ], [ 367856.75436756684212, 4673139.177542020566761 ], [ 367858.139324467862025, 4673139.040471241809428 ], [ 367859.536514098057523, 4673136.914908106438816 ], [ 367861.284712977299932, 4673135.449214171618223 ], [ 367863.985581512097269, 4673134.576559427194297 ], [ 367866.019573832862079, 4673133.816390190273523 ], [ 367867.950483216438442, 4673133.724613037891686 ], [ 367869.415115606156178, 4673134.752348674461246 ], [ 367870.407943617843557, 4673134.844791941344738 ], [ 367871.930101935809944, 4673133.216728752478957 ], [ 367874.324213903222699, 4673130.961383319459856 ], [ 367875.801916778320447, 4673130.045042604207993 ], [ 367877.967126628267579, 4673130.115485423244536 ], [ 367880.266547061328311, 4673131.616292420774698 ], [ 367882.616545560886152, 4673133.171689067035913 ], [ 367884.294716775184497, 4673133.695577929727733 ], [ 367885.553670056862757, 4673133.005496472120285 ], [ 367888.280326431500725, 4673130.866099441424012 ], [ 367891.914201873005368, 4673132.619559731334448 ], [ 367894.719199550047051, 4673134.655157491564751 ], [ 367898.169531032559462, 4673138.511403588578105 ], [ 367901.178113863337785, 4673142.153787551447749 ], [ 367902.160779004683718, 4673144.345764595083892 ], [ 367902.698442855034955, 4673146.590521701611578 ], [ 367903.297233078163117, 4673149.011853732168674 ], [ 367904.838060868554749, 4673151.459941105917096 ], [ 367907.885963905020617, 4673154.557316907681525 ], [ 367911.139906647498719, 4673156.75111171323806 ], [ 367914.741801353753544, 4673159.882526903413236 ], [ 367917.298284433840308, 4673163.20017078705132 ], [ 367918.638060953118838, 4673166.81833201367408 ], [ 367919.436130819143727, 4673171.057574837468565 ], [ 367919.689161871327087, 4673175.740239849314094 ], [ 367919.687446557567455, 4673181.371831089258194 ], [ 367919.889975467056502, 4673186.44421003293246 ], [ 367919.672649555490352, 4673188.947499857284129 ] ] ] } },
{ "type": "Feature", "properties": { "highway": "track", "surface": "", "access": "", "bicycle": "", "foot": "", "length_km": 0.89784473075231386 }, "geometry": { "type": "MultiLineString", "coordinates": [ [ [ 367654.967144891619682, 4673520.038628485053778 ], [ 367645.32521968067158, 4673517.187521379441023 ], [ 367636.144660483463667, 4673514.716519385576248 ], [ 367628.242581205035094, 4673512.599148062057793 ], [ 367621.510824160824995, 4673510.793006551451981 ], [ 367614.894741036288906, 4673509.429001485928893 ], [ 367607.554235590039752, 4673508.189703044481575 ], [ 367599.716194763896056, 4673506.40438786149025 ], [ 367593.369312127702869, 4673504.424419396556914 ], [ 367588.571477512654383, 4673502.693010339513421 ], [ 367583.652948001341429, 4673500.252985827624798 ], [ 367579.329776685801335, 4673497.412997982464731 ], [ 367575.732902224641293, 4673494.548242333345115 ], [ 367571.727532225369941, 4673490.602624253369868 ], [ 367568.781824142090045, 4673486.792580476030707 ], [ 367565.645194266922772, 4673482.053087784908712 ], [ 367562.448680695495568, 4673477.203646549023688 ], [ 367558.035424744652119, 4673472.210483404807746 ], [ 367553.250642989529297, 4673468.101816471666098 ], [ 367548.487791962339543, 4673465.159042282961309 ], [ 367543.745620420610067, 4673463.315538568422198 ], [ 367538.96749190922128, 4673462.194711246527731 ], [ 367534.301803795737214, 4673461.78266039583832 ], [ 367529.110035690362565, 4673462.380200079642236 ], [ 367523.767569764866494, 4673463.747006896883249 ], [ 367517.887740816455334, 4673466.401309666223824 ], [ 367511.201978057273664, 4673470.114903994835913 ], [ 367505.569726129353512, 4673474.075260004960001 ], [ 367497.02275942300912, 4673481.578282793052495 ], [ 367488.234198002726771, 4673488.530482238158584 ], [ 367479.812982231145725, 4673494.376121172681451 ], [ 367473.033318707311992, 4673498.802410905249417 ], [ 367466.619005104876123, 4673502.455401460640132 ], [ 367461.461556174850557, 4673504.874000599607825 ], [ 367456.065524822217412, 4673506.464022201485932 ], [ 367450.930437254719436, 4673507.438214012421668 ], [ 367445.452784123597667, 4673507.763508837670088 ], [ 367439.307351112598553, 4673507.712615041062236 ], [ 367430.878196786623448, 4673506.993843752890825 ], [ 367418.884417347726412, 4673505.564681208692491 ], [ 367406.067145618726499, 4673504.262126256711781 ], [ 367395.646038079925347, 4673503.458732404746115 ], [ 367387.941191141726449, 4673503.048490261659026 ], [ 367382.012702852196526, 4673503.115743599832058 ], [ 367378.53901296359254, 4673503.725460098125041 ], [ 367375.409152371692471, 4673505.050698088482022 ], [ 367372.180447849212214, 4673507.266412059776485 ], [ 367369.525593299942557, 4673510.570973540656269 ], [ 367367.980040113790892, 4673513.57694436237216 ], [ 367367.164246381027624, 4673517.18008703738451 ], [ 367366.712317504978273, 4673525.630419095046818 ], [ 367366.379108910332434, 4673534.245129313319921 ], [ 367365.632052752305754, 4673541.934594213962555 ], [ 367363.669573197723366, 4673552.179505377076566 ], [ 367361.906057442596648, 4673561.587594448588789 ], [ 367360.085899401805364, 4673570.61909129563719 ], [ 367358.422395655885339, 4673579.636529491283 ], [ 367357.194547421997413, 4673587.668285600841045 ], [ 367355.949868456227705, 4673595.244945386424661 ], [ 367354.939226701855659, 4673600.340188149362803 ], [ 367352.833835720666684, 4673606.06698131468147 ], [ 367350.587760575348511, 4673610.46350753121078 ], [ 367347.95690653816564, 4673614.600701774470508 ], [ 367343.682269431243185, 4673620.03514713793993 ], [ 367335.981934182753321, 4673628.622084975242615 ], [ 367328.483707744919229, 4673636.538763384334743 ], [ 367321.760573469684459, 4673643.952104322612286 ], [ 367314.39867884630803, 4673652.965887986123562 ], [ 367306.865621456003282, 4673661.660784610547125 ], [ 367299.366626558941789, 4673669.533081110566854 ], [ 367293.422222761495505, 4673674.443655459210277 ], [ 367285.491373137221672, 4673679.558301713317633 ], [ 367278.804885930963792, 4673683.216606725007296 ], [ 367272.985002164263278, 4673685.969965009018779 ], [ 367266.154773248825222, 4673687.698259390890598 ], [ 367259.910662243142724, 4673688.538002378307283 ], [ 367253.550854242872447, 4673688.935626215301454 ], [ 367247.790441368706524, 4673688.711030156351626 ], [ 367239.46335081057623, 4673687.701771676540375 ], [ 367232.923980411316734, 4673687.336371785961092 ], [ 367228.497022346069571, 4673687.753100956790149 ], [ 367224.095913516241126, 4673689.102389352396131 ], [ 367219.870303124189377, 4673691.436952491290867 ], [ 367217.050567831553053, 4673694.311489450745285 ], [ 367214.254626638488844, 4673698.885051929391921 ], [ 367210.73482430446893, 4673706.238080216571689 ], [ 367206.854965277889278, 4673714.642023966647685 ], [ 367202.834610587218776, 4673721.72680832631886 ], [ 367198.148585350485519, 4673728.546462444588542 ], [ 367194.967804118641652, 4673733.293909523636103 ], [ 367191.437114001018927, 4673737.00383916310966 ], [ 367187.397479309001938, 4673740.001374939456582 ], [ 367179.229213474900462, 4673744.343090265989304 ], [ 367172.694540931843221, 4673747.287745652720332 ], [ 367166.798312041442841, 4673749.054053739644587 ], [ 367161.23008399020182, 4673750.258793325163424 ], [ 367155.27384931279812, 4673751.470860083587468 ], [ 367151.415769774233922, 4673752.709978838451207 ], [ 367148.354327948007267, 4673754.589416986331344 ], [ 367145.86046608327888, 4673757.224573466926813 ], [ 367143.70219249848742, 4673760.575395675376058 ], [ 367141.675216185627505, 4673764.756815978325903 ], [ 367138.585474054445513, 4673770.824385925196111 ], [ 367135.125114643829875, 4673775.632678276859224 ], [ 367130.800160777813289, 4673781.012676558457315 ], [ 367124.893486855376977, 4673787.910964451730251 ], [ 367117.091653188224882, 4673797.222077610902488 ], [ 367110.814480400935281, 4673804.616110800765455 ], [ 367104.139173746341839, 4673811.917697983793914 ], [ 367100.138194129685871, 4673816.958370296284556 ], [ 367099.020092899096198, 4673819.41206241492182 ], [ 367099.005912084598094, 4673821.722727062180638 ], [ 367099.777174371527508, 4673824.518407258205116 ], [ 367101.32360601820983, 4673827.255021007731557 ], [ 367103.539562996360473, 4673830.023424809798598 ], [ 367108.661730491439812, 4673834.503080839291215 ], [ 367115.291743702022359, 4673839.676272829994559 ], [ 367121.360331860953011, 4673843.982562822289765 ], [ 367127.90633834246546, 4673847.76889238320291 ], [ 367134.329507621121593, 4673850.735578455962241 ], [ 367138.519480809511151, 4673852.644762887619436 ], [ 367141.988090146158356, 4673854.400950386188924 ], [ 367145.637523579760455, 4673856.986802162602544 ], [ 367150.069164199871011, 4673860.324321866035461 ], [ 367156.585515661456157, 4673865.16646567825228 ], [ 367161.797213981742971, 4673868.26711680367589 ], [ 367167.384463112452067, 4673871.138530870899558 ], [ 367171.421670439187437, 4673873.705969736911356 ], [ 367175.195877222693525, 4673876.778219064697623 ], [ 367178.811385388253257, 4673880.631002070382237 ], [ 367181.426945863116998, 4673884.447117064148188 ], [ 367183.335603518411517, 4673888.876386113464832 ], [ 367183.681864896090701, 4673892.346554052084684 ], [ 367183.763997075147927, 4673896.69921216275543 ], [ 367182.870870573446155, 4673899.259722206741571 ], [ 367181.686587669304572, 4673901.270342774689198 ], [ 367179.305410142755136, 4673903.747855955734849 ] ] ] } },
{ "type": "Feature", "properties": { "highway": "track", "surface": "", "access": "", "bicycle": "", "foot": "", "length_km": 0.086611191837069959 }, "geometry": { "type": "MultiLineString", "coordinates": [ [ [ 367118.012811182416044, 4673954.500504325143993 ], [ 367121.306830583838746, 4673950.07299929857254 ], [ 367124.986965370597318, 4673945.538237787783146 ], [ 367128.56481707515195, 4673941.271993549540639 ], [ 367131.613803078536876, 4673938.737424766644835 ], [ 367134.535913923638873, 4673937.793650228530169 ], [ 367138.401561504462734, 4673937.398558088578284 ], [ 367142.671636806800961, 4673937.429033687338233 ], [ 367146.378257162403315, 4673937.35907029081136 ], [ 367149.194227404368576, 4673936.917150775901973 ], [ 367151.606481721159071, 4673935.649776515550911 ], [ 367153.874242199526634, 4673932.852271005511284 ], [ 367156.507032970781438, 4673928.392833230085671 ], [ 367158.197466244571842, 4673923.884535826742649 ], [ 367159.749695132952183, 4673918.179218353703618 ], [ 367161.048069741460495, 4673913.90047471690923 ], [ 367162.747101671178825, 4673909.847431170754135 ], [ 367165.333435924141668, 4673905.988688638433814 ], [ 367169.176633811905049, 4673901.339798606932163 ], [ 367173.335634638671763, 4673896.796028159558773 ] ] ] } },
{ "type": "Feature", "properties": { "highway": "path", "surface": "", "access": "", "bicycle": "", "foot": "", "length_km": 1.8051496403772891 }, "geometry": { "type": "MultiLineString", "coordinates": [ [ [ 368049.449514123320114, 4673060.409382103011012 ], [ 368050.678472406114452, 4673055.032486084848642 ], [ 368052.076720636803657, 4673049.874569735489786 ], [ 368052.122040057787672, 4673046.56365546118468 ], [ 368052.291271659603808, 4673043.694722978398204 ], [ 368053.929146973765455, 4673042.508837259374559 ], [ 368057.479357846896164, 4673042.442304369993508 ], [ 368062.946004891884513, 4673041.951093936339021 ], [ 368066.201976849813946, 4673041.168085396289825 ], [ 368069.473554543568753, 4673041.217855898663402 ], [ 368073.16627943131607, 4673040.382236107252538 ], [ 368076.109497847908642, 4673037.89452241640538 ], [ 368078.941433294676244, 4673035.197850813157856 ], [ 368083.739217808120884, 4673031.18697324860841 ], [ 368087.682706719613634, 4673028.747168850153685 ], [ 368089.693035748088732, 4673026.721243789419532 ], [ 368090.199609733186662, 4673024.223650976084173 ], [ 368090.174671632004902, 4673020.247598301619291 ], [ 368088.357264290272724, 4673017.58250240329653 ], [ 368085.144469546212349, 4673014.499247142113745 ], [ 368081.430115734809078, 4673011.536466774530709 ], [ 368077.81886446767021, 4673007.905300511047244 ], [ 368075.2686491595814, 4673004.920710572041571 ], [ 368073.39010902075097, 4673002.079042109660804 ], [ 368072.007156754902098, 4672999.239195369184017 ], [ 368072.030829278519377, 4672997.417105682194233 ], [ 368072.102999694005121, 4672995.53856926318258 ], [ 368072.286598034086637, 4672993.435792961157858 ], [ 368074.530258147278801, 4672991.960871701128781 ], [ 368077.004122871614527, 4672990.870403720065951 ], [ 368079.119712697924115, 4672988.731427825987339 ], [ 368082.28296515357215, 4672986.084088798612356 ], [ 368085.525442566722631, 4672984.579349444247782 ], [ 368089.109826086729299, 4672983.690231290645897 ], [ 368093.856135445530526, 4672983.101466782391071 ], [ 368097.666562987840734, 4672982.374732121825218 ], [ 368098.088485035172198, 4672981.089454182423651 ], [ 368098.4320831814548, 4672979.150295435450971 ], [ 368099.640714029432274, 4672978.416766774840653 ], [ 368102.684197456226684, 4672978.193137093447149 ], [ 368106.298538853530772, 4672978.90296046808362 ], [ 368109.181950286845677, 4672979.393218330107629 ], [ 368111.502968669636175, 4672978.960974216461182 ], [ 368113.633131893584505, 4672977.599267973564565 ], [ 368115.390782112954184, 4672976.63330601900816 ], [ 368117.980102527944837, 4672975.973886455409229 ], [ 368121.096980578033254, 4672976.581959612667561 ], [ 368125.434616917627864, 4672977.544827110134065 ], [ 368129.934467962768395, 4672978.349152689799666 ], [ 368135.431051869876683, 4672979.012629839591682 ], [ 368139.748097089119256, 4672978.876239904202521 ], [ 368140.89373857784085, 4672977.866208342835307 ], [ 368140.675853117369115, 4672975.49326394405216 ], [ 368139.676753235922661, 4672971.979760555550456 ], [ 368140.531281228060834, 4672970.419801370240748 ], [ 368142.904961621912662, 4672970.153195442631841 ], [ 368147.297481862362474, 4672970.959542277269065 ], [ 368150.628817109449301, 4672971.552504720166326 ], [ 368154.058482951717451, 4672971.221697192639112 ], [ 368158.360978242359124, 4672970.308059890754521 ], [ 368161.904007523844484, 4672970.297253595665097 ], [ 368164.970157781615853, 4672971.283954092301428 ], [ 368167.337753090192564, 4672973.338956989347935 ], [ 368168.863136381783988, 4672974.965426568873227 ], [ 368171.671435898169875, 4672977.178792933933437 ], [ 368173.949217486428097, 4672980.61282086931169 ], [ 368175.644922564155422, 4672982.513792585581541 ], [ 368178.901971367769875, 4672984.874265925958753 ], [ 368182.865056566835847, 4672986.566174267791212 ], [ 368186.522626931546256, 4672986.497697602026165 ], [ 368189.469227650377434, 4672987.275602298788726 ], [ 368192.547838513215538, 4672988.928536488674581 ], [ 368196.893770298280288, 4672990.335595566779375 ], [ 368200.175553171662614, 4672990.929508526809514 ], [ 368201.82593607401941, 4672990.40988005977124 ], [ 368203.635003014467657, 4672989.542946269735694 ], [ 368206.465953665436246, 4672989.878719254396856 ], [ 368210.414479916275013, 4672990.793384005315602 ], [ 368214.362173713743687, 4672991.663636151701212 ], [ 368218.14557059929939, 4672992.581395998597145 ], [ 368219.4130443201866, 4672991.902324849739671 ], [ 368221.825809658388607, 4672990.635330814868212 ], [ 368224.911761780967936, 4672990.033300985582173 ], [ 368227.688864822732285, 4672990.581134436652064 ], [ 368230.099890365614556, 4672991.868921066634357 ], [ 368233.116538392030634, 4672993.300880427472293 ], [ 368236.346755692036822, 4672994.229002724401653 ], [ 368239.675161669030786, 4672994.666555114090443 ], [ 368242.4306511686882, 4672994.059609683230519 ], [ 368244.866276227287017, 4672994.014030436985195 ], [ 368248.441235459526069, 4672995.268934514373541 ], [ 368252.272293372196145, 4672996.085852269083261 ], [ 368255.600642683915794, 4672996.079109713435173 ], [ 368258.966064107546117, 4672995.405219902284443 ], [ 368262.892972268047743, 4672995.16512923873961 ], [ 368267.524887300562114, 4672994.20096446108073 ], [ 368271.287707849871367, 4672994.019486552104354 ], [ 368274.184548776014708, 4672994.787249563261867 ], [ 368275.638812306220643, 4672995.704186259768903 ], [ 368277.301455376436934, 4672995.839693772606552 ], [ 368279.35713256226154, 4672996.23443060927093 ], [ 368280.878537461161613, 4672997.649953544139862 ], [ 368282.024980312911794, 4672999.772269447334111 ], [ 368283.658856876078062, 4673001.019075029529631 ], [ 368286.224453544942662, 4673002.181805176660419 ], [ 368289.672387187485583, 4673002.828188925981522 ], [ 368293.000784777919762, 4673003.265766356140375 ], [ 368297.53450427192729, 4673002.792191823944449 ], [ 368301.740255148848519, 4673002.446938417851925 ], [ 368305.897142687288579, 4673002.580227588303387 ], [ 368309.404165588086471, 4673003.736464465036988 ], [ 368312.413522280636244, 4673004.77982790209353 ], [ 368316.313524419208989, 4673005.750996589660645 ], [ 368321.033136930025648, 4673006.38471856713295 ], [ 368324.810487537528388, 4673006.980527999810874 ], [ 368327.988081936433446, 4673008.187365263700485 ], [ 368331.347414127085358, 4673010.279411721974611 ], [ 368335.384643645724282, 4673012.847516127862036 ], [ 368339.532317054457963, 4673015.58017114084214 ], [ 368345.169398877304047, 4673018.018395482562482 ], [ 368349.574111079215072, 4673019.479985521174967 ], [ 368352.370914843049832, 4673021.082719005644321 ], [ 368355.888044987688772, 4673022.338757586665452 ], [ 368359.236981372931041, 4673023.875632146373391 ], [ 368362.183496766258031, 4673024.209306065924466 ], [ 368365.778108895290643, 4673024.308712502010167 ], [ 368369.562503383611329, 4673025.282071385532618 ], [ 368371.355256549082696, 4673026.19269875343889 ], [ 368372.73608981561847, 4673025.833655967377126 ], [ 368373.091130181681365, 4673024.060913268476725 ], [ 368373.952967170393094, 4673022.88961274176836 ], [ 368376.442223799880594, 4673022.620924352668226 ], [ 368378.606464125216007, 4673023.080305500887334 ], [ 368380.794321055291221, 4673024.361206622794271 ], [ 368382.230920194415376, 4673024.334350584074855 ], [ 368383.256847126060165, 4673023.104445858858526 ], [ 368384.216630902723409, 4673020.987171499058604 ], [ 368385.406600896269083, 4673019.254359530285001 ], [ 368386.548994280979969, 4673018.511011607944965 ], [ 368388.164166473317891, 4673018.758508139289916 ], [ 368389.674128081067465, 4673019.563350634649396 ], [ 368390.30356880184263, 4673020.540158964693546 ], [ 368392.964179762988351, 4673020.601500696502626 ], [ 368396.119132130115759, 4673020.598065255209804 ], [ 368399.509250311530195, 4673021.245582658797503 ], [ 368402.840743408771232, 4673021.849767128936946 ], [ 368405.72842490952462, 4673022.129020990803838 ], [ 368407.303234028688166, 4673023.310312718153 ], [ 368408.815267650876194, 4673024.22619622759521 ], [ 368410.640951195731759, 4673024.247611775994301 ], [ 368412.399457125517074, 4673023.326139330863953 ], [ 368414.993971413350664, 4673022.944421604275703 ], [ 368418.311973520438187, 4673022.826872993260622 ], [ 368421.812740453053266, 4673023.6500543076545 ], [ 368425.035652935388498, 4673024.189632894471288 ], [ 368428.816095481975935, 4673024.952053176239133 ], [ 368431.105049260426313, 4673025.897853014990687 ], [ 368433.271315855556168, 4673026.023985641077161 ], [ 368435.445925200998317, 4673027.03856903873384 ], [ 368438.170343871926889, 4673027.420855046249926 ], [ 368441.36980781215243, 4673026.705723205581307 ], [ 368444.839448461774737, 4673025.863361217081547 ], [ 368448.194703831337392, 4673024.645480705425143 ], [ 368451.27853919781046, 4673023.488210988231003 ], [ 368454.248654227238148, 4673022.433035560883582 ], [ 368458.003369630372617, 4673021.818612969480455 ], [ 368460.28402208420448, 4673022.320274320431054 ], [ 368462.795062795514241, 4673023.217504770494998 ], [ 368466.800329683348536, 4673024.520016048103571 ], [ 368470.25341815513093, 4673025.444080043584108 ], [ 368474.088536894647405, 4673026.038889354094863 ], [ 368475.904884911724366, 4673025.560655421577394 ], [ 368476.942028331686743, 4673024.930364369414747 ], [ 368477.771974978852086, 4673024.703816619701684 ], [ 368479.924758253851905, 4673024.108223252929747 ], [ 368483.029172780923545, 4673024.494535728357732 ], [ 368487.146911993389949, 4673025.628343855030835 ], [ 368489.330598941305652, 4673026.687204287387431 ], [ 368491.239792727050371, 4673028.084419660270214 ], [ 368494.756931368610822, 4673029.784829080104828 ], [ 368498.719908756378572, 4673031.476912988349795 ], [ 368501.579650316154584, 4673033.356217863038182 ], [ 368504.922494008205831, 4673034.126851563341916 ], [ 368505.737755258800462, 4673033.556246680207551 ], [ 368506.553185206663329, 4673032.552443495951593 ], [ 368508.678035915479995, 4673033.556870725937188 ], [ 368511.396471711923368, 4673034.061479786410928 ], [ 368514.357281264965422, 4673035.161372236907482 ], [ 368517.633035263628699, 4673035.877726951614022 ], [ 368520.052055141772144, 4673034.94394679646939 ], [ 368522.049043156614061, 4673034.851116347126663 ], [ 368524.042958661098965, 4673035.036033076234162 ], [ 368526.801562228705734, 4673034.595754526555538 ], [ 368530.680986989173107, 4673034.467774899676442 ], [ 368534.65741407830501, 4673034.226910451427102 ], [ 368538.320138708280865, 4673034.436208434402943 ], [ 368541.658867308753543, 4673035.429087574593723 ], [ 368544.448325534001924, 4673036.198964796960354 ], [ 368548.161622993182391, 4673036.462861428037286 ], [ 368550.222660056897439, 4673037.146372869610786 ], [ 368551.88507812138414, 4673037.270841176621616 ], [ 368554.703756501199678, 4673036.951635225676 ], [ 368558.582143351202831, 4673036.768152463249862 ], [ 368562.521261756424792, 4673037.183346692472696 ], [ 368565.240727881377097, 4673037.743494904600084 ], [ 368568.01487838209141, 4673038.136009814217687 ], [ 368570.672369221108966, 4673038.030863041058183 ], [ 368574.548682816908695, 4673037.736352100037038 ], [ 368578.143246249179356, 4673037.3915647091344 ], [ 368581.686233673011884, 4673037.380968848243356 ], [ 368585.677133561228402, 4673037.473090004175901 ], [ 368589.322271454147995, 4673037.182902184315026 ], [ 368592.26151292870054, 4673037.128042608499527 ], [ 368594.883799101749901, 4673038.234286640770733 ], [ 368597.501110784010962, 4673039.074042906053364 ], [ 368600.150312019919511, 4673038.524759382940829 ], [ 368602.961738363199402, 4673037.816943393088877 ], [ 368604.564288521243725, 4673037.831465741619468 ], [ 368604.316697677655611, 4673039.168994145467877 ], [ 368604.614851109450683, 4673040.540767800994217 ], [ 368605.849215627007652, 4673041.184185321442783 ], [ 368608.122596747707576, 4673041.297264792025089 ], [ 368608.498416580376215, 4673040.634904935024679 ], [ 368609.861676137894392, 4673039.776396562345326 ], [ 368612.569915196974762, 4673039.29266136419028 ], [ 368615.061068454699125, 4673039.568292604759336 ], [ 368617.289263347047381, 4673039.915477104485035 ], [ 368619.274885785882361, 4673039.65627283602953 ], [ 368621.388528284674976, 4673040.06113404314965 ], [ 368625.657062601298094, 4673040.42578611895442 ], [ 368629.031813973095268, 4673040.251739776693285 ], [ 368633.414899770868942, 4673040.558721288107336 ], [ 368637.912360677728429, 4673041.24122862610966 ], [ 368641.793852905917447, 4673041.224347134120762 ], [ 368645.656730820308439, 4673040.652436980977654 ], [ 368649.723056799964979, 4673039.032622636295855 ], [ 368653.049543667875696, 4673036.271426538005471 ], [ 368655.556410409277305, 4673033.847641621716321 ], [ 368656.916776713565923, 4673032.83369077462703 ], [ 368658.805427151790354, 4673033.131684848107398 ], [ 368660.362789781880565, 4673033.380321660079062 ], [ 368661.611475132987835, 4673032.135196352377534 ], [ 368662.744750880519859, 4673030.459029312245548 ], [ 368665.701634765369818, 4673028.6933071333915 ], [ 368668.548081295681186, 4673026.763032900169492 ], [ 368671.228396009770222, 4673025.224623335525393 ], [ 368675.035740401537623, 4673024.33164640609175 ], [ 368677.660306298930664, 4673022.461052468977869 ], [ 368679.50981564912945, 4673020.660453556105494 ], [ 368682.205432700866368, 4673019.499419962987304 ], [ 368683.608067400346044, 4673017.65161929000169 ], [ 368685.09541947580874, 4673017.246221491135657 ], [ 368687.931298288051039, 4673017.848675957880914 ], [ 368691.221508127753623, 4673018.898068074136972 ], [ 368693.827424395945854, 4673019.127156734466553 ], [ 368695.914174402074423, 4673018.532861677929759 ], [ 368698.486911565472838, 4673019.640067900530994 ], [ 368700.825545632396825, 4673020.151832659728825 ], [ 368702.707985059707426, 4673020.116727654822171 ], [ 368704.787488152855076, 4673019.13380587566644 ], [ 368706.450294172100257, 4673018.836216286756098 ], [ 368708.952837748685852, 4673019.722584088332951 ], [ 368711.451420793600846, 4673019.953680742532015 ], [ 368713.028506441623904, 4673018.602473259903491 ], [ 368714.888170885504223, 4673017.345964972861111 ], [ 368718.080415814474691, 4673016.242330240085721 ], [ 368720.469597136019729, 4673016.364394508302212 ], [ 368722.760580923175439, 4673017.421325262635946 ], [ 368724.47271879814798, 4673017.111712593585253 ], [ 368727.069317821704317, 4673016.841147232800722 ], [ 368729.616403793508653, 4673017.015808225609362 ], [ 368732.616576375730801, 4673017.570787089876831 ], [ 368735.494925230974331, 4673017.350509598851204 ], [ 368738.883143906539772, 4673017.898256435059011 ], [ 368741.344425641116686, 4673019.229707043617964 ], [ 368743.704648608807474, 4673018.24156351480633 ], [ 368746.079545504762791, 4673017.597481444478035 ], [ 368748.303415711561684, 4673018.155831529758871 ], [ 368749.39961912977742, 4673017.591125957667828 ], [ 368750.712326493812725, 4673016.678050369024277 ], [ 368752.304944272502325, 4673016.159629047848284 ], [ 368754.751734880264848, 4673016.713825603015721 ], [ 368757.140914892428555, 4673016.835902293212712 ], [ 368759.789099660119973, 4673016.231160831637681 ], [ 368761.258862871851306, 4673014.881965102627873 ], [ 368762.380988124990836, 4673012.606215179897845 ], [ 368763.777435540454462, 4673010.425320134498179 ], [ 368765.864170832501259, 4673009.386744289658964 ], [ 368767.929404694412369, 4673007.637686461210251 ], [ 368768.06988030008506, 4673005.868967168964446 ], [ 368768.99164726654999, 4673004.807676271535456 ], [ 368770.954724944313057, 4673003.338212343864143 ], [ 368772.799088529020082, 4673001.260046252980828 ], [ 368774.669322341913357, 4673000.569842585362494 ], [ 368776.00769800087437, 4673001.0336300926283 ], [ 368777.421458453172818, 4673002.440154788084328 ], [ 368779.200730264012236, 4673003.073446382768452 ], [ 368781.629104996274691, 4673002.639423443935812 ], [ 368784.438491722045001, 4673001.820643723011017 ], [ 368785.254791719082277, 4673000.861288619227707 ], [ 368785.271426860243082, 4672999.094877854920924 ], [ 368786.562540277838707, 4672999.681731228716671 ], [ 368787.817461293423548, 4672998.769739851355553 ], [ 368789.891994589241222, 4672997.076053292490542 ], [ 368792.02744781418005, 4672995.992147425189614 ], [ 368793.521845205919817, 4672995.964298414066434 ], [ 368795.370271510560997, 4672996.762918626889586 ], [ 368797.110164216312114, 4672998.385520610027015 ], [ 368798.839690126362257, 4672999.008636591024697 ], [ 368801.114320602209773, 4672999.188400758430362 ], [ 368802.818189269048162, 4672998.434659522026777 ], [ 368803.507730385172181, 4672996.877860973589122 ], [ 368804.368585898075253, 4672995.206794737838209 ], [ 368805.548335607687477, 4672993.36317316070199 ], [ 368806.673582244548015, 4672991.25398619286716 ], [ 368808.221726113813929, 4672988.348283364437521 ], [ 368809.79674837004859, 4672986.441759611479938 ], [ 368811.748667182982899, 4672984.372707886621356 ], [ 368813.660152204101905, 4672982.793142327107489 ], [ 368815.414598723989911, 4672982.093999726697803 ], [ 368816.546884362993296, 4672980.362340097315609 ], [ 368817.80096610810142, 4672978.961637860164046 ], [ 368818.830904261209071, 4672977.942768738605082 ], [ 368819.99711977050174, 4672978.032115623354912 ], [ 368822.221202328102663, 4672978.601592859253287 ], [ 368823.646430667024106, 4672977.964123914949596 ], [ 368825.133591215359047, 4672977.547652391716838 ], [ 368826.694061662012246, 4672977.962881528772414 ], [ 368828.086301724542864, 4672978.214631988666952 ], [ 368829.01511470915284, 4672977.5308748902753 ], [ 368830.197976890427526, 4672975.853813120163977 ], [ 368831.393233251292259, 4672974.398671641014516 ], [ 368831.854689847794361, 4672972.56843679677695 ], [ 368832.674309454741888, 4672971.78674656432122 ], [ 368834.107814362389036, 4672971.593427570536733 ], [ 368835.256447897991166, 4672970.738962977193296 ], [ 368836.447586900787428, 4672969.506050108931959 ], [ 368838.202228024718352, 4672968.373715435154736 ], [ 368839.913347615394741, 4672968.008612764067948 ], [ 368841.477956045651808, 4672968.645919085480273 ], [ 368842.94124720513355, 4672970.051533894613385 ], [ 368844.562425685639028, 4672971.065443677827716 ], [ 368846.514048014418222, 4672971.64000400993973 ], [ 368848.61631890013814, 4672971.434230352751911 ], [ 368850.865102435345761, 4672970.22604896966368 ], [ 368853.151428963756189, 4672968.372931314632297 ], [ 368854.338418257888407, 4672966.473646112717688 ], [ 368856.125021207728423, 4672964.396579254418612 ], [ 368857.092192153562792, 4672962.668002218939364 ], [ 368857.989159803488292, 4672960.274280175566673 ], [ 368859.33817724219989, 4672958.205364802852273 ], [ 368860.907031838782132, 4672956.41004375461489 ], [ 368861.940288454294205, 4672955.568840290419757 ], [ 368864.107597433438059, 4672955.75062420964241 ], [ 368866.333544024033472, 4672956.420048682019114 ], [ 368868.898208661645185, 4672957.094272896647453 ], [ 368870.606230324949138, 4672956.562622379511595 ], [ 368872.128667181706987, 4672955.379083460196853 ], [ 368873.516773778712377, 4672955.408769078552723 ], [ 368874.538336714089382, 4672956.600466082803905 ], [ 368875.986320860101841, 4672957.184414288960397 ], [ 368877.859470625524409, 4672956.649690276943147 ], [ 368880.734744817367755, 4672956.26291742362082 ], [ 368883.495463796891272, 4672955.933816784061491 ], [ 368885.935232488147449, 4672956.11053351406008 ], [ 368890.312149552977644, 4672956.084564986638725 ], [ 368893.077004162594676, 4672955.977541987784207 ], [ 368897.227897450327873, 4672955.789173427037895 ], [ 368900.94018242682796, 4672955.997738221660256 ], [ 368904.378972741425969, 4672956.155859585851431 ], [ 368907.869368529180065, 4672956.424097206443548 ], [ 368911.307124667568132, 4672956.526703475043178 ], [ 368914.122538200230338, 4672956.029983413405716 ], [ 368917.253943378455006, 4672954.760961022228003 ], [ 368921.52779458812438, 4672952.304379045031965 ], [ 368926.297226782655343, 4672949.405379722826183 ], [ 368930.35332926758565, 4672947.230545612983406 ], [ 368932.831464050221257, 4672946.362455556169152 ], [ 368933.967722826870158, 4672945.286087285727262 ], [ 368936.308427852345631, 4672945.908967287279665 ], [ 368938.562400944938418, 4672944.978406810201705 ], [ 368941.730114555219188, 4672942.553535608574748 ], [ 368945.281540885509457, 4672939.888265284709632 ], [ 368948.007340114214458, 4672937.682666015811265 ], [ 368950.79734269133769, 4672935.820206608623266 ], [ 368953.881084551569074, 4672934.652056178078055 ], [ 368957.799974554742221, 4672933.979310282506049 ], [ 368961.003450875228737, 4672933.475386931560934 ], [ 368962.660922361188568, 4672933.333463937975466 ], [ 368964.817911368503701, 4672933.40439567156136 ], [ 368965.91083798056934, 4672932.6620654752478 ], [ 368966.557082686922513, 4672931.439316736534238 ], [ 368966.637758720782585, 4672930.004942812025547 ], [ 368967.51395288691856, 4672929.155571019276977 ], [ 368969.111564153339714, 4672928.903688230551779 ], [ 368971.434913346427493, 4672928.593869742937386 ], [ 368973.782798449625261, 4672926.939583302475512 ], [ 368975.577711324498523, 4672925.306695602834225 ], [ 368978.935163114336319, 4672924.200108215212822 ], [ 368982.637121088104323, 4672923.409230403602123 ], [ 368984.887189584958833, 4672922.712016267701983 ], [ 368986.637732860166579, 4672921.357645603828132 ], [ 368987.783293238317128, 4672920.336651165038347 ], [ 368989.267581887426786, 4672919.764763133600354 ], [ 368990.931048504135106, 4672919.944853967987001 ], [ 368992.751792529423255, 4672919.699932363815606 ], [ 368994.571289442304987, 4672918.944087752141058 ], [ 368996.375505973002873, 4672917.810871691443026 ], [ 368997.731802670867182, 4672916.130613296292722 ], [ 368998.651342992670834, 4672914.947213028557599 ], [ 369000.575290258275345, 4672914.478222599253058 ], [ 369001.712590168055613, 4672913.013082808814943 ], [ 369003.563242127827834, 4672911.268090275116265 ], [ 369005.966043237072881, 4672909.457287929020822 ], [ 369007.995253569504712, 4672908.430964426137507 ], [ 369009.80959714227356, 4672907.841832855716348 ], [ 369012.248338115459774, 4672907.518773877061903 ], [ 369013.883300176472403, 4672906.166560652665794 ], [ 369015.421057182131335, 4672905.80472681298852 ], [ 369016.700805227679666, 4672905.780919174663723 ], [ 369018.196253500296734, 4672905.80863675288856 ], [ 369018.929023006698117, 4672906.572532467544079 ], [ 369018.962899134727195, 4672908.393538 ], [ 369019.852534585283138, 4672908.710214230231941 ], [ 369020.854661660734564, 4672908.858184896409512 ], [ 369021.33128633222077, 4672910.504341087304056 ], [ 369023.113448166754097, 4672911.293145936913788 ], [ 369024.774023835430853, 4672911.317793096415699 ], [ 369026.978485715517309, 4672910.832484276965261 ], [ 369029.467797512712423, 4672910.564028206281364 ], [ 369032.727224528149236, 4672909.959129547700286 ], [ 369035.226863583666272, 4672910.245860131457448 ], [ 369037.371466023265384, 4672909.650592696852982 ], [ 369041.18283594615059, 4672908.96878647338599 ], [ 369044.161545691196807, 4672908.369114474393427 ], [ 369046.378194185439497, 4672908.538929612375796 ], [ 369048.390707528975327, 4672909.279026296921074 ], [ 369051.44456355861621, 4672910.055293838493526 ], [ 369053.94709263916593, 4672910.497482736594975 ], [ 369056.507622896693647, 4672910.949701357632875 ], [ 369059.20540762715973, 4672910.344152754172683 ], [ 369061.283127572154626, 4672908.817103803157806 ], [ 369063.629180974094197, 4672907.062914761714637 ], [ 369065.884420852642506, 4672906.199017898179591 ], [ 369068.368573118234053, 4672905.652983351610601 ], [ 369071.80428362096427, 4672905.644631543196738 ], [ 369073.91709298780188, 4672903.339406803250313 ], [ 369077.044418589910492, 4672901.848382901400328 ], [ 369080.147808457317296, 4672901.735139337368309 ], [ 369083.146963488310575, 4672902.23474945500493 ], [ 369085.730193759023678, 4672901.242577685043216 ], [ 369088.358006915776059, 4672899.538696021772921 ], [ 369090.108575036691036, 4672898.184351702220738 ], [ 369091.398844388080761, 4672896.06103889644146 ], [ 369093.693307447712868, 4672894.641045476309955 ], [ 369096.17147885664599, 4672893.773013832978904 ], [ 369099.049883724190295, 4672893.552886365912855 ], [ 369103.143019209208433, 4672893.3657146403566 ], [ 369107.28466100525111, 4672892.677804746665061 ], [ 369109.249902143375948, 4672891.31947457510978 ], [ 369110.491672037227545, 4672889.696905974298716 ], [ 369113.07408476958517, 4672888.216028539463878 ], [ 369116.824580532615073, 4672887.813083847053349 ], [ 369120.29456434660824, 4672886.537860739044845 ], [ 369123.808721852197777, 4672884.973022573627532 ], [ 369125.882334986934438, 4672883.223919400945306 ], [ 369128.577245915657841, 4672882.462946094572544 ], [ 369130.402957330457866, 4672882.040247894823551 ], [ 369131.147281931480393, 4672880.315853984095156 ], [ 369131.205496867827605, 4672877.671180492267013 ], [ 369132.109792074537836, 4672875.666125202551484 ], [ 369134.125614732853137, 4672873.918098812922835 ], [ 369137.745259901334066, 4672871.807038575410843 ], [ 369141.249316507426556, 4672869.698128553107381 ], [ 369144.587213763501495, 4672867.536770787090063 ], [ 369147.067464003688656, 4672866.779794351197779 ], [ 369150.817974881036207, 4672865.932567005977035 ], [ 369152.624292447348125, 4672864.910428841598332 ], [ 369153.465641421847977, 4672862.628858292475343 ], [ 369153.999429473362397, 4672861.574831218458712 ], [ 369155.720905670896173, 4672861.764990820549428 ], [ 369157.688829667575192, 4672863.216828956268728 ], [ 369159.519703005964402, 4672863.516031789593399 ], [ 369161.450691888225265, 4672862.98031032923609 ], [ 369163.14245574286906, 4672861.571540287695825 ], [ 369165.647489490394946, 4672859.481207087635994 ], [ 369167.673641142842826, 4672858.288375159725547 ], [ 369170.050482536898926, 4672857.744371519424021 ], [ 369171.770923693024088, 4672858.32331763766706 ], [ 369172.963766750413924, 4672859.845099374651909 ], [ 369173.228573990287259, 4672862.09500642772764 ], [ 369173.429602574789897, 4672864.023980349302292 ], [ 369175.234892125066835, 4672862.946329621598125 ], [ 369177.914346544304863, 4672860.908297698013484 ], [ 369180.485432287852746, 4672859.261043653823435 ], [ 369181.587675797520205, 4672859.018413851037621 ], [ 369183.045970944396686, 4672859.713308477774262 ], [ 369186.968839236418717, 4672859.251661727204919 ], [ 369189.575821969949175, 4672859.536453185603023 ], [ 369192.634637077455409, 4672860.134969587437809 ], [ 369194.744167108845431, 4672860.317929423414171 ], [ 369196.88590856990777, 4672859.56725958827883 ], [ 369198.18529319181107, 4672857.93252972792834 ], [ 369199.439465689531062, 4672856.976198903284967 ], [ 369202.214672427158803, 4672857.424482775852084 ], [ 369204.610905283247121, 4672857.924237748607993 ], [ 369207.2808394904132, 4672858.485554384998977 ], [ 369211.26459248305764, 4672858.633703944273293 ], [ 369212.947665985615458, 4672859.424396993592381 ], [ 369213.473786819376983, 4672861.069644936360419 ], [ 369216.305755001492798, 4672861.461342303082347 ], [ 369220.779745892505161, 4672860.878402300179005 ], [ 369222.555921620340087, 4672860.900949355214834 ], [ 369223.570417115348391, 4672862.159471289254725 ], [ 369223.839332796749659, 4672864.631453694775701 ], [ 369223.694365120842122, 4672868.832789178006351 ], [ 369224.063609819568228, 4672870.480951575562358 ], [ 369224.748669764492661, 4672871.790022542700171 ], [ 369227.201859039778356, 4672872.688597806729376 ], [ 369229.463108657859266, 4672872.146761087700725 ], [ 369231.851077784551308, 4672872.646678528748453 ], [ 369235.081405130098574, 4672873.586360697634518 ], [ 369237.785411203047261, 4672872.869690960273147 ], [ 369239.444962017820217, 4672872.83887046854943 ], [ 369242.123135633941274, 4672873.844347747974098 ], [ 369244.2099772101501, 4672872.805916354060173 ], [ 369246.105855827510823, 4672873.492697415873408 ], [ 369249.452587358304299, 4672874.918955243192613 ], [ 369252.89861895411741, 4672875.465876631438732 ], [ 369256.398106274369638, 4672876.222849919460714 ], [ 369258.867577891622204, 4672877.998627621680498 ], [ 369261.469957655936014, 4672880.704969827085733 ], [ 369263.498731956235133, 4672882.766620073467493 ], [ 369266.062348150240723, 4672883.385470138862729 ], [ 369270.109858463343699, 4672883.854586533270776 ], [ 369273.444416490267031, 4672884.625737841241062 ], [ 369277.383777231094427, 4672884.608135565184057 ], [ 369279.403754505037796, 4672883.082225291989744 ], [ 369282.135860349633731, 4672881.209869086742401 ], [ 369284.228889338090084, 4672880.504560326226056 ], [ 369285.412905054923613, 4672878.883096520788968 ], [ 369286.564904258062597, 4672878.206366269849241 ], [ 369287.816544536151923, 4672879.782612365670502 ], [ 369289.502684665785637, 4672881.184179663658142 ], [ 369291.246068339212798, 4672879.885558076202869 ], [ 369292.686070127179846, 4672876.926441407762468 ], [ 369294.387623484479263, 4672872.929470705799758 ], [ 369294.728475059207994, 4672870.379522000439465 ], [ 369295.639000669994857, 4672868.707599491812289 ], [ 369296.967262550373562, 4672868.627404893748462 ], [ 369299.64336745563196, 4672869.521866992115974 ], [ 369301.467017640010454, 4672869.432477409951389 ], [ 369302.942889414203819, 4672868.40540506131947 ], [ 369304.606563109613489, 4672868.596673751249909 ], [ 369306.454740152868908, 4672869.828624559566379 ], [ 369307.787123937974684, 4672869.970505795441568 ], [ 369308.652235832996666, 4672868.521578365005553 ], [ 369309.991833314299583, 4672869.0520891668275 ], [ 369311.817544616118539, 4672869.073739169165492 ], [ 369314.021005472633988, 4672868.533002522774041 ], [ 369315.792025726230349, 4672868.277980796992779 ], [ 369317.630102446186356, 4672868.965853695757687 ], [ 369318.565157897653989, 4672868.615273361094296 ], [ 369319.866834954475053, 4672867.102707113139331 ], [ 369320.796738678880502, 4672866.474534841254354 ], [ 369323.280921171128284, 4672865.928591 ], [ 369324.590842816978693, 4672864.860173251479864 ], [ 369325.6087103941245, 4672863.186262756586075 ], [ 369326.553547176066786, 4672860.247451200149953 ], [ 369326.678698626521509, 4672858.090270777232945 ], [ 369326.817244938167278, 4672856.654830183833838 ], [ 369327.797733602928929, 4672855.636957135051489 ], [ 369329.799911677080672, 4672856.266250183805823 ], [ 369331.771920580940787, 4672857.940209966152906 ], [ 369335.425942482426763, 4672860.793674646876752 ], [ 369337.791140569548588, 4672863.182327688671649 ], [ 369340.066311291942839, 4672866.505683237686753 ], [ 369341.889463384402916, 4672869.059901575557888 ], [ 369344.582869581063278, 4672870.887090543285012 ], [ 369346.902937988750637, 4672870.844038509763777 ], [ 369348.754713569127489, 4672869.154657418839633 ], [ 369350.786057095974684, 4672867.795170237310231 ], [ 369352.948208122688811, 4672868.14381343498826 ], [ 369355.769862016662955, 4672867.980382174253464 ], [ 369356.456447133503389, 4672866.257085774093866 ], [ 369357.92635242844699, 4672864.90801815316081 ], [ 369359.978903448558412, 4672865.136514482088387 ], [ 369363.047175391344354, 4672866.245874234475195 ], [ 369364.136760705616325, 4672867.991752664558589 ], [ 369366.240085470024496, 4672868.285953801125288 ], [ 369367.216963228245731, 4672870.189428947865963 ], [ 369369.120039436966181, 4672871.264871999621391 ], [ 369370.989124343148433, 4672870.508206781931221 ], [ 369372.591926117369439, 4672870.089707643724978 ], [ 369375.27419962361455, 4672871.317308936268091 ], [ 369377.528750358440448, 4672873.530307229608297 ], [ 369379.765672658570111, 4672877.909597872756422 ], [ 369382.062258353049401, 4672881.943449476733804 ], [ 369383.762797269970179, 4672884.122297183610499 ], [ 369385.362489645485766, 4672883.981546296738088 ], [ 369387.096637469367124, 4672881.738982036709785 ], [ 369389.180612561060116, 4672880.545142360031605 ], [ 369391.28084266273072, 4672880.672795529477298 ], [ 369393.46133622789057, 4672881.565378665924072 ], [ 369394.313775567570701, 4672882.549242180772126 ], [ 369396.59356943576131, 4672883.00679138302803 ], [ 369399.070524141774513, 4672882.516545861028135 ], [ 369401.580783695157152, 4672880.259589429944754 ], [ 369403.638193542370573, 4672877.633378168568015 ], [ 369406.679996330407448, 4672874.644576469436288 ], [ 369408.707211130065843, 4672873.507333123125136 ], [ 369410.812610068998765, 4672873.468283680267632 ], [ 369412.78665361541789, 4672875.25330254342407 ], [ 369414.407765684474725, 4672876.267341996543109 ], [ 369416.664083671057597, 4672875.459077135659754 ], [ 369419.097681241924874, 4672875.302868191152811 ], [ 369421.007749100273941, 4672876.755850496701896 ], [ 369422.90202924242476, 4672880.475057769566774 ], [ 369424.190497559320647, 4672884.038887804374099 ], [ 369426.022860742465127, 4672887.537093915976584 ], [ 369427.542811723367777, 4672888.886237503960729 ], [ 369429.0970830656006, 4672888.968489019200206 ], [ 369431.027052748366259, 4672888.377323307096958 ], [ 369432.289279907243326, 4672887.854078377597034 ], [ 369434.457617172331084, 4672888.091556378640234 ], [ 369437.075900100753643, 4672888.987141911871731 ], [ 369438.91992945416132, 4672889.997053089551628 ], [ 369439.826841472764499, 4672891.246491898782551 ], [ 369441.906374022131786, 4672892.485294511541724 ], [ 369443.156719964114018, 4672894.439245947636664 ], [ 369443.923208813241217, 4672897.02418992947787 ], [ 369445.04789563966915, 4672897.991903564892709 ], [ 369447.530221728025936, 4672897.346070285886526 ], [ 369450.171294686791953, 4672896.352961753495038 ], [ 369452.763014236465096, 4672895.81617708876729 ], [ 369455.587539896194357, 4672895.808237265795469 ], [ 369457.04989407438552, 4672897.169562332332134 ], [ 369458.490089548111428, 4672900.008596861734986 ], [ 369460.038646846427582, 4672902.90116011723876 ], [ 369462.01266955997562, 4672904.686192393302917 ], [ 369464.389491655980237, 4672904.58658885769546 ], [ 369466.852260627783835, 4672902.88591188006103 ], [ 369469.316060033452231, 4672901.24075423926115 ], [ 369471.569287711638026, 4672900.265951558016241 ], [ 369474.940336017985828, 4672897.215538698248565 ], [ 369477.285690286138561, 4672894.972774502821267 ], [ 369479.70693150954321, 4672894.150365025736392 ], [ 369484.115094023407437, 4672893.135619804263115 ], [ 369488.531308324134443, 4672892.109620639123023 ], [ 369490.562646510777995, 4672891.194474787451327 ], [ 369491.960368687461596, 4672889.069248603656888 ], [ 369493.288627425266895, 4672888.98909099213779 ], [ 369495.404311628779396, 4672889.505251192487776 ], [ 369498.662520483718254, 4672889.278247766196728 ], [ 369502.865075807087123, 4672888.756055541336536 ], [ 369508.000840772991069, 4672887.783377601765096 ], [ 369513.14851712458767, 4672887.899017965421081 ], [ 369515.998972910572775, 4672889.290167232975364 ], [ 369519.104863509070128, 4672892.431569284759462 ], [ 369522.528071030857973, 4672897.988527741283178 ], [ 369525.026271324779373, 4672901.318913606926799 ], [ 369527.01035950880032, 4672903.648044499568641 ], [ 369530.374941662419587, 4672905.596154671162367 ] ] ] } },
{ "type": "Feature", "properties": { "highway": "path", "surface": "", "access": "", "bicycle": "", "foot": "", "length_km": 0.20394600620071368 }, "geometry": { "type": "MultiLineString", "coordinates": [ [ [ 367888.280326431500725, 4673130.866099441424012 ], [ 367890.811648826929741, 4673127.119765063747764 ], [ 367894.331558411708102, 4673122.799501264467835 ], [ 367897.877515317464713, 4673119.867202181369066 ], [ 367902.129266228526831, 4673116.255205623805523 ], [ 367906.752606148889754, 4673111.758738749660552 ], [ 367909.251984211790841, 4673109.390354905277491 ], [ 367911.11586396995699, 4673108.366808169521391 ], [ 367916.15937950683292, 4673108.216648179106414 ], [ 367927.460019662394188, 4673108.771073850803077 ], [ 367943.665081135521177, 4673110.566437410190701 ], [ 367961.967140519060194, 4673111.878205618821084 ], [ 367979.818149715196341, 4673112.920788874849677 ], [ 367998.873585191788152, 4673113.007796355523169 ], [ 368008.720066366717219, 4673112.212273003533483 ], [ 368020.408865279518068, 4673109.682763869874179 ], [ 368029.73000864154892, 4673104.654013789258897 ], [ 368038.927184352301992, 4673098.738992005586624 ], [ 368042.588596826186404, 4673093.149887966923416 ], [ 368045.546296711254399, 4673085.707898178137839 ], [ 368047.500557373627089, 4673077.607152609154582 ], [ 368047.997896307439078, 4673071.53308127168566 ], [ 368048.5591331331525, 4673066.224236981011927 ], [ 368049.449514123320114, 4673060.409382103011012 ] ] ] } },
{ "type": "Feature", "properties": { "highway": "path", "surface": "", "access": "", "bicycle": "", "foot": "", "length_km": 0.016636103066830374 }, "geometry": { "type": "MultiLineString", "coordinates": [ [ [ 367898.169531032559462, 4673138.511403588578105 ], [ 367897.544245698256418, 4673140.400322620756924 ], [ 367897.183081211638637, 4673141.839981361292303 ], [ 367896.985998965799809, 4673143.221023277379572 ], [ 367897.412375533545855, 4673145.256823572330177 ], [ 367898.935705310315825, 4673146.772198650985956 ], [ 367901.695533479680307, 4673149.041906311176717 ], [ 367904.838060868554749, 4673151.459941105917096 ] ] ] } },
{ "type": "Feature", "properties": { "highway": "path", "surface": "", "access": "", "bicycle": "", "foot": "", "length_km": 0.12846267373893946 }, "geometry": { "type": "MultiLineString", "coordinates": [ [ [ 367919.672649555490352, 4673188.947499857284129 ], [ 367920.98811828752514, 4673186.867912676185369 ], [ 367924.046711169648916, 4673182.611855416558683 ], [ 367926.827875157818198, 4673179.416227186098695 ], [ 367929.623622505110689, 4673176.997859362512827 ], [ 367933.484415476443246, 4673174.559513805434108 ], [ 367938.369541257095989, 4673173.012780041433871 ], [ 367941.953603772679344, 4673172.112480437383056 ], [ 367945.30600349244196, 4673170.750008377246559 ], [ 367948.797018525423482, 4673168.851772777736187 ], [ 367951.663958991062827, 4673166.265464758500457 ], [ 367955.935671529965475, 4673161.075845499522984 ], [ 367961.775487173115835, 4673153.624190608039498 ], [ 367964.390025159751531, 4673149.909645952284336 ], [ 367964.872118143364787, 4673146.990411417558789 ], [ 367964.209725124121178, 4673144.259254827164114 ], [ 367961.608780308510177, 4673140.331510074436665 ], [ 367959.00686517287977, 4673136.792550674639642 ], [ 367957.804692420759238, 4673133.904903964139521 ], [ 367957.833183297654614, 4673131.460695813409984 ], [ 367958.774915623827837, 4673128.388441490009427 ], [ 367960.899651097483002, 4673125.860488616861403 ], [ 367965.11834240925964, 4673123.126652222126722 ], [ 367970.231977563002147, 4673121.431258117780089 ], [ 367978.948376002488658, 4673119.390618082135916 ], [ 367987.212905417429283, 4673117.036341320723295 ], [ 367998.873585191788152, 4673113.007796355523169 ] ] ] } },
{ "type": "Feature", "properties": { "highway": "track", "surface": "", "access": "", "bicycle": "", "foot": "", "length_km": 0.13652542139170229 }, "geometry": { "type": "MultiLineString", "coordinates": [ [ [ 367891.433252825750969, 4673311.650002807378769 ], [ 367890.670233447686769, 4673308.398682183586061 ], [ 367890.545712969033048, 4673305.724083454348147 ], [ 367891.197748169535771, 4673299.980317956767976 ], [ 367892.146427388652228, 4673293.320161539129913 ], [ 367893.311900456203148, 4673285.889511793851852 ], [ 367894.849574696796481, 4673277.607699409127235 ], [ 367895.709867245634086, 4673270.638189326971769 ], [ 367895.994556585443206, 4673265.123470318503678 ], [ 367896.327923456265125, 4673258.24160138797015 ], [ 367896.920041931036394, 4673253.265386956743896 ], [ 367897.887278800364584, 4673247.593461770564318 ], [ 367899.383870133548044, 4673241.522837557829916 ], [ 367901.543973551481031, 4673233.840267552994192 ], [ 367902.853986440401059, 4673230.150174652226269 ], [ 367904.717939021240454, 4673227.371620358899236 ], [ 367907.590672327729408, 4673225.096196975558996 ], [ 367911.83800907607656, 4673222.572832092642784 ], [ 367914.862272928352468, 4673220.45007542707026 ], [ 367917.054130542266648, 4673218.420690383762121 ], [ 367917.866255085158627, 4673216.805957751348615 ], [ 367918.204372328473255, 4673214.578091822564602 ], [ 367917.370725738117471, 4673211.083726486191154 ], [ 367915.560510538925882, 4673208.363000623881817 ], [ 367912.593187680118717, 4673205.597338872030377 ], [ 367911.095528901554644, 4673203.248408757150173 ], [ 367910.825816804601345, 4673201.198560781776905 ], [ 367911.554887322941795, 4673199.1188660338521 ], [ 367914.781793064787053, 4673195.470565010793507 ], [ 367918.004327556991484, 4673191.589087784290314 ], [ 367919.672649555490352, 4673188.947499857284129 ] ] ] } },
{ "type": "Feature", "properties": { "highway": "track", "surface": "", "access": "", "bicycle": "", "foot": "", "length_km": 0.13904035284513877 }, "geometry": { "type": "MultiLineString", "coordinates": [ [ [ 367513.359487489797175, 4673325.841564319096506 ], [ 367516.329049830324948, 4673321.698068278841674 ], [ 367520.075933108455501, 4673317.606591655872762 ], [ 367523.026157351094298, 4673315.507268485613167 ], [ 367526.491592861129902, 4673314.453477510251105 ], [ 367531.301706595113501, 4673314.196351189166307 ], [ 367537.457440587808378, 4673314.347107116132975 ], [ 367544.938521110918373, 4673314.706192716024816 ], [ 367549.421528445847798, 4673314.621847769245505 ], [ 367553.893255243543535, 4673313.937905449420214 ], [ 367559.176905339001678, 4673312.07238956913352 ], [ 367566.868925020622555, 4673308.717579384334385 ], [ 367571.932802991941571, 4673307.022822191938758 ], [ 367578.319843782112002, 4673304.981058620847762 ], [ 367582.223597542848438, 4673303.519176033325493 ], [ 367584.902539114002138, 4673301.924826085567474 ], [ 367587.346149854187388, 4673299.235247523523867 ], [ 367589.976336755324155, 4673294.609432188794017 ], [ 367592.174067370360717, 4673290.702640214934945 ], [ 367594.605252249748446, 4673287.791145502589643 ], [ 367597.93414666200988, 4673285.184889865107834 ], [ 367603.044355614518281, 4673282.878364879637957 ], [ 367608.17544888908742, 4673281.682214394211769 ], [ 367613.379883486602921, 4673281.750958773307502 ], [ 367620.431659925496206, 4673282.995701762847602 ], [ 367627.794316639658064, 4673285.400907729752362 ], [ 367635.314667660859413, 4673287.847586794756353 ] ] ] } },
{ "type": "Feature", "properties": { "highway": "path", "surface": "", "access": "", "bicycle": "", "foot": "", "length_km": 0.086045398383876606 }, "geometry": { "type": "MultiLineString", "coordinates": [ [ [ 368634.520429557655007, 4673461.859191837720573 ], [ 368636.126198206213303, 4673462.051378455944359 ], [ 368637.686575960018672, 4673462.466563849709928 ], [ 368639.300600150832906, 4673462.658597129397094 ], [ 368640.114783991186414, 4673462.032488038763404 ], [ 368640.078731986985076, 4673460.100443611852825 ], [ 368639.376000010990538, 4673457.847612386569381 ], [ 368637.365024468046613, 4673454.086348774842918 ], [ 368636.472343107569031, 4673450.948456731624901 ], [ 368636.097976914723404, 4673448.589530200697482 ], [ 368635.704962398274802, 4673445.231270387768745 ], [ 368634.434616015409119, 4673442.655804513953626 ], [ 368632.12009818223305, 4673439.888780254870653 ], [ 368631.351315399282612, 4673437.637182295322418 ], [ 368630.578562678652816, 4673434.73031185939908 ], [ 368630.812017387477681, 4673432.193429359234869 ], [ 368631.470599149819463, 4673428.982159355655313 ], [ 368631.904201874742284, 4673425.664012085646391 ], [ 368631.830022144597024, 4673421.688886391930282 ], [ 368631.670273053226992, 4673418.881652342155576 ], [ 368631.297769043652806, 4673416.622659434564412 ], [ 368630.148211105668452, 4673414.76693217176944 ], [ 368629.352650797518436, 4673413.293363962322474 ], [ 368628.761381921125576, 4673411.260604990646243 ], [ 368628.614076189696789, 4673406.464883825741708 ], [ 368628.543003200378735, 4673402.656313779763877 ], [ 368628.934356504993048, 4673400.172022622078657 ], [ 368629.880873537855223, 4673394.245132594369352 ], [ 368630.634353568195365, 4673390.365637794137001 ], [ 368632.305798788322136, 4673385.22496547922492 ] ] ] } },
{ "type": "Feature", "properties": { "highway": "path", "surface": "ground", "access": "", "bicycle": "", "foot": "", "length_km": 1.177563814069311 }, "geometry": { "type": "MultiLineString", "coordinates": [ [ [ 366663.793920816562604, 4672455.783778210170567 ], [ 366686.122040313959587, 4672461.396098515950143 ], [ 366714.674133683205582, 4672461.255497509613633 ], [ 366750.494832343421876, 4672447.137306217104197 ], [ 366756.149186946917325, 4672431.224094740115106 ], [ 366737.557978138618637, 4672433.952933958731592 ], [ 366703.674033391289413, 4672403.770433890633285 ], [ 366712.707686352310702, 4672399.256342869251966 ], [ 366708.228352979873307, 4672393.020858542993665 ], [ 366723.63401388481725, 4672389.563589574769139 ], [ 366745.919114798132796, 4672372.946873437613249 ], [ 366767.299798525171354, 4672370.953932170756161 ], [ 366766.761654672096483, 4672363.466434969566762 ], [ 366764.316163909737952, 4672359.94714015070349 ], [ 366784.441260653780773, 4672333.49670266918838 ], [ 366805.455322137684561, 4672312.550027680583298 ], [ 366819.642345090280287, 4672307.538738614879549 ], [ 366829.685913772089407, 4672293.519760117866099 ], [ 366852.869509928801563, 4672282.01815846376121 ], [ 366884.53255174739752, 4672299.591719128191471 ], [ 366916.92177965620067, 4672292.659300025552511 ], [ 366931.302286060526967, 4672298.319045492447913 ], [ 366971.246046664426103, 4672271.083736475557089 ], [ 367008.603554725646973, 4672212.296233234927058 ], [ 367042.355014894390479, 4672193.486825346015394 ], [ 367044.187518625054508, 4672185.543581939302385 ], [ 367050.25815259187948, 4672192.071351340971887 ], [ 367050.083739230467472, 4672156.141396979801357 ], [ 367045.835212320438586, 4672122.743146935477853 ], [ 367041.57889875175897, 4672034.240003848448396 ], [ 367022.760875853244215, 4672023.265484001487494 ], [ 367014.37851805833634, 4672017.24790454749018 ], [ 366996.310566156171262, 4671991.319499700330198 ], [ 366990.366818255395629, 4671977.524970199912786 ], [ 366996.32523342006607, 4671964.538679473102093 ], [ 366984.288337751873769, 4671957.035076647996902 ], [ 366992.773102544946596, 4671940.913144621066749 ], [ 366985.2672282444546, 4671926.637167322449386 ], [ 366973.779640959750395, 4671920.667168943211436 ], [ 366956.099001194990706, 4671914.825279986485839 ], [ 366943.744667390710674, 4671917.635638986714184 ], [ 366940.809703171136789, 4671899.141307364217937 ], [ 366932.433320099138655, 4671866.34315569140017 ], [ 366923.043950066785328, 4671834.586055965162814 ], [ 366922.298466951586306, 4671822.237324959598482 ], [ 366915.698045853059739, 4671801.246391686610878 ], [ 366901.45051140274154, 4671786.064869054593146 ], [ 366884.937894214061089, 4671787.409938329830766 ], [ 366887.076378536468837, 4671764.18785092420876 ], [ 366886.935264252941124, 4671756.721031676977873 ] ] ] } },
{ "type": "Feature", "properties": { "highway": "track", "surface": "", "access": "", "bicycle": "", "foot": "", "length_km": 0.025376993841570949 }, "geometry": { "type": "MultiLineString", "coordinates": [ [ [ 367879.385273719672114, 4673516.367357490584254 ], [ 367872.687431658850983, 4673511.0836569853127 ], [ 367866.154775838600472, 4673506.241166742518544 ], [ 367859.008265891345218, 4673501.25469826720655 ] ] ] } },
{ "type": "Feature", "properties": { "highway": "track", "surface": "", "access": "", "bicycle": "", "foot": "", "length_km": 0.39365214888479783 }, "geometry": { "type": "MultiLineString", "coordinates": [ [ [ 367879.385273719672114, 4673516.367357490584254 ], [ 367850.176220976223703, 4673541.541224358603358 ], [ 367806.134379922004882, 4673574.602476671338081 ], [ 367777.667379343183711, 4673594.408855238929391 ], [ 367759.749458576901816, 4673614.361510197632015 ], [ 367730.607309141603764, 4673635.580337403342128 ], [ 367704.765583613538183, 4673664.101625944487751 ], [ 367726.279868607758544, 4673686.123630106449127 ], [ 367744.99152262712596, 4673689.970726855099201 ], [ 367764.045210119860712, 4673693.12277393694967 ], [ 367803.159431246109307, 4673678.725706941448152 ], [ 367843.601649942691438, 4673678.310647712089121 ], [ 367856.250968101841863, 4673677.728839007206261 ] ] ] } },
{ "type": "Feature", "properties": { "highway": "track", "surface": "compacted", "access": "", "bicycle": "", "foot": "", "length_km": 7.5586245029632835 }, "geometry": { "type": "MultiLineString", "coordinates": [ [ [ 371671.709254157030955, 4672904.684842891059816 ], [ 371669.239913877856452, 4672906.051626674830914 ], [ 371666.940761547768489, 4672907.69299347512424 ], [ 371664.325320649775676, 4672910.106534378603101 ], [ 371661.074672171787824, 4672913.920075465925038 ], [ 371658.037680506356992, 4672917.674186784774065 ], [ 371654.316756508895196, 4672922.873617069795728 ], [ 371651.030388156068511, 4672927.898517400957644 ], [ 371647.633496376569383, 4672933.203118492849171 ], [ 371643.741273099090904, 4672938.972153631038964 ], [ 371638.572088161483407, 4672946.275073691271245 ], [ 371633.066676078597084, 4672954.161711309105158 ], [ 371629.885645895439666, 4672959.073628744110465 ], [ 371626.500079140765592, 4672964.544645591638982 ], [ 371622.41205671580974, 4672971.350249557755888 ], [ 371617.773098501085769, 4672978.288083304651082 ], [ 371614.700749240291771, 4672982.36497419886291 ], [ 371612.636343328631483, 4672985.101709499023855 ], [ 371610.465979418600909, 4672987.462727094069123 ], [ 371607.963138763559982, 4672989.707627335563302 ], [ 371605.337827302224468, 4672991.577111344784498 ], [ 371602.704417487839237, 4672993.002449250780046 ], [ 371599.898998448974453, 4672994.053274508565664 ], [ 371596.152163356426172, 4672995.110162604600191 ], [ 371592.566606936743483, 4672995.953071271069348 ], [ 371588.869467045005877, 4672996.564762115478516 ], [ 371584.559541474853177, 4672997.087665275670588 ], [ 371579.856508802273311, 4672997.340057007037103 ], [ 371574.484718965133652, 4672997.604650412686169 ], [ 371568.447364576044492, 4672997.60370446741581 ], [ 371562.243871904385742, 4672997.550257585011423 ], [ 371555.650308807380497, 4672997.392858584411442 ], [ 371549.564428879122715, 4672997.448350945487618 ], [ 371544.251446107635275, 4672997.767431433312595 ], [ 371538.836197081254795, 4672998.366066235117614 ], [ 371533.423785251390655, 4672999.120156720280647 ], [ 371526.852509361226112, 4673000.184189355932176 ], [ 371519.892988323641475, 4673001.244205669499934 ], [ 371512.911080159712583, 4673001.98252357263118 ], [ 371508.118245746125467, 4673002.292139125056565 ], [ 371503.908566327416338, 4673002.424504292197526 ], [ 371498.868194518960081, 4673002.294348795898259 ], [ 371494.704149018740281, 4673001.759443921037018 ], [ 371490.141114228754304, 4673000.632025661878288 ], [ 371484.516358135850169, 4672998.802010678686202 ], [ 371478.725460179615766, 4672996.919495968148112 ], [ 371471.313640567590483, 4672994.466777605935931 ], [ 371465.404106686357409, 4672992.419828607700765 ], [ 371460.331493784207851, 4672990.52421557623893 ], [ 371455.078603527974337, 4672988.2542465897277 ], [ 371450.386934131383896, 4672985.962927108630538 ], [ 371445.575821560865734, 4672983.462751302868128 ], [ 371441.325930257677101, 4672980.941223660483956 ], [ 371436.897787680034526, 4672978.156376200728118 ], [ 371432.130265554762445, 4672974.877896547317505 ], [ 371428.930941536964383, 4672972.448265803046525 ], [ 371423.814967513491865, 4672968.631892940960824 ], [ 371418.775467537459917, 4672964.480905522592366 ], [ 371416.003434409562033, 4672961.932403085753322 ], [ 371412.904333320795558, 4672959.112190470099449 ], [ 371409.640306225628592, 4672956.306098685599864 ], [ 371405.651892649126239, 4672953.18001726269722 ], [ 371401.897347870049998, 4672950.649465047754347 ], [ 371397.910811970650684, 4672948.078722617588937 ], [ 371393.76821414148435, 4672945.555262492969632 ], [ 371389.854821883374825, 4672943.371946781873703 ], [ 371385.770883767399937, 4672941.347251897677779 ], [ 371382.256487679784186, 4672939.756450459361076 ], [ 371377.404705619206652, 4672937.745786963962018 ], [ 371370.815376804268453, 4672935.111534400843084 ], [ 371363.617243636748753, 4672932.155189224518836 ], [ 371357.0298712142976, 4672929.176584472879767 ], [ 371350.611880736018065, 4672926.428145813755691 ], [ 371344.304261159326416, 4672923.84430680051446 ], [ 371338.615520697378088, 4672921.682352082803845 ], [ 371332.428351169102825, 4672919.362899581901729 ], [ 371324.12890481040813, 4672916.70440426748246 ], [ 371315.579667170357425, 4672913.484007134102285 ], [ 371309.185058141883928, 4672911.112828887999058 ], [ 371303.828986217966303, 4672909.078109661117196 ], [ 371298.640677191782743, 4672907.184723852202296 ], [ 371292.904399562685285, 4672905.134747816249728 ], [ 371287.894406037172303, 4672903.960090364329517 ], [ 371283.331270330643747, 4672902.832804139703512 ], [ 371278.326484718942083, 4672901.491447309963405 ], [ 371272.757014698814601, 4672899.982699777930975 ], [ 371267.799732951738406, 4672898.529407856985927 ], [ 371262.847660079889465, 4672896.909413242712617 ], [ 371258.831602565245703, 4672895.438917902298272 ], [ 371253.588859015726484, 4672893.279982348904014 ], [ 371248.333591780159622, 4672890.888024366460741 ], [ 371242.079633649263997, 4672888.081145089119673 ], [ 371235.769703131169081, 4672885.375261327251792 ], [ 371229.907847430673428, 4672882.783369539305568 ], [ 371224.270941195252817, 4672880.298442129045725 ], [ 371219.411961552221328, 4672877.899257009848952 ], [ 371214.826455744623672, 4672875.55060996580869 ], [ 371209.79631879425142, 4672873.276743199676275 ], [ 371205.834984083776362, 4672871.638665244914591 ], [ 371200.930384019738995, 4672869.906770545057952 ], [ 371195.367298661731184, 4672868.29799922555685 ], [ 371188.794895075378008, 4672866.596623301506042 ], [ 371181.838629346049856, 4672864.680128470994532 ], [ 371175.330238527618349, 4672862.86651973798871 ], [ 371169.147908464015927, 4672861.269098728895187 ], [ 371162.978911289246753, 4672859.949123969301581 ], [ 371155.976011380902492, 4672858.644414274953306 ], [ 371148.875047338253353, 4672857.397043021395802 ], [ 371141.192268594051711, 4672855.949286237359047 ], [ 371137.532557395403273, 4672855.449787541292608 ], [ 371134.646994673355948, 4672855.280451346188784 ], [ 371131.100916358293034, 4672855.123205562122166 ], [ 371123.129384434141684, 4672855.046963247470558 ], [ 371115.980650761572178, 4672854.800165050663054 ], [ 371108.498280426138081, 4672854.826059211976826 ], [ 371101.863148934033234, 4672855.11413593403995 ], [ 371096.21858763101045, 4672855.372976362705231 ], [ 371091.790976329008117, 4672855.787259279750288 ], [ 371087.597595276602078, 4672856.363867498002946 ], [ 371083.402870687365066, 4672857.318154480308294 ], [ 371078.721096473338548, 4672858.736765446141362 ], [ 371074.266110908298288, 4672860.362267534248531 ], [ 371069.213163906533737, 4672862.709595874883235 ], [ 371063.835249567520805, 4672865.351671371608973 ], [ 371058.179467368288897, 4672868.15434343367815 ], [ 371053.408469609275926, 4672870.563164607621729 ], [ 371049.776088979328051, 4672872.007006633095443 ], [ 371045.965037438087165, 4672873.16533044166863 ], [ 371040.680683195765596, 4672874.150707536377013 ], [ 371035.871338520606514, 4672874.916347480379045 ], [ 371031.900692153780255, 4672875.477802398614585 ], [ 371027.090128742041998, 4672876.176826303824782 ], [ 371020.956504935165867, 4672876.789015886373818 ], [ 371014.090214642870706, 4672877.081410724669695 ], [ 371007.780275591125246, 4672877.085934510454535 ], [ 371002.021482141572051, 4672876.969292188994586 ], [ 370995.762098294973839, 4672877.028437534347177 ], [ 370990.116741224075668, 4672877.242948764935136 ], [ 370984.91926560603315, 4672877.560331770218909 ], [ 370981.046683335967828, 4672878.064481632784009 ], [ 370977.736758864135481, 4672878.624967544339597 ], [ 370973.106708030216396, 4672879.709480076096952 ], [ 370967.48455066565657, 4672881.189829042181373 ], [ 370962.127734814130235, 4672882.276560363359749 ], [ 370957.82183986378368, 4672883.021920068189502 ], [ 370952.625386564643122, 4672883.394845435395837 ], [ 370947.920248113165144, 4672883.536621148698032 ], [ 370943.480447984416969, 4672883.284777091816068 ], [ 370938.819874645909294, 4672882.703760311938822 ], [ 370933.265890349517576, 4672881.594860508106649 ], [ 370926.305374072049744, 4672879.90084177069366 ], [ 370918.850600601523183, 4672877.827131572179496 ], [ 370910.828481891658157, 4672875.441715905442834 ], [ 370903.256072696007323, 4672873.259104464203119 ], [ 370896.420404321863316, 4672871.618362591601908 ], [ 370889.024313229718246, 4672870.043440874665976 ], [ 370882.131749406689778, 4672868.903589556924999 ], [ 370874.582537367474288, 4672867.986828193068504 ], [ 370865.144949950219598, 4672866.782593481242657 ], [ 370856.761127890029456, 4672865.392432026565075 ], [ 370849.483555505692493, 4672864.426285247318447 ], [ 370843.154249375162181, 4672863.376106622628868 ], [ 370836.764294345804956, 4672862.171542346477509 ], [ 370831.756218498456292, 4672861.108243900351226 ], [ 370826.861694150313269, 4672859.931791559793055 ], [ 370821.347023753274698, 4672858.26688639819622 ], [ 370814.438244036224205, 4672855.794507694430649 ], [ 370807.969292378111277, 4672853.436246919445693 ], [ 370802.402017000771593, 4672851.605710155330598 ], [ 370796.772762017615605, 4672849.998463404364884 ], [ 370791.656317658955231, 4672848.881644363515079 ], [ 370786.326018656312954, 4672847.81318324431777 ], [ 370780.425312154227868, 4672846.266467986628413 ], [ 370774.971470888936892, 4672844.767093214206398 ], [ 370770.396993087255396, 4672843.02943432983011 ], [ 370765.982547229621559, 4672841.011155483312905 ], [ 370762.119448055396788, 4672838.882792484015226 ], [ 370758.532786511234008, 4672836.51610148511827 ], [ 370755.001064393727574, 4672833.992899849079549 ], [ 370751.63222726067761, 4672831.344528246670961 ], [ 370748.253399918263312, 4672828.152077866718173 ], [ 370745.06151433440391, 4672824.34528900962323 ], [ 370741.912029943254311, 4672820.148963303305209 ], [ 370738.101513142348267, 4672815.487155146896839 ], [ 370734.812679510912858, 4672811.348927682265639 ], [ 370731.858179559232667, 4672807.426711976528168 ], [ 370728.448956967389677, 4672802.579822407104075 ], [ 370725.251341386523563, 4672797.562437873333693 ], [ 370721.716630520415492, 4672791.729294577613473 ], [ 370717.707417075464036, 4672784.794122905470431 ], [ 370713.079157755477354, 4672776.981726096943021 ], [ 370709.133840595313814, 4672770.3786082547158 ], [ 370705.474336722516455, 4672764.047929680906236 ], [ 370701.880778455757536, 4672758.16033879108727 ], [ 370698.053887773654424, 4672751.710555762052536 ], [ 370694.161241785855964, 4672744.828792601823807 ], [ 370690.207937546889298, 4672737.792641393840313 ], [ 370686.542079538688995, 4672731.117758159525692 ], [ 370682.87743844272336, 4672724.509498822502792 ], [ 370678.98680316854734, 4672717.738780463114381 ], [ 370675.541919253009837, 4672711.404174045659602 ], [ 370672.10732546611689, 4672705.180454375222325 ], [ 370668.90360901854001, 4672699.385685121640563 ], [ 370666.181114965933375, 4672693.259962808340788 ], [ 370663.355457536817994, 4672686.913987847045064 ], [ 370660.402984334970824, 4672679.959434930235147 ], [ 370657.901162697002292, 4672673.707480305805802 ], [ 370655.637866582197603, 4672667.851012228988111 ], [ 370653.715848520980217, 4672662.588076643645763 ], [ 370651.727872145944275, 4672656.882056141272187 ], [ 370649.788617074664216, 4672651.130711416713893 ], [ 370648.022545845247805, 4672645.365078313276172 ], [ 370646.719672349921893, 4672640.535067626275122 ], [ 370645.925254667061381, 4672636.406591799110174 ], [ 370645.335515827231575, 4672631.730092180892825 ], [ 370645.133939899271354, 4672626.602164877578616 ], [ 370645.250394332222641, 4672620.801949771121144 ], [ 370645.575609035498928, 4672614.675784416496754 ], [ 370646.246286350360606, 4672608.920925376936793 ], [ 370647.29535619757371, 4672603.981064821593463 ], [ 370648.666139343695249, 4672599.468484251759946 ], [ 370650.177999218169134, 4672594.542337847873569 ], [ 370650.764213375630789, 4672592.732166700996459 ], [ 370650.905174453218933, 4672590.963496919721365 ], [ 370650.808827104745433, 4672588.865963650867343 ], [ 370650.222172766225412, 4672587.055122659541667 ], [ 370649.31034654105315, 4672585.527940585277975 ], [ 370647.613106615724973, 4672583.959649385884404 ], [ 370645.599767011473887, 4672582.719280651770532 ], [ 370643.253202330321074, 4672581.773826985619962 ], [ 370640.082795143360272, 4672580.943475579842925 ], [ 370633.921597543812823, 4672580.068104236386716 ], [ 370625.926373140246142, 4672579.170897250063717 ], [ 370617.158981298503932, 4672578.054631181061268 ], [ 370609.221549192094244, 4672577.156381082721055 ], [ 370601.949554452730808, 4672576.512489782646298 ], [ 370594.974911798432004, 4672576.318545920774341 ], [ 370587.443704778735992, 4672576.401415918953717 ], [ 370579.858781705843285, 4672576.707429804839194 ], [ 370572.103621003741864, 4672576.738895220682025 ], [ 370564.628170158714056, 4672576.709690504707396 ], [ 370557.705923469155096, 4672576.67032437864691 ], [ 370551.385401066625491, 4672576.564366089180112 ], [ 370545.289944204676431, 4672576.121052863076329 ], [ 370540.407417315640487, 4672575.611015303991735 ], [ 370535.519581708940677, 4672574.812285496853292 ], [ 370529.574762290576473, 4672573.577588559128344 ], [ 370524.977430717844982, 4672572.406979354098439 ], [ 370521.501706177019514, 4672571.593401926569641 ], [ 370518.28368915640749, 4672571.319351584650576 ], [ 370515.237953991862014, 4672571.430894809775054 ], [ 370512.256141975289211, 4672571.874486845918 ], [ 370508.618598492001183, 4672573.041014404967427 ], [ 370503.505248396773823, 4672574.80116328317672 ], [ 370497.562662162701599, 4672576.832037475891411 ], [ 370491.608963340695482, 4672578.70761713385582 ], [ 370486.159223103430122, 4672580.140742813237011 ], [ 370480.189190834295005, 4672581.128038005903363 ], [ 370475.102926735009532, 4672581.665891980752349 ], [ 370469.843357542762533, 4672581.762640201486647 ], [ 370464.635457961645443, 4672581.525218779221177 ], [ 370459.258336852188222, 4672581.068765562959015 ], [ 370453.927895681583323, 4672580.455953528173268 ], [ 370448.707736947922967, 4672579.552323148585856 ], [ 370443.591033338161651, 4672578.435751830227673 ], [ 370438.189511169854086, 4672577.10227594524622 ], [ 370432.736402960959822, 4672575.658678940497339 ], [ 370427.282270765223075, 4672574.159567719325423 ], [ 370421.991228666563984, 4672572.546385089866817 ], [ 370417.477344375278335, 4672570.974441878497601 ], [ 370412.449576250859536, 4672568.856586608104408 ], [ 370407.263904046500102, 4672566.686103656888008 ], [ 370402.745925255352631, 4672564.892096178606153 ], [ 370399.290863635833375, 4672563.856049217283726 ], [ 370396.400042706169188, 4672563.409420557320118 ], [ 370393.125239002925809, 4672563.19200938846916 ], [ 370389.085822267166805, 4672563.166392536833882 ], [ 370383.544484520098194, 4672563.212853792123497 ], [ 370375.902852286119014, 4672563.131370347924531 ], [ 370369.036337167257443, 4672562.980088579468429 ], [ 370360.770332862739451, 4672562.632429743185639 ], [ 370352.675675918231718, 4672562.170551360584795 ], [ 370344.966225199576002, 4672561.546085337176919 ], [ 370337.310481220134534, 4672560.698489875532687 ], [ 370329.428529629891273, 4672559.677349137142301 ], [ 370322.323942593066022, 4672558.708545884117484 ], [ 370316.049942450597882, 4672557.991031610406935 ], [ 370311.221010912791826, 4672557.702313480898738 ], [ 370306.852134325716179, 4672557.72724121529609 ], [ 370300.706739644985646, 4672558.162546189501882 ], [ 370293.304393646423705, 4672558.965340328402817 ], [ 370287.17462063964922, 4672559.800237506628036 ], [ 370280.758799029688817, 4672560.351615979336202 ], [ 370273.949998658092227, 4672560.643661336041987 ], [ 370265.638532973651309, 4672560.519100242294371 ], [ 370256.99392992578214, 4672560.245182762853801 ], [ 370247.961051010643132, 4672559.96732294280082 ], [ 370239.419487363134976, 4672559.458271867595613 ], [ 370231.827660249080509, 4672558.942836033180356 ], [ 370226.045987141435035, 4672558.049716797657311 ], [ 370218.485279550077394, 4672556.534051122143865 ], [ 370210.703751312801614, 4672554.689239987172186 ], [ 370202.234106974152382, 4672552.257318818941712 ], [ 370194.77260784455575, 4672549.851253244094551 ], [ 370187.023411499918438, 4672547.07284567411989 ], [ 370180.049327445274685, 4672544.224619104526937 ], [ 370173.843123261758592, 4672541.362241878174245 ], [ 370167.862782497890294, 4672538.206911716610193 ], [ 370162.591705853294116, 4672534.994078860618174 ], [ 370156.31151333625894, 4672531.255591814406216 ], [ 370148.716626800247468, 4672526.097384279593825 ], [ 370143.673923778580502, 4672522.280551049858332 ], [ 370139.858488971425686, 4672519.174180435016751 ], [ 370136.431942615425214, 4672516.105069682002068 ], [ 370133.459521137352567, 4672513.027585305273533 ], [ 370129.931969723140355, 4672508.960669265128672 ], [ 370125.942233830806799, 4672504.913386572152376 ], [ 370121.723823214590084, 4672500.559314886108041 ], [ 370117.347092908225022, 4672496.130413494072855 ], [ 370114.133426239830442, 4672492.51312099583447 ], [ 370112.084669400705025, 4672489.807368958368897 ], [ 370109.805806191288866, 4672486.717100938782096 ], [ 370107.613747064606287, 4672484.30278726760298 ], [ 370105.280435694148764, 4672482.290948248468339 ], [ 370102.645854792208411, 4672480.962222228758037 ], [ 370100.249430542462505, 4672480.006757431663573 ], [ 370097.096583619946614, 4672479.687265026383102 ], [ 370093.272341907955706, 4672480.135466959327459 ], [ 370084.48510020354297, 4672481.985912689939141 ], [ 370072.95111927529797, 4672484.486851511523128 ], [ 370064.079884123173542, 4672486.261120665818453 ], [ 370057.065165437699761, 4672488.378796019591391 ], [ 370050.360054137418047, 4672490.712914210744202 ], [ 370045.41243637126172, 4672492.947959758341312 ], [ 370038.955534847278614, 4672496.199427778832614 ], [ 370032.272979560599197, 4672499.754968271590769 ], [ 370026.121945667429827, 4672503.467316692695022 ], [ 370019.533596327120904, 4672508.098554929718375 ], [ 370014.852094944799319, 4672511.772680978290737 ], [ 370011.234504884108901, 4672515.360525903292 ], [ 370008.534513407212216, 4672518.542672504670918 ], [ 370005.617623296333477, 4672522.950645385310054 ], [ 370002.799966791120823, 4672527.81219373177737 ], [ 369997.825270565401297, 4672537.078799575567245 ], [ 369993.211655710008927, 4672544.428259094245732 ], [ 369987.76297332107788, 4672552.626200139522552 ], [ 369982.664594798348844, 4672559.218202830292284 ], [ 369977.041890624910593, 4672566.042040631175041 ], [ 369972.219303677033167, 4672571.018376619555056 ], [ 369967.101119155413471, 4672576.089034587144852 ], [ 369960.770724556175992, 4672582.159540007822216 ], [ 369953.835436639084946, 4672589.018745792098343 ], [ 369949.715226211468689, 4672593.115744356997311 ], [ 369946.238433925667778, 4672597.167539502494037 ], [ 369943.764308344863821, 4672600.50104676745832 ], [ 369941.008733287919313, 4672604.69502863381058 ], [ 369936.517435238696635, 4672611.953411330468953 ], [ 369931.147796929988544, 4672621.294011346064508 ], [ 369924.192824550205842, 4672632.896503346040845 ], [ 369921.341680943383835, 4672637.281086564995348 ], [ 369918.525260588736273, 4672641.309590546414256 ], [ 369915.728485438332427, 4672645.060046080499887 ], [ 369912.643753936397843, 4672648.871360099874437 ], [ 369909.374352116137743, 4672652.075176425278187 ], [ 369905.339130815933459, 4672655.404218112118542 ], [ 369900.914822404214647, 4672658.684913791716099 ], [ 369896.372872642648872, 4672661.856711355037987 ], [ 369891.231265530106612, 4672665.206204407848418 ], [ 369885.865911786153447, 4672668.515406030230224 ], [ 369878.468908687587827, 4672672.72853871062398 ], [ 369871.117555512930267, 4672676.729793870821595 ], [ 369863.330658598279115, 4672680.850181431509554 ], [ 369856.19999486458255, 4672684.725191924721003 ], [ 369849.352323258295655, 4672688.717161453329027 ], [ 369843.000059289333876, 4672692.699980489909649 ], [ 369837.040996989002451, 4672696.953223946504295 ], [ 369832.068681386881508, 4672700.521782666444778 ], [ 369827.20350201218389, 4672704.077257013879716 ], [ 369822.330526797974017, 4672707.210794853977859 ], [ 369817.178722511802334, 4672710.005159510299563 ], [ 369811.144693090580404, 4672712.882484715431929 ], [ 369804.386958404211327, 4672715.928701547905803 ], [ 369796.140937732066959, 4672719.335670073516667 ], [ 369788.665914852288552, 4672722.450703743845224 ], [ 369781.968048296810593, 4672725.606910595670342 ], [ 369775.384711218357552, 4672729.149767798371613 ], [ 369768.751840880082455, 4672732.693547584116459 ], [ 369762.225286203203723, 4672736.179830023087561 ], [ 369756.960192453116179, 4672739.09851845074445 ], [ 369752.466911177150905, 4672741.769676906056702 ], [ 369747.765328883659095, 4672744.789023668505251 ], [ 369743.549657807918265, 4672747.732739866711199 ], [ 369739.999693743302487, 4672750.497531066648662 ], [ 369736.303128112689592, 4672753.820410626009107 ], [ 369733.040017407387495, 4672757.357422767207026 ], [ 369729.676764457894024, 4672761.285051344893873 ], [ 369726.325880650430918, 4672765.434602587483823 ], [ 369723.354598106234334, 4672769.566024674102664 ], [ 369720.667329842923209, 4672773.869912980124354 ], [ 369718.200693871825933, 4672778.49183725938201 ], [ 369715.522472440265119, 4672783.284289920702577 ], [ 369712.833159969712142, 4672787.47714466881007 ], [ 369709.418301344732754, 4672791.738963704556227 ], [ 369706.166355456924066, 4672795.43128802254796 ], [ 369702.634923331381287, 4672799.195430899970233 ], [ 369699.254447578568943, 4672802.190365417860448 ], [ 369695.214273547637276, 4672805.241940230131149 ], [ 369690.235940413433127, 4672808.477492388337851 ], [ 369684.975862194143701, 4672811.662725308910012 ], [ 369678.568095356109552, 4672815.313504211604595 ], [ 369672.59073738346342, 4672818.567560316063464 ], [ 369666.16671057761414, 4672821.785459852777421 ], [ 369659.572214948246256, 4672824.717726348899305 ], [ 369652.731879228726029, 4672827.754517801105976 ], [ 369644.433196767698973, 4672831.429227539338171 ], [ 369634.472226368263364, 4672835.87892683967948 ], [ 369626.485870185948443, 4672839.470123307779431 ], [ 369620.173772311536595, 4672842.486059098504484 ], [ 369614.701169016305357, 4672845.342057506553829 ], [ 369607.936413579969667, 4672848.444139524362981 ], [ 369602.61082226887811, 4672850.764265410602093 ], [ 369598.121637792966794, 4672852.757894912734628 ], [ 369594.471737980027683, 4672854.580478029325604 ], [ 369590.527661331929266, 4672857.019424050115049 ], [ 369586.212427274324, 4672859.931761914864182 ], [ 369581.451699285476934, 4672863.763169196434319 ], [ 369576.835479315370321, 4672867.369753168895841 ], [ 369571.535211584181525, 4672871.055656846612692 ], [ 369567.218553972023074, 4672873.890280961059034 ], [ 369562.209591490915045, 4672876.804378242231905 ], [ 369556.899464181915391, 4672879.957316260784864 ], [ 369552.965494587668218, 4672882.940364767797291 ], [ 369549.187139002780896, 4672886.298187480308115 ], [ 369545.580910736927763, 4672890.030478208325803 ], [ 369541.144023906788789, 4672894.844482068903744 ], [ 369538.93777510052314, 4672897.018001674674451 ], [ 369535.044228763203137, 4672900.844482073560357 ], [ 369530.374941662419587, 4672905.596154671162367 ], [ 369525.115879516466521, 4672911.502832560800016 ], [ 369519.725290052476339, 4672918.333874974399805 ], [ 369511.346517029742245, 4672928.819133006967604 ], [ 369507.833571583498269, 4672933.571606548503041 ], [ 369504.144752827065531, 4672938.638351866044104 ], [ 369501.606530587305315, 4672942.506377905607224 ], [ 369498.01885585160926, 4672947.682327257469296 ], [ 369494.669774256355595, 4672953.253726381808519 ], [ 369491.405937458854169, 4672958.967944823205471 ], [ 369487.740243703941815, 4672964.389711504802108 ], [ 369483.024923979246523, 4672970.664000639691949 ], [ 369478.232423976121936, 4672976.784219027496874 ], [ 369474.250995639711618, 4672981.212171224877238 ], [ 369470.178568977396935, 4672985.186405164189637 ], [ 369466.027332859113812, 4672988.473437328822911 ], [ 369462.16344666905934, 4672991.221984111703932 ], [ 369457.160375392239075, 4672994.447062823921442 ], [ 369449.723711659782566, 4672998.716945161111653 ], [ 369440.998001900850795, 4673003.843802402727306 ], [ 369433.195569585659541, 4673008.875796427950263 ], [ 369427.587509759468958, 4673012.878534908406436 ], [ 369422.531373626901768, 4673017.248697336763144 ], [ 369415.593970605288632, 4673023.497602797113359 ], [ 369409.630033809866291, 4673028.795428521931171 ], [ 369403.137910169607494, 4673034.114164625294507 ], [ 369394.056983151240274, 4673041.013767067342997 ], [ 369386.120415038487408, 4673047.270131390541792 ], [ 369378.856168108060956, 4673052.369957888498902 ], [ 369371.955016316554975, 4673057.007647460326552 ], [ 369364.452609675354324, 4673061.734252957627177 ], [ 369357.548400460276753, 4673065.761100825853646 ], [ 369348.674198465712834, 4673071.779435835778713 ], [ 369338.092374312691391, 4673079.240128395147622 ], [ 369330.522083068615757, 4673084.756665723398328 ], [ 369324.084578749840148, 4673089.452444948256016 ], [ 369318.93302724219393, 4673092.680383672006428 ], [ 369315.060804276145063, 4673094.973762731067836 ], [ 369307.233002088498324, 4673098.629043258726597 ], [ 369297.263325857580639, 4673103.023869344033301 ], [ 369288.198358947294764, 4673106.324483698233962 ], [ 369278.976532474101987, 4673109.628022525459528 ], [ 369268.930735811067279, 4673113.480034875683486 ], [ 369262.082584351534024, 4673116.51737045776099 ], [ 369251.824390045541804, 4673121.828437805175781 ], [ 369239.437960076553281, 4673128.167617781087756 ], [ 369227.434022905712482, 4673134.199812615290284 ], [ 369216.497630954312626, 4673139.901186943985522 ], [ 369205.782934702117927, 4673145.53181523270905 ], [ 369196.88627482636366, 4673149.440338526852429 ], [ 369186.686800617491826, 4673153.906241814605892 ], [ 369178.708036914933473, 4673157.875486656092107 ], [ 369169.371760635985993, 4673163.014043188653886 ], [ 369158.140092973597348, 4673169.265268287621439 ], [ 369147.65356145449914, 4673174.725135614164174 ], [ 369133.828479081334081, 4673181.857668570242822 ], [ 369122.81132341385819, 4673187.649556416086853 ], [ 369109.520046528370585, 4673194.616710423491895 ], [ 369094.792859770590439, 4673202.532515177503228 ], [ 369077.155250014853664, 4673212.935025798156857 ], [ 369068.62264105991926, 4673218.203174917027354 ], [ 369055.793197860592045, 4673225.572825036011636 ], [ 369047.434806642937474, 4673229.549286283552647 ], [ 369036.556068320351187, 4673234.339062144979835 ], [ 369025.213353022874799, 4673239.048626948148012 ], [ 369008.722449596098159, 4673247.152938003651798 ], [ 368993.65055129211396, 4673253.398138856515288 ], [ 368983.608212666469626, 4673257.86142423003912 ], [ 368973.407358419906814, 4673261.794512552209198 ], [ 368962.815588791505434, 4673265.579386614263058 ], [ 368953.741053410980385, 4673268.347462992183864 ], [ 368943.967438695137389, 4673270.828661459498107 ], [ 368935.187019483419135, 4673272.980372046120465 ], [ 368926.260684588749427, 4673275.279208620078862 ], [ 368918.853446376277134, 4673277.105470038019121 ], [ 368911.377283320645802, 4673279.221819084137678 ], [ 368901.769038038793951, 4673282.155407636426389 ], [ 368891.46998474013526, 4673285.246272871270776 ], [ 368881.176507478114218, 4673288.192651530727744 ], [ 368873.85497155302437, 4673290.628280470147729 ], [ 368866.762953495024703, 4673292.970781619660556 ], [ 368856.930608412192669, 4673296.286263979040086 ], [ 368848.013012916431762, 4673299.051556459628046 ], [ 368837.331540695158765, 4673302.005228996276855 ], [ 368826.342950592923444, 4673304.875780085101724 ], [ 368817.71266014687717, 4673307.102595969103277 ], [ 368811.529825448407792, 4673308.595145938917994 ], [ 368806.101969144132454, 4673309.384963464923203 ], [ 368798.91023330076132, 4673310.363163493573666 ], [ 368793.705083615728654, 4673311.137732638046145 ], [ 368787.893546190287452, 4673312.167973866686225 ], [ 368782.702449595613871, 4673313.253300942480564 ], [ 368778.122502918122336, 4673314.338347870856524 ], [ 368773.240007567568682, 4673316.028845577500761 ], [ 368767.074368441826664, 4673318.443042145110667 ], [ 368759.23714463331271, 4673321.565967381000519 ], [ 368747.505468232207932, 4673326.21659903600812 ], [ 368736.552764283609577, 4673331.008232329972088 ], [ 368728.106309404713102, 4673334.675715847872198 ], [ 368723.083928419218864, 4673336.835375466383994 ], [ 368717.900105493376032, 4673338.309380532242358 ], [ 368711.266372696030885, 4673340.421344989910722 ], [ 368706.62478162383195, 4673342.185150599107146 ], [ 368702.367314595729113, 4673344.175054087303579 ], [ 368699.180663648527116, 4673346.456000209785998 ], [ 368696.624157564598136, 4673348.869593128561974 ], [ 368693.993585225660354, 4673351.739978654310107 ], [ 368690.679666000185534, 4673355.16738183517009 ], [ 368686.983078259858303, 4673358.446418634615839 ], [ 368681.987652013893239, 4673362.049589551985264 ], [ 368673.593429842847399, 4673368.070970959030092 ], [ 368667.128970867604949, 4673373.05668072681874 ], [ 368663.172504511428997, 4673375.685232731513679 ], [ 368658.853787004598416, 4673377.931780708953738 ], [ 368654.592003964702599, 4673379.688536235131323 ], [ 368649.179960850451607, 4673381.322357816621661 ], [ 368641.401412148610689, 4673383.600149491801858 ], [ 368635.826711361645721, 4673384.926004762761295 ], [ 368632.305798788322136, 4673385.22496547922492 ], [ 368628.615177665371448, 4673384.838425641879439 ], [ 368626.380046302918345, 4673384.113713969476521 ], [ 368622.739482682256494, 4673382.426657385192811 ], [ 368616.311401153972838, 4673379.181027688086033 ], [ 368608.338978673098609, 4673375.053406327962875 ], [ 368599.821656923973933, 4673370.935964272357523 ], [ 368590.777190326945856, 4673366.895017474889755 ], [ 368579.41086453164462, 4673361.908852222375572 ], [ 368567.57369106070837, 4673356.476084778085351 ], [ 368559.061089920578524, 4673352.614076255820692 ], [ 368552.319846885628067, 4673349.407672486267984 ], [ 368542.900319421780296, 4673345.629262296482921 ], [ 368535.022023110417649, 4673342.566290291957557 ], [ 368528.071534405404236, 4673340.096916373819113 ], [ 368522.829269762965851, 4673338.439821912907064 ], [ 368516.508376834855881, 4673336.958382606506348 ], [ 368510.743572760431562, 4673336.066371504217386 ], [ 368504.365378094254993, 4673335.496834425255656 ], [ 368496.839605178451166, 4673334.948739320039749 ], [ 368489.164227584027685, 4673334.792212131433189 ], [ 368479.808784239925444, 4673334.889231713488698 ], [ 368471.383815747336484, 4673335.279891571961343 ], [ 368463.563979004858993, 4673335.348242806270719 ], [ 368455.196344647323713, 4673335.271332483738661 ], [ 368446.98822643107269, 4673334.891546593047678 ], [ 368439.065908465767279, 4673333.89551230147481 ], [ 368431.383010556222871, 4673332.895012320019305 ], [ 368424.603907119657379, 4673331.64436955563724 ], [ 368415.98201664024964, 4673329.895012728869915 ], [ 368406.889277983224019, 4673327.69905664306134 ], [ 368396.868497370800469, 4673324.898435947485268 ], [ 368387.694383811787702, 4673322.326367489993572 ], [ 368378.288888343609869, 4673319.747529123909771 ], [ 368370.723014405870344, 4673317.056553500704467 ], [ 368362.379570217803121, 4673313.858068704605103 ], [ 368355.580036120372824, 4673311.075026324018836 ], [ 368347.377917488454841, 4673307.485150510445237 ], [ 368340.34159640991129, 4673304.406645612791181 ], [ 368331.574265187024139, 4673300.183117978274822 ], [ 368323.296260308590718, 4673295.628328415565193 ], [ 368316.873249301337637, 4673291.783058773726225 ], [ 368311.044456158997491, 4673287.915571828372777 ], [ 368305.916431628749706, 4673284.423746132291853 ], [ 368300.652464493236039, 4673281.612029985524714 ], [ 368296.322152590204496, 4673279.704780811443925 ], [ 368293.228062921087258, 4673278.54083024058491 ], [ 368289.30447637278121, 4673277.625659174285829 ], [ 368284.07379009691067, 4673277.034850233234465 ], [ 368279.545126625453122, 4673276.886321342550218 ], [ 368272.875714020803571, 4673277.088863311335444 ], [ 368263.378848866326734, 4673277.577578995376825 ], [ 368256.09439080033917, 4673278.01379775069654 ], [ 368249.206430200487375, 4673278.453711416572332 ], [ 368241.143923965049908, 4673277.915930774062872 ], [ 368231.444738727645017, 4673276.420217016711831 ], [ 368223.21345896681305, 4673274.808179094456136 ], [ 368213.813651763484813, 4673272.540461490862072 ], [ 368203.947134890768211, 4673270.048233878798783 ], [ 368195.933348148246296, 4673268.143358143046498 ], [ 368188.01770927576581, 4673267.06972339283675 ], [ 368179.795407043071464, 4673266.379497740417719 ], [ 368170.659593345539179, 4673265.861893906258047 ], [ 368161.59953773667803, 4673265.420636332593858 ], [ 368150.021658195997588, 4673265.481956414878368 ], [ 368140.439307001419365, 4673265.816932103596628 ], [ 368124.041627052123658, 4673266.501735409721732 ], [ 368110.397305507096462, 4673266.912842738442123 ], [ 368099.662997677922249, 4673267.036195370368659 ], [ 368087.999852005043067, 4673266.954816163517535 ], [ 368077.091408598702401, 4673266.159534983336926 ], [ 368068.02399220096413, 4673264.885465150699019 ], [ 368059.560511918389238, 4673263.666733898222446 ], [ 368049.318511459568981, 4673261.415016785264015 ], [ 368038.910897450754419, 4673258.699899164959788 ], [ 368030.818370090448298, 4673256.563425045460463 ], [ 368023.971601425088011, 4673255.236677005887032 ], [ 368017.203784552461002, 4673254.597126991488039 ], [ 368007.144434426678345, 4673253.719389202073216 ], [ 367997.935735211474821, 4673253.281127842143178 ], [ 367989.48367691016756, 4673252.673183986917138 ], [ 367981.96649826830253, 4673252.591991880908608 ], [ 367972.993410540511832, 4673252.82690891996026 ], [ 367965.262137621466536, 4673253.660573676228523 ], [ 367958.387071382836439, 4673254.789201345294714 ], [ 367951.736170216347091, 4673255.980276906862855 ], [ 367944.708691763400566, 4673257.789341135881841 ], [ 367938.923998629616108, 4673259.808359588496387 ], [ 367934.131492761312984, 4673261.88652360253036 ], [ 367930.101462262799032, 4673264.105893728323281 ], [ 367926.089689106098376, 4673266.858089176006615 ], [ 367921.716681240010075, 4673270.605641703121364 ], [ 367917.418267555418424, 4673274.807209811173379 ], [ 367913.435254842625, 4673279.091724086552858 ], [ 367909.764309331832919, 4673283.281524703837931 ], [ 367905.366940813837573, 4673289.251068241894245 ], [ 367899.906194802722894, 4673297.528736906126142 ], [ 367894.105613015592098, 4673307.501145048998296 ], [ 367891.433252825750969, 4673311.650002807378769 ], [ 367889.330818215385079, 4673314.921772555448115 ], [ 367886.746599373524077, 4673320.246385666541755 ], [ 367885.139686643378809, 4673324.397467187605798 ], [ 367884.055244447954465, 4673327.783426227979362 ], [ 367883.356204290525056, 4673331.462058405391872 ], [ 367883.055197653127834, 4673335.666386492550373 ], [ 367883.047238467959687, 4673339.643062721937895 ], [ 367883.836802445817739, 4673344.748856580816209 ], [ 367885.23730568389874, 4673349.84318526275456 ], [ 367887.373268843162805, 4673357.600647983141243 ], [ 367889.898506739002187, 4673365.41745181940496 ], [ 367892.589640678663272, 4673374.153075487352908 ], [ 367894.475384380086325, 4673380.460137763060629 ], [ 367896.134335330978502, 4673387.00471624173224 ], [ 367897.016733911645133, 4673393.097347223199904 ], [ 367897.516938588581979, 4673399.508163496851921 ], [ 367897.511686157202348, 4673407.150302702561021 ], [ 367897.477735360618681, 4673415.903742281720042 ], [ 367897.196373496088199, 4673427.31654535792768 ], [ 367896.593452486209571, 4673438.757598142139614 ], [ 367896.238907558785286, 4673447.150502977892756 ], [ 367895.968876558588818, 4673456.086095320060849 ], [ 367895.844067210680805, 4673465.718742607161403 ], [ 367895.512181509518996, 4673472.678339929319918 ], [ 367895.148337011632975, 4673477.494766687043011 ], [ 367894.440767424006481, 4673480.718146759085357 ], [ 367893.357808053609915, 4673484.181831576861441 ], [ 367891.959462937375065, 4673487.56257433257997 ], [ 367890.172392901964486, 4673490.472984883002937 ], [ 367887.924796602979768, 4673493.047702454030514 ], [ 367885.179563057899941, 4673495.509576366283 ], [ 367881.334357845131308, 4673497.447822238318622 ], [ 367874.702871437533759, 4673499.660517736338079 ], [ 367869.125465073389933, 4673500.831533626653254 ], [ 367863.609440124302637, 4673501.312729329802096 ], [ 367859.008265891345218, 4673501.25469826720655 ], [ 367851.305511852842756, 4673499.633180442266166 ], [ 367846.532802730565891, 4673498.356539120897651 ], [ 367839.504974462557584, 4673495.733785222284496 ], [ 367833.783304989279713, 4673493.619681138545275 ], [ 367827.295220004220027, 4673491.153419888578355 ], [ 367821.259238432627171, 4673488.134401947259903 ], [ 367814.415892120625358, 4673484.341907845810056 ], [ 367804.989841917995363, 4673478.032058254815638 ], [ 367790.037403130554594, 4673466.81646943744272 ], [ 367773.31695334642427, 4673454.689970835112035 ], [ 367755.349099811981432, 4673442.109314862638712 ], [ 367744.253620194911491, 4673434.864540103822947 ], [ 367734.777695975149982, 4673428.544608957134187 ], [ 367726.947533665923402, 4673424.104278855957091 ], [ 367719.981159086572006, 4673420.802919496782124 ], [ 367713.321198095567524, 4673417.107041796669364 ], [ 367703.98819331463892, 4673410.484558436088264 ], [ 367692.463680387067143, 4673401.070828419178724 ], [ 367684.196597282309085, 4673394.039569592103362 ], [ 367675.45976924826391, 4673386.184077086858451 ], [ 367668.88803746458143, 4673379.276475281454623 ], [ 367662.334870057879016, 4673373.357109420932829 ], [ 367654.397314639994875, 4673367.16386878490448 ], [ 367644.91411966184387, 4673360.466529226861894 ], [ 367637.245070698205382, 4673356.256525060161948 ], [ 367628.734209354617633, 4673352.517770433798432 ], [ 367617.988287904765457, 4673348.065735454671085 ], [ 367607.791727724019438, 4673344.280950795859098 ], [ 367601.31762078567408, 4673342.569945561699569 ], [ 367593.852794467820786, 4673340.87757942546159 ], [ 367585.540314510813914, 4673339.345563845708966 ], [ 367573.371885692933574, 4673336.98637168481946 ], [ 367558.591117793694139, 4673334.054317571222782 ], [ 367546.126707215211354, 4673331.76738581713289 ], [ 367533.885199178010225, 4673329.47628156747669 ], [ 367526.109328876191285, 4673327.934238009154797 ], [ 367517.341482795018237, 4673326.34422464761883 ], [ 367513.359487489797175, 4673325.841564319096506 ], [ 367509.957082382868975, 4673325.416859598830342 ], [ 367505.118552881176583, 4673325.041400077752769 ], [ 367500.445663816295564, 4673325.129347280599177 ], [ 367493.394109085318632, 4673325.650836070068181 ], [ 367485.665668472531252, 4673326.62937877420336 ], [ 367477.487748899962753, 4673327.860759327188134 ], [ 367471.061040324508213, 4673328.670414737425745 ], [ 367463.623861660598777, 4673328.888178999535739 ], [ 367456.484837685246021, 4673328.71157010179013 ], [ 367447.588751684583258, 4673328.645804721862078 ], [ 367439.066795198246837, 4673328.273099332116544 ], [ 367430.471997162385378, 4673327.979529418051243 ], [ 367423.491297515924089, 4673327.877725987695158 ], [ 367414.071743826032616, 4673328.521642619743943 ], [ 367405.335765068593901, 4673329.063835840672255 ], [ 367399.134374691639096, 4673329.558299300260842 ], [ 367393.461257870309055, 4673329.598511568270624 ], [ 367387.700979510089383, 4673329.396001992747188 ], [ 367381.181149892974645, 4673329.207805518060923 ], [ 367375.12000093125971, 4673329.255342313088477 ], [ 367368.459205210907385, 4673329.913994671776891 ], [ 367362.571865529345814, 4673330.857987474650145 ], [ 367356.385122952691745, 4673332.129748363979161 ], [ 367349.969934775843285, 4673333.550218729302287 ], [ 367343.798679522122256, 4673335.643665310926735 ], [ 367335.854808082571253, 4673338.337011615745723 ], [ 367330.818605067965109, 4673340.620125903747976 ], [ 367324.783243126643356, 4673343.788471112027764 ], [ 367317.250668038846925, 4673348.584542068652809 ], [ 367310.369486746145412, 4673353.323913277126849 ], [ 367300.977085020334926, 4673359.787882625125349 ], [ 367295.831325262901373, 4673363.705913624726236 ], [ 367292.843488278100267, 4673366.872379752807319 ], [ 367289.010758840537164, 4673371.221078525297344 ], [ 367286.252444574842229, 4673375.171864558942616 ], [ 367284.249283186451066, 4673378.875154783017933 ], [ 367280.558157385908999, 4673386.353548564948142 ], [ 367277.012924833223224, 4673393.684794596396387 ], [ 367273.479004763590638, 4673401.615643059834838 ], [ 367270.387534799578134, 4673408.482924109324813 ], [ 367267.759657091635745, 4673415.408111915923655 ], [ 367265.281856290413998, 4673422.40822490490973 ], [ 367263.403152216342278, 4673428.330707563087344 ], [ 367260.798648694937583, 4673436.932714655064046 ], [ 367258.35508172592381, 4673445.309535256586969 ], [ 367255.183000884368084, 4673456.22153324726969 ], [ 367252.87779377179686, 4673464.051472194492817 ], [ 367250.869682232150808, 4673471.431503326632082 ], [ 367249.827565161976963, 4673477.482614919543266 ], [ 367248.748299695784226, 4673485.067284588702023 ], [ 367247.533953816338908, 4673493.809698755852878 ], [ 367246.186379853344988, 4673499.866571692749858 ], [ 367244.446269158273935, 4673505.253280308097601 ], [ 367242.551694095833227, 4673510.331887980923057 ], [ 367239.742527103982866, 4673515.960912548005581 ], [ 367238.115937608643435, 4673519.046196157112718 ], [ 367235.125416950671934, 4673523.379046625457704 ], [ 367231.58888465113705, 4673528.099857099354267 ], [ 367225.647906278027222, 4673534.509954437613487 ], [ 367219.572543134447187, 4673540.800407793372869 ], [ 367214.764646896219347, 4673545.545208564959466 ], [ 367210.306691135279834, 4673549.139322281815112 ], [ 367204.556064834643621, 4673553.379853677935898 ], [ 367198.798113799479324, 4673557.231759963557124 ], [ 367188.878772980067879, 4673563.76137575879693 ], [ 367178.724224915727973, 4673570.517597641795874 ], [ 367171.604989140469115, 4673575.317149048671126 ], [ 367161.17799410270527, 4673583.389243543148041 ], [ 367152.630425497016404, 4673589.95967332366854 ], [ 367146.216229858633596, 4673595.356868424452841 ], [ 367139.649377661524341, 4673600.979104464873672 ], [ 367134.976473808870651, 4673605.432616822421551 ], [ 367132.279440308804624, 4673608.682532166130841 ], [ 367129.520392319886014, 4673613.022171017713845 ], [ 367126.037668075296097, 4673619.274883065372705 ], [ 367122.66562725964468, 4673625.70323059335351 ], [ 367118.896869618212804, 4673633.427558923140168 ], [ 367114.875550021999516, 4673641.33438026625663 ], [ 367108.638027686392888, 4673652.148822702467442 ], [ 367103.22687427571509, 4673662.114594626240432 ], [ 367100.11095961893443, 4673667.671720993705094 ], [ 367096.980794366681948, 4673672.473796172067523 ], [ 367093.987493780092336, 4673676.651259026490152 ], [ 367089.658913329127245, 4673683.153224125504494 ], [ 367085.712482445407659, 4673689.336961557157338 ], [ 367082.381373524549417, 4673695.742343822494149 ], [ 367080.476908832672052, 4673700.288021987304091 ], [ 367078.892369725741446, 4673705.594089264050126 ], [ 367077.520458863582462, 4673710.351865731179714 ], [ 367076.553963777783792, 4673716.023924049921334 ], [ 367075.679173753946088, 4673722.616188083775342 ], [ 367075.151225329726003, 4673730.956915655173361 ], [ 367074.974096259276848, 4673737.758159086108208 ], [ 367074.913204021286219, 4673746.778743112459779 ], [ 367075.156298145069741, 4673755.715833047404885 ], [ 367075.304753721808083, 4673763.577265502884984 ], [ 367075.108965380350128, 4673769.39027835149318 ], [ 367074.363571524503641, 4673774.524994098581374 ], [ 367073.222833009902388, 4673779.27840712480247 ], [ 367071.47853127529379, 4673784.431987279094756 ], [ 367069.263991000247188, 4673791.360569412820041 ], [ 367067.172106156125665, 4673797.78699054941535 ], [ 367065.64300761220511, 4673803.403031011112034 ], [ 367064.555909113027155, 4673810.12149234674871 ], [ 367063.469267346081324, 4673819.050373642705381 ], [ 367062.610236221691594, 4673826.475419857539237 ], [ 367062.485825984855182, 4673832.131578599102795 ], [ 367062.774646918347571, 4673835.180735858157277 ], [ 367063.448745185509324, 4673838.078216867521405 ], [ 367064.257103208510671, 4673840.651039569638669 ], [ 367065.920379521441646, 4673843.452085395343602 ], [ 367067.731699514493812, 4673845.783813116140664 ], [ 367069.91563638264779, 4673847.730843150988221 ], [ 367072.943089068110567, 4673849.739697813987732 ], [ 367077.206253374111839, 4673852.025125394575298 ], [ 367081.690500848926604, 4673853.773211980238557 ], [ 367087.328114149451721, 4673855.810537365265191 ], [ 367096.119957956019789, 4673858.699138958007097 ], [ 367103.524002336314879, 4673860.69201635196805 ], [ 367112.225812021701131, 4673862.749261633493006 ], [ 367119.540166216553189, 4673864.366187790408731 ], [ 367124.862249216996133, 4673865.876330664381385 ], [ 367129.343540522968397, 4673867.468995094299316 ], [ 367134.211912153521553, 4673869.443124292418361 ], [ 367138.851855631568469, 4673871.565968262962997 ], [ 367144.275472353445366, 4673874.518206707201898 ], [ 367151.423285799333826, 4673879.126273198984563 ], [ 367157.052690850570798, 4673882.918820298276842 ], [ 367162.058957880595699, 4673886.512085972353816 ], [ 367167.293815051496495, 4673891.278454582206905 ], [ 367171.5047520713415, 4673895.175535403192043 ], [ 367173.335634638671763, 4673896.796028159558773 ], [ 367175.730435329722241, 4673899.416678189300001 ], [ 367178.267041410261299, 4673902.112406781874597 ], [ 367179.305410142755136, 4673903.747855955734849 ], [ 367181.213687524897978, 4673906.84421075321734 ], [ 367183.101094377983827, 4673910.585204900242388 ], [ 367185.101097769802436, 4673915.479272910393775 ], [ 367186.3605105287279, 4673920.0763008762151 ], [ 367187.573993091122247, 4673925.740532352589071 ], [ 367188.445445515913889, 4673931.222387308254838 ], [ 367188.7817703288747, 4673936.792093369178474 ], [ 367188.722973537864164, 4673941.991594104096293 ], [ 367188.467264973034617, 4673948.572161993943155 ], [ 367188.305968275293708, 4673956.217285222373903 ], [ 367187.446831777109765, 4673963.642315135337412 ], [ 367186.247430026298389, 4673977.105233225040138 ], [ 367185.069656844658311, 4673988.212916813790798 ], [ 367184.251890146872029, 4673997.392179843038321 ], [ 367183.925162948668003, 4674004.585011029615998 ], [ 367184.147805480461102, 4674012.445043881423771 ], [ 367184.798375679296441, 4674018.475343025289476 ], [ 367186.396363038336858, 4674025.698501214385033 ], [ 367187.778623299323954, 4674029.80447359662503 ], [ 367190.639561952324584, 4674035.248788532800972 ], [ 367193.640164148528129, 4674039.779639827087522 ], [ 367197.645208479370922, 4674045.02464659884572 ], [ 367202.380386228265706, 4674050.889016930945218 ], [ 367209.12192825024249, 4674058.048457192257047 ], [ 367215.759577138232999, 4674064.954386946745217 ], [ 367221.752104611950926, 4674070.495141154155135 ], [ 367228.217763848952018, 4674075.72706766333431 ], [ 367234.212330353271682, 4674080.501363849267364 ], [ 367239.342161336098798, 4674084.5255465535447 ], [ 367243.01016998977866, 4674087.666476576589048 ], [ 367247.226816629292443, 4674091.874504441395402 ], [ 367250.919111646420788, 4674096.303470251150429 ], [ 367253.599761988734826, 4674100.073950100690126 ], [ 367255.581328366766684, 4674103.557708736509085 ], [ 367257.258711526694242, 4674107.113850867375731 ], [ 367258.877713100519031, 4674111.515277524478734 ], [ 367260.030031352478545, 4674115.692244972102344 ], [ 367260.406041607144289, 4674119.428439046256244 ], [ 367260.595305914874189, 4674125.522981709800661 ], [ 367260.233387052023318, 4674129.539677258580923 ], [ 367259.180821163230576, 4674132.40309289470315 ], [ 367257.705364168505184, 4674135.174515545368195 ], [ 367255.604166283970699, 4674137.169095645658672 ], [ 367253.738892892608419, 4674138.537196966819465 ], [ 367250.663271000201348, 4674140.094742660410702 ], [ 367247.792437888565473, 4674141.126366406679153 ], [ 367243.470604179427028, 4674142.285329654812813 ], [ 367239.602466330397874, 4674142.980322907678783 ], [ 367233.55718071461888, 4674143.394264769740403 ], [ 367226.655971325933933, 4674143.5244514150545 ], [ 367219.059538868488744, 4674143.134592372924089 ], [ 367211.822725582227577, 4674141.671619676053524 ], [ 367206.329567340086214, 4674139.398218006826937 ], [ 367200.144322953186929, 4674136.771325771696866 ], [ 367194.822124309604988, 4674134.805721974931657 ], [ 367189.113737577223219, 4674133.380577987059951 ], [ 367184.195990564650856, 4674132.718055935576558 ], [ 367178.818683769321069, 4674132.208609676919878 ], [ 367171.693445674725808, 4674132.72073857858777 ], [ 367164.188476065755822, 4674133.240041630342603 ], [ 367157.455627884250134, 4674133.978040475398302 ], [ 367149.804084051167592, 4674135.044401795603335 ], [ 367142.086840487085283, 4674136.567426622845232 ], [ 367136.97819383861497, 4674138.041215724311769 ], [ 367131.585703421267681, 4674140.664458270184696 ], [ 367127.490515653218608, 4674143.329859449528158 ], [ 367124.097768050385639, 4674146.459631787613034 ], [ 367119.671570325910579, 4674151.275069743394852 ], [ 367115.244461331982166, 4674156.479296869598329 ], [ 367110.867124695447274, 4674160.382988416589797 ], [ 367106.856183612486348, 4674163.135673254728317 ], [ 367102.37122358486522, 4674165.275280931964517 ], [ 367097.648206637764815, 4674167.052833305671811 ], [ 367093.135993078292813, 4674167.748962772078812 ], [ 367089.374092102807481, 4674167.508988060057163 ], [ 367085.753308989165816, 4674166.433273983187973 ], [ 367082.336537181050517, 4674164.354017229750752 ], [ 367079.455996630596928, 4674161.809219775721431 ], [ 367075.852177262539044, 4674158.133991882205009 ], [ 367072.765275147510692, 4674154.282387520186603 ], [ 367065.308918514871038, 4674146.881099061109126 ], [ 367059.454352390137501, 4674141.215684336610138 ], [ 367049.746586427791044, 4674133.101614785380661 ], [ 367045.072320682113059, 4674128.280315113253891 ], [ 367041.994977146445308, 4674124.061988945119083 ], [ 367035.850570489128586, 4674114.858715645968914 ], [ 367027.168859738856554, 4674102.048954650759697 ], [ 367021.395528819528408, 4674095.004681109450758 ], [ 367016.708695141016506, 4674090.394682221114635 ], [ 367014.109541110636201, 4674088.32222353387624 ], [ 367010.697116163151804, 4674086.476178650744259 ], [ 367003.511409200611524, 4674083.790604411624372 ], [ 366996.335210602614097, 4674081.17150373570621 ], [ 366990.074413728318177, 4674078.923879937268794 ], [ 366982.73128462623572, 4674075.774778269231319 ], [ 366974.009542828134727, 4674072.651740023866296 ], [ 366967.211797571275383, 4674069.958869125694036 ], [ 366961.1993346879608, 4674068.617407084442675 ], [ 366956.825234531366732, 4674068.322426497936249 ], [ 366948.312725458759815, 4674068.405587148852646 ], [ 366940.038496992434375, 4674068.861914919689298 ], [ 366933.46154116402613, 4674069.985948238521814 ], [ 366927.049832121585496, 4674071.551171211525798 ], [ 366922.947394242277369, 4674073.394860257394612 ], [ 366919.381684341700748, 4674075.672711049206555 ], [ 366915.992836625664495, 4674078.569250418804586 ], [ 366913.204935521702282, 4674081.365566686727107 ], [ 366910.728354839724489, 4674084.467012749053538 ], [ 366907.892054712865502, 4674088.197292905300856 ], [ 366905.024549307243433, 4674091.15062578395009 ], [ 366902.08113653602777, 4674093.583333710208535 ], [ 366899.361309211468324, 4674095.611937684938312 ], [ 366895.721532228286378, 4674097.90230970364064 ], [ 366890.783122469321825, 4674100.517151478677988 ], [ 366886.385142268496566, 4674102.888514133170247 ], [ 366883.886950341053307, 4674104.846286503598094 ], [ 366881.933595577604137, 4674106.793754991143942 ], [ 366879.318527046241798, 4674110.43100194633007 ], [ 366874.840724427020177, 4674117.313607283867896 ], [ 366872.311364802182652, 4674121.11585153453052 ], [ 366867.138133312342688, 4674128.778047760017216 ], [ 366863.288286041992251, 4674134.804598255082965 ], [ 366860.846047620638274, 4674139.282768880948424 ], [ 366858.929194616503082, 4674143.59549396764487 ], [ 366857.244955587550066, 4674147.981573167257011 ], [ 366855.204093387816101, 4674153.596246307715774 ], [ 366852.850656645488925, 4674158.839171711355448 ], [ 366850.929045577009674, 4674162.463312148116529 ], [ 366849.067447211011313, 4674165.330994236283004 ], [ 366846.28401949245017, 4674168.360517020337284 ], [ 366843.198099795263261, 4674171.551271805539727 ], [ 366839.664039731142111, 4674175.061522494070232 ], [ 366836.659564038971439, 4674178.628401355817914 ], [ 366833.737851541896816, 4674182.204823397099972 ], [ 366831.358389422646724, 4674186.070894690230489 ], [ 366828.84315628092736, 4674190.617105751298368 ], [ 366826.3654469527537, 4674196.273378095589578 ], [ 366824.096156624029391, 4674202.469985182397068 ], [ 366822.114804567419924, 4674208.172405739314854 ], [ 366821.038172100030351, 4674211.936074484139681 ], [ 366820.35135466553038, 4674216.225536754354835 ], [ 366820.183880851604044, 4674219.594339926727116 ], [ 366820.258892243728042, 4674223.558370552957058 ], [ 366820.725397750094999, 4674228.137024347670376 ], [ 366821.562445575604215, 4674231.786727061495185 ], [ 366822.818300799408462, 4674237.494537700898945 ], [ 366824.325103307841346, 4674243.808523652143776 ], [ 366825.873360078141559, 4674248.822124166414142 ], [ 366827.485464528086595, 4674252.845931233838201 ], [ 366829.094415697269142, 4674256.703182735480368 ], [ 366830.381274592655245, 4674260.122220981866121 ], [ 366831.440837772446685, 4674263.312298469245434 ], [ 366831.960890067392029, 4674266.357076643966138 ], [ 366832.218255952117033, 4674269.484579214826226 ], [ 366831.972791615989991, 4674273.532427845522761 ], [ 366831.464492794242688, 4674277.218695587478578 ], [ 366830.267976082162932, 4674281.628878830932081 ], [ 366828.448231696267612, 4674286.706209735944867 ], [ 366826.163275744765997, 4674291.63683639280498 ], [ 366823.033385155256838, 4674296.427944799885154 ], [ 366819.894883972592652, 4674300.763801863417029 ], [ 366817.274251219816506, 4674304.101274644955993 ], [ 366813.363853214308619, 4674308.229588233865798 ], [ 366809.071155743324198, 4674312.665047327056527 ], [ 366802.375379130884539, 4674319.278669439256191 ], [ 366798.691720587201416, 4674323.169438853859901 ], [ 366794.792903276917059, 4674327.908468477427959 ], [ 366791.196577476977836, 4674332.486267110332847 ], [ 366787.538993939291686, 4674337.753905187360942 ], [ 366782.30619763978757, 4674344.873026777990162 ], [ 366778.638538429979235, 4674349.607690854929388 ], [ 366775.114693320007063, 4674353.650956710800529 ], [ 366771.71904911310412, 4674356.614349815063179 ], [ 366768.088069388410076, 4674359.3600456956774 ], [ 366763.850442213122733, 4674362.339382705278695 ], [ 366758.619875526987016, 4674365.648537185974419 ], [ 366749.977176390122622, 4674371.92141230404377 ], [ 366736.915118770557456, 4674382.476696379482746 ], [ 366727.081611, 4674390.838185038417578 ], [ 366714.836525774968322, 4674402.233336020261049 ], [ 366704.508734118076973, 4674411.526160327717662 ], [ 366695.613399698515423, 4674419.714419078081846 ], [ 366687.47273364989087, 4674427.199715856462717 ], [ 366680.751678362954408, 4674432.903110276907682 ], [ 366673.418523707659915, 4674438.551461610011756 ], [ 366666.080381911131553, 4674443.500129403546453 ], [ 366659.55430469289422, 4674447.289323958568275 ], [ 366654.008326831972227, 4674450.071366949006915 ], [ 366648.840013886336237, 4674452.301979989744723 ], [ 366642.594969276105985, 4674454.797370381653309 ], [ 366629.577645416371524, 4674459.853698835708201 ], [ 366616.79441668628715, 4674465.061123373918235 ], [ 366604.69066086015664, 4674469.955783927813172 ], [ 366591.687913978123106, 4674475.778341419063509 ], [ 366579.449923708918504, 4674481.43091684859246 ], [ 366566.849712831841316, 4674488.012323494069278 ], [ 366555.609688944765367, 4674494.034790582023561 ], [ 366545.214647072716616, 4674499.763559236191213 ], [ 366532.925395981525071, 4674506.627933423966169 ], [ 366525.288821158697829, 4674511.0714599955827 ], [ 366518.929826079693157, 4674515.39079303201288 ], [ 366511.4510390930227, 4674521.18648555316031 ], [ 366505.022193326090928, 4674525.7404192565009 ], [ 366498.050026642158628, 4674530.382420433685184 ], [ 366492.907939722295851, 4674533.990013793110847 ], [ 366490.114703039289452, 4674536.486706688068807 ], [ 366488.096518465841655, 4674539.357466977089643 ], [ 366486.096491398988292, 4674542.749946808442473 ], [ 366483.572098721400835, 4674547.229825920425355 ], [ 366479.205120210070163, 4674555.565725840628147 ], [ 366474.176199163892306, 4674565.13603940512985 ], [ 366468.932561643538065, 4674576.010036306455731 ], [ 366464.063840825809166, 4674586.188244151882827 ], [ 366460.081924705067649, 4674594.361343310214579 ], [ 366455.729545443318784, 4674603.463417472317815 ], [ 366451.907820677268319, 4674612.244407755322754 ], [ 366447.291140430199448, 4674623.517512551508844 ], [ 366442.663096030359156, 4674634.191019149497151 ], [ 366439.321114812744781, 4674641.707738780416548 ], [ 366434.747786047460977, 4674651.347193904221058 ], [ 366432.010714449512307, 4674656.364303421229124 ], [ 366429.407684452482499, 4674660.612436065450311 ], [ 366426.500718604540452, 4674664.944093178026378 ], [ 366424.198894210858271, 4674668.964355962350965 ], [ 366422.3534192974912, 4674672.664940427988768 ], [ 366421.264614073501434, 4674676.206761437468231 ], [ 366420.261094432324171, 4674679.891364340670407 ], [ 366420.186286937387194, 4674683.780492789112031 ], [ 366420.195220365421847, 4674688.601081672124565 ], [ 366420.263301715429407, 4674692.187588835135102 ], [ 366419.582094887911808, 4674696.321490987204015 ], [ 366418.427647834585514, 4674700.319976141676307 ], [ 366417.107127966999542, 4674703.399671822786331 ], [ 366415.089024256914854, 4674706.270455553196371 ], [ 366412.752229829551652, 4674708.447502324357629 ], [ 366410.404053925478365, 4674710.024948074482381 ], [ 366407.434724947903305, 4674711.069907710887492 ], [ 366404.523875994549599, 4674711.280677900649607 ], [ 366401.220254978630692, 4674710.810226360335946 ], [ 366397.818067605257966, 4674709.49745946098119 ], [ 366393.332298783469014, 4674707.216678645461798 ], [ 366389.051232431433164, 4674704.409950037486851 ], [ 366383.350743141374551, 4674699.908475802280009 ], [ 366377.706825218047015, 4674694.472881416790187 ], [ 366371.538473422056995, 4674688.380785478278995 ], [ 366364.78636629099492, 4674682.421965474262834 ], [ 366357.16256194881862, 4674674.91351464483887 ], [ 366352.442649832810275, 4674669.871377349831164 ], [ 366350.361001548939385, 4674667.625235134735703 ] ] ] } },
{ "type": "Feature", "properties": { "highway": "path", "surface": "", "access": "", "bicycle": "", "foot": "", "length_km": 0.14420507820583212 }, "geometry": { "type": "MultiLineString", "coordinates": [ [ [ 367371.708195178362075, 4674243.491047565825284 ], [ 367374.012534300447442, 4674255.343934862874448 ], [ 367376.340294802444987, 4674263.619712532497942 ], [ 367380.10473854537122, 4674268.380610623396933 ], [ 367385.974304014001973, 4674269.60292842425406 ], [ 367397.307917895435821, 4674268.056459084153175 ], [ 367406.278320885729045, 4674265.554840857163072 ], [ 367414.560308360436466, 4674261.577776136808097 ], [ 367421.819310724211391, 4674256.77580976113677 ], [ 367427.921813673921861, 4674252.828710839152336 ], [ 367433.544924443820491, 4674249.734829776920378 ], [ 367442.018086833646521, 4674247.575854584574699 ], [ 367447.392362173181027, 4674248.807552517391741 ], [ 367445.011278229299933, 4674255.67250338755548 ], [ 367439.450910252344329, 4674262.097492519766092 ], [ 367432.549176398024429, 4674267.892400622367859 ], [ 367426.910603006428573, 4674270.164607310667634 ], [ 367414.506972767703701, 4674276.718528407625854 ] ] ] } },
{ "type": "Feature", "properties": { "highway": "track", "surface": "", "access": "", "bicycle": "", "foot": "", "length_km": 0.0023771544896536005 }, "geometry": { "type": "MultiLineString", "coordinates": [ [ [ 368268.254910426971037, 4674429.000270338729024 ], [ 368266.831530639959965, 4674430.904175128787756 ] ] ] } },
{ "type": "Feature", "properties": { "highway": "track", "surface": "", "access": "", "bicycle": "", "foot": "", "length_km": 0.11347517231547657 }, "geometry": { "type": "MultiLineString", "coordinates": [ [ [ 367026.792870234465227, 4673915.16924677696079 ], [ 367032.811455843329895, 4673917.265976205468178 ], [ 367038.268542302190326, 4673918.929010134190321 ], [ 367042.369465304596815, 4673919.18477442022413 ], [ 367046.125494028732646, 4673918.669518031179905 ], [ 367050.085750185884535, 4673917.161822370253503 ], [ 367053.979831739212386, 4673915.211071626283228 ], [ 367057.779179610486608, 4673913.928573316894472 ], [ 367061.418589033535682, 4673913.359989481978118 ], [ 367065.741358667146415, 4673913.55603906698525 ], [ 367070.852499300031923, 4673914.392555587925017 ], [ 367075.79664519673679, 4673915.13226031512022 ], [ 367081.060308268119115, 4673915.299442958086729 ], [ 367085.162279165466316, 4673915.61075078137219 ], [ 367087.611223337589763, 4673916.286505633033812 ], [ 367090.694961832137778, 4673918.216550101526082 ], [ 367094.533181537291966, 4673922.053978078067303 ], [ 367097.354056532960385, 4673924.93314151186496 ], [ 367100.288197129091714, 4673927.687982897274196 ], [ 367103.201580075896345, 4673929.343557113781571 ], [ 367106.821641208953224, 4673930.374867616221309 ], [ 367112.308523769897874, 4673930.993273413740098 ], [ 367117.195704058860429, 4673931.778512754477561 ], [ 367121.99338217836339, 4673933.509597729891539 ], [ 367127.299999579379801, 4673935.953077312558889 ], [ 367131.613803078536876, 4673938.737424766644835 ] ] ] } },
{ "type": "Feature", "properties": { "highway": "track", "surface": "", "access": "", "bicycle": "", "foot": "", "length_km": 0.94137376552303631 }, "geometry": { "type": "MultiLineString", "coordinates": [ [ [ 367260.233387052023318, 4674129.539677258580923 ], [ 367263.337240759981796, 4674125.537915700115263 ], [ 367265.02696994098369, 4674121.429532779380679 ], [ 367266.832062724744901, 4674117.307867066003382 ], [ 367268.19566041737562, 4674112.983482192270458 ], [ 367268.991632823483087, 4674108.336572126485407 ], [ 367269.909250158816576, 4674104.009490670636296 ], [ 367270.032375146402046, 4674099.153116317465901 ], [ 367270.069003284676, 4674094.964833477512002 ], [ 367269.416028984531295, 4674089.678788328543305 ], [ 367267.972416185657494, 4674083.630116546526551 ], [ 367267.117491945973597, 4674079.458647208288312 ], [ 367267.273790317471139, 4674075.923460204154253 ], [ 367268.109344320837408, 4674073.375153842382133 ], [ 367269.739516523317434, 4674071.800445159897208 ], [ 367271.988734676153399, 4674070.647262091748416 ], [ 367274.532237954728771, 4674070.210528844967484 ], [ 367277.528966732556, 4674070.598325251601636 ], [ 367282.097338945488445, 4674072.000608026050031 ], [ 367286.286093629256357, 4674073.854358511045575 ], [ 367289.914545177132823, 4674075.77421448007226 ], [ 367293.454192012664862, 4674078.240022449754179 ], [ 367297.450198867940344, 4674081.696917935274541 ], [ 367301.006706778716762, 4674085.495331873185933 ], [ 367304.637416058569215, 4674089.725547608919442 ], [ 367307.979402203811333, 4674093.972316016443074 ], [ 367311.227465623116586, 4674098.93174734339118 ], [ 367314.206246937275864, 4674104.062871589325368 ], [ 367317.768256600131281, 4674110.782506359741092 ], [ 367322.083615619805641, 4674119.354029494337738 ], [ 367325.99151126970537, 4674126.900222737342119 ], [ 367329.936370839714073, 4674133.779261033050716 ], [ 367333.460887005436234, 4674138.511337015777826 ], [ 367337.715097584063187, 4674143.840582254342735 ], [ 367341.845243468414992, 4674148.283554865978658 ], [ 367346.307794117252342, 4674153.275647952221334 ], [ 367348.463678976404481, 4674155.93417757563293 ], [ 367349.951952476578299, 4674158.660828839056194 ], [ 367351.568351459689438, 4674162.051525607705116 ], [ 367353.32324548996985, 4674167.094654897227883 ], [ 367354.580744623090141, 4674172.036082182079554 ], [ 367355.587707129539922, 4674178.581735523417592 ], [ 367356.291557918302715, 4674186.132791696116328 ], [ 367356.760920164873824, 4674193.51054460927844 ], [ 367356.823882978642359, 4674199.918482118286192 ], [ 367356.916771421616431, 4674207.914252174086869 ], [ 367356.71757565200096, 4674214.871406389400363 ], [ 367356.159931580536067, 4674220.335781153291464 ], [ 367355.201029205112718, 4674225.541134532541037 ], [ 367354.07796021073591, 4674230.360813842155039 ], [ 367353.434701996156946, 4674234.349482790566981 ], [ 367353.266858638264239, 4674237.273963001556695 ], [ 367353.80170700349845, 4674239.363231870345771 ], [ 367355.387952616554685, 4674241.154993182979524 ], [ 367357.528323091450147, 4674242.9918496562168 ], [ 367361.14934513985645, 4674244.523110060952604 ], [ 367364.2592609700514, 4674244.786622678861022 ], [ 367368.126839197298978, 4674244.502690180204809 ], [ 367371.708195178362075, 4674243.491047565825284 ], [ 367374.656927160045598, 4674241.336130809038877 ], [ 367379.183357108035125, 4674237.4520124765113 ], [ 367384.989781074633356, 4674231.377783491276205 ], [ 367391.725029637338594, 4674224.197507690638304 ], [ 367398.827258164819796, 4674216.332757209427655 ], [ 367405.661482321913354, 4674208.706324746832252 ], [ 367411.996030938345939, 4674200.856051967479289 ], [ 367416.532503826078027, 4674194.872422224842012 ], [ 367418.785522511810996, 4674190.85343640204519 ], [ 367420.853894340747502, 4674186.238115907646716 ], [ 367423.133649714058265, 4674181.007892848923802 ], [ 367425.080169415101409, 4674175.184134026989341 ], [ 367426.266102351655718, 4674170.629868627525866 ], [ 367426.742427084129304, 4674166.544384200125933 ], [ 367427.072267143172212, 4674163.450241048820317 ], [ 367428.003566422092263, 4674159.844923843629658 ], [ 367430.164629265433177, 4674154.450324666686356 ], [ 367432.790179161122069, 4674149.602360528893769 ], [ 367435.84070093522314, 4674144.079933476634324 ], [ 367439.508374318946153, 4674138.879114024341106 ], [ 367443.418806456611492, 4674134.728952399455011 ], [ 367449.023289514007047, 4674129.325046021491289 ], [ 367456.371569814509712, 4674122.677570091560483 ], [ 367463.220378486905247, 4674115.817354852333665 ], [ 367468.761879388825037, 4674110.136960160918534 ], [ 367471.957189013424795, 4674106.600095439702272 ], [ 367473.947368809022009, 4674103.53023047093302 ], [ 367475.438064170535654, 4674100.247617878951132 ], [ 367476.09186151647009, 4674096.814148803241551 ], [ 367476.185352458269335, 4674092.569263191893697 ], [ 367475.683000263175927, 4674086.502833275124431 ], [ 367474.478950444725342, 4674078.694605921395123 ], [ 367472.224408255715389, 4674070.795082355849445 ], [ 367469.688033810583875, 4674062.40102166030556 ], [ 367468.158182108076289, 4674057.464705686084926 ], [ 367465.914918051450513, 4674050.164784990251064 ], [ 367464.855829089006875, 4674046.985722607001662 ], [ 367464.762707287038211, 4674045.110281994566321 ], [ 367465.349752085399814, 4674043.832954769022763 ], [ 367467.10181827674387, 4674042.58922837022692 ], [ 367471.358338016318157, 4674042.342464274726808 ], [ 367475.620084703841712, 4674042.373295766301453 ], [ 367479.900330507545732, 4674042.948056698776782 ], [ 367483.358513065846637, 4674044.160326518118382 ], [ 367486.489522382151335, 4674045.978571207262576 ], [ 367491.037496316886973, 4674049.369642779231071 ], [ 367495.36038036562968, 4674052.209571901708841 ], [ 367500.443672008463182, 4674054.646420588716865 ], [ 367505.795407842320856, 4674056.867173986509442 ], [ 367511.82197040936444, 4674058.96415192913264 ], [ 367516.716321897692978, 4674060.138295914046466 ], [ 367520.100819140556268, 4674060.507788451388478 ], [ 367524.0861633848981, 4674060.332805997692049 ], [ 367526.720384113723412, 4674059.450150963850319 ], [ 367528.953134974639397, 4674057.419857168570161 ], [ 367530.458495464059524, 4674054.914517667144537 ], [ 367531.707531268359162, 4674050.636778282001615 ], [ 367532.761581731378101, 4674044.77431458607316 ], [ 367533.807275108527392, 4674038.467702344991267 ], [ 367535.163324309047312, 4674031.100022391416132 ], [ 367535.594269602675922, 4674027.670754862949252 ], [ 367535.471074369852431, 4674024.196378172375262 ], [ 367534.364263623487204, 4674018.041353878565133 ], [ 367532.027429244713858, 4674011.909479490481317 ], [ 367528.473839410522487, 4674005.189585476182401 ], [ 367525.986312482506037, 4673999.826977067627013 ], [ 367522.303553946956526, 4673992.387519513256848 ], [ 367520.322721107979305, 4673987.181990709155798 ], [ 367517.714902825769968, 4673974.990442499518394 ], [ 367515.913272297126241, 4673967.460042285732925 ], [ 367513.040545912459493, 4673959.183375631459057 ], [ 367510.014203801634721, 4673951.520522459410131 ], [ 367508.036487277538981, 4673946.481552744284272 ], [ 367505.464071118505672, 4673939.243355181999505 ], [ 367503.923981410684064, 4673933.76295012421906 ], [ 367502.691108564904425, 4673927.054920377209783 ], [ 367502.036211602739058, 4673921.657821449451149 ], [ 367501.678291362361051, 4673914.489015395753086 ], [ 367501.776608303654939, 4673907.867003667168319 ], [ 367501.633429618086666, 4673900.260956939309835 ], [ 367501.382722916547209, 4673892.645826787687838 ], [ 367501.466515229898505, 4673885.6908591510728 ], [ 367501.467965563409962, 4673879.62605378869921 ], [ 367500.897601834498346, 4673873.016629843041301 ], [ 367499.749255328380968, 4673865.09627553448081 ], [ 367499.618408585432917, 4673858.145348585210741 ], [ 367500.019978951313533, 4673850.084741827100515 ], [ 367499.779722965904512, 4673843.024798074737191 ], [ 367498.548925727489404, 4673836.427806697785854 ], [ 367495.968105412670411, 4673828.745464012026787 ], [ 367492.964481119008269, 4673822.292923108674586 ], [ 367488.402666078589391, 4673815.103289200924337 ], [ 367483.39693064999301, 4673808.021984201855958 ], [ 367476.568603929830715, 4673798.44245192501694 ], [ 367471.193115330243018, 4673789.268769943155348 ], [ 367464.060947160120122, 4673775.396307794377208 ], [ 367459.575033890432678, 4673766.53911357652396 ], [ 367455.770348877762444, 4673758.33555349893868 ], [ 367452.5146996252588, 4673750.343809694983065 ], [ 367449.776717429049313, 4673740.020819674246013 ], [ 367447.391848189290613, 4673731.346221354790032 ] ] ] } },
{ "type": "Feature", "properties": { "highway": "path", "surface": "", "access": "", "bicycle": "", "foot": "", "length_km": 0.076575258341253991 }, "geometry": { "type": "MultiLineString", "coordinates": [ [ [ 366499.419498713279609, 4674327.961536620743573 ], [ 366526.295214814541396, 4674341.648435181006789 ], [ 366532.522549651446752, 4674345.617976181209087 ], [ 366537.426578387210611, 4674351.656438680365682 ], [ 366537.575030823238194, 4674359.484569163061678 ], [ 366538.402314033242874, 4674366.966594680212438 ], [ 366541.608700682700146, 4674374.059164328500628 ], [ 366546.357714347832371, 4674380.633742581121624 ] ] ] } },
{ "type": "Feature", "properties": { "highway": "path", "surface": "", "access": "", "bicycle": "", "foot": "", "length_km": 0.077742647526226949 }, "geometry": { "type": "MultiLineString", "coordinates": [ [ [ 366592.634296276140958, 4674307.023004055023193 ], [ 366586.223436564090662, 4674311.232171352021396 ], [ 366580.853612072416581, 4674316.776751199737191 ], [ 366576.535228666849434, 4674323.334420083090663 ], [ 366572.914846115745604, 4674330.556429758667946 ], [ 366569.632708671852015, 4674337.760921074077487 ], [ 366566.6974911543075, 4674344.969944481737912 ], [ 366564.098998766043223, 4674352.516924479044974 ], [ 366561.502240668633021, 4674359.719533468596637 ], [ 366553.336351441103034, 4674372.403880466707051 ] ] ] } },
{ "type": "Feature", "properties": { "highway": "track", "surface": "", "access": "", "bicycle": "", "foot": "", "length_km": 0.19135246062297973 }, "geometry": { "type": "MultiLineString", "coordinates": [ [ [ 366490.114703039289452, 4674536.486706688068807 ], [ 366487.291099432157353, 4674533.030233019031584 ], [ 366485.23112982645398, 4674529.781426970846951 ], [ 366483.417915325378999, 4674526.916710446588695 ], [ 366481.821675085346214, 4674523.736861231736839 ], [ 366480.530471234233119, 4674520.095807876437902 ], [ 366479.500196648063138, 4674514.539274284616113 ], [ 366477.789000188931823, 4674509.217814803123474 ], [ 366477.029037855798379, 4674505.72219080477953 ], [ 366476.742327841813676, 4674502.361988126300275 ], [ 366476.976751533919014, 4674498.614234895445406 ], [ 366478.213282265583985, 4674491.104163107462227 ], [ 366479.484576827264391, 4674485.426207735203207 ], [ 366481.193486579344608, 4674478.440345504321158 ], [ 366483.121944367594551, 4674470.839393397793174 ], [ 366484.575116260792129, 4674466.913010159507394 ], [ 366487.308974864776246, 4674461.285063145682216 ], [ 366492.301410011365078, 4674453.703740199096501 ], [ 366496.9884323576116, 4674446.128215092234313 ], [ 366502.245280449511483, 4674435.94267588108778 ], [ 366505.651249219081365, 4674429.613308731466532 ], [ 366509.378656365792267, 4674424.122033678926528 ], [ 366514.863736445084214, 4674418.130897361785173 ], [ 366520.431963904062286, 4674412.604713251814246 ], [ 366525.554823525599204, 4674407.542397553101182 ], [ 366529.540767749713268, 4674403.490235478617251 ], [ 366533.300005691649858, 4674399.675637557171285 ], [ 366536.371154794702306, 4674395.718582822009921 ], [ 366540.240916032460518, 4674389.458193498663604 ], [ 366546.357714347832371, 4674380.633742581121624 ], [ 366553.336351441103034, 4674372.403880466707051 ] ] ] } },
{ "type": "Feature", "properties": { "highway": "track", "surface": "", "access": "", "bicycle": "", "foot": "", "length_km": 3.5823334056246758 }, "geometry": { "type": "MultiLineString", "coordinates": [ [ [ 367885.179563057899941, 4673495.509576366283 ], [ 367882.468633640673943, 4673505.079684445634484 ], [ 367879.385273719672114, 4673516.367357490584254 ], [ 367889.815805820806418, 4673524.280163497664034 ], [ 367914.327184138062876, 4673538.348967341706157 ], [ 367928.702797012811061, 4673551.852690541185439 ], [ 367949.295236008591019, 4673569.660650000907481 ], [ 367957.927215255796909, 4673579.440046695061028 ], [ 367985.017661563411821, 4673616.553439410403371 ], [ 367999.846343735000119, 4673629.571172984316945 ], [ 368010.995626216055825, 4673634.871487630531192 ], [ 368016.042414396652021, 4673641.963486335240304 ], [ 368020.816859875922091, 4673667.565879295580089 ], [ 368027.96545270876959, 4673688.736247065477073 ] ], [ [ 368076.809727047395427, 4674239.513817556202412 ], [ 368082.460886172368191, 4674245.80581209436059 ], [ 368090.284534459235147, 4674259.759495715610683 ] ], [ [ 368097.187155386141967, 4674270.789392339996994 ], [ 368100.333624944090843, 4674274.677370658144355 ] ], [ [ 368101.802637781947851, 4674275.591438462026417 ], [ 368111.625415719114244, 4674278.748688953928649 ], [ 368117.27671007742174, 4674285.518402829766273 ], [ 368120.944888157013338, 4674293.102814889512956 ], [ 368129.458243392989971, 4674296.608805269934237 ], [ 368134.41320910945069, 4674299.270652818493545 ], [ 368135.194079738168512, 4674301.831858211196959 ] ], [ [ 368134.593776066438295, 4674313.881043341942132 ], [ 368134.251294530287851, 4674314.868783189915121 ], [ 368128.877796505170409, 4674322.922523363493383 ], [ 368126.419243672804441, 4674327.240026209503412 ] ], [ [ 368127.77025874244282, 4674336.64880583807826 ], [ 368136.416488922666758, 4674340.520137016661465 ], [ 368147.372918808308896, 4674343.524959365837276 ], [ 368158.94580818124814, 4674346.818155536428094 ], [ 368169.577096412889659, 4674349.218183782882988 ], [ 368194.347796559566632, 4674368.936758070252836 ], [ 368200.220116655575112, 4674373.990700337104499 ] ], [ [ 368247.475883192382753, 4674417.685061270371079 ], [ 368255.982639844063669, 4674422.743154161609709 ], [ 368268.254910426971037, 4674429.000270338729024 ], [ 368278.234809196379501, 4674428.813468211330473 ], [ 368290.33311062399298, 4674425.776807636022568 ], [ 368301.852029389410745, 4674426.638674154877663 ], [ 368302.285399129556026, 4674437.882573167793453 ], [ 368297.667618940584362, 4674446.610711739398539 ], [ 368288.129036145051941, 4674458.463327289558947 ], [ 368277.067537448485382, 4674470.566614641807973 ], [ 368267.897570687986445, 4674479.168938182294369 ], [ 368259.023313186364248, 4674492.097708406858146 ], [ 368242.736985070863739, 4674514.895532009191811 ], [ 368231.13264527823776, 4674544.303622111678123 ], [ 368226.669287988799624, 4674549.363410142250359 ], [ 368218.31360632146243, 4674555.140331223607063 ], [ 368211.460550131509081, 4674560.022728179581463 ], [ 368210.451844300841913, 4674564.36248226556927 ], [ 368214.214599418803118, 4674568.190790080465376 ], [ 368226.170789832947776, 4674569.044335016049445 ], [ 368235.6886773458682, 4674567.566524474881589 ], [ 368243.930983452242799, 4674567.201155720278621 ], [ 368247.527538884314708, 4674573.620666848495603 ], [ 368244.052322352770716, 4674585.148792244493961 ], [ 368243.217610164429061, 4674598.782358840107918 ], [ 368238.839047310873866, 4674619.835522345267236 ], [ 368234.027188089850824, 4674641.118956082500517 ], [ 368232.172100766561925, 4674658.026164998300374 ], [ 368246.481095120660029, 4674680.029017596505582 ], [ 368254.532262049498968, 4674704.303931258618832 ], [ 368266.248799456050619, 4674727.654947348870337 ], [ 368272.906818021438085, 4674758.676068691536784 ], [ 368281.448199958365876, 4674774.300105336122215 ], [ 368286.046467177278828, 4674782.397962292656302 ] ], [ [ 368302.911225921590813, 4674815.407836350612342 ], [ 368306.528849702735897, 4674838.910199294798076 ], [ 368311.967544725106563, 4674862.589821871370077 ], [ 368323.922725290583912, 4674886.802849284373224 ], [ 368346.780026353430003, 4674925.296236470341682 ], [ 368359.167928449227475, 4674961.175325061194599 ], [ 368365.32763707410777, 4674977.066161810420454 ], [ 368378.861887637292966, 4674993.018987071700394 ], [ 368401.136176667292602, 4675011.851851429790258 ], [ 368411.646397165430244, 4675016.961883304640651 ] ], [ [ 368498.670814699551556, 4675207.736567305400968 ], [ 368502.431699618580751, 4675218.181292548775673 ], [ 368510.772266902262345, 4675224.730042423121631 ] ], [ [ 368542.634468625183217, 4675252.363337862305343 ], [ 368551.282171384431422, 4675265.697625360451639 ], [ 368547.086164265521802, 4675273.562456199899316 ], [ 368527.460401738469955, 4675280.193862336687744 ], [ 368504.931354260188527, 4675282.125528229400516 ], [ 368485.148320786189288, 4675280.340422908775508 ], [ 368461.04808308032807, 4675279.491372998803854 ], [ 368446.655299776815809, 4675275.872811937704682 ], [ 368431.63060136931017, 4675273.343535563908517 ], [ 368396.474800892465282, 4675261.460545594803989 ], [ 368383.385666348971426, 4675258.239815694279969 ], [ 368368.733326382818632, 4675263.701192619279027 ], [ 368349.302275450376328, 4675268.818821310065687 ], [ 368332.625285771500785, 4675270.652645183727145 ], [ 368327.437369048479013, 4675271.827175226993859 ], [ 368319.799382846977096, 4675281.056162166409194 ], [ 368300.306941570481285, 4675318.176150460727513 ], [ 368291.563070673611946, 4675338.011442866176367 ], [ 368282.519842157955281, 4675353.320440920069814 ], [ 368272.115833444171585, 4675365.622548246756196 ], [ 368253.170863496838138, 4675385.215707179158926 ], [ 368236.271278254454955, 4675398.072711679153144 ], [ 368216.994456503656693, 4675411.840684118680656 ], [ 368200.71062442206312, 4675422.742409652099013 ], [ 368194.822226834425237, 4675432.794059376232326 ], [ 368201.860561218811199, 4675437.849466069601476 ], [ 368214.434928689384833, 4675437.402864836156368 ], [ 368235.217932489817031, 4675434.847596762701869 ], [ 368242.657277370453812, 4675437.951696625910699 ], [ 368240.847120505990461, 4675445.338850744068623 ], [ 368220.355452763149515, 4675475.346719201654196 ], [ 368213.353428191621788, 4675483.686423930339515 ], [ 368199.53579480573535, 4675499.296031122095883 ], [ 368188.01455350156175, 4675509.675375151447952 ], [ 368173.986465947236866, 4675514.048050311394036 ], [ 368163.757100379851181, 4675512.295902293175459 ], [ 368136.166456685867161, 4675499.183923864737153 ], [ 368119.032341443235055, 4675488.053121577948332 ], [ 368102.438144585525151, 4675469.15475903544575 ] ], [ [ 367664.992547064262908, 4675034.582008132711053 ], [ 367661.787746845337097, 4675032.872163877822459 ], [ 367657.972371090203524, 4675032.24618302937597 ] ], [ [ 367569.184813701082021, 4675016.691050466150045 ], [ 367557.076830775476992, 4675013.737802965566516 ], [ 367547.873614763549995, 4675013.911041532643139 ], [ 367538.952803090563975, 4675012.857131907716393 ], [ 367521.318727659003343, 4675005.547048036940396 ], [ 367503.644260008004494, 4674996.093986622057855 ], [ 367484.949823041271884, 4674981.15077065769583 ], [ 367469.406546865706332, 4674970.435810256749392 ], [ 367458.910769436857663, 4674964.699553989805281 ] ], [ [ 367422.30973957903916, 4674942.621083085425198 ], [ 367394.718062570726033, 4674915.893603493459523 ], [ 367390.45204167655902, 4674912.249954002909362 ] ], [ [ 367377.538379835546948, 4674901.220271177589893 ], [ 367371.941737916902639, 4674896.440125468187034 ], [ 367354.301326657528989, 4674888.819546173326671 ], [ 367327.492233569617383, 4674883.215753213502467 ], [ 367296.460342616599519, 4674876.400207131169736 ] ], [ [ 367275.629849874356296, 4674871.240909932181239 ], [ 367242.958785528258886, 4674859.728971272706985 ], [ 367225.341388267464936, 4674853.341224974952638 ], [ 367212.491152106551453, 4674855.416479427367449 ], [ 367201.87921894073952, 4674862.336898380890489 ], [ 367190.066563860629685, 4674870.823966050520539 ], [ 367175.473777648119722, 4674878.130579495802522 ], [ 367159.593503329437226, 4674882.406914915889502 ], [ 367132.577506115543656, 4674884.582462375983596 ] ], [ [ 367087.242258509679232, 4674851.099300916306674 ], [ 367081.145514261967037, 4674840.157344068400562 ], [ 367075.504154720518272, 4674835.169980207458138 ] ], [ [ 366928.101890065008774, 4674812.197621726430953 ], [ 366928.078922422952019, 4674812.470862427726388 ], [ 366930.692332849954255, 4674820.985482360236347 ], [ 366935.446502945909742, 4674827.731347040273249 ] ], [ [ 366942.540857982181478, 4674836.254016476683319 ], [ 366947.953759504365735, 4674840.841776851564646 ], [ 366963.100165132666007, 4674846.664634497836232 ], [ 366974.899750730604865, 4674854.094764872454107 ], [ 366979.691377320210449, 4674879.996211089193821 ], [ 366990.36812298791483, 4674908.841030681505799 ], [ 366999.654796996910591, 4674937.699033545330167 ] ], [ [ 367019.739373886783142, 4674980.041417392902076 ], [ 367020.905849601025693, 4674981.963457680307329 ], [ 367032.273130339337513, 4674998.865607644431293 ], [ 367042.977736126398668, 4675013.036693345755339 ], [ 367052.035654586041346, 4675037.946733509190381 ], [ 367056.400251149665564, 4675057.436039078049362 ], [ 367058.558517606812529, 4675074.212323104031384 ], [ 367054.183809077891055, 4675086.524563291110098 ], [ 367056.249553474946879, 4675098.404097937047482 ], [ 367062.279061022796668, 4675108.998001261614263 ], [ 367069.486355434637517, 4675116.814946701750159 ], [ 367073.671718584257178, 4675126.82166887819767 ], [ 367081.616887042415328, 4675141.355953626334667 ], [ 367085.177955617662519, 4675167.269599120132625 ], [ 367084.697570426855236, 4675174.620866204611957 ], [ 367081.826078045240138, 4675184.772015426307917 ], [ 367075.610811807913706, 4675197.119017202407122 ], [ 367068.802200608770363, 4675210.39917556848377 ], [ 367061.423119200509973, 4675225.822800322435796 ], [ 367049.859478859463707, 4675247.445853421464562 ], [ 367044.874135344638489, 4675259.769647050648928 ], [ 367034.597336421720684, 4675268.216885711066425 ], [ 367020.092223193962127, 4675280.109694324433804 ], [ 367005.479086928069592, 4675318.607545807026327 ], [ 366995.151453826227225, 4675340.51835701148957 ], [ 366985.837172447354533, 4675351.391176136210561 ], [ 366974.66185555618722, 4675360.777440074831247 ], [ 366961.038543085509446, 4675370.820938309654593 ], [ 366936.88216976512922, 4675391.460495796985924 ], [ 366927.818255383637734, 4675398.974132929928601 ], [ 366912.642487092874944, 4675408.125155167654157 ], [ 366900.456201616267208, 4675412.943181659094989 ], [ 366883.436655479366891, 4675421.51822735927999 ], [ 366852.140434442320839, 4675438.316627769730985 ], [ 366840.942313724546693, 4675446.481700317934155 ], [ 366827.013974652742036, 4675456.531247526407242 ], [ 366785.898755591013469, 4675473.204814773984253 ], [ 366774.006476790411398, 4675477.406576658599079 ], [ 366761.808832808746956, 4675481.614142498932779 ], [ 366753.830084634479135, 4675481.454238714650273 ], [ 366742.075377704633866, 4675476.789480183273554 ], [ 366730.547416561632417, 4675467.532951799221337 ], [ 366722.441176424326841, 4675460.644211783073843 ], [ 366711.250890908297151, 4675453.525108622387052 ], [ 366691.679536766023375, 4675457.261575421318412 ], [ 366683.263799045875203, 4675466.285020305775106 ], [ 366675.732819806900807, 4675474.069858161732554 ], [ 366668.302914842730388, 4675486.751301297917962 ], [ 366623.60840998130152, 4675557.610589478164911 ], [ 366605.833379177609459, 4675575.075746539980173 ], [ 366595.612140027806163, 4675585.966321607120335 ], [ 366584.435351471067406, 4675595.664290538057685 ], [ 366574.084197966789361, 4675600.137086814269423 ], [ 366559.348648337647319, 4675599.805653819814324 ], [ 366553.187346424907446, 4675598.389656942337751 ], [ 366539.534256609447766, 4675590.706618553958833 ], [ 366528.305668506247457, 4675581.133719746023417 ], [ 366521.092505508451723, 4675573.017518871463835 ], [ 366512.061996963398997, 4675566.15766073577106 ], [ 366500.908766358683351, 4675560.559947201050818 ], [ 366486.408747505862266, 4675556.547528340481222 ], [ 366466.652094234828837, 4675550.50222562532872 ], [ 366458.298471378628165, 4675546.684217017143965 ], [ 366448.62567282107193, 4675538.61477595102042 ], [ 366438.431511990376748, 4675534.831730362959206 ], [ 366437.776746005110908, 4675548.848078334704041 ] ] ] } },
{ "type": "Feature", "properties": { "highway": "footway", "surface": "", "access": "", "bicycle": "", "foot": "", "length_km": 1.3728854818609761 }, "geometry": { "type": "MultiLineString", "coordinates": [ [ [ 367465.293318876181729, 4675929.384366711601615 ], [ 367471.337582282780204, 4675926.726551936939359 ], [ 367474.511583473067731, 4675929.554752382449806 ], [ 367483.763405831763521, 4675928.080852223560214 ], [ 367482.559516330831684, 4675918.517594428732991 ], [ 367485.833596434327774, 4675916.578714950941503 ], [ 367489.450687125965487, 4675921.45349773298949 ], [ 367489.839504544215742, 4675930.698879924602807 ], [ 367491.947099902085029, 4675933.891515389084816 ], [ 367492.861680590955075, 4675922.400041985325515 ], [ 367491.715819719829597, 4675914.601812914013863 ], [ 367494.071662209287751, 4675909.059127840213478 ], [ 367499.060631098109297, 4675909.187304642051458 ], [ 367505.774454569793306, 4675914.1037333952263 ], [ 367508.21697153581772, 4675906.149052310734987 ], [ 367511.037585503130686, 4675905.118449139408767 ], [ 367512.699525486677885, 4675891.224750847555697 ], [ 367522.080895800609142, 4675880.406897734850645 ], [ 367527.691689580038656, 4675874.536341027356684 ], [ 367530.62199794256594, 4675865.739407083950937 ], [ 367532.072796278051101, 4675854.659937276504934 ], [ 367536.643271068925969, 4675845.276735714636743 ], [ 367539.426217984757386, 4675837.859934875741601 ], [ 367533.732860621996224, 4675829.70302683673799 ], [ 367535.608418466057628, 4675816.627284432761371 ], [ 367537.988258916593622, 4675803.586477964185178 ], [ 367551.477272154123057, 4675788.170497179031372 ], [ 367548.813814374268986, 4675769.926289990544319 ], [ 367544.251501740072854, 4675769.223548310808837 ], [ 367544.761645971913822, 4675762.116132211871445 ], [ 367536.721606705104932, 4675752.103992910124362 ], [ 367530.799198022810742, 4675752.393239219672978 ], [ 367529.03298852784792, 4675749.793977803550661 ], [ 367533.392114180780482, 4675742.336387921124697 ], [ 367532.813879496185109, 4675735.305004342459142 ], [ 367529.066907160449773, 4675725.289785825647414 ], [ 367521.632592538255267, 4675733.4162129862234 ], [ 367520.633697020588443, 4675729.913888305425644 ], [ 367503.111438776657451, 4675727.133745382539928 ], [ 367494.663330178125761, 4675727.459485456347466 ], [ 367482.205991310649551, 4675724.450699935667217 ], [ 367477.800771792186424, 4675733.841929183341563 ], [ 367470.037503071536776, 4675744.662671568803489 ], [ 367463.698936553206295, 4675747.403506175614893 ], [ 367459.228117102931719, 4675751.119955416768789 ], [ 367462.265639709949028, 4675762.03712263610214 ], [ 367458.846730430785101, 4675761.112954582087696 ], [ 367458.586007321369834, 4675758.229867560788989 ], [ 367445.870227400795557, 4675762.534877818077803 ], [ 367441.580440348130651, 4675772.790358134545386 ], [ 367434.82567792822374, 4675778.415955401025712 ], [ 367424.9817095779581, 4675768.193563527427614 ], [ 367417.472466560953762, 4675770.145642907358706 ], [ 367413.616419625584967, 4675774.939089977182448 ], [ 367408.768824958824553, 4675785.382829454727471 ], [ 367408.658178687677719, 4675788.272915404289961 ], [ 367411.499957608641125, 4675791.42947553563863 ], [ 367404.17755386675708, 4675787.524293876253068 ], [ 367401.31250054622069, 4675788.389160593040287 ], [ 367398.010544894554187, 4675785.785555803216994 ], [ 367398.178813226288185, 4675778.506844019517303 ], [ 367397.323541676567402, 4675776.057057913392782 ], [ 367396.133630039170384, 4675772.936010637320578 ], [ 367396.760034889972303, 4675766.748324611224234 ], [ 367394.585247037466615, 4675765.689658597111702 ], [ 367399.596520253340714, 4675757.797593677416444 ], [ 367403.449434529407881, 4675749.771859286352992 ], [ 367401.841575223952532, 4675744.625981192104518 ], [ 367394.758701126964297, 4675738.539184387773275 ], [ 367385.376325884251855, 4675741.859529867768288 ], [ 367377.856779714231379, 4675745.455783805809915 ], [ 367370.623468166799285, 4675748.469049290753901 ], [ 367366.780827961978503, 4675750.907438344322145 ], [ 367363.265737320529297, 4675751.451345309615135 ], [ 367359.990231337025762, 4675752.879352290183306 ], [ 367355.173448607034516, 4675753.569992128759623 ], [ 367354.000596077996306, 4675751.792660800740123 ], [ 367348.497667965944856, 4675752.873905091546476 ], [ 367343.76653825759422, 4675750.663828566670418 ], [ 367341.068626547290478, 4675746.382703516632318 ], [ 367339.418775926111266, 4675742.515014873817563 ], [ 367340.222415698692203, 4675738.723242480307817 ], [ 367343.103499440709129, 4675736.080817653797567 ], [ 367347.135055511549581, 4675731.839406418614089 ], [ 367349.254776846268214, 4675726.912048297002912 ], [ 367351.524768046219833, 4675722.948227007873356 ], [ 367355.12240961950738, 4675717.14881790895015 ], [ 367357.728816139220726, 4675713.511886424385011 ], [ 367360.875682607875206, 4675707.887595804408193 ], [ 367366.445599219761789, 4675706.416330462321639 ], [ 367370.794640606734902, 4675704.123902631923556 ], [ 367373.625247420277447, 4675703.18192045763135 ], [ 367373.370433263422456, 4675697.110815591178834 ], [ 367372.931269464199431, 4675692.20949428062886 ], [ 367371.187950645922683, 4675689.076668760739267 ], [ 367368.670438209432177, 4675684.292285892181098 ], [ 367366.173415091703646, 4675682.784287444315851 ], [ 367364.694282886222936, 4675679.213282262906432 ], [ 367362.665885605150834, 4675674.097556228749454 ], [ 367364.603405661415309, 4675668.262808756902814 ], [ 367365.364096446835902, 4675663.505480984225869 ], [ 367364.272975430474617, 4675657.305744341574609 ], [ 367363.519794281106442, 4675653.265636607073247 ], [ 367363.142429326078855, 4675647.263488963246346 ], [ 367362.065578610519879, 4675634.376651708036661 ], [ 367362.022531052585691, 4675628.59035475179553 ], [ 367362.025774695561267, 4675623.069769710302353 ], [ 367363.054433035547845, 4675618.074128264561296 ], [ 367364.344002007215749, 4675614.217660293914378 ], [ 367362.015071909001563, 4675613.306308664381504 ], [ 367361.032621698977891, 4675610.68120105843991 ], [ 367358.470382629195228, 4675609.218864759430289 ], [ 367358.364083966123872, 4675602.267452685162425 ], [ 367357.231507330550812, 4675596.934898865409195 ], [ 367354.257708572957199, 4675588.971215246245265 ], [ 367350.654547349200584, 4675586.162262052297592 ], [ 367346.164175695623271, 4675582.714686174876988 ], [ 367344.269032061100006, 4675579.851313803344965 ], [ 367340.232623267394956, 4675572.018749660812318 ], [ 367337.036479303031228, 4675566.714004176668823 ], [ 367332.527626273455098, 4675561.411799815483391 ], [ 367328.652933371951804, 4675556.46419255528599 ], [ 367325.757419384084642, 4675550.465105105191469 ], [ 367322.447789285273757, 4675547.461798691190779 ], [ 367317.024869929882698, 4675544.476135306060314 ], [ 367312.698980917106383, 4675540.55895381513983 ], [ 367308.950235070718918, 4675537.475073926150799 ], [ 367302.680180039256811, 4675533.350198898464441 ], [ 367296.230721913452726, 4675528.906590086407959 ], [ 367291.764334698440507, 4675525.858471254818141 ], [ 367283.866618821164593, 4675520.797946552745998 ], [ 367278.616187948326115, 4675518.642134678550065 ], [ 367274.760413821553811, 4675515.138198637403548 ], [ 367267.984554740018211, 4675510.900710889138281 ], [ 367265.344413339335006, 4675507.062828801572323 ], [ 367262.995400216430426, 4675502.464131196960807 ], [ 367258.786216342821717, 4675497.733916835859418 ], [ 367256.557525278651156, 4675494.699136344715953 ], [ 367255.72050279576797, 4675484.906832181848586 ], [ 367254.2683808603324, 4675480.146813954226673 ], [ 367252.880938085145317, 4675473.563913035206497 ], [ 367248.80027019942645, 4675469.519956206902862 ], [ 367242.822681388235651, 4675466.022751087322831 ], [ 367234.752262979047373, 4675462.753876247443259 ], [ 367225.816558264719788, 4675459.134786560200155 ], [ 367221.301961825578474, 4675456.598573699593544 ], [ 367217.012043479713611, 4675453.280584019608796 ], [ 367221.921970836585388, 4675444.390617617405951 ], [ 367224.459877350192983, 4675440.621640245430171 ], [ 367228.07941660634242, 4675436.854466335847974 ], [ 367227.818146852834616, 4675429.572746467776597 ], [ 367226.896399189601652, 4675424.480600444599986 ], [ 367225.645574891939759, 4675415.951278352178633 ], [ 367223.572213239443954, 4675409.336896512657404 ], [ 367221.493593231774867, 4675400.256705263629556 ], [ 367219.720834375009872, 4675394.25868225004524 ], [ 367216.900867899646983, 4675387.458454398438334 ], [ 367211.847244568634778, 4675386.987343619577587 ], [ 367200.175197743577883, 4675384.941684397868812 ], [ 367193.654715282144025, 4675382.432242795825005 ], [ 367188.830614882870577, 4675380.124045030213892 ], [ 367188.033973981509916, 4675378.161912968382239 ], [ 367176.443308963556774, 4675372.993491813540459 ], [ 367171.459831430227496, 4675368.366804755292833 ], [ 367168.918762531364337, 4675364.971392904408276 ], [ 367165.092644200660288, 4675361.733536968939006 ], [ 367161.6082195173949, 4675357.789446125738323 ], [ 367158.098589648143388, 4675355.134326249361038 ], [ 367155.266878952039406, 4675352.088745538145304 ], [ 367155.813490352185909, 4675348.67946745082736 ], [ 367156.051384512218647, 4675343.787586541846395 ], [ 367154.616649860574398, 4675339.515996563248336 ], [ 367152.837014791439287, 4675334.906580603681505 ], [ 367151.116048199997749, 4675331.217996505089104 ], [ 367146.197048326430377, 4675329.133772096596658 ], [ 367140.032850677962415, 4675328.006112464703619 ], [ 367134.552606942073908, 4675319.812150144018233 ], [ 367129.004218726884574, 4675317.628746166825294 ], [ 367122.942556912195869, 4675315.810486884787679 ], [ 367120.250453291169833, 4675310.540741682983935 ], [ 367119.134573599905707, 4675306.540828423574567 ], [ 367111.420905953680631, 4675304.687133991159499 ], [ 367105.755330669460818, 4675303.294608065858483 ], [ 367098.243341427645646, 4675297.693821663036942 ], [ 367090.507788203016389, 4675292.497143570333719 ], [ 367083.401085963472724, 4675291.742783362977207 ], [ 367074.873068419983611, 4675290.926421673968434 ], [ 367067.508046754519455, 4675290.921174225397408 ], [ 367059.09836898103822, 4675292.435214172117412 ], [ 367050.861043378536124, 4675293.457268277183175 ], [ 367039.413595129270107, 4675300.249359563924372 ], [ 367028.478597601235379, 4675307.942617384716868 ], [ 367022.314589888555929, 4675314.69042232260108 ], [ 367015.173230976681225, 4675320.401474379934371 ], [ 367010.423492210567929, 4675327.71126732416451 ], [ 367005.358655903139152, 4675334.949266381561756 ], [ 366999.631206070422195, 4675338.145480723120272 ], [ 366995.151453826227225, 4675340.51835701148957 ] ] ] } },
{ "type": "Feature", "properties": { "highway": "path", "surface": "ground", "access": "", "bicycle": "", "foot": "", "length_km": 0.023736928375999347 }, "geometry": { "type": "MultiLineString", "coordinates": [ [ [ 370121.024926631944254, 4671100.734067254699767 ], [ 370125.713682867528405, 4671105.568621505983174 ], [ 370129.09365439316025, 4671108.316491054370999 ], [ 370137.936718883225694, 4671112.985207385383546 ], [ 370140.498449009784963, 4671113.648774298839271 ] ] ] } },
{ "type": "Feature", "properties": { "highway": "path", "surface": "", "access": "", "bicycle": "", "foot": "", "length_km": 0.34808124774660515 }, "geometry": { "type": "MultiLineString", "coordinates": [ [ [ 370343.139567267964594, 4671082.33348454721272 ], [ 370345.516020777693484, 4671083.214898014441133 ], [ 370359.147380351903848, 4671085.018910933285952 ], [ 370370.415521682065446, 4671082.756690877489746 ], [ 370385.424925634870306, 4671072.350566091947258 ], [ 370389.47905597044155, 4671069.088150816969573 ], [ 370392.746817626990378, 4671066.639938667416573 ], [ 370396.07566106604645, 4671061.22492550406605 ], [ 370397.145888047118206, 4671063.715511936694384 ], [ 370397.433094177511521, 4671073.04045416880399 ], [ 370400.848826110130176, 4671084.473788226023316 ], [ 370402.76995931827696, 4671095.945725566707551 ], [ 370401.533042004914023, 4671103.254942273721099 ], [ 370398.218309137853794, 4671115.722901216708124 ], [ 370392.686048940347973, 4671119.467910381965339 ], [ 370387.504737034265418, 4671123.428615558892488 ], [ 370386.880160427535884, 4671126.750115945003927 ], [ 370389.562742690439336, 4671129.766407281160355 ], [ 370394.560295356204733, 4671134.228503198362887 ], [ 370397.369725133234169, 4671131.566575612872839 ], [ 370406.410749358416069, 4671132.188880402594805 ], [ 370414.211508082749788, 4671134.100255711004138 ], [ 370423.92080155730946, 4671140.064062510617077 ], [ 370431.094590014312416, 4671144.719411109574139 ], [ 370440.192922115558758, 4671142.619388854131103 ], [ 370451.816218513529748, 4671140.80616812966764 ], [ 370458.856046509114094, 4671138.177547237835824 ], [ 370460.53048881480936, 4671129.949489586055279 ], [ 370463.142453535692766, 4671122.837149455212057 ], [ 370465.561426485830452, 4671111.518651463091373 ], [ 370471.623280737898313, 4671111.862597513012588 ], [ 370480.285151588381268, 4671122.866287433542311 ], [ 370497.405127455829643, 4671140.534446278586984 ], [ 370499.101571220671758, 4671145.634882928803563 ], [ 370494.828653358621523, 4671149.578809170983732 ], [ 370491.852964669349603, 4671155.331612466834486 ], [ 370490.706480174325407, 4671161.272937319241464 ], [ 370494.877769062295556, 4671164.384079960174859 ], [ 370500.306377981090918, 4671167.583186141215265 ], [ 370510.651612071902491, 4671165.004929575137794 ], [ 370515.409347838140093, 4671168.560708072967827 ], [ 370523.805280669301283, 4671165.55178914219141 ], [ 370524.398010818986222, 4671165.852240868844092 ] ] ] } },
{ "type": "Feature", "properties": { "highway": "path", "surface": "", "access": "", "bicycle": "", "foot": "", "length_km": 0.31908037167915704 }, "geometry": { "type": "MultiLineString", "coordinates": [ [ [ 370787.041301563207526, 4671232.632711965590715 ], [ 370791.216221122827847, 4671235.106001364998519 ], [ 370797.889425157802179, 4671237.260621675290167 ], [ 370805.086519420787226, 4671237.350773198530078 ], [ 370813.577529014844913, 4671233.21861073654145 ], [ 370821.491336277569644, 4671234.550770579837263 ], [ 370831.027071988617536, 4671231.077022865414619 ], [ 370844.896215654036496, 4671227.401657174341381 ], [ 370855.27679760241881, 4671226.300541661679745 ], [ 370864.888485805422533, 4671220.659508503973484 ], [ 370873.531406522612087, 4671212.192756140604615 ], [ 370884.707690518524032, 4671204.923609762452543 ], [ 370889.124658273416571, 4671208.830206439830363 ], [ 370895.20223360194359, 4671216.349593427032232 ], [ 370900.434697504970245, 4671221.029875486157835 ], [ 370902.059568507713266, 4671210.0704340999946 ], [ 370906.461839406110812, 4671201.003888602368534 ], [ 370912.683805341250263, 4671197.468799748457968 ], [ 370919.873665235354565, 4671190.850344664417207 ], [ 370928.577109491918236, 4671185.681447196751833 ], [ 370935.125203115749173, 4671181.007451270706952 ], [ 370939.702478819410317, 4671181.490069170482457 ], [ 370939.842229824513197, 4671189.118278403766453 ], [ 370938.024577938776929, 4671195.871543137356639 ], [ 370941.496692434535362, 4671204.571655100211501 ], [ 370946.47918391803978, 4671208.234670996665955 ], [ 370952.064856360608246, 4671213.708250858820975 ], [ 370955.844185234513134, 4671208.063115358352661 ], [ 370960.543140300898813, 4671196.247649436816573 ], [ 370963.767300144187175, 4671191.412419464439154 ], [ 370972.614356393227354, 4671181.453667574562132 ], [ 370980.516782396123745, 4671176.299507485702634 ], [ 370995.229992478445638, 4671168.632546392269433 ], [ 371009.210885085165501, 4671164.733318833634257 ], [ 371019.559535198379308, 4671165.943368464708328 ] ] ] } },
{ "type": "Feature", "properties": { "highway": "track", "surface": "", "access": "", "bicycle": "", "foot": "", "length_km": 0.39514553081002263 }, "geometry": { "type": "MultiLineString", "coordinates": [ [ [ 371019.559535198379308, 4671165.943368464708328 ], [ 371014.676750600512605, 4671168.176491551101208 ], [ 371010.405295485339593, 4671170.4095319500193 ], [ 371006.147590982494876, 4671172.942222385667264 ], [ 370991.892145257908851, 4671184.854902590624988 ], [ 370988.587458666588645, 4671188.902969757094979 ], [ 370987.127323887892999, 4671193.528163701295853 ], [ 370985.364195342815947, 4671197.847900508902967 ], [ 370983.915452658431605, 4671203.094899808987975 ], [ 370983.082961143227294, 4671207.708600215613842 ], [ 370982.859026079939213, 4671212.622162025421858 ], [ 370983.273911967175081, 4671218.134930042549968 ], [ 370984.894156337890308, 4671222.703710646368563 ], [ 370988.697891481861006, 4671228.76532169058919 ], [ 370991.845563854614738, 4671232.384218883700669 ], [ 370994.685109436220955, 4671236.319766575470567 ], [ 371029.719631155370735, 4671266.95664097648114 ], [ 371072.178722889046185, 4671283.051526792347431 ], [ 371123.69903898332268, 4671289.161966693587601 ], [ 371128.660177637764718, 4671291.214927701279521 ], [ 371132.702074109867681, 4671293.595714547671378 ], [ 371137.04640746669611, 4671295.348958500660956 ], [ 371141.105156931909733, 4671298.651353262364864 ], [ 371145.483200453454629, 4671302.247808706946671 ], [ 371147.717207674868405, 4671306.505496590398252 ], [ 371149.942750969610643, 4671310.752232549712062 ], [ 371153.101676828693599, 4671314.993004160933197 ], [ 371155.335472677776124, 4671319.239590696059167 ], [ 371157.569469046546146, 4671323.497281563468277 ], [ 371160.103331103164237, 4671327.438482255674899 ], [ 371162.642673589463811, 4671331.679482467472553 ], [ 371164.562849474605173, 4671335.942914934828877 ], [ 371166.496764407434966, 4671340.505995517596602 ], [ 371169.353024539188482, 4671345.363214363344014 ], [ 371171.898041382548399, 4671349.915120059624314 ], [ 371175.045566001150291, 4671353.534096473827958 ], [ 371179.404132680618204, 4671356.520022230222821 ], [ 371183.454232901218347, 4671358.900686196982861 ], [ 371197.81630564230727, 4671361.859201937913895 ], [ 371200.431310154730454, 4671361.6558847585693 ], [ 371203.032306497916579, 4671360.686416448093951 ], [ 371205.322334353753831, 4671359.878137863241136 ], [ 371207.76662927045254, 4671358.922643788158894 ], [ 371210.65633127593901, 4671357.025988595560193 ], [ 371213.100424849544652, 4671356.059392760507762 ], [ 371215.238965690077748, 4671355.098383964970708 ], [ 371217.212278460152447, 4671353.684994568116963 ], [ 371219.18559201573953, 4671352.271605747751892 ], [ 371221.007416827138513, 4671350.705483825877309 ], [ 371222.655488624470308, 4671348.22062757704407 ], [ 371224.160661546047777, 4671346.504792202264071 ], [ 371225.822741224372294, 4671344.786088829860091 ], [ 371227.952965047035832, 4671343.369834240525961 ], [ 371229.937447266129311, 4671342.567149489186704 ], [ 371232.387231530679855, 4671341.911462821997702 ], [ 371235.005085488373879, 4671341.863609811291099 ], [ 371236.868993340001907, 4671343.051349087618291 ], [ 371238.598460052278824, 4671345.019061672501266 ], [ 371238.643314551911317, 4671347.47296904399991 ] ] ] } },
{ "type": "Feature", "properties": { "highway": "track", "surface": "", "access": "", "bicycle": "", "foot": "", "length_km": 0.39949620399455132 }, "geometry": { "type": "MultiLineString", "coordinates": [ [ [ 371238.643314551911317, 4671347.47296904399991 ], [ 371237.919953059463296, 4671349.929811181500554 ], [ 371237.709495724877343, 4671350.372164406813681 ] ], [ [ 371207.997944801405538, 4671382.09789016097784 ], [ 371185.606912466697395, 4671392.59439492225647 ], [ 371163.077384313684888, 4671395.315240478143096 ] ], [ [ 371104.513756416621618, 4671347.015875907614827 ], [ 371100.701812101178803, 4671344.775262109935284 ], [ 371095.163322331442032, 4671344.576710582710803 ], [ 371090.246912544826046, 4671344.966577515006065 ], [ 371085.653126106713898, 4671346.283563040196896 ], [ 371080.742407662852202, 4671346.98433896433562 ], [ 371075.512187892338261, 4671347.379959383048117 ], [ 371070.284739637339953, 4671347.475633883848786 ], [ 371065.362845215480775, 4671347.565719583071768 ], [ 371059.810406481381506, 4671347.056444698013365 ], [ 371054.566087841929402, 4671346.230527534149587 ], [ 371049.302330316393636, 4671344.794064427725971 ], [ 371044.35807426343672, 4671343.662762763909996 ], [ 371039.396944650274236, 4671341.60986121930182 ], [ 371034.763727335084695, 4671340.772771093063056 ], [ 371029.508219387964346, 4671339.336171415634453 ], [ 371024.249940001580399, 4671338.19952548481524 ], [ 371019.299982068827376, 4671336.757338895462453 ], [ 371014.350021987163927, 4671335.315155740827322 ], [ 371009.394570063450374, 4671333.573177351616323 ], [ 371004.136282581486739, 4671332.436546274460852 ], [ 370999.186315984232351, 4671330.994373646564782 ], [ 370993.925098848645575, 4671329.24689787812531 ], [ 370989.580746704828925, 4671327.493741749785841 ], [ 370984.630773304437753, 4671326.051579215563834 ], [ 370979.375242827343754, 4671324.615016493014991 ], [ 370974.719431005767547, 4671322.54545980039984 ], [ 370969.758264629112091, 4671320.49260657466948 ], [ 370965.102650466782507, 4671318.434159783646464 ], [ 370959.852805004513357, 4671317.308513754047453 ], [ 370955.208372978435364, 4671315.860774400644004 ], [ 370899.595414493582211, 4671304.606100234203041 ], [ 370819.987435829243623, 4671310.663959415629506 ], [ 370780.679757778474595, 4671315.527951010502875 ], [ 370777.927295934816357, 4671316.344851710833609 ], [ 370775.169428095920011, 4671317.317356172949076 ], [ 370771.340542705671396, 4671317.998502453789115 ], [ 370768.413954870600719, 4671318.329876014962792 ], [ 370765.46337459993083, 4671320.505518174730241 ], [ 370764.776497481623664, 4671321.805874542333186 ] ] ] } },
{ "type": "Feature", "properties": { "highway": "unclassified", "surface": "asphalt", "access": "", "bicycle": "", "foot": "", "length_km": 0.01362307659222415 }, "geometry": { "type": "MultiLineString", "coordinates": [ [ [ 370184.167487822123803, 4671187.738324478268623 ], [ 370184.404150699963793, 4671190.858237946406007 ], [ 370184.88753219274804, 4671194.225988451391459 ], [ 370186.20267077506287, 4671199.244526056572795 ], [ 370186.921071930322796, 4671201.007728827185929 ] ] ] } },
{ "type": "Feature", "properties": { "highway": "track", "surface": "", "access": "", "bicycle": "", "foot": "", "length_km": 0.44161815601732268 }, "geometry": { "type": "MultiLineString", "coordinates": [ [ [ 371521.891642941453028, 4671531.625950297340751 ], [ 371464.810171318938956, 4671485.461083850823343 ], [ 371422.220585201052018, 4671452.138790406286716 ], [ 371418.784122498356737, 4671439.017089583911002 ], [ 371436.652915536717046, 4671417.775795414112508 ], [ 371437.666894121386576, 4671398.197243015281856 ], [ 371433.685046013561077, 4671380.087181813083589 ], [ 371449.93632250954397, 4671370.693673497065902 ], [ 371483.919541511393618, 4671381.891815552487969 ], [ 371502.228208496235311, 4671384.745620993897319 ], [ 371529.083423052623402, 4671381.067981544882059 ], [ 371553.717516295262612, 4671380.618753345683217 ], [ 371583.52026563603431, 4671362.803468239493668 ], [ 371618.136968343227636, 4671333.982065923511982 ], [ 371645.759973744454328, 4671322.104781267233193 ] ] ] } },
{ "type": "Feature", "properties": { "highway": "track", "surface": "", "access": "", "bicycle": "", "foot": "", "length_km": 0.10665111614446521 }, "geometry": { "type": "MultiLineString", "coordinates": [ [ [ 371238.643314551911317, 4671347.47296904399991 ], [ 371239.938076639082283, 4671347.769992631860077 ] ], [ [ 371337.428878599777818, 4671455.250919984653592 ], [ 371340.999430200783536, 4671457.531608135439456 ], [ 371343.492390930419788, 4671460.405818172730505 ] ], [ [ 371354.629638704587705, 4671474.086884480901062 ], [ 371357.336808938591275, 4671475.938016799278557 ], [ 371361.078447756241076, 4671478.624310079030693 ], [ 371365.750662576116156, 4671481.604617439210415 ], [ 371369.803520133020356, 4671484.596237797290087 ], [ 371373.267785471165553, 4671488.831524983979762 ], [ 371375.01987845642725, 4671492.397506159730256 ] ], [ [ 371395.544770959182642, 4671509.149932967498899 ], [ 371396.415708284650464, 4671509.257377077825367 ], [ 371400.748893062002026, 4671510.411182436160743 ], [ 371405.098698530753609, 4671512.47549013607204 ], [ 371405.887935100239702, 4671512.898336801677942 ] ], [ [ 371423.558421545894817, 4671520.416101246140897 ], [ 371442.176910130423494, 4671520.384666990488768 ], [ 371447.404223892604932, 4671520.28926564194262 ], [ 371452.625863847089931, 4671519.882965841330588 ], [ 371457.861435808707029, 4671519.787421558983624 ], [ 371462.777733034512494, 4671519.397808778099716 ], [ 371467.699501179798972, 4671519.307998116128147 ], [ 371472.02679089322919, 4671520.139840952120721 ], [ 371476.36283972824458, 4671521.904544094577432 ], [ 371477.878279914846644, 4671522.492795400321484 ] ], [ [ 371522.115350512962323, 4671542.772972282022238 ], [ 371523.538753120112233, 4671543.125335579738021 ], [ 371525.453230137994979, 4671543.468066580593586 ] ] ] } },
{ "type": "Feature", "properties": { "highway": "path", "surface": "", "access": "", "bicycle": "", "foot": "", "length_km": 2.438015885900616 }, "geometry": { "type": "MultiLineString", "coordinates": [ [ [ 372923.131004872557241, 4670799.586024282500148 ], [ 372936.947746349032968, 4670816.730777116492391 ], [ 372947.685470818192698, 4670841.806116219609976 ], [ 372959.761436426779255, 4670865.046857650391757 ], [ 372964.47071447444614, 4670885.22155768238008 ], [ 372977.148528253484983, 4670916.648620160296559 ], [ 372976.040247715311125, 4670931.24130807351321 ], [ 372972.830327909672633, 4670943.361652215011418 ], [ 372971.552485822408926, 4670961.378431157208979 ], [ 372962.990223968750797, 4670980.881644166074693 ], [ 372954.016408758005127, 4670989.929264090955257 ], [ 372921.621714877837803, 4670993.46805131342262 ], [ 372890.557147499290295, 4670994.261713139712811 ], [ 372887.557711620000191, 4670967.214135806076229 ], [ 372880.138003231666517, 4670961.661097669973969 ], [ 372867.286726337275468, 4670971.000940836034715 ], [ 372848.546767088817433, 4670984.090266300365329 ], [ 372839.634624958969653, 4670996.546852122992277 ], [ 372836.239029093296267, 4671011.180861504748464 ], [ 372839.397096640488598, 4671021.375855576246977 ], [ 372839.524362250172999, 4671028.426665919832885 ], [ 372837.579019411408808, 4671034.615199101157486 ], [ 372835.488624644698575, 4671045.58247153647244 ], [ 372828.818855706311297, 4671055.943758086301386 ], [ 372831.381657907215413, 4671071.147760160267353 ], [ 372834.345352503180038, 4671083.389996211975813 ], [ 372830.405207549396437, 4671093.024469044059515 ], [ 372819.362883686844725, 4671101.87636208627373 ], [ 372800.066545893670991, 4671108.833566356450319 ], [ 372778.284105346305296, 4671117.646204691380262 ], [ 372762.064534797915258, 4671117.939132506027818 ], [ 372744.952948068385012, 4671119.614404178224504 ], [ 372726.838456698285881, 4671116.076314760372043 ], [ 372711.275440324097872, 4671114.758051621727645 ], [ 372703.396402608545031, 4671121.731387002393603 ], [ 372706.46724392240867, 4671139.891815203242004 ], [ 372713.530695347813889, 4671163.678131013177335 ], [ 372720.666971233673394, 4671204.757151136174798 ], [ 372721.124500365578569, 4671217.277881569229066 ], [ 372732.102844384731725, 4671230.508221952244639 ], [ 372735.256772135966457, 4671240.469997420907021 ], [ 372728.199108956323471, 4671254.948092252016068 ], [ 372720.138374142698012, 4671264.201688766479492 ], [ 372711.879366038658191, 4671274.825072168372571 ], [ 372722.45654748333618, 4671297.403857249766588 ], [ 372723.661525651870761, 4671307.400841885246336 ], [ 372725.56065162277082, 4671311.009713064879179 ], [ 372723.032786752097309, 4671322.895734256133437 ], [ 372715.866128681111149, 4671330.878064475953579 ], [ 372691.318906587257516, 4671341.162694751285017 ], [ 372710.742498206265736, 4671376.032840223051608 ], [ 372682.881895793136209, 4671377.580421465449035 ], [ 372658.726652635843493, 4671381.204832709394395 ], [ 372641.388510368706193, 4671383.106624011881649 ], [ 372625.024852359958459, 4671388.189732885919511 ], [ 372618.98847331298748, 4671382.834106999449432 ], [ 372609.528974436630961, 4671377.762535820715129 ], [ 372601.283387235016562, 4671376.778715066611767 ], [ 372586.232084512710571, 4671391.390439377166331 ], [ 372570.190298715373501, 4671401.477239146828651 ], [ 372555.320920946483966, 4671413.353352544829249 ], [ 372538.612865140778013, 4671411.722992835566401 ], [ 372526.597390946000814, 4671410.574223527684808 ], [ 372520.965715494006872, 4671402.47896387334913 ], [ 372510.09657621855149, 4671389.358039641752839 ], [ 372503.317003327829298, 4671380.82816968858242 ], [ 372496.943678626557812, 4671382.420795457437634 ], [ 372486.891519614029676, 4671382.491678198799491 ], [ 372478.945318599580787, 4671378.881261295638978 ], [ 372468.922336074174382, 4671368.2442178837955 ], [ 372462.790929256938398, 4671357.647801969200373 ], [ 372454.409612380666658, 4671336.39581152703613 ], [ 372442.786860438296571, 4671319.534365728497505 ], [ 372436.465565882972442, 4671311.229509763419628 ], [ 372425.094296809809748, 4671301.416663751006126 ], [ 372412.217796595999971, 4671291.053518498316407 ], [ 372398.631130128749646, 4671285.268354743719101 ], [ 372391.207123598898761, 4671279.027252024970949 ], [ 372380.810128378332593, 4671272.840015550144017 ], [ 372375.314515951962676, 4671265.886448862962425 ], [ 372369.038359361409675, 4671260.079971431754529 ], [ 372366.841826628136914, 4671252.377987218089402 ], [ 372360.280702048155945, 4671243.611033573746681 ], [ 372350.674422001407947, 4671236.84303997643292 ], [ 372344.546714010532014, 4671239.231073562987149 ], [ 372338.086657461710274, 4671241.969461556524038 ], [ 372331.851592168328352, 4671244.814851064234972 ], [ 372323.419853819941636, 4671245.878463124856353 ], [ 372316.805038439284544, 4671240.533566897735 ], [ 372314.740562745952047, 4671233.74000109359622 ], [ 372311.484911799896508, 4671224.124559816904366 ], [ 372307.145058578229509, 4671224.425370533019304 ], [ 372305.598696155590005, 4671227.530121014453471 ], [ 372308.6604506658623, 4671232.372938432730734 ], [ 372303.447210065787658, 4671234.62225204333663 ], [ 372296.006553438783158, 4671227.926147338934243 ], [ 372292.005574488430284, 4671221.40094580501318 ], [ 372285.648718928510789, 4671217.528670858591795 ], [ 372273.403636952803936, 4671216.495554082095623 ], [ 372268.463151123316493, 4671215.107862503267825 ], [ 372262.438783716585021, 4671216.816548906266689 ], [ 372256.383209894585889, 4671216.804175554774702 ], [ 372248.56476470810594, 4671220.255931066349149 ], [ 372244.41483186656842, 4671224.651928851380944 ], [ 372231.583395570865832, 4671229.094309285283089 ], [ 372219.968165565282106, 4671231.359837054274976 ], [ 372211.662311337073334, 4671233.443170893006027 ], [ 372204.186524428892881, 4671237.110907478258014 ], [ 372193.114142614300363, 4671237.422854917123914 ], [ 372184.647380563314073, 4671243.385588619858027 ], [ 372172.984668776160106, 4671248.950925590470433 ], [ 372164.311244620708749, 4671249.896934290416539 ], [ 372154.496360066987108, 4671250.308304040692747 ], [ 372146.093468927778304, 4671253.415349856950343 ], [ 372139.501419145031832, 4671261.62111280951649 ], [ 372127.913150347594637, 4671271.73917112313211 ], [ 372119.745760230987798, 4671275.075228511355817 ], [ 372114.136254693556111, 4671280.519676394760609 ], [ 372107.661810404271819, 4671282.914215471595526 ], [ 372106.010206958511844, 4671286.131997800432146 ], [ 372096.963474117394071, 4671291.538899512030184 ], [ 372087.693580696475692, 4671296.938758280128241 ], [ 372080.209655307116918, 4671300.151380100287497 ], [ 372070.130670789571013, 4671305.12166306283325 ], [ 372063.520004095858894, 4671312.294861500151455 ], [ 372052.218873641744722, 4671319.108966533094645 ], [ 372043.762612317106687, 4671325.638161106035113 ], [ 372031.111234460840933, 4671333.609774280339479 ], [ 372022.995600590365939, 4671339.788480755873024 ], [ 372016.116652924218215, 4671344.467455683276057 ], [ 372005.951011089608073, 4671351.02775551751256 ], [ 371993.828171250293963, 4671356.712836307473481 ], [ 371980.177727275236975, 4671366.524300517514348 ], [ 371974.620060336892493, 4671368.902305925264955 ], [ 371967.80090035428293, 4671370.958917144685984 ], [ 371959.716445319179911, 4671378.847661070525646 ], [ 371957.581908129155636, 4671386.850407271645963 ], [ 371957.850949317216873, 4671401.651572300121188 ], [ 371957.741628390154801, 4671408.362379851751029 ], [ 371956.50540449260734, 4671415.793432562611997 ], [ 371950.373981919663493, 4671424.324236129410565 ], [ 371943.571434784214944, 4671427.291371651925147 ], [ 371931.778799069521483, 4671425.684161918237805 ], [ 371914.769358062825631, 4671426.571009955368936 ], [ 371903.290479259216227, 4671424.047341993078589 ], [ 371896.560442701971624, 4671431.000733972527087 ], [ 371885.498964096710552, 4671438.255056359805167 ], [ 371874.274748436291702, 4671449.277740209363401 ], [ 371869.117767812917009, 4671455.058493811637163 ], [ 371856.601011915248819, 4671464.049864330329001 ], [ 371832.384354178619105, 4671464.268303506076336 ], [ 371818.153520781779662, 4671461.228374425321817 ], [ 371803.305530299199745, 4671461.498582221567631 ], [ 371792.982816981617361, 4671459.409453575499356 ], [ 371784.532596366421785, 4671459.441078628413379 ], [ 371778.89684318570653, 4671463.875521832145751 ], [ 371777.747327110730112, 4671469.705580528825521 ], [ 371777.33901620953111, 4671478.587770733982325 ], [ 371769.446321952738799, 4671478.387119464576244 ], [ 371759.181216770608444, 4671473.109187708236277 ], [ 371754.07180075038923, 4671474.690592432394624 ], [ 371745.250325588684063, 4671479.738431881181896 ], [ 371739.532158030837309, 4671485.996011684648693 ], [ 371730.958266698697116, 4671485.585660719312727 ], [ 371725.58584714011522, 4671479.074628935195506 ], [ 371720.832745891588274, 4671469.375624663196504 ], [ 371712.805786953249481, 4671467.700205828994513 ], [ 371705.109112575708423, 4671465.563379645347595 ], [ 371695.506946375244297, 4671464.93854499887675 ], [ 371685.769056018907577, 4671470.014259583316743 ], [ 371683.564960269315634, 4671480.528628911823034 ], [ 371678.322129979263991, 4671493.830761197954416 ], [ 371671.655535724887159, 4671492.008427172899246 ], [ 371649.976765419007279, 4671474.642772512510419 ], [ 371642.4325945393648, 4671468.182480290532112 ], [ 371638.895631777064409, 4671462.215646841563284 ], [ 371629.596323801204562, 4671453.732493019662797 ], [ 371624.517879897146486, 4671457.012850859202445 ], [ 371621.103670750977471, 4671464.128236057236791 ], [ 371608.710623478807975, 4671467.652993290685117 ], [ 371599.591785120195709, 4671468.618936752900481 ], [ 371593.813414316100534, 4671471.567748667672276 ], [ 371579.420211714575998, 4671478.205754162743688 ], [ 371571.959569655591622, 4671482.67363890632987 ], [ 371568.917165208957158, 4671491.1484768781811 ], [ 371562.744966924772598, 4671497.414485117420554 ], [ 371550.88916820671875, 4671505.028162455186248 ], [ 371537.803129955893382, 4671514.485901950858533 ], [ 371529.141205347143114, 4671521.93029773235321 ], [ 371522.147138889238704, 4671526.611875954084098 ], [ 371521.891642941453028, 4671531.625950297340751 ], [ 371528.288163572491612, 4671537.662753691896796 ], [ 371525.453230137994979, 4671543.468066580593586 ] ] ] } },
{ "type": "Feature", "properties": { "highway": "path", "surface": "ground", "access": "", "bicycle": "", "foot": "", "length_km": 2.6244989835187043 }, "geometry": { "type": "MultiLineString", "coordinates": [ [ [ 373452.960730749648064, 4671075.349553626962006 ], [ 373432.063983993779402, 4671093.041108730249107 ], [ 373411.527598737215158, 4671110.093143444508314 ], [ 373397.089191524661146, 4671136.865543800406158 ], [ 373366.306267312902492, 4671159.722127836197615 ], [ 373341.492703071562573, 4671175.02968458365649 ], [ 373311.127391040907241, 4671202.25526471529156 ], [ 373268.959068762080278, 4671233.247626886703074 ], [ 373256.705249215476215, 4671258.803684202954173 ], [ 373245.209150562121067, 4671269.995585511438549 ], [ 373229.581629644613713, 4671305.919919285923243 ], [ 373218.612649297865573, 4671317.935426377691329 ], [ 373205.085934276343323, 4671329.663772922940552 ], [ 373187.861163494817447, 4671352.099455270916224 ], [ 373182.745909454068169, 4671359.800002673640847 ], [ 373164.923092857759912, 4671386.63387528527528 ], [ 373154.965039315691683, 4671398.809005895629525 ], [ 373149.236279346048832, 4671410.05273196939379 ], [ 373142.714947171742097, 4671424.531837848946452 ], [ 373135.839703957550228, 4671428.532086003571749 ], [ 373123.813905459246598, 4671429.093005741946399 ], [ 373112.529073595011141, 4671433.183810305781662 ], [ 373090.911195097200107, 4671447.423991973511875 ], [ 373077.353587666351814, 4671456.953925741836429 ], [ 373065.736248889530543, 4671461.384017016738653 ], [ 373040.354666355997324, 4671463.874069822020829 ], [ 373032.272871868219227, 4671472.88332596514374 ], [ 373025.553055330412462, 4671485.500112849287689 ], [ 373017.238680608104914, 4671494.43583002500236 ], [ 373002.589457116089761, 4671499.764838131144643 ], [ 372986.038264085480478, 4671503.606479106470942 ], [ 372930.494657598552294, 4671500.920634207315743 ], [ 372920.207847129146103, 4671521.399175111204386 ], [ 372902.956436023523565, 4671533.584093797951937 ], [ 372913.363954521541018, 4671553.222772303037345 ], [ 372914.217799195670523, 4671563.003971299156547 ], [ 372923.52301361784339, 4671571.45532483048737 ], [ 372935.694786588137504, 4671578.999719589948654 ], [ 372936.383441525278613, 4671588.783900248818099 ], [ 372929.496966587787028, 4671611.378119179978967 ], [ 372925.333110702340491, 4671624.626449939794838 ], [ 372924.991598713560961, 4671634.084890899248421 ], [ 372937.989832614548504, 4671649.900392643176019 ], [ 372943.576650254777633, 4671658.752064640633762 ], [ 372942.676712228625547, 4671665.188295322470367 ], [ 372938.340162600739859, 4671669.320673204027116 ], [ 372933.124667337164283, 4671671.436281319707632 ], [ 372927.00694068550365, 4671670.702496872283518 ], [ 372921.233034601202235, 4671669.795905577018857 ], [ 372915.701168980973307, 4671673.605538713745773 ], [ 372911.9063688046881, 4671682.58203330822289 ], [ 372911.800524469756056, 4671689.992487916722894 ], [ 372910.976055874489248, 4671697.404801797121763 ], [ 372906.041852264141198, 4671702.747569628059864 ], [ 372904.687308561522514, 4671707.792494923807681 ], [ 372900.997975487844087, 4671715.745225734077394 ], [ 372896.16961823560996, 4671713.677545580081642 ], [ 372892.944799548946321, 4671708.004391415044665 ], [ 372888.166345602134243, 4671695.428342864848673 ], [ 372877.453054035489913, 4671686.302694396115839 ], [ 372871.662919446825981, 4671684.496748265810311 ], [ 372861.728544920333661, 4671678.711458287201822 ], [ 372852.33728562964825, 4671676.015305100008845 ], [ 372846.380823595740367, 4671678.266534308902919 ], [ 372841.066928744490724, 4671689.114300960674882 ], [ 372844.878953079401981, 4671701.230155213735998 ], [ 372850.06933979090536, 4671723.350991734303534 ], [ 372853.805258965992834, 4671744.065249662846327 ], [ 372856.322510408412199, 4671764.079535757191479 ], [ 372853.491934053250588, 4671766.518695541657507 ], [ 372844.879903621971607, 4671767.629390475340188 ], [ 372836.742410144419409, 4671768.487168605439365 ], [ 372831.495666730392259, 4671769.781482568010688 ], [ 372829.705350395524874, 4671777.222356596030295 ], [ 372833.135182811762206, 4671780.981331237591803 ], [ 372842.564639892894775, 4671785.342854893766344 ], [ 372851.750765386677813, 4671789.953143367543817 ], [ 372854.701636559562758, 4671793.720774285495281 ], [ 372852.898274508421309, 4671800.439904975704849 ], [ 372848.190832117514219, 4671805.067760021425784 ], [ 372842.769554675556719, 4671810.419371175579727 ], [ 372843.821895036031492, 4671815.176498732529581 ], [ 372851.728844896832015, 4671815.278113684616983 ], [ 372861.298701149004046, 4671814.150134798139334 ], [ 372875.180912919458933, 4671818.997794372960925 ], [ 372876.261416888562962, 4671819.367046577855945 ], [ 372884.524061705451459, 4671825.904493513517082 ], [ 372891.93205110670533, 4671837.722218312323093 ], [ 372893.802113896468654, 4671848.429197439923882 ], [ 372889.316915486357175, 4671852.097789759747684 ], [ 372881.008986676693894, 4671856.779496944509447 ], [ 372872.996855657314882, 4671864.577017989940941 ], [ 372877.531002000032458, 4671876.435493387281895 ], [ 372881.159325699671172, 4671891.653608335182071 ], [ 372880.244020816287957, 4671893.114073577336967 ], [ 372870.441576654964592, 4671908.807860610075295 ], [ 372854.641641241672914, 4671910.281551838852465 ], [ 372845.341292488155887, 4671912.604264881461859 ], [ 372839.218943219864741, 4671918.923765764571726 ], [ 372842.195994873531163, 4671924.601368547417223 ], [ 372849.086139980121516, 4671934.273587648756802 ], [ 372847.321154090692289, 4671942.658121033571661 ], [ 372841.882748506614007, 4671947.054822117090225 ], [ 372838.360039396211505, 4671948.766173498705029 ] ], [ [ 372837.068278903665487, 4671949.39371782168746 ], [ 372835.233823993243277, 4671950.284906066022813 ], [ 372828.755564986728132, 4671950.157518221996725 ], [ 372821.999141806387343, 4671947.891455361619592 ], [ 372811.419872550992295, 4671946.172047393396497 ], [ 372789.937613091431558, 4671951.336157268844545 ], [ 372764.902305743831675, 4671958.719333123415709 ], [ 372754.957240497809835, 4671965.585586294531822 ], [ 372742.455716883705463, 4671976.796563622541726 ], [ 372736.128560536599252, 4671985.030313486233354 ], [ 372728.120950971962884, 4671993.061184277758002 ], [ 372698.615726753487252, 4671991.683985381387174 ], [ 372684.082573537423741, 4671996.967183452099562 ], [ 372678.031481395417359, 4672000.819728676229715 ], [ 372657.06922227650648, 4672014.172030595131218 ], [ 372631.126080813177396, 4672011.531123861670494 ], [ 372606.127540740475524, 4672007.68474543094635 ], [ 372594.141838034847751, 4672007.668305960483849 ], [ 372581.441959409392439, 4672007.89806080237031 ], [ 372572.034112910332624, 4672004.724979335442185 ], [ 372559.961805872153491, 4671999.922922028228641 ], [ 372548.142007802380249, 4671995.838289198465645 ], [ 372534.646323298802599, 4671992.261620196513832 ], [ 372515.964007267379202, 4671992.83302120026201 ], [ 372498.292002644506283, 4671996.740584571845829 ], [ 372480.585235025384463, 4671998.727260167710483 ], [ 372459.870978877821472, 4671993.370982899330556 ], [ 372447.380369592807256, 4671991.931093906052411 ], [ 372430.404676602280233, 4671994.149015779606998 ], [ 372414.840226860833354, 4671995.386185462586582 ], [ 372401.583535957266577, 4671991.327824984677136 ], [ 372373.376937302818988, 4671982.764246287755668 ], [ 372360.198073832900263, 4671983.003078064881265 ], [ 372347.35809584526578, 4671988.72280072979629 ], [ 372329.916967333992943, 4671992.148990659043193 ], [ 372316.76118407730246, 4671980.447131300345063 ], [ 372305.072351944982074, 4671970.384793578647077 ], [ 372282.398838258581236, 4671962.676481587812304 ], [ 372249.29004378936952, 4671947.993301782757044 ], [ 372238.276155203813687, 4671935.530754922889173 ], [ 372222.206670659594238, 4671935.344664226286113 ], [ 372187.316073183494154, 4671928.091563507914543 ], [ 372158.285492961294949, 4671926.952358396723866 ], [ 372117.032630179426633, 4671939.164037738926709 ], [ 372082.01962498924695, 4671938.367030387744308 ], [ 372056.505977035791148, 4671945.761437460780144 ], [ 372023.469453190802597, 4671948.272121792659163 ], [ 371992.104775375279132, 4671950.508214144967496 ], [ 371945.855047569493763, 4671951.826585558243096 ], [ 371891.049017779878341, 4671970.01742884889245 ], [ 371851.068197848740965, 4671991.726543039083481 ], [ 371818.34324900934007, 4672019.512833846732974 ], [ 371792.713143528497312, 4672036.362686057575047 ], [ 371775.834302839240991, 4672049.332340813241899 ], [ 371761.948429546726402, 4672053.258373214863241 ] ], [ [ 371749.167917672777548, 4672057.398242702707648 ], [ 371738.785677071777172, 4672061.311676426790655 ] ], [ [ 371717.892634961288422, 4672076.222755468450487 ], [ 371717.672388821200002, 4672076.404916416853666 ] ] ] } },
{ "type": "Feature", "properties": { "highway": "track", "surface": "", "access": "", "bicycle": "", "foot": "", "length_km": 0.41166194896692154 }, "geometry": { "type": "MultiLineString", "coordinates": [ [ [ 371525.453230137994979, 4671543.468066580593586 ], [ 371528.171767802443355, 4671543.962743131443858 ], [ 371553.532345715677366, 4671549.990849155932665 ] ], [ [ 371575.742693360778503, 4671555.270158282481134 ], [ 371576.085039393277839, 4671555.351532539352775 ], [ 371580.740306435269304, 4671557.410376353189349 ], [ 371584.770758812432177, 4671559.180715729482472 ], [ 371589.431688452605158, 4671561.550467511638999 ], [ 371593.167725083767436, 4671563.937082758173347 ], [ 371597.828446216939483, 4671566.295736325904727 ], [ 371601.875688436441123, 4671568.987688633613288 ], [ 371605.591300695377868, 4671571.267009455710649 ] ], [ [ 371673.165860387962312, 4671593.355369786731899 ], [ 371675.892860346706584, 4671594.007677661255002 ], [ 371677.54679838148877, 4671594.646512974984944 ] ], [ [ 371723.308750569529366, 4671612.322115376591682 ], [ 371731.997282041062135, 4671615.678069841116667 ], [ 371778.518853355140891, 4671635.068612799979746 ], [ 371783.773969134315848, 4671636.505763540975749 ], [ 371789.034741788287647, 4671638.253820487298071 ], [ 371793.661997067101765, 4671638.780498336069286 ], [ 371798.289251534093637, 4671639.307179209776223 ], [ 371803.233362716855481, 4671640.450106812641025 ], [ 371807.849500544485636, 4671640.36609292961657 ], [ 371812.471094412496313, 4671640.58188074734062 ], [ 371817.698312846419867, 4671640.486752251163125 ], [ 371822.628248701046687, 4671640.397037462331355 ], [ 371828.161007516435347, 4671640.296356636099517 ], [ 371833.396483752527274, 4671640.201089529320598 ], [ 371838.301594824413769, 4671639.2010363265872 ], [ 371842.912076177890413, 4671638.806143126450479 ], [ 371880.287883803423028, 4671629.540235466323793 ], [ 371902.368401469255332, 4671624.995606785640121 ], [ 371904.504318953549955, 4671623.890459572896361 ], [ 371906.796955755213276, 4671623.226756039075553 ], [ 371909.100900627672672, 4671623.184857871383429 ], [ 371911.415930229588412, 4671623.298261441290379 ], [ 371913.296404316904955, 4671625.40777925401926 ], [ 371914.574255307088606, 4671627.539363222196698 ], [ 371914.924419144284911, 4671629.987714608199894 ], [ 371914.817594540014397, 4671632.744273882359266 ], [ 371914.091410473745782, 4671635.056695603765547 ], [ 371912.902787315368187, 4671637.377526767551899 ], [ 371910.797766739910003, 4671640.181530573405325 ], [ 371909.143879395211115, 4671642.355320799164474 ], [ 371907.338524964870885, 4671644.376363415271044 ], [ 371905.216748579870909, 4671646.258765715174377 ], [ 371903.40879259200301, 4671648.590861893258989 ], [ 371901.300728668167721, 4671650.77291392441839 ], [ 371888.255885194928851, 4671661.595449393615127 ], [ 371875.672299760975875, 4671680.062569949775934 ], [ 371861.236639821145218, 4671698.88552232272923 ], [ 371857.612277330190409, 4671702.62798573076725 ], [ 371853.982262314471882, 4671706.059548756107688 ], [ 371849.422128345933743, 4671709.219245919026434 ], [ 371843.325852290552575, 4671712.395788952708244 ], [ 371838.75986794300843, 4671715.233487226068974 ], [ 371834.177319386915769, 4671717.160688783042133 ], [ 371829.294691727496684, 4671719.393251972272992 ], [ 371824.106530178396497, 4671721.63137873634696 ], [ 371819.851753985567484, 4671724.774431857280433 ], [ 371817.47072136902716, 4671727.052149040624499 ] ] ] } },
{ "type": "Feature", "properties": { "highway": "path", "surface": "", "access": "", "bicycle": "", "foot": "", "length_km": 0.16366263320730504 }, "geometry": { "type": "MultiLineString", "coordinates": [ [ [ 371912.902787315368187, 4671637.377526767551899 ], [ 371902.448168667091522, 4671659.360224317759275 ], [ 371880.252031860989518, 4671693.419132459908724 ], [ 371831.400350991287269, 4671742.502616615965962 ], [ 371824.769689402775839, 4671754.44148032553494 ], [ 371810.658946175070014, 4671761.46034496743232 ] ] ] } },
{ "type": "Feature", "properties": { "highway": "path", "surface": "ground", "access": "", "bicycle": "", "foot": "", "length_km": 3.2654361413053183 }, "geometry": { "type": "MultiLineString", "coordinates": [ [ [ 373182.745909454068169, 4671359.800002673640847 ], [ 373209.815724620886613, 4671363.42239597812295 ], [ 373240.229118673945777, 4671366.473791207186878 ], [ 373249.76792875881074, 4671365.88007321767509 ], [ 373270.758311287034303, 4671364.025151916779578 ], [ 373279.967244507046416, 4671368.513415860012174 ], [ 373305.886028658249415, 4671405.056506129913032 ], [ 373314.431567059422377, 4671441.101287172175944 ], [ 373317.389590325416066, 4671488.909159976989031 ], [ 373337.860408059903421, 4671541.789108690805733 ], [ 373375.865399139001966, 4671568.329631674103439 ], [ 373432.032529159798287, 4671586.457908978685737 ], [ 373495.221173131954856, 4671611.047097599133849 ], [ 373571.726011185965035, 4671624.634909397922456 ], [ 373653.715950606158003, 4671652.986603170633316 ], [ 373684.69762311631348, 4671663.860252529382706 ], [ 373706.893410774588119, 4671682.288967363536358 ], [ 373804.144403450773098, 4671719.2434018002823 ], [ 373857.066014652722515, 4671757.848172519356012 ], [ 373889.315797891584225, 4671780.540260565467179 ], [ 373953.77316401374992, 4671788.061165440827608 ], [ 373994.686504371755291, 4671796.847969267517328 ], [ 374059.47757439565612, 4671834.597643203102052 ], [ 374081.389037571672816, 4671849.222798974253237 ], [ 374091.444424681714736, 4671865.548322782851756 ], [ 374117.491883741691709, 4671885.597707331180573 ], [ 374131.613684990967158, 4671891.898561418056488 ], [ 374173.080134314368479, 4671907.651799225248396 ], [ 374209.233756989531685, 4671935.351530093699694 ], [ 374257.948606774851214, 4671976.355710941366851 ], [ 374288.719764748064335, 4671988.068724727258086 ], [ 374308.635703173233196, 4671985.813934374600649 ], [ 374336.712224911316298, 4671977.060282219201326 ], [ 374359.521632608084474, 4671970.311139540746808 ], [ 374365.271082871535327, 4671971.26375709567219 ], [ 374384.769904820714146, 4671981.278948832303286 ], [ 374414.21771160379285, 4672013.753201560117304 ], [ 374438.163383692910429, 4672035.529487956315279 ], [ 374445.340016359696165, 4672056.771746025420725 ], [ 374451.322955929965246, 4672070.826733940280974 ], [ 374455.492052912013605, 4672078.582970925606787 ], [ 374455.729380617383868, 4672091.896242540329695 ], [ 374457.02832945965929, 4672104.99066040944308 ], [ 374463.176273459685035, 4672116.721316039562225 ], [ 374468.402992414718028, 4672124.036634433083236 ], [ 374466.393902969895862, 4672130.414643087424338 ], [ 374465.065946942660958, 4672139.32405411824584 ], [ 374461.88699576939689, 4672151.432005995884538 ], [ 374458.901683563191909, 4672153.551157114095986 ], [ 374454.54599267616868, 4672156.638849068433046 ], [ 374438.675988426664844, 4672159.2542879357934 ], [ 374421.999579060007818, 4672152.776256495155394 ], [ 374410.542216668836772, 4672141.140316057018936 ], [ 374400.94688395090634, 4672126.927640592679381 ], [ 374392.078556337743066, 4672117.355918444693089 ], [ 374345.872302147443406, 4672097.876257975585759 ], [ 374321.636651881504804, 4672083.924911363050342 ], [ 374305.856755443557631, 4672079.563724952749908 ], [ 374294.045365495723672, 4672084.206306776031852 ], [ 374280.644057749654166, 4672094.175418408587575 ], [ 374269.958945395192131, 4672114.248033312149346 ], [ 374258.897565466177184, 4672124.808525790460408 ], [ 374246.229174824431539, 4672128.633454603143036 ], [ 374233.049060185381677, 4672127.3915597461164 ], [ 374218.130074985907413, 4672124.059272656217217 ], [ 374205.532075065304525, 4672120.263485298492014 ], [ 374190.188172160589602, 4672116.727809558622539 ], [ 374176.744333628332242, 4672112.747253431007266 ], [ 374159.771229438891169, 4672113.261554456315935 ], [ 374131.691482711583376, 4672121.793857156299055 ], [ 374114.909745660494082, 4672121.46070004068315 ], [ 374102.338792715338059, 4672118.719795006327331 ], [ 374091.72825309674954, 4672118.909484839066863 ], [ 374078.251128689444158, 4672125.081689199432731 ], [ 374060.52655891503673, 4672130.685657421126962 ], [ 374046.992488601128571, 4672133.671175318770111 ], [ 374023.9088092558668, 4672137.04968039598316 ], [ 374004.272411061450839, 4672142.899029007181525 ], [ 373982.84874314191984, 4672143.493384967558086 ], [ 373952.295445777010173, 4672132.410921487957239 ], [ 373943.079687993740663, 4672127.921952350065112 ], [ 373933.098114272172097, 4672127.256475786678493 ], [ 373915.665248796518426, 4672126.080193805508316 ], [ 373897.578582274669316, 4672123.449509808793664 ], [ 373888.64566359348828, 4672122.765318811871111 ], [ 373865.460285291657783, 4672120.00387716293335 ], [ 373849.909051654860377, 4672116.89472278021276 ], [ 373840.851202985853888, 4672109.237499671988189 ], [ 373828.990554884949233, 4672098.664874257519841 ], [ 373818.254840736743063, 4672091.870779473334551 ], [ 373785.70644589693984, 4672075.959805347956717 ], [ 373763.358067348483019, 4672060.921323892660439 ], [ 373740.426928376371507, 4672048.85898473393172 ], [ 373716.483473572763614, 4672039.769389564171433 ], [ 373670.445860498934053, 4672029.376748822629452 ], [ 373653.914938202884514, 4672019.099215689115226 ], [ 373620.446963395224884, 4671999.395697387866676 ], [ 373606.264096695173066, 4671989.709248603321612 ], [ 373589.078231675026473, 4671978.388428137637675 ], [ 373573.695790506550111, 4671972.744389116764069 ], [ 373557.66924479190493, 4671967.111946443095803 ], [ 373544.852767200733069, 4671962.688125890679657 ], [ 373527.864132823131513, 4671962.360065095126629 ], [ 373511.665187820151914, 4671958.63015705998987 ], [ 373487.199173744593281, 4671955.892932881601155 ], [ 373467.6596437379485, 4671955.188764086924493 ], [ 373454.102693986380473, 4671956.909602265805006 ], [ 373430.857698377687484, 4671962.82538496516645 ], [ 373409.29480804054765, 4671967.655823525041342 ], [ 373396.843096745375078, 4671983.52974403463304 ], [ 373381.725924017489888, 4671993.109375318512321 ], [ 373368.790379211190157, 4671993.552984164096415 ], [ 373357.114422855956946, 4671993.762929418124259 ], [ 373343.125057176686823, 4671994.858647977933288 ], [ 373327.227768290846143, 4671996.421892751939595 ], [ 373327.924967812781688, 4671999.363879620097578 ], [ 373328.444950929842889, 4672004.852612684480846 ], [ 373326.176613369840197, 4672008.703195806592703 ], [ 373330.738246787223034, 4672014.330273494124413 ], [ 373330.852479097084142, 4672020.681562222540379 ], [ 373324.750072920171078, 4672023.534810168668628 ], [ 373316.770112920959946, 4672028.543320002965629 ], [ 373317.685332491702866, 4672032.125604560598731 ], [ 373325.41465251421323, 4672037.062587197870016 ], [ 373316.802687700081151, 4672042.293502992019057 ], [ 373307.739050497999415, 4672045.833146483637393 ], [ 373302.080770895525347, 4672049.955759247764945 ], [ 373304.324752877058927, 4672056.690810427069664 ], [ 373306.38866482663434, 4672064.895258037373424 ], [ 373301.626449066447094, 4672071.534204456955194 ], [ 373298.189202831301372, 4672081.114952187053859 ], [ 373302.766325106262229, 4672090.818092319183052 ], [ 373302.803565648209769, 4672126.405041550286114 ], [ 373299.34603993158089, 4672134.397819018922746 ], [ 373296.28327164723305, 4672139.540040917694569 ], [ 373296.704455005936325, 4672145.963559868745506 ], [ 373297.757713386556134, 4672154.463869743049145 ], [ 373295.346076335234102, 4672162.282332129776478 ], [ 373292.623801239067689, 4672169.362198977731168 ], [ 373290.084857037116308, 4672178.826827159151435 ], [ 373284.708251424948685, 4672188.498016210272908 ], [ 373271.988690355559811, 4672190.826163662597537 ], [ 373262.063969494251069, 4672189.649681597948074 ], [ 373251.928800942841917, 4672185.500257554464042 ], [ 373239.642334424948785, 4672178.390611624345183 ], [ 373232.872032754414249, 4672177.168499648571014 ], [ 373225.000856761238538, 4672182.241809522733092 ], [ 373219.630246907123365, 4672183.982364895753562 ], [ 373216.417097519908566, 4672180.308172824792564 ], [ 373213.752484799362719, 4672174.069438304752111 ], [ 373210.493288587429561, 4672168.296806705184281 ], [ 373203.907277633319609, 4672160.795805476605892 ], [ 373195.644078232930042, 4672156.024071445688605 ], [ 373188.993665072892327, 4672154.122299276292324 ], [ 373182.366501519922167, 4672153.053158724680543 ], [ 373177.755613628425635, 4672151.114670417271554 ], [ 373175.894106695428491, 4672144.983666125684977 ] ] ] } },
{ "type": "Feature", "properties": { "highway": "path", "surface": "", "access": "", "bicycle": "", "foot": "", "length_km": 0.03696743623775995 }, "geometry": { "type": "MultiLineString", "coordinates": [ [ [ 372875.180912919458933, 4671818.997794372960925 ], [ 372872.929002154327463, 4671807.731240740977228 ], [ 372871.149288590881042, 4671802.03201340418309 ], [ 372868.43734025163576, 4671797.771343649365008 ], [ 372864.340469822054729, 4671796.412455988116562 ], [ 372858.328186254948378, 4671795.56575901992619 ], [ 372854.701636559562758, 4671793.720774285495281 ] ] ] } },
{ "type": "Feature", "properties": { "highway": "path", "surface": "", "access": "", "bicycle": "", "foot": "", "length_km": 0.097736615338863367 }, "geometry": { "type": "MultiLineString", "coordinates": [ [ [ 371853.809351487783715, 4671936.421609678305686 ], [ 371887.262932607729454, 4671928.533764502033591 ], [ 371923.237616272759624, 4671939.508848794735968 ], [ 371945.855047569493763, 4671951.826585558243096 ] ] ] } },
{ "type": "Feature", "properties": { "highway": "path", "surface": "ground", "access": "", "bicycle": "", "foot": "", "length_km": 0.48639491630766202 }, "geometry": { "type": "MultiLineString", "coordinates": [ [ [ 372678.031481395417359, 4672000.819728676229715 ], [ 372688.59941385651473, 4672002.827928960323334 ], [ 372700.532965050311759, 4671999.502179869450629 ], [ 372706.502324435859919, 4671998.439059622585773 ], [ 372719.083553796284832, 4672004.89825873170048 ], [ 372729.218347442802042, 4672008.53601014520973 ], [ 372743.507828538364265, 4672003.02405543718487 ], [ 372749.164498095866293, 4671997.91246434673667 ], [ 372755.090363807918038, 4671993.984493399038911 ], [ 372763.685222715139389, 4671992.396373989991844 ], [ 372773.267664959537797, 4671991.978903519921005 ], [ 372775.983449075953104, 4671995.995107964612544 ], [ 372769.099715454562102, 4671999.940365095622838 ], [ 372768.21086061297683, 4672003.777326416224241 ], [ 372781.475914321956225, 4672008.313828900456429 ], [ 372795.014909152290784, 4672014.755859502591193 ], [ 372806.713541521166917, 4672038.669576394371688 ], [ 372827.062460222514346, 4672063.615581573918462 ], [ 372849.120045449933968, 4672077.068083765916526 ], [ 372855.697213970241137, 4672082.68069361243397 ], [ 372867.78198900015559, 4672088.193884762004018 ], [ 372897.30563805589918, 4672103.433317589573562 ], [ 372906.518851103493944, 4672106.849106510169804 ] ], [ [ 373032.43201859574765, 4672100.864215567708015 ], [ 373036.505426627350971, 4672099.012006625533104 ], [ 373069.555706855491735, 4672110.58981472440064 ], [ 373085.318203918286599, 4672120.813208750449121 ], [ 373103.59392534464132, 4672123.827168616466224 ], [ 373116.332384169800207, 4672125.752459870651364 ], [ 373138.204177208885085, 4672128.934972204267979 ], [ 373152.452230314025655, 4672134.420778778381646 ], [ 373165.028384219505824, 4672140.636481024324894 ], [ 373175.894106695428491, 4672144.983666125684977 ], [ 373185.227124301833101, 4672142.194287403486669 ], [ 373189.155920842429623, 4672134.692789077758789 ], [ 373195.292408823675942, 4672127.318151138722897 ], [ 373202.882717525470071, 4672124.993358614854515 ] ] ] } },
{ "type": "Feature", "properties": { "highway": "residential", "surface": "concrete", "access": "", "bicycle": "", "foot": "", "length_km": 0.0029069527110665893 }, "geometry": { "type": "MultiLineString", "coordinates": [ [ [ 370160.868036846688483, 4671124.791687327437103 ], [ 370159.756214368855581, 4671123.368340505287051 ], [ 370159.345687362947501, 4671122.346918600611389 ] ] ] } },
{ "type": "Feature", "properties": { "highway": "path", "surface": "", "access": "", "bicycle": "", "foot": "", "length_km": 2.0560745448728044 }, "geometry": { "type": "MultiLineString", "coordinates": [ [ [ 369682.871515290637035, 4671283.897448357194662 ], [ 369681.129680862301029, 4671286.888486489653587 ], [ 369680.772557171469089, 4671288.572319850325584 ], [ 369681.491726926993579, 4671289.936340833082795 ], [ 369683.19901843322441, 4671291.126577853225172 ], [ 369685.276168951881118, 4671291.32140916865319 ], [ 369687.232531273388304, 4671289.452487668022513 ], [ 369689.472927894268651, 4671285.967730707488954 ], [ 369691.348445482610259, 4671283.691793141886592 ] ], [ [ 369748.160898461122997, 4671299.390181051567197 ], [ 369749.686900926579256, 4671301.970723495818675 ], [ 369751.979007474204991, 4671305.749308553524315 ], [ 369755.44000082067214, 4671310.194944900460541 ], [ 369758.76399577781558, 4671315.720539076253772 ], [ 369761.46984664775664, 4671321.324207806959748 ], [ 369764.468363532738294, 4671325.778398570604622 ], [ 369767.762579245027155, 4671329.693965824320912 ], [ 369770.75390421168413, 4671333.759530985727906 ], [ 369773.188938389183022, 4671336.780172878876328 ], [ 369775.861975458567031, 4671340.162961802445352 ], [ 369779.076312070072163, 4671343.780109253711998 ], [ 369783.270140681532212, 4671346.757134168408811 ], [ 369786.544427221873775, 4671349.595654653385282 ], [ 369789.883388775167987, 4671351.910930645652115 ], [ 369793.905983391450718, 4671353.669306573458016 ], [ 369797.988582729187328, 4671354.204755520448089 ], [ 369802.578570328652859, 4671353.586761010810733 ], [ 369807.244114069908392, 4671353.034017823636532 ], [ 369810.855837413284462, 4671353.122771289199591 ], [ 369814.394828117685392, 4671353.746028588153422 ], [ 369819.868196928873658, 4671355.333210546523333 ], [ 369825.358028935443144, 4671357.364390581846237 ], [ 369831.513952847861219, 4671358.783463812433183 ], [ 369836.902782152523287, 4671359.37255007494241 ], [ 369839.349731958238408, 4671359.016327530145645 ], [ 369842.372708281909581, 4671356.750088134780526 ], [ 369845.619736644090153, 4671354.090949574485421 ], [ 369848.208003474166617, 4671352.887952773831785 ], [ 369851.116186412749812, 4671352.456567909568548 ], [ 369853.32493353926111, 4671351.727097960188985 ], [ 369855.442535326990765, 4671350.088501592166722 ], [ 369856.981234967242926, 4671350.20447095669806 ], [ 369856.867870616610162, 4671352.11704705003649 ], [ 369855.828353036660701, 4671353.980089152231812 ], [ 369854.399057868286036, 4671355.761473074555397 ], [ 369851.768675284110941, 4671358.709115715697408 ], [ 369849.82378000637982, 4671361.199796254746616 ], [ 369848.335550367890391, 4671363.815329359844327 ], [ 369847.524394972017035, 4671365.518649280071259 ], [ 369848.23095835687127, 4671366.649662221781909 ], [ 369849.838439486746211, 4671366.464457848109305 ], [ 369851.356210508442018, 4671365.447852383367717 ], [ 369853.549362449673936, 4671363.874504088424146 ], [ 369854.041569037130103, 4671365.475990915670991 ], [ 369853.395524542836938, 4671367.620557714253664 ], [ 369852.667103445040993, 4671369.777754009701312 ], [ 369851.019301742198877, 4671372.251837933436036 ], [ 369848.072294887097087, 4671374.605529824271798 ], [ 369847.175328303419519, 4671375.68841799069196 ], [ 369847.430561463581398, 4671376.983274168334901 ], [ 369849.045220578031149, 4671377.186697735451162 ], [ 369852.164876795082819, 4671376.129388322122395 ], [ 369855.068742217379622, 4671375.464827962219715 ], [ 369858.52785437554121, 4671375.789681392721832 ], [ 369862.531955103680957, 4671376.548766288906336 ], [ 369866.935829641181044, 4671378.377890933305025 ], [ 369870.648732541012578, 4671379.919881437905133 ], [ 369873.524835083750077, 4671381.777232971042395 ], [ 369873.156390639778692, 4671382.850354481488466 ], [ 369871.944022373121697, 4671383.405908095650375 ], [ 369869.869983061915264, 4671383.377577384002507 ], [ 369868.575033114175312, 4671383.934657146222889 ], [ 369867.912166093301494, 4671385.168722307309508 ], [ 369867.629328346578404, 4671386.85117253754288 ], [ 369868.354195749794599, 4671388.526114305481315 ], [ 369869.987107230059337, 4671389.71776854339987 ], [ 369872.242405896482524, 4671391.508835595101118 ], [ 369874.658916418789886, 4671393.53018179256469 ], [ 369877.547729304118548, 4671396.075961919501424 ], [ 369880.666484633693472, 4671398.995149031281471 ], [ 369883.862281487323344, 4671401.613013190217316 ], [ 369887.365064168407116, 4671404.302960551343858 ], [ 369890.925145312736277, 4671406.069932831451297 ], [ 369894.793648166698404, 4671407.986714626662433 ], [ 369899.214160666626412, 4671410.270956534892321 ], [ 369902.385952047014143, 4671411.58970037009567 ], [ 369906.458813670265954, 4671412.047638159245253 ], [ 369910.994131987390574, 4671412.497037794440985 ], [ 369912.674491765152197, 4671412.232749331742525 ], [ 369915.704438245971687, 4671410.344065748155117 ], [ 369919.579441735404544, 4671408.139877239242196 ], [ 369923.986718076863326, 4671405.681498275138438 ], [ 369926.40146460669348, 4671403.58203071821481 ], [ 369927.689238895545714, 4671402.636333408765495 ], [ 369929.376777505211066, 4671402.760677176527679 ], [ 369930.011870851041749, 4671404.048521655611694 ], [ 369929.590065658849198, 4671405.811287033371627 ], [ 369928.092181076470297, 4671407.904930888675153 ], [ 369926.770885797101073, 4671411.061629360541701 ], [ 369925.15690024633659, 4671415.367800038307905 ], [ 369923.869644212652929, 4671420.367707128636539 ], [ 369923.10625251242891, 4671424.658171613700688 ], [ 369921.968876886297949, 4671429.721956263296306 ], [ 369919.693315104872454, 4671434.884511577896774 ], [ 369916.705973026866559, 4671439.527054611593485 ], [ 369915.006250884616747, 4671442.768496464006603 ], [ 369911.802749042923097, 4671444.20498074311763 ], [ 369909.484751884592697, 4671447.069081478752196 ], [ 369907.398338739061728, 4671450.395419002510607 ], [ 369904.786428830004297, 4671454.342372263781726 ], [ 369901.78495510056382, 4671458.218769395723939 ], [ 369899.240401669871062, 4671461.786827653646469 ], [ 369896.774125169788022, 4671465.120184709317982 ], [ 369894.131053575547412, 4671467.379385407082736 ], [ 369891.717979921784718, 4671469.567694240249693 ], [ 369889.547565601533279, 4671472.817837186157703 ], [ 369888.209483138401993, 4671475.064043439924717 ], [ 369886.669709515816066, 4671478.913448626175523 ], [ 369884.506122947786935, 4671482.085715101100504 ], [ 369882.471493515302427, 4671484.189284780994058 ], [ 369880.044071566022467, 4671485.600341406650841 ], [ 369877.905585208092816, 4671486.10635778773576 ], [ 369875.788021215237677, 4671487.744948538951576 ], [ 369873.993032141472213, 4671490.299499556422234 ], [ 369873.267491464153863, 4671492.612145563587546 ], [ 369873.391248695203103, 4671495.286755595356226 ], [ 369874.382406765769701, 4671498.856152997352183 ], [ 369874.200615275418386, 4671501.536407557316124 ], [ 369872.039913467422593, 4671504.864129550755024 ], [ 369869.718002998852171, 4671507.961573948152363 ], [ 369868.17127307417104, 4671511.433459168300033 ], [ 369866.191633605456445, 4671516.512816016562283 ], [ 369863.974875503801741, 4671520.830139967612922 ], [ 369861.520073217456229, 4671525.229614871554077 ], [ 369859.074968186789192, 4671529.706663810648024 ], [ 369856.372125134745147, 4671533.199912226758897 ], [ 369854.795660514151677, 4671535.061769385822117 ], [ 369855.067916053114459, 4671537.278230174444616 ], [ 369853.802538684569299, 4671539.434241184964776 ], [ 369851.032201930764131, 4671542.850986822508276 ], [ 369847.298091183649376, 4671548.651429806835949 ], [ 369843.667904844565783, 4671555.605130224488676 ], [ 369839.800551993015688, 4671562.241099135950208 ], [ 369836.769826569478028, 4671568.106303326785564 ], [ 369834.330653483862989, 4671573.349667355418205 ], [ 369831.868757976510096, 4671576.916226235218346 ], [ 369828.626306528574787, 4671580.263954332098365 ], [ 369824.775280785688665, 4671583.311922178603709 ], [ 369821.28442451992305, 4671585.28691984526813 ], [ 369817.765611439244822, 4671586.196119989268482 ], [ 369814.884255086537451, 4671587.626698277890682 ], [ 369812.701190882653464, 4671590.188439792953432 ], [ 369811.609771621297114, 4671593.263163398019969 ], [ 369811.379135078925174, 4671597.321648814715445 ], [ 369812.067799061944243, 4671601.507539984770119 ], [ 369814.064090408966877, 4671605.824767316691577 ], [ 369816.4599948101677, 4671610.7566271238029 ], [ 369818.285220444726292, 4671614.310602493584156 ], [ 369819.496328723791521, 4671617.265017993748188 ], [ 369820.088296876929235, 4671620.241983881220222 ], [ 369821.504103465296794, 4671622.204052648507059 ], [ 369822.62565284082666, 4671624.782470196485519 ], [ 369822.837705596059095, 4671628.210756015963852 ], [ 369821.509526553389151, 4671630.989952601492405 ], [ 369822.234178261482157, 4671632.653786266222596 ], [ 369822.294921119813807, 4671635.940471582114697 ], [ 369821.788289684045594, 4671641.603531719185412 ], [ 369820.887997523881495, 4671646.973966104909778 ], [ 369819.368209353880957, 4671651.9004443641752 ], [ 369817.915561718400568, 4671656.43692107591778 ], [ 369816.133363472879864, 4671659.679916282184422 ], [ 369815.655911236186512, 4671662.898796802386642 ], [ 369814.177820474724285, 4671666.05841972772032 ], [ 369811.344317417009734, 4671670.076154870912433 ], [ 369807.760233350214548, 4671675.496197466738522 ], [ 369804.849906194314826, 4671679.826364504173398 ], [ 369802.556410584773403, 4671684.456139942631125 ], [ 369800.538902390922885, 4671687.481340203434229 ], [ 369798.352845197310671, 4671689.432232992723584 ], [ 369797.080536145833321, 4671691.210730988532305 ], [ 369796.291808312234934, 4671694.124358566477895 ], [ 369795.04782647092361, 4671697.435163132846355 ], [ 369792.523124346858822, 4671702.069216498173773 ], [ 369790.231081648904365, 4671706.776722122915089 ], [ 369787.583199327636976, 4671712.790380169637501 ], [ 369784.839811244804878, 4671718.106034916825593 ], [ 369783.151513613760471, 4671721.958214570768178 ], [ 369782.669976647244766, 4671724.955024698749185 ], [ 369782.590674593695439, 4671729.1551120178774 ], [ 369781.883462903089821, 4671732.455995994620025 ], [ 369780.409555524704047, 4671735.393400965258479 ], [ 369779.439924042089842, 4671737.010802404023707 ], [ 369778.246260070125572, 4671739.021107228472829 ], [ 369777.589193718391471, 4671740.566085377708077 ], [ 369777.939895406248979, 4671743.003243556246161 ], [ 369779.187502833199687, 4671744.357502918690443 ], [ 369782.364714951894712, 4671745.975989585742354 ], [ 369786.451559409615584, 4671747.200007217936218 ], [ 369791.085010692651849, 4671748.94708049017936 ], [ 369795.342912536929362, 4671750.934355839155614 ], [ 369798.688304564275313, 4671753.160651098936796 ], [ 369800.793797848164104, 4671755.343222818337381 ], [ 369802.379208224127069, 4671757.990814828313887 ], [ 369803.423552733089309, 4671760.415151968598366 ], [ 369803.704235284239985, 4671763.086862121708691 ], [ 369803.225361755583435, 4671766.228018595837057 ], [ 369803.37870314437896, 4671770.501557324081659 ], [ 369803.085209947021212, 4671775.627523018047214 ], [ 369802.424429529812187, 4671780.993534864857793 ], [ 369801.738356501038652, 4671785.438094945624471 ], [ 369801.026832772302441, 4671788.505800154060125 ], [ 369800.49765837425366, 4671792.947460139170289 ], [ 369800.579555941978469, 4671797.377824214287102 ], [ 369800.856291621108539, 4671800.282864100299776 ], [ 369801.58093327813549, 4671801.946695790626109 ], [ 369804.098538830119651, 4671805.421223227865994 ], [ 369807.798902630107477, 4671810.317858857102692 ], [ 369811.87357397377491, 4671814.907676030881703 ], [ 369814.144356632255949, 4671817.542601820081472 ], [ 369817.012045690615196, 4671819.40008049365133 ], [ 369818.199112399481237, 4671821.055366568267345 ], [ 369818.86251509282738, 4671823.875507879070938 ], [ 369819.96413062105421, 4671825.376869137398899 ], [ 369821.916648814920336, 4671827.329016990028322 ], [ 369824.044531862484291, 4671830.277595833875239 ], [ 369824.987812925071921, 4671831.704131968319416 ], [ 369824.663164375757333, 4671834.698039706796408 ], [ 369826.531304026721045, 4671836.107482549734414 ], [ 369828.649332308908924, 4671838.523086568340659 ], [ 369830.72274682513671, 4671842.994396280497313 ], [ 369832.466615914658178, 4671846.172223824076355 ], [ 369834.589974651113153, 4671848.876524973660707 ], [ 369836.606795916392002, 4671849.838924005627632 ], [ 369840.318183075054549, 4671851.758571612648666 ], [ 369844.190412147552706, 4671853.441992090083659 ], [ 369847.978626513679046, 4671855.049214909784496 ], [ 369850.766432693635579, 4671856.608281148597598 ], [ 369853.490998404973652, 4671858.768319938331842 ], [ 369855.574951802613214, 4671859.340722553431988 ], [ 369859.332179775636178, 4671859.271297203376889 ], [ 369862.565381025429815, 4671859.900218897499144 ], [ 369866.585006522247568, 4671861.514283076860011 ], [ 369869.284126345766708, 4671862.297472764737904 ], [ 369870.897238267352805, 4671862.423173297196627 ], [ 369874.027807998470962, 4671861.521166860125959 ], [ 369876.38646812515799, 4671860.86667959485203 ], [ 369879.611256203730591, 4671861.040358600206673 ], [ 369882.638318994489964, 4671862.583909425884485 ], [ 369886.589515249419492, 4671864.965663648210466 ], [ 369891.710725523997098, 4671868.081113441847265 ], [ 369895.98103836766677, 4671870.745771591551602 ], [ 369898.873965214123018, 4671873.52473483607173 ], [ 369902.624906572920736, 4671877.587422978132963 ], [ 369905.046787328086793, 4671879.90857626311481 ], [ 369907.457386320689693, 4671881.619028498418629 ], [ 369911.783750660426449, 4671883.294096606783569 ], [ 369916.181765321292914, 4671884.823446985334158 ], [ 369920.747746552457102, 4671886.949500569142401 ], [ 369923.078483850578777, 4671888.361531523987651 ], [ 369925.190721361723263, 4671890.466260906308889 ], [ 369927.485429936961737, 4671894.400351440533996 ], [ 369929.074864636466373, 4671897.270044162869453 ], [ 369930.796119990816806, 4671899.22649129293859 ], [ 369933.886195160797797, 4671900.157989270053804 ], [ 369939.185203426517546, 4671900.826547925360501 ], [ 369944.436398102203384, 4671902.484557054005563 ], [ 369947.304222474456765, 4671904.353191131725907 ], [ 369950.979012517782394, 4671907.873044210486114 ], [ 369954.509616254887078, 4671912.08422365039587 ], [ 369956.72301295172656, 4671915.642170762643218 ], [ 369958.612425933708437, 4671918.206429445184767 ], [ 369961.936718766461127, 4671919.744524766691029 ], [ 369966.178887620393652, 4671920.888021552935243 ], [ 369969.820187320641708, 4671923.042285156436265 ], [ 369974.671977602178231, 4671924.096779791638255 ], [ 369980.4330347860232, 4671924.290325371548533 ], [ 369985.032498175336514, 4671924.205417403019965 ], [ 369988.333005521446466, 4671924.455499256029725 ], [ 369991.686862282280345, 4671927.148237691260874 ], [ 369995.706358538882341, 4671929.206673426553607 ], [ 370000.80636249226518, 4671931.178522678092122 ], [ 370004.604539260850288, 4671933.329908015206456 ], [ 370007.872940818197094, 4671935.868726704269648 ], [ 370010.751451032760087, 4671937.870477660559118 ], [ 370013.658444954373408, 4671941.415639947168529 ], [ 370017.088180608756375, 4671944.640147110447288 ], [ 370020.827396188629791, 4671947.625687828287482 ], [ 370023.636232246295549, 4671950.328499073162675 ], [ 370025.151297902804799, 4671953.199584074318409 ], [ 370026.42566466005519, 4671956.008466600440443 ], [ 370029.227179908077233, 4671957.867248635739088 ], [ 370032.03436953847995, 4671960.481233743019402 ], [ 370036.013386607170105, 4671963.928869758732617 ], [ 370039.298768755164929, 4671967.389307232573628 ], [ 370041.733276571321767, 4671970.398933709599078 ], [ 370044.189028238994069, 4671975.007641953416169 ], [ 370047.010404664208181, 4671977.943486904725432 ], [ 370049.526188976189587, 4671981.329269497655332 ], [ 370052.139029244717676, 4671985.946189199574292 ], [ 370054.681504100968596, 4671990.331151579506695 ], [ 370057.301303351996467, 4671995.325597922317684 ], [ 370059.675612479273695, 4671999.10275481082499 ], [ 370062.362757275812328, 4672003.718306987546384 ], [ 370064.597172173613217, 4672008.419964757747948 ], [ 370065.970886781346053, 4672012.137831695377827 ], [ 370068.653579725243617, 4672016.064806199632585 ], [ 370071.734343599062413, 4672020.973000956699252 ], [ 370074.495443973399233, 4672025.120679992251098 ], [ 370078.187109714082908, 4672029.56220197211951 ], [ 370082.198569637082983, 4672035.219645999372005 ], [ 370084.571623968309723, 4672038.930188881233335 ], [ 370087.324312515149359, 4672042.622622200287879 ], [ 370089.309058332699351, 4672046.32922191824764 ], [ 370090.972711836046074, 4672049.197578744962811 ], [ 370093.086285522847902, 4672051.380082484334707 ], [ 370096.049077191739343, 4672053.924576153047383 ], [ 370099.714025255409069, 4672057.366930825635791 ], [ 370101.683400755166076, 4672060.240758492611349 ], [ 370103.118566868070047, 4672062.813431084156036 ], [ 370105.460611947928555, 4672065.291625435464084 ], [ 370108.821459667466115, 4672068.817345401272178 ], [ 370112.116588505392428, 4672072.810791747644544 ], [ 370115.327363064861856, 4672076.261530227027833 ], [ 370115.754982314130757, 4672078.397381471469998 ], [ 370115.874350012745708, 4672080.838818750344217 ], [ 370116.600324552389793, 4672082.580406948924065 ], [ 370117.923558057344053, 4672084.011079337447882 ], [ 370120.282448928162921, 4672086.955480366013944 ], [ 370121.564808672526851, 4672089.753123333677649 ], [ 370122.306481626234017, 4672092.79399401973933 ], [ 370123.701023560250178, 4672093.612442687153816 ], [ 370128.355112095363438, 4672096.048007128760219 ], [ 370132.083282490144484, 4672098.889409274794161 ], [ 370133.947195454675239, 4672100.076857818290591 ], [ 370139.338430632371455, 4672101.277017055079341 ], [ 370141.758724486862775, 4672103.520523340441287 ], [ 370147.838387193332892, 4672108.906610135920346 ], [ 370153.479650657798629, 4672115.156058127060533 ], [ 370156.848844511900097, 4672119.137050773948431 ], [ 370160.173401866690256, 4672124.72944760043174 ], [ 370163.242662848788314, 4672128.571575911715627 ], [ 370166.061199753137771, 4672131.807418137788773 ], [ 370169.812945674057119, 4672135.481462857685983 ], [ 370173.640436322020832, 4672139.231865234673023 ], [ 370177.242449657642283, 4672143.297434497624636 ], [ 370182.785327268065885, 4672148.693444455973804 ], [ 370186.793639073439408, 4672153.740091474726796 ], [ 370188.785467043344397, 4672157.835346529260278 ], [ 370190.101557901187334, 4672162.465107411146164 ], [ 370190.805719618452713, 4672167.506015765480697 ], [ 370191.334233874164056, 4672171.083978953771293 ], [ 370190.977434600470588, 4672176.821997503750026 ], [ 370191.007294551818632, 4672182.475136982277036 ], [ 370190.751623369986191, 4672189.666367070749402 ], [ 370191.028241547581274, 4672196.159124218858778 ], [ 370191.806511109345593, 4672201.187559358775616 ], [ 370193.195680632488802, 4672205.74932905472815 ], [ 370193.038976370648015, 4672209.795327838510275 ], [ 370192.45657401700737, 4672215.39310828410089 ], [ 370191.795694101892877, 4672221.214484331198037 ], [ 370191.122126058908179, 4672226.347432726994157 ], [ 370190.352958656381816, 4672230.326968969777226 ], [ 370189.121593984251376, 4672234.326132432557642 ], [ 370188.334417483303696, 4672237.32854565884918 ], [ 370188.228085513575934, 4672240.074045088142157 ], [ 370188.929039569746237, 4672244.492995745502412 ], [ 370189.70587464509299, 4672249.443705217912793 ], [ 370190.498129532381427, 4672254.782891193404794 ], [ 370191.214770635997411, 4672260.501124232076108 ], [ 370191.992901361838449, 4672265.074156865477562 ], [ 370191.582691630115733, 4672267.91411720495671 ], [ 370191.351677440456115, 4672271.961486282758415 ], [ 370191.786563014320564, 4672274.941373485140502 ], [ 370192.902154200593941, 4672277.208944298326969 ], [ 370194.026340773387346, 4672279.942869623191655 ], [ 370195.098520968924277, 4672283.888465469703078 ], [ 370197.107298861665186, 4672288.905327778309584 ], [ 370198.487855199142359, 4672293.000744316726923 ], [ 370200.178221412177663, 4672297.323707149364054 ], [ 370200.698334052052815, 4672300.446420746855438 ], [ 370200.761778394225985, 4672303.888560048304498 ], [ 370200.513979249692056, 4672307.025427585467696 ], [ 370199.41160523990402, 4672309.955897586420178 ], [ 370199.093586393049918, 4672313.316208474338055 ], [ 370199.332470322668087, 4672318.21018982399255 ], [ 370199.102887704386376, 4672322.33528462331742 ], [ 370198.870644870796241, 4672326.316031680442393 ], [ 370199.350212395598646, 4672331.272221515886486 ], [ 370199.728993697557598, 4672335.24170621111989 ], [ 370199.244472974736709, 4672338.083036180585623 ], [ 370199.544642644294072, 4672341.82071346603334 ], [ 370200.230162982188631, 4672345.85118908714503 ], [ 370200.233416673494503, 4672350.060852006077766 ], [ 370199.684541672584601, 4672353.89193113707006 ], [ 370199.540531263977755, 4672358.62635859940201 ], [ 370199.326710482069757, 4672363.606436738744378 ], [ 370198.644560766755603, 4672368.273031307384372 ], [ 370198.58619225746952, 4672373.172492095269263 ], [ 370198.035548978776205, 4672376.459339208900928 ], [ 370197.087206659838557, 4672379.231466924771667 ], [ 370195.616281114402227, 4672382.779641487635672 ], [ 370195.235552565194666, 4672387.218531673774123 ], [ 370195.747271568397991, 4672389.885994492098689 ], [ 370196.88106119656004, 4672393.141793119721115 ], [ 370198.577138781605754, 4672397.775658661499619 ], [ 370199.953583363443613, 4672401.649002137593925 ], [ 370202.160983468755148, 4672404.896119869314134 ], [ 370204.208633521862794, 4672407.990678417496383 ], [ 370206.268836628878489, 4672411.318262559361756 ], [ 370207.933796711557079, 4672414.264371356926858 ], [ 370208.822465477511287, 4672416.769383019767702 ], [ 370209.572331394068897, 4672419.810110615566373 ], [ 370210.301456000481267, 4672422.173666175454855 ], [ 370211.127066130342428, 4672425.290750016458333 ], [ 370210.802092050085776, 4672428.273535935208201 ], [ 370210.489940532948822, 4672432.400152827613056 ], [ 370210.137315502506681, 4672437.9159469101578 ], [ 370209.676540014392231, 4672442.04530324973166 ], [ 370209.444433096097782, 4672446.481453601270914 ], [ 370209.615822715451941, 4672451.298927779309452 ], [ 370210.239706473774277, 4672456.019202366471291 ], [ 370211.802825110848062, 4672461.955092812888324 ], [ 370213.345956626057159, 4672466.358523884788156 ], [ 370214.799559160368517, 4672470.38595203962177 ], [ 370217.086770225025248, 4672473.931503833271563 ], [ 370220.397212577518076, 4672478.768877214752138 ], [ 370222.860944509855472, 4672483.377492581494153 ], [ 370224.862491768610198, 4672488.005733895115554 ], [ 370226.996975778718479, 4672491.331954245455563 ], [ 370230.424924670602195, 4672494.478834074921906 ], [ 370234.696168075723108, 4672497.221414495259523 ], [ 370239.741027285228483, 4672500.260750266723335 ], [ 370243.686021197529044, 4672502.331793420016766 ], [ 370247.255156690021977, 4672504.17650792747736 ], [ 370251.97928800038062, 4672506.844108659774065 ], [ 370255.921074548445176, 4672508.293200413696468 ], [ 370259.153938742645551, 4672508.922297303564847 ], [ 370262.840799498953857, 4672509.087625847198069 ], [ 370266.822043399384711, 4672509.092028484679759 ], [ 370270.829750102420803, 4672510.084508609957993 ], [ 370274.928615619486663, 4672511.541824363172054 ], [ 370278.766757067176513, 4672511.848771024495363 ], [ 370282.393546593957581, 4672513.237035402096808 ], [ 370286.326936638914049, 4672514.230893168598413 ], [ 370288.938969313632697, 4672514.338282315991819 ], [ 370292.250229546334594, 4672515.188098982907832 ], [ 370294.05114959529601, 4672516.998762370087206 ], [ 370295.231168113125023, 4672518.732003293000162 ], [ 370297.170688395912293, 4672519.995849655009806 ], [ 370300.250624563195743, 4672520.394525508396327 ], [ 370302.718454036861658, 4672521.193237299099565 ], [ 370304.667788703460246, 4672522.990062230266631 ], [ 370306.471490081050433, 4672525.400479392148554 ], [ 370307.655952069733758, 4672526.47830116096884 ], [ 370309.229508083604742, 4672527.604494161903858 ], [ 370310.524375803594012, 4672528.84689464699477 ], [ 370310.042257598193828, 4672529.57775792106986 ], [ 370308.429105076822452, 4672529.440856612287462 ], [ 370306.531206124345772, 4672528.642753422260284 ], [ 370304.250628564797807, 4672527.69619476981461 ], [ 370301.185649670078419, 4672526.764084440656006 ], [ 370298.853127735783346, 4672526.584897954016924 ], [ 370296.916858485899866, 4672526.842711335979402 ], [ 370294.268455058394466, 4672527.002568054944277 ], [ 370290.328915237972979, 4672527.019597020931542 ], [ 370288.185945145436563, 4672527.714410697109997 ], [ 370285.220283546717837, 4672529.035289317369461 ], [ 370281.813048821175471, 4672530.597560024820268 ], [ 370277.416835287818685, 4672532.27801847178489 ], [ 370274.437881226884201, 4672532.877162623219192 ], [ 370271.774268284265418, 4672532.659654904156923 ], [ 370267.383821479976177, 4672531.963019779883325 ], [ 370262.781690571922809, 4672531.881197079084814 ], [ 370258.975211705255788, 4672532.395627301186323 ], [ 370254.16242135677021, 4672532.984138476662338 ], [ 370249.295794073608704, 4672533.340388556011021 ], [ 370245.096129977959208, 4672533.584385011345148 ], [ 370241.622923331160564, 4672534.703593290410936 ], [ 370238.550956825376488, 4672536.08198818936944 ], [ 370235.571188545087352, 4672536.636734176427126 ], [ 370230.526259525213391, 4672536.729704323224723 ], [ 370225.044812566309702, 4672536.441962155513465 ], [ 370219.719221735664178, 4672536.095814498141408 ], [ 370214.396700009878259, 4672535.916226040571928 ], [ 370209.294042653753422, 4672535.565977321006358 ], [ 370204.639505464176182, 4672535.329654271714389 ], [ 370200.043514607881662, 4672535.580982969142497 ], [ 370196.889401036314666, 4672535.639123813249171 ], [ 370193.83648584788898, 4672535.362177011556923 ], [ 370191.611370812403038, 4672534.736747983843088 ], [ 370188.651739181543235, 4672533.247371467761695 ], [ 370183.847827771794982, 4672531.181086026132107 ], [ 370178.932684941624757, 4672528.905812812969089 ], [ 370173.899691023631021, 4672526.51053371373564 ], [ 370170.271314733836334, 4672524.589196023531258 ], [ 370166.797769449767657, 4672522.553930850699544 ], [ 370164.494786090159323, 4672520.84141537733376 ], [ 370161.145841682446189, 4672519.292583436705172 ], [ 370157.463687616516836, 4672518.038690904155374 ], [ 370153.787674588034861, 4672517.117910636588931 ], [ 370150.940485190600157, 4672515.904162351042032 ], [ 370147.80853276362177, 4672514.029219034127891 ], [ 370144.43030032410752, 4672510.892568802461028 ], [ 370140.697151611093432, 4672506.873868816532195 ], [ 370137.928897950740065, 4672503.670435384847224 ], [ 370135.270782296371181, 4672501.064774362370372 ], [ 370132.354792476282455, 4672498.80820123385638 ], [ 370129.434434792725369, 4672496.762751457281411 ], [ 370126.901125368080102, 4672494.65462710801512 ], [ 370123.781016503111459, 4672490.73570357542485 ], [ 370121.337905082618818, 4672487.248592970892787 ], [ 370119.050918220949825, 4672483.26987545657903 ], [ 370117.43758900964167, 4672479.989610471762717 ], [ 370116.680530124227516, 4672477.904264901764691 ], [ 370115.921422782994341, 4672475.70788262411952 ], [ 370113.786417383234948, 4672474.147788810543716 ], [ 370110.38394191180123, 4672472.833223711699247 ], [ 370107.21751026873244, 4672472.225183377973735 ], [ 370103.556622995703947, 4672472.126100930385292 ], [ 370099.57057952467585, 4672472.31070495583117 ], [ 370094.656625311123207, 4672472.790115446783602 ], [ 370090.903761202876922, 4672473.525795658119023 ], [ 370085.665409355715383, 4672474.777611653320491 ], [ 370080.262882729351986, 4672476.532296232879162 ], [ 370073.751126293034758, 4672477.70764828287065 ], [ 370068.233131254150067, 4672478.575876043178141 ], [ 370063.31399906729348, 4672479.222016085870564 ], [ 370058.442974845354911, 4672479.789519648998976 ] ] ] } },
{ "type": "Feature", "properties": { "highway": "track", "surface": "", "access": "", "bicycle": "", "foot": "", "length_km": 0.4778738663799254 }, "geometry": { "type": "MultiLineString", "coordinates": [ [ [ 370050.360054137418047, 4672490.712914210744202 ], [ 370054.92772970488295, 4672484.897173861972988 ], [ 370058.442974845354911, 4672479.789519648998976 ], [ 370061.189041316160001, 4672475.073714274913073 ], [ 370064.488673614978325, 4672470.814209041185677 ], [ 370067.871022379549686, 4672467.008585119619966 ], [ 370072.849340106535237, 4672462.407101347111166 ], [ 370076.998158462170977, 4672458.509588123299181 ], [ 370081.055808012199122, 4672454.147246344015002 ], [ 370084.434076888253912, 4672450.119557288475335 ], [ 370087.048550327250268, 4672446.328110126778483 ], [ 370089.058976784639526, 4672442.925461251288652 ], [ 370090.752773098822217, 4672439.373149857856333 ], [ 370092.510910209501162, 4672434.83108835760504 ], [ 370093.516719288541935, 4672431.147072755731642 ], [ 370093.590438156563323, 4672426.63608542829752 ], [ 370093.348958286223933, 4672422.05316059757024 ], [ 370092.245601587754209, 4672416.419819592498243 ], [ 370090.86609017488081, 4672411.935641227290034 ], [ 370089.322871157783084, 4672407.532235378399491 ], [ 370088.579774952784646, 4672404.413641383871436 ], [ 370088.215207931993064, 4672401.665717780590057 ], [ 370088.139211207861081, 4672397.546253448352218 ], [ 370088.442690709896851, 4672392.953275342471898 ], [ 370088.810651565901935, 4672387.825949847698212 ], [ 370088.731787749158684, 4672383.551034120842814 ], [ 370088.501571168308146, 4672379.578811895102262 ], [ 370087.740382935851812, 4672375.927393874153495 ], [ 370086.907402126060333, 4672371.966291602700949 ], [ 370085.588405784335919, 4672367.181096405722201 ], [ 370084.196323484648019, 4672362.463894486427307 ], [ 370082.410485290340148, 4672356.998650100082159 ], [ 370080.942651735793334, 4672352.205094058066607 ], [ 370079.688129053451121, 4672346.885552451014519 ], [ 370077.900645247893408, 4672341.331479758955538 ], [ 370074.839423783356324, 4672333.446126768365502 ], [ 370072.281360856839456, 4672327.761875383555889 ], [ 370069.880321298260242, 4672322.530133377760649 ], [ 370067.902599710505456, 4672319.201064073480666 ], [ 370065.230050431797281, 4672315.81817074213177 ], [ 370062.888068641768768, 4672313.339990363456309 ], [ 370059.374518890399486, 4672310.039261418394744 ], [ 370055.558321088261437, 4672306.899623047560453 ], [ 370051.826268857112154, 4672304.291591834276915 ], [ 370048.560915446432773, 4672301.908206963911653 ], [ 370045.602507678850088, 4672299.596911447122693 ], [ 370042.086074289632961, 4672296.14073939435184 ], [ 370037.563413091585971, 4672291.870079278945923 ], [ 370034.362527108867653, 4672288.952352897264063 ], [ 370031.022641495161224, 4672286.559243730269372 ], [ 370028.14837244770024, 4672284.779560257680714 ], [ 370023.347173274552915, 4672282.424532257020473 ], [ 370018.397342174022924, 4672280.072250764816999 ], [ 370014.291171545162797, 4672277.782152511179447 ], [ 370010.260542307107244, 4672275.557306920178235 ], [ 370007.466316671459936, 4672274.087162891402841 ], [ 370003.379815821594093, 4672272.863023758865893 ], [ 369998.061210430343635, 4672271.117366262711585 ], [ 369993.502465920115355, 4672269.368792390450835 ], [ 369987.550628549186513, 4672266.879525364376605 ], [ 369981.988661515293643, 4672264.927330790087581 ], [ 369976.96873737720307, 4672263.253926605917513 ], [ 369971.57759169919882, 4672262.05389348603785 ], [ 369964.276521371561103, 4672261.200139825232327 ], [ 369957.514830603729934, 4672260.480830489657819 ], [ 369951.441354148497339, 4672259.904322909191251 ], [ 369944.839772787468974, 4672259.804086851887405 ], [ 369939.393990029697306, 4672259.671403529122472 ], [ 369932.654852978128474, 4672260.173522362485528 ], [ 369926.985047149355523, 4672260.433747465722263 ], [ 369922.151730370940641, 4672260.367517330683768 ], [ 369916.544958541460801, 4672260.01567598618567 ], [ 369910.160423387249466, 4672259.145048063248396 ], [ 369902.472483560966793, 4672258.365149300545454 ], [ 369891.708615696406923, 4672256.964531331323087 ], [ 369885.400901298155077, 4672255.781497246585786 ], [ 369880.309502658376005, 4672254.264985826797783 ], [ 369876.675674241560046, 4672252.954802590422332 ], [ 369873.724163393955678, 4672251.021102711558342 ], [ 369870.692796478339005, 4672248.788977978751063 ], [ 369866.107123908645008, 4672245.585903968662024 ], [ 369862.774339818453882, 4672243.581501668319106 ], [ 369857.737748129060492, 4672241.008783741854131 ], [ 369850.62105187837733, 4672237.619236274622381 ], [ 369843.510094687051605, 4672234.540598793886602 ], [ 369835.077820519800298, 4672231.030983984470367 ], [ 369827.196055265259929, 4672227.811104857362807 ], [ 369819.481227153446525, 4672225.132414429448545 ], [ 369813.616327239200473, 4672223.330346527509391 ], [ 369806.521098304830957, 4672221.551028559915721 ] ] ] } },
{ "type": "Feature", "properties": { "highway": "track", "surface": "", "access": "", "bicycle": "", "foot": "", "length_km": 0.13359968265803607 }, "geometry": { "type": "MultiLineString", "coordinates": [ [ [ 370009.597062338492833, 4672383.700678599998355 ], [ 370006.32420589402318, 4672383.594481974840164 ], [ 370003.117405491531827, 4672383.487067460082471 ], [ 370000.96718352579046, 4672384.237638840451837 ], [ 369999.664450173033401, 4672385.705658105202019 ], [ 369999.424560559680685, 4672387.47617307677865 ], [ 369999.842920035414863, 4672389.556652704253793 ], [ 370000.701476514921524, 4672390.873698638752103 ], [ 370002.215264473401476, 4672391.88985481671989 ], [ 370004.336176530807279, 4672392.683761955238879 ], [ 370006.285593698499724, 4672393.136504160240293 ], [ 370008.619137538247742, 4672393.815412802621722 ], [ 370011.071148570277728, 4672394.647639855742455 ], [ 370013.200257144577336, 4672395.885696735233068 ], [ 370014.833739455963951, 4672397.121795319020748 ], [ 370016.298947937088087, 4672398.638686848804355 ], [ 370017.54531573416898, 4672400.381767293438315 ], [ 370018.749314252403565, 4672402.514391127042472 ], [ 370020.304906907724217, 4672405.795701386407018 ], [ 370021.701506745186634, 4672409.413170415908098 ], [ 370022.87311704584863, 4672412.923717829398811 ], [ 370023.766097365994938, 4672416.106184379197657 ], [ 370024.484655598702375, 4672419.236333088949323 ], [ 370024.935856562689878, 4672422.649103078059852 ], [ 370025.163094146526419, 4672426.010469552129507 ], [ 370025.193070620007347, 4672430.319611136801541 ], [ 370025.321925847441889, 4672434.615820254199207 ], [ 370025.721534660260659, 4672437.918467968702316 ], [ 370026.509160928952042, 4672441.658252427354455 ], [ 370027.618866907781921, 4672444.947793864645064 ], [ 370029.402508252998814, 4672448.502583232708275 ], [ 370031.574224265525118, 4672452.050210473127663 ], [ 370034.154302596172784, 4672456.689940120093524 ], [ 370036.398917341371998, 4672461.502473802305758 ], [ 370038.823072413681075, 4672466.644918411970139 ], [ 370041.229950667358935, 4672471.298954328522086 ], [ 370044.207312528276816, 4672476.431191008538008 ], [ 370046.616088779817801, 4672480.740862251259387 ], [ 370049.024801712832414, 4672485.494833822362125 ], [ 370049.959373352176044, 4672487.79904630035162 ], [ 370050.360054137418047, 4672490.712914210744202 ] ] ] } },
{ "type": "Feature", "properties": { "highway": "track", "surface": "", "access": "", "bicycle": "", "foot": "", "length_km": 0.48047390322301564 }, "geometry": { "type": "MultiLineString", "coordinates": [ [ [ 371824.060419775138143, 4672639.92057023383677 ], [ 371825.778628774860408, 4672634.035720230080187 ], [ 371826.751635875785723, 4672629.863859967328608 ], [ 371827.09456818853505, 4672626.46987603046 ], [ 371826.906242722412571, 4672622.930059526115656 ], [ 371812.057601405540481, 4672562.687517133541405 ], [ 371804.527574880514294, 4672517.917586961761117 ], [ 371805.982477303943597, 4672492.577452579513192 ], [ 371817.467225289263297, 4672478.273159519769251 ], [ 371837.637048619624693, 4672466.920868727378547 ], [ 371854.956185289076529, 4672430.54013008903712 ], [ 371857.778508275747299, 4672401.354208579286933 ], [ 371846.12945932673756, 4672380.317846706137061 ], [ 371818.538047108682804, 4672352.873942867852747 ], [ 371797.471346765058115, 4672340.839423257857561 ], [ 371792.195722604927141, 4672314.655487757176161 ], [ 371781.16908684145892, 4672288.35411642678082 ], [ 371764.264335805142764, 4672268.113333011977375 ], [ 371730.847171745728701, 4672250.094898111186922 ], [ 371720.599384309083689, 4672243.144452951848507 ] ] ] } },
{ "type": "Feature", "properties": { "highway": "track", "surface": "compacted", "access": "", "bicycle": "", "foot": "", "length_km": 0.39595825206059293 }, "geometry": { "type": "MultiLineString", "coordinates": [ [ [ 371775.42760219972115, 4672599.800469423644245 ], [ 371776.666218328115065, 4672601.274599717929959 ], [ 371779.038691829890013, 4672603.652800984680653 ], [ 371781.911621459585149, 4672606.299574007280171 ], [ 371788.647131541976705, 4672612.419262435287237 ], [ 371793.508027483767364, 4672616.740375403314829 ], [ 371799.355337615124881, 4672621.709973329678178 ], [ 371805.084386360831559, 4672626.081931899301708 ], [ 371810.186261597264092, 4672629.576724514365196 ], [ 371815.565827000711579, 4672632.899855216033757 ], [ 371819.496596993063577, 4672635.582922216504812 ], [ 371822.189235960831866, 4672637.855342729948461 ], [ 371824.060419775138143, 4672639.92057023383677 ], [ 371825.142973917245399, 4672641.766899229958653 ], [ 371826.195390870736446, 4672644.680082559585571 ], [ 371826.809829557081684, 4672648.034425095655024 ], [ 371827.644578948966227, 4672654.417064003646374 ], [ 371828.623014414974023, 4672662.341009229421616 ], [ 371829.300712979049422, 4672669.170801107771695 ], [ 371829.93577278777957, 4672676.834420488215983 ], [ 371830.450358144356869, 4672683.778255120851099 ], [ 371830.872989273746498, 4672688.846621377393603 ], [ 371831.335428184363991, 4672692.925708875060081 ], [ 371831.999573312874418, 4672695.834853064268827 ], [ 371832.701333007717039, 4672698.087978953495622 ], [ 371833.685635883419309, 4672700.43592816311866 ], [ 371835.300127024878748, 4672703.827605137601495 ], [ 371837.193147575366311, 4672707.547433246858418 ], [ 371839.370932421472389, 4672711.484225708059967 ], [ 371841.659890457056463, 4672715.630034955218434 ], [ 371843.670517902413849, 4672719.458797546103597 ], [ 371845.686195587331895, 4672723.565152485854924 ], [ 371847.815067102084868, 4672727.991560932248831 ], [ 371849.61367337172851, 4672732.423980782739818 ], [ 371851.135798191127833, 4672737.094687305390835 ], [ 371852.725619130418636, 4672742.30842222366482 ], [ 371854.432848355034366, 4672747.619986835867167 ], [ 371856.006700702360831, 4672751.956532349810004 ], [ 371857.278610851441044, 4672755.132301475852728 ], [ 371858.722896835475694, 4672758.249396999366581 ], [ 371860.321400375687517, 4672760.763889318332076 ], [ 371861.961157136305701, 4672762.822229874320328 ], [ 371864.161548684467562, 4672764.825938828289509 ], [ 371867.138888780260459, 4672767.315340398810804 ], [ 371870.567938680003863, 4672770.118636382743716 ], [ 371874.618070827797055, 4672773.465999711304903 ], [ 371876.704884715552907, 4672775.582852578721941 ], [ 371878.738750830001663, 4672777.967245845124125 ], [ 371880.786125176760834, 4672780.640184937044978 ], [ 371881.650971982511692, 4672782.779274042695761 ], [ 371881.97472770238528, 4672785.139248416759074 ], [ 371882.023015209299047, 4672787.793026232160628 ], [ 371881.552060175745282, 4672792.322286773473024 ], [ 371880.953594557242468, 4672796.198533968068659 ], [ 371880.433478971011937, 4672800.295502591878176 ], [ 371880.230774562398437, 4672805.042029274627566 ], [ 371880.475105277320836, 4672809.391664460301399 ], [ 371881.18245895387372, 4672814.676999201066792 ], [ 371882.216029536910355, 4672819.734251197427511 ], [ 371883.239496831432916, 4672824.236319678835571 ], [ 371884.325000974000432, 4672828.970513831824064 ], [ 371885.342404789698776, 4672833.139472416602075 ], [ 371886.071209026093129, 4672836.880495683290064 ], [ 371886.45157175231725, 4672839.628197569400072 ], [ 371886.32866855210159, 4672841.951869971118867 ], [ 371885.974760229699314, 4672843.835451645776629 ], [ 371885.22976915439358, 4672845.559539092704654 ], [ 371883.828304712777026, 4672847.517718700692058 ], [ 371882.627365245076362, 4672848.69473534449935 ], [ 371880.657568041118793, 4672849.830205797217786 ], [ 371877.037321773357689, 4672851.495540363714099 ], [ 371872.742070859996602, 4672853.284233708865941 ], [ 371869.060193929530215, 4672854.739654377102852 ], [ 371865.935338065610267, 4672856.395979774184525 ], [ 371862.983492938335985, 4672858.482344733551145 ], [ 371860.311386145884171, 4672860.963484637439251 ], [ 371857.822567995695863, 4672863.985550106503069 ], [ 371854.788483189302497, 4672867.906128623522818 ], [ 371852.788183166529052, 4672870.541655044071376 ], [ 371850.561728286265861, 4672873.00358064007014 ], [ 371848.117779199325014, 4672875.313962696120143 ], [ 371845.500245273811743, 4672877.616397816687822 ], [ 371842.817036105960142, 4672879.486842618323863 ], [ 371839.85247443098342, 4672880.873686200007796 ], [ 371836.663778591435403, 4672882.197966810315847 ], [ 371833.40819365385687, 4672883.023635582067072 ], [ 371829.765943090780638, 4672883.478694589808583 ], [ 371825.395109194621909, 4672883.835945311002433 ], [ 371821.192606285505462, 4672883.912450428120792 ], [ 371816.920009267341811, 4672883.768087054602802 ], [ 371812.095414673152845, 4672883.245018608868122 ], [ 371807.212215828243643, 4672882.678591017611325 ], [ 371802.66412390395999, 4672882.372641828842461 ], [ 371797.626713221601676, 4672882.408825889229774 ], [ 371793.202128450968303, 4672882.989222453907132 ], [ 371788.898997379292268, 4672883.889523558318615 ] ] ] } },
{ "type": "Feature", "properties": { "highway": "track", "surface": "ground", "access": "", "bicycle": "", "foot": "", "length_km": 0.23095045141546378 }, "geometry": { "type": "MultiLineString", "coordinates": [ [ [ 371827.09456818853505, 4672626.46987603046 ], [ 371832.118049479904585, 4672629.288562738336623 ], [ 371836.873472813225817, 4672631.901092238724232 ], [ 371840.623973172623664, 4672634.209801990538836 ], [ 371844.333822898450308, 4672637.00797684583813 ], [ 371849.107423735666089, 4672640.619844771921635 ], [ 371852.748182161420118, 4672643.252671023830771 ], [ 371857.464151627675164, 4672646.42129921913147 ], [ 371861.388863520056475, 4672649.226679772138596 ], [ 371864.376326267840341, 4672651.815863613039255 ], [ 371867.023445322120097, 4672654.311275787651539 ], [ 371869.340094227343798, 4672656.801595040597022 ], [ 371871.556301986041944, 4672660.126793732866645 ], [ 371873.575008714804426, 4672664.399711362086236 ], [ 371876.275256765831728, 4672669.815392332151532 ], [ 371877.995049049844965, 4672673.09408884588629 ], [ 371878.958327690372244, 4672674.287262250669301 ], [ 371880.57645293493988, 4672674.702113645151258 ], [ 371882.171168915869202, 4672674.284340309910476 ], [ 371884.865580792189576, 4672673.024614944122732 ], [ 371886.659185585333034, 4672671.28144967276603 ], [ 371887.713251113775186, 4672668.385468850843608 ], [ 371888.432203239121009, 4672665.229009018279612 ], [ 371888.967033151304349, 4672661.031808672472835 ], [ 371888.94020926306257, 4672656.833719799295068 ], [ 371889.149622476077639, 4672652.909016511403024 ], [ 371889.906198113807477, 4672649.096539063379169 ], [ 371891.063943187356927, 4672645.543339300900698 ], [ 371892.210402636963408, 4672641.823734933510423 ], [ 371892.65284957078984, 4672638.450159540399909 ], [ 371892.801439030270558, 4672634.359952993690968 ], [ 371892.602616085845511, 4672629.78734387177974 ], [ 371891.515452732914127, 4672624.50891927164048 ], [ 371890.095823791518342, 4672619.569763943552971 ], [ 371889.357739231549203, 4672615.773372922092676 ], [ 371888.782943966332823, 4672611.418643845245242 ], [ 371888.37146425753599, 4672606.96097737364471 ], [ 371888.060250896262005, 4672602.11272961832583 ], [ 371888.049589764676057, 4672598.802934692241251 ], [ 371888.167830070131458, 4672595.768478203564882 ], [ 371888.71824877668405, 4672592.881661633960903 ], [ 371889.651052178407554, 4672589.221481392160058 ], [ 371891.224396546487696, 4672584.450020617805421 ], [ 371893.454419117246289, 4672579.000172702595592 ], [ 371895.96095828252146, 4672573.767442017793655 ], [ 371898.746211161836982, 4672568.418568578548729 ], [ 371901.100752809434198, 4672563.910582625307143 ], [ 371902.486325490404852, 4672561.075218792073429 ], [ 371903.809229319915175, 4672557.519017996266484 ], [ 371905.001390577701386, 4672553.132145128212869 ], [ 371906.29016171063995, 4672547.699424872174859 ], [ 371907.031612330814824, 4672543.054175173863769 ], [ 371906.865092523687053, 4672539.802752810530365 ], [ 371906.123981455515604, 4672535.839805480092764 ], [ 371904.917182972887531, 4672530.341408879496157 ], [ 371904.292877358268015, 4672526.442980971187353 ] ] ] } },
{ "type": "Feature", "properties": { "highway": "path", "surface": "", "access": "", "bicycle": "", "foot": "", "length_km": 0.78125694296611825 }, "geometry": { "type": "MultiLineString", "coordinates": [ [ [ 372327.257559321820736, 4672324.316853723488748 ], [ 372343.496002716012299, 4672357.566552236676216 ], [ 372357.558230687282048, 4672378.304467510432005 ], [ 372367.780599789693952, 4672390.892592783086002 ], [ 372378.205108993453905, 4672390.481515008956194 ], [ 372393.205686704604886, 4672396.007690410129726 ], [ 372418.751824441540521, 4672439.263182071968913 ], [ 372452.469660700880922, 4672501.852955441921949 ], [ 372480.124288579565473, 4672541.171791035681963 ], [ 372510.479942744481377, 4672562.270270220935345 ], [ 372530.371978219714947, 4672588.001205697655678 ], [ 372571.905327947519254, 4672611.552244790829718 ], [ 372604.718095448217355, 4672673.08164812810719 ], [ 372611.953149582899641, 4672689.967136829160154 ], [ 372631.269824380753562, 4672735.068767627701163 ], [ 372653.72216682304861, 4672763.130670206621289 ], [ 372662.687989393365569, 4672777.541296500712633 ], [ 372684.457145820662845, 4672825.386636201292276 ], [ 372716.381896488193888, 4672857.087250149808824 ], [ 372752.699206729070283, 4672881.422225910238922 ], [ 372755.476409087888896, 4672890.224549736827612 ], [ 372747.128370483813342, 4672891.241792324930429 ], [ 372737.134204118396156, 4672897.14268722012639 ], [ 372726.206535897159483, 4672908.969554004259408 ], [ 372717.40753606276121, 4672918.847501833923161 ] ] ] } },
{ "type": "Feature", "properties": { "highway": "path", "surface": "", "access": "", "bicycle": "", "foot": "", "length_km": 1.3361106885008411 }, "geometry": { "type": "MultiLineString", "coordinates": [ [ [ 372393.205686704604886, 4672396.007690410129726 ], [ 372426.309189140156377, 4672376.792054553516209 ], [ 372448.727898793411441, 4672366.866989001631737 ], [ 372472.185566464730073, 4672366.875326636247337 ], [ 372493.636519527353812, 4672375.572665478102863 ], [ 372514.267057785822544, 4672387.317213457077742 ], [ 372545.130298423697241, 4672388.058096068911254 ], [ 372567.572211995138787, 4672379.865732110105455 ], [ 372592.709360645152628, 4672376.378600700758398 ], [ 372607.582913737802301, 4672381.7409154092893 ], [ 372627.096419803798199, 4672403.891313815489411 ], [ 372646.031845234916545, 4672417.832819256931543 ], [ 372714.111424677364994, 4672447.746758311055601 ], [ 372796.261985446326435, 4672495.345404947176576 ], [ 372897.554155652236659, 4672538.67856303229928 ], [ 372980.54330790147651, 4672578.411291929893196 ], [ 373059.690326218260452, 4672596.121863669715822 ], [ 373094.161922168685123, 4672622.991004309616983 ], [ 373108.419177660252899, 4672648.747288087382913 ], [ 373130.545749324548524, 4672700.997035057283938 ], [ 373156.732148691255134, 4672704.001831873320043 ], [ 373172.129280998138711, 4672708.234030284918845 ], [ 373187.653436389926355, 4672719.061689632944763 ], [ 373191.862848645017948, 4672720.614910574629903 ] ], [ [ 373184.802230650093406, 4672733.801728367805481 ], [ 373182.716477091773413, 4672734.767421945929527 ], [ 373164.839066454849672, 4672748.273757208138704 ], [ 373161.528014101844747, 4672751.532294403761625 ], [ 373150.126254055299796, 4672762.767211376689374 ], [ 373137.85351205477491, 4672777.916492879390717 ], [ 373123.481387269799598, 4672792.059544338844717 ], [ 373112.366375452722423, 4672793.992574664764106 ], [ 373089.386587143933866, 4672794.751058911904693 ], [ 373063.352868516696617, 4672799.741009434685111 ], [ 373049.108685061044525, 4672801.730554442852736 ], [ 373021.792212265660055, 4672812.986079121939838 ], [ 373017.406877845700365, 4672840.477928609587252 ], [ 373009.479467325902078, 4672845.130458069033921 ], [ 372999.01628784451168, 4672844.275095543824136 ], [ 372989.190560160670429, 4672840.298211027868092 ], [ 372979.243003554991446, 4672848.797014092095196 ], [ 372972.462505068222526, 4672859.337969841435552 ], [ 372961.556231635215227, 4672872.374760665930808 ], [ 372951.886798612074926, 4672877.058789572678506 ], [ 372938.601743366511073, 4672874.521701505407691 ], [ 372933.237793104024604, 4672866.987798339687288 ], [ 372931.978263586468529, 4672854.859160180203617 ], [ 372924.959765402192716, 4672852.209005857817829 ], [ 372914.862188972067088, 4672852.39125466067344 ], [ 372905.155275628785603, 4672854.998961720615625 ], [ 372894.848641389340628, 4672862.815718904137611 ], [ 372890.934106027067173, 4672877.470254505053163 ], [ 372880.375108308973722, 4672886.402319826185703 ] ] ] } },
{ "type": "Feature", "properties": { "highway": "track", "surface": "", "access": "", "bicycle": "", "foot": "", "length_km": 0.021126717950567829 }, "geometry": { "type": "MultiLineString", "coordinates": [ [ [ 371871.849568457109854, 4672823.754922041669488 ], [ 371873.410994035424665, 4672822.871242327615619 ], [ 371874.875307543959934, 4672821.189600901678205 ], [ 371875.997442138730548, 4672818.858852710574865 ], [ 371876.600577130157035, 4672815.693390193395317 ], [ 371877.314454196137376, 4672812.259336242452264 ], [ 371878.638301146391314, 4672808.758646401576698 ], [ 371880.230774562398437, 4672805.042029274627566 ] ] ] } },
{ "type": "Feature", "properties": { "highway": "track", "surface": "", "access": "", "bicycle": "", "foot": "", "length_km": 0.002605155646845549 }, "geometry": { "type": "MultiLineString", "coordinates": [ [ [ 371869.542463223391678, 4672824.963177591562271 ], [ 371870.647588318097405, 4672824.421021411195397 ], [ 371871.849568457109854, 4672823.754922041669488 ] ] ] } },
{ "type": "Feature", "properties": { "highway": "track", "surface": "", "access": "", "bicycle": "", "foot": "", "length_km": 0.078629639565777079 }, "geometry": { "type": "MultiLineString", "coordinates": [ [ [ 371796.817045067320578, 4672844.292015553452075 ], [ 371800.990250449045561, 4672845.326765820384026 ], [ 371805.321305297780782, 4672845.958779761567712 ], [ 371808.925154443946667, 4672846.115312537178397 ], [ 371812.460089882311877, 4672845.662197285331786 ], [ 371816.036851107142866, 4672844.330841368064284 ], [ 371819.662312321714126, 4672842.498769806697965 ], [ 371823.492538213846274, 4672840.118712235242128 ], [ 371827.207145567168482, 4672837.285360065288842 ], [ 371830.475099177332595, 4672834.415711151435971 ], [ 371833.371141324518248, 4672831.986020512878895 ], [ 371835.615592518995982, 4672830.512316764332354 ], [ 371838.363516377168708, 4672829.473743551410735 ], [ 371842.114312108373269, 4672828.627957131713629 ], [ 371845.48716023482848, 4672828.344419440254569 ], [ 371849.539896620088257, 4672828.659413320012391 ], [ 371853.19935405801516, 4672829.148177493363619 ], [ 371856.517438224807847, 4672829.032252070493996 ], [ 371860.546934693935327, 4672828.070329803042114 ], [ 371865.555284903093707, 4672826.435262612067163 ], [ 371868.69025754526956, 4672825.334121092222631 ], [ 371869.542463223391678, 4672824.963177591562271 ] ] ] } },
{ "type": "Feature", "properties": { "highway": "path", "surface": "", "access": "", "bicycle": "", "foot": "", "length_km": 0.43302297697355657 }, "geometry": { "type": "MultiLineString", "coordinates": [ [ [ 372510.553258014086168, 4673047.091905075125396 ], [ 372547.916665188327897, 4673029.310167514719069 ], [ 372564.711653929029126, 4673004.470106282271445 ], [ 372583.70708927384112, 4672965.672811286523938 ], [ 372626.721274282957893, 4672937.903757058084011 ], [ 372630.614822742762044, 4672880.575167741626501 ], [ 372648.124232659873087, 4672849.99104577396065 ], [ 372633.771395610587206, 4672828.158240244723856 ], [ 372618.82966371497605, 4672819.431625308468938 ], [ 372605.187749419885222, 4672746.059232279658318 ], [ 372611.953149582899641, 4672689.967136829160154 ] ] ] } },
{ "type": "Feature", "properties": { "highway": "path", "surface": "", "access": "", "bicycle": "", "foot": "", "length_km": 0.50594431250552296 }, "geometry": { "type": "MultiLineString", "coordinates": [ [ [ 371878.958327690372244, 4672674.287262250669301 ], [ 371882.041834380710497, 4672680.340197731740773 ], [ 371884.187127531331498, 4672683.400113965384662 ], [ 371886.17200272763148, 4672684.452519722282887 ], [ 371889.23745838040486, 4672684.974327734671533 ], [ 371891.571508511435241, 4672685.698268979787827 ], [ 371893.316965928301215, 4672687.210433822125196 ], [ 371894.622625646356028, 4672689.06382087059319 ], [ 371895.681875963346101, 4672692.354538827203214 ], [ 371896.625532840494998, 4672695.647359931841493 ], [ 371898.522738743340597, 4672699.144980175420642 ], [ 371900.201888381096069, 4672703.368545420467854 ], [ 371901.985518300381955, 4672706.97930620610714 ], [ 371904.726355891500134, 4672711.450134068727493 ], [ 371906.667033524834551, 4672714.613745033740997 ], [ 371909.221549649839289, 4672718.377093846909702 ], [ 371912.159249654272571, 4672721.411495458334684 ], [ 371914.708888114022557, 4672724.452957333065569 ], [ 371916.382519881706685, 4672727.465925653465092 ], [ 371918.155100860574748, 4672731.832190600223839 ], [ 371919.074628238449804, 4672736.06957761477679 ], [ 371920.42450548207853, 4672740.354673366993666 ], [ 371921.540345725952648, 4672744.0331224296242 ], [ 371923.046440032368992, 4672747.371252648532391 ], [ 371925.046738044184167, 4672751.089150947518647 ], [ 371927.241425879590679, 4672755.958677913993597 ], [ 371929.542613963130862, 4672760.326437807641923 ], [ 371931.131824825541116, 4672762.785577457398176 ], [ 371933.396679858386051, 4672765.610078297555447 ], [ 371934.946625190787017, 4672768.181006358005106 ], [ 371936.162720590480603, 4672771.468876878730953 ], [ 371937.648809573263861, 4672773.707746523432434 ], [ 371940.010942633321974, 4672776.885915071703494 ], [ 371941.74759834993165, 4672780.186533473432064 ], [ 371943.355154419143219, 4672783.200709220021963 ], [ 371944.490605706407223, 4672784.779516523703933 ], [ 371945.222589783836156, 4672788.242803082801402 ], [ 371946.435827286157291, 4672790.91982314735651 ], [ 371948.808002020523418, 4672793.742376678623259 ], [ 371950.515818985528313, 4672796.365973429754376 ], [ 371952.01987028948497, 4672799.593072838149965 ], [ 371953.629235282947775, 4672802.707183879800141 ], [ 371955.895078741246834, 4672805.587210010737181 ], [ 371959.048603602102958, 4672808.684348550625145 ], [ 371962.698501579812728, 4672811.372597715817392 ], [ 371966.749574813991785, 4672814.775531115010381 ], [ 371969.85133111232426, 4672817.751434748992324 ], [ 371973.289400189183652, 4672821.054444797337055 ], [ 371976.115478809806518, 4672824.313047249801457 ], [ 371977.49100154323969, 4672826.831618518568575 ], [ 371978.431577086215839, 4672829.957894925959408 ], [ 371979.690679189574439, 4672831.978752897121012 ], [ 371981.887604148127139, 4672834.249135904014111 ], [ 371983.812266998458654, 4672836.53557704295963 ], [ 371985.522887475555763, 4672839.314633361063898 ], [ 371987.999195989104919, 4672843.323791485279799 ], [ 371990.661645441490691, 4672848.940131013281643 ], [ 371991.125540388515219, 4672851.741854982450604 ], [ 371991.064052182075102, 4672854.719740927219391 ], [ 371990.474799806252122, 4672858.651346234604716 ], [ 371989.973703499417752, 4672861.526151236146688 ], [ 371990.218832781829406, 4672862.743502384983003 ], [ 371991.525082800013479, 4672865.541019078344107 ], [ 371991.97163606993854, 4672867.843227939680219 ], [ 371992.066938352189027, 4672868.996659031137824 ], [ 371990.832596895110328, 4672871.062851474620402 ], [ 371988.951772915257607, 4672871.641306449659169 ], [ 371985.454470195167232, 4672871.438315742649138 ], [ 371981.215685143426526, 4672870.882266106083989 ], [ 371975.344734852551483, 4672870.044890793971717 ], [ 371971.245542527525686, 4672870.35268179140985 ], [ 371969.724006869713776, 4672871.613264217972755 ], [ 371969.810494234843645, 4672873.644335718825459 ], [ 371972.133296922896989, 4672876.478901112452149 ], [ 371976.577448994212318, 4672880.607776070013642 ], [ 371979.738583472499158, 4672883.671462145633996 ], [ 371980.34921575570479, 4672885.004348098300397 ], [ 371981.859633875486907, 4672887.220568913966417 ], [ 371984.989895780046936, 4672889.040795910172164 ], [ 371987.1455411001225, 4672891.767331646755338 ], [ 371991.06986569694709, 4672894.561677694320679 ], [ 371995.232430925068911, 4672897.7404515594244 ], [ 371998.378631843952462, 4672900.437874598428607 ], [ 372001.363942127267364, 4672903.371478078886867 ], [ 372003.405986636527814, 4672905.755755977705121 ], [ 372005.513716161658522, 4672909.027427823282778 ], [ 372007.136155162064824, 4672912.86328935995698 ], [ 372008.77906445635017, 4672915.09932163823396 ], [ 372010.860750881023705, 4672916.938621046021581 ], [ 372014.439660402946174, 4672918.906207582913339 ], [ 372016.850973487657029, 4672920.250793716870248 ], [ 372018.009138239955064, 4672921.718125376850367 ], [ 372019.708662969060242, 4672924.797288967296481 ], [ 372021.837975193047896, 4672929.257058653049171 ], [ 372024.445986975741107, 4672934.607822636142373 ], [ 372025.986049031838775, 4672938.45629268605262 ], [ 372026.874851227505133, 4672941.916736011393368 ], [ 372028.466191763989627, 4672944.042636353522539 ], [ 372029.497093009529635, 4672945.778859057463706 ], [ 372029.87154342973372, 4672948.204561221413314 ], [ 372031.293719280918594, 4672950.1113899666816 ], [ 372034.785455360542983, 4672953.191304717212915 ], [ 372038.658996246638708, 4672956.375355396419764 ], [ 372043.553927512373775, 4672960.318359398283064 ], [ 372048.096220130450092, 4672963.490261232480407 ], [ 372052.129006550414488, 4672965.89391097985208 ], [ 372055.594511193048675, 4672967.985758741386235 ], [ 372057.227489348500967, 4672969.222321123816073 ], [ 372058.082375024911016, 4672970.817350757308304 ], [ 372058.291487349837553, 4672973.23495124373585 ], [ 372058.450254822848365, 4672975.609037226997316 ], [ 372059.474284090683796, 4672976.967739191837609 ], [ 372061.374672351055779, 4672977.921759630553424 ], [ 372062.997575065121055, 4672979.058540252968669 ], [ 372063.967844373895787, 4672980.640366530045867 ], [ 372063.959079474501777, 4672983.339609721675515 ], [ 372064.391310577688273, 4672985.764263378456235 ], [ 372065.762535924906842, 4672988.049673945643008 ], [ 372067.885080037114676, 4672990.321432848460972 ], [ 372069.489464603597298, 4672991.802878889255226 ], [ 372071.404389506264124, 4672994.01176723651588 ], [ 372071.682775108842179, 4672996.605826758779585 ], [ 372072.253404265327845, 4673000.738496639765799 ], [ 372072.86871265998343, 4673004.148377577774227 ], [ 372073.873072553949896, 4673007.606726279482245 ], [ 372075.10620064358227, 4673011.383031358011067 ], [ 372076.811204769415781, 4673017.03901088424027 ], [ 372077.314135401393287, 4673020.17325047031045 ], [ 372077.313436207885388, 4673023.316640720702708 ], [ 372076.371730113693047, 4673026.488235926255584 ], [ 372075.36414588347543, 4673028.761333639733493 ], [ 372075.232108709635213, 4673030.585336710326374 ], [ 372075.815335655468516, 4673032.229733535088599 ], [ 372075.898146106512286, 4673033.60553923714906 ], [ 372074.862535317311995, 4673034.790626857429743 ], [ 372073.403266995097511, 4673036.749819070100784 ], [ 372071.911223895323928, 4673040.086917537264526 ], [ 372070.533388579322491, 4673044.25499183498323 ], [ 372069.500515223655384, 4673048.772233258001506 ], [ 372068.385065404057968, 4673052.835574367083609 ], [ 372067.149034904665314, 4673057.989626366645098 ], [ 372066.937530419847462, 4673061.803288108669221 ], [ 372067.686098594625946, 4673063.911188277415931 ], [ 372069.354950877954252, 4673066.668806744739413 ], [ 372070.724344532878604, 4673068.854285089299083 ], [ 372071.175890756654553, 4673070.978689994663 ], [ 372071.433324035955593, 4673073.328768902458251 ] ] ] } },
{ "type": "Feature", "properties": { "highway": "track", "surface": "", "access": "", "bicycle": "", "foot": "", "length_km": 0.097060638151140854 }, "geometry": { "type": "MultiLineString", "coordinates": [ [ [ 371040.680683195765596, 4672874.150707536377013 ], [ 371040.419525807083119, 4672872.067298822104931 ], [ 371040.714396147232037, 4672870.129209721460938 ], [ 371041.776422794559039, 4672867.688343948684633 ], [ 371043.499900088412687, 4672864.835497155785561 ], [ 371046.366468164953403, 4672861.261948800645769 ], [ 371049.510504516249057, 4672857.505601632408798 ], [ 371052.928146158752497, 4672853.355486140586436 ], [ 371055.740792303811759, 4672849.9939702199772 ], [ 371057.688424177351408, 4672847.20366676710546 ], [ 371059.184799272217788, 4672844.577131378464401 ], [ 371060.353276767069474, 4672841.634486392140388 ], [ 371061.297814097837545, 4672838.640405561774969 ], [ 371062.333419555565342, 4672834.756065053865314 ], [ 371063.365976275410503, 4672830.705169567838311 ], [ 371064.687387796933763, 4672827.093280857428908 ], [ 371066.004610865551513, 4672823.703617203980684 ], [ 371067.488308385014534, 4672819.933253797702491 ], [ 371069.299014026182704, 4672815.979184409603477 ], [ 371070.452128395438194, 4672812.648063876666129 ], [ 371071.542489215615205, 4672808.596111603081226 ], [ 371072.527550048253033, 4672804.657161709852517 ], [ 371073.564387622638606, 4672800.839445371180773 ], [ 371074.548310376354493, 4672797.289275764487684 ], [ 371076.557758521055803, 4672792.009789070114493 ], [ 371078.895437793747988, 4672786.613219265826046 ] ] ] } },
{ "type": "Feature", "properties": { "highway": "track", "surface": "", "access": "", "bicycle": "", "foot": "", "length_km": 0.027392897624440287 }, "geometry": { "type": "MultiLineString", "coordinates": [ [ [ 370580.118512944318354, 4673103.083910135552287 ], [ 370582.388621718797367, 4673101.675965500995517 ], [ 370584.811108289868571, 4673100.020857033319771 ], [ 370587.131328545510769, 4673096.845910319127142 ], [ 370589.745804156991653, 4673093.054646705277264 ], [ 370592.057661229162477, 4673089.42445064149797 ], [ 370593.53147159004584, 4673086.031807807274163 ], [ 370594.891904240183067, 4673080.96402633190155 ] ] ] } },
{ "type": "Feature", "properties": { "highway": "track", "surface": "", "access": "", "bicycle": "", "foot": "", "length_km": 0.33226546761101278 }, "geometry": { "type": "MultiLineString", "coordinates": [ [ [ 370380.992060615797527, 4673157.208309542387724 ], [ 370384.883415283053182, 4673126.780002512969077 ], [ 370378.447151533910073, 4673116.324205417186022 ], [ 370335.701307542214636, 4673100.316865606233478 ], [ 370263.526129388075788, 4673079.253860232420266 ], [ 370172.808823972416576, 4673068.485757179558277 ], [ 370115.784879238752183, 4673057.097151215188205 ], [ 370097.010636255552527, 4673054.333434499800205 ] ] ] } },
{ "type": "Feature", "properties": { "highway": "track", "surface": "", "access": "", "bicycle": "", "foot": "", "length_km": 0.099294726129687788 }, "geometry": { "type": "MultiLineString", "coordinates": [ [ [ 370770.735657977871597, 4673150.809932593256235 ], [ 370773.703289721976034, 4673145.557184820063412 ], [ 370775.555731095839292, 4673142.090988418087363 ], [ 370777.955727693042718, 4673138.75913898088038 ], [ 370780.426055385789368, 4673135.659255540929735 ], [ 370782.747571228304878, 4673132.550996916368604 ], [ 370784.529791424109135, 4673129.308240602724254 ], [ 370786.001034055254422, 4673125.771291811950505 ], [ 370787.334975220728666, 4673123.303176131099463 ], [ 370789.040140846220311, 4673120.361735855229199 ], [ 370791.963042825285811, 4673116.720394612289965 ], [ 370797.676954440190457, 4673110.350945415906608 ], [ 370803.916320090531372, 4673103.360950582660735 ], [ 370808.506583120266441, 4673098.767103814519942 ], [ 370812.118744007078931, 4673094.879868106916547 ], [ 370814.822827015363146, 4673091.464701076969504 ], [ 370818.184360564104281, 4673086.971159355714917 ], [ 370820.576044012093917, 4673083.184074540622532 ], [ 370823.084249111125246, 4673078.095284374430776 ], [ 370827.238025767437648, 4673069.966192250140011 ] ] ] } },
{ "type": "Feature", "properties": { "highway": "track", "surface": "", "access": "", "bicycle": "", "foot": "", "length_km": 0.20163239994227192 }, "geometry": { "type": "MultiLineString", "coordinates": [ [ [ 370365.869177395361476, 4673173.759172208607197 ], [ 370359.145531441667117, 4673156.6664271177724 ], [ 370347.203006704105064, 4673151.277084274217486 ], [ 370316.223002244252712, 4673141.817641414701939 ], [ 370306.879165132588241, 4673133.137119855731726 ], [ 370271.331109814171214, 4673132.603557178750634 ], [ 370251.084884087787941, 4673142.717894826084375 ], [ 370204.286554228747264, 4673142.991819874383509 ], [ 370184.67086134623969, 4673138.921604806557298 ] ] ] } },
{ "type": "Feature", "properties": { "highway": "track", "surface": "", "access": "", "bicycle": "", "foot": "", "length_km": 1.5023458982433848 }, "geometry": { "type": "MultiLineString", "coordinates": [ [ [ 369949.150196219678037, 4673299.861529030837119 ], [ 369955.492099142633379, 4673302.499032222665846 ], [ 369961.745694858022034, 4673304.827162616886199 ], [ 369967.225946059741545, 4673306.869680551812053 ], [ 369973.165655465447344, 4673308.748211764730513 ], [ 369979.556415061233565, 4673310.007506008259952 ], [ 369984.792419526085723, 4673310.899370297789574 ], [ 369991.08359573490452, 4673311.238593144342303 ], [ 369997.290625495486893, 4673311.046216461807489 ], [ 370002.569969244184904, 4673310.260064193047583 ], [ 370006.691896996693686, 4673308.962128625251353 ], [ 370011.260932167351712, 4673307.278285682201385 ], [ 370017.058669920661487, 4673305.494007099419832 ], [ 370021.166606685263105, 4673303.885329181328416 ], [ 370025.492852687195409, 4673301.128553069196641 ], [ 370029.211180337821133, 4673298.99391424562782 ], [ 370033.159595518372953, 4673297.243791465647519 ], [ 370036.599309799494222, 4673296.569379704073071 ], [ 370040.135727622720879, 4673296.659600337967277 ], [ 370045.427941516798455, 4673297.017313265241683 ], [ 370050.724311459169257, 4673297.15280391741544 ], [ 370055.8636129895458, 4673297.280090236105025 ], [ 370060.467916860245168, 4673297.506114721298218 ], [ 370064.554906095028855, 4673298.341493784449995 ], [ 370070.029596039559692, 4673300.084291466511786 ], [ 370077.048085924529005, 4673302.242901203222573 ], [ 370085.756521024333779, 4673304.681340884417295 ], [ 370092.388261275598779, 4673306.469448467716575 ], [ 370096.701019634900149, 4673307.456184353679419 ], [ 370101.306748640490696, 4673307.75996121019125 ], [ 370104.904554989538155, 4673307.149310612119734 ], [ 370109.409142423945013, 4673305.999880101531744 ], [ 370112.85316027153749, 4673305.558683176524937 ], [ 370116.454184572212398, 4673305.569997597485781 ], [ 370120.378767384798266, 4673306.108503174036741 ], [ 370124.531790677574463, 4673306.942698284983635 ], [ 370127.611398458248004, 4673307.341291666030884 ], [ 370130.667387286783196, 4673306.907261790707707 ], [ 370133.399471941287629, 4673305.479535987600684 ], [ 370135.900249356345739, 4673303.600671861320734 ], [ 370138.894179288996384, 4673299.802227010019124 ], [ 370141.875272384146228, 4673294.85995099041611 ], [ 370144.621043251885567, 4673290.144166435115039 ], [ 370147.823481043218635, 4673284.664652048610151 ], [ 370150.583391492604278, 4673280.715024772100151 ], [ 370153.134524856694043, 4673277.535664762370288 ], [ 370156.306432863639202, 4673274.878014910966158 ], [ 370160.936784548161086, 4673272.037963889539242 ], [ 370166.706670244107954, 4673269.188008034601808 ], [ 370173.025550832622685, 4673266.550082305446267 ], [ 370181.416484253015369, 4673263.862846036441624 ], [ 370190.864257099397946, 4673260.711834633722901 ], [ 370199.158722386870068, 4673257.271091172471642 ], [ 370210.42064560065046, 4673252.176174798980355 ], [ 370221.367423508956563, 4673247.009334335103631 ], [ 370231.024981873575598, 4673242.24392915237695 ], [ 370239.308230861963239, 4673238.192531052976847 ], [ 370244.764106106827967, 4673234.88191601075232 ], [ 370249.087817567226011, 4673231.980932488106191 ], [ 370252.804813389608171, 4673229.768688451498747 ], [ 370257.739611177879851, 4673227.311854350380599 ], [ 370262.770886876620352, 4673225.608553261496127 ], [ 370266.136349630658515, 4673224.93562426045537 ], [ 370268.291511565563269, 4673225.362423163838685 ], [ 370270.003773446369451, 4673226.852592827752233 ], [ 370270.802684689755552, 4673228.526205122470856 ], [ 370270.769097616372164, 4673230.737208614125848 ], [ 370270.204598250915296, 4673233.269004215486348 ], [ 370268.732408083276823, 4673236.739445457234979 ], [ 370266.955974643700756, 4673240.282138349488378 ], [ 370264.821047042729333, 4673244.986614047549665 ], [ 370261.619932954665273, 4673250.543798292055726 ], [ 370258.71433990605874, 4673255.106974025256932 ], [ 370255.221749746182468, 4673260.980542202480137 ], [ 370253.142723278491758, 4673264.684320365078747 ], [ 370251.433651405095588, 4673267.848122768104076 ], [ 370250.874892691383138, 4673270.690823620185256 ], [ 370250.915616637270432, 4673272.900458061136305 ], [ 370251.714527933683712, 4673274.574068292044103 ], [ 370252.891576450783759, 4673276.151849858462811 ], [ 370255.139240274729673, 4673277.565503497608006 ], [ 370256.76184176618699, 4673278.224262424744666 ], [ 370259.530251675983891, 4673278.317639902234077 ], [ 370262.425098429666832, 4673277.653381019830704 ], [ 370265.633539114962332, 4673276.527938480488956 ], [ 370270.349825996439904, 4673274.763801191933453 ], [ 370274.911778643087018, 4673272.691502142697573 ], [ 370279.475033541326411, 4673270.241528511047363 ], [ 370282.501379280874971, 4673268.197530021890998 ], [ 370285.607422355853487, 4673265.996560029685497 ], [ 370288.632339582312852, 4673263.874838437885046 ], [ 370291.821282604127191, 4673262.138857241719961 ], [ 370294.944310744060203, 4673260.859497794881463 ], [ 370298.898199812392704, 4673258.953922299668193 ], [ 370302.769195495464373, 4673256.583362973295152 ], [ 370306.710406633443199, 4673253.989363201893866 ], [ 370312.307821886613965, 4673249.84313434548676 ], [ 370317.149911889515352, 4673246.38837865460664 ], [ 370321.461092854384333, 4673243.25441462174058 ], [ 370326.391478543984704, 4673240.10904807318002 ], [ 370331.176252554694656, 4673237.577277234755456 ], [ 370336.787601362797432, 4673234.186119426041842 ], [ 370342.166227048903238, 4673230.266094509512186 ], [ 370349.289283146383241, 4673225.547534027136862 ], [ 370355.112189282430336, 4673221.086179959587753 ], [ 370361.460499712266028, 4673216.004246167838573 ], [ 370366.145645136421081, 4673212.097010659985244 ], [ 370371.824383847007994, 4673208.326988112181425 ], [ 370378.639145524648484, 4673203.458631352521479 ], [ 370384.009561597602442, 4673199.538791624829173 ], [ 370388.252015349629801, 4673196.706037606112659 ], [ 370391.368138793972321, 4673195.049196677282453 ], [ 370394.398841256508604, 4673193.238425410352647 ], [ 370397.272350947838277, 4673190.964036306366324 ], [ 370399.530825204506982, 4673188.478821340017021 ], [ 370402.310411573853344, 4673185.139848158694804 ], [ 370405.374547056970187, 4673181.106976354494691 ], [ 370409.046855508349836, 4673176.463108967058361 ], [ 370411.823589952429757, 4673172.968688176013529 ], [ 370414.540452275483403, 4673170.70829757489264 ], [ 370418.41153450415004, 4673168.337804084643722 ], [ 370421.837240312190261, 4673166.897428395226598 ], [ 370426.568841332686134, 4673165.510771962814033 ], [ 370431.530511052755173, 4673164.508645324967802 ], [ 370435.267418543458916, 4673163.373557599261403 ], [ 370439.224055008147843, 4673161.612411180511117 ], [ 370442.634443008399103, 4673159.339269222691655 ], [ 370447.025432707276195, 4673156.048413972370327 ], [ 370450.811316216830164, 4673153.535110093653202 ], [ 370453.315211252425797, 4673152.267216945067048 ], [ 370456.827578851312865, 4673151.047413206659257 ], [ 370460.334756064461544, 4673149.994318473152816 ], [ 370464.702240556885954, 4673149.913959315977991 ], [ 370467.919265047938097, 4673149.699265436269343 ], [ 370471.050748812325764, 4673148.87523730751127 ], [ 370476.540383954183199, 4673146.941511557437479 ], [ 370482.940935987513512, 4673144.691131467930973 ], [ 370489.646764186734799, 4673142.424034202471375 ], [ 370494.905237481521908, 4673140.494575533084571 ], [ 370500.906325261923485, 4673137.629543468356133 ], [ 370507.747996282181703, 4673134.215898633934557 ], [ 370512.367664939723909, 4673131.231888446956873 ], [ 370516.537334145628847, 4673128.478306517004967 ], [ 370522.008822210889775, 4673125.556388806551695 ], [ 370528.469418509223033, 4673122.52742634806782 ], [ 370535.91084178397432, 4673118.491871476173401 ], [ 370542.518720967054833, 4673114.938164374791086 ], [ 370550.039863280719146, 4673110.745655105449259 ], [ 370557.320360749727115, 4673106.490934039466083 ], [ 370563.154722097795457, 4673102.64046065416187 ], [ 370567.02588973386446, 4673100.27005104906857 ], [ 370570.150465232203715, 4673099.068542479537427 ], [ 370573.196562495664693, 4673098.090626801364124 ], [ 370575.647420940105803, 4673097.978927494026721 ], [ 370577.667867455631495, 4673099.163604005239904 ], [ 370579.384376307600178, 4673100.8870252314955 ], [ 370580.118512944318354, 4673103.083910135552287 ], [ 370580.153620365657844, 4673104.993744114413857 ], [ 370579.576659657643177, 4673107.30358977522701 ], [ 370578.318520529835951, 4673109.848106161691248 ], [ 370577.075578533578664, 4673112.769996359013021 ], [ 370576.064239542465657, 4673116.609546644613147 ], [ 370574.867839717946481, 4673122.063077778555453 ], [ 370573.891295842593536, 4673127.345955938100815 ], [ 370573.008859074325301, 4673133.704525894485414 ], [ 370571.750929271685891, 4673140.303255314007401 ], [ 370570.93157462059753, 4673146.049756951630116 ], [ 370569.829086771525908, 4673152.567877293564379 ], [ 370568.676293575903401, 4673160.84189828298986 ], [ 370567.791009566572029, 4673167.045017797499895 ], [ 370567.445230837911367, 4673173.393723076209426 ], [ 370567.441355014801957, 4673181.268969436176121 ], [ 370567.33797556697391, 4673188.224127692170441 ], [ 370567.279301102098543, 4673193.567885271273553 ], [ 370567.346666986471973, 4673197.232102143578231 ], [ 370567.733478768961504, 4673201.20145442802459 ], [ 370568.550602311617695, 4673204.318730095401406 ], [ 370569.518760686623864, 4673206.666815732605755 ], [ 370570.929977534338832, 4673208.406954335048795 ], [ 370572.946220921119675, 4673209.813854539766908 ], [ 370575.328247470781207, 4673210.003319820389152 ], [ 370577.457875830237754, 4673209.042252067476511 ], [ 370579.803364949242678, 4673207.244158792309463 ], [ 370582.667331984499469, 4673204.447973184287548 ], [ 370585.45965029776562, 4673201.797502622939646 ], [ 370590.451826492091641, 4673197.9625299340114 ], [ 370595.062912561930716, 4673194.512218692339957 ], [ 370600.813116835022811, 4673190.130163630470634 ], [ 370606.483420540462248, 4673185.89397877920419 ], [ 370611.331295483047143, 4673182.294930228963494 ], [ 370616.409027477842756, 4673179.06931384280324 ], [ 370621.794891686702613, 4673175.982435462065041 ], [ 370633.504373809846584, 4673170.502336045727134 ], [ 370644.461045661068056, 4673165.40263407677412 ], [ 370653.740941020601895, 4673161.189028350636363 ], [ 370663.471872901020106, 4673156.800537849776447 ], [ 370672.5289820645703, 4673153.046455385163426 ], [ 370680.525141564197838, 4673149.534021549858153 ], [ 370687.739727604086511, 4673145.73605190590024 ], [ 370693.432754994777497, 4673142.732448422349989 ], [ 370697.39374449144816, 4673141.204626206308603 ], [ 370701.517311784205958, 4673139.984828544780612 ], [ 370705.87072886293754, 4673139.138464848510921 ], [ 370711.756930778850801, 4673138.108451703563333 ], [ 370718.24022229394177, 4673136.31217392347753 ], [ 370723.577342665405013, 4673134.61470044683665 ], [ 370728.762796969269402, 4673132.753404500894248 ], [ 370733.780378316994756, 4673130.295393615961075 ], [ 370740.234121939458419, 4673126.889102042652667 ], [ 370747.675652598729357, 4673122.853773510083556 ], [ 370754.366187669569626, 4673119.298751726746559 ], [ 370759.892408833198715, 4673115.754002365283668 ], [ 370766.030816414277069, 4673111.364963236264884 ], [ 370770.646323011664208, 4673108.147947969846427 ], [ 370774.214928106404841, 4673105.938712484203279 ], [ 370777.782412289874628, 4673104.118259367533028 ], [ 370782.344614183180965, 4673102.046295364387333 ], [ 370787.216477201436646, 4673099.746502716094255 ], [ 370790.855420282052364, 4673097.769241069443524 ], [ 370794.111630126892123, 4673095.188096979632974 ], [ 370798.41454952879576, 4673091.588077709078789 ], [ 370802.185100750415586, 4673088.231086534447968 ], [ 370806.200789991242345, 4673085.180607044138014 ], [ 370810.656611726677511, 4673081.811045898124576 ], [ 370816.114191799249966, 4673078.123206230811775 ], [ 370820.429764223226812, 4673075.211629385128617 ], [ 370827.238025767437648, 4673069.966192250140011 ], [ 370832.004954489297234, 4673066.44654109235853 ], [ 370837.535437365819234, 4673062.679629591293633 ], [ 370843.004045625100844, 4673059.591410417109728 ], [ 370851.427284153702203, 4673055.038354067131877 ], [ 370858.796071721590124, 4673051.082235319539905 ], [ 370864.273345591616817, 4673048.915790262632072 ], [ 370868.015874510456342, 4673048.080734732560813 ], [ 370871.394095336669125, 4673048.096526697278023 ], [ 370874.475278517988045, 4673049.028576330281794 ], [ 370878.577974485524464, 4673050.719412165693939 ], [ 370883.769341676379554, 4673053.678745498880744 ], [ 370888.728105109883472, 4673056.564596139825881 ], [ 370894.922740758978762, 4673059.738794893026352 ], [ 370900.884771721553989, 4673062.839512155391276 ], [ 370906.763940495206043, 4673065.475242122076452 ], [ 370913.411134776426479, 4673068.10800252109766 ], [ 370919.271044862573035, 4673070.144295237027109 ], [ 370927.456527852336876, 4673072.893261947669089 ], [ 370933.300959394080564, 4673074.085686256177723 ], [ 370939.851439293532167, 4673075.498428287915885 ], [ 370946.086552944849245, 4673076.828097750432789 ], [ 370952.715606950107031, 4673078.472666936926544 ], [ 370958.342606736929156, 4673079.968997219577432 ], [ 370963.203407149470877, 4673081.568234007805586 ], [ 370967.603080197935924, 4673083.242569747380912 ], [ 370971.075123156188056, 4673084.323000909760594 ], [ 370974.692927315074485, 4673085.245258700102568 ], [ 370978.383728477405384, 4673085.644132209941745 ], [ 370982.912182575732004, 4673085.783294406719506 ], [ 370987.360837116488256, 4673085.624021680094302 ], [ 370991.556227157299872, 4673084.714088593609631 ], [ 370996.051111045526341, 4673083.021151561290026 ], [ 371000.462129288061988, 4673080.807705823332071 ], [ 371004.413448686886113, 4673078.747081913053989 ], [ 371008.141938023385592, 4673077.145946716889739 ], [ 371012.407284592220094, 4673075.546085244975984 ], [ 371016.984824936313089, 4673074.307051483541727 ], [ 371021.716589998919517, 4673072.920799111016095 ], [ 371026.594323968398385, 4673071.38747969083488 ], [ 371032.227071862376761, 4673069.14056657999754 ], [ 371039.233033958647866, 4673066.113201025873423 ], [ 371045.702431031619199, 4673063.551074162125587 ], [ 371051.566364488273393, 4673061.299942626617849 ], [ 371057.894072531315032, 4673059.118074230849743 ], [ 371063.76797725999495, 4673057.411033457145095 ], [ 371069.491646193142515, 4673055.617889671586454 ], [ 371075.886757090920582, 4673053.057151775807142 ], [ 371082.057611256488599, 4673050.878177979961038 ], [ 371086.397294981812593, 4673049.277001506648958 ], [ 371091.28453391045332, 4673047.810198541730642 ], [ 371097.543730199104175, 4673046.396032068878412 ], [ 371104.420722360780928, 4673044.892809012904763 ], [ 371112.448177876882255, 4673043.52403536811471 ] ] ] } },
{ "type": "Feature", "properties": { "highway": "path", "surface": "", "access": "", "bicycle": "", "foot": "", "length_km": 0.17283954094155396 }, "geometry": { "type": "MultiLineString", "coordinates": [ [ [ 370050.360054137418047, 4672490.712914210744202 ], [ 370051.340766379376873, 4672493.727152835577726 ], [ 370052.728319481364451, 4672496.856065871194005 ], [ 370054.958567016175948, 4672500.891347647644579 ], [ 370057.018817831238266, 4672504.218889575451612 ], [ 370059.405182933667675, 4672507.762563481926918 ], [ 370062.201193582965061, 4672512.020664018578827 ], [ 370064.589663840946741, 4672515.231076865456998 ], [ 370066.612145963590592, 4672516.959843995049596 ], [ 370069.133173849026207, 4672518.401726187206805 ], [ 370072.766766663116869, 4672520.156304907053709 ], [ 370076.338462199550122, 4672521.689878282137215 ], [ 370079.193858004873618, 4672523.347743839025497 ], [ 370082.059495479450561, 4672525.560794500634074 ], [ 370084.71120978629915, 4672528.266521222889423 ], [ 370087.147156981634907, 4672531.364990645088255 ], [ 370089.31779590935912, 4672534.857116519473493 ], [ 370091.208724389376584, 4672538.409940543584526 ], [ 370092.83434499282157, 4672542.356420570984483 ], [ 370094.352357110474259, 4672546.738076996058226 ], [ 370095.515986368642189, 4672549.371292880736291 ], [ 370097.555657638586126, 4672552.032777701504529 ], [ 370100.044268308323808, 4672554.852593149058521 ], [ 370102.204857421165798, 4672557.800642502494156 ], [ 370103.355923879658803, 4672560.200834656134248 ], [ 370104.021002950146794, 4672563.120935011655092 ], [ 370104.637296302069444, 4672566.530663535930216 ], [ 370105.561330397846177, 4672568.712894860655069 ], [ 370107.192645307455678, 4672570.28227664437145 ], [ 370109.830470020184293, 4672571.788662661798298 ], [ 370112.896418286836706, 4672573.220507822930813 ], [ 370116.479407000821084, 4672574.920503779314458 ], [ 370119.552520646946505, 4672576.740980582311749 ], [ 370122.309556956053711, 4672578.889404788613319 ], [ 370123.054317105910741, 4672580.308530194684863 ], [ 370123.201451310189441, 4672582.016364873386919 ], [ 370122.669480898592155, 4672583.625650611706078 ], [ 370121.199578704428859, 4672584.985657129436731 ], [ 370119.004987839492969, 4672586.014699567109346 ], [ 370115.818495178245939, 4672587.450799678452313 ], [ 370113.299983820703346, 4672588.830150012858212 ], [ 370111.828855591651518, 4672590.123536477796733 ], [ 370110.034561549138743, 4672592.255943851545453 ], [ 370108.081136816181242, 4672594.269105091691017 ], [ 370103.380065581877716, 4672597.776922439225018 ], [ 370098.024602823425084, 4672601.63003908842802 ], [ 370092.5700019398937, 4672605.929287450388074 ], [ 370088.364351613330655, 4672609.427975608967245 ], [ 370083.788113638642244, 4672613.433339553885162 ] ] ] } },
{ "type": "Feature", "properties": { "highway": "path", "surface": "", "access": "", "bicycle": "", "foot": "", "length_km": 0.053219434823246578 }, "geometry": { "type": "MultiLineString", "coordinates": [ [ [ 370110.034561549138743, 4672592.255943851545453 ], [ 370109.926366311206948, 4672595.34581315331161 ], [ 370110.439413301297463, 4672598.979595825076103 ], [ 370111.486205330525991, 4672601.54832443408668 ], [ 370113.343516600260045, 4672603.280150500126183 ], [ 370116.413611302385107, 4672604.489771024324 ], [ 370119.579983245348558, 4672605.097814271226525 ], [ 370122.854781193076633, 4672605.315098023973405 ], [ 370125.885077756363899, 4672604.814908122643828 ], [ 370127.747345034149475, 4672603.680922312662005 ], [ 370129.315636578481644, 4672601.386075926944613 ], [ 370130.19792854890693, 4672598.170855645090342 ], [ 370130.471268020919524, 4672595.077941189520061 ], [ 370130.363502094638534, 4672592.369709161110222 ], [ 370129.497275933099445, 4672590.18640876095742 ], [ 370128.00237015739549, 4672587.503760528750718 ], [ 370125.383096837438643, 4672583.42009577061981 ], [ 370123.054317105910741, 4672580.308530194684863 ] ] ] } },
{ "type": "Feature", "properties": { "highway": "path", "surface": "", "access": "", "bicycle": "", "foot": "", "length_km": 0.23513145915554243 }, "geometry": { "type": "MultiLineString", "coordinates": [ [ [ 369525.259871217771433, 4672828.349408160895109 ], [ 369515.487134454597253, 4672809.081275356002152 ], [ 369488.278497940278612, 4672791.135993947274983 ], [ 369467.923622202244587, 4672770.886680383235216 ], [ 369436.751872282940894, 4672754.814474456943572 ], [ 369422.040128900669515, 4672725.774578591808677 ], [ 369415.42288801050745, 4672701.649611487053335 ], [ 369407.101947189657949, 4672670.28083114977926 ], [ 369407.854492723476142, 4672643.164561732672155 ] ] ] } },
{ "type": "Feature", "properties": { "highway": "track", "surface": "", "access": "", "bicycle": "", "foot": "", "length_km": 0.13927559610398962 }, "geometry": { "type": "MultiLineString", "coordinates": [ [ [ 369492.379769113031216, 4672813.219442535191774 ], [ 369498.345548935059924, 4672816.474441269412637 ], [ 369503.931522888306063, 4672819.736484004184604 ], [ 369509.429164428147487, 4672822.689157975837588 ], [ 369514.301620298123453, 4672824.887004489079118 ], [ 369519.632322695164476, 4672826.85421225707978 ], [ 369525.259871217771433, 4672828.349408160895109 ], [ 369532.725945190759376, 4672829.6661436278373 ], [ 369537.952882156823762, 4672830.49121514800936 ], [ 369541.109929119935259, 4672831.043631935492158 ], [ 369544.506592723366339, 4672832.047017997130752 ], [ 369549.066545019915793, 4672833.873022937215865 ], [ 369553.541049792896956, 4672835.545108807273209 ], [ 369556.47123072942486, 4672836.334992882795632 ], [ 369559.776890406152233, 4672836.884664635173976 ], [ 369563.310674703563564, 4672836.819199430756271 ], [ 369568.971580932440702, 4672836.1034194836393 ], [ 369574.020066856755875, 4672835.321235936135054 ], [ 369578.616061711683869, 4672835.080597444437444 ], [ 369582.909445342549589, 4672835.001072024926543 ], [ 369586.824469274492003, 4672835.006309641525149 ], [ 369592.586627638782375, 4672835.743755476549268 ], [ 369599.515799938817509, 4672837.059397414326668 ], [ 369607.13889553892659, 4672838.828710036352277 ], [ 369611.135422114282846, 4672839.221214054152369 ], [ 369616.35764321940951, 4672839.346658208407462 ], [ 369621.260771154251415, 4672839.189220022410154 ], [ 369626.485870185948443, 4672839.470123307779431 ] ] ] } },
{ "type": "Feature", "properties": { "highway": "path", "surface": "", "access": "", "bicycle": "", "foot": "", "length_km": 0.066212956072300905 }, "geometry": { "type": "MultiLineString", "coordinates": [ [ [ 369538.93777510052314, 4672897.018001674674451 ], [ 369539.463243939680979, 4672891.054644695483148 ], [ 369539.905120780633297, 4672885.037299212068319 ], [ 369540.568688582861796, 4672878.949201185256243 ], [ 369541.670056154020131, 4672872.864099020138383 ], [ 369542.775567742122803, 4672866.556770377792418 ], [ 369543.93967267149128, 4672860.737086434848607 ], [ 369545.357961334404536, 4672853.479825833812356 ], [ 369546.626977885840461, 4672850.201816280372441 ], [ 369547.2041917576571, 4672848.813791885972023 ], [ 369547.320359110133722, 4672846.168054669164121 ], [ 369546.836682414752431, 4672843.688936138525605 ], [ 369546.668014293711167, 4672840.826326272450387 ], [ 369547.685964666015934, 4672838.708148710429668 ], [ 369549.425289840903133, 4672837.187518664635718 ], [ 369553.541049792896956, 4672835.545108807273209 ] ] ] } },
{ "type": "Feature", "properties": { "highway": "track", "surface": "", "access": "", "bicycle": "", "foot": "", "length_km": 0.32815787839338206 }, "geometry": { "type": "MultiLineString", "coordinates": [ [ [ 370133.540562641341239, 4673183.739069784060121 ], [ 370079.788657308730762, 4673136.13561384472996 ], [ 369986.137077955179848, 4673033.987339704297483 ], [ 369946.040729158441536, 4673026.019626328721642 ], [ 369869.201704625738785, 4673023.085285780020058 ] ] ] } },
{ "type": "Feature", "properties": { "highway": "track", "surface": "", "access": "", "bicycle": "", "foot": "", "length_km": 0.48904768324772224 }, "geometry": { "type": "MultiLineString", "coordinates": [ [ [ 370278.475806829286739, 4673213.323100813664496 ], [ 370189.542650125920773, 4673197.545832669362426 ], [ 370133.540562641341239, 4673183.739069784060121 ], [ 370088.581201180000789, 4673172.661339591257274 ], [ 370027.50796567852376, 4673144.553694482892752 ], [ 369966.5033404387068, 4673120.188512844033539 ], [ 369906.228950518707279, 4673101.397412687540054 ], [ 369810.286227712174878, 4673078.290136971510947 ] ] ] } },
{ "type": "Feature", "properties": { "highway": "track", "surface": "", "access": "", "bicycle": "", "foot": "", "length_km": 0.023685360470244599 }, "geometry": { "type": "MultiLineString", "coordinates": [ [ [ 371852.788183166529052, 4672870.541655044071376 ], [ 371856.690721096354537, 4672871.681329812854528 ], [ 371859.75110460416181, 4672872.836333361454308 ], [ 371861.940350063727237, 4672874.229339126497507 ], [ 371863.961262107593939, 4672875.90309280809015 ], [ 371865.492851517628878, 4672877.918972575105727 ], [ 371866.652728734712582, 4672880.385911306366324 ], [ 371867.697650335379876, 4672883.343665689229965 ], [ 371868.192597901739646, 4672886.033744977787137 ] ] ] } },
{ "type": "Feature", "properties": { "highway": "path", "surface": "", "access": "", "bicycle": "", "foot": "", "length_km": 0.29453919257728828 }, "geometry": { "type": "MultiLineString", "coordinates": [ [ [ 373081.877478498383425, 4673040.701532235369086 ], [ 373110.747382060508244, 4673018.077678810805082 ], [ 373123.736912483640481, 4672992.319067879579961 ], [ 373144.045017533062492, 4672981.745548389852047 ], [ 373147.953293220198248, 4672967.635538627393544 ], [ 373146.478221748315264, 4672938.938708581961691 ], [ 373155.59759233816294, 4672911.972564128227532 ], [ 373167.753888567327522, 4672875.699372637085617 ], [ 373165.640701883763541, 4672847.336151006631553 ], [ 373151.498007021786179, 4672826.531545652076602 ], [ 373149.424827733775601, 4672818.271765230223536 ], [ 373156.610802639333997, 4672800.387913356535137 ] ], [ [ 373167.65243265934987, 4672764.81893896125257 ], [ 373161.528014101844747, 4672751.532294403761625 ] ] ] } },
{ "type": "Feature", "properties": { "highway": "track", "surface": "concrete", "access": "", "bicycle": "", "foot": "", "length_km": 0.1232098892151124 }, "geometry": { "type": "MultiLineString", "coordinates": [ [ [ 371788.898997379292268, 4672883.889523558318615 ], [ 371783.781551489490084, 4672885.426668188534677 ], [ 371778.271643047395628, 4672887.182003570720553 ], [ 371771.564023855142295, 4672889.836637306027114 ], [ 371764.531210023444146, 4672892.774884381331503 ], [ 371757.481246770126745, 4672895.224727286957204 ], [ 371749.888389886240475, 4672897.795539921149611 ], [ 371742.95281188946683, 4672900.176670080050826 ], [ 371737.237360800732858, 4672902.435613883659244 ], [ 371732.016283937264234, 4672904.630019277334213 ], [ 371726.573299779382069, 4672906.884008303284645 ], [ 371722.39067254360998, 4672908.504134080372751 ], [ 371718.040049420262221, 4672909.516418361105025 ], [ 371713.946752411837224, 4672910.146366496570408 ], [ 371709.854631234426051, 4672910.387537930160761 ], [ 371706.028900447941851, 4672910.290636846795678 ], [ 371701.980410771619063, 4672909.753502437844872 ], [ 371698.199524311115965, 4672908.944917192682624 ], [ 371694.469147109834012, 4672907.735548429191113 ], [ 371690.676117608090863, 4672906.260746617801487 ], [ 371686.931612898712046, 4672904.729525646194816 ], [ 371683.982591591600794, 4672903.79471424780786 ], [ 371681.427487495238893, 4672903.174838492646813 ], [ 371678.597737283329479, 4672902.893190077506006 ], [ 371676.437603322847281, 4672903.099169986322522 ], [ 371674.342347179481294, 4672903.692725861445069 ], [ 371671.709254157030955, 4672904.684842891059816 ] ] ] } },
{ "type": "Feature", "properties": { "highway": "track", "surface": "", "access": "", "bicycle": "", "foot": "", "length_km": 0.42821380388961838 }, "geometry": { "type": "MultiLineString", "coordinates": [ [ [ 372695.254079932463355, 4673123.32248649187386 ], [ 372704.382712331600487, 4673100.631815600208938 ], [ 372718.686736728530377, 4673057.676734333857894 ], [ 372725.982829850981943, 4673039.140038389712572 ], [ 372735.752576436905656, 4673034.542728527449071 ], [ 372748.2614744103048, 4673031.617555722594261 ], [ 372763.508944487082772, 4673029.875823673792183 ], [ 372778.810162772599142, 4673031.565308476798236 ], [ 372791.381072960561141, 4673032.071247135289013 ], [ 372814.349837941757869, 4673008.342072675935924 ], [ 372829.969165005197283, 4673000.207076047547162 ], [ 372845.172965751669835, 4672996.500322337262332 ], [ 372859.376443636370823, 4672991.823117092251778 ], [ 372866.68654273240827, 4672987.759133053012192 ], [ 372869.182064779452048, 4672975.94034375436604 ], [ 372874.375806376512628, 4672936.082467113621533 ], [ 372880.375108308973722, 4672886.402319826185703 ], [ 372886.383812275191303, 4672850.961557076312602 ], [ 372892.122607376542874, 4672841.283473036251962 ], [ 372895.910382735310122, 4672832.873522846028209 ], [ 372895.954224349814467, 4672821.576621685177088 ], [ 372898.334504965227097, 4672816.635340340435505 ], [ 372904.750885081884917, 4672817.496958253905177 ] ] ] } },
{ "type": "Feature", "properties": { "highway": "path", "surface": "", "access": "", "bicycle": "", "foot": "", "length_km": 0.47643017444942393 }, "geometry": { "type": "MultiLineString", "coordinates": [ [ [ 372071.433324035955593, 4673073.328768902458251 ], [ 372075.376248047919944, 4673076.24500014539808 ], [ 372080.39024973672349, 4673079.019591932184994 ], [ 372081.989431081048679, 4673076.124841950833797 ], [ 372083.395700237248093, 4673067.157881485298276 ], [ 372085.237093946780078, 4673063.04803154617548 ], [ 372087.902164759114385, 4673061.089149050414562 ], [ 372093.520874923560768, 4673063.508436389267445 ], [ 372099.450590546010062, 4673068.954382166266441 ], [ 372105.057137995841913, 4673075.705762019380927 ], [ 372108.576992339396384, 4673079.429425129666924 ], [ 372112.384679545531981, 4673078.993716278113425 ], [ 372115.55317063286202, 4673083.834499093703926 ], [ 372120.485129465232603, 4673084.366926243528724 ], [ 372125.949608431721572, 4673066.473716530017555 ], [ 372127.2673711234238, 4673043.990743812173605 ], [ 372125.755244667001534, 4673035.310054515488446 ], [ 372129.95666894048918, 4673036.089012114331126 ], [ 372136.712210061436053, 4673041.986498366110027 ], [ 372151.082132929994259, 4673046.501694889739156 ], [ 372192.159065815329086, 4673066.360002482309937 ], [ 372197.996664676873479, 4673071.285655553452671 ], [ 372197.895846921368502, 4673075.286126065067947 ], [ 372204.66946200595703, 4673084.004608861170709 ], [ 372207.551339611352887, 4673088.983920975588262 ], [ 372213.795523345819674, 4673097.201084271073341 ], [ 372218.253516361350194, 4673103.018165390007198 ], [ 372223.381834655592684, 4673107.09033920429647 ], [ 372231.620473734335974, 4673110.073087847791612 ], [ 372241.553592488577124, 4673110.4037661915645 ], [ 372252.223955816356465, 4673093.560253821313381 ], [ 372259.980577025096864, 4673079.535351077094674 ], [ 372265.742901710735168, 4673070.75597823690623 ], [ 372291.248779202229343, 4673065.428263966925442 ], [ 372300.873259729705751, 4673067.863911743275821 ], [ 372305.599210820859298, 4673069.333220381289721 ], [ 372316.502577613922767, 4673065.325658800080419 ], [ 372322.428490276448429, 4673065.562518063001335 ], [ 372329.224521230149549, 4673065.961320854723454 ], [ 372340.127271612349432, 4673071.483892939984798 ], [ 372349.563646747323219, 4673073.567582626827061 ], [ 372355.202581502206158, 4673077.108547736890614 ], [ 372355.866256467998028, 4673084.560637341812253 ], [ 372354.262714998680167, 4673092.231549541465938 ], [ 372353.551033706520684, 4673101.263600651174784 ], [ 372356.09972741024103, 4673107.459708431735635 ], [ 372360.550147570262197, 4673112.410640646703541 ], [ 372365.159443353302777, 4673117.014368128031492 ], [ 372372.77675421256572, 4673123.996072532609105 ], [ 372383.979413572873455, 4673130.124174083583057 ] ] ] } },
{ "type": "Feature", "properties": { "highway": "track", "surface": "", "access": "", "bicycle": "", "foot": "", "length_km": 0.57658495554428535 }, "geometry": { "type": "MultiLineString", "coordinates": [ [ [ 372717.40753606276121, 4672918.847501833923161 ], [ 372714.408248111139983, 4672933.396748676896095 ], [ 372694.284706345410086, 4672961.462187265977263 ], [ 372670.478194568539038, 4672990.460666110739112 ], [ 372664.18311291129794, 4673002.692583546042442 ], [ 372671.597312421770766, 4673052.341430013999343 ], [ 372686.134563204541337, 4673099.473401369526982 ], [ 372695.254079932463355, 4673123.32248649187386 ], [ 372711.399270209309179, 4673139.269441481679678 ], [ 372712.253408511402085, 4673144.030139118432999 ], [ 372715.266134782810695, 4673160.836556340567768 ], [ 372716.290417631098535, 4673205.613794080913067 ], [ 372703.614618920604698, 4673225.325193391181529 ], [ 372699.893459513550624, 4673235.566770954988897 ], [ 372699.41330747428583, 4673245.094414363615215 ], [ 372697.761253987089731, 4673250.10036067571491 ], [ 372688.732839938777033, 4673255.028658105991781 ], [ 372669.034610551374499, 4673259.061425255611539 ], [ 372644.392808974022046, 4673265.560641333460808 ], [ 372626.88222786411643, 4673269.998246208764613 ], [ 372608.859560834884178, 4673270.324349019676447 ], [ 372583.521843012422323, 4673262.552369222044945 ], [ 372574.379548845288809, 4673261.640430890023708 ], [ 372563.831522123946343, 4673267.018475892953575 ], [ 372556.392859538376797, 4673275.81683833245188 ], [ 372541.842357801273465, 4673288.19834066554904 ], [ 372521.295588360750116, 4673305.564565514214337 ], [ 372510.331517998187337, 4673316.237312922254205 ] ] ] } },
{ "type": "Feature", "properties": { "highway": "track", "surface": "", "access": "", "bicycle": "", "foot": "", "length_km": 0.53105913555337569 }, "geometry": { "type": "MultiLineString", "coordinates": [ [ [ 373081.877478498383425, 4673040.701532235369086 ], [ 373023.902418215293437, 4673051.810075609944761 ], [ 372977.706386474659666, 4673058.896780389361084 ], [ 372946.100615182542242, 4673063.97663289681077 ], [ 372905.993704528489616, 4673061.579378245398402 ], [ 372883.678868945571594, 4673060.238394882529974 ], [ 372859.968931765120942, 4673058.93378237541765 ], [ 372839.644969213521108, 4673071.796536663547158 ], [ 372821.965471407456789, 4673095.71887812577188 ], [ 372807.142773234925698, 4673112.736455159261823 ], [ 372787.984364567266311, 4673156.267778227105737 ], [ 372792.57364419446094, 4673178.521632679738104 ], [ 372799.494387464539614, 4673193.602479023858905 ], [ 372800.375622833380476, 4673201.694885199889541 ], [ 372797.561045848822687, 4673209.098770789802074 ], [ 372785.55741031083744, 4673213.003288369625807 ], [ 372774.632458874839358, 4673208.046922118403018 ], [ 372754.729574611992575, 4673197.110497800633311 ], [ 372738.193540959735401, 4673181.459306117147207 ], [ 372731.273032286844682, 4673156.348616202361882 ], [ 372729.178982093348168, 4673146.500972112640738 ], [ 372726.114691054564901, 4673141.002716349437833 ], [ 372723.133927492832299, 4673139.668190193362534 ], [ 372716.889453614130616, 4673140.991778743453324 ], [ 372712.253408511402085, 4673144.030139118432999 ] ] ] } },
{ "type": "Feature", "properties": { "highway": "track", "surface": "", "access": "", "bicycle": "", "foot": "", "length_km": 0.20867835292739101 }, "geometry": { "type": "MultiLineString", "coordinates": [ [ [ 372516.251946806034539, 4673225.883139756508172 ], [ 372524.834570715320297, 4673210.02198342140764 ], [ 372529.825096796092112, 4673200.112754886038601 ], [ 372529.69642825901974, 4673193.006402451545 ], [ 372528.814880178601015, 4673184.91402343288064 ], [ 372531.685092484112829, 4673166.457233922556043 ], [ 372531.162187822337728, 4673151.26078721601516 ], [ 372536.387183162150905, 4673140.614238372072577 ], [ 372541.230053605919238, 4673108.859608986414969 ], [ 372540.548340161913075, 4673098.575471229851246 ], [ 372526.348482074739877, 4673089.746777372434735 ], [ 372508.909225628653076, 4673078.533161217346787 ], [ 372502.833343313192017, 4673069.557404585182667 ], [ 372498.960659211152233, 4673059.564309305511415 ], [ 372503.765916901582386, 4673053.101690351031721 ], [ 372510.553258014086168, 4673047.091905075125396 ] ] ] } },
{ "type": "Feature", "properties": { "highway": "path", "surface": "", "access": "", "bicycle": "", "foot": "", "length_km": 0.36949082760098595 }, "geometry": { "type": "MultiLineString", "coordinates": [ [ [ 372098.599416926212143, 4673319.407108122482896 ], [ 372108.442749624082353, 4673310.264653618447483 ], [ 372109.566990675986744, 4673304.868275351822376 ], [ 372107.412087325239554, 4673301.264213565737009 ], [ 372101.063760951918084, 4673296.858855257742107 ], [ 372087.735136529081501, 4673291.902779013849795 ], [ 372079.503156342427246, 4673279.734307697042823 ], [ 372076.761726792610716, 4673272.486595222726464 ], [ 372074.3969194018282, 4673267.331328368745744 ], [ 372075.161682634614408, 4673261.241713589057326 ], [ 372074.729787818738259, 4673256.562261683866382 ], [ 372072.062210065021645, 4673253.833898524753749 ], [ 372065.745498737262096, 4673251.171848635189235 ], [ 372061.949484667915385, 4673243.610085166990757 ], [ 372063.921613300277386, 4673237.154200252145529 ], [ 372070.095264750649221, 4673231.488339412026107 ], [ 372077.490036972740199, 4673226.666668833233416 ], [ 372082.06359738111496, 4673219.297148261219263 ], [ 372078.598399201291613, 4673210.851885171607137 ], [ 372082.051588219008408, 4673198.182304878719151 ], [ 372091.782979288953356, 4673196.961404712870717 ], [ 372095.203876896877773, 4673193.422655121423304 ], [ 372097.431423910660669, 4673181.930515196174383 ], [ 372094.920245421701111, 4673177.810883703641593 ], [ 372083.481502255890518, 4673169.155049284920096 ], [ 372074.142707680701278, 4673163.804385276511312 ], [ 372067.311204491939861, 4673155.087075282819569 ], [ 372072.546638975734822, 4673145.961670656688511 ], [ 372061.276823651103768, 4673138.880042917095125 ], [ 372048.351369634270668, 4673127.496657409705222 ], [ 372029.504624895751476, 4673096.594241271726787 ], [ 372024.193319366371725, 4673082.462274781428277 ], [ 372030.110077087418176, 4673075.379313988611102 ], [ 372040.156909531448036, 4673072.419869924895465 ], [ 372049.904210507986136, 4673072.065002527087927 ], [ 372062.110704545979388, 4673073.420420405454934 ], [ 372065.111541450256482, 4673074.032330914400518 ], [ 372069.994580655940808, 4673074.59893411770463 ], [ 372071.433324035955593, 4673073.328768902458251 ] ] ] } },
{ "type": "Feature", "properties": { "highway": "track", "surface": "", "access": "", "bicycle": "", "foot": "", "length_km": 0.30230004284619694 }, "geometry": { "type": "MultiLineString", "coordinates": [ [ [ 372383.979413572873455, 4673130.124174083583057 ], [ 372412.714901647646911, 4673139.411125698126853 ], [ 372444.596703899849672, 4673158.715525725856423 ], [ 372468.716996818198822, 4673171.285226072184741 ], [ 372491.580900192144327, 4673182.88920945301652 ], [ 372507.811520350398496, 4673194.868853077292442 ], [ 372514.201531468192115, 4673207.51544485706836 ], [ 372516.251946806034539, 4673225.883139756508172 ], [ 372499.928072758601047, 4673276.239440383389592 ], [ 372489.187411835417151, 4673308.822916378267109 ], [ 372468.919805320270825, 4673332.015589892864227 ], [ 372461.882648082333617, 4673340.629069884307683 ] ] ] } },
{ "type": "Feature", "properties": { "highway": "path", "surface": "", "access": "", "bicycle": "", "foot": "", "length_km": 0.40686770679312884 }, "geometry": { "type": "MultiLineString", "coordinates": [ [ [ 372098.599416926212143, 4673319.407108122482896 ], [ 372096.195341459941119, 4673325.271034994162619 ], [ 372131.113759448518977, 4673357.15901097189635 ], [ 372164.353954819962382, 4673390.332753545604646 ], [ 372196.636456827924121, 4673417.626030713319778 ], [ 372233.284477851644624, 4673451.582367905415595 ], [ 372253.251351634331513, 4673477.411107315681875 ], [ 372275.094026814564131, 4673513.324648323468864 ], [ 372305.836223474703729, 4673549.087915162555873 ], [ 372312.905106566846371, 4673565.009790419600904 ], [ 372341.785965922754258, 4673591.510124439373612 ], [ 372371.783393572550267, 4673610.656959372572601 ] ] ] } },
{ "type": "Feature", "properties": { "highway": "track", "surface": "gravel", "access": "", "bicycle": "", "foot": "", "length_km": 2.5256482627577568 }, "geometry": { "type": "MultiLineString", "coordinates": [ [ [ 372389.589491142018232, 4673595.040773733519018 ], [ 372364.041022159857675, 4673542.267618394456804 ], [ 372350.681883598619606, 4673494.603926381096244 ], [ 372352.039048067934345, 4673483.372018210589886 ], [ 372364.287489545939025, 4673469.776700695976615 ], [ 372401.852331945381593, 4673440.472119622863829 ], [ 372433.701960772916209, 4673405.66211626585573 ], [ 372509.436359650455415, 4673328.371609427034855 ], [ 372513.301181784365326, 4673317.416446628980339 ], [ 372510.331517998187337, 4673316.237312922254205 ], [ 372507.320171667728573, 4673315.03672066051513 ], [ 372496.476492252899334, 4673319.587177477777004 ], [ 372475.496050219342578, 4673333.973529892042279 ], [ 372461.882648082333617, 4673340.629069884307683 ], [ 372412.659673775837291, 4673364.668662213720381 ], [ 372354.92004721070407, 4673400.870056397281587 ], [ 372317.202915065106936, 4673421.780503113754094 ], [ 372293.034584934590384, 4673432.482077768072486 ], [ 372254.507398652785923, 4673426.027983220294118 ], [ 372237.827467250346672, 4673418.866554409265518 ], [ 372188.93531349307159, 4673392.374464812688529 ], [ 372174.245230844127946, 4673374.28075220156461 ], [ 372157.076142294681631, 4673357.476108307950199 ], [ 372098.599416926212143, 4673319.407108122482896 ], [ 372050.577546363289002, 4673288.15728547424078 ], [ 372010.268537648371421, 4673252.802224800921977 ], [ 371957.668314975162502, 4673228.245115696452558 ], [ 371917.632595151779242, 4673207.502864189445972 ], [ 371903.781458529643714, 4673201.534754060208797 ], [ 371848.648447227780707, 4673209.380251107737422 ], [ 371794.231194073450752, 4673222.51136208511889 ], [ 371728.764471555012278, 4673246.096315527334809 ], [ 371651.391213565133512, 4673250.316659171134233 ], [ 371608.899145997012965, 4673248.903314699418843 ], [ 371520.356532818288542, 4673240.255421068519354 ], [ 371493.16598060663091, 4673239.196660055778921 ], [ 371416.233754377230071, 4673216.020721447654068 ], [ 371339.383645402966067, 4673197.820213723927736 ], [ 371276.507907708117273, 4673174.699901473708451 ], [ 371215.861973632185254, 4673144.375073638744652 ], [ 371208.773528502439149, 4673140.183963890187442 ], [ 371202.656321291462518, 4673136.263885207474232 ], [ 371196.263332322763745, 4673131.715735288336873 ], [ 371191.316521406348329, 4673128.118582893162966 ], [ 371186.341816290514544, 4673123.89992977399379 ], [ 371180.228480023739394, 4673117.936037172563374 ], [ 371176.24510722188279, 4673113.732574268244207 ], [ 371173.109416304680053, 4673110.268905499950051 ], [ 371169.128954020736273, 4673106.676300089806318 ], [ 371164.687287708278745, 4673102.703377521596849 ], [ 371159.999204170599114, 4673097.901911960914731 ], [ 371155.610902602900751, 4673092.783955855295062 ], [ 371150.739318444451783, 4673086.530784635804594 ], [ 371145.4164811152732, 4673080.441378960385919 ], [ 371142.04125531372847, 4673076.526703507639468 ], [ 371138.374493540555704, 4673072.928372769616544 ], [ 371135.561113923904486, 4673070.380734564736485 ], [ 371132.217913245083764, 4673067.765043337829411 ], [ 371128.643739825987723, 4673065.164688809774816 ], [ 371124.458401740936097, 4673062.564415886066854 ], [ 371120.261958702816628, 4673059.808844979852438 ], [ 371117.606858035665937, 4673057.336067968979478 ], [ 371115.498088152264245, 4673054.931042484007776 ], [ 371113.686540467489976, 4673052.520576513372362 ], [ 371112.338762471685186, 4673050.179372742772102 ], [ 371111.683082953211851, 4673047.747747347690165 ], [ 371111.876448677736335, 4673045.67823052406311 ], [ 371112.448177876882255, 4673043.52403536811471 ], [ 371113.714853203622624, 4673041.434870163910091 ], [ 371115.671064695867244, 4673039.5663379766047 ], [ 371118.3236460929038, 4673037.840562481433153 ], [ 371121.287197196797933, 4673036.408995526842773 ], [ 371125.937789303890895, 4673034.646649301052094 ], [ 371130.207250828330871, 4673033.268934071995318 ], [ 371134.407895142270718, 4673032.192380918189883 ], [ 371138.154727023094893, 4673031.590647182427347 ], [ 371143.354657008778304, 4673030.962320640683174 ], [ 371148.181710108066909, 4673030.718473731540143 ], [ 371153.712244246271439, 4673031.006018597632647 ], [ 371159.091395562049001, 4673031.596237854100764 ], [ 371164.707206402730662, 4673032.482030319981277 ], [ 371169.629492125473917, 4673033.380517523735762 ], [ 371174.092198097030632, 4673033.987517587840557 ], [ 371178.31966541998554, 4673034.376676658168435 ], [ 371184.767855035373941, 4673034.714099740609527 ], [ 371190.141311869665515, 4673034.993439531885087 ], [ 371195.896179774659686, 4673035.354664801619947 ], [ 371201.129351516196039, 4673036.091982672922313 ], [ 371205.36514346266631, 4673036.936408838257194 ], [ 371209.141226142295636, 4673037.933642993681133 ], [ 371212.839010763214901, 4673039.165566701442003 ], [ 371218.338488415582106, 4673041.819605366326869 ], [ 371222.356910861679353, 4673043.423320456407964 ], [ 371226.138673878158443, 4673044.731466672383249 ], [ 371229.675248511368409, 4673045.277689039707184 ], [ 371233.046628153184429, 4673045.371531271375716 ], [ 371237.341009545722045, 4673044.904232118278742 ], [ 371241.934239763417281, 4673044.520329368300736 ], [ 371246.230315709020942, 4673044.597267010249197 ], [ 371251.684970349189825, 4673045.25281981471926 ], [ 371257.146933306590654, 4673046.30810933560133 ], [ 371263.501174637931399, 4673047.380409763194621 ], [ 371272.437848587404005, 4673048.760935205034912 ], [ 371279.720164461643435, 4673049.549703969620168 ], [ 371288.597144801868126, 4673050.375971445813775 ], [ 371300.833384506986476, 4673051.085305660963058 ], [ 371313.592197377874982, 4673051.918398098088801 ], [ 371324.593652101175394, 4673052.850275876931846 ], [ 371447.10576967347879, 4673059.564806689508259 ], [ 371523.206246980582364, 4673053.821601559408009 ], [ 371595.882661360374186, 4673031.958229037001729 ], [ 371615.686972751456778, 4673021.955872276797891 ], [ 371627.501916056848131, 4673001.824924063868821 ], [ 371643.741273099090904, 4672938.972153631038964 ] ] ] } },
{ "type": "Feature", "properties": { "highway": "track", "surface": "", "access": "", "bicycle": "", "foot": "", "length_km": 0.19126582464170244 }, "geometry": { "type": "MultiLineString", "coordinates": [ [ [ 370270.003773446369451, 4673226.852592827752233 ], [ 370278.475806829286739, 4673213.323100813664496 ], [ 370301.430500491755083, 4673205.435965296812356 ], [ 370334.788141510391142, 4673186.160984333604574 ], [ 370365.869177395361476, 4673173.759172208607197 ], [ 370370.730895414366387, 4673171.81470911949873 ], [ 370380.992060615797527, 4673157.208309542387724 ], [ 370385.329670034814626, 4673151.019352715462446 ], [ 370407.645765046938322, 4673142.52231676876545 ], [ 370431.242918565054424, 4673135.867828671820462 ] ] ] } },
{ "type": "Feature", "properties": { "highway": "path", "surface": "", "access": "", "bicycle": "", "foot": "", "length_km": 0.65364798433362725 }, "geometry": { "type": "MultiLineString", "coordinates": [ [ [ 370415.610572841833346, 4673662.23788757994771 ], [ 370411.080594040569849, 4673657.51175179425627 ], [ 370405.520744019187987, 4673651.571651004254818 ], [ 370400.770840525103267, 4673647.460480558685958 ], [ 370396.791684973693918, 4673643.946032657288015 ], [ 370393.744097059825435, 4673640.792088388465345 ], [ 370391.290447769046295, 4673636.705290321260691 ], [ 370388.745730977039784, 4673631.709358084946871 ], [ 370386.037203767918982, 4673626.338789261877537 ], [ 370382.655932747176848, 4673621.658163970336318 ], [ 370377.676271504780743, 4673617.628990801051259 ], [ 370372.253921959199943, 4673614.674289249815047 ], [ 370366.994072894623969, 4673612.47190650459379 ], [ 370364.127239224326331, 4673610.614218384958804 ], [ 370361.69769268220989, 4673607.837666273117065 ], [ 370358.002684617880732, 4673603.162829839624465 ], [ 370355.075517328456044, 4673598.029555136337876 ], [ 370350.929434361867607, 4673593.973940076306462 ], [ 370346.567603369359858, 4673590.311062198132277 ], [ 370343.836676116101444, 4673587.762215980328619 ], [ 370341.858179369650315, 4673584.366451964713633 ], [ 370339.475788895506412, 4673579.667447353713214 ], [ 370335.612516026943922, 4673573.929404615424573 ], [ 370331.659726602898445, 4673567.815358996391296 ], [ 370327.539920440991409, 4673560.704720340669155 ], [ 370323.282959326868877, 4673554.218628364615142 ], [ 370319.23887012002524, 4673547.18435147870332 ], [ 370316.548465752101038, 4673542.802037004381418 ], [ 370313.878996598476078, 4673539.108000489883125 ], [ 370311.643948201090097, 4673534.339645040221512 ], [ 370308.190913683036342, 4673526.217060853727162 ], [ 370305.717743205605075, 4673521.075440349988639 ], [ 370303.716502955416217, 4673516.447176491841674 ], [ 370301.35943404387217, 4673513.125042285770178 ], [ 370298.621505640156101, 4673510.198687262833118 ], [ 370295.505377326335292, 4673507.812459892593324 ], [ 370292.634186240495183, 4673505.721622229553759 ], [ 370290.211533073103055, 4673503.322619397193193 ], [ 370288.222963236854412, 4673499.382788769900799 ], [ 370286.450339110917412, 4673495.061325745657086 ], [ 370285.523959990998264, 4673490.502120421268046 ], [ 370285.669187271676492, 4673485.834309476427734 ], [ 370286.506801576004364, 4673481.542501628398895 ], [ 370288.029305696545634, 4673476.771560598164797 ], [ 370290.557917509519029, 4673472.370842926204205 ], [ 370293.330377994454466, 4673468.654296056367457 ], [ 370297.171924784779549, 4673465.140201976522803 ], [ 370300.797730273217894, 4673462.018846213817596 ], [ 370303.578587843512651, 4673458.757555073127151 ], [ 370306.195633291616105, 4673455.121629412285984 ], [ 370309.873248111980502, 4673450.777503441087902 ], [ 370314.020145558926743, 4673446.802388049662113 ], [ 370317.299725339922588, 4673441.921333481557667 ], [ 370323.749844965350349, 4673433.860679671168327 ], [ 370330.298211553425062, 4673427.097795610316098 ], [ 370335.427240625722334, 4673422.638090129941702 ], [ 370340.463976998522412, 4673417.202632141299546 ], [ 370346.626882052223664, 4673410.13585542421788 ], [ 370352.551479508983903, 4673402.684712436981499 ], [ 370356.891891520295758, 4673397.10658694896847 ], [ 370361.068165304255672, 4673390.687320343218744 ], [ 370366.411510581965558, 4673384.857475680299103 ], [ 370370.33590327645652, 4673381.353007221594453 ], [ 370374.431190779898316, 4673379.056107139214873 ], [ 370376.525780529831536, 4673376.196245368570089 ], [ 370379.008319234242663, 4673373.773539395071566 ], [ 370384.847752932342701, 4673369.767305927351117 ], [ 370390.450635182787664, 4673365.920937088318169 ], [ 370393.985593682853505, 4673362.345900482498109 ], [ 370397.126680893998127, 4673358.01170258037746 ], [ 370401.325500851147808, 4673352.813867569901049 ], [ 370404.791562885511667, 4673349.08460093382746 ], [ 370410.013395308284089, 4673345.622916971333325 ], [ 370416.456856645236257, 4673341.227939248085022 ], [ 370423.256308747164439, 4673335.982248992659152 ], [ 370429.919507871964015, 4673330.961222537793219 ], [ 370434.55025136040058, 4673328.58785976935178 ], [ 370440.021343377302401, 4673325.654769559390843 ], [ 370441.838707003043965, 4673324.332859390415251 ], [ 370443.241070187825244, 4673321.55240351241082 ], [ 370445.408374047896359, 4673318.602366554550827 ], [ 370448.132013263413683, 4673316.264109634794295 ], [ 370451.064465423696674, 4673313.155597210861742 ], [ 370453.911378972581588, 4673309.437750424258411 ], [ 370457.362083365034778, 4673305.320033783093095 ], [ 370460.154314349638298, 4673302.669511190615594 ], [ 370464.012993654643651, 4673300.077119138091803 ], [ 370469.092004579782952, 4673296.929118386469781 ], [ 370473.875356051954441, 4673294.319718742743134 ], [ 370477.73535505880136, 4673291.349657115526497 ], [ 370480.743240459240042, 4673287.851009625941515 ], [ 370484.411247376934625, 4673282.974003173410892 ], [ 370488.311771148641128, 4673278.614771397784352 ], [ 370492.460301896440797, 4673274.717492461204529 ], [ 370494.962611043127254, 4673272.916484139859676 ], [ 370496.296421608421952, 4673270.448309892788529 ], [ 370497.829128439596388, 4673266.22150070592761 ], [ 370498.577078032074496, 4673261.087209447287023 ], [ 370500.34933043824276, 4673257.311399884521961 ], [ 370505.070835399383213, 4673251.337604778818786 ], [ 370510.833360155811533, 4673243.589689232409 ], [ 370515.938831624109298, 4673237.386691079474986 ], [ 370519.315421561012045, 4673233.725776535458863 ], [ 370522.448272923589684, 4673228.936387163586915 ], [ 370526.563158762990497, 4673223.207021151669323 ], [ 370531.629249500459991, 4673214.861023439094424 ], [ 370536.423685773683246, 4673208.808158698491752 ], [ 370540.626988352858461, 4673203.843589643016458 ], [ 370543.821529601817019, 4673202.407524278387427 ], [ 370548.5376101777656, 4673200.177069471217692 ], [ 370551.335749282268807, 4673198.292891399003565 ], [ 370554.27798257698305, 4673195.261998630128801 ], [ 370558.244419856579043, 4673189.99078784044832 ], [ 370561.365885907551274, 4673184.579610637389123 ], [ 370562.733417527982965, 4673179.900450299493968 ], [ 370565.493484718026593, 4673175.495589407160878 ], [ 370567.445230837911367, 4673173.393723076209426 ] ] ] } },
{ "type": "Feature", "properties": { "highway": "track", "surface": "", "access": "", "bicycle": "", "foot": "", "length_km": 3.1051742353294012 }, "geometry": { "type": "MultiLineString", "coordinates": [ [ [ 371517.146974836825393, 4674665.425975606776774 ], [ 371455.551851272990461, 4674680.934970276430249 ], [ 371414.19254251033999, 4674675.525996617041528 ], [ 371353.770402541384101, 4674642.719407742843032 ], [ 371273.760043826478068, 4674610.271609176881611 ], [ 371191.946020572504494, 4674535.716131161898375 ], [ 371121.633374677796382, 4674470.214499685913324 ], [ 371012.935877554060426, 4674399.585553551092744 ], [ 370981.022711812169291, 4674388.418877857737243 ], [ 370979.893617764755618, 4674381.330818293616176 ], [ 370978.869664349535014, 4674375.473756764084101 ], [ 370977.344250960275531, 4674367.937558493576944 ], [ 370975.762568688835017, 4674360.93554905988276 ], [ 370974.192080141045153, 4674354.544243703596294 ], [ 370971.672023366962094, 4674346.804133355617523 ], [ 370968.437393854430411, 4674337.921951678581536 ], [ 370965.192892467894126, 4674328.051390460692346 ], [ 370962.18367940094322, 4674318.854070079512894 ], [ 370959.492618328426033, 4674309.895280905999243 ], [ 370956.872789865301456, 4674300.768574962392449 ], [ 370953.81186302320566, 4674292.805131311528385 ], [ 370950.591238634602632, 4674284.689113023690879 ], [ 370946.932068787806202, 4674277.425302847288549 ], [ 370943.50952342787059, 4674270.457056013867259 ], [ 370940.878584632999264, 4674265.229269169270992 ], [ 370939.110714654845651, 4674260.68542455881834 ], [ 370937.30069239763543, 4674253.843113949522376 ], [ 370935.765441504016053, 4674245.773946801200509 ], [ 370935.188029000768438, 4674239.053429175168276 ], [ 370934.515646211395506, 4674231.657099634408951 ], [ 370934.182290069002192, 4674226.087279882282019 ], [ 370934.080069354386069, 4674220.513221464119852 ], [ 370934.089813324913848, 4674216.991985501721501 ], [ 370934.101186420186423, 4674213.559579172171652 ], [ 370933.906375818769448, 4674211.041763735935092 ], [ 370933.395029659790453, 4674208.37424904294312 ], [ 370931.869274907920044, 4674204.425767396576703 ], [ 370930.731795070809312, 4674200.93667776696384 ], [ 370930.146153341745958, 4674198.270525780506432 ], [ 370929.783298832422588, 4674195.144883238710463 ], [ 370929.412189202790614, 4674192.01939210947603 ], [ 370929.590177902777214, 4674189.117087168619037 ], [ 370930.461373662576079, 4674186.190962088294327 ], [ 370931.488285232102498, 4674183.65074176620692 ], [ 370933.134611918532755, 4674181.565674724057317 ], [ 370935.479644897161052, 4674179.756588379852474 ], [ 370938.505966724886093, 4674177.723968252539635 ], [ 370941.323253670998383, 4674176.45048822183162 ], [ 370945.436560769914649, 4674175.153244422748685 ], [ 370948.865934156521689, 4674173.93518845923245 ], [ 370952.295512268377934, 4674172.728237894363701 ], [ 370955.413959563709795, 4674171.215985575690866 ], [ 370958.146056301426142, 4674169.799677867442369 ], [ 370960.264237284427509, 4674168.228015649132431 ], [ 370962.228334220068064, 4674166.359278435818851 ], [ 370963.712130599131342, 4674163.966190885752439 ], [ 370964.96877026866423, 4674161.34401227068156 ], [ 370965.540252738399431, 4674158.734395440667868 ], [ 370965.087942288722843, 4674155.23273918684572 ], [ 370963.726256263733376, 4674152.125408152118325 ], [ 370961.749429185467307, 4674148.796099403873086 ], [ 370959.167435531155206, 4674145.788894774392247 ], [ 370954.953424460196402, 4674142.045201330445707 ], [ 370947.100959135801531, 4674136.224490433000028 ], [ 370939.656213888258208, 4674131.473732424899936 ], [ 370930.047140770824626, 4674126.229515617713332 ], [ 370918.978051948419306, 4674120.623327992856503 ], [ 370901.645197570207529, 4674112.07750332634896 ], [ 370886.093018224812113, 4674104.720871482975781 ], [ 370873.033183902211022, 4674099.084628856740892 ], [ 370866.997694504330866, 4674095.985312581993639 ], [ 370861.411946151580196, 4674092.644493104889989 ], [ 370857.433269233501051, 4674089.129793190397322 ], [ 370854.063730381370988, 4674085.059653638862073 ], [ 370848.251135747996159, 4674077.457749904133379 ], [ 370840.560980589594692, 4674067.890966434963048 ], [ 370836.544378229416907, 4674062.310989691875875 ], [ 370832.369397657224908, 4674056.200764507986605 ], [ 370828.975986758247018, 4674050.831503601744771 ], [ 370826.883097668876871, 4674045.682739436626434 ], [ 370824.137147038360126, 4674038.246721508912742 ], [ 370820.515243513160385, 4674028.527541348710656 ], [ 370817.224344310059678, 4674020.646122548729181 ], [ 370814.944736350269523, 4674013.423697250895202 ], [ 370813.00296770001296, 4674007.961154627613723 ], [ 370811.37213793117553, 4674002.792806120589375 ], [ 370809.819780920108315, 4673997.400868768803775 ], [ 370809.38695271499455, 4673994.965176545083523 ], [ 370809.342114756349474, 4673992.522362754680216 ], [ 370809.52556685404852, 4673989.919854549691081 ], [ 370810.16987938422244, 4673987.231135226786137 ], [ 370811.264148303656839, 4673984.312008362263441 ], [ 370812.81907504942501, 4673981.295567052438855 ], [ 370815.060709041776136, 4673977.899976698681712 ], [ 370816.391627990000416, 4673975.276408174075186 ], [ 370817.653754167840816, 4673972.954003411345184 ], [ 370818.816618808486965, 4673969.722610729746521 ], [ 370819.910794141702354, 4673966.348082277923822 ], [ 370820.881661369581707, 4673960.754329432733357 ], [ 370821.687123296549544, 4673954.697100115939975 ], [ 370822.561281204922125, 4673947.883304433897138 ], [ 370823.413124965387397, 4673940.303505306132138 ], [ 370823.915903664252255, 4673933.951930874027312 ], [ 370824.266114350350108, 4673927.836412785574794 ], [ 370824.191734258958604, 4673923.783563072793186 ], [ 370823.642632235074416, 4673919.061872048303485 ], [ 370822.717865733779036, 4673914.569224270991981 ], [ 370821.018434684141539, 4673909.713141023181379 ], [ 370818.698229701782111, 4673904.779591792263091 ], [ 370815.852744102303404, 4673900.022295563481748 ], [ 370812.853258574439678, 4673895.423331006430089 ], [ 370809.546695100492798, 4673890.741144330240786 ], [ 370806.010407229827251, 4673886.140927695669234 ], [ 370803.364045715308748, 4673884.134625803679228 ], [ 370800.806961055553984, 4673882.49323158711195 ], [ 370798.174456381704658, 4673881.241983012296259 ], [ 370795.401916849543341, 4673880.459818344563246 ], [ 370792.249533065769356, 4673880.128925020806491 ], [ 370789.107136771897785, 4673880.342114270664752 ], [ 370785.910011880449019, 4673881.622623799368739 ], [ 370783.414890182786621, 4673883.356759819202125 ], [ 370781.003647688427009, 4673885.611406552605331 ], [ 370778.526773953402881, 4673888.789176609367132 ], [ 370775.609930571168661, 4673892.741438522003591 ], [ 370770.836793675320223, 4673899.937833368778229 ], [ 370765.899682173505425, 4673906.748482183553278 ], [ 370760.307064658147283, 4673915.63715514075011 ], [ 370755.987687759741675, 4673922.358717274852097 ], [ 370752.345344599569216, 4673928.623552524484694 ], [ 370749.055831913370639, 4673933.41572842001915 ], [ 370745.839088193024509, 4673937.673412495292723 ], [ 370742.597372587944847, 4673941.020746470429003 ], [ 370739.885004105104599, 4673943.514195092022419 ], [ 370737.010283419280313, 4673945.710725473240018 ], [ 370733.597550908511039, 4673947.839385856874287 ], [ 370730.179110363998916, 4673949.657144380733371 ], [ 370724.940668649447616, 4673952.196993553079665 ], [ 370720.077995862229727, 4673954.963201181963086 ], [ 370715.83018080284819, 4673957.484862174838781 ], [ 370713.112117219017819, 4673959.667417949065566 ], [ 370711.010851723491214, 4673962.160760886967182 ], [ 370709.374323846481275, 4673964.778857054188848 ], [ 370707.965173530799802, 4673967.637140704318881 ], [ 370706.719807136920281, 4673970.870069235563278 ], [ 370705.00490730709862, 4673973.267457330599427 ], [ 370702.512801704113372, 4673975.612478542141616 ], [ 370700.013246422924567, 4673977.102364174090326 ], [ 370696.810673422878608, 4673978.083115800283849 ], [ 370693.296949491137639, 4673978.75857668556273 ], [ 370690.915186389931478, 4673978.569077127613127 ], [ 370684.98481527948752, 4673977.156310787424445 ], [ 370679.12282148282975, 4673975.420177028514445 ], [ 370674.876494007010479, 4673973.976477544754744 ], [ 370672.235633291769773, 4673972.270024463534355 ], [ 370670.211050883517601, 4673970.396744108758867 ], [ 370668.477829878218472, 4673967.75169660244137 ], [ 370666.713908941019326, 4673963.88539425842464 ], [ 370665.041107208526228, 4673960.483930794522166 ], [ 370663.073880948941223, 4673957.687680132687092 ], [ 370660.658442759420723, 4673955.666080237366259 ], [ 370657.335249636962544, 4673954.127675194293261 ], [ 370653.326987065025605, 4673953.057266544550657 ], [ 370648.636196965468116, 4673952.143800178542733 ], [ 370643.937354426481761, 4673951.241592328995466 ], [ 370639.79580033099046, 4673951.006699656136334 ], [ 370632.894478110014461, 4673951.133541637100279 ], [ 370621.842120966466609, 4673950.959037803113461 ], [ 370610.724945915513672, 4673950.852387544699013 ], [ 370601.901482678309549, 4673950.63694151956588 ], [ 370594.994647367799189, 4673950.464020763523877 ], [ 370588.703887052717619, 4673950.11316769849509 ], [ 370584.010546228440944, 4673949.510799541138113 ], [ 370580.314855545992032, 4673948.82344557158649 ], [ 370576.766007927712053, 4673947.589128143154085 ], [ 370573.288597107050009, 4673946.197994492948055 ], [ 370569.174982717086095, 4673943.441237200051546 ], [ 370564.199938037083484, 4673939.645115273073316 ], [ 370559.907005764776841, 4673935.669840662740171 ], [ 370554.760807433107402, 4673931.099350704811513 ], [ 370550.776048561208881, 4673926.818512439727783 ], [ 370546.704648478596937, 4673922.317120653577149 ], [ 370542.631609470758121, 4673917.726901541464031 ], [ 370538.866867497737985, 4673913.286518469452858 ], [ 370535.584224135382101, 4673909.914693005383015 ], [ 370532.857570041320287, 4673907.587850499898195 ], [ 370529.517372197296936, 4673905.127897723577917 ], [ 370524.864590469340328, 4673902.692091210745275 ], [ 370519.520986682036892, 4673899.513688692823052 ], [ 370515.558777789701708, 4673896.909680153243244 ], [ 370512.445425757847261, 4673894.212305367924273 ], [ 370508.997331673745066, 4673890.377022054977715 ], [ 370505.540858363325242, 4673886.086488702334464 ], [ 370501.456740509835072, 4673880.896692845970392 ], [ 370498.005653315864038, 4673876.450559383258224 ], [ 370495.416332379274536, 4673873.510293553583324 ], [ 370490.8180808336474, 4673869.551783273927867 ], [ 370486.386276915436611, 4673866.112263682298362 ], [ 370480.952923893986735, 4673862.546779125928879 ], [ 370474.976024817209691, 4673858.613647142425179 ], [ 370470.320209874887951, 4673855.567020388320088 ], [ 370465.357637471053749, 4673852.903695459477603 ], [ 370460.638756072847173, 4673850.469145704060793 ], [ 370455.607600598712452, 4673848.118098433129489 ], [ 370449.587236410356127, 4673845.863013449124992 ], [ 370443.024551064241678, 4673843.306906621903181 ], [ 370437.227071608591359, 4673841.04772943072021 ], [ 370433.141547924780753, 4673839.823359960690141 ], [ 370429.057453527813777, 4673838.676718726754189 ], [ 370423.807598536834121, 4673837.007274458184838 ], [ 370420.254576872219332, 4673835.550960288383067 ], [ 370417.074143481440842, 4673833.699027380906045 ], [ 370413.812460188637488, 4673831.470937963575125 ], [ 370410.385211589164101, 4673828.323978778906167 ], [ 370406.087831489916425, 4673824.115617518313229 ], [ 370401.71492168441182, 4673819.84200457111001 ], [ 370396.736836350522935, 4673815.890545958653092 ], [ 370391.296369316696655, 4673812.391903189010918 ], [ 370385.023742848890834, 4673808.997447667643428 ], [ 370380.985702814883552, 4673806.317155233584344 ], [ 370379.026909132371657, 4673803.987336473539472 ], [ 370377.830136574339122, 4673801.332476390525699 ], [ 370376.595534595078789, 4673796.623432287015021 ], [ 370375.133998923294712, 4673792.596122778020799 ], [ 370373.151275103678927, 4673788.967172859236598 ], [ 370369.946754347183742, 4673785.360724248923361 ], [ 370365.426762668881565, 4673781.622999218292534 ], [ 370360.918013818853069, 4673778.495980405248702 ], [ 370355.804088830132969, 4673775.69111958052963 ], [ 370349.703603678557556, 4673773.126583053730428 ], [ 370340.513905489235185, 4673769.630390870384872 ], [ 370333.708837010199204, 4673766.923341940157115 ], [ 370326.966679804201704, 4673763.148823623545468 ], [ 370320.136306159431115, 4673758.620628964155912 ], [ 370313.978102284483612, 4673752.924879913218319 ], [ 370307.553680839424487, 4673745.778962674550712 ], [ 370301.693950346671045, 4673739.700070390477777 ], [ 370295.755952159175649, 4673733.855881650932133 ], [ 370291.157292023242917, 4673729.886394388973713 ], [ 370286.260336891165935, 4673726.311168248765171 ], [ 370281.210615747142583, 4673722.960909952409565 ], [ 370275.087546568829566, 4673719.175029880367219 ], [ 370268.80509160622023, 4673715.703101540915668 ], [ 370263.374375279410742, 4673712.293232443742454 ], [ 370260.099693174124695, 4673709.365679348818958 ], [ 370257.51580700208433, 4673706.280997950583696 ], [ 370255.619987983838655, 4673703.33913951087743 ], [ 370254.022456678852905, 4673700.003021967597306 ], [ 370252.189541243365966, 4673695.993687770329416 ], [ 370249.908370465971529, 4673693.203330810181797 ], [ 370246.325560312019661, 4673690.137066159397364 ], [ 370241.355688108014874, 4673686.64096580632031 ], [ 370235.369906438805629, 4673682.241676673293114 ], [ 370231.394777177367359, 4673678.949394606985152 ], [ 370227.49114511575317, 4673675.055993086658418 ], [ 370224.662090862169862, 4673671.664833499118686 ], [ 370220.811460286902729, 4673666.615281221456826 ], [ 370217.822402580874041, 4673662.160756818950176 ], [ 370214.812597470823675, 4673657.029060314409435 ], [ 370213.285037775349338, 4673653.458404040895402 ], [ 370211.507962356030475, 4673648.448377274908125 ], [ 370210.749802465899847, 4673644.952395130880177 ], [ 370210.221020894008689, 4673640.907917637377977 ], [ 370209.913910311937798, 4673636.792708157561719 ], [ 370209.46043403056683, 4673628.770367401652038 ], [ 370208.81265309790615, 4673622.750954234041274 ], [ 370207.54979801812442, 4673616.965031487867236 ], [ 370206.089427698520012, 4673612.56007728818804 ], [ 370204.344687143573537, 4673609.304436340928078 ], [ 370202.304659487388562, 4673607.053913026116788 ], [ 370199.586378107778728, 4673605.193550853058696 ], [ 370195.957457865821198, 4673603.660990924574435 ], [ 370190.089493134408258, 4673601.625455915927887 ], [ 370184.842127799114678, 4673599.656233185902238 ], [ 370179.971854762930889, 4673597.535662704147398 ], [ 370174.931820933241397, 4673594.718455535359681 ], [ 370168.736062347714324, 4673591.478268626146019 ], [ 370162.611526363005396, 4673588.070161176845431 ], [ 370157.113323664991185, 4673585.03926747944206 ], [ 370153.68332122877473, 4673582.203484983183444 ], [ 370151.574357040750328, 4673579.798742421902716 ], [ 370149.829725618415978, 4673576.99851823784411 ], [ 370147.437370598898269, 4673571.766598323360085 ], [ 370144.324911052477546, 4673565.103991174139082 ], [ 370141.550268536666408, 4673560.190134386532009 ], [ 370139.021056951838546, 4673556.493573155254126 ], [ 370136.365630819404032, 4673553.565756926313043 ], [ 370133.630308978608809, 4673550.783812750130892 ], [ 370129.71952734561637, 4673546.957237885333598 ], [ 370125.266448740847409, 4673542.385361852124333 ], [ 370120.800457903707866, 4673537.113955707289279 ], [ 370117.587440743518528, 4673533.507770222611725 ], [ 370114.616847429657355, 4673530.50802428741008 ], [ 370111.274890364846215, 4673527.970538240857422 ], [ 370107.305354316486046, 4673524.989227249287069 ], [ 370102.719157022598665, 4673521.708288052119315 ], [ 370098.743731456634123, 4673517.960674411617219 ], [ 370095.682165634352714, 4673514.507208131253719 ], [ 370092.533240805962123, 4673509.900177607312799 ], [ 370089.938086341833696, 4673506.660255988128483 ], [ 370086.286549531971104, 4673503.906344637274742 ], [ 370082.242483046255074, 4673500.915314873680472 ], [ 370079.145800404134206, 4673499.139732447452843 ], [ 370075.039049601415172, 4673497.227288845926523 ], [ 370071.952200553030707, 4673495.984686901792884 ], [ 370067.779752086382359, 4673494.539974041283131 ], [ 370063.235589363845065, 4673493.091017240658402 ], [ 370058.055586215225048, 4673491.198393516242504 ], [ 370052.804000166652258, 4673489.00719294603914 ], [ 370047.69527451065369, 4673486.502349498681724 ], [ 370044.35614187316969, 4673484.120346114039421 ], [ 370042.400168283609673, 4673482.401473323814571 ], [ 370040.61053842259571, 4673480.74617500603199 ], [ 370037.775634974823333, 4673476.599884066730738 ], [ 370032.720993271679617, 4673468.973504177294672 ], [ 370027.834680815809406, 4673461.966038595885038 ], [ 370024.209220237331465, 4673456.60141836386174 ], [ 370021.67832642281428, 4673452.371767866425216 ], [ 370018.739521215786226, 4673447.072224312461913 ], [ 370015.957776693743654, 4673441.780889278277755 ], [ 370013.625435684341937, 4673435.781485768966377 ], [ 370011.600195748615079, 4673429.865272123366594 ], [ 370009.805910189868882, 4673423.933686855249107 ], [ 370007.940545762947295, 4673418.625433403067291 ], [ 370005.997800811892375, 4673413.151997057721019 ], [ 370004.130844967265148, 4673407.310614791698754 ], [ 370001.704648317885585, 4673400.702036397531629 ], [ 369999.195176720502786, 4673393.161968152038753 ], [ 369996.756463174941018, 4673385.876066048629582 ], [ 369994.173240641888697, 4673378.814982972107828 ], [ 369991.064660240139347, 4673372.374514267779887 ], [ 369987.630920971278101, 4673364.873733663931489 ], [ 369984.84748327487614, 4673359.493580784648657 ], [ 369980.539381420821883, 4673350.709376130253077 ], [ 369975.992978945607319, 4673341.096514025703073 ], [ 369972.085599250684027, 4673332.993576591834426 ], [ 369968.808838042023126, 4673325.945311389863491 ], [ 369966.661742394440807, 4673321.930738995783031 ], [ 369963.351687622081954, 4673317.104587303474545 ], [ 369959.103888430341613, 4673311.140580724924803 ], [ 369955.405794325517491, 4673306.321600234135985 ], [ 369952.196539752651006, 4673302.482157184742391 ], [ 369949.150196219678037, 4673299.861529030837119 ], [ 369946.354760118585546, 4673297.858285963535309 ], [ 369942.63588602503296, 4673295.938748455606401 ], [ 369938.608667450491339, 4673293.869404626078904 ], [ 369932.635086237278301, 4673290.15879278536886 ], [ 369926.749802667472977, 4673286.757563896477222 ], [ 369921.098503405635711, 4673283.95182047970593 ], [ 369916.22505858563818, 4673281.675975093618035 ], [ 369912.967065811913926, 4673279.670184189453721 ], [ 369909.378519038844388, 4673276.759689209982753 ], [ 369904.644898249767721, 4673273.55934651941061 ], [ 369900.226799268857576, 4673270.897442766465247 ], [ 369895.497636895510368, 4673268.385687602683902 ], [ 369889.613705551601015, 4673265.506515198387206 ], [ 369881.654687771922909, 4673262.065895882435143 ], [ 369873.227579162165057, 4673258.32292768638581 ], [ 369863.636204915936105, 4673254.146083698607981 ], [ 369855.43039225647226, 4673249.865886005572975 ], [ 369849.078548797464464, 4673246.695493994280696 ], [ 369842.742140460060909, 4673243.913584208115935 ], [ 369838.241233055712655, 4673241.242141203954816 ], [ 369834.979092665133066, 4673239.014311735518277 ], [ 369832.393577987444587, 4673236.307458745315671 ], [ 369829.813648421666585, 4673233.456106019206345 ], [ 369826.353575136919972, 4673229.010442287661135 ], [ 369823.068635410629213, 4673225.550108284689486 ], [ 369819.798064865113702, 4673222.867034235969186 ], [ 369816.69400700146798, 4673220.70293453335762 ], [ 369812.592607684317045, 4673218.64613891299814 ], [ 369807.639189697802067, 4673216.516241828911006 ], [ 369801.627924531581812, 4673214.794673626311123 ], [ 369795.459791142260656, 4673213.076011635363102 ], [ 369789.8324057754362, 4673211.569503425620496 ], [ 369784.286346206616145, 4673209.994850459508598 ], [ 369779.03462693822803, 4673208.259252517484128 ], [ 369773.631420278456062, 4673206.370955650694668 ], [ 369769.389976589241996, 4673205.227589193731546 ], [ 369765.018203206767794, 4673205.075202981941402 ], [ 369760.803666035819333, 4673205.386425389908254 ], [ 369754.072632706142031, 4673206.277365581132472 ], [ 369745.279189153225161, 4673207.7396295433864 ], [ 369736.864089616166893, 4673209.117151738144457 ], [ 369731.207582938019186, 4673210.054877328686416 ], [ 369725.541420618770644, 4673210.470733935013413 ], [ 369719.551291557494551, 4673209.892915633507073 ], [ 369708.316408766550012, 4673207.957082363776863 ], [ 369697.785098911263049, 4673206.552512099966407 ], [ 369689.31492441019509, 4673204.954301491379738 ], [ 369683.006568710610736, 4673203.693739324808121 ], [ 369677.76468281855341, 4673202.491193532012403 ], [ 369675.058848838496488, 4673201.319457386620343 ], [ 369672.809598807187285, 4673199.828260071575642 ], [ 369670.692101877531968, 4673197.42380955349654 ], [ 369669.179798081284389, 4673194.697146105580032 ], [ 369668.222467117244378, 4673192.504476435482502 ], [ 369667.01402597251581, 4673189.239028243348002 ], [ 369665.121938897820655, 4673186.519396359100938 ], [ 369662.770592511282302, 4673183.974879742600024 ], [ 369660.277418432291597, 4673181.799537036567926 ], [ 369657.630254917195998, 4673179.782551079057157 ], [ 369654.457577367604245, 4673177.930800559930503 ], [ 369650.805871226591989, 4673175.632513063959777 ], [ 369642.427339151327033, 4673170.51158282905817 ], [ 369633.746196870342828, 4673165.551770583726466 ], [ 369624.681147971539758, 4673160.376927910372615 ], [ 369614.91410877101589, 4673155.203989583067596 ], [ 369608.868806514772587, 4673151.650474543683231 ], [ 369600.166433404898271, 4673145.547022422775626 ], [ 369592.388910292647779, 4673139.881857109256089 ], [ 369584.771121140802279, 4673134.369246047921479 ], [ 369578.783018252754118, 4673129.892773289233446 ], [ 369574.03515588369919, 4673125.93759688641876 ], [ 369570.988414859515615, 4673122.861723834648728 ], [ 369569.166259064455517, 4673119.907562661916018 ], [ 369567.733787782664876, 4673117.035042525269091 ], [ 369567.636446088086814, 4673116.659096053801477 ] ], [ [ 369569.555633468378801, 4673081.838184709660709 ], [ 369569.58505239704391, 4673080.545921216718853 ], [ 369569.447183611395303, 4673077.116257065907121 ], [ 369568.678578212216962, 4673073.076257725246251 ], [ 369567.301712958957069, 4673068.747624527662992 ], [ 369565.832587572571356, 4673064.342948274686933 ], [ 369564.521385474072304, 4673059.546583946794271 ], [ 369563.410677821142599, 4673053.535787592642009 ], [ 369562.271580021595582, 4673045.992682039737701 ], [ 369561.216482955904212, 4673038.525772919878364 ], [ 369559.920128223544452, 4673030.519066101871431 ], [ 369558.55416846787557, 4673023.2134217210114 ], [ 369556.614723060512915, 4673013.930159791372716 ], [ 369555.358064658357762, 4673008.066466187126935 ], [ 369554.718131758330856, 4673002.502356451936066 ], [ 369554.005125591997057, 4672997.006245665252209 ], [ 369553.162404107220937, 4672992.978728529065847 ], [ 369552.151112451159861, 4672987.876907016150653 ], [ 369550.991562537674326, 4672983.688647700473666 ], [ 369550.616747778258286, 4672979.952364080585539 ], [ 369550.621545978938229, 4672975.753639478236437 ], [ 369550.303962542791851, 4672971.094372881576419 ], [ 369549.83958884968888, 4672966.982093619182706 ], [ 369548.926669776148628, 4672963.17802759911865 ], [ 369547.357312301232014, 4672956.931366430595517 ], [ 369545.802532455418259, 4672951.917368151247501 ], [ 369544.036143928591628, 4672947.518203579820693 ], [ 369541.796080311236437, 4672942.516903479583561 ], [ 369540.11119569366565, 4672938.504992146976292 ], [ 369538.731590018374845, 4672934.476317040622234 ], [ 369537.822982378536835, 4672930.905429899692535 ], [ 369537.449393950984813, 4672927.235769198276103 ], [ 369537.874340655747801, 4672921.196521761827171 ], [ 369538.709183225291781, 4672912.31726651173085 ], [ 369539.332778682583012, 4672904.963653454557061 ], [ 369539.652417638106272, 4672903.047240643762052 ], [ 369540.031318831606768, 4672900.763182256370783 ], [ 369541.144023906788789, 4672894.844482068903744 ] ] ] } },
{ "type": "Feature", "properties": { "highway": "track", "surface": "", "access": "", "bicycle": "", "foot": "", "length_km": 0.032397729932131428 }, "geometry": { "type": "MultiLineString", "coordinates": [ [ [ 370688.989136659831274, 4673940.705853101797402 ], [ 370692.015454403765034, 4673942.716239785775542 ], [ 370693.968597518862225, 4673944.746343081817031 ], [ 370696.027953480719589, 4673948.062959430739284 ], [ 370697.999452363699675, 4673951.092396708205342 ], [ 370700.493256860645488, 4673953.33471833076328 ], [ 370703.843052814714611, 4673955.87232481315732 ], [ 370706.020194518496282, 4673957.509555788710713 ], [ 370707.432460985146463, 4673959.316341842524707 ], [ 370708.784503953182139, 4673961.890648166649044 ], [ 370709.374323846481275, 4673964.778857054188848 ] ] ] } },
{ "type": "Feature", "properties": { "highway": "track", "surface": "", "access": "", "bicycle": "", "foot": "", "length_km": 0.013729546768732195 }, "geometry": { "type": "MultiLineString", "coordinates": [ [ [ 370706.719807136920281, 4673970.870069235563278 ], [ 370707.108058885496575, 4673975.372560381889343 ], [ 370707.82387525489321, 4673980.624340737238526 ], [ 370708.200907894584816, 4673984.516128512099385 ] ] ] } },
{ "type": "Feature", "properties": { "highway": "track", "surface": "", "access": "", "bicycle": "", "foot": "", "length_km": 0.027203813487056357 }, "geometry": { "type": "MultiLineString", "coordinates": [ [ [ 370693.296949491137639, 4673978.75857668556273 ], [ 370699.155984979937784, 4673980.783569955267012 ], [ 370703.948881179094315, 4673982.761508136056364 ], [ 370708.200907894584816, 4673984.516128512099385 ], [ 370712.605807878309861, 4673986.501199645921588 ], [ 370718.187429775600322, 4673989.608726263046265 ] ] ] } }
]
}
