{
"type": "FeatureCollection",
"name": "study_area",
"crs": { "type": "name", "properties": { "name": "urn:ogc:def:crs:EPSG::25831" } },
"features": [
{ "type": "Feature", "properties": { "hectares": "5464.13568486", "propietat": "p06", "descripcio": "Muntanya d'Alinyà", "OGR": "PEN_c:#7cbd00,w:6px_;BRUSH_fc:#7cbd00_", "OGR_STYLE": "PEN_c:#7cbd00,w:6px_;BRUSH_fc:#7cbd00_" }, "geometry": { "type": "MultiPolygon", "coordinates": [ [ [ [ 366579.050043842231389, 4670549.872612567618489 ], [ 366584.656124144443311, 4670531.772069124504924 ], [ 366573.848153996630572, 4670523.868135421536863 ], [ 366557.567988408729434, 4670514.957083524204791 ], [ 366544.425747318193316, 4670510.318618914112449 ], [ 366532.990035678434651, 4670508.535843163728714 ], [ 366515.232504678890109, 4670508.872221910394728 ], [ 366499.959079758264124, 4670509.494809999130666 ], [ 366486.69578265218297, 4670507.191352219320834 ], [ 366463.646493421052583, 4670502.962915969081223 ], [ 366444.612676581600681, 4670496.992294366471469 ], [ 366440.412022551638074, 4670506.402348407544196 ], [ 366439.390927954635117, 4670509.198617761023343 ], [ 366434.832047646166757, 4670521.503457510843873 ], [ 366431.546764486527536, 4670526.897409471683204 ], [ 366451.279139298712835, 4670534.854131675325334 ], [ 366465.364119215228129, 4670536.919796047732234 ], [ 366473.140472400875296, 4670537.438887129537761 ], [ 366483.221007423475385, 4670537.470018495805562 ], [ 366503.443631228350569, 4670536.420392728410661 ], [ 366519.303561440669, 4670536.23100526817143 ], [ 366517.985168101848103, 4670545.142104038968682 ], [ 366516.05497413687408, 4670552.287568704225123 ], [ 366544.28789882955607, 4670559.750282804481685 ], [ 366540.33169131912291, 4670577.708537508733571 ], [ 366537.257813305302989, 4670585.542118062265217 ], [ 366551.089526263414882, 4670596.054562014527619 ], [ 366559.267089613596909, 4670604.674732769839466 ], [ 366572.744818043895066, 4670570.319008178077638 ], [ 366578.18567762587918, 4670552.221586270257831 ], [ 366579.050043842231389, 4670549.872612567618489 ] ] ], [ [ [ 370183.884404494310729, 4671186.4137371070683 ], [ 370179.984858813288156, 4671158.605954031459987 ], [ 370174.571844027203042, 4671156.262072833254933 ], [ 370174.145909598446451, 4671160.046447694301605 ], [ 370169.054316141700838, 4671161.695321396924555 ], [ 370165.925017934292555, 4671157.754319403320551 ], [ 370161.523609490017407, 4671143.062558763660491 ], [ 370153.18664221803192, 4671143.438366646878421 ], [ 370146.592142006265931, 4671144.22636316344142 ], [ 370143.172802800545469, 4671133.515184885822237 ], [ 370148.568144771794323, 4671130.416728625074029 ], [ 370161.166799536207691, 4671128.185181264765561 ], [ 370160.962747004756238, 4671126.078530734404922 ], [ 370160.742322727979627, 4671123.08358770981431 ], [ 370152.39991352870129, 4671118.683301632292569 ], [ 370142.436492815439124, 4671115.979019334539771 ], [ 370136.52249322849093, 4671108.868205772712827 ], [ 370128.152808213839307, 4671094.027466181665659 ], [ 370123.413395800977014, 4671087.894677911885083 ], [ 370119.836313372361474, 4671082.073686579242349 ], [ 370120.182329299335834, 4671087.398873730562627 ], [ 370120.973322144069243, 4671098.936018115840852 ], [ 370121.435317678027786, 4671115.033274495974183 ], [ 370125.582928870164324, 4671129.396469510160387 ], [ 370129.320988931343891, 4671148.432337462902069 ], [ 370134.253397502470762, 4671173.999573865905404 ], [ 370140.784240369917825, 4671196.649416070431471 ], [ 370146.524097506306134, 4671207.762115973047912 ], [ 370153.299360198026989, 4671212.302351477555931 ], [ 370158.829716045991518, 4671216.532315413467586 ], [ 370164.029004849202465, 4671225.211357029154897 ], [ 370175.727688305778429, 4671245.877719501964748 ], [ 370181.208737920562271, 4671260.882814482785761 ], [ 370195.286225590971299, 4671253.736797790974379 ], [ 370190.590116788982414, 4671236.495743329636753 ], [ 370187.612445997074246, 4671227.331447790376842 ], [ 370185.466745212965179, 4671218.48504497949034 ], [ 370185.013641728612129, 4671211.828937723301351 ], [ 370186.958260711224284, 4671200.7967499056831 ], [ 370183.884404494310729, 4671186.4137371070683 ] ] ], [ [ [ 370362.801355962408707, 4671638.634313868358731 ], [ 370347.76386211294448, 4671616.029795807786286 ], [ 370346.116760906472337, 4671625.279276880435646 ], [ 370343.658182613085955, 4671635.321215672418475 ], [ 370346.726261468837038, 4671644.928200990892947 ], [ 370353.425752162060235, 4671654.357271691784263 ], [ 370365.142084090330172, 4671662.583270878531039 ], [ 370375.228093806654215, 4671667.507064219564199 ], [ 370380.779246818041429, 4671668.404575563967228 ], [ 370384.874285614467226, 4671661.997986637987196 ], [ 370362.801355962408707, 4671638.634313868358731 ] ] ], [ [ [ 370388.781913748651277, 4671524.194046713411808 ], [ 370381.320746215176769, 4671513.779289394617081 ], [ 370369.145852884976193, 4671516.558042614720762 ], [ 370361.270436231628992, 4671524.033878652378917 ], [ 370353.243349404772744, 4671536.733004750683904 ], [ 370362.874933635466732, 4671543.8866355875507 ], [ 370370.307491932064295, 4671552.746861079707742 ], [ 370373.487949805043172, 4671568.460870943032205 ], [ 370372.619955233298242, 4671584.13831072486937 ], [ 370369.783163649204653, 4671596.075459881685674 ], [ 370360.891530472377781, 4671606.680081794969738 ], [ 370351.570678643765859, 4671616.404022506438196 ], [ 370365.161403187434189, 4671636.702615916728973 ], [ 370387.067129874078091, 4671659.958298470824957 ], [ 370399.783712309552357, 4671673.164287519641221 ], [ 370421.200742543733213, 4671692.319314167834818 ], [ 370425.034640526166186, 4671680.697065325453877 ], [ 370428.466747476893943, 4671665.194613186642528 ], [ 370431.093509412487037, 4671650.817720196209848 ], [ 370428.209965777408797, 4671637.764007905498147 ], [ 370420.790096345299389, 4671607.132949152030051 ], [ 370412.22718040185282, 4671572.746403304859996 ], [ 370404.093748405110091, 4671548.237568572163582 ], [ 370396.548864161479287, 4671533.270294522866607 ], [ 370388.781913748651277, 4671524.194046713411808 ] ] ], [ [ [ 371749.217044831835665, 4672003.343876231461763 ], [ 371766.654048188298475, 4671999.249871753156185 ], [ 371775.104618133918848, 4671996.09702995698899 ], [ 371778.522202008985914, 4671993.257973656058311 ], [ 371780.03855602722615, 4671990.342458623461425 ], [ 371779.414040650357492, 4671987.799139995127916 ], [ 371777.071633579093032, 4671986.175684509798884 ], [ 371770.955059564323165, 4671985.953825664706528 ], [ 371746.03375128400512, 4671987.296197738498449 ], [ 371730.280233258148655, 4671988.58275537379086 ], [ 371717.43907158379443, 4671991.038108507171273 ], [ 371717.824670946109109, 4672003.138090862892568 ], [ 371727.320711256354116, 4672002.965130964294076 ], [ 371749.217044831835665, 4672003.343876231461763 ] ] ], [ [ [ 371737.651242346910294, 4672066.755289293825626 ], [ 371727.523357380821835, 4672073.048786921426654 ], [ 371717.177757409634069, 4672076.458355537615716 ], [ 371720.02974809659645, 4672078.850023028440773 ], [ 371715.311987246153876, 4672091.931552737019956 ], [ 371722.896936746139545, 4672095.680964855477214 ], [ 371729.01139658910688, 4672095.791743318550289 ], [ 371732.700558066251688, 4672089.726585024036467 ], [ 371734.86868844559649, 4672077.246870490722358 ], [ 371736.4915067362017, 4672071.10827518068254 ], [ 371737.651242346910294, 4672066.755289293825626 ] ] ], [ [ [ 368058.270465465029702, 4675924.090240392833948 ], [ 368063.688237788795959, 4675922.433548648841679 ], [ 368076.782004133565351, 4675925.075958122499287 ], [ 368101.436845914518926, 4675932.277889135293663 ], [ 368145.425696408376098, 4675949.114347169175744 ], [ 368182.33001592248911, 4675957.975249188020825 ], [ 368209.222611350938678, 4675961.247938325628638 ], [ 368251.174258042708971, 4675961.90605157893151 ], [ 368291.419176382769365, 4675959.597308920696378 ], [ 368334.288405039755162, 4675956.351063638925552 ], [ 368347.628973270824645, 4675954.546296155080199 ], [ 368361.348943598975893, 4675950.957232433371246 ], [ 368377.173123076616321, 4675945.107295 ], [ 368387.07809514424298, 4675940.58998316526413 ], [ 368393.735933456453495, 4675939.021422073245049 ], [ 368400.72804516821634, 4675937.668766237795353 ], [ 368408.141113259131089, 4675936.752547627314925 ], [ 368417.376052335835993, 4675936.135485212318599 ], [ 368428.214351331582293, 4675937.376741515472531 ], [ 368437.193938530283049, 4675940.763228022493422 ], [ 368442.288428366126027, 4675943.889157734811306 ], [ 368450.409486055781599, 4675945.514496847987175 ], [ 368474.883192157722078, 4675943.057468802668154 ], [ 368506.914286404033192, 4675938.570951809175313 ], [ 368542.86945518583525, 4675932.011874410323799 ], [ 368544.759322204627097, 4675931.532251195982099 ], [ 368597.541750798118301, 4675919.771654745563865 ], [ 368625.912689556367695, 4675913.798995046876371 ], [ 368641.539739118074067, 4675915.062220295891166 ], [ 368653.399466894508805, 4675917.950890742242336 ], [ 368665.608356826356612, 4675926.275792608968914 ], [ 368670.385071032564156, 4675930.074273535050452 ], [ 368671.222799576993566, 4675930.725089820101857 ], [ 368671.559134799055755, 4675931.052038824185729 ], [ 368679.552787852415349, 4675939.122435160912573 ], [ 368687.759155582811218, 4675949.743620056658983 ], [ 368693.004450120672118, 4675956.53242345713079 ], [ 368696.939261238672771, 4675959.458028146065772 ], [ 368700.960742957948241, 4675962.604169359430671 ], [ 368703.971152258978691, 4675964.658423776738346 ], [ 368719.418504742265213, 4675965.147638097405434 ], [ 368729.07642065838445, 4675965.07847037166357 ], [ 368740.405627884261776, 4675966.088889574632049 ], [ 368751.360173628316261, 4675951.444588419049978 ], [ 368771.196814624127001, 4675934.968455696478486 ], [ 368795.180399376549758, 4675915.082749514840543 ], [ 368821.173814298352227, 4675896.714714932255447 ], [ 368832.989423827966675, 4675888.385829851031303 ], [ 368850.264152914402075, 4675876.178597256541252 ], [ 368911.29823201772524, 4675824.279201812110841 ], [ 368976.014202168269549, 4675774.97761938162148 ], [ 368991.839053478324786, 4675764.686053736135364 ], [ 369036.270406320632901, 4675729.98058227263391 ], [ 369059.058941072551534, 4675716.782640439458191 ], [ 369077.706645794038195, 4675707.327342621050775 ], [ 369088.608947873755824, 4675703.125717884860933 ], [ 369112.051826551090926, 4675694.025583780370653 ], [ 369162.387574798020069, 4675674.872784709557891 ], [ 369212.506911963224411, 4675652.947487284429371 ], [ 369237.386149436584674, 4675641.155263400636613 ], [ 369269.142474112799391, 4675626.236284269019961 ], [ 369341.936386563465931, 4675589.339697766117752 ], [ 369344.14827485877322, 4675588.410011995583773 ], [ 369413.435155992861837, 4675558.24386883713305 ], [ 369431.865082340897061, 4675545.905625659041107 ], [ 369449.929909693717491, 4675531.685924259014428 ], [ 369492.2868946006638, 4675505.130504346452653 ], [ 369551.107771795592271, 4675475.937468201853335 ], [ 369599.729633278562687, 4675453.26528029050678 ], [ 369615.281514124246314, 4675445.979284686036408 ], [ 369630.889211674337275, 4675437.248309951275587 ], [ 369634.743643959867768, 4675435.843979944474995 ], [ 369669.892820969340391, 4675439.080381650477648 ], [ 369727.007879036886152, 4675451.462657270953059 ], [ 369784.62268596701324, 4675455.172262329608202 ], [ 369825.797018477460369, 4675453.85490545257926 ], [ 369855.356987557723187, 4675449.531451912596822 ], [ 369872.237502125790343, 4675447.108768651261926 ], [ 369904.785184871521778, 4675443.618865047581494 ], [ 369931.906570710591041, 4675436.897176095284522 ], [ 369949.325876778922975, 4675432.354289592243731 ], [ 369981.63060379982926, 4675424.648379204794765 ], [ 370005.403082845674362, 4675419.877149224281311 ], [ 370034.063598620297853, 4675416.015376727096736 ], [ 370056.826761330419686, 4675414.706298207864165 ], [ 370103.282544236048125, 4675404.295943588018417 ], [ 370137.894418619631324, 4675396.326014671474695 ], [ 370172.08139583474258, 4675387.697649650275707 ], [ 370205.061152534093708, 4675380.757851644419134 ], [ 370279.603097211977001, 4675362.166401895694435 ], [ 370312.550311410159338, 4675353.450517206452787 ], [ 370349.565032640995923, 4675341.438658639788628 ], [ 370407.103326450218447, 4675323.050882207229733 ], [ 370451.506434036826249, 4675304.238991725258529 ], [ 370501.516092762467451, 4675284.990969015285373 ], [ 370559.306498629506677, 4675257.824923370033503 ], [ 370619.872956680133939, 4675228.942200276069343 ], [ 370653.404766935913358, 4675211.553375681862235 ], [ 370722.580158351920545, 4675174.849155169911683 ], [ 370773.390165821183473, 4675145.147412909194827 ], [ 370806.437703798874281, 4675128.323618514463305 ], [ 370840.284277886152267, 4675110.041348368860781 ], [ 370864.213184544059914, 4675095.717801946215332 ], [ 370903.071446179528721, 4675080.565028364770114 ], [ 370944.157444837444928, 4675060.817559571005404 ], [ 370969.612197037436999, 4675044.13383652921766 ], [ 370987.203304189315531, 4675035.369605948217213 ], [ 371008.363065356155857, 4675023.096688641235232 ], [ 371040.73421581229195, 4675000.84379543364048 ], [ 371071.343754484667443, 4674977.068297008983791 ], [ 371083.116686938330531, 4674966.189442254602909 ], [ 371108.688243108685128, 4674978.383452898822725 ], [ 371139.719508129055612, 4674991.144008743576705 ], [ 371176.567027224693447, 4675005.908619179390371 ], [ 371222.452564518665895, 4675027.283528228290379 ], [ 371266.220251710328739, 4675050.252514367923141 ], [ 371284.863283967773896, 4675058.353087862953544 ], [ 371295.354540128435474, 4675063.159515338018537 ], [ 371319.147239281795919, 4675059.392106954939663 ], [ 371344.99256847880315, 4675050.477831429801881 ], [ 371394.774201734107919, 4675027.575051805004478 ], [ 371426.354931198293343, 4675002.672645755112171 ], [ 371459.851292080362327, 4674969.626981507055461 ], [ 371488.574243479233701, 4674932.89215019159019 ], [ 371514.944642576621845, 4674884.870847692713141 ], [ 371530.83152902207803, 4674859.589098514057696 ], [ 371553.998709562700242, 4674821.51204657740891 ], [ 371569.35618722892832, 4674794.351803093217313 ], [ 371576.655330409645103, 4674737.348669201135635 ], [ 371577.09923897718545, 4674711.904611089266837 ], [ 371574.267787159769796, 4674687.96429258864373 ], [ 371572.454811368952505, 4674679.111457005143166 ], [ 371564.738554990617558, 4674649.928740165196359 ], [ 371557.556010225962382, 4674622.846695858985186 ], [ 371550.07272524619475, 4674606.433255274780095 ], [ 371542.01159954542527, 4674590.030369805172086 ], [ 371534.228476105257869, 4674575.288528127595782 ], [ 371532.814525539346505, 4674570.204934424720705 ], [ 371530.413530077843461, 4674560.807472509332001 ], [ 371527.396202642994467, 4674549.310856331139803 ], [ 371525.888994604058098, 4674539.119560290127993 ], [ 371525.558004158549011, 4674516.466498319990933 ], [ 371536.814083791861776, 4674481.716989319771528 ], [ 371544.367522490036208, 4674461.252563248388469 ], [ 371551.764571199193597, 4674445.789332654327154 ], [ 371556.605303861782886, 4674435.037875688634813 ], [ 371560.04885127779562, 4674424.64514459297061 ], [ 371563.001186485518701, 4674414.483528573997319 ], [ 371562.920127626333851, 4674410.04204804264009 ], [ 371562.7823277101852, 4674402.491531207226217 ], [ 371557.899262702616397, 4674379.255111459642649 ], [ 371548.536742347059771, 4674341.327611658722162 ], [ 371543.458104364108294, 4674316.428660411387682 ], [ 371540.156971585820429, 4674289.386861672624946 ], [ 371540.518872515065596, 4674268.498346444219351 ], [ 371541.9660632412415, 4674248.256466656923294 ], [ 371542.68560964637436, 4674237.913453203625977 ], [ 371553.80569668620592, 4674222.826583076268435 ], [ 371562.250366256630514, 4674210.454331927932799 ], [ 371569.854870637878776, 4674192.76587409619242 ], [ 371579.541370692313649, 4674176.039102177135646 ], [ 371593.589841752138454, 4674149.458256293088198 ], [ 371600.300131216994487, 4674128.009640170261264 ], [ 371608.858467714686412, 4674103.750472526997328 ], [ 371613.481295743782539, 4674085.561097219586372 ], [ 371635.821083256683778, 4674056.274413967505097 ], [ 371660.196478739264421, 4674025.395658039487898 ], [ 371674.728288895741571, 4673993.585720868781209 ], [ 371678.601212676207069, 4673984.073833486996591 ], [ 371687.52868444903288, 4673961.918458190746605 ], [ 371694.037495244527236, 4673933.920274098403752 ], [ 371694.137957265309524, 4673889.599988408386707 ], [ 371684.837823781301267, 4673827.901408805511892 ], [ 371672.315056423016358, 4673757.042467018589377 ], [ 371661.719392066355795, 4673710.362498829141259 ], [ 371655.74038056761492, 4673681.370175990276039 ], [ 371651.186577876913361, 4673649.019656978547573 ], [ 371647.026637131872121, 4673629.213298335671425 ], [ 371645.324004229507409, 4673617.359447949565947 ], [ 371646.081834342912771, 4673604.572143194265664 ], [ 371648.05011199938599, 4673594.761760318651795 ], [ 371654.444013401283883, 4673583.093505535274744 ], [ 371671.237080037652049, 4673562.016548158600926 ], [ 371710.980472506373189, 4673535.967319449409842 ], [ 371755.346943627053406, 4673505.280081624165177 ], [ 371776.504613325349055, 4673492.565485981293023 ], [ 371787.449926346947905, 4673485.923854282125831 ], [ 371830.649068753875326, 4673481.804982547648251 ], [ 371912.152923973975703, 4673481.432246344164014 ], [ 371997.233165305980947, 4673486.993393108248711 ], [ 372025.914686609990895, 4673488.360173562541604 ], [ 372042.471026243583765, 4673504.164870232343674 ], [ 372087.878137984429486, 4673530.66372790466994 ], [ 372107.472520359442569, 4673540.970764593221247 ], [ 372135.76951124885818, 4673553.008022183552384 ], [ 372153.827337454771623, 4673560.566256702877581 ], [ 372164.050270494597498, 4673564.157096878625453 ], [ 372243.332426759472582, 4673587.042843064293265 ], [ 372301.671092307195067, 4673598.091292226687074 ], [ 372350.108965727908071, 4673605.09896404389292 ], [ 372370.951141698402353, 4673611.385443485341966 ], [ 372388.185130479047075, 4673596.300242211669683 ], [ 372390.460449687205255, 4673594.259674645960331 ], [ 372396.716577934217639, 4673588.592599397525191 ], [ 372408.373080602381378, 4673580.16188383474946 ], [ 372429.285909038444515, 4673572.118801028467715 ], [ 372457.439691612380557, 4673553.503695862367749 ], [ 372481.300704084103927, 4673534.966471707448363 ], [ 372503.941596552496776, 4673517.451091308146715 ], [ 372510.662950339261442, 4673514.663602340035141 ], [ 372551.59480761521263, 4673513.033832899294794 ], [ 372584.879080574028194, 4673513.208817607723176 ], [ 372605.999434518744238, 4673512.049056400544941 ], [ 372623.507405376527458, 4673512.065454091876745 ], [ 372640.622681757435203, 4673513.199731445871294 ], [ 372668.70990457944572, 4673513.691286216489971 ], [ 372694.878470515075605, 4673508.552921710535884 ], [ 372717.845681853592396, 4673499.918200382962823 ], [ 372734.963223598257173, 4673496.609743064269423 ], [ 372755.801577859965619, 4673498.121285778470337 ], [ 372784.661941574187949, 4673500.265425559133291 ], [ 372798.934171758708544, 4673499.452151871286333 ], [ 372811.227055705618113, 4673498.785742577165365 ], [ 372853.381966771441512, 4673487.139063975773752 ], [ 372868.840437218546867, 4673483.416609761305153 ], [ 372887.595878628431819, 4673470.193452506326139 ], [ 372900.318360136414412, 4673461.300043728202581 ], [ 372911.091580059321132, 4673454.219017391093075 ], [ 372931.735968849156052, 4673440.406518172472715 ], [ 372948.743516987713519, 4673430.991564095020294 ], [ 372960.843356886296533, 4673428.773884255439043 ], [ 372982.022497062687762, 4673426.281326975673437 ], [ 373015.19248312205309, 4673424.68325597140938 ], [ 373025.936942962231115, 4673425.155887634493411 ], [ 373039.160120442800689, 4673425.694904159754515 ], [ 373048.698255778115708, 4673427.966492678038776 ], [ 373069.548248431819957, 4673434.699183110147715 ], [ 373082.273577101412229, 4673439.690170558169484 ], [ 373089.169852443563286, 4673442.009443364106119 ], [ 373096.39635103859473, 4673444.322769778780639 ], [ 373104.887713295058347, 4673443.503263440914452 ], [ 373117.251251683570445, 4673442.169682516716421 ], [ 373146.022155446233228, 4673434.764657166786492 ], [ 373176.913597173930611, 4673425.877602509222925 ], [ 373191.109435231890529, 4673425.399725663475692 ], [ 373203.923801166994963, 4673426.168560553342104 ], [ 373229.020611749787349, 4673430.270552325062454 ], [ 373243.999441147665493, 4673432.000136679969728 ], [ 373253.668619023752399, 4673432.381403442472219 ], [ 373261.92033132200595, 4673432.010693440213799 ], [ 373273.180683093494736, 4673429.031158397905529 ], [ 373304.529662849206943, 4673418.026052630506456 ], [ 373330.388633252645377, 4673400.233366499654949 ], [ 373356.426831098622642, 4673383.215065435506403 ], [ 373380.603621949499939, 4673359.121695723384619 ], [ 373356.785634766565636, 4673338.890615787357092 ], [ 373346.362639271421358, 4673328.748369601555169 ], [ 373336.634692597668618, 4673315.927888128906488 ], [ 373331.072601109277457, 4673305.142842538654804 ], [ 373326.412645292468369, 4673294.008350141346455 ], [ 373323.71011204936076, 4673281.505766463465989 ], [ 373321.198662631679326, 4673270.443690071813762 ], [ 373320.233851293334737, 4673258.131984328851104 ], [ 373323.243158612400293, 4673237.196173094213009 ], [ 373329.813784880563617, 4673193.870682211592793 ], [ 373333.479644547391217, 4673172.70092161744833 ], [ 373333.405034547206014, 4673159.373546335846186 ], [ 373332.916970877151471, 4673150.60758850723505 ], [ 373331.838996606005821, 4673141.185808537527919 ], [ 373330.235038282407913, 4673134.661381013691425 ], [ 373326.963881609321106, 4673127.278369583189487 ], [ 373322.899077220004983, 4673121.686801926232874 ], [ 373317.479328255401924, 4673114.231381884776056 ], [ 373313.263373675756156, 4673109.420047617517412 ], [ 373308.64060307550244, 4673104.949254279024899 ], [ 373296.280337205680553, 4673092.731550490483642 ], [ 373300.230548913124949, 4673082.774994714185596 ], [ 373303.927007031277753, 4673058.716782013885677 ], [ 373305.797145948337857, 4673034.136074425652623 ], [ 373304.824946182896383, 4673016.826237567700446 ], [ 373302.166255805175751, 4673006.766471269540489 ], [ 373296.928783371578902, 4672991.08840873464942 ], [ 373291.014171436196193, 4672979.087932945229113 ], [ 373284.301892457355279, 4672968.656834641471505 ], [ 373277.023646706948057, 4672958.902364606969059 ], [ 373266.058655224274844, 4672946.215301007963717 ], [ 373236.716467387974262, 4672917.42034262791276 ], [ 373214.340780819416977, 4672894.831190094351768 ], [ 373187.178826994961128, 4672867.885399899445474 ], [ 373176.276099645940121, 4672854.086617544293404 ], [ 373170.088924242416397, 4672845.31225073710084 ], [ 373164.602806566748768, 4672834.19273351598531 ], [ 373161.210783087881282, 4672824.70158642437309 ], [ 373157.186792235763278, 4672812.222862843424082 ], [ 373156.567937978892587, 4672800.793524255044758 ], [ 373157.767505835974589, 4672789.442500099539757 ], [ 373160.914630005310755, 4672776.168157110922039 ], [ 373173.179043670417741, 4672755.509863404557109 ], [ 373192.755583554739133, 4672718.947587317787111 ], [ 373195.035743683285546, 4672698.802374241873622 ], [ 373191.898561736103147, 4672680.531885134987533 ], [ 373190.041009901324287, 4672655.351848100312054 ], [ 373188.599703233805485, 4672634.940439227037132 ], [ 373185.127642353880219, 4672621.007817122153938 ], [ 373182.601799901458435, 4672609.168535095639527 ], [ 373180.633345517737325, 4672600.762466881424189 ], [ 373178.106916570977774, 4672593.477174981497228 ], [ 373174.525681730418, 4672582.656557569280267 ], [ 373202.819971963821445, 4672566.930054860189557 ], [ 373232.217747157905251, 4672552.849894306622446 ], [ 373259.889083054673392, 4672543.799200807698071 ], [ 373298.477393701847177, 4672535.551831969991326 ], [ 373322.217583840945736, 4672528.349284921772778 ], [ 373342.759645988291595, 4672522.426141100004315 ], [ 373348.489461019576993, 4672519.546269134618342 ], [ 373359.917154016962741, 4672512.009954014793038 ], [ 373378.170765039743856, 4672498.241926151327789 ], [ 373406.04100873763673, 4672481.857463200576603 ], [ 373430.121216669562273, 4672465.985527448356152 ], [ 373449.103476705786306, 4672455.981060822494328 ], [ 373460.873623889230657, 4672449.105198804289103 ], [ 373467.357404188369401, 4672442.21327222045511 ], [ 373488.981113401358016, 4672413.723434964194894 ], [ 373506.901349258725531, 4672385.966630386188626 ], [ 373516.137551557272673, 4672371.361318407580256 ], [ 373528.02798722195439, 4672357.374785147607327 ], [ 373528.75516069465084, 4672356.47314643394202 ], [ 373531.262972740689293, 4672353.540226133540273 ], [ 373547.554419460589997, 4672336.253593580797315 ], [ 373571.363177703577094, 4672300.616174650378525 ], [ 373591.57295577484183, 4672266.931678265333176 ], [ 373616.430574808618985, 4672225.2777030300349 ], [ 373627.128487734880764, 4672204.648422348313034 ], [ 373661.222894449951127, 4672222.030398416332901 ], [ 373689.351028424920514, 4672233.743784983642399 ], [ 373722.519872839213349, 4672245.589036113582551 ], [ 373754.91162484686356, 4672255.560142265632749 ], [ 373789.308855710201897, 4672266.828317641280591 ], [ 373823.369720571208745, 4672277.769466939382255 ], [ 373861.86040276667336, 4672291.63037742394954 ], [ 373898.887585369113367, 4672302.185534676536918 ], [ 373941.677576052490622, 4672316.303101489320397 ], [ 373987.233035939454567, 4672328.038921269588172 ], [ 374019.153538066486362, 4672334.798556070774794 ], [ 374037.169639071566053, 4672335.3648517196998 ], [ 374051.527687635971233, 4672339.217706546187401 ], [ 374075.013227638206445, 4672340.796998808160424 ], [ 374098.340377941844054, 4672347.377441424876451 ], [ 374114.761415372020565, 4672355.747492072172463 ], [ 374135.798361280816607, 4672363.590788207948208 ], [ 374150.193994432687759, 4672369.553535802289844 ], [ 374172.333257017657161, 4672374.378294765017927 ], [ 374197.358441951102577, 4672378.929421405307949 ], [ 374219.355569417355582, 4672380.424706470221281 ], [ 374238.287710571137723, 4672381.419436816126108 ], [ 374256.797085064288694, 4672381.866407217457891 ], [ 374275.609670116333291, 4672385.418026279658079 ], [ 374293.810554747760762, 4672387.092391967773438 ], [ 374314.917200726806186, 4672389.603516574949026 ], [ 374332.727012668270618, 4672392.506752552464604 ], [ 374348.480508666718379, 4672395.89101171400398 ], [ 374362.091158011462539, 4672399.53568038251251 ], [ 374393.248468307079747, 4672423.7488794028759 ], [ 374421.379639343300369, 4672445.017234562896192 ], [ 374438.31979778315872, 4672459.37663718033582 ], [ 374480.8935845241067, 4672475.389476478099823 ], [ 374548.172835320408922, 4672510.511011940427125 ], [ 374604.731031116447411, 4672541.936564842239022 ], [ 374619.837815172737464, 4672550.775444346480072 ], [ 374647.8590658531175, 4672565.937673845328391 ], [ 374666.219005358871073, 4672571.941944864578545 ], [ 374686.796358200721443, 4672577.240370172075927 ], [ 374706.43778394930996, 4672581.00050426274538 ], [ 374731.948924058815464, 4672580.435544441454113 ], [ 374749.159941489400808, 4672577.574734270572662 ], [ 374774.430551916651893, 4672568.128476171754301 ], [ 374813.706972990825307, 4672542.772202151827514 ], [ 374835.263908949214965, 4672528.838258665055037 ], [ 374852.285639332956634, 4672515.318199986591935 ], [ 374873.182193127286155, 4672501.396116024814546 ], [ 374889.750083940685727, 4672490.216720951721072 ], [ 374913.666293412738014, 4672474.241826359182596 ], [ 374938.085906796564814, 4672458.702363192103803 ], [ 374960.71845855936408, 4672440.195790882222354 ], [ 374979.280099917610642, 4672429.647645428776741 ], [ 375007.723982452123892, 4672408.150203503668308 ], [ 375033.99384977115551, 4672389.801464067772031 ], [ 375050.984949139645323, 4672379.170317325741053 ], [ 375065.306308090803213, 4672367.031578373163939 ], [ 375093.052876956411637, 4672348.101516724564135 ], [ 375116.694611477141734, 4672325.912222903221846 ], [ 375139.73094447911717, 4672302.178750016726553 ], [ 375160.512655790662393, 4672286.37139324657619 ], [ 375191.778831008356065, 4672265.602211654186249 ], [ 375219.976306973781902, 4672244.110050528310239 ], [ 375257.347106685454492, 4672213.569811472669244 ], [ 375289.007050690299366, 4672182.353415225632489 ], [ 375339.314874717616476, 4672112.709632872603834 ], [ 375390.30388847051654, 4672048.829904249869287 ], [ 375435.264014141983353, 4671984.946145293302834 ], [ 375457.746354269271251, 4671953.115418691188097 ], [ 375507.704284745326731, 4671863.486391147598624 ], [ 375561.434384508756921, 4671776.901122338138521 ], [ 375610.541105252457783, 4671699.727936224080622 ], [ 375631.273664452368394, 4671662.264128257520497 ], [ 375730.27792799717281, 4671477.582981172017753 ], [ 375806.755243907566182, 4671336.173918524757028 ], [ 375855.672645950457081, 4671243.234015837311745 ], [ 375935.291897295683157, 4671279.928581088781357 ], [ 376033.25309465668397, 4671316.856559856794775 ], [ 376167.652360357169528, 4671373.137911796569824 ], [ 376240.424030753667466, 4671410.511544066481292 ], [ 376259.120260608324315, 4671426.177242728881538 ], [ 376277.913307839306071, 4671437.953820057213306 ], [ 376311.899552317452617, 4671458.793566637672484 ], [ 376335.755102731229272, 4671471.925315019674599 ], [ 376369.224095606477931, 4671491.552632099017501 ], [ 376416.589520303939935, 4671512.269122149795294 ], [ 376443.805091516347602, 4671523.898356781341136 ], [ 376490.361804159067106, 4671545.629145954735577 ], [ 376531.218101102916989, 4671557.908100040629506 ], [ 376577.255266125721391, 4671568.874728852882981 ], [ 376612.794264099036809, 4671584.135147477500141 ], [ 376653.86386705446057, 4671599.187817144207656 ], [ 376690.146668268833309, 4671609.770637019537389 ], [ 376710.797894621849991, 4671614.518367654643953 ], [ 376717.834476728923619, 4671615.394837617874146 ], [ 376739.300748750334606, 4671614.797012820839882 ], [ 376813.417459203687031, 4671616.055003670975566 ], [ 376832.510336301347706, 4671616.720744013786316 ], [ 376862.169242267147638, 4671616.97967030480504 ], [ 376886.938603761780541, 4671616.324550881050527 ], [ 376913.238989223609678, 4671618.19737733528018 ], [ 376990.894755998859182, 4671618.728966860100627 ], [ 377060.312118300003931, 4671620.515900822356343 ], [ 377109.356061023543589, 4671623.991785624995828 ], [ 377174.403189549339004, 4671630.965308855287731 ], [ 377208.865654190303758, 4671636.69542683660984 ], [ 377249.305871845106594, 4671639.433713434264064 ], [ 377298.783701856038533, 4671644.125115034170449 ], [ 377326.266388417221606, 4671642.757850990630686 ], [ 377390.704088458442129, 4671647.966851516626775 ], [ 377434.069102525478229, 4671652.654537512920797 ], [ 377446.657501119480003, 4671654.545822156593204 ], [ 377452.024999019980896, 4671654.45243277400732 ], [ 377465.709582822164521, 4671652.88151466473937 ], [ 377493.61431734013604, 4671647.286908235400915 ], [ 377539.730004286335316, 4671639.154376656748354 ], [ 377588.676165019627661, 4671627.529797218739986 ], [ 377614.265058717341162, 4671621.753784340806305 ], [ 377620.807573773548938, 4671617.974807439371943 ], [ 377628.580293765815441, 4671604.178189920261502 ], [ 377654.936668625043239, 4671561.735997980460525 ], [ 377699.844602406315971, 4671488.760844648815691 ], [ 377749.608067952329293, 4671409.926132610999048 ], [ 377778.944350223755464, 4671362.989975620992482 ], [ 377720.543934305198491, 4671320.242079486139119 ], [ 377666.158435293007642, 4671275.647803859785199 ], [ 377601.884452561265789, 4671218.230581093579531 ], [ 377542.215168058406562, 4671164.399163251742721 ], [ 377486.944029663573019, 4671121.265493278391659 ], [ 377476.35509382491, 4671110.898028541356325 ], [ 377427.644423922989517, 4671055.544098208658397 ], [ 377344.190639388281852, 4670973.805331717245281 ], [ 377235.078626398462802, 4670870.411651343107224 ], [ 377177.892197165580001, 4670812.430279608815908 ], [ 377133.253775582823437, 4670777.666245034895837 ], [ 377086.010849039419554, 4670745.169312350451946 ], [ 377037.299537933780812, 4670709.033000913448632 ], [ 376989.48146014008671, 4670676.768861313350499 ], [ 376939.199183876800817, 4670635.884613679721951 ], [ 376891.726032254984602, 4670604.503639777190983 ], [ 376832.692030277976301, 4670563.995171934366226 ], [ 376774.562863766914234, 4670528.025221604853868 ], [ 376728.057956872100476, 4670495.406595062464476 ], [ 376697.877435521397274, 4670475.053496137261391 ], [ 376684.297553676529787, 4670463.850928761996329 ], [ 376663.716793786152266, 4670444.440669281408191 ], [ 376622.133265187731013, 4670409.848372207954526 ], [ 376585.224138184566982, 4670382.727202497422695 ], [ 376555.145654490857851, 4670358.81865215767175 ], [ 376508.370285038894508, 4670320.31942087970674 ], [ 376479.205636612256058, 4670296.728371969424188 ], [ 376460.782932638772763, 4670277.947261818684638 ], [ 376441.782798912725411, 4670254.511373740620911 ], [ 376417.808245301479474, 4670225.387120496481657 ], [ 376382.732377396721859, 4670185.128516152501106 ], [ 376354.296056675550062, 4670151.306714664213359 ], [ 376329.260707231820561, 4670122.978844175115228 ], [ 376293.391020485665649, 4670084.622776750475168 ], [ 376276.838972502155229, 4670068.919242070056498 ], [ 376263.435245948610827, 4670053.715814505703747 ], [ 376249.558036906993948, 4670035.077547047287226 ], [ 376244.91970182833029, 4670029.716556703671813 ], [ 376236.358382754842751, 4670022.091988731175661 ], [ 376211.806582997902296, 4670002.530564653687179 ], [ 376194.808018523384817, 4669984.946858546696603 ], [ 376186.811113891075365, 4669976.534939546138048 ], [ 376181.571104554459453, 4669969.851715365424752 ], [ 376174.917181020660792, 4669962.637986452318728 ], [ 376164.200375599320978, 4669954.607092979364097 ], [ 376152.714803551149089, 4669945.145811007358134 ], [ 376144.752930089016445, 4669938.732586406171322 ], [ 376134.093280540080741, 4669929.256817723624408 ], [ 376112.833787914947607, 4669918.412407814525068 ], [ 376098.860396094212774, 4669908.439591504633427 ], [ 376093.187742907903157, 4669900.653331572189927 ], [ 376081.702584968123119, 4669886.527197630144656 ], [ 376074.346695041633211, 4669876.993423423729837 ], [ 376062.51935332629364, 4669862.206913324072957 ], [ 376052.882484088768251, 4669849.825444366782904 ], [ 376035.661325643595774, 4669829.024971131235361 ], [ 376012.39136885816697, 4669802.555290418677032 ], [ 375987.088933750696015, 4669782.674596341326833 ], [ 375960.759464125731029, 4669765.477752945385873 ], [ 375935.627305983216502, 4669750.592404907569289 ], [ 375907.954485992784612, 4669732.197622890584171 ], [ 375877.424700851435773, 4669706.411540338769555 ], [ 375846.973381221236195, 4669680.402059231884778 ], [ 375815.354549295734614, 4669644.41693246178329 ], [ 375793.093949673871975, 4669619.040847516618669 ], [ 375753.158436959958635, 4669570.651584410108626 ], [ 375697.035718938626815, 4669503.999213838018477 ], [ 375660.255131922720466, 4669461.219392861239612 ], [ 375632.917703795013949, 4669429.158035123720765 ], [ 375602.077955697546713, 4669385.940461620688438 ], [ 375584.983434589928947, 4669377.134392376989126 ], [ 375575.212917468335945, 4669371.309048829600215 ], [ 375565.393379074987024, 4669362.707819796167314 ], [ 375556.033886579680257, 4669356.764174901880324 ], [ 375545.681165121146478, 4669350.727008097805083 ], [ 375532.501973126956727, 4669348.405094679445028 ], [ 375504.949362846440636, 4669351.002021438442171 ], [ 375478.696861334785353, 4669352.354312180541456 ], [ 375465.497817361843772, 4669353.58713349327445 ], [ 375456.012049029872287, 4669354.532226989045739 ], [ 375449.728232091059908, 4669354.310047707520425 ], [ 375442.999998865823727, 4669352.318597240373492 ], [ 375436.97791933210101, 4669348.204332008957863 ], [ 375431.425949803378899, 4669342.63784536998719 ], [ 375424.18263223208487, 4669334.879842067137361 ], [ 375414.107544150552712, 4669316.509115167893469 ], [ 375398.240407937089913, 4669293.020464805886149 ], [ 375380.583176472864579, 4669275.783450908958912 ], [ 375366.943782872986048, 4669266.13931208383292 ], [ 375343.779322476591915, 4669250.554751426912844 ], [ 375320.55768456577789, 4669236.415193417109549 ], [ 375296.91299701994285, 4669226.392808322794735 ], [ 375273.537492992822081, 4669226.917454170994461 ], [ 375249.784259080886841, 4669234.113105952739716 ], [ 375227.142345999309327, 4669238.734541113488376 ], [ 375214.745583672192879, 4669238.620774601586163 ], [ 375199.526462476118468, 4669237.779503560625017 ], [ 375186.699002937646583, 4669232.008802780881524 ], [ 375180.222347415634431, 4669225.570310610346496 ], [ 375172.90585604502121, 4669218.369200842455029 ], [ 375161.173863292322494, 4669209.135951396077871 ], [ 375141.792894072714262, 4669201.926404884085059 ], [ 375106.785498699056916, 4669189.551289352588356 ], [ 375073.782135738991201, 4669173.697630954906344 ], [ 375048.158177434292156, 4669159.26830268278718 ], [ 375039.838388966862112, 4669151.418683083727956 ], [ 375032.562945505080279, 4669141.884495780803263 ], [ 375027.032073885784484, 4669132.874740255996585 ], [ 375021.579858575947583, 4669123.641452419571579 ], [ 375014.764648742682766, 4669116.764822483994067 ], [ 375007.048620389658026, 4669110.348454874008894 ], [ 375000.43010147678433, 4669105.245483927428722 ], [ 374994.079085609933827, 4669101.248483725823462 ], [ 374986.919709834153764, 4669098.265462348237634 ], [ 374980.948340711707715, 4669097.038512332364917 ], [ 374974.150894242862705, 4669095.826218603178859 ], [ 374962.310447156371083, 4669094.481239174492657 ], [ 374946.595319219399244, 4669093.64929857943207 ], [ 374937.559578620886896, 4669092.032463763840497 ], [ 374921.366386766254436, 4669087.543720790185034 ], [ 374909.960477490676567, 4669082.747919994406402 ], [ 374898.153336640913039, 4669078.625683078542352 ], [ 374877.626867313752882, 4669067.438614842481911 ], [ 374849.17766265507089, 4669052.171560656279325 ], [ 374830.501932304585353, 4669042.839973222464323 ], [ 374787.54061243403703, 4669020.055885174311697 ], [ 374775.08599487808533, 4669012.057864074595273 ], [ 374756.561219021677971, 4668997.281305139884353 ], [ 374744.310948291909881, 4668986.836143421940506 ], [ 374729.302975408616476, 4668974.66286991443485 ], [ 374701.556516159209423, 4668947.832513071596622 ], [ 374675.80461774248397, 4668926.298208876512945 ], [ 374653.817386946699116, 4668907.362759634852409 ], [ 374622.402292239712551, 4668883.374701854772866 ], [ 374581.996279567363672, 4668860.324219812639058 ], [ 374571.081471005338244, 4668855.29806612059474 ], [ 374555.768532624875661, 4668849.23947695735842 ], [ 374545.736716239247471, 4668842.753725126385689 ], [ 374524.209357150946744, 4668826.476181165315211 ], [ 374497.150507034675684, 4668805.854325019754469 ], [ 374473.671461411810014, 4668786.723822410218418 ], [ 374447.920252342883032, 4668765.301363969221711 ], [ 374423.349185305356514, 4668745.190826813690364 ], [ 374397.843529746751301, 4668723.653095628134906 ], [ 374371.125257983105257, 4668694.362077446654439 ], [ 374303.146709530148655, 4668640.593490925617516 ], [ 374226.74473367765313, 4668573.314023303799331 ], [ 374149.665160003234632, 4668509.823850923217833 ], [ 374086.080264347139746, 4668461.643448730930686 ], [ 374025.339141521893907, 4668415.412063292227685 ], [ 373958.252881111111492, 4668365.629240814596415 ], [ 373880.724550017388538, 4668305.037720797583461 ], [ 373823.928999879513867, 4668271.621688907034695 ], [ 373797.11864148080349, 4668255.885067898780107 ], [ 373751.406142940744758, 4668218.383733258582652 ], [ 373724.451351221709047, 4668189.987812846899033 ], [ 373706.32643759099301, 4668170.097409961745143 ], [ 373688.924033109447919, 4668153.637324118986726 ], [ 373664.361418899730779, 4668148.079495944082737 ], [ 373639.322946333326399, 4668143.64099432528019 ], [ 373623.318873832467943, 4668126.822789775207639 ], [ 373600.388708218582906, 4668092.468393571674824 ], [ 373567.635502100398298, 4668054.180534671060741 ], [ 373539.169304292125162, 4668029.144521167501807 ], [ 373499.405783042660914, 4668005.533056939020753 ], [ 373431.011297982127871, 4667979.992059228010476 ], [ 373382.232550511253066, 4667960.652697815559804 ], [ 373324.384802949149162, 4667933.368335991166532 ], [ 373267.603078016079962, 4667914.839938822202384 ], [ 373222.274778289836831, 4667898.993936571292579 ], [ 373169.560939585906453, 4667881.503895341418684 ], [ 373142.178493516636081, 4667870.889246417209506 ], [ 373124.714652771130204, 4667860.318388235755265 ], [ 373109.516241445380729, 4667847.041085016913712 ], [ 373097.547353069938254, 4667838.70392751134932 ], [ 373079.167828569246922, 4667832.370383437722921 ], [ 373056.410581082222052, 4667830.780703976750374 ], [ 373030.385048912954517, 4667826.695288280025125 ], [ 373004.019634468073491, 4667817.506782561540604 ], [ 372961.959601625392679, 4667795.050310470163822 ], [ 372912.555804903560784, 4667773.281776234507561 ], [ 372878.748453449341469, 4667759.34067452698946 ], [ 372835.580439200741239, 4667744.235648547299206 ], [ 372793.172379343770444, 4667725.451796648092568 ], [ 372746.290349891525693, 4667706.082486482337117 ], [ 372700.12516984064132, 4667689.81055514793843 ], [ 372671.945473677304108, 4667676.324193599633873 ], [ 372647.475766996212769, 4667662.326656834222376 ], [ 372623.348494433623273, 4667648.989448946900666 ], [ 372591.156333131890278, 4667633.021211347542703 ], [ 372560.660672556608915, 4667619.466045503504574 ], [ 372538.485995224735234, 4667604.427751681767404 ], [ 372504.706129124329891, 4667578.381024644710124 ], [ 372474.700409810408019, 4667555.376226238906384 ], [ 372457.128625755023677, 4667534.368123796768486 ], [ 372436.529962012078613, 4667510.526931825093925 ], [ 372408.762697655241936, 4667487.92619844339788 ], [ 372385.1185831152834, 4667464.806674075312912 ], [ 372353.324565166025423, 4667438.946841211989522 ], [ 372331.322392675210722, 4667419.796368544921279 ], [ 372302.96799697278766, 4667396.762365809641778 ], [ 372273.547290177550167, 4667374.192069348879158 ], [ 372226.25462532468373, 4667346.058801280334592 ], [ 372186.17029445047956, 4667323.459894478321075 ], [ 372148.088931497128215, 4667301.935621540993452 ], [ 372107.121421694406308, 4667276.243129068985581 ], [ 372078.090508792432956, 4667256.998708666302264 ], [ 372049.10379577986896, 4667235.643225435167551 ], [ 372017.482809767010622, 4667214.891014126129448 ], [ 372014.393252289970405, 4667213.169915728271008 ], [ 371990.452653548098169, 4667201.164252680726349 ], [ 371959.452087400481105, 4667187.287518477998674 ], [ 371929.445009153918363, 4667178.057918563485146 ], [ 371905.318798771477304, 4667174.053119332529604 ], [ 371881.023262435570359, 4667169.829332155175507 ], [ 371859.35776343307225, 4667164.780340536497533 ], [ 371836.075926305900794, 4667161.760087377391756 ], [ 371812.836339536588639, 4667156.517692657187581 ], [ 371795.989470557717141, 4667148.271293577738106 ], [ 371786.339553027006332, 4667140.33840096462518 ], [ 371769.685748554940801, 4667119.981649492867291 ], [ 371755.494788924232125, 4667103.245549382641912 ], [ 371737.142031850176863, 4667089.473036369308829 ], [ 371704.126814473362174, 4667069.413957667537034 ], [ 371666.191655815113336, 4667047.000939182937145 ], [ 371623.232047064928338, 4667030.122112321667373 ], [ 371586.86691945779603, 4667016.78888267185539 ], [ 371553.170163991162553, 4667004.740117077715695 ], [ 371525.723065032507293, 4666990.91159035731107 ], [ 371499.541947091754992, 4666983.058027414605021 ], [ 371486.641059297602624, 4666982.737687412649393 ], [ 371478.704229018418118, 4666982.66014383547008 ], [ 371477.714654006122146, 4666982.789246273227036 ], [ 371457.689424332347699, 4666986.153092383407056 ], [ 371487.640995898051187, 4667046.697325251065195 ], [ 371512.222452976740897, 4667098.342602509073913 ], [ 371534.562134256353602, 4667144.919441350735724 ], [ 371559.863423952949233, 4667213.434798626229167 ], [ 371580.838701458997093, 4667271.366021665744483 ], [ 371588.147767705959268, 4667296.002151848748326 ], [ 371589.781149210466538, 4667313.077603581361473 ], [ 371588.649103645642754, 4667323.539043288677931 ], [ 371583.653714143030811, 4667335.181548151187599 ], [ 371573.783238243195228, 4667346.912822593003511 ], [ 371557.379058822232764, 4667358.429874307475984 ], [ 371517.351238322677091, 4667370.821555316448212 ], [ 371487.565435490862001, 4667382.804699673317373 ], [ 371452.583918840333354, 4667390.884048414416611 ], [ 371403.491255047847517, 4667400.220499087125063 ], [ 371373.848339778371155, 4667406.425745194777846 ], [ 371311.250578207545914, 4667409.455853239633143 ], [ 371251.712118039140478, 4667412.541745341382921 ], [ 371250.537429733783938, 4667434.222402487881482 ], [ 371247.135380526422523, 4667451.611878355965018 ], [ 371239.108720000076573, 4667473.750846434384584 ], [ 371228.228187287691981, 4667493.498327961191535 ], [ 371217.304641034745146, 4667506.360093172639608 ], [ 371194.600468935328536, 4667525.879247767850757 ], [ 371138.965082774986513, 4667566.104302446357906 ], [ 371103.993782690784428, 4667597.288434312678874 ], [ 371099.840734955098014, 4667600.696528471074998 ], [ 371091.383021593501326, 4667603.73901301342994 ], [ 371081.599831560102757, 4667611.13758529163897 ], [ 371072.111225783184636, 4667621.085466743446887 ], [ 371062.038781932904385, 4667635.264812094159424 ], [ 371057.290343123138882, 4667646.792151561938226 ], [ 371052.95991545956349, 4667649.53708038572222 ], [ 371035.378179324616212, 4667659.855140229687095 ], [ 370994.619992885971442, 4667690.923534561879933 ], [ 370960.820918965968303, 4667722.864502114243805 ], [ 370951.602859772916418, 4667734.029414636082947 ], [ 370944.693586725043133, 4667753.926868722774088 ], [ 370939.753797545330599, 4667777.564776115119457 ], [ 370935.791305953112897, 4667800.407291206531227 ], [ 370930.544783915043809, 4667820.829701139591634 ], [ 370923.928249607852194, 4667843.165436436422169 ], [ 370913.835498698870651, 4667865.231591484509408 ], [ 370902.668001891695894, 4667882.763437904417515 ], [ 370874.628730981843546, 4667908.712561283260584 ], [ 370851.739960038219579, 4667931.568499892950058 ], [ 370825.548769753193483, 4667968.147023349069059 ], [ 370805.39421929162927, 4667986.843332349322736 ], [ 370782.289023430203088, 4668002.37264590151608 ], [ 370749.561197124072351, 4668015.968012779019773 ], [ 370715.315776555216871, 4668027.925259871408343 ], [ 370685.002831546240486, 4668033.479380340315402 ], [ 370660.441092994064093, 4668028.154025533236563 ], [ 370644.57031607668614, 4668113.638437046669424 ], [ 370633.919714822433889, 4668181.810757339000702 ], [ 370626.320791153237224, 4668222.603051011450589 ], [ 370629.305256348103285, 4668223.103660996071994 ], [ 370627.749536526273005, 4668232.906666935421526 ], [ 370624.292466459563002, 4668247.187497110106051 ], [ 370620.578283516224474, 4668265.471691784448922 ], [ 370618.807125586783513, 4668286.052779412828386 ], [ 370618.604094256879762, 4668288.500120885670185 ], [ 370616.001981876674108, 4668295.323348765261471 ], [ 370609.451436712231953, 4668307.661632197909057 ], [ 370600.231586583075114, 4668323.158966449089348 ], [ 370589.65525393927237, 4668336.792961619794369 ], [ 370576.639165795757435, 4668352.582153294235468 ], [ 370567.406269153754693, 4668362.859321711584926 ], [ 370549.056866131722927, 4668380.745797279290855 ], [ 370529.622282250551507, 4668402.539824956096709 ], [ 370510.117438924848102, 4668425.001643467694521 ], [ 370496.942582725314423, 4668441.127134827896953 ], [ 370489.330618423060514, 4668454.151483633555472 ], [ 370477.152363899222109, 4668466.037914822809398 ], [ 370458.404665011563338, 4668484.709481364116073 ], [ 370442.584301359835081, 4668500.772618057206273 ], [ 370439.456147911434527, 4668505.93948557600379 ], [ 370438.428074282244779, 4668512.956014901399612 ], [ 370440.797437594388612, 4668520.465481692925096 ], [ 370443.370793178211898, 4668530.081599394790828 ], [ 370443.605431005067658, 4668542.850753546692431 ], [ 370443.64119248429779, 4668558.289329235441983 ], [ 370440.784438928938471, 4668578.224002421833575 ], [ 370436.896566067065578, 4668600.510172791779041 ], [ 370432.155003548949026, 4668616.814059300348163 ], [ 370426.1997289948049, 4668630.030194259248674 ], [ 370414.72770825290354, 4668644.347394289448857 ], [ 370407.449604763125535, 4668653.033841800875962 ], [ 370387.889682040084153, 4668667.944054021500051 ], [ 370386.109885163954459, 4668665.53315317351371 ], [ 370365.262639786757063, 4668664.361413253471255 ], [ 370321.330299446301069, 4668657.172035137191415 ], [ 370258.796578672016039, 4668654.101716577075422 ], [ 370256.774141273985151, 4668656.471483122557402 ], [ 370234.931067238212563, 4668646.099329181946814 ], [ 370217.432916985999327, 4668638.313028436154127 ], [ 370201.49332949554082, 4668634.385658523067832 ], [ 370183.880159026477486, 4668633.8213529009372 ], [ 370168.445623344683554, 4668634.883078530430794 ], [ 370153.702678466157522, 4668637.598208312876523 ], [ 370145.676026835339144, 4668641.522550091147423 ], [ 370133.707650479045697, 4668651.295345926657319 ], [ 370112.75280691991793, 4668662.233380028046668 ], [ 370084.97382442333037, 4668675.074406171217561 ], [ 370055.89024757075822, 4668684.385226657614112 ], [ 370037.826523307128809, 4668686.273220213130116 ], [ 370025.889226598548703, 4668684.271801292896271 ], [ 370004.45135356875835, 4668682.445571918971837 ], [ 369999.659762350202072, 4668682.533923125825822 ], [ 369997.674987502279691, 4668682.459447026252747 ], [ 369988.337598203448579, 4668682.520555361174047 ], [ 369975.555008900177199, 4668683.978100840933621 ], [ 369961.173400144325569, 4668688.353085572831333 ], [ 369930.947772253653966, 4668698.463012739084661 ], [ 369910.747787239961326, 4668705.500150052830577 ], [ 369897.921568304416724, 4668709.069049547426403 ], [ 369885.180668081797194, 4668708.304512075148523 ], [ 369867.45016906078672, 4668705.854909664951265 ], [ 369866.901201219880022, 4668702.977118127979338 ], [ 369861.769549797638319, 4668698.073509619571269 ], [ 369851.665303699439391, 4668687.930144761689007 ], [ 369843.066525013069622, 4668678.758666520938277 ], [ 369832.199637727462687, 4668672.072701994329691 ], [ 369826.749176471552346, 4668672.284409067593515 ], [ 369821.407981943921186, 4668673.938065340742469 ], [ 369812.323966316820588, 4668678.770911751314998 ], [ 369796.042319472762756, 4668683.181322458200157 ], [ 369779.802287720493041, 4668685.369521573185921 ], [ 369757.74387390143238, 4668690.21994573995471 ], [ 369735.076419035438448, 4668693.415581707842648 ], [ 369699.952804533881135, 4668697.841158744879067 ], [ 369700.413071348622907, 4668700.387357049621642 ], [ 369688.79945557762403, 4668702.490265971980989 ], [ 369662.298495777591597, 4668708.422775308601558 ], [ 369627.975999744841829, 4668715.943982047960162 ], [ 369609.476770277891774, 4668716.619317428208888 ], [ 369581.738077800488099, 4668709.246121682226658 ], [ 369562.849242876050994, 4668702.264665244147182 ], [ 369551.478207684471272, 4668695.144153783097863 ], [ 369542.325391400314402, 4668687.316168131306767 ], [ 369530.489872071542777, 4668677.427427949383855 ], [ 369518.446352093364112, 4668660.767027729190886 ], [ 369504.270841856719926, 4668649.47767070773989 ], [ 369492.389588716614526, 4668641.589173180051148 ], [ 369477.653807221329771, 4668635.752876198850572 ], [ 369457.569379437074531, 4668622.240442400798202 ], [ 369446.823698684922419, 4668617.663220302201807 ], [ 369438.360369374568108, 4668611.377634197473526 ], [ 369425.365913392568473, 4668601.399447689764202 ], [ 369411.319699994870462, 4668597.105553128756583 ], [ 369396.771608852548525, 4668592.487759774550796 ], [ 369390.212460986105725, 4668586.389104277826846 ], [ 369384.326564082002733, 4668580.944427750073373 ], [ 369377.542178168077953, 4668576.071773354895413 ], [ 369366.666438850108534, 4668568.94236899074167 ], [ 369350.025816843437497, 4668567.362446538172662 ], [ 369321.276328768348321, 4668559.00930278096348 ], [ 369302.84311533474829, 4668554.352633569389582 ], [ 369291.787346972269006, 4668550.892131421715021 ], [ 369284.044418148696423, 4668547.814523368142545 ], [ 369277.672738078865223, 4668547.377284280024469 ], [ 369266.622860811941791, 4668548.692909481003881 ], [ 369252.712334552896209, 4668551.7277160147205 ], [ 369239.091094499104656, 4668552.535697438754141 ], [ 369220.246552327473182, 4668552.440920255146921 ], [ 369208.701222027651966, 4668549.322850564494729 ], [ 369199.229506842617411, 4668546.610627332702279 ], [ 369189.226857472909614, 4668546.462978799827397 ], [ 369155.199594261008315, 4668547.649750055745244 ], [ 369116.289945901953615, 4668544.040042178705335 ], [ 369061.243540936266072, 4668534.843261798843741 ], [ 369029.283894540159963, 4668527.217353098094463 ], [ 368986.398424286046065, 4668509.797890728339553 ], [ 368968.326244232070167, 4668506.80149095132947 ], [ 368956.898276934865862, 4668514.455877642147243 ], [ 368918.533243139216211, 4668544.603803295642138 ], [ 368909.777987706533168, 4668553.763626287691295 ], [ 368898.011524319124874, 4668547.651156232692301 ], [ 368871.952555566327646, 4668537.361520666629076 ], [ 368826.435420223686378, 4668525.101395072415471 ], [ 368802.724655562138651, 4668521.099577048793435 ], [ 368800.898842098657042, 4668520.689253193326294 ], [ 368799.738087702018674, 4668520.488703472539783 ], [ 368778.95999706722796, 4668500.881937004625797 ], [ 368763.213174575881567, 4668485.180266111157835 ], [ 368762.709209838998504, 4668484.745347826741636 ], [ 368746.330322147347033, 4668470.610522639937699 ], [ 368723.885132817202248, 4668450.257418921217322 ], [ 368706.469197824015282, 4668433.698345257900655 ], [ 368691.128948385245167, 4668417.656029196456075 ], [ 368677.821077909611631, 4668404.241684299893677 ], [ 368668.051449386635795, 4668398.869913150556386 ], [ 368655.72480349347461, 4668393.76793613191694 ], [ 368638.465787543565966, 4668385.647777396254241 ], [ 368620.171872123493813, 4668375.214372530579567 ], [ 368577.430997522489633, 4668356.794952563010156 ], [ 368566.851602354086936, 4668352.327007558196783 ], [ 368487.884133399580605, 4668328.030070221982896 ], [ 368428.224730051355436, 4668315.369771205820143 ], [ 368391.649102601630148, 4668308.499267405830324 ], [ 368371.840815080562606, 4668301.093772458843887 ], [ 368335.53539461211767, 4668290.997337164357305 ], [ 368321.793738372507505, 4668289.809971684589982 ], [ 368304.328012992744334, 4668288.35896219778806 ], [ 368270.580164844810497, 4668286.878934463486075 ], [ 368242.613160747452639, 4668280.736970035359263 ], [ 368239.213339994428679, 4668280.134049703367054 ], [ 368220.93681678082794, 4668266.25799573585391 ], [ 368170.904147696564905, 4668238.091571670025587 ], [ 368154.695369777502492, 4668228.731098822318017 ], [ 368132.308328455896117, 4668216.042873297818005 ], [ 368102.0157903424697, 4668196.060557442717254 ], [ 368071.153047871310264, 4668176.533333756960928 ], [ 368066.211982153006829, 4668173.071378273889422 ], [ 368047.20787554042181, 4668160.097965093329549 ], [ 368020.377108384040184, 4668144.049906812608242 ], [ 368005.960619786346797, 4668133.323313096538186 ], [ 367992.367690699873492, 4668118.02724976092577 ], [ 367972.722582983085886, 4668101.733772423118353 ], [ 367921.906696644262411, 4668071.584343033842742 ], [ 367875.25682236335706, 4668043.245482990518212 ], [ 367820.486713054124266, 4668013.837292331270874 ], [ 367810.626993905869313, 4668008.135125091299415 ], [ 367775.871022987703327, 4667988.237811506725848 ], [ 367757.076260098838247, 4667973.261860954575241 ], [ 367735.849954222328961, 4667956.443283388391137 ], [ 367691.868156494456343, 4667920.613493201322854 ], [ 367668.896027213311754, 4667903.272483924403787 ], [ 367636.87673436710611, 4667875.1048943111673 ], [ 367612.383163355989382, 4667864.790360279381275 ], [ 367575.299396169895772, 4667853.046185883693397 ], [ 367563.420821329986211, 4667845.493977234698832 ], [ 367555.052058419561945, 4667839.986301460303366 ], [ 367467.161513280589134, 4667781.212482457049191 ], [ 367445.023449687112588, 4667777.518765404820442 ], [ 367428.084471877140459, 4667773.394154134206474 ], [ 367393.610174593399279, 4667768.599603110924363 ], [ 367364.12973874504678, 4667770.042596716433764 ], [ 367348.819960853550583, 4667773.44066450279206 ], [ 367327.648001486435533, 4667777.171197886578739 ], [ 367320.779684399487451, 4667776.745035054162145 ], [ 367312.439889622561168, 4667772.792148256674409 ], [ 367305.926193637540564, 4667769.249213420785964 ], [ 367299.39368706633104, 4667764.706958722323179 ], [ 367298.302845807280391, 4667763.838880653493106 ], [ 367287.556444840040058, 4667759.375929437577724 ], [ 367268.469060154515319, 4667755.292125128209591 ], [ 367209.901397130743135, 4667752.729172000661492 ], [ 367207.920481085428037, 4667752.877546922303736 ], [ 367204.782811167358886, 4667753.04770389944315 ], [ 367201.14938966371119, 4667753.227197489701211 ], [ 367171.879091302282177, 4667761.442646848037839 ], [ 367141.24293017864693, 4667776.126337489113212 ], [ 367060.383745626430027, 4667809.973133717663586 ], [ 367058.169625198002905, 4667810.90347727201879 ], [ 367057.101784345810302, 4667811.25683431327343 ], [ 367055.538195785309654, 4667811.619537056423724 ], [ 367051.512614487903193, 4667812.9172586761415 ], [ 367043.843051084666513, 4667805.064400332979858 ], [ 367042.074437685892917, 4667803.320533374324441 ], [ 367035.99663903506007, 4667792.216478149406612 ], [ 367032.775107084133197, 4667779.170286893844604 ], [ 367029.817071247030981, 4667762.56470681540668 ], [ 367027.100762869929895, 4667754.396322040818632 ], [ 367023.342844230879564, 4667752.356741027906537 ], [ 367020.705114515090827, 4667752.739704693667591 ], [ 367017.990071749140043, 4667757.789306218735874 ], [ 367018.11779043066781, 4667764.562515104189515 ], [ 367017.919196311093401, 4667771.564028567634523 ], [ 367018.345040890329983, 4667780.997432666830719 ], [ 367019.260353211313486, 4667790.088380159810185 ], [ 367021.737160035176203, 4667798.70558107458055 ], [ 367020.904786195373163, 4667807.163029532879591 ], [ 367019.14051294955425, 4667814.41621798556298 ], [ 367015.269882728054654, 4667823.930640920996666 ], [ 367013.184461749799084, 4667827.302237688563764 ], [ 367006.16251723584719, 4667831.877686247229576 ], [ 366994.848303357604891, 4667836.756245356984437 ], [ 366969.590606874786317, 4667847.340547815896571 ], [ 366963.682622617343441, 4667854.005466446280479 ], [ 366960.403027546126395, 4667864.175228904001415 ], [ 366960.10209358058637, 4667874.510950876399875 ], [ 366956.597445087740198, 4667877.13181047141552 ], [ 366951.964716986985877, 4667894.435954961925745 ], [ 366933.90683359769173, 4667931.764902503229678 ], [ 366914.508924768655561, 4667955.012569586746395 ], [ 366889.273943474458065, 4667971.150546308606863 ], [ 366881.875619104364887, 4667973.289565418846905 ], [ 366869.464561297616456, 4667976.96721082739532 ], [ 366852.76342429232318, 4667981.059106640517712 ], [ 366830.399930323765147, 4667982.925377663224936 ], [ 366802.91886275599245, 4667980.778572967275977 ], [ 366781.026754526246805, 4667976.971226941794157 ], [ 366768.229423834942281, 4667973.325340871699154 ], [ 366756.427749443915673, 4667969.882816500961781 ], [ 366713.617514673911501, 4667952.586460005491972 ], [ 366695.040679969359189, 4667949.272094533778727 ], [ 366666.724789562518708, 4667946.697290099225938 ], [ 366650.294642881955951, 4667952.006378567777574 ], [ 366646.434454184083734, 4667953.301210412755609 ], [ 366651.417035089223646, 4667954.539901821874082 ], [ 366679.950628510559909, 4667959.887426795437932 ], [ 366715.673691818141378, 4667969.54221404902637 ], [ 366745.399554096278735, 4667976.755755135789514 ], [ 366776.787480613798834, 4667988.825358338654041 ], [ 366815.665843204827979, 4668003.641596867702901 ], [ 366834.421541849267669, 4668012.062383575364947 ], [ 366832.087553885590751, 4668019.770693409256637 ], [ 366825.535222156904638, 4668040.443468753248453 ], [ 366823.319526077364571, 4668050.037838513962924 ], [ 366809.405585939064622, 4668092.287313185632229 ], [ 366807.423115020385012, 4668101.099753947928548 ], [ 366811.550424558809027, 4668109.574640854261816 ], [ 366821.767376525211148, 4668134.15159566886723 ], [ 366829.711565463396255, 4668156.54996745288372 ], [ 366837.106721484218724, 4668180.513777605257928 ], [ 366843.519623353728093, 4668200.608486900106072 ], [ 366848.843756280548405, 4668219.946229280903935 ], [ 366852.868162048980594, 4668244.862311875447631 ], [ 366854.621589578106068, 4668258.935840762220323 ], [ 366861.980932534555905, 4668281.012059172615409 ], [ 366862.883453979389742, 4668280.661790442653 ], [ 366871.673289865604602, 4668299.711958779022098 ], [ 366877.78154744830681, 4668316.81339745502919 ], [ 366882.938183896709234, 4668336.043248158879578 ], [ 366891.210364701692015, 4668358.324411076493561 ], [ 366895.636471580131911, 4668365.127561339177191 ], [ 366902.863202113134321, 4668371.433544282801449 ], [ 366917.333390526240692, 4668384.933822226710618 ], [ 366936.365466765593737, 4668403.679676754400134 ], [ 366939.612703128601424, 4668404.951306498609483 ], [ 366942.692607514269184, 4668406.115019542165101 ], [ 366968.880588939704467, 4668414.284791497513652 ], [ 366986.874711638665758, 4668421.831698135472834 ], [ 366992.729152803018223, 4668425.497836009599268 ], [ 367001.563164338702336, 4668433.772959740832448 ], [ 367011.763011755188927, 4668444.354924377053976 ], [ 367021.181784733664244, 4668461.727258840575814 ], [ 367026.666118191671558, 4668472.064952423796058 ], [ 367037.117912799236365, 4668482.864350533112884 ], [ 367047.483831237768754, 4668489.111274131573737 ], [ 367067.337110130174551, 4668498.844834105111659 ], [ 367070.799752594088204, 4668502.778279460966587 ], [ 367072.862097786739469, 4668506.960277793928981 ], [ 367075.3731096861884, 4668513.022106545977294 ], [ 367076.488013126305304, 4668519.554559489712119 ], [ 367076.658549385960214, 4668524.216527855955064 ], [ 367077.16792381455889, 4668529.316411442123353 ], [ 367078.439682963886298, 4668535.401604359038174 ], [ 367080.353529266547412, 4668540.475010482594371 ], [ 367083.09353328938596, 4668545.532842366024852 ], [ 367089.29823486180976, 4668554.635165528394282 ], [ 367101.570558505889494, 4668569.954439992085099 ], [ 367106.976267340942286, 4668580.515823046676815 ], [ 367110.856216193293221, 4668593.438558981753886 ], [ 367112.707342854817398, 4668603.955868470482528 ], [ 367117.081866874941625, 4668612.426254096440971 ], [ 367122.672588516608812, 4668619.651887039653957 ], [ 367122.839911480783485, 4668619.759809337556362 ], [ 367122.024223425192758, 4668620.330561334267259 ], [ 367113.533801900048275, 4668630.265253504738212 ], [ 367107.141162131272722, 4668637.494596402160823 ], [ 367084.935885077924468, 4668660.794797108508646 ], [ 367076.402726742322557, 4668672.84078518114984 ], [ 367072.776218260871246, 4668682.128452549688518 ], [ 367070.965141523513012, 4668691.270817233249545 ], [ 367070.64950023998972, 4668700.829290088266134 ], [ 367072.103219659416936, 4668707.799658448435366 ], [ 367072.63562097446993, 4668714.120942892506719 ], [ 367072.737237106077373, 4668723.89370050188154 ], [ 367070.475421061040834, 4668731.045199763961136 ], [ 367066.222504901117645, 4668737.789939428679645 ], [ 367061.308687551645562, 4668744.547144106589258 ], [ 367058.176785418763757, 4668749.382462034933269 ], [ 367056.804898667091038, 4668755.517503208480775 ], [ 367057.485789407452103, 4668760.947380559518933 ], [ 367057.814332073088735, 4668769.605101906694472 ], [ 367053.673380582942627, 4668777.902801772579551 ], [ 367048.312086666817777, 4668787.223200792446733 ], [ 367045.019175640831236, 4668792.283714156597853 ], [ 367039.593931257375516, 4668793.830015954561532 ], [ 367025.879216890083626, 4668798.420641841366887 ], [ 366987.974749900808092, 4668808.688207323662937 ], [ 366972.894289372547064, 4668810.972112239338458 ], [ 366963.88109703961527, 4668810.697885127738118 ], [ 366948.88833758427063, 4668808.870377340354025 ], [ 366917.050900572969113, 4668807.805161687545478 ], [ 366901.318794060731307, 4668806.21386281400919 ], [ 366874.693495662417263, 4668809.826705505140126 ], [ 366855.694605774362572, 4668810.296563488431275 ], [ 366832.354980711825192, 4668812.847831845283508 ], [ 366811.682860803441145, 4668812.238654433749616 ], [ 366797.164750378928147, 4668809.291740071028471 ], [ 366792.05113556177821, 4668809.832662757486105 ], [ 366785.374168638139963, 4668810.736357741989195 ], [ 366779.785859432537109, 4668812.397019542753696 ], [ 366775.606169606791809, 4668814.253219033591449 ], [ 366768.887240938493051, 4668812.93620178103447 ], [ 366761.239908305346034, 4668814.9690185142681 ], [ 366749.555803923576605, 4668813.301554565317929 ], [ 366728.903311049216427, 4668809.359966043382883 ], [ 366709.492088239407167, 4668805.506045029498637 ], [ 366706.793886747851502, 4668802.669080476276577 ], [ 366704.991831551946234, 4668799.14871680829674 ], [ 366692.333944496756885, 4668780.949418636970222 ], [ 366677.218584163230844, 4668763.907374242320657 ], [ 366661.628469452844001, 4668747.985099712386727 ], [ 366656.869082488236018, 4668745.409288208000362 ], [ 366652.04387945169583, 4668743.72333356551826 ], [ 366641.715752621938009, 4668739.475644414313138 ], [ 366631.635454658535309, 4668735.223281691782176 ], [ 366620.485363679181319, 4668731.213324061594903 ], [ 366603.851898620836437, 4668721.309020119719207 ], [ 366597.505995050189085, 4668717.874656412750483 ], [ 366583.047751868900377, 4668709.373230484314263 ], [ 366572.307118795637507, 4668700.801475168205798 ], [ 366565.669206352438778, 4668695.040065664798021 ], [ 366551.41313090827316, 4668679.75922857131809 ], [ 366541.609142748930026, 4668668.281807545572519 ], [ 366530.049826622125693, 4668651.394896032288671 ], [ 366519.551840576401446, 4668633.82145097758621 ], [ 366509.897401376569178, 4668612.788686669431627 ], [ 366500.721782215405256, 4668590.858258043415844 ], [ 366494.839616154902615, 4668572.642066397704184 ], [ 366490.433383701834828, 4668558.174520943313837 ], [ 366487.861512440955266, 4668544.560851116664708 ], [ 366485.632714125444181, 4668531.607142625376582 ], [ 366485.003059672540985, 4668520.178218940272927 ], [ 366485.50629405392101, 4668511.837975636124611 ], [ 366488.667112158844247, 4668495.449923343025148 ], [ 366492.657702396740206, 4668483.600284655578434 ], [ 366503.479445573408157, 4668461.513376316986978 ], [ 366519.310219569597393, 4668446.440532961860299 ], [ 366529.276032753521577, 4668440.253763142973185 ], [ 366552.174980032723397, 4668431.822847031056881 ], [ 366580.227786688308697, 4668424.960623566992581 ], [ 366601.763664295081981, 4668423.109155158512294 ], [ 366632.857989949523471, 4668419.744035667739809 ], [ 366656.128138897940516, 4668422.191897001117468 ], [ 366697.674893425311893, 4668429.625925778411329 ], [ 366722.866168410168029, 4668433.14844470191747 ], [ 366736.082860381924547, 4668432.787555196322501 ], [ 366739.061285475094337, 4668432.95341432839632 ], [ 366803.807373706367798, 4668434.729061305522919 ], [ 366864.978644953574985, 4668431.019004309549928 ], [ 366862.358399164048024, 4668419.183357341215014 ], [ 366860.614642611995805, 4668409.996982753276825 ], [ 366859.722220071707852, 4668402.127444000914693 ], [ 366858.787015084875748, 4668396.369155627675354 ], [ 366859.57714972354006, 4668385.690947950817645 ], [ 366863.545364734134637, 4668372.620137329213321 ], [ 366867.008646378293633, 4668363.446520308963954 ], [ 366858.141689169569872, 4668349.063002864830196 ], [ 366851.424031374510378, 4668339.081945174373686 ], [ 366846.345304521964863, 4668332.735448285937309 ], [ 366841.704824846354313, 4668327.713589472696185 ], [ 366837.240060910000466, 4668323.243794586509466 ], [ 366830.898961033497471, 4668315.69931338634342 ], [ 366821.081563300336711, 4668307.887267814017832 ], [ 366815.464303466491401, 4668303.661405615508556 ], [ 366808.584680660977028, 4668298.237557507120073 ], [ 366798.729824873968028, 4668275.319921746850014 ], [ 366778.446457237296272, 4668260.374635676853359 ], [ 366770.910004113102332, 4668255.185383382253349 ], [ 366758.735046154703014, 4668245.085369043052197 ], [ 366738.577654981636442, 4668223.695404809899628 ], [ 366709.549067097599618, 4668196.475076040253043 ], [ 366694.332416472607292, 4668182.878231291659176 ], [ 366669.979158932575956, 4668166.899420383386314 ], [ 366648.126056776265614, 4668160.759172717109323 ], [ 366644.378728797659278, 4668159.274976284243166 ], [ 366641.335809584939852, 4668151.33505102340132 ], [ 366637.596938608563505, 4668137.188032416626811 ], [ 366635.640018349979073, 4668121.119021372869611 ], [ 366634.548484217142686, 4668111.476052486337721 ], [ 366630.582001304836012, 4668102.776066388003528 ], [ 366624.975011987669859, 4668085.998561953194439 ], [ 366621.59597083623521, 4668073.399808893911541 ], [ 366614.81960226688534, 4668069.084943250752985 ], [ 366613.228786000516266, 4668068.004274272359908 ], [ 366611.201756507274695, 4668065.710020827129483 ], [ 366609.321065876400098, 4668062.413315580226481 ], [ 366605.46865591139067, 4668055.377324314787984 ], [ 366599.073163861059584, 4668040.614121901802719 ], [ 366587.533365357259754, 4668029.169452825561166 ], [ 366577.603270643041469, 4668019.804789386689663 ], [ 366567.535901182913221, 4668007.554759534075856 ], [ 366502.262649753014557, 4668104.759887297637761 ], [ 366409.170587514992803, 4668225.485462342388928 ], [ 366391.011191750410944, 4668209.279172884300351 ], [ 366362.101095877238549, 4668188.389313357882202 ], [ 366337.200283151003532, 4668174.088140135630965 ], [ 366322.827460722241085, 4668165.80772843491286 ], [ 366295.949390179128386, 4668156.209380548447371 ], [ 366262.986777226207778, 4668148.281595290638506 ], [ 366221.922080502903555, 4668148.949463530443609 ], [ 366213.036942655220628, 4668151.117407976649702 ], [ 366192.175104289897718, 4668162.398726855404675 ], [ 366174.978141065570526, 4668175.165624426677823 ], [ 366119.082540186529513, 4668217.43598928116262 ], [ 366068.894688777334522, 4668259.931641902774572 ], [ 366070.74000491091283, 4668283.111562405712903 ], [ 366074.788406674051657, 4668357.011563636362553 ], [ 366077.708917169598863, 4668441.152027999050915 ], [ 366079.255725826602429, 4668461.671789833344519 ], [ 366079.214922179584391, 4668468.226074981503189 ], [ 366078.012895982363261, 4668478.912244852632284 ], [ 366073.937538916012272, 4668499.316643919795752 ], [ 366061.749956542626023, 4668532.093557982705534 ], [ 366049.148727546213195, 4668573.542323988862336 ], [ 366023.000177017995156, 4668624.023587480187416 ], [ 366009.426137764356099, 4668649.051607895642519 ], [ 365990.623642026213929, 4668681.621166104450822 ], [ 365971.472530619357713, 4668734.968728141859174 ], [ 365966.156353314872831, 4668755.285729927942157 ], [ 365963.155786307004746, 4668771.337802827358246 ], [ 365955.572935581323691, 4668794.141595636494458 ], [ 365944.469442741712555, 4668818.678492528386414 ], [ 365927.773179685347714, 4668853.318664774298668 ], [ 365902.912285761500243, 4668906.219674964435399 ], [ 365898.527029779856093, 4668914.633838486857712 ], [ 365892.679648387245834, 4668933.072717881761491 ], [ 365884.883420199854299, 4668953.325905627571046 ], [ 365880.513005182961933, 4668962.517337487079203 ], [ 365874.209306615055539, 4669000.403337328694761 ], [ 365856.042948458052706, 4669053.288271771743894 ], [ 365848.622195945936255, 4669067.202996347099543 ], [ 365840.805328935966827, 4669082.01388255879283 ], [ 365824.073968323122244, 4669123.430711994878948 ], [ 365809.691631432448048, 4669171.023173653520644 ], [ 365787.266886320430785, 4669217.213721971958876 ], [ 365756.676535233273171, 4669277.222308238036931 ], [ 365741.791812321986072, 4669294.05624028109014 ], [ 365720.001867684186436, 4669317.130972889252007 ], [ 365693.579434555838816, 4669352.956806655041873 ], [ 365667.025921423453838, 4669390.562481166794896 ], [ 365647.314318450982682, 4669418.59631719533354 ], [ 365636.460868529626168, 4669438.797045268118382 ], [ 365616.611794768134132, 4669472.609601485542953 ], [ 365590.819608654477634, 4669502.425704180262983 ], [ 365586.744401441945229, 4669505.391417535021901 ], [ 365581.061584058857989, 4669506.388405963778496 ], [ 365551.336426538415253, 4669511.953811164014041 ], [ 365525.777590340585448, 4669523.660167450085282 ], [ 365504.245259488699958, 4669529.847012138925493 ], [ 365487.304893749766052, 4669529.837052091024816 ], [ 365457.853030958154704, 4669528.066557383164763 ], [ 365433.577844245592132, 4669533.417361238971353 ], [ 365425.374594803259242, 4669536.573061316274107 ], [ 365416.781649891054258, 4669540.95806007552892 ], [ 365401.504181321011856, 4669550.135954632423818 ], [ 365395.43817829946056, 4669557.02749908529222 ], [ 365382.535302147851326, 4669573.713333277963102 ], [ 365338.488828026456758, 4669599.547081496566534 ], [ 365301.457477464107797, 4669620.581808355636895 ], [ 365264.765070343622938, 4669637.722558150067925 ], [ 365231.834381850087084, 4669652.792187568731606 ], [ 365207.013397012255155, 4669659.820392378605902 ], [ 365176.336346427095123, 4669671.737027587369084 ], [ 365142.732419695705175, 4669686.153503173962235 ], [ 365129.291999341570772, 4669696.296563733369112 ], [ 365117.560779841674957, 4669705.074013732373714 ], [ 365093.722812228836119, 4669711.63950842153281 ], [ 365066.36515411210712, 4669724.270645927637815 ], [ 365030.617123108590022, 4669751.835857032798231 ], [ 365010.365992103121243, 4669768.774231424555182 ], [ 364995.02924166363664, 4669792.061019540764391 ], [ 364974.883276401669718, 4669823.104324605315924 ], [ 364954.867526106769219, 4669839.37190041039139 ], [ 364932.632274022558704, 4669856.237460486590862 ], [ 364920.174780487664975, 4669861.585779858753085 ], [ 364898.963713662698865, 4669867.212996372021735 ], [ 364881.838449114235118, 4669874.761338877491653 ], [ 364868.460500356275588, 4669888.124980882741511 ], [ 364885.135213578934781, 4669908.798927855677903 ], [ 364921.382545006868895, 4669959.088662207126617 ], [ 364945.044654961093329, 4669986.515618969686329 ], [ 364988.020000291522592, 4670038.676128749735653 ], [ 365047.049583184183575, 4670105.080566398799419 ], [ 365070.711048194672912, 4670136.839941910468042 ], [ 365081.953797563503031, 4670150.065055663697422 ], [ 365096.261421051574871, 4670168.007842000573874 ], [ 365109.819809381151572, 4670194.295802123844624 ], [ 365132.113252625102177, 4670236.633903622627258 ], [ 365144.406667316216044, 4670257.281184885650873 ], [ 365158.326708936016075, 4670280.896448791958392 ], [ 365167.868551385763567, 4670295.931471935473382 ], [ 365176.359977519605309, 4670312.208455357700586 ], [ 365180.471161005320027, 4670319.794137375429273 ], [ 365187.668367163278162, 4670333.207882324233651 ], [ 365194.905658929608762, 4670344.399319243617356 ], [ 365204.752236419240944, 4670358.095628657378256 ], [ 365220.655830564326607, 4670373.120101273059845 ], [ 365237.644379599601962, 4670401.675296165980399 ], [ 365261.619772580219433, 4670436.983720980584621 ], [ 365319.085271181422286, 4670512.639556400477886 ], [ 365394.642386528896168, 4670614.164421538822353 ], [ 365482.819915507687256, 4670762.323668946512043 ], [ 365545.196058945963159, 4670870.433053392916918 ], [ 365572.988434956641868, 4670876.456276747398078 ], [ 365603.177976861421485, 4670886.876967938616872 ], [ 365641.511953229259234, 4670899.808314695954323 ], [ 365777.117595947231166, 4670944.653482839465141 ], [ 365966.957291986676864, 4671008.907354423776269 ], [ 366081.772516924946103, 4671046.822707897052169 ], [ 366107.144971326342784, 4671090.771217198111117 ], [ 366141.068677413044497, 4671154.329009442590177 ], [ 366179.480917118082289, 4671219.356756769120693 ], [ 366224.250410533626564, 4671297.25995774473995 ], [ 366299.516927783435676, 4671428.123554974794388 ], [ 366347.804973076446913, 4671508.737593606114388 ], [ 366349.081617481599096, 4671510.712753866799176 ], [ 366351.130988694902044, 4671514.228328700177372 ], [ 366378.573543006728869, 4671576.021800024434924 ], [ 366379.951705258863512, 4671578.994730889797211 ], [ 366382.341896934318356, 4671583.059232586063445 ], [ 366464.015617386554368, 4671777.67201669793576 ], [ 366499.98404492152622, 4671866.629156397655606 ], [ 366523.189029886561912, 4671931.613588929176331 ], [ 366555.827782388892956, 4672054.179270227439702 ], [ 366608.291214115684852, 4672246.570090246386826 ], [ 366643.495311583043076, 4672386.970892468467355 ], [ 366669.269043058622628, 4672474.344604566693306 ], [ 366712.788266580842901, 4672652.687611981295049 ], [ 366750.642227432399523, 4672802.369164939969778 ], [ 366774.470111200818792, 4672917.993540332652628 ], [ 366794.678839453554247, 4673008.249865185469389 ], [ 366817.820758628135081, 4673087.676301512867212 ], [ 366820.29004891612567, 4673095.960352972149849 ], [ 366834.393470889306627, 4673151.676298818551004 ], [ 366853.003754707751796, 4673179.315673986449838 ], [ 366888.555832628335338, 4673220.63042697776109 ], [ 366914.952348221850116, 4673245.12366534024477 ], [ 366934.254081280436367, 4673261.309256644919515 ], [ 366957.643161635438446, 4673279.639189542271197 ], [ 366981.854265927919187, 4673293.399516867473722 ], [ 366997.49728856224101, 4673299.54641791805625 ], [ 367013.781887199031189, 4673304.681542576290667 ], [ 367040.178647793771233, 4673311.736172607168555 ], [ 367067.555589358089492, 4673318.217007542029023 ], [ 367044.076934195356444, 4673365.090451490134001 ], [ 367007.558780639548786, 4673447.421648223884404 ], [ 366938.734177132311743, 4673607.562063844874501 ], [ 366897.069466574816033, 4673697.100178529508412 ], [ 366847.324300976411905, 4673813.449911765754223 ], [ 366806.154717584257014, 4673907.200253457762301 ], [ 366773.602934004680719, 4673910.815389608033001 ], [ 366692.879544381168671, 4673921.78531713411212 ], [ 366682.515710505016614, 4673923.980995824560523 ], [ 366621.000080535945017, 4674063.881744436919689 ], [ 366565.138908551889472, 4674179.572208140976727 ], [ 366537.171124712796882, 4674246.304526628926396 ], [ 366477.281662757741287, 4674375.845818262547255 ], [ 366436.105905173695646, 4674468.821330792270601 ], [ 366413.528575169271789, 4674519.234671900980175 ], [ 366376.776823288062587, 4674601.57429129537195 ], [ 366352.967949567711912, 4674661.00853006914258 ], [ 366351.867156214662828, 4674663.917449476197362 ], [ 366350.525057085207663, 4674667.164184361696243 ], [ 366327.08662618586095, 4674733.033992378041148 ], [ 366321.233073700219393, 4674755.249604204669595 ], [ 366319.065023173636291, 4674767.176079930737615 ], [ 366314.640892791794613, 4674777.701410760171711 ], [ 366295.931348333368078, 4674844.70337629225105 ], [ 366279.548870609432925, 4674899.44266320951283 ], [ 366257.294780390919186, 4674971.066314472816885 ], [ 366245.920911894121673, 4675015.602457260712981 ], [ 366237.450233463081531, 4675073.857054650783539 ], [ 366229.384595670446288, 4675118.663584331981838 ], [ 366223.023842367809266, 4675140.222496180795133 ], [ 366219.937232655705884, 4675160.275152271613479 ], [ 366221.61485120060388, 4675174.683343127369881 ], [ 366222.928732236847281, 4675182.98918195720762 ], [ 366227.188453759474214, 4675194.238106341101229 ], [ 366231.64511075837072, 4675202.817426161840558 ], [ 366238.793849577486981, 4675209.679403319954872 ], [ 366254.194048085133545, 4675220.605475862510502 ], [ 366265.655823384760879, 4675228.496267605572939 ], [ 366277.479379899916239, 4675238.046364662237465 ], [ 366283.986729685799219, 4675245.92027335241437 ], [ 366289.784990464686416, 4675255.584904652088881 ], [ 366296.345064024673775, 4675266.234761101193726 ], [ 366301.525194802205078, 4675278.132699262350798 ], [ 366307.048117560974788, 4675290.69059231877327 ], [ 366314.2362785206642, 4675308.326415387913585 ], [ 366319.513657260220498, 4675321.000060186721385 ], [ 366327.463835633010603, 4675335.289089110679924 ], [ 366334.830162662314251, 4675344.923960693180561 ], [ 366345.747374220110942, 4675358.934483919292688 ], [ 366356.641341694630682, 4675371.723611013032496 ], [ 366368.229303583619185, 4675386.276812477968633 ], [ 366381.670966464444064, 4675402.794220728799701 ], [ 366397.912153101759031, 4675423.257279782555997 ], [ 366424.689102521515451, 4675459.40441380161792 ], [ 366434.078174909227528, 4675471.222525730729103 ], [ 366438.273845103685744, 4675483.472475516609848 ], [ 366439.923896677326411, 4675492.105196438729763 ], [ 366440.392841387540102, 4675503.759433604776859 ], [ 366439.913854166399688, 4675513.321194181218743 ], [ 366437.542902450542897, 4675523.252106573432684 ], [ 366434.966517722117715, 4675535.408471139147878 ], [ 366436.855735165183432, 4675543.592340909875929 ], [ 366437.693405946483836, 4675548.574926475994289 ], [ 366440.422713733627461, 4675557.520390490069985 ], [ 366444.997594871907495, 4675563.653879832476377 ], [ 366451.142718870891258, 4675569.868640516884625 ], [ 366456.957697122707032, 4675576.089673228561878 ], [ 366465.474865219846833, 4675585.480666271410882 ], [ 366474.049254032899626, 4675593.537652517668903 ], [ 366489.014174513751641, 4675607.693704670295119 ], [ 366497.254162225639448, 4675615.534908597357571 ], [ 366510.581330489832908, 4675626.056525990366936 ], [ 366523.038885989109986, 4675634.262039452791214 ], [ 366537.644375447183847, 4675642.537901159375906 ], [ 366553.297481077956036, 4675649.460989314131439 ], [ 366582.91122985543916, 4675656.785794204100966 ], [ 366617.019572741817683, 4675666.024893837049603 ], [ 366641.780593838833738, 4675674.330572227016091 ], [ 366668.407775970932562, 4675685.266822949051857 ], [ 366691.674664328340441, 4675693.156681099906564 ], [ 366712.073426888498943, 4675706.543748151510954 ], [ 366728.229321721824817, 4675718.234013325534761 ], [ 366742.493739421945065, 4675725.961358465254307 ], [ 366750.886250933981501, 4675728.80147257167846 ], [ 366761.079734245606232, 4675730.829943521879613 ], [ 366769.747681930079125, 4675730.776851619593799 ], [ 366780.769100052420981, 4675728.568731372244656 ], [ 366794.702269072120544, 4675727.527342914603651 ], [ 366813.198363476665691, 4675723.289425960741937 ], [ 366824.09047598473262, 4675722.972137035802007 ], [ 366842.666465519578196, 4675722.95372358430177 ], [ 366854.260865821677726, 4675724.844733821228147 ], [ 366862.778463385999203, 4675725.572143468074501 ], [ 366874.237207246012986, 4675729.020835537463427 ], [ 366883.706771305412985, 4675732.062877684831619 ], [ 366892.714752499363385, 4675736.890902478247881 ], [ 366900.645607298822142, 4675741.517163642682135 ], [ 366907.594475049700122, 4675746.606321205385029 ], [ 366914.067049562348984, 4675752.704191450029612 ], [ 366923.67729991429951, 4675763.185799738392234 ], [ 366935.563559304573573, 4675780.511156432330608 ], [ 366938.510961460182443, 4675783.565567139536142 ], [ 366947.617547558271326, 4675793.612423512153327 ], [ 366951.840706975897774, 4675798.642099815420806 ], [ 366964.569581186631694, 4675812.508169778622687 ], [ 366979.092442090623081, 4675829.561576087027788 ], [ 366988.694095710641704, 4675839.599119702354074 ], [ 367001.270361077098642, 4675854.134599807672203 ], [ 367010.994366292958148, 4675866.280325301922858 ], [ 367018.24100173660554, 4675874.029808211140335 ], [ 367026.568907626904547, 4675882.203166864812374 ], [ 367035.470305962953717, 4675890.143539872951806 ], [ 367045.357844639278483, 4675897.843129877001047 ], [ 367058.419264576456044, 4675907.482137851417065 ], [ 367070.359502131934278, 4675914.587580994702876 ], [ 367083.761464901501313, 4675924.77558397129178 ], [ 367095.963920664624311, 4675932.653653842397034 ], [ 367108.953165189363062, 4675942.849500043317676 ], [ 367119.337098274903838, 4675954.982896559871733 ], [ 367131.087603092542849, 4675969.534190917387605 ], [ 367139.306835442897864, 4675980.708809910342097 ], [ 367159.201079174643382, 4675989.330320729874074 ], [ 367177.199211215251125, 4675998.098766768351197 ], [ 367186.790635739220306, 4676003.249361597001553 ], [ 367192.681609307881445, 4676004.804290198720992 ], [ 367197.404602673603222, 4676005.714812348596752 ], [ 367202.603898874949664, 4676005.616651288233697 ], [ 367209.206179742817767, 4676005.492007865570486 ], [ 367218.661325462453533, 4676003.425205676816404 ], [ 367242.32685425307136, 4675997.53573359362781 ], [ 367274.885380463558249, 4675986.035759394057095 ], [ 367296.33613044017693, 4675976.5227215513587 ], [ 367302.139119699015282, 4675973.414165618829429 ], [ 367310.42007545963861, 4675970.369947488419712 ], [ 367319.326912814634852, 4675969.868705421686172 ], [ 367328.618318401451688, 4675972.24822392128408 ], [ 367335.577967847581021, 4675973.560961280018091 ], [ 367341.596291690948419, 4675973.114225875586271 ], [ 367348.592398469918407, 4675971.982594106346369 ], [ 367355.29904301778879, 4675968.63488772790879 ], [ 367361.603517948649824, 4675965.850156521424651 ], [ 367381.377525728137698, 4675950.592999676242471 ], [ 367406.806371558574028, 4675933.118844693526626 ], [ 367415.32244646322215, 4675929.403860269114375 ], [ 367421.468198615475558, 4675926.955407870002091 ], [ 367428.51968559960369, 4675924.378813884221017 ], [ 367434.880727427254897, 4675924.592162821441889 ], [ 367442.215381555026397, 4675923.898554374463856 ], [ 367452.162848899140954, 4675926.043719319626689 ], [ 367472.487146397004835, 4675931.214616594836116 ], [ 367490.341809640754946, 4675936.765324627049267 ], [ 367517.038644218351692, 4675947.147995996288955 ], [ 367530.166070376639254, 4675951.56599204428494 ], [ 367537.948893532389775, 4675952.752349447458982 ], [ 367543.141950399265625, 4675952.321328517980874 ], [ 367547.810561863472685, 4675950.345110394060612 ], [ 367552.775840254267678, 4675946.58607948385179 ], [ 367557.093434763723053, 4675943.505708470009267 ], [ 367562.526720365858637, 4675938.293873746879399 ], [ 367566.288523555267602, 4675932.002744091674685 ], [ 367570.236297002644278, 4675926.818884192965925 ], [ 367573.276253042102326, 4675921.652117431163788 ], [ 367580.108388110878877, 4675916.191809221170843 ], [ 367591.587268252973445, 4675911.976960864849389 ], [ 367613.142064716434106, 4675903.57372622936964 ], [ 367619.960676468210295, 4675901.779248487204313 ], [ 367630.000036756915506, 4675900.035245719365776 ], [ 367643.471170745091513, 4675900.781450860202312 ], [ 367648.916036619339138, 4675900.567925396375358 ], [ 367656.529652756231371, 4675901.535445352084935 ], [ 367665.084515163092874, 4675904.262494431808591 ], [ 367680.862233255640604, 4675913.518289579078555 ], [ 367690.753174079349265, 4675921.440844908356667 ], [ 367697.792151565721724, 4675926.973364765755832 ], [ 367703.384265440807212, 4675930.200491063296795 ], [ 367711.959955431520939, 4675934.037970977835357 ], [ 367746.234500149497762, 4675943.501454330980778 ], [ 367776.107777023804374, 4675951.603834775276482 ], [ 367786.473990308062639, 4675954.074825037270784 ], [ 367795.914543058432173, 4675960.006605943664908 ], [ 367813.531479829049204, 4675974.893031554296613 ], [ 367825.765209673147183, 4675988.880960098467767 ], [ 367832.998277179664001, 4675995.965035252273083 ], [ 367843.54498220491223, 4676003.653319409117103 ], [ 367850.641250255925115, 4676007.851987754926085 ], [ 367857.450291289482266, 4676009.945601806044579 ], [ 367865.160881291492842, 4676011.689056412316859 ], [ 367880.777493158704601, 4676012.39540290646255 ], [ 367894.559710684174206, 4676012.136545483954251 ], [ 367905.48592234676471, 4676009.265509000979364 ], [ 367921.18418944790028, 4676005.527345946058631 ], [ 367934.541268470929936, 4676004.610090505331755 ], [ 367952.668317456380464, 4676002.71470074634999 ], [ 367971.376402558817063, 4675996.587540804408491 ], [ 367983.338023152726237, 4675991.697814157232642 ], [ 367990.011582909035496, 4675986.574119357392192 ], [ 368002.366304103750736, 4675976.23429623991251 ], [ 368014.95198015938513, 4675965.001550329849124 ], [ 368025.396111767971888, 4675954.031161393038929 ], [ 368037.770978683896828, 4675940.358730836771429 ], [ 368044.33085300627863, 4675933.571076130494475 ], [ 368054.105213583039586, 4675926.500977544113994 ], [ 368058.270465465029702, 4675924.090240392833948 ] ], [ [ 367428.701976022915915, 4675162.943364940583706 ], [ 367431.904234114161227, 4675161.99441372230649 ], [ 367437.108334131771699, 4675162.118515112437308 ], [ 367441.580048635252751, 4675162.811802690848708 ], [ 367445.874134003766812, 4675162.841978771612048 ], [ 367448.750424487923738, 4675162.121330045163631 ], [ 367450.532798576750793, 4675160.310522855259478 ], [ 367454.031745384563692, 4675157.578763887286186 ], [ 367456.806674707797356, 4675155.860336980782449 ], [ 367461.219824019819498, 4675153.444590355269611 ], [ 367466.875236457271967, 4675151.22759997844696 ], [ 367475.567844920966309, 4675148.064792553894222 ], [ 367461.775222897296771, 4675130.330157155171037 ], [ 367453.033181604347192, 4675117.721008512191474 ], [ 367444.167687834240496, 4675098.560665031895041 ], [ 367439.273542869836092, 4675084.212887920439243 ], [ 367436.354239555308595, 4675078.269742207601666 ], [ 367431.580459079938009, 4675074.694150527007878 ], [ 367425.636476706713438, 4675070.363073267042637 ], [ 367418.336286515404936, 4675064.169250179082155 ], [ 367399.677706425718497, 4675046.748570372350514 ], [ 367385.492010959424078, 4675034.464242666959763 ], [ 367364.887892824714072, 4675018.968623921275139 ], [ 367349.607224667794071, 4675009.92623298894614 ], [ 367325.145381501177326, 4674991.282224828377366 ], [ 367298.409611737064552, 4674965.905493335798383 ], [ 367246.404789812397212, 4674966.664317389018834 ], [ 367194.073991755605675, 4674967.651832290925086 ], [ 367150.443508179858327, 4674970.252695763483644 ], [ 367114.637631628371309, 4674971.817437772639096 ], [ 367062.37398026289884, 4674976.359129831194878 ], [ 367027.071069991856348, 4674982.691129164770246 ], [ 367022.470483401906677, 4674979.556839090771973 ], [ 366997.946844940073788, 4674983.908046182245016 ], [ 366996.714302980166394, 4674975.48948772996664 ], [ 366995.946204406791367, 4674961.063989313319325 ], [ 367000.225662830285728, 4674934.102452195249498 ], [ 366994.060903913341463, 4674918.112806965596974 ], [ 366988.814570445159916, 4674902.661190474405885 ], [ 366982.768666640273295, 4674884.225611920468509 ], [ 366980.89533171756193, 4674872.486858160234988 ], [ 366979.442419979081023, 4674865.516470156610012 ], [ 366977.418008870212361, 4674858.89011743105948 ], [ 366976.188951253541745, 4674855.025655520148575 ], [ 366973.480431765085086, 4674851.522394001483917 ], [ 366965.891426039452199, 4674847.556017201393843 ], [ 366945.81610032642493, 4674838.271886186674237 ], [ 366940.218578140484169, 4674834.823264898732305 ], [ 366936.498527390765958, 4674830.228373671881855 ], [ 366933.991411130176857, 4674824.277622144669294 ], [ 366932.790272680809721, 4674817.524634985253215 ], [ 366920.385625569499098, 4674803.430281975306571 ], [ 366915.202059317205567, 4674791.309838212095201 ], [ 366908.111587223596871, 4674778.781156125478446 ], [ 366902.63771564810304, 4674768.776675782166421 ], [ 366900.841936441080179, 4674761.146323780529201 ], [ 366898.373205874057021, 4674752.862238587811589 ], [ 366896.602622642414644, 4674746.564335889182985 ], [ 366895.814156611333601, 4674739.80354808177799 ], [ 366895.383167654508725, 4674734.480000576004386 ], [ 366896.440062864683568, 4674729.239386397413909 ], [ 366897.858638451201841, 4674725.658087439835072 ], [ 366879.159048772067763, 4674728.011202418245375 ], [ 366866.197604513145052, 4674728.145337449386716 ], [ 366858.768681333051063, 4674728.285892896354198 ], [ 366852.808734907070175, 4674727.510044082999229 ], [ 366845.149589382228442, 4674724.211579573340714 ], [ 366839.156018448877148, 4674721.659144543111324 ], [ 366835.139289439306594, 4674718.847150450572371 ], [ 366832.191423245007172, 4674715.792776773683727 ], [ 366829.042744072852656, 4674710.853893539868295 ], [ 366826.105968627147377, 4674704.022690246812999 ], [ 366823.05091955489479, 4674695.305415359325707 ], [ 366819.252037964412011, 4674677.827126834541559 ], [ 366815.624533460242674, 4674660.678827905096114 ], [ 366815.269722388416994, 4674655.020610162056983 ], [ 366814.589520787121728, 4674645.258697620593011 ], [ 366812.093918712460436, 4674631.199136919341981 ], [ 366809.48003639432136, 4674615.253504763357341 ], [ 366809.303502897615544, 4674605.926368519663811 ], [ 366808.616987649525981, 4674595.831344987265766 ], [ 366809.035083605558611, 4674587.381571423262358 ], [ 366811.513440114329569, 4674556.899538007564843 ], [ 366819.762231273984071, 4674521.531985843554139 ], [ 366826.131766922073439, 4674500.306800345890224 ], [ 366839.212543731438927, 4674467.18046155013144 ], [ 366855.875722766213585, 4674426.988522846251726 ], [ 366876.454345907084644, 4674375.503788985311985 ], [ 366885.598697461886331, 4674356.892036145552993 ], [ 366894.526310882647522, 4674344.282555308192968 ], [ 366900.760715403885115, 4674337.722179494798183 ], [ 366913.472347415110562, 4674328.706702877767384 ], [ 366929.874925717886072, 4674322.731616656295955 ], [ 366946.685395639273338, 4674320.858706192113459 ], [ 366961.535702054854482, 4674320.133659509010613 ], [ 366975.985164730111137, 4674324.414683480747044 ], [ 366988.403776376857422, 4674334.84335052780807 ], [ 367001.558988551027142, 4674344.924886994995177 ], [ 367013.587866714107804, 4674356.582807153463364 ], [ 367025.984660682268441, 4674370.233179409056902 ], [ 367040.541595427668653, 4674388.952298855409026 ], [ 367061.593030254123732, 4674414.879838733002543 ], [ 367077.067531231907196, 4674438.469078266993165 ], [ 367097.504450084874406, 4674466.852014528587461 ], [ 367110.293209960917011, 4674488.159425934776664 ], [ 367126.671744146035053, 4674520.284612762741745 ], [ 367133.454142744885758, 4674538.37316479999572 ], [ 367138.071457959944382, 4674555.502906624227762 ], [ 367140.492262132233009, 4674570.008274652063847 ], [ 367158.425373988808133, 4674548.89835238084197 ], [ 367184.000551046337932, 4674521.423943336121738 ], [ 367194.191792780300602, 4674510.123926013708115 ], [ 367202.259086580132134, 4674504.417846108786762 ], [ 367220.992452309583314, 4674495.067141956649721 ], [ 367244.905339116230607, 4674484.508012091740966 ], [ 367273.912266294588335, 4674476.963040675967932 ], [ 367281.030983703560196, 4674473.496481356211007 ], [ 367286.559502954245545, 4674473.281144122593105 ], [ 367291.829913521651179, 4674472.515294675715268 ], [ 367297.269605641136877, 4674471.96841065492481 ], [ 367300.56099608191289, 4674471.350962727330625 ], [ 367307.254436851013452, 4674467.225989304482937 ], [ 367323.371376846276689, 4674450.482759782113135 ], [ 367344.679303892888129, 4674428.754343954846263 ], [ 367364.364785302081145, 4674412.943642234429717 ], [ 367380.33593338530045, 4674405.97805249877274 ], [ 367405.185345401405357, 4674383.738791206851602 ], [ 367420.135617731255479, 4674370.794390709139407 ], [ 367445.995784552302212, 4674353.978999623097479 ], [ 367460.449913470307365, 4674345.37602461129427 ], [ 367473.303299188730307, 4674339.469063146039844 ], [ 367480.354337080440018, 4674336.781526720151305 ], [ 367489.501453092554584, 4674331.388692314736545 ], [ 367511.946129782591015, 4674321.746768826618791 ], [ 367529.546649996889755, 4674317.972080794163048 ], [ 367545.065715974662453, 4674317.679985235445201 ], [ 367555.345577784697525, 4674319.819127294234931 ], [ 367564.127028805087321, 4674321.320021571591496 ], [ 367572.813391359872185, 4674322.156256551854312 ], [ 367576.85198346542893, 4674321.747035051696002 ], [ 367579.408887378987856, 4674321.587847930379212 ], [ 367590.170470345998183, 4674318.608455128967762 ], [ 367602.647856787662022, 4674310.265126814134419 ], [ 367624.788707099214662, 4674297.630222091451287 ], [ 367636.449038651713636, 4674289.746631355956197 ], [ 367645.33197770017432, 4674283.470363687723875 ], [ 367652.311023113608826, 4674281.339741055853665 ], [ 367665.768536042189226, 4674281.197759599424899 ], [ 367697.82453531853389, 4674282.039069503545761 ], [ 367705.782596601289697, 4674283.666696124710143 ], [ 367710.081384181161411, 4674283.919119976460934 ], [ 367714.837895171716809, 4674282.163566702976823 ], [ 367717.918391705723479, 4674279.10660120472312 ], [ 367718.622830635809805, 4674272.650926472619176 ], [ 367717.700407522439491, 4674263.115689272992313 ], [ 367716.447786976117641, 4674253.586658593267202 ], [ 367706.770048768492416, 4674239.550780777819455 ], [ 367699.155062143458053, 4674221.033080479130149 ], [ 367692.126234417606611, 4674202.948673903942108 ], [ 367685.389047700620722, 4674178.416356071829796 ], [ 367678.65485950600123, 4674158.43812208250165 ], [ 367675.741867632663343, 4674144.052949517033994 ], [ 367675.490220733685419, 4674135.060487861745059 ], [ 367676.893757769255899, 4674126.259060325101018 ], [ 367679.554344832373317, 4674118.433688315562904 ], [ 367684.988260088604875, 4674108.778956787660718 ], [ 367689.99785664974479, 4674102.908805781044066 ], [ 367700.726423967222217, 4674098.152996522374451 ], [ 367709.007699791574851, 4674094.998273062519729 ], [ 367717.330721194914076, 4674094.06430344004184 ], [ 367729.088409300544299, 4674095.731628586538136 ], [ 367743.114605311886407, 4674099.466796482913196 ], [ 367759.925459453603253, 4674106.370886105112731 ], [ 367775.75401674665045, 4674113.737774077802896 ], [ 367789.483319694933016, 4674119.255831542424858 ], [ 367801.658741675666533, 4674125.580635928548872 ], [ 367820.971005305997096, 4674133.770799132063985 ], [ 367836.304131931508891, 4674141.147122662514448 ], [ 367847.132804487540852, 4674141.721322380006313 ], [ 367855.914397848711815, 4674143.222583854570985 ], [ 367863.599903719208669, 4674143.522594704292715 ], [ 367869.02528540766798, 4674142.198899211362004 ], [ 367870.78636074019596, 4674134.834800173528492 ], [ 367869.021957347285934, 4674124.426749294623733 ], [ 367865.930487467092462, 4674113.710383851081133 ], [ 367863.476483490143437, 4674101.760212102904916 ], [ 367862.909467554534785, 4674093.551209311932325 ], [ 367862.600526603986509, 4674085.892743097618222 ], [ 367863.14627956028562, 4674079.773299376480281 ], [ 367866.170648343395442, 4674073.71839923132211 ], [ 367879.706983517389745, 4674051.360101891681552 ], [ 367898.877874957455788, 4674008.013737837783992 ], [ 367924.196393230173271, 4673949.001401831395924 ], [ 367942.900164502789266, 4673898.332921582274139 ], [ 367948.196899188566022, 4673868.13189020100981 ], [ 367948.96233406488318, 4673842.903227491304278 ], [ 367946.162836655392312, 4673825.738933582790196 ], [ 367944.496942721656524, 4673811.774583551101387 ], [ 367942.01044135983102, 4673802.490830592811108 ], [ 367943.42404432350304, 4673789.801621280610561 ], [ 367949.34481998096453, 4673775.25063743814826 ], [ 367960.469970100559294, 4673756.381137205287814 ], [ 367975.72292783181183, 4673737.434235187247396 ], [ 367989.975635831127875, 4673722.393794666044414 ], [ 368008.818186782067642, 4673705.490101125091314 ], [ 368027.912658435292542, 4673688.803891384974122 ], [ 368029.848191729164682, 4673686.323928613215685 ], [ 368030.294276744942181, 4673688.092783632688224 ], [ 368037.599464270053431, 4673707.727382148616016 ], [ 368058.438798442657571, 4673748.879208789207041 ], [ 368077.898076888406649, 4673782.503777872771025 ], [ 368080.025051617296413, 4673790.23924365080893 ], [ 368084.600167608470656, 4673814.03486733417958 ], [ 368087.357710126671009, 4673828.97846582531929 ], [ 368084.938624538481236, 4673854.127007368020713 ], [ 368082.168556620483287, 4673864.953307563439012 ], [ 368076.251760157349054, 4673879.726251468993723 ], [ 368065.91044232645072, 4673909.577415149658918 ], [ 368056.790855254977942, 4673938.517087500542402 ], [ 368048.960960808792152, 4673965.766455542296171 ], [ 368039.458634059061296, 4674000.711448539048433 ], [ 368035.959040467860177, 4674029.879025015048683 ], [ 368035.01232232892653, 4674058.665511667728424 ], [ 368035.867070810403675, 4674073.422620991244912 ], [ 368039.133891480974853, 4674097.909212457947433 ], [ 368044.041293190675788, 4674121.809665688313544 ], [ 368048.891816213028505, 4674151.487151347100735 ], [ 368051.976746280328371, 4674161.870479492470622 ], [ 368054.902813496883027, 4674172.59001568891108 ], [ 368057.172638701158576, 4674183.544007942080498 ], [ 368058.845876707346179, 4674193.509499046951532 ], [ 368060.533681903558318, 4674204.252250940538943 ], [ 368063.36052060034126, 4674214.085040641948581 ], [ 368065.887666864146013, 4674221.14654397405684 ], [ 368074.000422939308919, 4674235.43437385559082 ], [ 368085.630149519711267, 4674252.322120076045394 ], [ 368099.165375990502071, 4674273.950447973795235 ], [ 368103.844282459293026, 4674276.861816513352096 ], [ 368110.556370542850345, 4674282.511990692466497 ], [ 368115.683381821203511, 4674287.303264503367245 ], [ 368119.644305463298224, 4674291.561011874116957 ], [ 368123.114095751137938, 4674296.050116714090109 ], [ 368126.189189733937383, 4674297.103257005102932 ], [ 368133.012244078679942, 4674299.863391100428998 ], [ 368137.71608424698934, 4674304.107227992266417 ], [ 368136.493094020523131, 4674309.350723179988563 ], [ 368135.077963399293367, 4674313.153828350827098 ], [ 368129.536105551524088, 4674321.477305300533772 ], [ 368126.643440354964696, 4674325.752402950078249 ], [ 368126.055878710583784, 4674329.651079594157636 ], [ 368126.20708750677295, 4674333.31376070342958 ], [ 368128.529507304658182, 4674338.268672021105886 ], [ 368130.463476963108405, 4674340.120729153044522 ], [ 368137.117232346965466, 4674342.661885506473482 ], [ 368152.292121916834731, 4674346.04308903682977 ], [ 368163.661482006544247, 4674349.051307677291334 ], [ 368171.151092124753632, 4674352.13221824541688 ], [ 368178.019831335404888, 4674357.335213171318173 ], [ 368184.738023410085589, 4674363.318567310459912 ], [ 368192.797759282868356, 4674370.387563260272145 ], [ 368201.037130092503503, 4674378.230736777186394 ], [ 368196.921149298315868, 4674356.870122906751931 ], [ 368189.823664438445121, 4674339.453017012216151 ], [ 368185.353764723637141, 4674325.652216138318181 ], [ 368183.183358814800158, 4674315.584937239065766 ], [ 368181.572067241184413, 4674304.507501219399273 ], [ 368180.935355191468261, 4674296.96624840516597 ], [ 368180.639234529051464, 4674289.973997108638287 ], [ 368181.253226483182516, 4674283.075775526463985 ], [ 368182.162699084670749, 4674278.726771253161132 ], [ 368182.845324301626533, 4674275.492777460254729 ], [ 368185.581266559544019, 4674271.6649454170838 ], [ 368188.960964154568501, 4674266.936448606662452 ], [ 368193.296531280269846, 4674264.744803065434098 ], [ 368217.34460569935618, 4674261.295411057770252 ], [ 368229.59238870057743, 4674258.289181675761938 ], [ 368242.374369011027738, 4674252.940374964848161 ], [ 368265.622859368682839, 4674242.064021667465568 ], [ 368284.814048093161546, 4674230.597223153337836 ], [ 368309.298276259214617, 4674215.143775189295411 ], [ 368345.968231070786715, 4674193.353276993148029 ], [ 368384.883862677030265, 4674172.409592263400555 ], [ 368411.287913212319836, 4674158.031376329250634 ], [ 368433.327296179893892, 4674144.29023314639926 ], [ 368456.69425390928518, 4674135.300615838728845 ], [ 368467.348989774356596, 4674130.991676720790565 ], [ 368477.372385878232308, 4674128.249615152366459 ], [ 368486.089952079812065, 4674130.752536971122026 ], [ 368498.45631452370435, 4674134.075901236385107 ], [ 368506.034759918053169, 4674137.48873801715672 ], [ 368512.905512329540215, 4674142.803094272501767 ], [ 368522.252752857632004, 4674148.071193602867424 ], [ 368525.410393122932874, 4674149.12296605296433 ], [ 368540.116725809755735, 4674149.514717068523169 ], [ 368585.646967182168737, 4674146.665072212927043 ], [ 368604.061824876116589, 4674146.65448537375778 ], [ 368606.387733898125589, 4674147.388593884184957 ], [ 368615.484809190151282, 4674148.107374522835016 ], [ 368632.51738773228135, 4674153.676457467488945 ], [ 368665.876147302915342, 4674157.941224997863173 ], [ 368688.216383535997011, 4674160.301276165992022 ], [ 368693.875341850100085, 4674162.639364996924996 ], [ 368713.468626269605011, 4674163.828910767100751 ], [ 368718.209170132584404, 4674165.628771734423935 ], [ 368724.458387493039481, 4674168.622329093515873 ], [ 368731.879861838591751, 4674172.482633899897337 ], [ 368746.147009698848706, 4674180.325080005452037 ], [ 368762.504777057678439, 4674189.572554691694677 ], [ 368772.753588925232179, 4674194.490937768481672 ], [ 368784.537699810636695, 4674197.603499254211783 ], [ 368798.905665828846395, 4674202.000820600427687 ], [ 368816.164904130273499, 4674206.455354083329439 ], [ 368828.20282901392784, 4674209.896483259275556 ], [ 368842.737906910595484, 4674214.401853055693209 ], [ 368848.830203300516587, 4674217.84274416603148 ], [ 368853.366477103438228, 4674221.979089610278606 ], [ 368856.532092914567329, 4674219.0321333585307 ], [ 368862.564378844806924, 4674219.25295895524323 ], [ 368870.196127924369648, 4674221.110123999416828 ], [ 368875.0005199573352, 4674221.909216594882309 ], [ 368877.049763702321798, 4674221.093507337383926 ], [ 368878.23834999720566, 4674218.405546611174941 ], [ 368881.407525477814488, 4674202.351605257019401 ], [ 368884.491001115646213, 4674208.292247110977769 ], [ 368889.561855186591856, 4674214.52909399010241 ], [ 368894.351958399056457, 4674218.993963336572051 ], [ 368901.011909672699403, 4674226.311972444877028 ], [ 368910.107127851690166, 4674235.806140491738915 ], [ 368917.243901979760267, 4674246.558628033846617 ], [ 368923.511912972666323, 4674259.437739904038608 ], [ 368933.484240232268348, 4674271.6924914624542 ], [ 368941.087285788496956, 4674280.88125819992274 ], [ 368951.602241316111758, 4674291.237642358057201 ], [ 368959.999711463809945, 4674298.745500542223454 ], [ 368970.609420767985284, 4674305.323575020767748 ], [ 368981.309926396352239, 4674312.344276965595782 ], [ 368997.795085465186276, 4674324.033566882833838 ], [ 369006.318416534573771, 4674333.871722348034382 ], [ 369010.912390160025097, 4674341.117206612601876 ], [ 369013.611896152084228, 4674348.620104759000242 ], [ 369016.980158839607611, 4674360.997884394600987 ], [ 369020.059323200723156, 4674366.716508608311415 ], [ 369022.506922998698428, 4674369.558921941556036 ], [ 369027.105102359200828, 4674381.469513295218349 ], [ 369033.418155681807548, 4674392.348513292148709 ], [ 369037.279581396607682, 4674404.606048035435379 ], [ 369016.754241517395712, 4674402.100070910528302 ], [ 368981.648955273325555, 4674397.088681943714619 ], [ 368982.016352070437279, 4674399.081203856505454 ], [ 368982.980181179242209, 4674402.062302937731147 ], [ 368986.463823265163228, 4674407.329080550931394 ], [ 368992.677837264956906, 4674417.321284710429609 ], [ 368999.851519159274176, 4674430.072521043941379 ], [ 369008.137547982099932, 4674444.913496333174407 ], [ 369018.761821636580862, 4674465.597969174385071 ], [ 369022.720135317358654, 4674474.188197418116033 ], [ 369023.062835997552611, 4674479.291298651136458 ], [ 369022.210628853063099, 4674482.306201979517937 ], [ 369020.790934590506367, 4674485.887045701034367 ], [ 369018.81202107865829, 4674490.477978923358023 ], [ 369016.637140421720687, 4674497.849451504647732 ], [ 369014.14034919225378, 4674505.671219365671277 ], [ 369011.872725302993786, 4674516.932068146765232 ], [ 369010.222069493378513, 4674525.848845253698528 ], [ 369007.68189305649139, 4674531.338835163041949 ], [ 369004.603044136485551, 4674534.506264418363571 ], [ 369002.54561274376465, 4674534.877789898775518 ], [ 369001.71189207729185, 4674534.449006882496178 ], [ 369000.777023295871913, 4674533.022425853647292 ], [ 369000.411703524878249, 4674531.140940019860864 ], [ 368998.979360660072416, 4674525.169517496600747 ], [ 368996.857713614590466, 4674517.655867671594024 ], [ 368993.786719901079778, 4674507.938378027640283 ], [ 368988.586066901683807, 4674499.149141617119312 ], [ 368980.760329104959965, 4674486.854359734803438 ], [ 368971.85127950104652, 4674478.467404197901487 ], [ 368965.573498482932337, 4674473.919113852083683 ], [ 368966.161964335944504, 4674483.349589368328452 ], [ 368969.17365782201523, 4674507.619086724705994 ], [ 368972.453645665780641, 4674532.994346934370697 ], [ 368981.754682803351898, 4674540.263246371410787 ], [ 368986.767487830948085, 4674547.834142198786139 ], [ 368989.64237984031206, 4674555.889144757762551 ], [ 368991.091263141424861, 4674562.748863245360553 ], [ 368993.019016130478121, 4674573.154088822193444 ], [ 368997.060129555233289, 4674590.628815770149231 ], [ 369003.514021067530848, 4674622.387392639182508 ], [ 369007.43313843535725, 4674633.310930621810257 ], [ 369010.809442302910611, 4674641.689833946526051 ], [ 369013.283826078579295, 4674645.975726864300668 ], [ 369015.394962236459833, 4674648.491171093657613 ], [ 369018.412013250286691, 4674650.878678122535348 ], [ 369023.412182284868322, 4674653.340350799262524 ], [ 369025.733744457596913, 4674653.852519255131483 ], [ 369028.051173028827179, 4674654.142614061012864 ], [ 369030.267458265181631, 4674653.434911040589213 ], [ 369032.43827991100261, 4674650.284390203654766 ], [ 369034.772124967828859, 4674647.019760450348258 ], [ 369036.550895505351946, 4674644.987294149585068 ], [ 369038.011889775225427, 4674643.627196271903813 ], [ 369041.057752137538046, 4674643.126209399662912 ], [ 369045.461513083893806, 4674644.599315884523094 ], [ 369048.866479346121196, 4674645.646708858199418 ], [ 369036.155170352605637, 4674663.655370574444532 ], [ 369023.94939864234766, 4674677.767000311054289 ], [ 369005.367298338213004, 4674695.329619197174907 ], [ 368991.12685895949835, 4674706.59121966175735 ], [ 368990.144755491171964, 4674711.496835051104426 ], [ 368989.499175612232648, 4674721.172440749593079 ], [ 368996.387318722263444, 4674718.600536548532546 ], [ 369023.025637420651037, 4674703.553751830011606 ], [ 369059.22237652039621, 4674678.554548447020352 ], [ 369091.748354809707962, 4674660.399441841058433 ], [ 369110.134897162381094, 4674654.503641574643552 ], [ 369121.428948952350765, 4674653.516048897989094 ], [ 369126.899559432873502, 4674654.636136636137962 ], [ 369131.713947317330167, 4674655.990583647973835 ], [ 369137.617921921773814, 4674658.213376208208501 ], [ 369143.383647523063701, 4674661.882727150805295 ], [ 369148.144343993975781, 4674660.350218060426414 ], [ 369151.530703402473591, 4674660.398325419053435 ], [ 369160.1482883465942, 4674662.015300997532904 ], [ 369172.500980224227533, 4674664.673600624315441 ], [ 369172.794087241636589, 4674675.997860431671143 ], [ 369172.148250973899849, 4674685.673443135805428 ], [ 369171.454936520487536, 4674692.795170388184488 ], [ 369171.989451576024294, 4674699.338692313060164 ], [ 369173.755921446485445, 4674705.526083508506417 ], [ 369175.235536721651442, 4674709.6083719804883 ], [ 369177.967747562099248, 4674714.444902707822621 ], [ 369179.197665271989536, 4674718.420758442953229 ], [ 369178.743720789963845, 4674725.09373277425766 ], [ 369176.378964904113673, 4674740.021825091913342 ], [ 369173.89451938617276, 4674752.952783539891243 ], [ 369177.478978646628093, 4674759.217451684176922 ], [ 369179.707658234518021, 4674763.619041612371802 ], [ 369185.163775723893195, 4674772.847958406433463 ], [ 369186.096538793237414, 4674778.60654881503433 ], [ 369186.478339102352038, 4674785.819364516064525 ], [ 369184.7553264243179, 4674795.292821373790503 ], [ 369184.099173284834251, 4674804.413218512199819 ], [ 369181.350573126925156, 4674812.017458073794842 ], [ 369176.443470339116175, 4674814.552351418882608 ], [ 369167.883880940091331, 4674816.044402063824236 ], [ 369153.022201762360055, 4674816.09859000518918 ], [ 369131.101088819967117, 4674813.951510551385581 ], [ 369121.728410092764534, 4674811.682167993858457 ], [ 369106.92852839169791, 4674806.181521018967032 ], [ 369088.436861255089752, 4674797.528391965664923 ], [ 369063.149819799698889, 4674787.557769242674112 ], [ 369044.542556354601402, 4674781.572718840092421 ], [ 369024.750858248327859, 4674778.497730347327888 ], [ 369006.663732808665372, 4674778.279033154249191 ], [ 369002.39426467922749, 4674779.580346407368779 ], [ 368995.751740538049489, 4674782.036598886363208 ], [ 368994.759164666989818, 4674781.944002296775579 ], [ 368995.247779089026153, 4674768.272592753171921 ], [ 368994.541813770018052, 4674761.399041756056249 ], [ 368987.052723537723068, 4674749.431219563819468 ], [ 368978.185033323476091, 4674734.37895315233618 ], [ 368960.924456744862255, 4674712.04090924654156 ], [ 368945.292069882736541, 4674692.89377672970295 ], [ 368931.285837984643877, 4674676.826508034020662 ], [ 368911.528170533070806, 4674657.867358263581991 ], [ 368892.352343655889854, 4674639.119571279734373 ], [ 368876.546464766259305, 4674623.974539117887616 ], [ 368862.131582715373952, 4674612.58019447978586 ], [ 368853.041121240123175, 4674607.751193593256176 ], [ 368840.838552447734401, 4674599.870085564441979 ], [ 368839.309289548022207, 4674597.565997029654682 ], [ 368838.335072740563191, 4674594.029729921370745 ], [ 368837.76323055208195, 4674589.930584314279258 ], [ 368836.452624450088479, 4674586.067359913140535 ], [ 368834.494076578004751, 4674582.882667381316423 ], [ 368830.655623646569438, 4674580.732697715982795 ], [ 368822.984920017828699, 4674576.765876141376793 ], [ 368814.794099068269134, 4674571.475848951376975 ], [ 368814.533540446020197, 4674561.928188084624708 ], [ 368812.977351897745393, 4674558.180621367879212 ], [ 368811.344826605403796, 4674554.767705402337015 ], [ 368808.022066576231737, 4674549.275859845802188 ], [ 368801.768816126976162, 4674541.617133568972349 ], [ 368781.674305806867778, 4674526.774407038465142 ], [ 368764.039795342541765, 4674515.440284795127809 ], [ 368742.85161965736188, 4674503.950333459302783 ], [ 368719.853887770907022, 4674497.27046097908169 ], [ 368692.479105782113038, 4674490.561254465952516 ], [ 368665.857885391102172, 4674488.836503282189369 ], [ 368625.195546169299632, 4674486.929656756110489 ], [ 368616.418352691922337, 4674481.206493489444256 ], [ 368606.561826202552766, 4674475.17026477586478 ], [ 368601.31750161742093, 4674468.492551556788385 ], [ 368597.5648346960661, 4674457.677180785685778 ], [ 368586.111867523170076, 4674414.793583613820374 ], [ 368580.039545096515212, 4674403.577233234420419 ], [ 368572.378471837902907, 4674395.722834978252649 ], [ 368560.986575866932981, 4674391.492552567273378 ], [ 368553.447830040357076, 4674390.189368737861514 ], [ 368539.4459349460667, 4674392.117046422325075 ], [ 368522.390234977705404, 4674398.544841527938843 ], [ 368504.90567379060667, 4674408.535123283043504 ], [ 368496.284342992235906, 4674415.58292665053159 ], [ 368479.572991107299458, 4674418.33888769056648 ], [ 368454.047352701949421, 4674417.816285029053688 ], [ 368441.037687048781663, 4674415.393650712445378 ], [ 368409.241617467894685, 4674406.324501499533653 ], [ 368364.470503429649398, 4674392.277600322850049 ], [ 368348.034776509623043, 4674387.697697491385043 ], [ 368335.136641704768408, 4674386.828233638778329 ], [ 368328.456550948205404, 4674387.286441501230001 ], [ 368324.940262064803392, 4674389.129448503255844 ], [ 368321.937956162262708, 4674391.96252506505698 ], [ 368317.218784654396586, 4674395.71633642166853 ], [ 368305.163886505528353, 4674404.605845944024622 ], [ 368295.193471261998639, 4674414.567127865739167 ], [ 368288.967704760609195, 4674417.238394010812044 ], [ 368282.689987303689122, 4674417.133735437877476 ], [ 368275.941928183776326, 4674418.370799381285906 ], [ 368259.087821461551357, 4674417.908751620911062 ], [ 368244.466633865027688, 4674417.627091617323458 ], [ 368256.172856838791631, 4674425.405420349910855 ], [ 368268.846750828437507, 4674431.943816818296909 ], [ 368267.897759850486182, 4674434.183103010058403 ], [ 368229.995290179620497, 4674456.219308210536838 ], [ 368201.825992069789208, 4674468.854113305918872 ], [ 368176.677719656378031, 4674479.655226324684918 ], [ 368164.172306966036558, 4674482.111011020839214 ], [ 368158.614673549542204, 4674480.771137313917279 ], [ 368122.02734320575837, 4674462.79586929269135 ], [ 368089.875147234182805, 4674447.958861641585827 ], [ 368055.62031468807254, 4674435.494018540717661 ], [ 368030.68139834003523, 4674426.631229983642697 ], [ 368016.495090627344325, 4674423.120676220394671 ], [ 367999.192812266526744, 4674420.779358101077378 ], [ 367978.572753447282594, 4674422.05476348567754 ], [ 367960.823875648900867, 4674426.719725300557911 ], [ 367949.50116776273353, 4674430.59769228938967 ], [ 367937.460555123572703, 4674435.822065945714712 ], [ 367921.152539969305508, 4674442.459466184489429 ], [ 367903.332443364779465, 4674452.124349731951952 ], [ 367886.221960509195924, 4674459.998736877925694 ], [ 367870.434341446263716, 4674467.959406384266913 ], [ 367852.131608437106479, 4674478.299945524893701 ], [ 367833.475804661633447, 4674487.425324933603406 ], [ 367807.293440855224617, 4674504.689637444913387 ], [ 367807.056231884111185, 4674505.249475482851267 ], [ 367788.083785846771207, 4674519.490445695817471 ], [ 367776.421604691247921, 4674527.262755550444126 ], [ 367756.394966555410065, 4674542.52331234421581 ], [ 367737.165807206183672, 4674551.881887492723763 ], [ 367728.468168590450659, 4674554.822275004349649 ], [ 367718.179215642740019, 4674556.570744481869042 ], [ 367706.616601065848954, 4674556.454872059635818 ], [ 367694.948476523743011, 4674555.119160532951355 ], [ 367688.34902011428494, 4674555.465391321107745 ], [ 367681.287696530052926, 4674557.597537116147578 ], [ 367671.245277710724622, 4674563.673425250686705 ], [ 367641.824638072401285, 4674566.781477847136557 ], [ 367613.563830545521341, 4674570.089988257735968 ], [ 367594.996350648114458, 4674575.104528125375509 ], [ 367576.381871219084132, 4674582.008304747752845 ], [ 367553.923330706660636, 4674582.097729716449976 ], [ 367525.512153376708739, 4674586.186964278109372 ], [ 367499.25243953068275, 4674594.901024675928056 ], [ 367473.020963137270883, 4674600.726660463027656 ], [ 367448.230296864523552, 4674599.749578250572085 ], [ 367422.877409471548162, 4674595.228720407932997 ], [ 367402.970367613364942, 4674590.494260719977319 ], [ 367384.401696400716901, 4674582.291255824267864 ], [ 367374.90691010246519, 4674582.3591148853302 ], [ 367365.947157486109063, 4674584.527360694482923 ], [ 367350.75165561249014, 4674588.812539674341679 ], [ 367299.53786427032901, 4674609.771919431164861 ], [ 367258.414519887941424, 4674627.209034980274737 ], [ 367235.880231040413491, 4674636.409209460951388 ], [ 367224.09772992238868, 4674646.517352379858494 ], [ 367214.558626355486922, 4674657.360722234472632 ], [ 367207.04753668513149, 4674666.277529406361282 ], [ 367195.960286364657804, 4674682.592908604070544 ], [ 367183.924002058454789, 4674692.372683986090124 ], [ 367179.263010359311011, 4674694.79327236302197 ], [ 367171.605291267798748, 4674695.937506663613021 ], [ 367166.318290521856397, 4674695.815151870250702 ], [ 367159.190170282963663, 4674694.394634090363979 ], [ 367151.694138805498369, 4674690.981684853322804 ], [ 367143.116642437002156, 4674687.144853559322655 ], [ 367137.036422431934625, 4674684.371650541201234 ], [ 367133.72627509967424, 4674683.989841778762639 ], [ 367130.930260687717237, 4674684.598019102588296 ], [ 367127.426993085653521, 4674687.107859566807747 ], [ 367121.646044181135949, 4674691.43794168997556 ], [ 367114.472340160980821, 4674696.349714222364128 ], [ 367075.042750575696118, 4674715.977497177198529 ], [ 367037.171928587777074, 4674730.688669800758362 ], [ 367034.268167182919569, 4674743.073083328083158 ], [ 367032.804035810637288, 4674752.986601515673101 ], [ 367034.140081665245816, 4674762.513977080583572 ], [ 367037.901343936566263, 4674773.661682015284896 ], [ 367047.274065869802143, 4674793.367368054576218 ], [ 367061.975611225236207, 4674815.416083513759077 ], [ 367076.920499182888307, 4674837.238075874745846 ], [ 367092.254937099874951, 4674857.830892286263406 ], [ 367097.515151999308728, 4674865.28477244079113 ], [ 367101.311327420175076, 4674869.545075147412717 ], [ 367106.419779083458707, 4674873.336287785321474 ], [ 367113.187448642682284, 4674877.540476750582457 ], [ 367119.112917738617398, 4674880.871960707008839 ], [ 367125.09156774712028, 4674882.647367797791958 ], [ 367134.301920169615187, 4674885.028218689374626 ], [ 367147.826176666887477, 4674884.106400350108743 ], [ 367163.331436230626423, 4674883.147210047580302 ], [ 367175.808605757716578, 4674879.246136045083404 ], [ 367188.313839652983006, 4674872.456555315293372 ], [ 367197.959469895111397, 4674867.276043792255223 ], [ 367202.684031669865362, 4674863.854570744559169 ], [ 367209.084582337411121, 4674861.734395089559257 ], [ 367214.759021948906593, 4674860.516542793251574 ], [ 367233.493947971262969, 4674860.051948390901089 ], [ 367270.25900520948926, 4674869.910658930428326 ], [ 367323.601381511078216, 4674883.122500631026924 ], [ 367360.446622921619564, 4674892.869083286263049 ], [ 367378.614377685706131, 4674901.746013514697552 ], [ 367385.233506436343305, 4674906.841870118863881 ], [ 367394.497200635552872, 4674916.44204200617969 ], [ 367404.945739257964306, 4674927.574972626753151 ], [ 367414.61371587816393, 4674936.723243579268456 ], [ 367423.243058015359566, 4674943.336330668069422 ], [ 367450.88203894358594, 4674959.699287905357778 ], [ 367472.521505046752281, 4674973.17627390474081 ], [ 367486.770878366252873, 4674984.459884560666978 ], [ 367498.593082268722355, 4674994.012000860646367 ], [ 367511.805892608652357, 4675002.871491036377847 ], [ 367527.366340238251723, 4675009.243117047473788 ], [ 367540.999073397368193, 4675014.09599204082042 ], [ 367554.909694408765063, 4675016.166744418442249 ], [ 367574.905278348480351, 4675016.901155484840274 ], [ 367603.395151553908363, 4675021.474545363336802 ], [ 367626.490644697099924, 4675024.594459610059857 ], [ 367646.212423160206527, 4675028.333292284980416 ], [ 367668.646455095498823, 4675035.797773967497051 ], [ 367677.576354227727279, 4675040.850433378480375 ], [ 367680.352367814397439, 4675043.575143509544432 ], [ 367681.966560006374493, 4675045.988473323173821 ], [ 367682.446077610366046, 4675049.533907642588019 ], [ 367682.233956697513349, 4675051.426199236884713 ], [ 367692.142881921725348, 4675051.462017299607396 ], [ 367704.183220972889103, 4675050.680237096734345 ], [ 367713.902015363273676, 4675049.386741513386369 ], [ 367731.970017765881494, 4675039.827711892314255 ], [ 367747.800000711809844, 4675034.198476498946548 ], [ 367759.265831470838748, 4675029.206680911593139 ], [ 367770.102659548865631, 4675025.892873814329505 ], [ 367783.263133127242327, 4675023.201879216358066 ], [ 367795.854181623202749, 4675020.965914799831808 ], [ 367808.249770006106701, 4675021.510558743961155 ], [ 367828.795055231661536, 4675016.348305847495794 ], [ 367844.450533803319559, 4675014.610249046236277 ], [ 367864.996729659498669, 4675013.891146416775882 ], [ 367897.957277912064455, 4675014.716241925023496 ], [ 367932.546510782674886, 4675018.732138321734965 ], [ 367968.848198165011127, 4675021.605304955504835 ], [ 367995.977513853344135, 4675024.09535 ], [ 368017.229046867927536, 4675021.364083155989647 ], [ 368030.984043962380383, 4675019.551014925353229 ], [ 368045.215545048355125, 4675016.729350218549371 ], [ 368060.003577854833566, 4675034.779636335559189 ], [ 368076.341785350698046, 4675056.244253035634756 ], [ 368094.08378750574775, 4675082.12564133759588 ], [ 368114.28523922059685, 4675120.290443582460284 ], [ 368129.385723823797889, 4675146.221425980329514 ], [ 368143.605235114053357, 4675173.612939690239727 ], [ 368152.570665760373231, 4675198.214951016008854 ], [ 368164.21675073861843, 4675238.095276438631117 ], [ 368167.417642861779314, 4675254.696749639697373 ], [ 368168.967098741908558, 4675266.88611417543143 ], [ 368169.872171608032659, 4675301.969280796125531 ], [ 368167.319754046970047, 4675328.7865089206025 ], [ 368163.29558694572188, 4675365.183886233717203 ], [ 368155.451957391458564, 4675400.431006551720202 ], [ 368145.205871681100689, 4675430.835806137882173 ], [ 368141.790057896578219, 4675438.00871510617435 ], [ 368136.018916808825452, 4675451.66820356156677 ], [ 368131.123743295669556, 4675459.202076392248273 ], [ 368121.571259092306718, 4675464.934956311248243 ], [ 368110.984661600436084, 4675468.354631572030485 ], [ 368100.599878126056865, 4675469.326858087442815 ], [ 368098.394344977219589, 4675470.590049605816603 ], [ 368086.253594961191993, 4675483.59147525858134 ], [ 368078.360194322885945, 4675489.737613951787353 ], [ 368069.244694301043637, 4675492.352233758196235 ], [ 368055.668184878479224, 4675494.828377773053944 ], [ 368047.027077750477474, 4675496.32336506433785 ], [ 368033.311810484156013, 4675495.803090585395694 ], [ 368020.068831951241009, 4675494.052141207270324 ], [ 368008.352332746144384, 4675490.05104705132544 ], [ 368000.906774339964613, 4675484.859070909209549 ], [ 367997.986187780625187, 4675514.015912533737719 ], [ 367996.00361775100464, 4675527.160139978863299 ], [ 367992.002742568904068, 4675538.342863325029612 ], [ 367984.021056260215119, 4675557.37564694788307 ], [ 367981.1006734513212, 4675564.539347669109702 ], [ 367978.810573800408747, 4675565.693089420907199 ], [ 367971.18623670109082, 4675564.170026905834675 ], [ 367928.342557327065151, 4675551.311808339320123 ], [ 367876.905973903485574, 4675533.727850066497922 ], [ 367846.904750889865682, 4675523.29477377794683 ], [ 367807.471593173686415, 4675511.817202650010586 ], [ 367795.14270640257746, 4675510.382728900760412 ], [ 367784.390310406102799, 4675509.36295485123992 ], [ 367771.732222121790983, 4675512.377774588763714 ], [ 367754.176366385363508, 4675518.372677344828844 ], [ 367746.097338719468098, 4675523.411925182677805 ], [ 367738.674419103306718, 4675528.216694412752986 ], [ 367730.673772090114653, 4675533.032334014773369 ], [ 367715.151992774568498, 4675546.209079451858997 ], [ 367711.009586383763235, 4675549.841427680104971 ], [ 367704.719220490660518, 4675553.403094467706978 ], [ 367694.255145458504558, 4675558.931563982740045 ], [ 367667.048231744789518, 4675569.773426927626133 ], [ 367653.270338042348158, 4675574.697835499420762 ], [ 367641.229842139815446, 4675579.81173697207123 ], [ 367627.817636294988915, 4675586.617621647194028 ], [ 367622.096718601707835, 4675589.724343568086624 ], [ 367614.168303719430696, 4675593.983379196375608 ], [ 367609.044974558521062, 4675593.746563483960927 ], [ 367600.569128504896071, 4675595.23899773042649 ], [ 367589.99340076779481, 4675599.214654886163771 ], [ 367571.990778184670489, 4675607.773203461430967 ], [ 367564.23893968842458, 4675608.252362251281738 ], [ 367557.725097983609885, 4675608.708222383633256 ], [ 367548.470940863480791, 4675608.327067646197975 ], [ 367542.22769645776134, 4675609.999692409299314 ], [ 367536.972760561329778, 4675611.542636633850634 ], [ 367533.205512168409768, 4675613.168648401275277 ], [ 367529.537525615596678, 4675615.681407725438476 ], [ 367525.293901828292292, 4675618.316085796803236 ], [ 367519.998263451852836, 4675622.081346293911338 ], [ 367512.220370674971491, 4675625.560128501616418 ], [ 367504.834236646653153, 4675627.920772730372846 ], [ 367500.703410852409434, 4675627.776420694775879 ], [ 367494.58133870823076, 4675627.114192788489163 ], [ 367486.135794948611874, 4675625.829275311902165 ], [ 367470.9904393365141, 4675623.893043688498437 ], [ 367458.034659143071622, 4675615.473132010549307 ], [ 367460.224994548829272, 4675595.882335608825088 ], [ 367465.125448997016065, 4675579.906019841320813 ], [ 367470.599664001842029, 4675572.471817974932492 ], [ 367473.225913255242631, 4675562.869733907282352 ], [ 367475.184490751009434, 4675548.503924174234271 ], [ 367473.444826618127991, 4675539.428394165821373 ], [ 367467.445720320916735, 4675527.767261786386371 ], [ 367460.346455756691284, 4675514.682861460372806 ], [ 367455.12035230739275, 4675500.230253818444908 ], [ 367451.394495135755278, 4675486.526921399869025 ], [ 367450.578057890175842, 4675465.104471193626523 ], [ 367449.105725621571764, 4675452.691604049876332 ], [ 367443.03234651114326, 4675441.476196196861565 ], [ 367434.854660665849224, 4675423.746909479610622 ], [ 367430.800905206939206, 4675418.935913281515241 ], [ 367425.716032229131088, 4675416.365886775776744 ], [ 367419.987612187862396, 4675414.696606245823205 ], [ 367409.167105919390451, 4675414.456218508072197 ], [ 367394.573904424905777, 4675411.176803465001285 ], [ 367388.422329597873613, 4675408.960139571689069 ], [ 367381.890374731854536, 4675404.084805915132165 ], [ 367375.539035779889673, 4675395.651612759567797 ], [ 367370.909271920623723, 4675382.18750998750329 ], [ 367369.478655255632475, 4675371.995405992493033 ], [ 367370.405095158261247, 4675364.202558979392052 ], [ 367372.121313969197217, 4675354.506516829133034 ], [ 367376.886003512190655, 4675340.087780442088842 ], [ 367378.771498020505533, 4675330.610703735612333 ], [ 367378.444070887053385, 4675317.620881805196404 ], [ 367376.678562802204397, 4675289.662791188806295 ], [ 367372.31490868574474, 4675268.418290222994983 ], [ 367366.861790222581476, 4675255.080787015147507 ], [ 367363.562098759575747, 4675246.478996232151985 ], [ 367362.278885085368529, 4675239.727498478256166 ], [ 367368.208735894178972, 4675230.174177773296833 ], [ 367368.746728525962681, 4675228.053575654514134 ], [ 367369.598126703116577, 4675225.038450730033219 ], [ 367372.739369338261895, 4675212.094320768490434 ], [ 367376.081282454775646, 4675201.034716811031103 ], [ 367377.212606990768109, 4675195.34847226832062 ], [ 367382.775872534082737, 4675188.245767501182854 ], [ 367386.958106060337741, 4675186.722939535044134 ], [ 367395.656916141859256, 4675183.893143592402339 ], [ 367408.721883755293675, 4675180.536769295111299 ], [ 367417.105203228711616, 4675178.490483745932579 ], [ 367421.462987142556813, 4675177.519752874970436 ], [ 367422.238153729820624, 4675174.839302656240761 ], [ 367423.858473517582752, 4675168.810622964054346 ], [ 367426.481809786753729, 4675163.429505283012986 ], [ 367428.701976022915915, 4675162.943364940583706 ] ], [ [ 368416.273314555059187, 4675025.220013299025595 ], [ 368399.274728919262998, 4674994.880908861756325 ], [ 368384.588211825874168, 4674973.384684695862234 ], [ 368355.436499583884142, 4674920.169172163121402 ], [ 368324.194174833479337, 4674852.330834615044296 ], [ 368295.690007905941457, 4674802.880013192072511 ], [ 368285.584211271780077, 4674783.519761703908443 ], [ 368291.350028356187977, 4674769.52731697075069 ], [ 368296.18562392872991, 4674758.773497460409999 ], [ 368299.331474421836901, 4674750.383906567469239 ], [ 368300.808351712941658, 4674745.468914379365742 ], [ 368303.613651629304513, 4674736.530318939127028 ], [ 368309.428843322210014, 4674720.759750728495419 ], [ 368318.462688173458446, 4674700.485911652445793 ], [ 368328.565501615987159, 4674679.969932701438665 ], [ 368334.037202070467174, 4674672.314374790526927 ], [ 368342.253085428732447, 4674661.275195576250553 ], [ 368348.734040873707272, 4674654.600453102961183 ], [ 368362.247336334781721, 4674644.239728042855859 ], [ 368379.939277795376256, 4674632.134731246158481 ], [ 368393.869537106191274, 4674621.988424263894558 ], [ 368401.448574140202254, 4674616.626111067831516 ], [ 368413.086839457741007, 4674611.965434115380049 ], [ 368442.148255302105099, 4674607.312259657308459 ], [ 368478.224388884729706, 4674606.860064646229148 ], [ 368504.546184811566491, 4674610.255825689993799 ], [ 368531.039263645885512, 4674613.981712051667273 ], [ 368559.901625972706825, 4674620.773569596000016 ], [ 368595.107792183174752, 4674631.223662842065096 ], [ 368635.695430715219118, 4674638.019037165679038 ], [ 368651.232388057629578, 4674638.728700124658644 ], [ 368692.733121453318745, 4674632.511477370746434 ], [ 368704.848476731742267, 4674631.285739116370678 ], [ 368720.649326062528417, 4674628.436204195953906 ], [ 368737.081544478074647, 4674624.019866283982992 ], [ 368754.80757003382314, 4674618.135451322421432 ], [ 368772.75019772129599, 4674610.580905634909868 ], [ 368804.143222513142973, 4674598.110448934137821 ], [ 368813.280579000303987, 4674592.164161819033325 ], [ 368815.910093506448902, 4674600.334751660935581 ], [ 368817.016543499135878, 4674606.534370237030089 ], [ 368816.787791677634232, 4674611.981348690576851 ], [ 368815.168205953785218, 4674618.120709763839841 ], [ 368811.864873568469193, 4674626.957279707305133 ], [ 368798.383033096673898, 4674656.75479496922344 ], [ 368792.465255113493185, 4674667.08410778734833 ], [ 368789.578836653323378, 4674676.13506911508739 ], [ 368787.835887375229504, 4674688.941288870759308 ], [ 368781.015432675660122, 4674717.281731454655528 ], [ 368774.777916725142859, 4674728.172404877841473 ], [ 368770.964941214886494, 4674736.240972937084734 ], [ 368766.270634276093915, 4674741.326931869611144 ], [ 368760.13582920038607, 4674744.440394678153098 ], [ 368751.469124425493646, 4674749.045073312707245 ], [ 368724.009920839511324, 4674759.88734753895551 ], [ 368706.067730259848759, 4674767.442028945311904 ], [ 368694.136343366466463, 4674769.664025343954563 ], [ 368680.741990507696755, 4674773.135179038159549 ], [ 368661.085136459150817, 4674781.72166118118912 ], [ 368652.329778409155551, 4674785.994893528521061 ], [ 368641.139985593268648, 4674796.978138960897923 ], [ 368605.230222618323751, 4674823.973590700887144 ], [ 368585.708389059931505, 4674839.777711776085198 ], [ 368582.694152263808064, 4674846.387489607557654 ], [ 368580.282598853111267, 4674854.318924837745726 ], [ 368578.847445304272696, 4674865.89763299934566 ], [ 368578.24144617060665, 4674873.239967442117631 ], [ 368579.078054728452116, 4674882.665802355855703 ], [ 368580.518997984821908, 4674889.081298152916133 ], [ 368584.252427620347589, 4674894.454294397495687 ], [ 368587.251276631897781, 4674900.285315438173711 ], [ 368589.032742416718975, 4674907.249833119101822 ], [ 368590.098294649214949, 4674915.67170936986804 ], [ 368590.062189684482291, 4674927.002136126160622 ], [ 368588.243780454213265, 4674944.58610588312149 ], [ 368584.124208857188933, 4674958.325394468382001 ], [ 368580.351822446275037, 4674977.389850913546979 ], [ 368579.333137757261284, 4674984.739894914440811 ], [ 368580.602347966982052, 4674986.382329531945288 ], [ 368583.617342381272465, 4674988.658614184707403 ], [ 368586.700358277244959, 4674990.156097512692213 ], [ 368590.786295682191849, 4674992.301307561807334 ], [ 368596.187055829912424, 4674998.531777609139681 ], [ 368599.637953589379322, 4675006.464804823510349 ], [ 368602.614341110864189, 4675015.517454875633121 ], [ 368603.978923823102377, 4675022.267608947120607 ], [ 368603.036542817251757, 4675029.282996349968016 ], [ 368601.79925716179423, 4675038.192183618433774 ], [ 368600.052223622566089, 4675046.33335876557976 ], [ 368597.137202450365294, 4675053.829891148023307 ], [ 368593.623676016577519, 4675060.22684248816222 ], [ 368589.274808948510326, 4675070.527058416046202 ], [ 368580.215430599055253, 4675085.025072943419218 ], [ 368563.321129909367301, 4675100.002685722894967 ], [ 368541.242382865748368, 4675124.740824063308537 ], [ 368532.112635525641963, 4675135.463636701926589 ], [ 368529.158760853577405, 4675145.29352664295584 ], [ 368528.693033424671739, 4675151.300337798893452 ], [ 368528.481145912664942, 4675157.635634124279022 ], [ 368528.607710575219244, 4675164.408910610713065 ], [ 368529.821792406612076, 4675171.939398625865579 ], [ 368532.777919320389628, 4675184.32468381896615 ], [ 368536.467405582545325, 4675205.026974129490554 ], [ 368539.394915059674531, 4675220.300774876959622 ], [ 368540.67536916420795, 4675231.384459474124014 ], [ 368540.66797109390609, 4675239.826380964368582 ], [ 368544.40748614189215, 4675245.532467428594828 ], [ 368541.249607655219734, 4675257.698765045031905 ], [ 368538.625023855478503, 4675258.636413769796491 ], [ 368523.277534610475414, 4675241.484249570406973 ], [ 368509.050216293893754, 4675222.422887288033962 ], [ 368498.789252884569578, 4675207.952614380978048 ], [ 368494.087807861040346, 4675199.376550435088575 ], [ 368490.718928100599442, 4675186.998993541114032 ], [ 368482.223899825708941, 4675169.829907575622201 ], [ 368469.882258057885338, 4675150.066911816596985 ], [ 368461.094350972154643, 4675134.902693875133991 ], [ 368457.599754089489579, 4675124.63794725947082 ], [ 368456.00818751991028, 4675119.002820370718837 ], [ 368455.054092274280265, 4675112.13393815793097 ], [ 368454.910851272696164, 4675104.472363399341702 ], [ 368455.417541459901258, 4675096.243257025256753 ], [ 368434.855051211314276, 4675060.750129575841129 ], [ 368415.493601244059391, 4675027.678269821219146 ], [ 368416.273314555059187, 4675025.220013299025595 ] ], [ [ 369214.474665385321714, 4674808.291607169434428 ], [ 369209.489122448023409, 4674806.607062704861164 ], [ 369201.315396292833611, 4674806.647917342372239 ], [ 369197.010825710953213, 4674806.061479404568672 ], [ 369194.336454575648531, 4674804.333983871154487 ], [ 369193.149903906334657, 4674802.689907126128674 ], [ 369192.770196787663735, 4674800.03115146048367 ], [ 369194.092913332104217, 4674795.674615105614066 ], [ 369197.5204488671734, 4674789.057441298849881 ], [ 369203.413956426142249, 4674786.282077464275062 ], [ 369206.338009110477287, 4674783.672988060861826 ], [ 369209.777945407258812, 4674777.722044018097222 ], [ 369215.766378267318942, 4674766.725334600545466 ], [ 369220.543521914689336, 4674761.638148113153875 ], [ 369222.512161794817075, 4674760.9351073987782 ], [ 369224.841926120687276, 4674761.891489332541823 ], [ 369226.360709204978775, 4674763.640472498722374 ], [ 369227.49979565438116, 4674767.173721320927143 ], [ 369227.215023762895726, 4674769.622675975784659 ], [ 369227.338837231742218, 4674771.841886243782938 ], [ 369228.444905555923469, 4674773.598539811559021 ], [ 369230.859270818706136, 4674774.664426871575415 ], [ 369232.66901345649967, 4674774.297568476758897 ], [ 369234.317798310657963, 4674774.155852801166475 ], [ 369236.366914848156739, 4674773.340244780294597 ], [ 369238.494447526114527, 4674772.30102907679975 ], [ 369240.155613002658356, 4674772.825538055039942 ], [ 369240.527049601427279, 4674775.040146944113076 ], [ 369240.068927339685615, 4674781.491042242385447 ], [ 369237.22946136520477, 4674788.652643143199384 ], [ 369234.680964669270907, 4674793.698402618989348 ], [ 369230.599251162668224, 4674800.660940978676081 ], [ 369226.738345545658376, 4674806.175396073609591 ], [ 369223.905092024127953, 4674809.227091969922185 ], [ 369221.453595819999464, 4674810.605560387484729 ], [ 369218.467638103989884, 4674809.883527136407793 ], [ 369214.474665385321714, 4674808.291607169434428 ] ], [ [ 369466.633326092793141, 4673030.959527396596968 ], [ 369473.51140636036871, 4673018.835901891812682 ], [ 369485.495383013680112, 4673019.280190517194569 ], [ 369490.899022234836593, 4673021.179374406114221 ], [ 369508.453564771451056, 4673028.073872751556337 ], [ 369515.605414376303088, 4673030.718198991380632 ], [ 369524.961506348627154, 4673036.431784493848681 ], [ 369538.827403921750374, 4673044.838689902797341 ], [ 369550.080070053576492, 4673054.849090373143554 ], [ 369558.884633846406359, 4673066.459914221428335 ], [ 369570.679641691560391, 4673083.4580238154158 ], [ 369570.7246157360496, 4673090.343842253088951 ], [ 369569.567628474964295, 4673108.137280998751521 ], [ 369565.826552592567168, 4673124.645694182254374 ], [ 369569.42168217129074, 4673131.465741721913218 ], [ 369564.686320696258917, 4673138.884423789568245 ], [ 369564.351685637724586, 4673143.111475057899952 ], [ 369567.761114346329123, 4673148.824211716651917 ], [ 369576.206778568099253, 4673154.44365028757602 ], [ 369585.855881698429585, 4673158.152530420571566 ], [ 369574.916468875773717, 4673191.788767016492784 ], [ 369570.306354385393206, 4673210.423707074485719 ], [ 369564.603652339370456, 4673241.408225828781724 ], [ 369558.718100913509261, 4673293.722554303705692 ], [ 369459.260025683790445, 4673305.896063363179564 ], [ 369396.998082113510463, 4673186.201066065579653 ], [ 369386.158676377148367, 4673162.854221216402948 ], [ 369381.880387492128648, 4673150.382101562805474 ], [ 369408.68319360690657, 4673117.117717577144504 ], [ 369439.587995982961729, 4673073.447392835281789 ], [ 369466.633326092793141, 4673030.959527396596968 ] ], [ [ 371737.651242346910294, 4672066.755289293825626 ], [ 371743.501495710399467, 4672061.428294305689633 ], [ 371752.79760897293454, 4672054.816747124306858 ], [ 371762.557153393572662, 4672050.973610325716436 ], [ 371761.783983887988143, 4672053.875597824342549 ], [ 371758.010829864360858, 4672068.939216465689242 ], [ 371751.915531216538511, 4672083.489757273346186 ], [ 371746.35345263290219, 4672091.032966948114336 ], [ 371741.127409251232166, 4672094.349270589649677 ], [ 371735.146078737161588, 4672097.01289333216846 ], [ 371730.590741585881915, 4672100.872357184067369 ], [ 371725.54436242103111, 4672109.516927009448409 ], [ 371719.329840107122436, 4672117.516337904147804 ], [ 371714.001384494127706, 4672124.277806243859231 ], [ 371716.644421764533035, 4672133.337686509825289 ], [ 371717.436471177847125, 4672140.543034840375185 ], [ 371715.54609955108026, 4672150.129788054153323 ], [ 371711.633541897928808, 4672157.531909044831991 ], [ 371704.695794906525407, 4672162.101232280023396 ], [ 371695.59499215753749, 4672165.821382452733815 ], [ 371685.68428560544271, 4672165.890875732526183 ], [ 371683.99679779651342, 4672168.476312614046037 ], [ 371687.394775542314164, 4672173.634855684824288 ], [ 371695.632510401657782, 4672181.48206175211817 ], [ 371698.748734920052812, 4672189.311506920494139 ], [ 371699.027528777951375, 4672200.080556978471577 ], [ 371703.249542262288742, 4672209.667034214362502 ], [ 371711.630472352204379, 4672220.843853146769106 ], [ 371715.085041157377418, 4672229.111435085535049 ], [ 371715.977862675616052, 4672237.314609793014824 ], [ 371719.784598248021211, 4672242.243573801591992 ], [ 371722.650682189268991, 4672245.412497999146581 ], [ 371725.097839092079084, 4672248.255833530798554 ], [ 371729.701961525599472, 4672251.615249313414097 ], [ 371732.721045438665897, 4672254.114949613809586 ], [ 371733.224562949733809, 4672254.550072561018169 ], [ 371740.64823430107208, 4672258.524581833742559 ], [ 371749.282829631469212, 4672270.030042191967368 ], [ 371758.828364055021666, 4672290.738022159785032 ], [ 371769.207965503679588, 4672316.429132261313498 ], [ 371771.833001921244431, 4672329.043709384277463 ], [ 371774.526447863259818, 4672340.879527402110398 ], [ 371796.414878530544229, 4672359.03027530387044 ], [ 371810.112007062300108, 4672367.333582393825054 ], [ 371820.287189705297351, 4672381.810061067342758 ], [ 371829.228410777286626, 4672405.639182390645146 ], [ 371834.284491422353312, 4672424.762865399941802 ], [ 371837.112916518643033, 4672439.484156679362059 ], [ 371835.603286410565488, 4672451.84078607801348 ], [ 371829.258187393541448, 4672461.730737226083875 ], [ 371817.846095354820136, 4672470.046825841069221 ], [ 371798.684704363113269, 4672479.170453141443431 ], [ 371779.758936330676079, 4672487.623403306119144 ], [ 371762.168462496134453, 4672496.829603515565395 ], [ 371752.052986777445767, 4672499.235295239835978 ], [ 371734.448062451090664, 4672503.11030104663223 ], [ 371725.977903108112514, 4672505.152840941213071 ], [ 371726.423107721202541, 4672506.92190758138895 ], [ 371729.698243553517386, 4672514.415248151868582 ], [ 371745.61781448480906, 4672540.449704573489726 ], [ 371770.097340935026295, 4672582.989336486905813 ], [ 371777.233508993696887, 4672598.409680033102632 ], [ 371777.571865760313813, 4672598.847812807187438 ], [ 371774.704253240546677, 4672600.121839979663491 ], [ 371764.333134081505705, 4672602.087881427258253 ], [ 371752.056907360034529, 4672603.755415531806648 ], [ 371747.949121807818301, 4672609.494983178563416 ], [ 371740.603380568907596, 4672618.847885269671679 ], [ 371732.121948829269968, 4672629.332219317555428 ], [ 371720.472661828738637, 4672638.208172085694969 ], [ 371709.886279147234745, 4672641.955395454540849 ], [ 371692.243680724990554, 4672648.274828178808093 ], [ 371678.475276115816087, 4672649.636464212089777 ], [ 371661.146389533416368, 4672650.507652987726033 ], [ 371645.021177835180424, 4672644.914673364721239 ], [ 371630.019058129750192, 4672632.97005829680711 ], [ 371617.290735941089224, 4672623.427636043168604 ], [ 371608.745399784413166, 4672616.807951628230512 ], [ 371596.891286151716486, 4672609.915391618385911 ], [ 371585.778229346382432, 4672602.898262525908649 ], [ 371577.096054774418008, 4672597.836141092702746 ], [ 371574.943691513908561, 4672602.096194908954203 ], [ 371570.058045769925229, 4672601.407786882482469 ], [ 371564.857862904667854, 4672597.059688563458622 ], [ 371560.316659259260632, 4672597.142520224675536 ], [ 371553.298435420379974, 4672597.270538555458188 ], [ 371552.324902681226376, 4672589.179919655434787 ], [ 371552.732736228732392, 4672579.842292531393468 ], [ 371555.386101498850621, 4672571.352294025942683 ], [ 371533.04575688613113, 4672564.651122404262424 ], [ 371527.826741169963498, 4672572.854718543589115 ], [ 371514.270966335374396, 4672567.770517400465906 ], [ 371512.571989963762462, 4672574.243792113848031 ], [ 371507.694927022850607, 4672578.553585750982165 ], [ 371501.671037815511227, 4672574.331636459566653 ], [ 371495.048904027789831, 4672569.009872703813016 ], [ 371488.787428052979521, 4672565.347638182342052 ], [ 371480.274323070421815, 4672560.504693494178355 ], [ 371473.998644811974373, 4672556.065214804373682 ], [ 371462.78659329272341, 4672548.161489077843726 ], [ 371461.475640644552186, 4672548.740787781774998 ], [ 371458.591843765985686, 4672549.126650639809668 ], [ 371456.22521391895134, 4672546.170862347818911 ], [ 371454.015610169619322, 4672542.767913379706442 ], [ 371444.922449660429265, 4672537.824524779804051 ], [ 371435.265490199322812, 4672533.668957196176052 ], [ 371430.975449832272716, 4672529.415409444831312 ], [ 371422.603067139047198, 4672523.237077190540731 ], [ 371410.881866472074762, 4672519.119233989156783 ], [ 371402.401665717537981, 4672520.606981958262622 ], [ 371393.037552511959802, 4672523.443768735975027 ], [ 371384.162771465198603, 4672525.938409347087145 ], [ 371358.296605004812591, 4672525.189089474268258 ], [ 371352.122244578378741, 4672526.301553202793002 ], [ 371348.23950938670896, 4672526.261416109278798 ], [ 371337.159136534493882, 4672525.575273459777236 ], [ 371310.005731039331295, 4672522.183879256248474 ], [ 371286.124584181467071, 4672517.066667520441115 ], [ 371283.468189357256051, 4672516.33770701661706 ], [ 371278.422098862589337, 4672506.8775984197855 ], [ 371270.57069343328476, 4672497.579850012436509 ], [ 371263.384536867612042, 4672493.046122293919325 ], [ 371255.397745734371711, 4672480.862945023924112 ], [ 371249.948900495073758, 4672471.965587541460991 ], [ 371241.532291683601215, 4672467.898673337884247 ], [ 371235.370753802650142, 4672460.680465310811996 ], [ 371229.676862365740817, 4672442.901695561595261 ], [ 371221.65747044980526, 4672428.941967533901334 ], [ 371210.495003386458848, 4672419.260536826215684 ], [ 371207.942778758239001, 4672415.197482407093048 ], [ 371205.475151724764146, 4672411.243955411948264 ], [ 371199.620770827110391, 4672398.24431768245995 ], [ 371184.11646217427915, 4672376.979585951194167 ], [ 371169.484486289788038, 4672358.253625280223787 ], [ 371156.565513376437593, 4672347.382595558650792 ], [ 371143.543612633016892, 4672335.402732712216675 ], [ 371139.562506054004189, 4672325.478931108489633 ], [ 371142.501078158267774, 4672314.539920514449477 ], [ 371146.386542162741534, 4672305.693989488296211 ], [ 371147.199333133758046, 4672300.458645736798644 ], [ 371147.345462644647341, 4672294.90227860212326 ], [ 371144.667194448877126, 4672283.954971139319241 ], [ 371141.249841144657694, 4672273.243336015380919 ], [ 371129.245055475796107, 4672262.688843811862171 ], [ 371116.771222508512437, 4672253.58691537193954 ], [ 371104.001620122988243, 4672246.378677383065224 ], [ 371095.510216519003734, 4672242.757589303888381 ], [ 371084.605932153644972, 4672238.181015401147306 ], [ 371074.444778684992343, 4672233.590853119269013 ], [ 371063.553917278535664, 4672225.237552135251462 ], [ 371055.383053971920162, 4672212.058285648003221 ], [ 371050.59355282119941, 4672198.594964910298586 ], [ 371043.61400413652882, 4672191.8361841076985 ], [ 371028.941782873414923, 4672188.994797962717712 ], [ 371005.567730380687863, 4672189.08967406488955 ], [ 370983.60960909514688, 4672189.82513159327209 ], [ 370945.990392902342137, 4672187.848635911941528 ], [ 370914.191916162206326, 4672187.987125216051936 ], [ 370882.671688299335074, 4672189.786766768433154 ], [ 370864.915478796348907, 4672194.444222152233124 ], [ 370859.524758725019637, 4672197.764219416305423 ], [ 370844.97575945261633, 4672197.142434861510992 ], [ 370830.222916553961113, 4672194.41401210334152 ], [ 370816.175449379952624, 4672194.116309868171811 ], [ 370799.292951875948347, 4672196.869646539911628 ], [ 370784.21387240907643, 4672194.369452653452754 ], [ 370769.059391288610641, 4672187.760932962410152 ], [ 370747.316446266253479, 4672177.718990954570472 ], [ 370721.300045503652655, 4672168.866301262751222 ], [ 370701.20230802037986, 4672158.461073528975248 ], [ 370681.154459930374287, 4672146.277798579074442 ], [ 370662.830378575483337, 4672133.507550006732345 ], [ 370651.247680393164046, 4672123.501454710960388 ], [ 370637.695428836450446, 4672114.197999763302505 ], [ 370621.559869434917346, 4672099.166169794276357 ], [ 370612.994493924255949, 4672082.551327642984688 ], [ 370607.570965107763186, 4672066.100918669253588 ], [ 370604.266943173948675, 4672061.607581714168191 ], [ 370598.826195916859433, 4672057.708876321092248 ], [ 370587.343260857800487, 4672053.143680289387703 ], [ 370577.408812016190495, 4672047.439304288476706 ], [ 370572.976204011822119, 4672039.967717731371522 ], [ 370566.849249018356204, 4672030.194714431650937 ], [ 370561.917092339368537, 4672022.510166527703404 ], [ 370555.069386798189953, 4672013.972235130146146 ], [ 370542.173140291590244, 4671995.4377362402156 ], [ 370532.209813093591947, 4671979.181901343166828 ], [ 370524.135461344965734, 4671962.335981321521103 ], [ 370516.665637759957463, 4671946.922919997014105 ], [ 370506.720562107977457, 4671931.666449591517448 ], [ 370492.473346589598805, 4671916.04480146151036 ], [ 370487.008827243349515, 4671906.370754083618522 ], [ 370486.056476296274923, 4671899.50166526529938 ], [ 370471.91355152532924, 4671898.539934690110385 ], [ 370446.918466131784953, 4671895.889580487273633 ], [ 370434.176402857527137, 4671899.234052994288504 ], [ 370426.735543075134046, 4671903.369613477960229 ], [ 370419.864550398022402, 4671907.050400572828948 ], [ 370413.620296120643616, 4671904.388430171646178 ], [ 370413.785975659557153, 4671890.945396172814071 ], [ 370418.415391242713667, 4671864.202399800531566 ], [ 370414.622363861766644, 4671846.61137952003628 ], [ 370401.994470941775944, 4671824.739949812181294 ], [ 370391.535133210825734, 4671808.493422139436007 ], [ 370381.936257636349183, 4671794.119335814379156 ], [ 370380.857465756533202, 4671789.362995588220656 ], [ 370376.240114931890275, 4671785.338222922757268 ], [ 370368.352367940766271, 4671783.150831767357886 ], [ 370356.170600039535202, 4671781.042486120015383 ], [ 370345.408989108051173, 4671779.796612987294793 ], [ 370336.029514425375964, 4671772.860522957518697 ], [ 370333.570170415623579, 4671764.908449583686888 ], [ 370331.524519457365386, 4671752.505789376795292 ], [ 370326.181886840204243, 4671740.497051186859608 ], [ 370318.184479645686224, 4671727.87074909824878 ], [ 370308.34988344530575, 4671714.167540105991066 ], [ 370300.239961722807493, 4671695.434241788461804 ], [ 370292.351942161272746, 4671670.809927527792752 ], [ 370282.739157533855177, 4671651.215727746486664 ], [ 370272.018519546836615, 4671638.750698918476701 ], [ 370252.962728985177819, 4671631.215411869809031 ], [ 370232.615562187740579, 4671629.813053905032575 ], [ 370219.530505170871038, 4671632.49777043890208 ], [ 370204.242424224736169, 4671636.667073591612279 ], [ 370185.063641803979408, 4671635.909769182093441 ], [ 370169.873917399730999, 4671631.968906350433826 ], [ 370153.597021871479228, 4671622.827621126547456 ], [ 370134.145222497696523, 4671611.745568250305951 ], [ 370118.699486190336756, 4671607.365235068835318 ], [ 370105.274539806239773, 4671605.058082692325115 ], [ 370090.198660183988977, 4671598.338427412323654 ], [ 370069.810383348725736, 4671594.715803834609687 ], [ 370040.59017049043905, 4671591.478333212435246 ], [ 370053.67231526132673, 4671566.24522896669805 ], [ 370066.998201999231242, 4671540.785508930683136 ], [ 370076.75143356109038, 4671523.166923183016479 ], [ 370081.96350997814443, 4671514.629135092720389 ], [ 370110.661222151131369, 4671493.995431481860578 ], [ 370136.615508155839052, 4671472.41276010684669 ], [ 370161.822629441157915, 4671450.621814720332623 ], [ 370181.1829981590854, 4671429.827310661785305 ], [ 370176.488862533355132, 4671426.137295077554882 ], [ 370171.519049165479373, 4671416.454349674284458 ], [ 370162.949199389491696, 4671390.731983929872513 ], [ 370152.429446587397251, 4671357.82573820091784 ], [ 370146.689079362899065, 4671337.716024788096547 ], [ 370144.245850717939902, 4671317.212312340736389 ], [ 370126.347176758921705, 4671336.647064764983952 ], [ 370114.06831098877592, 4671342.76039660256356 ], [ 370098.682729133986868, 4671346.154180761426687 ], [ 370068.572131288936362, 4671326.049667879939079 ], [ 370029.389534996415023, 4671306.779097858816385 ], [ 369994.669689188711345, 4671292.091501456685364 ], [ 369969.266051842190791, 4671285.340534103102982 ], [ 369971.011393397988286, 4671294.860718937590718 ], [ 369969.73865519464016, 4671301.992975593544543 ], [ 369965.391907232929952, 4671308.182306075468659 ], [ 369955.921524339355528, 4671309.801096704788506 ], [ 369918.59520743181929, 4671301.60430565290153 ], [ 369870.937170527409762, 4671297.597236837260425 ], [ 369854.635492881643586, 4671296.121198357082903 ], [ 369842.208536705991719, 4671298.68336131516844 ], [ 369828.187379747047089, 4671304.385091898031533 ], [ 369812.147317943512462, 4671308.124820834025741 ], [ 369807.281082467350643, 4671308.547979183495045 ], [ 369801.225850863498636, 4671307.215923815965652 ], [ 369789.697565773851238, 4671304.763216393068433 ], [ 369782.758544660755433, 4671304.78040748462081 ], [ 369774.257081408752128, 4671300.716730374842882 ], [ 369765.693552977172658, 4671297.76495623216033 ], [ 369756.466833994083572, 4671299.157362105324864 ], [ 369744.824679335288238, 4671299.483696709387004 ], [ 369736.899667699064594, 4671290.855346728116274 ], [ 369724.120706775982399, 4671283.316440512426198 ], [ 369716.822579355153721, 4671281.785292401909828 ], [ 369707.288539128552657, 4671279.962282445281744 ], [ 369694.624116795544978, 4671283.084471611306071 ], [ 369686.63819104351569, 4671284.565091670490801 ], [ 369671.884966357203666, 4671281.950082452967763 ], [ 369657.884847708803136, 4671284.319527546875179 ], [ 369646.739427309774328, 4671293.633878224529326 ], [ 369637.984443900699262, 4671307.124847398139536 ], [ 369627.197666718275286, 4671300.104620307683945 ], [ 369610.004695204028394, 4671290.648264993913472 ], [ 369597.152917297615204, 4671288.109291360713542 ], [ 369580.310409551369958, 4671284.20025235041976 ], [ 369569.164073827676475, 4671280.074709215201437 ], [ 369550.822018493607175, 4671284.413031929172575 ], [ 369533.781076453917194, 4671283.173570360057056 ], [ 369521.897628789069131, 4671279.394976538605988 ], [ 369513.208181425114162, 4671274.113266795873642 ], [ 369505.152649013092741, 4671267.375852902419865 ], [ 369501.802306855970528, 4671260.44020866509527 ], [ 369500.610029720934108, 4671245.133982934989035 ], [ 369501.434730937879067, 4671231.678663746453822 ], [ 369500.471384684729856, 4671219.811514078639448 ], [ 369496.968191664083861, 4671213.545151440426707 ], [ 369491.736896049813367, 4671207.644029000774026 ], [ 369483.501701207365841, 4671200.132441938854754 ], [ 369467.879447524377611, 4671190.758391092531383 ], [ 369449.806366861157585, 4671182.873762620612979 ], [ 369433.836959782347549, 4671177.0606096284464 ], [ 369408.630397403554525, 4671172.085168085061014 ], [ 369377.971148190787062, 4671167.099841075949371 ], [ 369347.020638176531065, 4671164.230468802154064 ], [ 369324.646356750512496, 4671164.978686674498022 ], [ 369300.232362674432807, 4671162.654722350649536 ], [ 369269.53143877844559, 4671164.335126860998571 ], [ 369250.658688108203933, 4671166.795800061896443 ], [ 369227.757712204183917, 4671174.773969319649041 ], [ 369203.828541201190092, 4671185.21495318505913 ], [ 369189.912769067101181, 4671196.580827850848436 ], [ 369169.935297784628347, 4671210.725103201344609 ], [ 369139.386987291858532, 4671233.951791557483375 ], [ 369111.690108165959828, 4671255.015216229483485 ], [ 369089.099217404145747, 4671266.320343663915992 ], [ 369067.055524581344798, 4671275.949250895529985 ], [ 369046.729627976252232, 4671284.65769621822983 ], [ 369030.361592962406576, 4671288.516390369273722 ], [ 369016.813794129178859, 4671288.546132138930261 ], [ 369007.775043266476132, 4671286.714851575903594 ], [ 369001.515225160459522, 4671287.719856501556933 ], [ 368993.021574714046437, 4671301.873267284594476 ], [ 368983.431663629424293, 4671314.82525313552469 ], [ 368975.922828535141889, 4671319.741139979101717 ], [ 368968.263263337372337, 4671320.994361170567572 ], [ 368947.152868419419974, 4671309.724179156124592 ], [ 368925.090543383092154, 4671291.696188514120877 ], [ 368902.421091159980278, 4671272.124509704299271 ], [ 368883.792003030830529, 4671256.587476723827422 ], [ 368864.432073688076343, 4671246.173551009036601 ], [ 368835.762720857514068, 4671232.711824371479452 ], [ 368806.69700724480208, 4671224.589199820533395 ], [ 368779.714443390897941, 4671217.427565953694284 ], [ 368751.854423877375666, 4671211.948508999310434 ], [ 368735.622204648447223, 4671205.364285829477012 ], [ 368712.26680609252071, 4671193.359084816649556 ], [ 368691.591088889632374, 4671178.860354945063591 ], [ 368676.756255385815166, 4671167.473980489186943 ], [ 368657.455351535230875, 4671151.394663505256176 ], [ 368641.883118423167616, 4671135.912321599200368 ], [ 368640.031045767012984, 4671134.058576287701726 ], [ 368632.449292616103776, 4671126.202533110044897 ], [ 368627.144714944181032, 4671116.415752591565251 ], [ 368624.115488772746176, 4671109.03019939456135 ], [ 368618.944754418567754, 4671093.131788499653339 ], [ 368614.139546110644005, 4671079.114843485876918 ], [ 368610.77324035129277, 4671062.516334278509021 ], [ 368607.789038264891133, 4671048.687581795267761 ], [ 368607.392175873974338, 4671040.69756415951997 ], [ 368608.832923860813025, 4671033.784027261659503 ], [ 368612.088017494417727, 4671017.839557526633143 ], [ 368617.127148119150661, 4671004.527626008726656 ], [ 368625.436883595190011, 4670993.820515465922654 ], [ 368638.958136538101826, 4670987.903552480041981 ], [ 368660.271360522601753, 4670978.95339388307184 ], [ 368687.710574814351276, 4670970.666645814664662 ], [ 368696.378088689467404, 4670970.282950234599411 ], [ 368699.456577262375504, 4670971.447403054684401 ], [ 368702.445897150726523, 4670963.394278040155768 ], [ 368698.344940826646052, 4670951.696736242622137 ], [ 368695.392109318869188, 4670943.976505298167467 ], [ 368695.839848162606359, 4670936.970423597842455 ], [ 368696.330668755108491, 4670923.410103023052216 ], [ 368698.188051657751203, 4670903.381953792646527 ], [ 368701.354627539752983, 4670887.105963717214763 ], [ 368704.996420080889948, 4670878.5963822491467 ], [ 368708.720810294733383, 4670870.085263936780393 ], [ 368711.916749780182727, 4670864.24979948811233 ], [ 368698.793654499400873, 4670869.381662574596703 ], [ 368679.612460028321948, 4670868.628406275995076 ], [ 368651.724288046418224, 4670866.149243370629847 ], [ 368624.732141836429946, 4670862.987030417658389 ], [ 368602.087920282036066, 4670853.745766366831958 ], [ 368574.52947974629933, 4670842.374735516496003 ], [ 368543.888227076327894, 4670829.617349482141435 ], [ 368516.040678841585759, 4670820.473439793102443 ], [ 368502.55764538020594, 4670815.171309718862176 ], [ 368501.770994554040954, 4670755.316411489620805 ], [ 368497.761566201748792, 4670699.853603577241302 ], [ 368495.230754865566269, 4670648.361913026310503 ], [ 368492.461663188994862, 4670615.091016361489892 ], [ 368487.045472875819542, 4670581.647378145717084 ], [ 368481.070678463205695, 4670562.542878784239292 ], [ 368475.746542327920906, 4670547.313872533850372 ], [ 368461.033158698119223, 4670524.818101039156318 ], [ 368447.472165576298721, 4670506.52170232962817 ], [ 368443.701262852933723, 4670499.261137994006276 ], [ 368424.184504422941245, 4670471.74565620534122 ], [ 368409.130418661632575, 4670453.143979460932314 ], [ 368408.106120774289593, 4670451.385903818532825 ], [ 368400.013334032730199, 4670442.762095210142434 ], [ 368391.450841991580091, 4670422.262011737562716 ], [ 368373.056065036507789, 4670384.062473701313138 ], [ 368355.674671627930366, 4670342.622861974872649 ], [ 368339.48261236055987, 4670302.938270654529333 ], [ 368325.20045480853878, 4670263.773399668745697 ], [ 368321.825289229862392, 4670251.173883534967899 ], [ 368321.452213037176989, 4670235.630312385037541 ], [ 368318.386265665641986, 4670217.471254467964172 ], [ 368316.60944811248919, 4670206.396927219815552 ], [ 368316.308585876016878, 4670190.296631015837193 ], [ 368317.740576843847521, 4670178.495890619233251 ], [ 368320.617817765683867, 4670164.446639091707766 ], [ 368327.124011155450717, 4670136.778397422283888 ], [ 368335.182245816569775, 4670099.306543631479144 ], [ 368341.283500409685075, 4670067.647179216146469 ], [ 368346.100209454947617, 4670033.568165789358318 ], [ 368348.133512332453392, 4670000.874058928340673 ], [ 368348.286849215917755, 4669982.543779904954135 ], [ 368357.204842523555271, 4669999.927075745537877 ], [ 368362.522993836086243, 4670010.379882849752903 ], [ 368372.658439619350247, 4670017.743684536777437 ], [ 368375.561827657220419, 4670018.355907837860286 ], [ 368385.244505786104128, 4670019.174745128490031 ], [ 368401.103399391751736, 4670018.878583268262446 ], [ 368409.747205239138566, 4670017.162123990245163 ], [ 368415.08915053633973, 4670015.618401201441884 ], [ 368417.93241245491663, 4670013.010583725757897 ], [ 368422.332283006748185, 4670005.264245525933802 ], [ 368429.404985575762112, 4670007.909077250398695 ], [ 368438.528134847176261, 4670009.738110858015716 ], [ 368450.591661292477511, 4670009.735065725632012 ], [ 368466.518664319242816, 4670008.660254379734397 ], [ 368482.478248996194452, 4670000.476061263121665 ], [ 368509.4892496264074, 4669986.754091765731573 ], [ 368511.940549178805668, 4669989.707384122535586 ], [ 368530.042870279517956, 4670003.365123441442847 ], [ 368549.421376977232285, 4670018.998454338870943 ], [ 368570.185563535545953, 4670038.049320762977004 ], [ 368581.067810795910191, 4670036.735626321285963 ], [ 368591.95006142812781, 4670035.421948772855103 ], [ 368619.624584478675388, 4670035.128114458173513 ], [ 368638.684251905069686, 4670038.105066777206957 ], [ 368652.721974703134038, 4670042.064268179237843 ], [ 368667.953299887478352, 4670048.00060358364135 ], [ 368690.500959645607509, 4670060.798369849100709 ], [ 368710.704771709046327, 4670071.973745491355658 ], [ 368722.63621171185514, 4670078.193822611123323 ], [ 368745.408589524100535, 4670085.32274582143873 ], [ 368780.031636316445656, 4670094.341491587460041 ], [ 368799.991361849417444, 4670096.857811387628317 ], [ 368818.887560117291287, 4670095.506361073814332 ], [ 368854.839985364058521, 4670082.730035888962448 ], [ 368894.850149274221621, 4670070.433782956562936 ], [ 368920.806455199199263, 4670066.618694591335952 ], [ 368934.348348649742547, 4670066.144675365649164 ], [ 368935.345716365671251, 4670066.459350693039596 ], [ 368961.940078447223641, 4670079.182702079415321 ], [ 369003.699237454100512, 4670089.84704361576587 ], [ 369044.188351078890264, 4670098.869106283411384 ], [ 369097.083429313905071, 4670108.549537799321115 ], [ 369116.272674334701151, 4670114.080076946876943 ], [ 369117.028421679977328, 4670114.732489231042564 ], [ 369120.82940376130864, 4670136.987923209555447 ], [ 369123.562797157850582, 4670159.596410586498678 ], [ 369129.835445530537982, 4670181.472721224650741 ], [ 369140.768490184564143, 4670205.150763298384845 ], [ 369149.442638651118614, 4670222.8727275589481 ], [ 369155.261202373541892, 4670233.650013155303895 ], [ 369160.10522517899517, 4670240.891005269251764 ], [ 369174.588176194753032, 4670246.620147161185741 ], [ 369187.206740867695771, 4670245.386218417435884 ], [ 369195.371332619688474, 4670244.568211354315281 ], [ 369202.232945913216099, 4670244.774071336723864 ], [ 369206.09004685212858, 4670247.812571804970503 ], [ 369230.89101671957178, 4670257.460087961517274 ], [ 369250.535799761186354, 4670269.758076222613454 ], [ 369259.445402817742433, 4670277.923369836993515 ], [ 369267.582594610750675, 4670288.990946120582521 ], [ 369275.722021681664046, 4670295.726576371118426 ], [ 369285.705502465134487, 4670299.428991661407053 ], [ 369294.923175903561059, 4670297.480816409923136 ], [ 369302.084435818367638, 4670291.57210605032742 ], [ 369316.083718261332251, 4670302.419935593381524 ], [ 369318.343061756750103, 4670295.047107119113207 ], [ 369321.795804919092916, 4670289.651492319069803 ], [ 369328.190855940978508, 4670286.978183997794986 ], [ 369333.264390935888514, 4670284.329386435449123 ], [ 369337.995196118485183, 4670281.020499777048826 ], [ 369344.838724577566609, 4670271.341188658028841 ], [ 369349.598861636419315, 4670260.700840265490115 ], [ 369364.552215707139112, 4670269.531732555478811 ], [ 369374.781144584878348, 4670277.561633581295609 ], [ 369385.15465881396085, 4670284.47812238521874 ], [ 369391.908381145622116, 4670292.239238942973316 ], [ 369397.222991362214088, 4670298.138765356503427 ], [ 369399.921590600453783, 4670301.087764621712267 ], [ 369409.892360500758514, 4670308.567125050351024 ], [ 369416.912624558550306, 4670312.880011345259845 ], [ 369429.753595874528401, 4670319.195464464835823 ], [ 369441.847078253747895, 4670325.302640214562416 ], [ 369471.115429126657546, 4670339.755489440634847 ], [ 369509.939215966383927, 4670361.584567951969802 ], [ 369534.784563800785691, 4670373.675939067266881 ], [ 369576.678311082767323, 4670396.226052234880626 ], [ 369591.705457604024559, 4670404.611740765161812 ], [ 369613.011725445569027, 4670412.992342391982675 ], [ 369621.85702981473878, 4670417.715951572172344 ], [ 369647.792552363185678, 4670426.23315126542002 ], [ 369654.01375145901693, 4670427.562034928239882 ], [ 369660.608890479372349, 4670426.773592106997967 ], [ 369671.765590269118547, 4670422.457475934177637 ], [ 369680.644599051796831, 4670420.071768153458834 ], [ 369686.868304291856475, 4670417.068730751052499 ], [ 369692.711901502567343, 4670415.849919475615025 ], [ 369703.267431840882637, 4670414.766130805015564 ], [ 369715.736984646413475, 4670414.424489529803395 ], [ 369733.415597134735435, 4670418.762768731452525 ], [ 369736.072953540831804, 4670419.491163585335016 ], [ 369741.59185079310555, 4670423.054595639929175 ], [ 369753.260083980450872, 4670424.060726236552 ], [ 369766.395984501286875, 4670410.600077737122774 ], [ 369777.08490808669012, 4670398.850793319754303 ], [ 369779.08151809318224, 4670399.591415569186211 ], [ 369780.255781837273389, 4670405.01235984172672 ], [ 369777.103892374667339, 4670413.290113431401551 ], [ 369774.779996094643138, 4670421.663640915416181 ], [ 369774.427573297172785, 4670433.888337857089937 ], [ 369777.729248180170543, 4670433.71624503377825 ], [ 369782.84796787891537, 4670451.39355197828263 ], [ 369791.622327982331626, 4670443.345123856328428 ], [ 369795.709416292200331, 4670436.494062569923699 ], [ 369799.429686007963028, 4670441.090443475171924 ], [ 369803.797858047590125, 4670449.451383737847209 ], [ 369805.52099630353041, 4670457.750123852863908 ], [ 369804.595534121268429, 4670461.321603984571993 ], [ 369812.822449038270861, 4670472.832408648915589 ], [ 369817.077223019907251, 4670479.529335585422814 ], [ 369824.422786293318495, 4670488.057427778840065 ], [ 369826.03814562689513, 4670499.46824580617249 ], [ 369827.861762764805462, 4670513.20777877792716 ], [ 369828.767145248595625, 4670521.965928630903363 ], [ 369829.230847871978767, 4670529.177196907810867 ], [ 369830.922091229702346, 4670544.69636641163379 ], [ 369835.016692695964593, 4670560.615435290150344 ], [ 369840.895472107222304, 4670574.724357306025922 ], [ 369846.142213740444276, 4670590.3999999249354 ], [ 369862.736732426681556, 4670607.643236042931676 ], [ 369880.987659392121714, 4670620.635092944838107 ], [ 369880.611958554480225, 4670636.081368108280003 ], [ 369882.120009756530635, 4670646.161285998299718 ], [ 369885.616381867381278, 4670656.537709094583988 ], [ 369891.17340398899978, 4670666.653932521119714 ], [ 369898.645811718597542, 4670682.066361352801323 ], [ 369902.168797823018394, 4670693.886266876012087 ], [ 369909.913527175085619, 4670710.626570199616253 ], [ 369918.727787788840942, 4670727.124985951930285 ], [ 369940.148905112815555, 4670746.278616080991924 ], [ 369955.657494887534995, 4670758.432677175849676 ], [ 369965.979924791434314, 4670767.128105830401182 ], [ 369981.274695171916392, 4670772.177409172989428 ], [ 369990.09675970079843, 4670775.680065807886422 ], [ 370003.019586342328694, 4670777.552028922364116 ], [ 370021.434251648257487, 4670781.544184570200741 ], [ 370049.35414984356612, 4670790.248332132585347 ], [ 370082.645653433864936, 4670803.518654116429389 ], [ 370109.224127147812396, 4670820.134040144272149 ], [ 370130.770724432775751, 4670837.175495565868914 ], [ 370146.256266368553042, 4670848.108564304187894 ], [ 370165.143674077116884, 4670850.870555265806615 ], [ 370182.06606742477743, 4670850.114428206346929 ], [ 370214.162189879629295, 4670847.856989460065961 ], [ 370240.172126046847552, 4670842.601711007766426 ], [ 370261.05059780459851, 4670841.328617705963552 ], [ 370264.709456704324111, 4670851.591139146126807 ], [ 370271.665693163871765, 4670861.459723624400795 ], [ 370279.482122766203247, 4670864.203730322420597 ], [ 370289.640446124365553, 4670864.016701291315258 ], [ 370309.164362475392409, 4670851.994495541788638 ], [ 370324.636591440066695, 4670844.267735913395882 ], [ 370326.087595593126025, 4670846.795734241604805 ], [ 370351.949428831518162, 4670860.426195441745222 ], [ 370359.823032971355133, 4670866.279312725178897 ], [ 370364.261486856790725, 4670869.529866312630475 ], [ 370375.198992232326418, 4670875.770920787937939 ], [ 370374.722722425009124, 4670872.336386552080512 ], [ 370378.018065920798108, 4670871.831461039371789 ], [ 370389.559344500652514, 4670883.94835545681417 ], [ 370406.636257257021498, 4670905.071515819057822 ], [ 370418.672060903045349, 4670921.622320900671184 ], [ 370423.396116727497429, 4670931.421026875264943 ], [ 370422.378766912792344, 4670938.992775333113968 ], [ 370411.990803648834117, 4670962.620473500341177 ], [ 370397.621538415900432, 4670989.875801202841103 ], [ 370383.866092678857967, 4671014.565166079439223 ], [ 370372.205724667059258, 4671031.885120625607669 ], [ 370367.399714013445191, 4671040.081964107230306 ], [ 370365.654661134525668, 4671052.998673950321972 ], [ 370356.763491456862539, 4671068.157295084558427 ], [ 370341.76717201404972, 4671083.761511807329953 ], [ 370334.621440720802639, 4671095.000445641577244 ], [ 370336.956204483518377, 4671118.616269928403199 ], [ 370346.245981484709773, 4671156.543731386773288 ], [ 370357.057422274432611, 4671182.891486821696162 ], [ 370366.296122709580231, 4671195.606075868010521 ], [ 370381.397387648234144, 4671212.655770436860621 ], [ 370393.292117244098336, 4671230.542007338255644 ], [ 370398.253564330167137, 4671239.780956272035837 ], [ 370409.39852613810217, 4671279.784766719676554 ], [ 370421.306159264524467, 4671325.328270677477121 ], [ 370424.256325472902972, 4671346.489166560582817 ], [ 370428.452221938176081, 4671363.517406098544598 ], [ 370436.511330323235597, 4671388.471930175088346 ], [ 370441.166800534643698, 4671399.049422558397055 ], [ 370448.59964666335145, 4671416.906731367111206 ], [ 370458.038009264389984, 4671440.503020734526217 ], [ 370470.828329223790206, 4671457.706456810235977 ], [ 370480.962627190630883, 4671469.738265504129231 ], [ 370494.917135352850892, 4671487.364632218144834 ], [ 370508.063211052445695, 4671510.448518219403923 ], [ 370528.402933260716964, 4671538.398533710278571 ], [ 370555.082769882807042, 4671565.232419944368303 ], [ 370572.663687171007041, 4671528.477053008042276 ], [ 370589.036688228137791, 4671493.410042269155383 ], [ 370608.170701717201155, 4671455.737657592631876 ], [ 370624.050617480766959, 4671420.790877876803279 ], [ 370603.315476801479235, 4671407.287483292631805 ], [ 370584.181947531818878, 4671395.531906769610941 ], [ 370567.593041821150109, 4671378.398068581707776 ], [ 370553.29799122386612, 4671360.222447385080159 ], [ 370542.725194854661822, 4671342.311668077483773 ], [ 370533.372718386293855, 4671323.378808191977441 ], [ 370528.282935026916675, 4671307.144464286975563 ], [ 370520.504483245429583, 4671283.961874848231673 ], [ 370512.995087812771089, 4671257.44212484639138 ], [ 370506.258409748668782, 4671228.020251519978046 ], [ 370503.369696031091735, 4671210.19042615685612 ], [ 370503.873202169139404, 4671201.628466797992587 ], [ 370507.451633025542833, 4671189.566688512451947 ], [ 370516.68145096860826, 4671174.846333012916148 ], [ 370524.20465150475502, 4671166.155356333591044 ], [ 370530.227065470302477, 4671156.71445188857615 ], [ 370515.406612140941434, 4671150.433472000993788 ], [ 370505.248553872399498, 4671141.623188531026244 ], [ 370498.034946609055623, 4671131.20375438965857 ], [ 370490.972028586606029, 4671111.007038912735879 ], [ 370484.7429145022179, 4671082.242297616787255 ], [ 370482.481776805070695, 4671044.629760421812534 ], [ 370481.296465318766423, 4671016.105519261211157 ], [ 370480.45689461985603, 4670992.906477422453463 ], [ 370482.047211380966473, 4670980.548021364025772 ], [ 370486.55868861527415, 4670969.801975452341139 ], [ 370492.97485873271944, 4670963.797103671357036 ], [ 370502.596691604529042, 4670961.398757147602737 ], [ 370516.74964493769221, 4670962.804735786281526 ], [ 370532.973381857154891, 4670964.505910075269639 ], [ 370555.115850985283032, 4670969.097368353977799 ], [ 370582.890497322136071, 4670974.474023154005408 ], [ 370609.734212831535842, 4670978.646069410257041 ], [ 370627.269071970891673, 4670979.768008645623922 ], [ 370642.690330018522218, 4670978.263024687767029 ], [ 370657.573264651698992, 4670974.435405254364014 ], [ 370673.945868001668714, 4670966.248589309863746 ], [ 370686.138127648737282, 4670964.358680955134332 ], [ 370709.113535625278018, 4670964.825595896691084 ], [ 370739.830616673862096, 4670968.482758179306984 ], [ 370765.266191756003536, 4670972.459081736393273 ], [ 370775.742266919231042, 4670980.597457593306899 ], [ 370787.598758577019908, 4670991.931671869009733 ], [ 370803.207345005823299, 4671000.64239708147943 ], [ 370827.975962873955723, 4671004.297950492240489 ], [ 370851.818653551046737, 4671011.524925773963332 ], [ 370862.364079659455456, 4671014.44168403185904 ], [ 370860.998479904606938, 4671025.574097150936723 ], [ 370872.445041897473857, 4671032.584082109853625 ], [ 370870.200340309937019, 4671049.841665998101234 ], [ 370865.234402594505809, 4671067.371279418468475 ], [ 370863.89644450135529, 4671075.504193371161819 ], [ 370864.021464790101163, 4671086.831431435421109 ], [ 370869.016971267061308, 4671097.958319026976824 ], [ 370866.562361293414142, 4671112.776130604557693 ], [ 370859.987834711791947, 4671123.670808012597263 ], [ 370848.949685539468192, 4671134.425174560397863 ], [ 370855.25432653009193, 4671144.861609685234725 ], [ 370855.354649256682023, 4671163.853397235274315 ], [ 370850.506034889316652, 4671183.269133758731186 ], [ 370843.053717209666502, 4671195.84603235963732 ], [ 370834.784880808205344, 4671204.43925219681114 ], [ 370823.419744179700501, 4671210.867781305685639 ], [ 370808.772773837554269, 4671214.024298197589815 ], [ 370790.848025878425688, 4671214.130896016024053 ], [ 370786.145350559731014, 4671236.987301158718765 ], [ 370785.513001249521039, 4671247.550920598208904 ], [ 370779.504410879511852, 4671266.765848127193749 ], [ 370770.414739979605656, 4671289.147373923100531 ], [ 370766.134522833046503, 4671299.000400735065341 ], [ 370764.070890524541028, 4671303.592290550470352 ], [ 370767.326245715143159, 4671305.42082556989044 ], [ 370764.518108542019036, 4671323.466319042257965 ], [ 370767.62161350378301, 4671321.521126176230609 ], [ 370776.924920274061151, 4671319.795423530973494 ], [ 370796.22479161596857, 4671318.108522800728679 ], [ 370834.431110487144906, 4671311.29880437348038 ], [ 370864.845063273969572, 4671307.520058771595359 ], [ 370888.459628912678454, 4671306.865057205781341 ], [ 370904.341949820634909, 4671308.017939465120435 ], [ 370920.055029646377079, 4671308.951810775324702 ], [ 370937.891664465772919, 4671313.067951058968902 ], [ 370959.698339038353879, 4671317.444631858728826 ], [ 370985.745953523961361, 4671327.852765214629471 ], [ 371009.446620500413701, 4671336.415712895803154 ], [ 371034.121950509783346, 4671344.072303916327655 ], [ 371045.887239063973539, 4671345.967318321578205 ], [ 371066.261384298210032, 4671348.815513972193003 ], [ 371080.298310217622202, 4671348.447532399557531 ], [ 371095.793268270383123, 4671346.497865902259946 ], [ 371105.799927430518437, 4671347.09227638412267 ], [ 371112.395020843134262, 4671350.859184617176652 ], [ 371119.587174186308403, 4671360.168860545381904 ], [ 371129.823352635605261, 4671373.310433664359152 ], [ 371139.339935680152848, 4671383.244046652689576 ], [ 371152.634934182744473, 4671391.997821539640427 ], [ 371168.173134691489395, 4671396.934088410809636 ], [ 371179.730485673411749, 4671396.500577018596232 ], [ 371191.966098792268895, 4671392.500324641354382 ], [ 371202.606281847809441, 4671387.08530739787966 ], [ 371210.32364061078988, 4671379.946565891616046 ], [ 371221.975878508412279, 4671366.626847098581493 ], [ 371233.094740645261481, 4671355.760519542731345 ], [ 371240.536004688648973, 4671347.071830189786851 ], [ 371246.705306914052926, 4671345.626183537766337 ], [ 371248.69820305518806, 4671337.148162911646068 ], [ 371248.031610233534593, 4671323.276143658906221 ], [ 371247.7927600654657, 4671314.727840424515307 ], [ 371251.596396537963301, 4671305.883505448698997 ], [ 371253.11145993421087, 4671293.85986493062228 ], [ 371253.098042627214454, 4671284.085632327012718 ], [ 371254.597499975468963, 4671275.727707141079009 ], [ 371260.904424353153445, 4671263.727568250149488 ], [ 371265.565183659957256, 4671247.536721996031702 ], [ 371267.361924541008193, 4671232.84217350743711 ], [ 371266.528174531180412, 4671218.862137063406408 ], [ 371277.815146910725161, 4671212.657913270406425 ], [ 371294.770576191483997, 4671209.238056054338813 ], [ 371306.119024629238993, 4671210.918979063630104 ], [ 371314.879555415245704, 4671215.646179771050811 ], [ 371326.625821319932584, 4671225.53931103553623 ], [ 371336.12551456282381, 4671230.030888624489307 ], [ 371349.702197546488605, 4671236.114124864339828 ], [ 371363.077741048880853, 4671244.755750537849963 ], [ 371373.408353850594722, 4671258.562379879876971 ], [ 371381.206701962335501, 4671269.416271824389696 ], [ 371386.074617234873585, 4671282.656217428855598 ], [ 371387.315920211549383, 4671287.298642498441041 ], [ 371383.40978618315421, 4671299.58804754447192 ], [ 371383.739699957484845, 4671313.132994857616723 ], [ 371389.161334310134407, 4671325.02994993980974 ], [ 371390.904737761477008, 4671334.550443988293409 ], [ 371384.770940677786712, 4671346.99159483704716 ], [ 371377.189612036047038, 4671348.018607695586979 ], [ 371372.558545921463519, 4671361.320920750498772 ], [ 371371.147638371272478, 4671370.010420863516629 ], [ 371372.703592704550829, 4671378.312525449320674 ], [ 371374.762597742141224, 4671382.495723342522979 ], [ 371369.251552641217131, 4671397.369138519279659 ], [ 371360.631192720669787, 4671400.303395508788526 ], [ 371344.892615949269384, 4671402.47907864395529 ], [ 371334.703225259610917, 4671405.442025073803961 ], [ 371325.150153837807011, 4671407.060479938052595 ], [ 371317.444301970594097, 4671410.311306610703468 ], [ 371312.848146892443765, 4671411.950300973840058 ], [ 371301.966514442116022, 4671404.151802733540535 ], [ 371288.112526270793751, 4671400.961648889817297 ], [ 371301.426148677943274, 4671415.269035657867789 ], [ 371312.100591970258392, 4671425.292789619415998 ], [ 371320.829571299953386, 4671437.35142220929265 ], [ 371331.304888896469492, 4671450.044606926850975 ], [ 371344.47896826727083, 4671461.24455741327256 ], [ 371355.556607112870552, 4671475.259657408110797 ], [ 371364.103514149261173, 4671481.879058974795043 ], [ 371372.829759004933294, 4671489.272710521705449 ], [ 371380.208890141686425, 4671499.801029774360359 ], [ 371387.178611616254784, 4671506.004962190054357 ], [ 371400.986252250033431, 4671511.195471301674843 ], [ 371416.781873642001301, 4671516.682937450706959 ], [ 371428.881637556594796, 4671523.348632317967713 ], [ 371444.086483522201888, 4671523.626485016196966 ], [ 371461.556962634378579, 4671521.308335368521512 ], [ 371478.679381739289965, 4671522.550932441838086 ], [ 371489.493781986820977, 4671526.685490580275655 ], [ 371507.704828352842014, 4671537.793837391771376 ], [ 371523.582878325658385, 4671543.280033639632165 ], [ 371527.409897505654953, 4671544.765260556712747 ], [ 371529.82090969447745, 4671545.609874469228089 ], [ 371535.144485411001369, 4671547.623177896253765 ], [ 371552.45020313502755, 4671549.862269320525229 ], [ 371567.84847935475409, 4671551.691887573339045 ], [ 371582.924942998914048, 4671558.525711461901665 ], [ 371600.706663791497704, 4671568.753529419191182 ], [ 371606.126947150391061, 4671571.542636221274734 ], [ 371614.628970814635977, 4671575.71953088697046 ], [ 371626.534946306957863, 4671580.834058111533523 ], [ 371633.759810913936235, 4671582.923856402747333 ], [ 371641.649351301894058, 4671585.223696368746459 ], [ 371659.23301761149196, 4671589.124081023968756 ], [ 371677.175299230613746, 4671594.57300310023129 ], [ 371690.025620823143981, 4671597.115742520429194 ], [ 371709.083851715782657, 4671604.876956798136234 ], [ 371722.427921806345694, 4671611.853696134872735 ], [ 371730.102013647730928, 4671615.934730307199061 ], [ 371739.437780916981865, 4671620.540881175547838 ], [ 371762.818281417130493, 4671629.778558791615069 ], [ 371781.688947296934202, 4671636.321571039967239 ], [ 371796.317759423167445, 4671641.275738711468875 ], [ 371819.137710723676719, 4671642.415448176674545 ], [ 371840.763167409517337, 4671641.466572223231196 ], [ 371857.246540995838586, 4671639.389503109268844 ], [ 371863.639184574421961, 4671636.607447673566639 ], [ 371865.419791829946917, 4671639.129741120152175 ], [ 371868.586762921302579, 4671654.289170141331851 ], [ 371869.203188767074607, 4671656.388349143788218 ], [ 371861.616327672963962, 4671661.635738058947027 ], [ 371842.380403734568972, 4671675.869871633127332 ], [ 371818.947228612203617, 4671690.957956536673009 ], [ 371803.0827290576417, 4671699.799330337904394 ], [ 371828.406725378532428, 4671747.766431350260973 ], [ 371807.471347244048957, 4671763.919847303070128 ], [ 371809.030486291507259, 4671767.890110909938812 ], [ 371814.197015531593934, 4671774.904774638824165 ], [ 371823.075722058594692, 4671786.183745632879436 ], [ 371840.295686003693845, 4671815.526971318759024 ], [ 371846.584389519062825, 4671829.741004280745983 ], [ 371823.166429302887991, 4671854.71435094345361 ], [ 371804.084153903997503, 4671868.279381499625742 ], [ 371805.810447833384387, 4671872.357675125822425 ], [ 371808.37260202865582, 4671876.97612243052572 ], [ 371834.696071330166887, 4671875.497398181818426 ], [ 371850.393541222030763, 4671875.656058284454048 ], [ 371861.001867077429779, 4671882.127447684295475 ], [ 371866.555130194697995, 4671892.245162967592478 ], [ 371877.538637202000245, 4671910.261376509442925 ], [ 371883.92141074052779, 4671916.032154374755919 ], [ 371888.803682608762756, 4671921.052718088030815 ], [ 371875.557799788133707, 4671928.513437664136291 ], [ 371866.605596333742142, 4671931.342059822753072 ], [ 371860.495041371672414, 4671931.453232043422759 ], [ 371855.093573550519068, 4671934.21726830676198 ], [ 371847.964618310681544, 4671946.453976761549711 ], [ 371839.276603801117744, 4671954.720422728918493 ], [ 371823.32001493423013, 4671963.008086656220257 ], [ 371813.57244189537596, 4671967.517354937270284 ], [ 371801.249191536277067, 4671975.738942560739815 ], [ 371792.945841913868207, 4671982.443420210853219 ], [ 371783.357398761960212, 4671986.616615297272801 ], [ 371783.599362318695057, 4671990.83299970254302 ], [ 371781.281521147815511, 4671995.095986237749457 ], [ 371776.220537209243048, 4671998.409254815429449 ], [ 371767.276545739499852, 4672001.682152769528329 ], [ 371749.420611097477376, 4672005.450564432889223 ], [ 371749.544279951485805, 4672016.777802349999547 ], [ 371742.644453758897725, 4672018.902774436399341 ], [ 371717.193785382434726, 4672022.920656594447792 ], [ 371716.811602074885741, 4672029.147731428034604 ], [ 371718.747556047630496, 4672035.665802359580994 ], [ 371722.383175260736607, 4672040.264666875824332 ], [ 371726.741730083245784, 4672043.739631338045001 ], [ 371729.488910594547633, 4672044.911403942853212 ], [ 371736.767872742493637, 4672049.999286781996489 ], [ 371739.626268632593565, 4672057.278077193535864 ], [ 371737.651242346910294, 4672066.755289293825626 ] ], [ [ 372837.012460932834074, 4671949.519711806438863 ], [ 372837.409295526857022, 4671948.623964955098927 ], [ 372840.05970216228161, 4671949.020402397960424 ], [ 372844.023283296381123, 4671948.948841211386025 ], [ 372848.295111920218915, 4671947.649917239323258 ], [ 372854.911493365478236, 4671943.531851695850492 ], [ 372862.873130600666627, 4671940.722381030209363 ], [ 372870.14972545474302, 4671941.146393612958491 ], [ 372876.099111615039874, 4671941.261151279322803 ], [ 372880.457533049397171, 4671940.18282966222614 ], [ 372884.83198810799513, 4671939.992803010158241 ], [ 372888.666496172605548, 4671941.922905297018588 ], [ 372896.074097004486248, 4671963.337319615297019 ], [ 372904.529071587428916, 4671983.288894645869732 ], [ 372910.763789111631922, 4671990.062892616726458 ], [ 372916.956419684924185, 4671994.505128629505634 ], [ 372927.279745817766525, 4671998.983911698684096 ], [ 372937.133657181926537, 4672004.915123155340552 ], [ 372942.587099216936622, 4672009.592862089164555 ], [ 372954.254702032601926, 4672024.488262697122991 ], [ 372965.313742442813236, 4672042.282547443173826 ], [ 372970.740641409647651, 4672050.070819992572069 ], [ 372977.219416293315589, 4672052.064346000552177 ], [ 372979.394360559526831, 4672053.580136140808463 ], [ 372990.67745666753035, 4672065.483565291389823 ], [ 373004.89462159620598, 4672079.777700938284397 ], [ 373015.815308826044202, 4672089.910540216602385 ], [ 373021.939226500573568, 4672095.131610508076847 ], [ 373027.549681307340506, 4672099.362289348617196 ], [ 373043.580308347241953, 4672104.293701834045351 ], [ 373055.899144384660758, 4672109.514200097881258 ], [ 373065.73077684873715, 4672114.224184700287879 ], [ 373073.264372647972777, 4672119.753107569180429 ], [ 373080.351075748738367, 4672123.401857490651309 ], [ 373079.954221967083868, 4672124.297590433619916 ], [ 373089.297852609422989, 4672134.01466865465045 ], [ 373096.555142106313724, 4672142.547554577700794 ], [ 373102.813545314711519, 4672150.654155655764043 ], [ 373088.272306488011964, 4672155.025873132050037 ], [ 373064.249304977187421, 4672160.346025830134749 ], [ 373043.932572006888222, 4672160.490105545148253 ], [ 373028.701273721701, 4672158.654319675639272 ], [ 373015.723924198478926, 4672153.556817542761564 ], [ 372999.856052187620662, 4672153.065443345345557 ], [ 372984.604231444187462, 4672154.673374769277871 ], [ 372977.951935547287576, 4672156.792664424516261 ], [ 372973.549118354450911, 4672159.982112704776227 ], [ 372961.878410760138649, 4672158.637611708603799 ], [ 372940.993674801953603, 4672159.347597665153444 ], [ 372921.04127722379053, 4672161.373694490641356 ], [ 372919.673305969627108, 4672145.070689643733203 ], [ 372916.784119438088965, 4672136.014862109906971 ], [ 372914.408394438913092, 4672127.949424402788281 ], [ 372911.418589040404186, 4672117.89576003048569 ], [ 372908.623978070332669, 4672109.504665005020797 ], [ 372905.412073466111906, 4672105.452937631867826 ], [ 372907.341720863711089, 4672102.530223734676838 ], [ 372908.115350383683108, 4672099.628372029401362 ], [ 372908.731849979667459, 4672097.173646883107722 ], [ 372903.975516584527213, 4672089.928682227618992 ], [ 372897.51519930921495, 4672084.380563823506236 ], [ 372888.33797684230376, 4672079.32577836420387 ], [ 372877.738959556329064, 4672073.29701351840049 ], [ 372870.879770606290549, 4672068.533627137541771 ], [ 372866.67293854302261, 4672064.277730361558497 ], [ 372864.053034219192341, 4672060.99284285120666 ], [ 372863.624522652011365, 4672055.558014385402203 ], [ 372863.953593654325232, 4672046.333036991767585 ], [ 372864.594920632021967, 4672036.102768363431096 ], [ 372863.687394418753684, 4672027.011187140829861 ], [ 372859.952312670939136, 4672016.859922736883163 ], [ 372854.71123145648744, 4672001.071138723753393 ], [ 372849.499814186710864, 4671991.501895516179502 ], [ 372845.380272189970128, 4671978.358615068718791 ], [ 372843.956843542517163, 4671972.719604957848787 ], [ 372840.737203035911079, 4671963.669770690612495 ], [ 372837.012460932834074, 4671949.519711806438863 ] ], [ [ 370531.034407976665534, 4670485.81274266820401 ], [ 370545.657336449832655, 4670485.766220460645854 ], [ 370564.555704334168695, 4670489.084480611607432 ], [ 370582.491496838396415, 4670493.975504705682397 ], [ 370591.691865354776382, 4670495.583709826692939 ], [ 370597.929105354705825, 4670497.801712883636355 ], [ 370597.802665115217678, 4670499.914438703097403 ], [ 370598.164634880027734, 4670506.127928638830781 ], [ 370600.543451389065012, 4670532.186605324968696 ], [ 370569.998787991702557, 4670542.52211740706116 ], [ 370535.421503650140949, 4670553.709377364255488 ], [ 370516.244032555026934, 4670562.170168599113822 ], [ 370504.844146843068302, 4670544.274616849608719 ], [ 370494.54238965921104, 4670527.691785844042897 ], [ 370493.335082539822906, 4670524.937126982957125 ], [ 370509.486265448504128, 4670513.643969383090734 ], [ 370519.938639740692452, 4670502.45556958578527 ], [ 370525.928042609244585, 4670495.681075682863593 ], [ 370528.192641356494278, 4670488.530732745304704 ], [ 370528.069243869045749, 4670486.311521633528173 ], [ 370531.034407976665534, 4670485.81274266820401 ] ], [ [ 365861.924311313021462, 4670135.175454215146601 ], [ 365876.55836646084208, 4670148.670450810343027 ], [ 365894.271901967353188, 4670158.99671930167824 ], [ 365919.09509150008671, 4670169.520984176546335 ], [ 365941.052867561462335, 4670177.100768334232271 ], [ 365958.461871104547754, 4670175.769916127435863 ], [ 365980.99214948626468, 4670170.009712954051793 ], [ 366003.721693555940874, 4670161.691027710214257 ], [ 366025.52793978783302, 4670152.612433706410229 ], [ 366043.14075973269064, 4670144.613311938010156 ], [ 366057.095816843095236, 4670139.793907340615988 ], [ 366073.189691224251874, 4670138.821570080704987 ], [ 366086.390233887243085, 4670142.125167002901435 ], [ 366097.644289375981316, 4670147.354078143835068 ], [ 366107.506509176921099, 4670157.607904468663037 ], [ 366113.061307662981562, 4670162.945126333273947 ], [ 366117.74971845804248, 4670170.520347011275589 ], [ 366123.445832304656506, 4670183.297032887116075 ], [ 366128.091369767324068, 4670197.315524780191481 ], [ 366136.659014017437585, 4670213.369971510954201 ], [ 366146.472578820888884, 4670221.070006703026593 ], [ 366155.875595201505348, 4670224.556937006302178 ], [ 366174.944866037811153, 4670223.639388591982424 ], [ 366202.778189040487632, 4670218.667801402509212 ], [ 366224.842424692003988, 4670214.472301293164492 ], [ 366245.769297320279293, 4670211.298148984089494 ], [ 366268.312299359880853, 4670206.205086532980204 ], [ 366285.873810500081163, 4670204.205687819048762 ], [ 366297.517418187460862, 4670208.205673404969275 ], [ 366300.153758121014107, 4670212.154412486590445 ], [ 366311.388573620934039, 4670216.384329352527857 ], [ 366320.949931030801963, 4670223.867230605334044 ], [ 366334.536977291514631, 4670234.495004743337631 ], [ 366356.476738394179847, 4670245.519771593622863 ], [ 366376.641423721797764, 4670258.799794936552644 ], [ 366389.813721117679961, 4670264.992471433244646 ], [ 366412.481925274420064, 4670275.226057855412364 ], [ 366421.333916080300696, 4670280.167775001376867 ], [ 366437.545339949021582, 4670285.414315726608038 ], [ 366443.520117646141443, 4670282.413083246909082 ], [ 366445.613953341380693, 4670288.260455898940563 ], [ 366448.353820635704324, 4670293.318049455992877 ], [ 366455.496505330083892, 4670299.625121672637761 ], [ 366467.419199277297594, 4670305.286236591637135 ], [ 366485.948967049422208, 4670315.154167159460485 ], [ 366515.209200272802263, 4670328.817622690461576 ], [ 366534.412215841468424, 4670339.339381134137511 ], [ 366550.65647191775497, 4670350.694757878780365 ], [ 366566.129393986833747, 4670364.95276443567127 ], [ 366580.870015826658346, 4670375.448068046942353 ], [ 366596.680118835007306, 4670385.701000545173883 ], [ 366629.480254850233905, 4670403.07449319306761 ], [ 366644.537007911130786, 4670408.454423733986914 ], [ 366660.385411435563583, 4670416.374162836931646 ], [ 366679.202964871714357, 4670424.015605293214321 ], [ 366699.907535271544475, 4670430.954940079711378 ], [ 366717.992159362067468, 4670439.165729978121817 ], [ 366727.745263770339079, 4670448.089520807377994 ], [ 366735.801675341790542, 4670459.044787675142288 ], [ 366744.090445333626121, 4670473.550112824887037 ], [ 366757.691766215953976, 4670480.623945707455277 ], [ 366774.098416937049478, 4670491.865663848817348 ], [ 366787.757073983782902, 4670497.605551832355559 ], [ 366792.576868743170053, 4670499.069502247497439 ], [ 366800.853714118129574, 4670495.46966880466789 ], [ 366804.036441032832954, 4670484.635099361650646 ], [ 366812.747513135371264, 4670455.923821207135916 ], [ 366821.924846597597934, 4670425.648677264340222 ], [ 366833.054398105246946, 4670398.113563775084913 ], [ 366837.861838782671839, 4670385.804319176822901 ], [ 366841.015880281571299, 4670382.190274377353489 ], [ 366843.339019297331106, 4670382.70175551623106 ], [ 366842.656328805955127, 4670399.042872335761786 ], [ 366855.704140634741634, 4670398.685243240557611 ], [ 366860.689174377825111, 4670400.146119968034327 ], [ 366863.795515647507273, 4670402.753258870914578 ], [ 366864.28611051797634, 4670406.853812231682241 ], [ 366865.235830225166865, 4670413.38936931733042 ], [ 366865.507236969191581, 4670423.381107494235039 ], [ 366865.272590415203013, 4670432.827025723643601 ], [ 366866.826961909653619, 4670445.127126096747816 ], [ 366868.155302874161862, 4670454.210284837521613 ], [ 366872.58785475930199, 4670465.789549536071718 ], [ 366876.592741480271798, 4670476.599362308159471 ], [ 366879.316762174712494, 4670485.21184962335974 ], [ 366877.557666055043228, 4670492.687195078469813 ], [ 366875.366727939748671, 4670499.171013308688998 ], [ 366871.9578762857127, 4670506.788606037385762 ], [ 366869.85583516897168, 4670513.603975865989923 ], [ 366869.770369865116663, 4670517.826490244828165 ], [ 366874.300939943059348, 4670525.849461776204407 ], [ 366880.407056171563454, 4670534.175898652523756 ], [ 366888.52684705844149, 4670544.130443431437016 ], [ 366888.325217200559564, 4670546.577931074425578 ], [ 366886.793715328269172, 4670548.606236907653511 ], [ 366894.848457629675977, 4670555.118651814758778 ], [ 366906.394343722146004, 4670567.11894497461617 ], [ 366920.347948753042147, 4670579.740238144993782 ], [ 366933.698196060373448, 4670591.040036315098405 ], [ 366945.714348709268961, 4670601.698592961765826 ], [ 366953.080162437981926, 4670611.11206263769418 ], [ 366951.004062074236572, 4670614.927858363837004 ], [ 366953.096113906707615, 4670616.332346078939736 ], [ 366957.949335459969006, 4670619.572994044981897 ], [ 366964.079165157862008, 4670624.788913995027542 ], [ 366970.393036689609289, 4670631.001050523482263 ], [ 366981.196187604626175, 4670638.683506274595857 ], [ 366997.532940389704891, 4670646.26152032148093 ], [ 367017.38755345181562, 4670651.995954970829189 ], [ 367035.35178508219542, 4670653.878449995070696 ], [ 367060.19622320815688, 4670656.964087861590087 ], [ 367071.749730594630819, 4670660.633776195347309 ], [ 367084.415514756925404, 4670661.949900523759425 ], [ 367090.678690359345637, 4670656.722248311154544 ], [ 367097.206404628872406, 4670652.378221703693271 ], [ 367106.371682901866734, 4670643.319254343397915 ], [ 367116.897064986173064, 4670631.902049510739744 ], [ 367124.979401150310878, 4670626.751198118552566 ], [ 367144.276529060502071, 4670624.832246917299926 ], [ 367161.68661752785556, 4670623.615382046438754 ], [ 367171.435480835672934, 4670619.210699648596346 ], [ 367180.149300129036419, 4670612.492943697609007 ], [ 367194.100878496887162, 4670603.121723463758826 ], [ 367213.987670970032923, 4670597.415265120565891 ], [ 367234.602180530433543, 4670595.249586712568998 ], [ 367251.550188036519103, 4670587.043861896730959 ], [ 367266.01628611353226, 4670578.662781304679811 ], [ 367281.912649650243111, 4670576.030746052972972 ], [ 367299.902068812516518, 4670579.246357711963356 ], [ 367318.452887250925414, 4670581.562834880314767 ], [ 367330.653501114109531, 4670588.886269507929683 ], [ 367343.614140513760503, 4670597.084023206494749 ], [ 367354.853932330966927, 4670601.64868722576648 ], [ 367373.24784471350722, 4670604.412563203833997 ], [ 367387.283184867876116, 4670608.258201729506254 ], [ 367404.98278811853379, 4670618.033013145439327 ], [ 367420.605017218505964, 4670627.180499686859548 ], [ 367435.307136861141771, 4670640.121913023293018 ], [ 367447.959044361778069, 4670653.879456345923245 ], [ 367458.426897106925026, 4670670.12177596706897 ], [ 367464.234109611599706, 4670684.563486117869616 ], [ 367465.459128168178722, 4670696.980949033983052 ], [ 367467.337468282901682, 4670713.384857262484729 ], [ 367466.7821315334877, 4670723.392138938419521 ], [ 367464.246719229151495, 4670733.547743425704539 ], [ 367460.995157399331219, 4670745.160808481276035 ], [ 367457.84917427552864, 4670757.993725189939141 ], [ 367455.843875841586851, 4670765.5846146363765 ], [ 367456.328809716680553, 4670773.795113594271243 ], [ 367458.43307914712932, 4670784.640972874127328 ], [ 367461.094582143239677, 4670794.365590523928404 ], [ 367465.527094711665995, 4670801.61322293523699 ], [ 367465.299084199650679, 4670807.060234509408474 ], [ 367467.113791027804837, 4670815.690023633651435 ], [ 367467.202475409780163, 4670824.796584950760007 ], [ 367466.704681703005917, 4670833.469874766655266 ], [ 367465.081975082284771, 4670843.830465475097299 ], [ 367463.06304014736088, 4670855.087118491530418 ], [ 367458.367695349268615, 4670873.391908949241042 ], [ 367452.95206057257019, 4670892.932091080583632 ], [ 367451.800826512044296, 4670906.393945179879665 ], [ 367452.070308101188857, 4670920.717678941786289 ], [ 367457.684057759062853, 4670929.275993662886322 ], [ 367476.552063296956476, 4670913.370419076643884 ], [ 367505.767094510199968, 4670880.942140351049602 ], [ 367519.515766117721796, 4670869.576004262082279 ], [ 367525.162188666174188, 4670866.692933849059045 ], [ 367552.04463034379296, 4670855.190999050624669 ], [ 367580.771243652736302, 4670845.09849594719708 ], [ 367604.817484466009773, 4670836.538049493916333 ], [ 367621.936725623090751, 4670828.663214999251068 ], [ 367635.124245724873617, 4670818.196467644535005 ], [ 367649.25698904634919, 4670805.268321996554732 ], [ 367655.439924841222819, 4670800.153765300288796 ], [ 367657.394957528682426, 4670798.673056117258966 ], [ 367658.04524481901899, 4670798.10546206869185 ], [ 367663.358918089186773, 4670803.892672988586128 ], [ 367660.429498332669027, 4670806.280289519578218 ], [ 367658.069863221608102, 4670808.21290125977248 ], [ 367656.587019107188098, 4670817.237898235209286 ], [ 367653.981303756940179, 4670828.061201832257211 ], [ 367653.535425835871138, 4670839.510390045121312 ], [ 367653.130423502472695, 4670848.73729364387691 ], [ 367656.932874694699422, 4670866.438003190793097 ], [ 367665.595101989689283, 4670892.155968210659921 ], [ 367679.664289516105782, 4670915.439797426573932 ], [ 367692.806597891030833, 4670928.966383893974125 ], [ 367697.110328810755163, 4670933.772900039330125 ], [ 367706.007237013545819, 4670945.602021175436676 ], [ 367708.320044232415967, 4670958.776616767980158 ], [ 367717.024625946593005, 4670969.165375792421401 ], [ 367735.540397238335572, 4670978.481338054873049 ], [ 367744.55075421964284, 4670978.7564886091277 ], [ 367751.025915082776919, 4670980.412149615585804 ], [ 367772.299019773898181, 4670995.785615455359221 ], [ 367772.427455114375334, 4670998.22687257360667 ], [ 367773.273628009017557, 4671008.096737640909851 ], [ 367772.02333229710348, 4671025.114802581258118 ], [ 367767.308577110583428, 4671042.420045956969261 ], [ 367758.926183190080337, 4671066.791914994828403 ], [ 367748.667302649351768, 4671092.420857865363359 ], [ 367739.42086362966802, 4671110.366578715853393 ], [ 367739.06084881251445, 4671117.59326771274209 ], [ 367730.55309597030282, 4671144.077976152300835 ], [ 367720.564323448110372, 4671166.480700545012951 ], [ 367710.940585092757829, 4671186.321842528879642 ], [ 367703.024898740055505, 4671209.129972551949322 ], [ 367723.897501872386783, 4671216.402256366796792 ], [ 367744.087253348669037, 4671226.908620167523623 ], [ 367751.22991425008513, 4671233.328002977184951 ], [ 367757.084564588381909, 4671241.54878506064415 ], [ 367760.370755706564523, 4671249.373482420109212 ], [ 367764.737573793623596, 4671261.954158147796988 ], [ 367767.297167127369903, 4671270.681104387156665 ], [ 367774.33842270297464, 4671276.10272915288806 ], [ 367790.270312344131526, 4671284.245469184592366 ], [ 367810.252929500071332, 4671292.534382238984108 ], [ 367827.608741692500189, 4671297.318208993412554 ], [ 367838.368263886834029, 4671302.781207218766212 ], [ 367851.608090367983095, 4671312.751800323836505 ], [ 367858.74088357121218, 4671323.059123660437763 ], [ 367872.152780931792222, 4671337.802784599363804 ], [ 367886.267587690032087, 4671345.979814361780882 ], [ 367906.485165961144958, 4671353.598127728328109 ], [ 367921.370209386455826, 4671363.204766800627112 ], [ 367941.070666431100108, 4671378.497099537402391 ], [ 367961.720400827063713, 4671391.550175633281469 ], [ 367990.624774443043862, 4671408.669489709660411 ], [ 368025.394408426363952, 4671425.790102830156684 ], [ 368064.216616263380274, 4671443.16820256691426 ], [ 368097.612606297479942, 4671457.53799484949559 ], [ 368132.949401398771442, 4671474.09312042221427 ], [ 368166.956413695355877, 4671490.229001655243337 ], [ 368198.204849988396745, 4671504.639446810819209 ], [ 368217.899630763335153, 4671515.267445931211114 ], [ 368201.707570180529729, 4671550.559215142391622 ], [ 368179.255301354220137, 4671613.292793657630682 ], [ 368164.379271511104889, 4671652.669842424802482 ], [ 368148.345237321103923, 4671691.95753344707191 ], [ 368108.276998702436686, 4671669.715029128827155 ], [ 368060.430862695560791, 4671642.397871669381857 ], [ 368015.283078219043091, 4671618.029508494772017 ], [ 367969.354962790734135, 4671596.119716433808208 ], [ 367919.393990909215063, 4671570.620330410078168 ], [ 367863.391026440658607, 4671540.125134674832225 ], [ 367828.652006969845388, 4671520.227853059768677 ], [ 367788.322794707142748, 4671492.993572960607708 ], [ 367736.87937887472799, 4671463.413442646153271 ], [ 367690.299117426329758, 4671442.073020830750465 ], [ 367636.835371956171002, 4671410.532170630991459 ], [ 367594.327217334066518, 4671386.116791122592986 ], [ 367534.215356242260896, 4671348.148162418045104 ], [ 367514.502307532238774, 4671336.63374893553555 ], [ 367486.336294602020644, 4671332.498336884193122 ], [ 367447.105179690290242, 4671324.239269940182567 ], [ 367405.490567315020598, 4671312.24869329482317 ], [ 367368.311286320677027, 4671294.509965286590159 ], [ 367324.594108602381311, 4671280.560069823637605 ], [ 367289.321242087928113, 4671267.562114343047142 ], [ 367265.530641638906673, 4671258.902094146236777 ], [ 367239.765209129545838, 4671246.280625627376139 ], [ 367216.683111249469221, 4671231.387144951149821 ], [ 367188.446964863105677, 4671206.038661153055727 ], [ 367161.799742445407901, 4671186.103057152591646 ], [ 367119.979712870204821, 4671167.675564041361213 ], [ 367067.639669527183287, 4671147.780666305683553 ], [ 367031.847058683517389, 4671133.57192194648087 ], [ 366981.080638515413739, 4671109.538120996206999 ], [ 366959.906687515904196, 4671099.496773841790855 ], [ 366959.350036022427958, 4671109.393081747926772 ], [ 366959.029532292159274, 4671136.168537263758481 ], [ 366973.422974199522287, 4671145.893605032004416 ], [ 366991.323147837421857, 4671166.326896766200662 ], [ 367007.78490016394062, 4671189.342140928842127 ], [ 367016.59215436381055, 4671209.502850061282516 ], [ 367021.032858586928342, 4671230.30137503053993 ], [ 367020.374272209592164, 4671252.306922774761915 ], [ 367018.868472047557589, 4671264.442669544368982 ], [ 367015.234358662914019, 4671277.618281756527722 ], [ 367005.4717991623329, 4671259.363908618688583 ], [ 366992.545002248953097, 4671244.168351747095585 ], [ 366979.303770832717419, 4671234.199343238957226 ], [ 366961.801650488690939, 4671226.088046012446284 ], [ 366943.906743707833812, 4671223.426952467299998 ], [ 366933.494782581343316, 4671223.290387670509517 ], [ 366920.754987214808352, 4671226.752257594838738 ], [ 366906.126246670493856, 4671230.805220696143806 ], [ 366896.927122763707303, 4671233.644859700463712 ], [ 366886.555794963845983, 4671231.286068484187126 ], [ 366871.901299625460524, 4671225.231634618714452 ], [ 366856.941003839019686, 4671211.740887987427413 ], [ 366850.05435612401925, 4671201.429861827753484 ], [ 366841.170319619704969, 4671181.604021314531565 ], [ 366832.846815376426093, 4671165.210964808240533 ], [ 366829.341746128862724, 4671180.827925713732839 ], [ 366826.413412751513533, 4671191.990928280167282 ], [ 366821.064994102343917, 4671188.759743223898113 ], [ 366815.255362728144974, 4671182.98252279125154 ], [ 366806.132525514345616, 4671172.380583595484495 ], [ 366793.442394473240711, 4671156.625512338243425 ], [ 366783.670707096345723, 4671151.034310298971832 ], [ 366768.712908337358385, 4671146.429810808971524 ], [ 366770.690043520065956, 4671137.395224012434483 ], [ 366770.869885589578189, 4671125.062332956120372 ], [ 366764.912477204808965, 4671115.844574281945825 ], [ 366767.147876421571709, 4671107.36048517562449 ], [ 366770.896414787741378, 4671091.516733777709305 ], [ 366772.651011174777523, 4671083.819275335408747 ], [ 366778.053408099105582, 4671068.055330037139356 ], [ 366765.726265009550843, 4671045.295618962496519 ], [ 366755.461622915812768, 4671022.385841874405742 ], [ 366748.446545413695276, 4671005.301668141037226 ], [ 366741.982989732292481, 4670995.53811610955745 ], [ 366736.868121171602979, 4670987.1930523943156 ], [ 366727.901030188542791, 4670980.475933358073235 ], [ 366712.88545575295575, 4670977.20554780960083 ], [ 366695.375428432482295, 4670973.093779602088034 ], [ 366665.841193321160972, 4670970.986832541413605 ], [ 366638.034972381195985, 4670968.514068205840886 ], [ 366627.744252059259452, 4670961.71105089597404 ], [ 366613.773995097086299, 4670948.202040987089276 ], [ 366618.85992230346892, 4670937.553479740396142 ], [ 366630.59198403370101, 4670920.114514387212694 ], [ 366646.734691231162287, 4670891.262280713766813 ], [ 366661.430861609929707, 4670864.547920871526003 ], [ 366678.33929929358419, 4670871.781142048537731 ], [ 366700.977182178408839, 4670884.904129208996892 ], [ 366739.832478112075478, 4670908.050532487221062 ], [ 366768.216314881283324, 4670927.951785625889897 ], [ 366791.658730483031832, 4670939.949071856215596 ], [ 366808.738318811636418, 4670947.512586657889187 ], [ 366831.585796426690649, 4670945.525619846768677 ], [ 366846.7379117590026, 4670942.906628597527742 ], [ 366846.924952938221395, 4670926.574862913228571 ], [ 366845.466525523574091, 4670910.607425539754331 ], [ 366841.69561412895564, 4670894.6836944706738 ], [ 366831.897808250621893, 4670878.984955790452659 ], [ 366830.99364219699055, 4670866.117183707654476 ], [ 366835.391962594236247, 4670854.037799957208335 ], [ 366837.875315310782753, 4670845.549057538621128 ], [ 366804.067563336982857, 4670866.515101202763617 ], [ 366793.433918570168316, 4670859.051868348382413 ], [ 366775.737495979527012, 4670840.725632269866765 ], [ 366756.762243031698745, 4670820.313169794157147 ], [ 366734.836074519611429, 4670805.510392004624009 ], [ 366716.059398044249974, 4670786.871498647145927 ], [ 366696.564522264059633, 4670769.579157579690218 ], [ 366669.798863633885048, 4670756.645359304733574 ], [ 366635.363329311949201, 4670740.080232738517225 ], [ 366617.601572880288586, 4670744.526289128698409 ], [ 366596.769278329331428, 4670748.252992422319949 ], [ 366581.990401646238752, 4670744.422999260947108 ], [ 366572.419494111614767, 4670736.384576949290931 ], [ 366564.581443135277368, 4670723.870287149213254 ], [ 366554.458735940570477, 4670708.511285385116935 ], [ 366547.15669876546599, 4670693.765329953283072 ], [ 366545.316165275988169, 4670679.471316078677773 ], [ 366546.015496129810344, 4670659.686444662511349 ], [ 366547.02780473139137, 4670643.339019001461565 ], [ 366522.318196976673789, 4670643.029537064023316 ], [ 366495.795775910839438, 4670642.976643151603639 ], [ 366469.088704793015495, 4670646.259646154940128 ], [ 366449.927460503473412, 4670646.622806675732136 ], [ 366440.045433435123414, 4670652.697180343791842 ], [ 366430.806815873365849, 4670662.202746766619384 ], [ 366419.194619203743059, 4670668.532103834673762 ], [ 366401.37594747467665, 4670669.980712004937232 ], [ 366374.760487285268027, 4670669.374658246524632 ], [ 366347.094052192114759, 4670674.342474516481161 ], [ 366320.490804228407796, 4670678.734845786355436 ], [ 366296.246909682755359, 4670681.194242578931153 ], [ 366258.176970629254356, 4670677.806930389255285 ], [ 366235.337515149731189, 4670675.90788546577096 ], [ 366215.194041010574438, 4670672.402648256160319 ], [ 366181.442638617008924, 4670661.491604226641357 ], [ 366133.653297110111453, 4670642.294497283175588 ], [ 366096.727247914648615, 4670629.555857453495264 ], [ 366069.080913838581182, 4670618.196085820905864 ], [ 366038.616059426625725, 4670602.002622823230922 ], [ 366006.617944307276048, 4670583.394751897081733 ], [ 365994.199514850159176, 4670582.075844431295991 ], [ 365981.18626318522729, 4670575.547657832503319 ], [ 365964.067023044277448, 4670561.655446908436716 ], [ 365948.974305490031838, 4670550.057336040772498 ], [ 365934.159093332593329, 4670535.67705237492919 ], [ 365923.712808727286756, 4670520.769356000237167 ], [ 365913.126837500487454, 4670502.865254528820515 ], [ 365898.281871069921181, 4670486.930529129691422 ], [ 365887.066221365646925, 4670483.700603713281453 ], [ 365869.204859806864988, 4670482.929814035072923 ], [ 365844.90104070288362, 4670486.613727069459856 ], [ 365821.569336763815954, 4670489.279520473442972 ], [ 365793.521354834665544, 4670491.590910448692739 ], [ 365769.933338533854112, 4670498.149454041384161 ], [ 365749.816402570810169, 4670504.753021129406989 ], [ 365718.263530608848669, 4670509.575188015587628 ], [ 365700.580082613392733, 4670509.467899192124605 ], [ 365685.774748977157287, 4670504.307323073036969 ], [ 365662.320427090395242, 4670491.869499880820513 ], [ 365646.384169077500701, 4670479.399475870653987 ], [ 365643.120736666256562, 4670464.244137379340827 ], [ 365638.567587123659905, 4670442.115534885786474 ], [ 365635.427068860735744, 4670403.076278591528535 ], [ 365629.950613075867295, 4670354.195706551894546 ], [ 365627.896355196542572, 4670346.126251107081771 ], [ 365637.632040726835839, 4670341.053215647116303 ], [ 365657.560995952109806, 4670320.235064329579473 ], [ 365673.929982164641842, 4670299.0405268734321 ], [ 365676.922532075899653, 4670295.651171204634011 ], [ 365680.965550643042661, 4670291.019946125335991 ], [ 365686.139521754404996, 4670285.034242550842464 ], [ 365694.848203391360585, 4670278.092557425610721 ], [ 365706.784501197864302, 4670271.422604195773602 ], [ 365726.474207836668938, 4670268.381548481062055 ], [ 365752.773645361303352, 4670269.657704247161746 ], [ 365780.54699599405285, 4670274.571424302645028 ], [ 365808.735398231539875, 4670279.588425236754119 ], [ 365859.48709181882441, 4670289.285528915002942 ], [ 365862.588020679424517, 4670278.563115710392594 ], [ 365860.529951707343571, 4670265.939522422850132 ], [ 365860.479224202106707, 4670263.274641840718687 ], [ 365860.485729260602966, 4670259.27574872225523 ], [ 365857.085788614698686, 4670223.90693068690598 ], [ 365853.812809563882183, 4670190.868313350714743 ], [ 365851.137015070416965, 4670158.818022104911506 ], [ 365848.895169725699816, 4670132.202240230515599 ], [ 365849.384739861299749, 4670123.195691115222871 ], [ 365861.924311313021462, 4670135.175454215146601 ] ], [ [ 365363.232085640658624, 4670181.007764808833599 ], [ 365379.000334516167641, 4670201.92227172665298 ], [ 365391.885965174646117, 4670219.00417026411742 ], [ 365397.752820056863129, 4670231.99921799544245 ], [ 365404.631906354799867, 4670241.753696662373841 ], [ 365409.784818705520593, 4670247.653447347693145 ], [ 365399.703918466519099, 4670251.955851218663156 ], [ 365355.070284731918946, 4670259.806400802917778 ], [ 365346.707447457825765, 4670215.646369053050876 ], [ 365341.358646642707754, 4670182.203244887292385 ], [ 365338.439544590422884, 4670163.48696967586875 ], [ 365349.704634051420726, 4670164.937872570008039 ], [ 365363.232085640658624, 4670181.007764808833599 ] ], [ [ 365758.934820142923854, 4670254.767091177403927 ], [ 365747.684888028074056, 4670249.760791501030326 ], [ 365735.742345506965648, 4670247.433553621172905 ], [ 365727.654241070034914, 4670247.920893250964582 ], [ 365720.591148057370447, 4670250.165942451916635 ], [ 365701.028494007652625, 4670251.205204554833472 ], [ 365673.706014663912356, 4670252.614588686265051 ], [ 365640.582740389509127, 4670253.13498511351645 ], [ 365638.977650593442377, 4670216.621234057471156 ], [ 365641.106336568540428, 4670185.256916698999703 ], [ 365696.005897026218008, 4670187.098406489938498 ], [ 365741.169527167920023, 4670189.681189866736531 ], [ 365755.897197471931577, 4670190.733536817133427 ], [ 365757.69426790100988, 4670233.019633715972304 ], [ 365758.934820142923854, 4670254.767091177403927 ] ], [ [ 365416.68741786951432, 4670267.293360158801079 ], [ 365418.5703831120627, 4670275.032803934067488 ], [ 365449.143968373187818, 4670288.111461907625198 ], [ 365483.76032662083162, 4670296.558908831328154 ], [ 365490.20962456765119, 4670327.093101551756263 ], [ 365463.885036316118203, 4670333.149506996385753 ], [ 365437.016148288734257, 4670336.66163055319339 ], [ 365411.551520017907023, 4670344.479048797860742 ], [ 365395.570558375213295, 4670351.337856838479638 ], [ 365385.394495604443364, 4670354.975642791949213 ], [ 365375.010687675268855, 4670352.063854224048555 ], [ 365366.249219585035462, 4670351.898015419952571 ], [ 365361.786950669367798, 4670351.872196602635086 ], [ 365357.638089888496324, 4670350.951773965731263 ], [ 365352.021607118367683, 4670351.059092726558447 ], [ 365349.382646824815311, 4670346.999659664928913 ], [ 365349.200329012353905, 4670341.782511334866285 ], [ 365352.569617911125533, 4670336.497497845441103 ], [ 365321.617864656785969, 4670346.863795938901603 ], [ 365300.827356287743896, 4670352.815051096491516 ], [ 365286.96195476030698, 4670353.635495383292437 ], [ 365276.828007081872784, 4670350.830150184221566 ], [ 365269.5657824780792, 4670346.970215565524995 ], [ 365264.700736171333119, 4670338.843513547442853 ], [ 365262.139863386633806, 4670330.228447045199573 ], [ 365264.212020656093955, 4670304.641039661131799 ], [ 365263.563583974144422, 4670296.655870374292135 ], [ 365301.589218617533334, 4670288.931035993620753 ], [ 365332.558342276373878, 4670283.784960718825459 ], [ 365366.481875143013895, 4670277.582881269045174 ], [ 365391.637655954924412, 4670275.213993629440665 ], [ 365416.68741786951432, 4670267.293360158801079 ] ], [ [ 365567.19166365097044, 4670494.683471108786762 ], [ 365555.969721534580458, 4670521.445022963918746 ], [ 365550.184137896285392, 4670542.993312147445977 ], [ 365540.156653246143833, 4670558.735463220626116 ], [ 365528.030492786841933, 4670572.740447661839426 ], [ 365516.200783362146467, 4670580.630550371482968 ], [ 365506.600966981844977, 4670579.814087026752532 ], [ 365497.373838987201452, 4670576.880055119283497 ], [ 365492.250827528885566, 4670568.202748954296112 ], [ 365487.870987963746302, 4670550.84723502304405 ], [ 365489.016318167792633, 4670528.609925840981305 ], [ 365494.393003394943662, 4670507.291539478115737 ], [ 365504.348283030558378, 4670479.110054928809404 ], [ 365512.118168983026408, 4670457.634930999018252 ], [ 365525.529898026259616, 4670433.053062692284584 ], [ 365537.167060241685249, 4670415.058640342205763 ], [ 365547.307052136980928, 4670405.20143988635391 ], [ 365574.866160489735194, 4670411.895657029002905 ], [ 365602.880540876300074, 4670416.470830892212689 ], [ 365594.123434673529118, 4670438.186824610456824 ], [ 365580.448889295337722, 4670466.328035407699645 ], [ 365567.19166365097044, 4670494.683471108786762 ] ], [ [ 366514.723228607675992, 4671524.122299505397677 ], [ 366550.243150187772699, 4671528.336651769466698 ], [ 366593.666143310547341, 4671526.736588967032731 ], [ 366634.769971967674792, 4671529.179462718777359 ], [ 366667.029173701361287, 4671531.3456801623106 ], [ 366690.711897078086622, 4671538.672799726948142 ], [ 366740.71347319817869, 4671552.94417002145201 ], [ 366768.735770256025717, 4671566.965119799599051 ], [ 366799.956187801552005, 4671575.371871463954449 ], [ 366834.42235457530478, 4671585.050314228050411 ], [ 366866.012799357413314, 4671595.560810212977231 ], [ 366881.947347776847892, 4671590.705515307374299 ], [ 366923.539259301091079, 4671584.032558113336563 ], [ 366955.018665389390662, 4671575.551472369581461 ], [ 366985.314754783408716, 4671565.64888225030154 ], [ 367021.559664017288014, 4671551.413215306587517 ], [ 367053.189410983177368, 4671533.377172721549869 ], [ 367067.98769829882076, 4671547.093508957885206 ], [ 367094.300259158713743, 4671562.480908703058958 ], [ 367127.262234133901075, 4671584.407546942122281 ], [ 367156.634452732920181, 4671608.73463495541364 ], [ 367186.016696825099643, 4671624.842002171091735 ], [ 367173.944304814562201, 4671659.281150254420936 ], [ 367163.276795280049555, 4671689.361853795126081 ], [ 367147.426063895691186, 4671729.315059713087976 ], [ 367135.03962071397109, 4671768.980808582156897 ], [ 367128.712277630576864, 4671792.648359419777989 ], [ 367128.832559820555616, 4671794.645465069450438 ], [ 367126.443856061203405, 4671816.90580340847373 ], [ 367123.317044982395601, 4671835.070242659188807 ], [ 367110.464642370701768, 4671845.642829420045018 ], [ 367095.778817669372074, 4671855.361426192335784 ], [ 367083.56281965970993, 4671860.257159509696066 ], [ 367069.458042599260807, 4671865.743944636546075 ], [ 367049.432890879688784, 4671872.675429453141987 ], [ 367042.114538871566765, 4671865.704685338772833 ], [ 367032.52466328383889, 4671856.555302531458437 ], [ 367001.118696594145149, 4671829.490238059312105 ], [ 366978.604150077910163, 4671809.58842218015343 ], [ 366958.617154474137351, 4671792.304766212590039 ], [ 366938.872831046057399, 4671779.126409212127328 ], [ 366915.947740856325254, 4671768.118657547980547 ], [ 366888.402381783991586, 4671757.420445933938026 ], [ 366861.060595049988478, 4671744.38588323071599 ], [ 366836.023903636902105, 4671735.306598315946758 ], [ 366818.958800836408045, 4671728.40927389729768 ], [ 366803.756593161961064, 4671723.920445719733834 ], [ 366791.30608729517553, 4671725.155590629205108 ], [ 366785.689372650696896, 4671733.925791325978935 ], [ 366783.303064537700266, 4671747.522268377244473 ], [ 366786.483798112371005, 4671758.458692949265242 ], [ 366795.744556096033193, 4671776.389033323153853 ], [ 366804.994083964673337, 4671798.09620080050081 ], [ 366809.88511447107885, 4671812.110436110757291 ], [ 366811.303666701540351, 4671825.968184819445014 ], [ 366808.264444089902099, 4671844.353295026347041 ], [ 366799.656868230551481, 4671860.955411217175424 ], [ 366796.842263425234705, 4671865.007398974150419 ], [ 366791.274640379357152, 4671871.99944744259119 ], [ 366783.045661970158108, 4671878.04214849229902 ], [ 366774.859368511824869, 4671881.973596526309848 ], [ 366762.325912591186352, 4671887.542362557724118 ], [ 366751.069591117324308, 4671890.754380133934319 ], [ 366740.497646799194627, 4671890.843321212567389 ], [ 366727.694024568074383, 4671890.863429488614202 ], [ 366703.029366898059379, 4671888.331113109365106 ], [ 366680.133039810811169, 4671883.210645599290729 ], [ 366663.840740539133549, 4671877.854148949496448 ], [ 366653.680146027356386, 4671873.492363977245986 ], [ 366641.438872819533572, 4671863.94938382320106 ], [ 366612.465500182937831, 4671843.282379988580942 ], [ 366580.759025095379911, 4671817.890960751101375 ], [ 366547.527517854818143, 4671794.861182483844459 ], [ 366528.41827796108555, 4671776.006994800642133 ], [ 366520.731616487377323, 4671762.712370750494301 ], [ 366513.443089882028289, 4671748.632671376690269 ], [ 366501.357551663590129, 4671725.5356012172997 ], [ 366488.558191357937176, 4671704.007154768332839 ], [ 366474.827228292415384, 4671681.27454465534538 ], [ 366462.817723300191574, 4671657.842861329205334 ], [ 366459.29818549414631, 4671642.136683156713843 ], [ 366460.172219238243997, 4671627.235823299735785 ], [ 366460.452498296508566, 4671620.232672258280218 ], [ 366460.704930478474125, 4671616.118045583367348 ], [ 366461.318119728006423, 4671604.887665675953031 ], [ 366462.817025543772615, 4671588.086655820719898 ], [ 366464.905989343416877, 4671558.833862790837884 ], [ 366467.356387873587664, 4671535.572365930303931 ], [ 366468.480950159020722, 4671533.884896199218929 ], [ 366470.842616957612336, 4671527.730904980562627 ], [ 366478.186528325895779, 4671522.926470133475959 ], [ 366491.549965252168477, 4671521.895635570399463 ], [ 366514.723228607675992, 4671524.122299505397677 ] ], [ [ 368509.181668591743801, 4671926.801289660856128 ], [ 368480.394183599331882, 4671858.249832157976925 ], [ 368425.354171898507047, 4671830.398184792138636 ], [ 368414.696769220521674, 4671821.489088661968708 ], [ 368398.046461048536003, 4671814.580264991149306 ], [ 368386.460733329528011, 4671813.46384368557483 ], [ 368386.757844957988709, 4671811.681082881055772 ], [ 368387.244593065232038, 4671806.784662998281419 ], [ 368389.368368397990707, 4671801.080124911852181 ], [ 368393.729216941283084, 4671786.892045607790351 ], [ 368403.792965266853571, 4671759.601579212583601 ], [ 368415.823760542029049, 4671727.05383413657546 ], [ 368426.835467135650106, 4671701.856135882437229 ], [ 368437.900420853402466, 4671670.659387803636491 ], [ 368446.018628694699146, 4671654.179662212729454 ], [ 368453.654579398804344, 4671647.261445763520896 ], [ 368461.559382706764154, 4671645.891991285607219 ], [ 368471.091251901816577, 4671647.60227601416409 ], [ 368489.069005827710498, 4671650.376706943847239 ], [ 368502.292050899239257, 4671650.685211619362235 ], [ 368537.181623675627634, 4671647.812438299879432 ], [ 368560.51426058850484, 4671645.377639967948198 ], [ 368583.654533811786678, 4671637.059512590058148 ], [ 368608.989293800666928, 4671626.812246572226286 ], [ 368643.620171056652907, 4671610.060413377359509 ], [ 368662.484899117378518, 4671598.378952784463763 ], [ 368679.473121104005259, 4671587.95435824431479 ], [ 368677.905497538042255, 4671574.765620897524059 ], [ 368679.635092290409375, 4671565.62519910838455 ], [ 368687.257528497371823, 4671571.259012460708618 ], [ 368691.648980609315913, 4671576.397687096148729 ], [ 368693.942593641870189, 4671575.355252997949719 ], [ 368695.678418335446622, 4671566.547945774160326 ], [ 368697.73650161374826, 4671561.733343177475035 ], [ 368699.86082033906132, 4671560.471916412934661 ], [ 368719.869481678120792, 4671548.102844739332795 ], [ 368751.263803669949993, 4671530.523288676515222 ], [ 368773.112005173403304, 4671514.89891813416034 ], [ 368794.264495229755994, 4671497.399299465119839 ], [ 368819.110496515000705, 4671478.609136654064059 ], [ 368842.748920452257153, 4671461.507679705508053 ], [ 368857.935410566511564, 4671451.894615842029452 ], [ 368872.248779951303732, 4671448.629124557599425 ], [ 368891.040336738282349, 4671455.16600017528981 ], [ 368917.933094573614653, 4671461.996466514654458 ], [ 368941.136551489064004, 4671474.782655940391123 ], [ 368973.847103506559506, 4671492.390450267121196 ], [ 369008.417641706066206, 4671516.739381888881326 ], [ 369034.734029478917364, 4671541.464086659252644 ], [ 369053.826559274515603, 4671559.769742622971535 ], [ 369073.393831430119462, 4671576.955871853977442 ], [ 369087.450931069266517, 4671586.5802803626284 ], [ 369096.249753731070086, 4671593.303408542647958 ], [ 369128.540269745572004, 4671610.58646647632122 ], [ 369155.673577718553133, 4671625.966114660724998 ], [ 369181.739512745290995, 4671637.255911188200116 ], [ 369209.178064576990437, 4671655.740187605842948 ], [ 369234.618089179857634, 4671673.37306827865541 ], [ 369255.179801147198305, 4671686.320363474078476 ], [ 369272.522937056084629, 4671699.43852649256587 ], [ 369288.135984803200699, 4671712.810986068099737 ], [ 369300.827670214581303, 4671729.014560054987669 ], [ 369307.090913510706741, 4671737.117887537926435 ], [ 369320.430775479529984, 4671752.643017176538706 ], [ 369328.312392954481766, 4671763.38213422242552 ], [ 369331.470226732781157, 4671782.206288599409163 ], [ 369332.05185088631697, 4671795.746640701778233 ], [ 369332.792628007824533, 4671804.50781802367419 ], [ 369332.298867098230403, 4671813.51404850371182 ], [ 369329.585124160745181, 4671840.888831404037774 ], [ 369326.681707771203946, 4671862.491238845512271 ], [ 369330.347685473680031, 4671873.086419817991555 ], [ 369337.225888691376895, 4671883.177709339186549 ], [ 369340.053720356198028, 4671893.1219941386953 ], [ 369333.796470622299239, 4671894.237752581946552 ], [ 369321.787734227254987, 4671897.015277220867574 ], [ 369310.802885569341015, 4671901.551023298874497 ], [ 369297.280859662045259, 4671907.355695371516049 ], [ 369287.765923406986985, 4671910.975600876845419 ], [ 369275.158451096503995, 4671917.096568831242621 ], [ 369272.102869058493525, 4671926.039283632300794 ], [ 369269.063783712510485, 4671935.8702940531075 ], [ 369262.548158967576455, 4671949.764540035277605 ], [ 369249.732096466235816, 4671962.442855961620808 ], [ 369230.679533555114176, 4671977.347416255623102 ], [ 369215.469098822795786, 4671981.184253502637148 ], [ 369202.07129835721571, 4671980.322308142669499 ], [ 369188.070556374150328, 4671987.024691390804946 ], [ 369177.983942077902611, 4671990.988595624454319 ], [ 369168.865549813141115, 4671993.712702787481248 ], [ 369159.067998732964043, 4671995.449763461947441 ], [ 369151.402904073765967, 4672000.812697163783014 ], [ 369113.028078843024559, 4672024.962612792849541 ], [ 369107.072354026837274, 4672028.960928631946445 ], [ 369099.413525890209712, 4672034.657031216658652 ], [ 369091.265454679611139, 4672040.695461959578097 ], [ 369046.543164859584067, 4672069.962129437364638 ], [ 368966.487959209887777, 4672104.773712110705674 ], [ 368924.276485199283343, 4672117.999642755836248 ], [ 368906.244628675282001, 4672125.555163827724755 ], [ 368886.074282408808358, 4672138.037858093157411 ], [ 368863.625035613658838, 4672152.340252310037613 ], [ 368857.207065212540329, 4672153.681590128690004 ], [ 368849.938551176746842, 4672153.705869320780039 ], [ 368836.850617072544992, 4672151.728105656802654 ], [ 368817.055621985462494, 4672148.875618480145931 ], [ 368805.101107021793723, 4672150.097985753789544 ], [ 368792.767002292035613, 4672157.547665355727077 ], [ 368727.027811525505967, 4672189.207398660480976 ], [ 368725.231906148663256, 4672190.351628992706537 ], [ 368716.144304262823425, 4672181.412848310545087 ], [ 368706.195987292856444, 4672175.044859389774501 ], [ 368683.394743895973079, 4672161.585553102195263 ], [ 368667.143880245042965, 4672153.891157818958163 ], [ 368653.867954841931351, 4672150.695407619699836 ], [ 368645.693193974904716, 4672150.847874636761844 ], [ 368640.856575189856812, 4672152.826369322836399 ], [ 368629.220228245831095, 4672157.819667539559305 ], [ 368614.665120777091943, 4672165.755399771034718 ], [ 368604.960847533424385, 4672168.046883667819202 ], [ 368594.469913613807876, 4672168.020474158227444 ], [ 368572.947017046855763, 4672165.534137587994337 ], [ 368551.358109414519276, 4672163.937702313996851 ], [ 368527.682056713616475, 4672161.158465173095465 ], [ 368506.698084328672849, 4672160.99485463835299 ], [ 368484.500023166008759, 4672157.743863299489021 ], [ 368470.090414884965867, 4672151.348435636609793 ], [ 368466.962615927215666, 4672147.519207719713449 ], [ 368465.610333433258347, 4672145.878330767154694 ], [ 368457.075076679873746, 4672131.153623010031879 ], [ 368447.482919184316415, 4672117.337271308526397 ], [ 368448.865932720946148, 4672116.200681773014367 ], [ 368466.203406685264781, 4672080.332673694007099 ], [ 368491.25368113105651, 4672046.09790222812444 ], [ 368512.65915808477439, 4672020.150865557603538 ], [ 368527.205842632101849, 4672007.32776755373925 ], [ 368544.368044268107042, 4671993.011901615187526 ], [ 368509.181668591743801, 4671926.801289660856128 ] ], [ [ 367341.679774396878202, 4669348.627396447584033 ], [ 367333.850209591328166, 4669327.781430745497346 ], [ 367331.756884807138704, 4669321.933813204057515 ], [ 367316.790707838954404, 4669295.113019471988082 ], [ 367305.763410257990472, 4669271.217151189222932 ], [ 367302.557522273913492, 4669258.948089233599603 ], [ 367300.534220156841911, 4669252.432706811465323 ], [ 367299.219853797112592, 4669248.458721917122602 ], [ 367299.089168967679143, 4669245.906439041718841 ], [ 367299.435318136354908, 4669242.345497525297105 ], [ 367301.246418963535689, 4669241.978175792843103 ], [ 367307.956462714937516, 4669242.851543774828315 ], [ 367316.059290454664733, 4669247.475277880206704 ], [ 367335.391214951872826, 4669273.5474509652704 ], [ 367360.004555812221952, 4669303.630092229694128 ], [ 367367.232995081110857, 4669314.490576975978911 ], [ 367370.823661637026817, 4669320.865408911369741 ], [ 367373.563183849328198, 4669325.923347976058722 ], [ 367374.644299939391203, 4669330.67926380597055 ], [ 367373.986495887569617, 4669335.245746422559023 ], [ 367366.977304320083931, 4669344.819069671444595 ], [ 367360.331018691882491, 4669351.719753512181342 ], [ 367357.925954456382897, 4669355.652662750333548 ], [ 367353.824884819856379, 4669357.284897563047707 ], [ 367349.033711287425831, 4669357.375061050057411 ], [ 367344.849058105610311, 4669354.565843120217323 ], [ 367341.679774396878202, 4669348.627396447584033 ] ], [ [ 367160.546432763338089, 4669335.710497031919658 ], [ 367141.390039188903756, 4669336.51584059279412 ], [ 367121.931405509705655, 4669334.438960001803935 ], [ 367103.396087097935379, 4669333.122256148606539 ], [ 367107.347198553499766, 4669310.388275373727083 ], [ 367107.801939688273706, 4669303.826222719624639 ], [ 367108.048634096514434, 4669299.378534964285791 ], [ 367107.375055523705669, 4669289.949780625291169 ], [ 367103.729702685843222, 4669280.688129580579698 ], [ 367101.755332138738595, 4669272.394659273326397 ], [ 367100.911379286553711, 4669267.078926687128842 ], [ 367100.509771799028385, 4669263.30991720315069 ], [ 367099.775639931322075, 4669259.436101165600121 ], [ 367099.469200100749731, 4669256.331752992235124 ], [ 367100.480296857189387, 4669252.98041252605617 ], [ 367106.410180666833185, 4669247.536971337161958 ], [ 367142.933175916201435, 4669238.628890998661518 ], [ 367154.914409761375282, 4669234.182201153598726 ], [ 367160.985547578253318, 4669231.846270822919905 ], [ 367165.544636657927185, 4669228.205928744748235 ], [ 367167.987306647584774, 4669226.271609098650515 ], [ 367170.105822758167051, 4669224.676626177504659 ], [ 367172.74718787916936, 4669224.515777999535203 ], [ 367176.5806335376692, 4669226.220758385956287 ], [ 367194.700152086908929, 4669249.316366202197969 ], [ 367208.334679237857927, 4669266.831637056544423 ], [ 367215.205771622247994, 4669276.254722570069134 ], [ 367221.741179077886045, 4669281.018951908685267 ], [ 367230.428550594253466, 4669285.96480521466583 ], [ 367235.932916266843677, 4669288.638026295229793 ], [ 367242.670112625462934, 4669290.954805145040154 ], [ 367247.263698964612558, 4669293.53411231469363 ], [ 367249.601794449437875, 4669294.822989135980606 ], [ 367251.386731889971998, 4669297.455193937756121 ], [ 367250.115203943452798, 4669300.144959961995482 ], [ 367243.425067548116203, 4669304.713989732787013 ], [ 367213.401105314376764, 4669320.83013470377773 ], [ 367193.162469998351298, 4669329.986413394100964 ], [ 367184.136394699627999, 4669333.377679427154362 ], [ 367160.546432763338089, 4669335.710497031919658 ] ], [ [ 366822.527585923671722, 4668953.21141950506717 ], [ 366823.984736360376701, 4668942.85382033791393 ], [ 366844.95044578431407, 4668945.901145142503083 ], [ 366859.385643208399415, 4668948.849711794406176 ], [ 366874.913645734952297, 4668952.777355129830539 ], [ 366888.623808656819165, 4668926.082380512729287 ], [ 366883.543842708924785, 4668906.517849480733275 ], [ 366878.354397661343683, 4668894.286404558457434 ], [ 366872.709101785323583, 4668884.174015057273209 ], [ 366869.909513105871156, 4668880.339222344569862 ], [ 366870.574180366413202, 4668871.773818893358111 ], [ 366874.581085647339933, 4668865.144670122303069 ], [ 366888.558543156832457, 4668848.219345242716372 ], [ 366911.422609179688152, 4668829.237993531860411 ], [ 366932.261447779019363, 4668843.062351875007153 ], [ 366950.515281725325622, 4668860.045680174604058 ], [ 366972.27136413520202, 4668883.072141915559769 ], [ 367010.493874507548753, 4668929.11396012082696 ], [ 367033.420772212208249, 4668952.896040445193648 ], [ 367042.824013049830683, 4668960.716153576038778 ], [ 367050.355344294686802, 4668965.683607348240912 ], [ 367075.93678783881478, 4668976.864179896190763 ], [ 367089.574038075748831, 4668985.71527789812535 ], [ 367098.320472460705787, 4668993.76999594271183 ], [ 367105.503563784062862, 4669002.187422783114016 ], [ 367113.776471697143279, 4669024.579871790483594 ], [ 367121.191834979515988, 4669045.322355390526354 ], [ 367127.399284252314828, 4669058.978757912293077 ], [ 367146.159220678731799, 4669072.176437095738947 ], [ 367156.155094751273282, 4669080.763053079135716 ], [ 367162.722102640895173, 4669087.192777579650283 ], [ 367165.356232898775488, 4669091.030795523896813 ], [ 367167.183095290558413, 4669095.883708448149264 ], [ 367166.240986254182644, 4669102.899239149875939 ], [ 367164.918301537865773, 4669116.031113237142563 ], [ 367118.93185508379247, 4669100.791814989410341 ], [ 367075.019956511561759, 4669090.401029749773443 ], [ 367052.931770350085571, 4669089.151426609605551 ], [ 367040.100046701030806, 4669087.949449918232858 ], [ 367037.417908040923066, 4669090.332633317448199 ], [ 367034.756022477813531, 4669106.933155066333711 ], [ 367030.316786951676477, 4669134.452646537683904 ], [ 367021.614933919045143, 4669146.279768465086818 ], [ 366975.056620591611136, 4669109.503450985066593 ], [ 366939.385912644094788, 4669080.408301569521427 ], [ 366903.92749758833088, 4669058.196026012301445 ], [ 366871.01007356250193, 4669039.268214170821011 ], [ 366832.196949340810534, 4669023.228819416835904 ], [ 366801.040471701649949, 4669010.04401131439954 ], [ 366803.456643367884681, 4669002.334110422059894 ], [ 366805.938648375333287, 4668993.734358332119882 ], [ 366807.914504990680143, 4668984.588790110312402 ], [ 366813.331963263044599, 4668978.266178196296096 ], [ 366817.07832994137425, 4668970.975456785410643 ], [ 366820.223352079279721, 4668962.474261624738574 ], [ 366822.527585923671722, 4668953.21141950506717 ] ], [ [ 367668.626819764904212, 4668831.312326838262379 ], [ 367662.056660020607524, 4668829.103070626035333 ], [ 367654.236885129823349, 4668826.361901382915676 ], [ 367642.600246572925244, 4668822.803794271312654 ], [ 367630.302694217360113, 4668819.258115119300783 ], [ 367618.439042250742204, 4668816.815064243040979 ], [ 367602.94747352192644, 4668819.216410270892084 ], [ 367597.79500779916998, 4668822.090062212198973 ], [ 367593.631009222066496, 4668820.391057423315942 ], [ 367590.70828433195129, 4668818.779817393049598 ], [ 367588.158997660153545, 4668815.051129843108356 ], [ 367587.833996920380741, 4668810.947439908050001 ], [ 367587.931681563612074, 4668802.948168192058802 ], [ 367590.617479434178676, 4668796.344269341789186 ], [ 367597.572051115334034, 4668788.216219700872898 ], [ 367605.684016847750172, 4668784.509462590329349 ], [ 367631.405872988398187, 4668785.581530118361115 ], [ 367649.160110731958412, 4668789.246923486702144 ], [ 367667.129575362545438, 4668795.574131881818175 ], [ 367678.086584378732368, 4668798.145357499830425 ], [ 367683.665412173606455, 4668800.373234997503459 ], [ 367688.447282176231965, 4668804.171129966154695 ], [ 367691.036111025547143, 4668810.009543033316731 ], [ 367690.512743640225381, 4668817.350344802252948 ], [ 367688.132306645798963, 4668822.615565958432853 ], [ 367686.040644888649695, 4668825.653859278187156 ], [ 367683.277664704364724, 4668828.149375616572797 ], [ 367679.419883226160891, 4668829.55468681268394 ], [ 367675.396878168743569, 4668830.963101362809539 ], [ 367668.626819764904212, 4668831.312326838262379 ] ], [ [ 366727.238302665413357, 4668821.831962092779577 ], [ 366727.640121141273994, 4668825.600952916778624 ], [ 366729.421168829197995, 4668828.010958072729409 ], [ 366731.856820705696009, 4668830.075361121445894 ], [ 366734.209858396090567, 4668832.141326621174812 ], [ 366735.493126943474635, 4668834.449666675180197 ], [ 366735.479778317327145, 4668838.115429619327188 ], [ 366734.771945814834908, 4668840.017103124409914 ], [ 366732.365683565265499, 4668839.50720879342407 ], [ 366729.385330171789974, 4668839.230319915339351 ], [ 366727.231103339989204, 4668838.937815059907734 ], [ 366726.00450744695263, 4668839.627459376119077 ], [ 366725.976470462745056, 4668842.515967642888427 ], [ 366727.333956520655192, 4668844.378598908893764 ], [ 366729.394322978274431, 4668848.44946494884789 ], [ 366725.187379011535086, 4668848.862221913412213 ], [ 366720.336328185512684, 4668850.175767044536769 ], [ 366717.031825985061005, 4668850.238239917904139 ], [ 366714.423911531805061, 4668852.175838260911405 ], [ 366711.953932709642686, 4668852.666840495541692 ], [ 366708.037554223905317, 4668850.963668404147029 ], [ 366706.607948382385075, 4668849.657784744165838 ], [ 366705.549417114234529, 4668846.123363331891596 ], [ 366705.550153604359366, 4668841.791381493210793 ], [ 366704.735260163317434, 4668838.030201482586563 ], [ 366703.875542590860277, 4668836.269238854758441 ], [ 366701.293553698807955, 4668835.207297004759312 ], [ 366699.048313447041437, 4668834.472217097878456 ], [ 366697.957551756408066, 4668833.604232554323971 ], [ 366697.845545974152628, 4668832.051284936256707 ], [ 366699.212172497529536, 4668830.02607474476099 ], [ 366702.805147131322883, 4668827.73661763034761 ], [ 366707.684240837115794, 4668823.534552325494587 ], [ 366711.334642991423607, 4668819.91110095847398 ], [ 366713.370576315326616, 4668818.317544132471085 ], [ 366715.40651055588387, 4668816.723987920209765 ], [ 366718.450594641035423, 4668815.999981683678925 ], [ 366722.589638840872794, 4668816.366037733852863 ], [ 366726.330311087600421, 4668817.517159619368613 ], [ 366727.238302665413357, 4668821.831962092779577 ] ], [ [ 366806.717209355905652, 4668894.97303759213537 ], [ 366797.733480335329659, 4668896.25353488419205 ], [ 366794.508205740421545, 4668891.760357297025621 ], [ 366792.716705500381067, 4668888.795154307968915 ], [ 366791.554629840306006, 4668884.151917779818177 ], [ 366801.378670518461149, 4668874.858061319217086 ], [ 366815.176703387056477, 4668887.815425723791122 ], [ 366806.717209355905652, 4668894.97303759213537 ] ], [ [ 367624.143243317026645, 4668698.079341576434672 ], [ 367622.120892774546519, 4668696.006879735738039 ], [ 367619.625008417409845, 4668690.722121132537723 ], [ 367616.028031065419782, 4668684.014057464897633 ], [ 367608.698806490632705, 4668676.598550800234079 ], [ 367600.460807849129196, 4668669.200117245316505 ], [ 367590.340627061668783, 4668658.393701020628214 ], [ 367578.772975809522904, 4668649.724919087253511 ], [ 367567.755212301155552, 4668643.933788996189833 ], [ 367553.477906348300166, 4668636.204548507928848 ], [ 367535.331437688902952, 4668624.882537497207522 ], [ 367521.800518644507974, 4668621.693431446328759 ], [ 367518.623592160001863, 4668619.75376761611551 ], [ 367516.433871721208561, 4668617.573403559625149 ], [ 367513.293653593864292, 4668613.189390631392598 ], [ 367505.683015875052661, 4668604.002063905820251 ], [ 367482.104136003472377, 4668580.675038991495967 ], [ 367468.672418213565834, 4668578.372770359739661 ], [ 367460.248930428759195, 4668574.310244138352573 ], [ 367450.145982648595236, 4668568.835318956524134 ], [ 367438.40442732401425, 4668559.725722243078053 ], [ 367425.389008378318977, 4668553.194834950380027 ], [ 367417.000960197299719, 4668551.019976667128503 ], [ 367393.913541203248315, 4668549.454803066328168 ], [ 367376.039266429841518, 4668548.235943879000843 ], [ 367347.034253890044056, 4668526.455398776568472 ], [ 367329.706881213642191, 4668523.560230164788663 ], [ 367285.648341457941569, 4668527.499526923522353 ], [ 367271.236394810141064, 4668538.989461401477456 ], [ 367248.220835281419568, 4668563.192968405783176 ], [ 367241.684811445069499, 4668558.428704948164523 ], [ 367236.720571480691433, 4668553.745925789698958 ], [ 367231.047306320746429, 4668546.521760376170278 ], [ 367230.320538887055591, 4668538.649071490392089 ], [ 367229.075121826026589, 4668520.789336754009128 ], [ 367223.528394669177942, 4668507.120403071865439 ], [ 367218.692766113032121, 4668496.103898205794394 ], [ 367212.886634590046015, 4668486.216430773958564 ], [ 367209.324720217729919, 4668481.396182827651501 ], [ 367206.892250088509172, 4668475.11068042460829 ], [ 367218.152204268146306, 4668471.78850088827312 ], [ 367233.17174511164194, 4668470.617058831267059 ], [ 367238.153910415130667, 4668463.081175041384995 ], [ 367245.993150309193879, 4668458.046241451054811 ], [ 367254.817534584435634, 4668452.659542697481811 ], [ 367273.326947946450673, 4668448.090215562842786 ], [ 367298.102749288082123, 4668442.736542954109609 ], [ 367311.969896970898844, 4668441.809112058952451 ], [ 367329.224351866578218, 4668440.817970906384289 ], [ 367332.273783782497048, 4668444.759314394555986 ], [ 367337.52557539450936, 4668451.547186702489853 ], [ 367342.054695435799658, 4668459.459415456280112 ], [ 367345.175140783947427, 4668467.175998620688915 ], [ 367349.532742510491516, 4668474.758231785148382 ], [ 367356.407585908542387, 4668479.960522918961942 ], [ 367364.176801040302962, 4668475.59349412471056 ], [ 367370.972492060624063, 4668467.801443471573293 ], [ 367362.910614495340269, 4668465.398358207195997 ], [ 367356.657947832369246, 4668462.51694330573082 ], [ 367351.987531901337206, 4668460.272219895385206 ], [ 367357.594316949252971, 4668446.393365971744061 ], [ 367363.379825746989809, 4668437.62063289154321 ], [ 367370.47539186954964, 4668441.374803707003593 ], [ 367374.999376502120867, 4668444.621974181383848 ], [ 367380.215621221344918, 4668449.52226026263088 ], [ 367384.184249768790323, 4668454.001713489182293 ], [ 367393.209472768357955, 4668450.499699669890106 ], [ 367394.665255657688249, 4668448.806186783127487 ], [ 367397.422030488320161, 4668445.97745097707957 ], [ 367399.769898229045793, 4668443.37855754699558 ], [ 367406.748781659349333, 4668432.139757064171135 ], [ 367412.813534346059896, 4668425.027949849143624 ], [ 367419.94368080154527, 4668426.226781760342419 ], [ 367443.818002756568603, 4668425.666827656328678 ], [ 367456.679172198520973, 4668423.981067075394094 ], [ 367463.877317542384844, 4668424.401136175729334 ], [ 367470.734557067684364, 4668424.272242716513574 ], [ 367479.207438527606428, 4668426.556651043705642 ], [ 367494.947698581847362, 4668424.150395498611033 ], [ 367503.112209205981344, 4668423.219437911175191 ], [ 367516.977319139288738, 4668422.181375333108008 ], [ 367528.369340909586754, 4668417.080011383630335 ], [ 367537.796069885662291, 4668417.347210227511823 ], [ 367545.48157456156332, 4668417.313904911279678 ], [ 367557.211970810720231, 4668421.425495472736657 ], [ 367565.571727886330336, 4668426.48901779204607 ], [ 367573.076905106776394, 4668434.456561801023781 ], [ 367574.459257916547358, 4668437.651787066832185 ], [ 367576.101973397424445, 4668441.5085753146559 ], [ 367574.020179477287456, 4668453.877050176262856 ], [ 367571.295425739197526, 4668462.814263102598488 ], [ 367569.587107120372821, 4668473.065291819162667 ], [ 367568.099531857995316, 4668481.868194098584354 ], [ 367567.148565009818412, 4668488.43950850982219 ], [ 367568.325579718220979, 4668498.303117502480745 ], [ 367573.487749233259819, 4668513.534573796205223 ], [ 367575.802609887265135, 4668522.377133501693606 ], [ 367581.270187783578876, 4668536.269952916540205 ], [ 367585.289484270499088, 4668547.85739079117775 ], [ 367588.847728312190156, 4668556.898753569461405 ], [ 367592.810701186768711, 4668565.48821532074362 ], [ 367598.268295058514923, 4668570.050894669257104 ], [ 367608.88349048118107, 4668576.405011931434274 ], [ 367627.418013666232582, 4668586.387020314112306 ], [ 367642.664547813881654, 4668597.319403039291501 ], [ 367648.221374772896525, 4668602.768859497271478 ], [ 367652.055781285278499, 4668608.917104994878173 ], [ 367655.973552282492165, 4668619.506804882548749 ], [ 367657.711306594195776, 4668624.028278317302465 ], [ 367658.412581519340165, 4668630.568565426394343 ], [ 367658.923615050734952, 4668635.779518376104534 ], [ 367658.723134160041809, 4668647.112976109609008 ], [ 367656.832846911915112, 4668656.478795664384961 ], [ 367657.058520259102806, 4668659.69574729911983 ], [ 367657.425167861860245, 4668666.020165068097413 ], [ 367654.01239679910941, 4668673.526282436214387 ], [ 367653.737651714240201, 4668685.305437267757952 ], [ 367653.242726571625099, 4668689.757745886221528 ], [ 367650.068714966299012, 4668692.372064235620201 ], [ 367644.007380412542261, 4668695.262738874182105 ], [ 367631.010636646591593, 4668698.505779514089227 ], [ 367626.316227264469489, 4668699.371447411365807 ], [ 367624.143243317026645, 4668698.079341576434672 ] ], [ [ 367144.623637506680097, 4668688.105196990072727 ], [ 367131.966987595194951, 4668696.230091684497893 ], [ 367125.083799835818354, 4668690.583873235620558 ], [ 367120.216830331133679, 4668686.67687298450619 ], [ 367118.235081427847035, 4668682.38226804882288 ], [ 367116.256417972559575, 4668673.866725096479058 ], [ 367114.587280520470813, 4668664.234590644016862 ], [ 367113.498535321443342, 4668654.702592957764864 ], [ 367114.038069252273999, 4668648.250027570873499 ], [ 367115.616020568879321, 4668639.889601845294237 ], [ 367119.85539716668427, 4668628.035666428506374 ], [ 367126.435391432023607, 4668635.131581157445908 ], [ 367132.559441460529342, 4668644.346533874981105 ], [ 367136.556417366839014, 4668654.712333491072059 ], [ 367138.4911931239767, 4668669.671103497035801 ], [ 367140.469830356596503, 4668678.186652049422264 ], [ 367144.623637506680097, 4668688.105196990072727 ] ], [ [ 366937.701566291274503, 4668010.223878534510732 ], [ 366939.739887877483852, 4668008.741431808099151 ], [ 366943.296839377726428, 4668008.896468070335686 ], [ 366953.815017351415008, 4668010.030922811478376 ], [ 366962.883695629308932, 4668013.192102799192071 ], [ 366969.628468742070254, 4668015.841754960827529 ], [ 366972.810007434687577, 4668018.003251881338656 ], [ 366974.275329184951261, 4668021.196806930936873 ], [ 366974.851819431874901, 4668029.84984197281301 ], [ 366976.290366058412474, 4668049.14988936856389 ], [ 366977.761259615770541, 4668065.783508551307023 ], [ 366980.219417293905281, 4668082.176353112794459 ], [ 366983.041563407925423, 4668100.339544882066548 ], [ 366986.625201463582925, 4668123.820011079311371 ], [ 366982.87606567912735, 4668130.999582417309284 ], [ 366975.591691939509474, 4668126.027509693056345 ], [ 366953.171551595733035, 4668107.345455443486571 ], [ 366943.116632520628627, 4668100.093096938915551 ], [ 366935.478665137547068, 4668093.905901457183063 ], [ 366941.240022845973726, 4668088.243395992554724 ], [ 366942.457207969506271, 4668082.666638564318419 ], [ 366941.121507768286392, 4668077.582355221733451 ], [ 366936.815618389751762, 4668072.776270013302565 ], [ 366930.450467624352314, 4668068.342274038121104 ], [ 366927.035739538201597, 4668066.962727649137378 ], [ 366928.224775950075127, 4668064.274469842202961 ], [ 366933.801146630372386, 4668061.947724342346191 ], [ 366935.905311674694531, 4668059.575426834635437 ], [ 366937.333837334124837, 4668056.438348463736475 ], [ 366938.163059496320784, 4668052.201821004971862 ], [ 366938.145111869263928, 4668046.87052134051919 ], [ 366937.585338214877993, 4668039.105778166092932 ], [ 366936.139768234454095, 4668032.579583479091525 ], [ 366934.554094504390378, 4668027.388942344114184 ], [ 366933.908691578544676, 4668023.846695546992123 ], [ 366934.072748397593386, 4668019.400567969307303 ], [ 366934.984596609661821, 4668015.162481360137463 ], [ 366936.330509742489085, 4668012.026962255127728 ], [ 366937.701566291274503, 4668010.223878534510732 ] ] ] ] } }
]
}
