{
  "type": "FeatureCollection",
  "features": [
    {
      "type": "Feature",
      "properties": {
        "situation_type": "current_fire",
        "title": "Boixedes xerotermòfiles permanents, dels vessants rocosos · comprovació de camp",
        "ecological_element": "Boixedes xerotermòfiles permanents, dels vessants rocosos",
        "hic_code": "5110",
        "is_priority": false,
        "area_ha": 5.2558,
        "what_happens": "Una part concreta de l’HIC coincideix amb cel·les on el producte diari EcoRadar classifica el perill actual com a alt.",
        "why_flagged": [
          "HIC cartografiat",
          "perill d’incendi actual alt"
        ],
        "structural": [
          "hàbitat HIC",
          "vulnerabilitat territorial incorporada al producte de foc"
        ],
        "current": [
          "perill EcoRadar actual alt; meteorologia i frescor de dades segons la lectura diària"
        ],
        "meaning": "La coincidència justifica vigilància i verificació de combustible i estat de l’hàbitat; no demostra impacte ni obliga a intervenir.",
        "scenario": "Si les condicions desfavorables es mantenen, l’exposició al foc pot persistir; no és una predicció d’incendi.",
        "ecological_mechanism": "Un incendi podria alterar estructura, cobertura i recursos de l’hàbitat, amb resposta diferent segons intensitat, recurrència i espècies.",
        "unknown": [
          "estat local de conservació",
          "humitat del combustible mesurada al camp",
          "resposta real de flora i fauna"
        ],
        "recommendation": "comprovació de camp",
        "field_check": [
          "estructura i continuïtat del combustible",
          "regeneració i senyals de deteriorament",
          "evidència d’ús de fauna sense publicar localitzacions sensibles"
        ],
        "monitor": [
          "perill d’incendi actual",
          "NDMI i NDVI quan hi hagi una observació nova i vàlida",
          "temperatura superficial amb data i frescor"
        ],
        "max_fire_index": 72.1
      },
      "geometry": {
        "type": "MultiPolygon",
        "coordinates": [
          [
            [
              [
                1.384070849426808,
                42.15459241740093
              ],
              [
                1.3841287011078303,
                42.15459754700139
              ],
              [
                1.3841298079648903,
                42.15455404549673
              ],
              [
                1.3834795067896077,
                42.154544882627235
              ],
              [
                1.383552244524656,
                42.15458511018763
              ],
              [
                1.3836816222989041,
                42.15459765687595
              ],
              [
                1.3838115469516863,
                42.154588764087165
              ],
              [
                1.3839411975782736,
                42.154590590808745
              ],
              [
                1.384070849426808,
                42.15459241740093
              ]
            ]
          ],
          [
            [
              [
                1.3840359035061978,
                42.155453328776616
              ],
              [
                1.384106900553202,
                42.15545432897661
              ],
              [
                1.3841149011086096,
                42.155139904088244
              ],
              [
                1.3839993160495732,
                42.15513827572367
              ],
              [
                1.383869390312552,
                42.15514716780515
              ],
              [
                1.3838669352266304,
                42.15524363946688
              ],
              [
                1.383922376217317,
                42.15533020423468
              ],
              [
                1.3839924968946449,
                42.155406252274986
              ],
              [
                1.3840359035061978,
                42.155453328776616
              ]
            ]
          ],
          [
            [
              [
                1.3873267825282325,
                42.16187963559874
              ],
              [
                1.3873535225923612,
                42.16197394289048
              ],
              [
                1.3873509553585048,
                42.16207506278498
              ],
              [
                1.3873495060467662,
                42.16214546614029
              ],
              [
                1.3874536148721506,
                42.162164737493306
              ],
              [
                1.3874924268036493,
                42.16221293956279
              ],
              [
                1.3875648754581031,
                42.16227323331383
              ],
              [
                1.3875756838426676,
                42.16184764916862
              ],
              [
                1.3874910028095235,
                42.16181250411369
              ],
              [
                1.3874911630249962,
                42.16180619582436
              ],
              [
                1.3874922549445523,
                42.16176320276628
              ],
              [
                1.3874368741084726,
                42.16175112429334
              ],
              [
                1.38734968255667,
                42.161742673791025
              ],
              [
                1.387329748549067,
                42.16180392648476
              ],
              [
                1.3873286159470537,
                42.16180740671055
              ],
              [
                1.3873267825282325,
                42.16187963559874
              ]
            ]
          ],
          [
            [
              [
                1.3666227320712339,
                42.16796842892159
              ],
              [
                1.3668398404603104,
                42.167966770414615
              ],
              [
                1.366841364965147,
                42.167907517070255
              ],
              [
                1.3667650000000005,
                42.16792199999999
              ],
              [
                1.3666227320712339,
                42.16796842892159
              ]
            ]
          ],
          [
            [
              [
                1.3657670573573737,
                42.16840760428698
              ],
              [
                1.3657430000000006,
                42.16842200000002
              ],
              [
                1.3657360738008275,
                42.16842950643424
              ],
              [
                1.3657670573573737,
                42.16840760428698
              ]
            ]
          ],
          [
            [
              [
                1.399290706340743,
                42.17277873186801
              ],
              [
                1.3986864617234982,
                42.17277029745852
              ],
              [
                1.3986451139822278,
                42.17282240733527
              ],
              [
                1.3985715633745401,
                42.17288095179548
              ],
              [
                1.398206205723861,
                42.173078395886144
              ],
              [
                1.398186743599159,
                42.17307997638885
              ],
              [
                1.3978932381052782,
                42.17310381131091
              ],
              [
                1.3975412925637332,
                42.173086982443934
              ],
              [
                1.39732998455225,
                42.17304604163041
              ],
              [
                1.3969758531666923,
                42.173087059789104
              ],
              [
                1.3969754451739855,
                42.17308710704521
              ],
              [
                1.396511472180397,
                42.17305180851042
              ],
              [
                1.3963707077530638,
                42.17304984050603
              ],
              [
                1.3961665840927124,
                42.17311649140146
              ],
              [
                1.3958431059004752,
                42.17309858199548
              ],
              [
                1.3957638156539054,
                42.17313951520178
              ],
              [
                1.3957514202102903,
                42.17362988714659
              ],
              [
                1.396961714726475,
                42.17364680900142
              ],
              [
                1.3981720102820916,
                42.17366371809384
              ],
              [
                1.3993823068763576,
                42.17368061442381
              ],
              [
                1.3994004167711396,
                42.172962546083305
              ],
              [
                1.3993944812537251,
                42.172957962085164
              ],
              [
                1.3993237835760812,
                42.172903362500854
              ],
              [
                1.3992287676161645,
                42.17286033667031
              ],
              [
                1.3992545856262033,
                42.172789210632025
              ],
              [
                1.399290706340743,
                42.17277873186801
              ]
            ]
          ],
          [
            [
              [
                1.4018021717465852,
                42.17911798177552
              ],
              [
                1.4016688829448123,
                42.17903557996276
              ],
              [
                1.4016668547820585,
                42.17911609614139
              ],
              [
                1.4018021717465852,
                42.17911798177552
              ]
            ]
          ],
          [
            [
              [
                1.3846611824924282,
                42.17964352886181
              ],
              [
                1.3847014252969625,
                42.17966048259176
              ],
              [
                1.3847049776697014,
                42.17952094112323
              ],
              [
                1.3845335869185436,
                42.17946281172116
              ],
              [
                1.384357598929333,
                42.17945437620762
              ],
              [
                1.3841734537657195,
                42.1794517829913
              ],
              [
                1.3840228499331602,
                42.17939009170176
              ],
              [
                1.3838867432342679,
                42.17938817395087
              ],
              [
                1.3837211066506063,
                42.179393534653144
              ],
              [
                1.3834992862221505,
                42.179319097473446
              ],
              [
                1.3834907672834484,
                42.17965348260922
              ],
              [
                1.3835773938215459,
                42.17968068203766
              ],
              [
                1.383858245885109,
                42.17972276505279
              ],
              [
                1.3840181548904527,
                42.179769396298596
              ],
              [
                1.3845530935678576,
                42.17977693207992
              ],
              [
                1.384442804114509,
                42.17966428117779
              ],
              [
                1.3846611824924282,
                42.17964352886181
              ]
            ]
          ],
          [
            [
              [
                1.3903865893639078,
                42.18145754538821
              ],
              [
                1.3905620693484375,
                42.18154936483996
              ],
              [
                1.3907066104752142,
                42.181592311959356
              ],
              [
                1.3907096560118006,
                42.18147224119314
              ],
              [
                1.390593883331628,
                42.18143185933915
              ],
              [
                1.3903365553062277,
                42.18134603935331
              ],
              [
                1.3901080520844389,
                42.18126062429333
              ],
              [
                1.390057745711547,
                42.18134927505151
              ],
              [
                1.3901529188356636,
                42.18138635406556
              ],
              [
                1.3903865893639078,
                42.18145754538821
              ]
            ]
          ],
          [
            [
              [
                1.3895281404018984,
                42.18148495629041
              ],
              [
                1.3895910000000005,
                42.181553
              ],
              [
                1.3896449217233855,
                42.18164974205475
              ],
              [
                1.3904125280426112,
                42.181660517079266
              ],
              [
                1.3902939427766834,
                42.181618830033344
              ],
              [
                1.3900107009404752,
                42.1814756365725
              ],
              [
                1.3898093985314357,
                42.1814755845046
              ],
              [
                1.3896817462291766,
                42.18145592165531
              ],
              [
                1.389617843320441,
                42.18144906784277
              ],
              [
                1.3895281404018984,
                42.18148495629041
              ]
            ]
          ],
          [
            [
              [
                1.3907047764568794,
                42.181664618070585
              ],
              [
                1.3907049013475081,
                42.18165969427021
              ],
              [
                1.3905293895771271,
                42.18166215703432
              ],
              [
                1.3907047764568794,
                42.181664618070585
              ]
            ]
          ],
          [
            [
              [
                1.4402335013469756,
                42.15683714458853
              ],
              [
                1.4402789820850468,
                42.15693265833466
              ],
              [
                1.4405181364518782,
                42.15700195975312
              ],
              [
                1.4406263273528144,
                42.157023653785544
              ],
              [
                1.4406477722398323,
                42.15703745174365
              ],
              [
                1.4407209091512752,
                42.157084510296464
              ],
              [
                1.4408317907119836,
                42.157133675043895
              ],
              [
                1.4408465590082618,
                42.15714022327455
              ],
              [
                1.4409426724464904,
                42.15718283968658
              ],
              [
                1.4409520963071651,
                42.15718472933128
              ],
              [
                1.4409531534099584,
                42.15714167213733
              ],
              [
                1.4409671701054036,
                42.156570744675506
              ],
              [
                1.440792574896789,
                42.156532341607985
              ],
              [
                1.44061358815685,
                42.156485231080886
              ],
              [
                1.4404036761859527,
                42.156474930954396
              ],
              [
                1.44020303712811,
                42.156494543263776
              ],
              [
                1.439883805397577,
                42.15645297154442
              ],
              [
                1.4397597061383929,
                42.15645128436221
              ],
              [
                1.4397395694428468,
                42.15645101058261
              ],
              [
                1.439682698673885,
                42.15654496478418
              ],
              [
                1.4397562702434628,
                42.15659112885563
              ],
              [
                1.4399339021602617,
                42.156702587374596
              ],
              [
                1.4400761700759332,
                42.15675197078314
              ],
              [
                1.4402335013469756,
                42.15683714458853
              ]
            ]
          ],
          [
            [
              [
                1.4271584828046715,
                42.17346903508686
              ],
              [
                1.4272341743632544,
                42.173470072238956
              ],
              [
                1.4272393158132557,
                42.17326259975378
              ],
              [
                1.427160481522858,
                42.17336991844876
              ],
              [
                1.4270742401064063,
                42.17341674617126
              ],
              [
                1.4270867270563126,
                42.17345613697591
              ],
              [
                1.4271584828046715,
                42.17346903508686
              ]
            ]
          ],
          [
            [
              [
                1.4275341793385958,
                42.17479071462681
              ],
              [
                1.427694296978989,
                42.17479290877733
              ],
              [
                1.4277415950718115,
                42.174823342860215
              ],
              [
                1.4277393832348069,
                42.17491266968957
              ],
              [
                1.4277301854611464,
                42.174915737153064
              ],
              [
                1.4278259264681676,
                42.174931772623296
              ],
              [
                1.4279466050469412,
                42.1749095976057
              ],
              [
                1.4281294133942117,
                42.17496571877946
              ],
              [
                1.4281290898099326,
                42.1749787830272
              ],
              [
                1.428407439903529,
                42.17498259734024
              ],
              [
                1.4284297346970882,
                42.17408229752812
              ],
              [
                1.4273895778455008,
                42.17406804074282
              ],
              [
                1.4273991786122422,
                42.17409783561503
              ],
              [
                1.427353395650057,
                42.17432953703122
              ],
              [
                1.4273485282535627,
                42.1745260553106
              ],
              [
                1.4273452828400792,
                42.174657069588
              ],
              [
                1.4273988162048243,
                42.17475907484546
              ],
              [
                1.4275341793385958,
                42.17479071462681
              ]
            ]
          ],
          [
            [
              [
                1.4263563929661887,
                42.17473082810584
              ],
              [
                1.4260686522074133,
                42.17459774938218
              ],
              [
                1.426010585394691,
                42.17449824531854
              ],
              [
                1.4259983343513674,
                42.17448289930359
              ],
              [
                1.4259886897604708,
                42.174871761143976
              ],
              [
                1.4259867640441761,
                42.174949403491865
              ],
              [
                1.4262467787678579,
                42.174952971429406
              ],
              [
                1.426306569061614,
                42.174953791792
              ],
              [
                1.4263142894502627,
                42.174851471894925
              ],
              [
                1.4263563929661887,
                42.17473082810584
              ]
            ]
          ],
          [
            [
              [
                1.4040650170238662,
                42.18005009422509
              ],
              [
                1.405275438878086,
                42.180066930438926
              ],
              [
                1.4052783754229505,
                42.17995009220181
              ],
              [
                1.4049414381786056,
                42.17976800477732
              ],
              [
                1.404782805696635,
                42.17970622814687
              ],
              [
                1.4045359552766057,
                42.179649181665205
              ],
              [
                1.40435615467328,
                42.179579162157566
              ],
              [
                1.4040776962460948,
                42.179545995233354
              ],
              [
                1.4040650170238662,
                42.18005009422509
              ]
            ]
          ],
          [
            [
              [
                1.4327568708401184,
                42.201159612681295
              ],
              [
                1.433190261096657,
                42.20116553428181
              ],
              [
                1.4331185432457572,
                42.2011136695906
              ],
              [
                1.4329926016329768,
                42.20102259299388
              ],
              [
                1.432800233792441,
                42.201025923740666
              ],
              [
                1.432719552870108,
                42.201048649329614
              ],
              [
                1.4327582753773693,
                42.20110279130515
              ],
              [
                1.4327568708401184,
                42.201159612681295
              ]
            ]
          ],
          [
            [
              [
                1.4335813784012867,
                42.20117087688201
              ],
              [
                1.4338146436986299,
                42.201174062613624
              ],
              [
                1.4338168466066041,
                42.20108488243446
              ],
              [
                1.4335973001080844,
                42.201154176540015
              ],
              [
                1.4335813784012867,
                42.20117087688201
              ]
            ]
          ],
          [
            [
              [
                1.4358038612485453,
                42.21669851115416
              ],
              [
                1.4358542188606105,
                42.216693862320234
              ],
              [
                1.4358587036062513,
                42.21651216862471
              ],
              [
                1.4346475681576296,
                42.21649564360135
              ],
              [
                1.4340659677256093,
                42.21648770355736
              ],
              [
                1.4340538189994112,
                42.21649592405255
              ],
              [
                1.4340740278556992,
                42.21665108598341
              ],
              [
                1.4341830964068674,
                42.2167776729702
              ],
              [
                1.4343553713840966,
                42.21694086665755
              ],
              [
                1.434399169534905,
                42.216982722843674
              ],
              [
                1.4345901986667084,
                42.216842799900185
              ],
              [
                1.434639284077267,
                42.216831001530004
              ],
              [
                1.434848174147977,
                42.216780791571416
              ],
              [
                1.4351122514604728,
                42.21679630846698
              ],
              [
                1.4353365644939908,
                42.21679936820653
              ],
              [
                1.4355128109971775,
                42.216801771794174
              ],
              [
                1.4356095346650184,
                42.216779260494725
              ],
              [
                1.4358038612485453,
                42.21669851115416
              ]
            ]
          ],
          [
            [
              [
                1.4151948966406107,
                42.21921408418405
              ],
              [
                1.4153733878893793,
                42.21914212433544
              ],
              [
                1.4156480097348978,
                42.21905656041565
              ],
              [
                1.415809578181608,
                42.21900517891817
              ],
              [
                1.4158730747711294,
                42.218939638719334
              ],
              [
                1.415201992790669,
                42.21893036681306
              ],
              [
                1.4151948966406107,
                42.21921408418405
              ]
            ]
          ]
        ]
      }
    },
    {
      "type": "Feature",
      "properties": {
        "situation_type": "current_fire",
        "title": "Prats calcícoles alpins i subalpins · comprovació de camp",
        "ecological_element": "Prats calcícoles alpins i subalpins",
        "hic_code": "6170",
        "is_priority": false,
        "area_ha": 1.9997,
        "what_happens": "Una part concreta de l’HIC coincideix amb cel·les on el producte diari EcoRadar classifica el perill actual com a alt.",
        "why_flagged": [
          "HIC cartografiat",
          "perill d’incendi actual alt"
        ],
        "structural": [
          "hàbitat HIC",
          "vulnerabilitat territorial incorporada al producte de foc"
        ],
        "current": [
          "perill EcoRadar actual alt; meteorologia i frescor de dades segons la lectura diària"
        ],
        "meaning": "La coincidència justifica vigilància i verificació de combustible i estat de l’hàbitat; no demostra impacte ni obliga a intervenir.",
        "scenario": "Si les condicions desfavorables es mantenen, l’exposició al foc pot persistir; no és una predicció d’incendi.",
        "ecological_mechanism": "Un incendi podria alterar estructura, cobertura i recursos de l’hàbitat, amb resposta diferent segons intensitat, recurrència i espècies.",
        "unknown": [
          "estat local de conservació",
          "humitat del combustible mesurada al camp",
          "resposta real de flora i fauna"
        ],
        "recommendation": "comprovació de camp",
        "field_check": [
          "estructura i continuïtat del combustible",
          "regeneració i senyals de deteriorament",
          "evidència d’ús de fauna sense publicar localitzacions sensibles"
        ],
        "monitor": [
          "perill d’incendi actual",
          "NDMI i NDVI quan hi hagi una observació nova i vàlida",
          "temperatura superficial amb data i frescor"
        ],
        "max_fire_index": 66.9
      },
      "geometry": {
        "type": "Polygon",
        "coordinates": [
          [
            [
              1.4939167672351004,
              42.16955723746588
            ],
            [
              1.4927064949568514,
              42.1695413396928
            ],
            [
              1.4926851152003178,
              42.1704416674191
            ],
            [
              1.4926637344664977,
              42.17134199499478
            ],
            [
              1.49334937518939,
              42.17135100324394
            ],
            [
              1.493372020479898,
              42.17133945949709
            ],
            [
              1.4933955776069494,
              42.17135161012416
            ],
            [
              1.493874041047375,
              42.171357893765375
            ],
            [
              1.4938954046294899,
              42.170457565690924
            ],
            [
              1.4939167672351004,
              42.16955723746588
            ]
          ]
        ]
      }
    },
    {
      "type": "Feature",
      "properties": {
        "situation_type": "current_fire",
        "title": "Prats -i fàcies emmatades- medioeuropeus, seminaturals, sobre substrat calcari (Festuco-Brometea) · comprovació de camp",
        "ecological_element": "Prats -i fàcies emmatades- medioeuropeus, seminaturals, sobre substrat calcari (Festuco-Brometea)",
        "hic_code": "6210",
        "is_priority": false,
        "area_ha": 15.4117,
        "what_happens": "Una part concreta de l’HIC coincideix amb cel·les on el producte diari EcoRadar classifica el perill actual com a alt.",
        "why_flagged": [
          "HIC cartografiat",
          "perill d’incendi actual alt"
        ],
        "structural": [
          "hàbitat HIC",
          "vulnerabilitat territorial incorporada al producte de foc"
        ],
        "current": [
          "perill EcoRadar actual alt; meteorologia i frescor de dades segons la lectura diària"
        ],
        "meaning": "La coincidència justifica vigilància i verificació de combustible i estat de l’hàbitat; no demostra impacte ni obliga a intervenir.",
        "scenario": "Si les condicions desfavorables es mantenen, l’exposició al foc pot persistir; no és una predicció d’incendi.",
        "ecological_mechanism": "Un incendi podria alterar estructura, cobertura i recursos de l’hàbitat, amb resposta diferent segons intensitat, recurrència i espècies.",
        "unknown": [
          "estat local de conservació",
          "humitat del combustible mesurada al camp",
          "resposta real de flora i fauna"
        ],
        "recommendation": "comprovació de camp",
        "field_check": [
          "estructura i continuïtat del combustible",
          "regeneració i senyals de deteriorament",
          "evidència d’ús de fauna sense publicar localitzacions sensibles"
        ],
        "monitor": [
          "perill d’incendi actual",
          "NDMI i NDVI quan hi hagi una observació nova i vàlida",
          "temperatura superficial amb data i frescor"
        ],
        "max_fire_index": 76.8
      },
      "geometry": {
        "type": "MultiPolygon",
        "coordinates": [
          [
            [
              [
                1.4349041889592158,
                42.15701652382988
              ],
              [
                1.4349031351352206,
                42.15705928168386
              ],
              [
                1.435015196561238,
                42.15706081066233
              ],
              [
                1.436113136765047,
                42.1570757852862
              ],
              [
                1.4360969424323755,
                42.15773335065186
              ],
              [
                1.4361147116938415,
                42.15770807689239
              ],
              [
                1.4361016252752596,
                42.1576542825696
              ],
              [
                1.4363507636291104,
                42.15748611414993
              ],
              [
                1.4365124045221906,
                42.15735964313555
              ],
              [
                1.4367444943503354,
                42.15729846787224
              ],
              [
                1.4369186933317377,
                42.15724722771381
              ],
              [
                1.4370213869131692,
                42.15717356678694
              ],
              [
                1.437094740029658,
                42.15712095127485
              ],
              [
                1.4372676192991964,
                42.15712330670855
              ],
              [
                1.4373220233652098,
                42.15713762846694
              ],
              [
                1.4373231394082169,
                42.157092276132744
              ],
              [
                1.4385331430639468,
                42.157108754223465
              ],
              [
                1.4393017391215672,
                42.15711921449855
              ],
              [
                1.4392862234609605,
                42.15710894719545
              ],
              [
                1.4392094519077752,
                42.156989283467105
              ],
              [
                1.4390837052766494,
                42.15691639908523
              ],
              [
                1.438861169011679,
                42.15688964674303
              ],
              [
                1.4385395827913965,
                42.15684685999562
              ],
              [
                1.4384639101896504,
                42.1568367916874
              ],
              [
                1.438416974290758,
                42.1568005669784
              ],
              [
                1.438372371318337,
                42.156669476912505
              ],
              [
                1.438375578961565,
                42.15653903864505
              ],
              [
                1.4384744072924076,
                42.1564099030397
              ],
              [
                1.4383967645396485,
                42.15632581173922
              ],
              [
                1.438204063979584,
                42.15638249769805
              ],
              [
                1.4380577151436402,
                42.15649912497788
              ],
              [
                1.4379594679585896,
                42.156604545209404
              ],
              [
                1.437798349370544,
                42.15667352246838
              ],
              [
                1.4376404383659107,
                42.15661206215817
              ],
              [
                1.4374825276495913,
                42.15655060253528
              ],
              [
                1.437339434218396,
                42.15643009645633
              ],
              [
                1.4373107231030975,
                42.15640591732576
              ],
              [
                1.4372098641690891,
                42.15619012458964
              ],
              [
                1.4372047090204094,
                42.15617909485051
              ],
              [
                1.4372253147477476,
                42.155989584086136
              ],
              [
                1.4373548063083292,
                42.155805393306
              ],
              [
                1.4373674473183455,
                42.15529166304271
              ],
              [
                1.4373895997547046,
                42.15439135627079
              ],
              [
                1.437411751178664,
                42.15349104934763
              ],
              [
                1.4367480477038423,
                42.15348200608989
              ],
              [
                1.4367123062962186,
                42.15351529992059
              ],
              [
                1.43645557676814,
                42.15358297135725
              ],
              [
                1.4363453608045402,
                42.15347651742749
              ],
              [
                1.436201817080695,
                42.153474560570366
              ],
              [
                1.436179648521609,
                42.15437486697625
              ],
              [
                1.4349696983016942,
                42.154358364927084
              ],
              [
                1.4349475115935726,
                42.155258670663954
              ],
              [
                1.4349253238714323,
                42.15615897624956
              ],
              [
                1.4349041889592158,
                42.15701652382988
              ]
            ]
          ],
          [
            [
              [
                1.4311841655757638,
                42.160610908343685
              ],
              [
                1.4312064097901274,
                42.15971060507037
              ],
              [
                1.4299963608051913,
                42.15969404888705
              ],
              [
                1.4299822190629452,
                42.16026597975889
              ],
              [
                1.4299954055860875,
                42.16026897912683
              ],
              [
                1.4300598142564762,
                42.160384237850245
              ],
              [
                1.4300964680388848,
                42.16045622523888
              ],
              [
                1.4302096064334617,
                42.16054355652865
              ],
              [
                1.430273594513483,
                42.16059845066475
              ],
              [
                1.4311841655757638,
                42.160610908343685
              ]
            ]
          ],
          [
            [
              [
                1.4292334996955696,
                42.162365141289456
              ],
              [
                1.4292975332918494,
                42.16236601816659
              ],
              [
                1.4294149310716007,
                42.16236762482026
              ],
              [
                1.429533113296242,
                42.162337469575576
              ],
              [
                1.4294710414113638,
                42.16225719154569
              ],
              [
                1.429355411688058,
                42.16218412256898
              ],
              [
                1.4292599496396603,
                42.16215898798309
              ],
              [
                1.4292184385702562,
                42.16211076209287
              ],
              [
                1.429092332815483,
                42.162029607833404
              ],
              [
                1.4290830350289665,
                42.161973879711496
              ],
              [
                1.42912827733069,
                42.16187124110895
              ],
              [
                1.4292055371432917,
                42.16176904275629
              ],
              [
                1.4292452797614,
                42.161677562061186
              ],
              [
                1.429284756191252,
                42.16166450798521
              ],
              [
                1.4293863378245693,
                42.16169125557647
              ],
              [
                1.4294040831406767,
                42.16169592684616
              ],
              [
                1.4294426324231646,
                42.161756027151206
              ],
              [
                1.4294568729794948,
                42.16182770783455
              ],
              [
                1.4295759069662632,
                42.16187103573756
              ],
              [
                1.4296483878822308,
                42.16185415732309
              ],
              [
                1.429697671062158,
                42.161839664905614
              ],
              [
                1.4297608907587755,
                42.16176075729526
              ],
              [
                1.429815626572637,
                42.16170590580935
              ],
              [
                1.429859101453889,
                42.16167472931513
              ],
              [
                1.4299475018639063,
                42.16166996790011
              ],
              [
                1.429951837078322,
                42.16149465424354
              ],
              [
                1.4287417548294616,
                42.16147808426374
              ],
              [
                1.4287292136512835,
                42.161984847763456
              ],
              [
                1.428786163788302,
                42.16198916574644
              ],
              [
                1.4288150466544205,
                42.162017867467846
              ],
              [
                1.4289411519780555,
                42.16209902382666
              ],
              [
                1.4290447327945113,
                42.16222752718037
              ],
              [
                1.4291599693018897,
                42.162316477793425
              ],
              [
                1.4292334996955696,
                42.162365141289456
              ]
            ]
          ],
          [
            [
              [
                1.422668992635492,
                42.1622953423274
              ],
              [
                1.4231834188540489,
                42.16230241533255
              ],
              [
                1.423115217338086,
                42.16229893803024
              ],
              [
                1.4231073340785614,
                42.162289061671714
              ],
              [
                1.4230010055260203,
                42.162271713141564
              ],
              [
                1.4228843972085206,
                42.16223834006766
              ],
              [
                1.4226712007286388,
                42.162206462673005
              ],
              [
                1.4226503943774695,
                42.16220335165946
              ],
              [
                1.422512047036787,
                42.16218556416002
              ],
              [
                1.4221082717250448,
                42.16210852649527
              ],
              [
                1.4219272363915112,
                42.16209015284958
              ],
              [
                1.421756676858395,
                42.16207986281026
              ],
              [
                1.4216410565678999,
                42.16200678620816
              ],
              [
                1.4216045654645835,
                42.1619786147228
              ],
              [
                1.4214839315558896,
                42.16188548180306
              ],
              [
                1.421468751372831,
                42.16188243542801
              ],
              [
                1.4211439960315064,
                42.16181726263695
              ],
              [
                1.4209955694902627,
                42.16177550541507
              ],
              [
                1.420751686544557,
                42.161708607319135
              ],
              [
                1.4206674930735665,
                42.161659791580476
              ],
              [
                1.4205738119780162,
                42.161563186824985
              ],
              [
                1.4204884959771873,
                42.16148204262456
              ],
              [
                1.4204748413226487,
                42.16150706527938
              ],
              [
                1.420296972854133,
                42.1615761023442
              ],
              [
                1.420265761403247,
                42.16158063057641
              ],
              [
                1.4202560834677436,
                42.16196959672019
              ],
              [
                1.4205016831907251,
                42.16203762123468
              ],
              [
                1.4205629875579933,
                42.16206926255589
              ],
              [
                1.4207151325407394,
                42.16214778657095
              ],
              [
                1.4208562560907125,
                42.16227040005497
              ],
              [
                1.421458899366707,
                42.16227869528014
              ],
              [
                1.422668992635492,
                42.1622953423274
              ]
            ]
          ],
          [
            [
              [
                1.4262769627373801,
                42.163245507660974
              ],
              [
                1.4274870772330965,
                42.163262104197244
              ],
              [
                1.4274982735709612,
                42.162810061460746
              ],
              [
                1.4274720031365646,
                42.16280223316374
              ],
              [
                1.4272536973909848,
                42.16269462374792
              ],
              [
                1.4270943418402078,
                42.16264013136815
              ],
              [
                1.4269552508621681,
                42.16257844434492
              ],
              [
                1.4268366132275363,
                42.16250209030287
              ],
              [
                1.4267376860128131,
                42.16244095296264
              ],
              [
                1.4265589905085028,
                42.16235630342417
              ],
              [
                1.4265518751168986,
                42.16234980790563
              ],
              [
                1.4265506120528246,
                42.162348654913885
              ],
              [
                1.4264509493297437,
                42.16225767733188
              ],
              [
                1.4263323129276089,
                42.16218132188395
              ],
              [
                1.4263036175838952,
                42.1621701508552
              ],
              [
                1.4259343904495545,
                42.162026410630425
              ],
              [
                1.4255639992414006,
                42.16197649401544
              ],
              [
                1.425304796974608,
                42.16189820977384
              ],
              [
                1.4250999278958594,
                42.16189539815051
              ],
              [
                1.4249734580016746,
                42.16189366229489
              ],
              [
                1.4248669071979982,
                42.161934266502165
              ],
              [
                1.424689543039149,
                42.162001854728366
              ],
              [
                1.4244457900317495,
                42.162110599027905
              ],
              [
                1.4242237851391206,
                42.16215238605911
              ],
              [
                1.4241050187213302,
                42.16223754497329
              ],
              [
                1.4241010736811521,
                42.16224037361489
              ],
              [
                1.4240419033141587,
                42.16231421376086
              ],
              [
                1.424018152895545,
                42.16234385242984
              ],
              [
                1.423906780258785,
                42.162379686517404
              ],
              [
                1.4238773075974558,
                42.16238365244113
              ],
              [
                1.423858440621486,
                42.16314364529658
              ],
              [
                1.4239283877345725,
                42.16318994415446
              ],
              [
                1.4239278091031544,
                42.163213252912485
              ],
              [
                1.4250668492616463,
                42.16322889836637
              ],
              [
                1.4250891822391114,
                42.16232859814828
              ],
              [
                1.4262992785723796,
                42.16234520692186
              ],
              [
                1.4262769627373801,
                42.163245507660974
              ]
            ]
          ],
          [
            [
              [
                1.3811177922232578,
                42.21486087528308
              ],
              [
                1.381326073714442,
                42.21486381258959
              ],
              [
                1.3813813918683098,
                42.21486459337228
              ],
              [
                1.3813816211679262,
                42.21485561585154
              ],
              [
                1.380960974047459,
                42.21484967799942
              ],
              [
                1.3811177922232578,
                42.21486087528308
              ]
            ]
          ],
          [
            [
              [
                1.4345901986667084,
                42.216842799900185
              ],
              [
                1.434399169534905,
                42.216982722843674
              ],
              [
                1.4345197850589793,
                42.21709799530786
              ],
              [
                1.4345946040054005,
                42.217313470928396
              ],
              [
                1.4346270916177455,
                42.217324568878794
              ],
              [
                1.4347217540096875,
                42.21735690600811
              ],
              [
                1.4348739691306573,
                42.21735898257765
              ],
              [
                1.4350181736881564,
                42.21736095053115
              ],
              [
                1.4350750184290906,
                42.217339186038885
              ],
              [
                1.4351233476807272,
                42.217320684369945
              ],
              [
                1.435285779001578,
                42.21723354322863
              ],
              [
                1.4353801495615595,
                42.21730631495431
              ],
              [
                1.4354158328882582,
                42.21736475472367
              ],
              [
                1.4356386562700436,
                42.21730364310936
              ],
              [
                1.435840534021114,
                42.21724827557096
              ],
              [
                1.4358542188606105,
                42.216693862320234
              ],
              [
                1.4358038612485453,
                42.21669851115416
              ],
              [
                1.4356095346650184,
                42.216779260494725
              ],
              [
                1.4355128109971775,
                42.216801771794174
              ],
              [
                1.4353365644939908,
                42.21679936820653
              ],
              [
                1.4351122514604728,
                42.21679630846698
              ],
              [
                1.434848174147977,
                42.216780791571416
              ],
              [
                1.434639284077267,
                42.216831001530004
              ],
              [
                1.4345901986667084,
                42.216842799900185
              ]
            ]
          ],
          [
            [
              [
                1.4429802813999786,
                42.150424122913016
              ],
              [
                1.4430504686528252,
                42.15050013599522
              ],
              [
                1.4431353224582577,
                42.15056562544095
              ],
              [
                1.4432492501117256,
                42.150620786747574
              ],
              [
                1.4433631792190784,
                42.150675946159595
              ],
              [
                1.4434776326540546,
                42.15070966816256
              ],
              [
                1.443531378482237,
                42.15071932430371
              ],
              [
                1.443549689744325,
                42.14997206239339
              ],
              [
                1.4430007282166128,
                42.149964612298696
              ],
              [
                1.4429190298921983,
                42.149983652661945
              ],
              [
                1.4428451643512112,
                42.15005771035832
              ],
              [
                1.4428427992775128,
                42.15015418396179
              ],
              [
                1.4428548401419283,
                42.150250854925396
              ],
              [
                1.442910358273581,
                42.15033739161729
              ],
              [
                1.4429802813999786,
                42.150424122913016
              ]
            ]
          ],
          [
            [
              [
                1.444733930658607,
                42.15103523847411
              ],
              [
                1.4447375167888667,
                42.15088878320865
              ],
              [
                1.4446231026878678,
                42.15088723186356
              ],
              [
                1.444682159787488,
                42.150951187872224
              ],
              [
                1.444733930658607,
                42.15103523847411
              ]
            ]
          ],
          [
            [
              [
                1.4525835899486048,
                42.15099489604219
              ],
              [
                1.452718191647546,
                42.15106231036915
              ],
              [
                1.4528977031806902,
                42.15118625722815
              ],
              [
                1.4530391466651906,
                42.15129539504215
              ],
              [
                1.4531976618188418,
                42.151377154013495
              ],
              [
                1.4532067662653403,
                42.151003301065124
              ],
              [
                1.4525835899486048,
                42.15099489604219
              ]
            ]
          ],
          [
            [
              [
                1.4527414677211266,
                42.15168455388756
              ],
              [
                1.4528066037239582,
                42.15177121554433
              ],
              [
                1.4528035049081125,
                42.15189847221979
              ],
              [
                1.4528032973798886,
                42.151906994591506
              ],
              [
                1.4528389304867344,
                42.15202185353827
              ],
              [
                1.4528469668975532,
                42.15208629878231
              ],
              [
                1.4527500592837994,
                42.152120735959855
              ],
              [
                1.4526159553926956,
                42.15210463161691
              ],
              [
                1.4525092692443975,
                42.15214608301584
              ],
              [
                1.4524974025851496,
                42.152238855026766
              ],
              [
                1.452591701306486,
                42.15231161214917
              ],
              [
                1.4526095159289496,
                42.15236904207728
              ],
              [
                1.4524549839854157,
                42.152402701638515
              ],
              [
                1.4523884548197725,
                42.15237320880061
              ],
              [
                1.4522855979404161,
                42.152257445409184
              ],
              [
                1.4521439782849068,
                42.15215545424215
              ],
              [
                1.4520400784630922,
                42.15208256538518
              ],
              [
                1.4519718389738312,
                42.15201401965593
              ],
              [
                1.451952983888747,
                42.15278760658595
              ],
              [
                1.453162913951135,
                42.152803929043856
              ],
              [
                1.453184840609271,
                42.15190361513003
              ],
              [
                1.4531903863106943,
                42.15167590073787
              ],
              [
                1.4531556437915776,
                42.15164009748477
              ],
              [
                1.453041965257777,
                42.15157422850203
              ],
              [
                1.45296652741928,
                42.15151602329654
              ],
              [
                1.4527068806717467,
                42.15152681928026
              ],
              [
                1.4526663782268592,
                42.15161205600609
              ],
              [
                1.4527414677211266,
                42.15168455388756
              ]
            ]
          ],
          [
            [
              [
                1.4406698372234756,
                42.157246384834956
              ],
              [
                1.44074719297791,
                42.1573423317064
              ],
              [
                1.4406814065218232,
                42.157424472597164
              ],
              [
                1.4404104753113385,
                42.157420789179824
              ],
              [
                1.4401888104837952,
                42.15735846462199
              ],
              [
                1.439951792918557,
                42.157272207007196
              ],
              [
                1.4397399765592354,
                42.15725428516597
              ],
              [
                1.4397240264699618,
                42.15790343538822
              ],
              [
                1.4398969016634975,
                42.157957335771
              ],
              [
                1.44008983211478,
                42.15803054303886
              ],
              [
                1.440931049351172,
                42.15804198000512
              ],
              [
                1.4409520963071651,
                42.15718472933128
              ],
              [
                1.4409426724464904,
                42.15718283968658
              ],
              [
                1.4408465590082618,
                42.15714022327455
              ],
              [
                1.4408317907119836,
                42.157133675043895
              ],
              [
                1.4407209091512752,
                42.157084510296464
              ],
              [
                1.4406477722398323,
                42.15703745174365
              ],
              [
                1.4405933553234593,
                42.15711486225135
              ],
              [
                1.4406062030236138,
                42.157136955920954
              ],
              [
                1.4406698372234756,
                42.157246384834956
              ]
            ]
          ],
          [
            [
              [
                1.4360943486804096,
                42.158407843681296
              ],
              [
                1.4360809131469223,
                42.158384192636824
              ],
              [
                1.436078937596216,
                42.15846440503313
              ],
              [
                1.4361122239953523,
                42.15843036843811
              ],
              [
                1.4360943486804096,
                42.158407843681296
              ]
            ]
          ]
        ]
      }
    },
    {
      "type": "Feature",
      "properties": {
        "situation_type": "current_fire",
        "title": "Tarteres de l'Europa meridional amb vegetació poc o molt termòfila · comprovació de camp",
        "ecological_element": "Tarteres de l'Europa meridional amb vegetació poc o molt termòfila",
        "hic_code": "8130",
        "is_priority": false,
        "area_ha": 0.0258,
        "what_happens": "Una part concreta de l’HIC coincideix amb cel·les on el producte diari EcoRadar classifica el perill actual com a alt.",
        "why_flagged": [
          "HIC cartografiat",
          "perill d’incendi actual alt"
        ],
        "structural": [
          "hàbitat HIC",
          "vulnerabilitat territorial incorporada al producte de foc"
        ],
        "current": [
          "perill EcoRadar actual alt; meteorologia i frescor de dades segons la lectura diària"
        ],
        "meaning": "La coincidència justifica vigilància i verificació de combustible i estat de l’hàbitat; no demostra impacte ni obliga a intervenir.",
        "scenario": "Si les condicions desfavorables es mantenen, l’exposició al foc pot persistir; no és una predicció d’incendi.",
        "ecological_mechanism": "Un incendi podria alterar estructura, cobertura i recursos de l’hàbitat, amb resposta diferent segons intensitat, recurrència i espècies.",
        "unknown": [
          "estat local de conservació",
          "humitat del combustible mesurada al camp",
          "resposta real de flora i fauna"
        ],
        "recommendation": "comprovació de camp",
        "field_check": [
          "estructura i continuïtat del combustible",
          "regeneració i senyals de deteriorament",
          "evidència d’ús de fauna sense publicar localitzacions sensibles"
        ],
        "monitor": [
          "perill d’incendi actual",
          "NDMI i NDVI quan hi hagi una observació nova i vàlida",
          "temperatura superficial amb data i frescor"
        ],
        "max_fire_index": 68.0
      },
      "geometry": {
        "type": "MultiPolygon",
        "coordinates": [
          [
            [
              [
                1.4075927294729629,
                42.16383625372248
              ],
              [
                1.407525133393165,
                42.16384961237666
              ],
              [
                1.4074287220114656,
                42.16386257180723
              ],
              [
                1.4073417360154352,
                42.163882810140706
              ],
              [
                1.4073414257554546,
                42.16388475204205
              ],
              [
                1.4076671045450362,
                42.16388927373531
              ],
              [
                1.407659607399227,
                42.16385147839675
              ],
              [
                1.4075927294729629,
                42.16383625372248
              ]
            ]
          ],
          [
            [
              [
                1.4224508429668583,
                42.1710742686029
              ],
              [
                1.4224452740017224,
                42.1712983272602
              ],
              [
                1.42257198488138,
                42.17130006996131
              ],
              [
                1.4225628629628586,
                42.17122172782029
              ],
              [
                1.4224508429668583,
                42.1710742686029
              ]
            ]
          ]
        ]
      }
    },
    {
      "type": "Feature",
      "properties": {
        "situation_type": "current_fire",
        "title": "Costers rocosos calcaris amb vegetació rupícola · comprovació de camp",
        "ecological_element": "Costers rocosos calcaris amb vegetació rupícola",
        "hic_code": "8210",
        "is_priority": false,
        "area_ha": 4.6654,
        "what_happens": "Una part concreta de l’HIC coincideix amb cel·les on el producte diari EcoRadar classifica el perill actual com a alt.",
        "why_flagged": [
          "HIC cartografiat",
          "perill d’incendi actual alt"
        ],
        "structural": [
          "hàbitat HIC",
          "vulnerabilitat territorial incorporada al producte de foc"
        ],
        "current": [
          "perill EcoRadar actual alt; meteorologia i frescor de dades segons la lectura diària"
        ],
        "meaning": "La coincidència justifica vigilància i verificació de combustible i estat de l’hàbitat; no demostra impacte ni obliga a intervenir.",
        "scenario": "Si les condicions desfavorables es mantenen, l’exposició al foc pot persistir; no és una predicció d’incendi.",
        "ecological_mechanism": "Un incendi podria alterar estructura, cobertura i recursos de l’hàbitat, amb resposta diferent segons intensitat, recurrència i espècies.",
        "unknown": [
          "estat local de conservació",
          "humitat del combustible mesurada al camp",
          "resposta real de flora i fauna"
        ],
        "recommendation": "comprovació de camp",
        "field_check": [
          "estructura i continuïtat del combustible",
          "regeneració i senyals de deteriorament",
          "evidència d’ús de fauna sense publicar localitzacions sensibles"
        ],
        "monitor": [
          "perill d’incendi actual",
          "NDMI i NDVI quan hi hagi una observació nova i vàlida",
          "temperatura superficial amb data i frescor"
        ],
        "max_fire_index": 64.5
      },
      "geometry": {
        "type": "MultiPolygon",
        "coordinates": [
          [
            [
              [
                1.3777401356167727,
                42.177961080548364
              ],
              [
                1.377580470688134,
                42.177940950546855
              ],
              [
                1.3774813159934065,
                42.17790428407585
              ],
              [
                1.3774297247961,
                42.17788520608738
              ],
              [
                1.3774136099154277,
                42.177874946298495
              ],
              [
                1.3765786816554635,
                42.17786313148954
              ],
              [
                1.3764748694712978,
                42.17795509866215
              ],
              [
                1.3764246993993081,
                42.178037786976105
              ],
              [
                1.3762670433547597,
                42.178039899046865
              ],
              [
                1.3762083827521523,
                42.17804068484998
              ],
              [
                1.3760176075002502,
                42.177984370911446
              ],
              [
                1.3757683514526569,
                42.1780225428642
              ],
              [
                1.3754881384534519,
                42.17801857521242
              ],
              [
                1.375248260875157,
                42.1780032642022
              ],
              [
                1.3750574806118165,
                42.177991392667394
              ],
              [
                1.3750003768656456,
                42.17798783925461
              ],
              [
                1.3747362892037098,
                42.178073514542085
              ],
              [
                1.3741256304562623,
                42.178064863232564
              ],
              [
                1.3738439696307514,
                42.17809702527976
              ],
              [
                1.3734484318556182,
                42.17814218938387
              ],
              [
                1.373359583087903,
                42.17817566826185
              ],
              [
                1.373186423426734,
                42.17814084916185
              ],
              [
                1.3730503201138369,
                42.178138919501166
              ],
              [
                1.3728258439479364,
                42.178147650028436
              ],
              [
                1.372630871874304,
                42.178186390613384
              ],
              [
                1.3722381924153606,
                42.17826441412733
              ],
              [
                1.372158131371395,
                42.17826327875664
              ],
              [
                1.3719819973607148,
                42.17826077966762
              ],
              [
                1.3718324001001705,
                42.17825865688451
              ],
              [
                1.3719610000000004,
                42.178432
              ],
              [
                1.372296000000001,
                42.178491
              ],
              [
                1.3723299323452276,
                42.178500254337344
              ],
              [
                1.3723565915391303,
                42.17844434611741
              ],
              [
                1.3725052088407257,
                42.17847074432037
              ],
              [
                1.3726232984471978,
                42.178481688220785
              ],
              [
                1.3726570205689264,
                42.17848481338008
              ],
              [
                1.3728331564707608,
                42.1784873114606
              ],
              [
                1.3729851198624952,
                42.17849542295242
              ],
              [
                1.373112301245429,
                42.178532968342154
              ],
              [
                1.373232547257979,
                42.17852871553592
              ],
              [
                1.3732416213475245,
                42.178487144550914
              ],
              [
                1.3733724666150458,
                42.17838177100256
              ],
              [
                1.373508571680847,
                42.178383700307194
              ],
              [
                1.3737649200078643,
                42.178381377846584
              ],
              [
                1.3738368153151128,
                42.178376190399035
              ],
              [
                1.3741099453327914,
                42.17835648288457
              ],
              [
                1.374412348807319,
                42.1784322519344
              ],
              [
                1.3745723189296657,
                42.178440475703994
              ],
              [
                1.3747570703795835,
                42.1784192647884
              ],
              [
                1.375042889200323,
                42.17831063748769
              ],
              [
                1.375049305502593,
                42.17831062890085
              ],
              [
                1.3751061973622545,
                42.178310552747654
              ],
              [
                1.3754337618837889,
                42.17834808565238
              ],
              [
                1.3754468182074813,
                42.17838137402876
              ],
              [
                1.375437134501675,
                42.17844676559781
              ],
              [
                1.3754188366696765,
                42.17853586509023
              ],
              [
                1.3753132329803837,
                42.17859393956472
              ],
              [
                1.3752558177722993,
                42.17864674180158
              ],
              [
                1.3752698488547552,
                42.17872438245999
              ],
              [
                1.375339264865221,
                42.17874618409547
              ],
              [
                1.3755189358932804,
                42.17874872902762
              ],
              [
                1.3755659258412327,
                42.178734531024126
              ],
              [
                1.3756647424570208,
                42.17862870212068
              ],
              [
                1.3758342430111217,
                42.17857748695705
              ],
              [
                1.37606657467381,
                42.178574820152704
              ],
              [
                1.3762537055042252,
                42.17856112382815
              ],
              [
                1.3764758034803941,
                42.17854486781234
              ],
              [
                1.3771241492007755,
                42.178559997363244
              ],
              [
                1.3773164513088416,
                42.17855675891401
              ],
              [
                1.3774653569475577,
                42.17852840988171
              ],
              [
                1.3776639977789047,
                42.17849059179501
              ],
              [
                1.378046197298618,
                42.178515928562526
              ],
              [
                1.378094874204128,
                42.17849627951357
              ],
              [
                1.3783444352545202,
                42.178446192747536
              ],
              [
                1.3785684555458408,
                42.178455316526225
              ],
              [
                1.3786778259314993,
                42.17846365401766
              ],
              [
                1.3786890391340627,
                42.17802480143855
              ],
              [
                1.3784614457634554,
                42.17794148960173
              ],
              [
                1.3782617489522584,
                42.17792079637575
              ],
              [
                1.3782512402166773,
                42.1779216087284
              ],
              [
                1.3777401356167727,
                42.177961080548364
              ]
            ]
          ],
          [
            [
              [
                1.3834992862221505,
                42.179319097473446
              ],
              [
                1.3837211066506063,
                42.179393534653144
              ],
              [
                1.3838867432342679,
                42.17938817395087
              ],
              [
                1.3840228499331602,
                42.17939009170176
              ],
              [
                1.3841734537657195,
                42.1794517829913
              ],
              [
                1.384357598929333,
                42.17945437620762
              ],
              [
                1.3845335869185436,
                42.17946281172116
              ],
              [
                1.3847049776697014,
                42.17952094112323
              ],
              [
                1.3847121288902948,
                42.179240029578274
              ],
              [
                1.3845186506844211,
                42.17920188587439
              ],
              [
                1.3842727499991518,
                42.17923416338616
              ],
              [
                1.3839772383445283,
                42.179294135569585
              ],
              [
                1.3835027069069168,
                42.179184827250424
              ],
              [
                1.3834992862221505,
                42.179319097473446
              ]
            ]
          ],
          [
            [
              [
                1.389882854564353,
                42.18110580701322
              ],
              [
                1.3898819600758507,
                42.18110593675123
              ],
              [
                1.3898229034482918,
                42.18117398936666
              ],
              [
                1.3895064790142049,
                42.181169116883886
              ],
              [
                1.3895051856600593,
                42.181220070096245
              ],
              [
                1.3900107009404752,
                42.1814756365725
              ],
              [
                1.3902939427766834,
                42.181618830033344
              ],
              [
                1.3904125280426112,
                42.181660517079266
              ],
              [
                1.3905293895771271,
                42.18166215703432
              ],
              [
                1.3907049013475081,
                42.18165969427021
              ],
              [
                1.3907066104752142,
                42.181592311959356
              ],
              [
                1.3905620693484375,
                42.18154936483996
              ],
              [
                1.3903865893639078,
                42.18145754538821
              ],
              [
                1.3901529188356636,
                42.18138635406556
              ],
              [
                1.390057745711547,
                42.18134927505151
              ],
              [
                1.3901080520844389,
                42.18126062429333
              ],
              [
                1.3903365553062277,
                42.18134603935331
              ],
              [
                1.390593883331628,
                42.18143185933915
              ],
              [
                1.3907096560118006,
                42.18147224119314
              ],
              [
                1.3907138920028848,
                42.181305235346635
              ],
              [
                1.3903250000000005,
                42.18118900000001
              ],
              [
                1.3898949999999999,
                42.181054999999986
              ],
              [
                1.3895129583914207,
                42.180913852182655
              ],
              [
                1.389512087809707,
                42.180948150237086
              ],
              [
                1.3897587498412818,
                42.18100779298921
              ],
              [
                1.389882854564353,
                42.18110580701322
              ]
            ]
          ],
          [
            [
              [
                1.4073301931843212,
                42.17819256083351
              ],
              [
                1.4074869430635082,
                42.178296450666416
              ],
              [
                1.4077414698128652,
                42.178299984417606
              ],
              [
                1.4077431218685712,
                42.17823414712974
              ],
              [
                1.4076088816970003,
                42.17817851737692
              ],
              [
                1.407167410245953,
                42.177842195291916
              ],
              [
                1.4069178187240965,
                42.17769187635004
              ],
              [
                1.4069176197352362,
                42.1778133803614
              ],
              [
                1.4070710849909218,
                42.1779850541224
              ],
              [
                1.4073301931843212,
                42.17819256083351
              ]
            ]
          ],
          [
            [
              [
                1.4016819756818208,
                42.17851580250688
              ],
              [
                1.4016817051978425,
                42.178526540773255
              ],
              [
                1.40168664449765,
                42.178528015754154
              ],
              [
                1.4016819756818208,
                42.17851580250688
              ]
            ]
          ],
          [
            [
              [
                1.4022431927644812,
                42.17898597279237
              ],
              [
                1.4018590929912764,
                42.17882836812104
              ],
              [
                1.4016751476842042,
                42.17878687353799
              ],
              [
                1.4016688829448123,
                42.17903557996276
              ],
              [
                1.4018021717465852,
                42.17911798177552
              ],
              [
                1.4028772574089523,
                42.179132957357076
              ],
              [
                1.4028773333838427,
                42.17912993894519
              ],
              [
                1.4028483448580054,
                42.17912234280365
              ],
              [
                1.4022431927644812,
                42.17898597279237
              ]
            ]
          ],
          [
            [
              [
                1.4052783754229505,
                42.17995009220181
              ],
              [
                1.4052844707995003,
                42.17970756923533
              ],
              [
                1.4050673592059901,
                42.17956039889259
              ],
              [
                1.4049112753659747,
                42.179509144507904
              ],
              [
                1.4045871556712648,
                42.1794027124318
              ],
              [
                1.404224733015272,
                42.17931132697072
              ],
              [
                1.4040833622952602,
                42.17932072094573
              ],
              [
                1.4040776962460948,
                42.179545995233354
              ],
              [
                1.40435615467328,
                42.179579162157566
              ],
              [
                1.4045359552766057,
                42.179649181665205
              ],
              [
                1.404782805696635,
                42.17970622814687
              ],
              [
                1.4049414381786056,
                42.17976800477732
              ],
              [
                1.4052783754229505,
                42.17995009220181
              ]
            ]
          ],
          [
            [
              [
                1.3932690698141075,
                42.194905567367336
              ],
              [
                1.3933745355808043,
                42.19485343027664
              ],
              [
                1.3935099218494025,
                42.19488511143929
              ],
              [
                1.3938757407709816,
                42.19499150399594
              ],
              [
                1.39399966924012,
                42.19500529263726
              ],
              [
                1.3940110902470328,
                42.194554302976556
              ],
              [
                1.3939299088857735,
                42.194539521512404
              ],
              [
                1.3936097288432492,
                42.19452908167285
              ],
              [
                1.3935860694908195,
                42.19454964512561
              ],
              [
                1.3934975850246631,
                42.19454428816519
              ],
              [
                1.3934462388748434,
                42.1945478044476
              ],
              [
                1.3933997389997266,
                42.194571376530945
              ],
              [
                1.393235375426684,
                42.19433632716271
              ],
              [
                1.3931013425867336,
                42.19430664506118
              ],
              [
                1.3928063499880914,
                42.19430251155215
              ],
              [
                1.3928028072115808,
                42.194442305188566
              ],
              [
                1.3929627157848874,
                42.194514726405814
              ],
              [
                1.3929439373660526,
                42.19474934267526
              ],
              [
                1.392871823506332,
                42.19477490439442
              ],
              [
                1.39284628928665,
                42.194834118621955
              ],
              [
                1.3927892738429863,
                42.19497630622364
              ],
              [
                1.392783533810572,
                42.1952027926173
              ],
              [
                1.3937347433303038,
                42.19521611870622
              ],
              [
                1.3936383731499524,
                42.19519072291474
              ],
              [
                1.3936252860094682,
                42.195185735806824
              ],
              [
                1.3932813154495474,
                42.19505466767267
              ],
              [
                1.3932025903702927,
                42.194999950186876
              ],
              [
                1.3932690698141075,
                42.194905567367336
              ]
            ]
          ],
          [
            [
              [
                1.3971453255863662,
                42.1952638348012
              ],
              [
                1.3976263571832455,
                42.195270556557396
              ],
              [
                1.397631690332134,
                42.195059488970934
              ],
              [
                1.397521894180051,
                42.19505440184069
              ],
              [
                1.3965362671643584,
                42.195064460402115
              ],
              [
                1.3964197485131482,
                42.1950915436177
              ],
              [
                1.3964156497781512,
                42.19525363473038
              ],
              [
                1.3964788237818624,
                42.19525451801759
              ],
              [
                1.3965497845048802,
                42.19521118255958
              ],
              [
                1.396761379275888,
                42.1951351570526
              ],
              [
                1.397024063989779,
                42.195154477681086
              ],
              [
                1.397152082380085,
                42.195230842955446
              ],
              [
                1.3971453255863662,
                42.1952638348012
              ]
            ]
          ],
          [
            [
              [
                1.4139396634562738,
                42.222492546437564
              ],
              [
                1.413962299843077,
                42.2224863728659
              ],
              [
                1.4139014092239728,
                42.22248553111011
              ],
              [
                1.4139009694055988,
                42.22250309936709
              ],
              [
                1.4139396634562738,
                42.222492546437564
              ]
            ]
          ]
        ]
      }
    },
    {
      "type": "Feature",
      "properties": {
        "situation_type": "current_fire",
        "title": "Alzinars i carrascars · comprovació de camp",
        "ecological_element": "Alzinars i carrascars",
        "hic_code": "9340",
        "is_priority": false,
        "area_ha": 7.3556,
        "what_happens": "Una part concreta de l’HIC coincideix amb cel·les on el producte diari EcoRadar classifica el perill actual com a alt.",
        "why_flagged": [
          "HIC cartografiat",
          "perill d’incendi actual alt"
        ],
        "structural": [
          "hàbitat HIC",
          "vulnerabilitat territorial incorporada al producte de foc"
        ],
        "current": [
          "perill EcoRadar actual alt; meteorologia i frescor de dades segons la lectura diària"
        ],
        "meaning": "La coincidència justifica vigilància i verificació de combustible i estat de l’hàbitat; no demostra impacte ni obliga a intervenir.",
        "scenario": "Si les condicions desfavorables es mantenen, l’exposició al foc pot persistir; no és una predicció d’incendi.",
        "ecological_mechanism": "Un incendi podria alterar estructura, cobertura i recursos de l’hàbitat, amb resposta diferent segons intensitat, recurrència i espècies.",
        "unknown": [
          "estat local de conservació",
          "humitat del combustible mesurada al camp",
          "resposta real de flora i fauna"
        ],
        "recommendation": "comprovació de camp",
        "field_check": [
          "estructura i continuïtat del combustible",
          "regeneració i senyals de deteriorament",
          "evidència d’ús de fauna sense publicar localitzacions sensibles"
        ],
        "monitor": [
          "perill d’incendi actual",
          "NDMI i NDVI quan hi hagi una observació nova i vàlida",
          "temperatura superficial amb data i frescor"
        ],
        "max_fire_index": 63.6
      },
      "geometry": {
        "type": "MultiPolygon",
        "coordinates": [
          [
            [
              [
                1.402893306287743,
                42.17849533998733
              ],
              [
                1.4027558435054825,
                42.17842420275195
              ],
              [
                1.4023428937665128,
                42.1782808660571
              ],
              [
                1.402340637484059,
                42.17822488012515
              ],
              [
                1.40168953210592,
                42.17821580862983
              ],
              [
                1.4016819756818208,
                42.17851580250688
              ],
              [
                1.40168664449765,
                42.178528015754154
              ],
              [
                1.4016817051978425,
                42.178526540773255
              ],
              [
                1.4016751476842042,
                42.17878687353799
              ],
              [
                1.4018590929912764,
                42.17882836812104
              ],
              [
                1.4022431927644812,
                42.17898597279237
              ],
              [
                1.4028483448580054,
                42.17912234280365
              ],
              [
                1.4028773333838427,
                42.17912993894519
              ],
              [
                1.402893306287743,
                42.17849533998733
              ]
            ]
          ],
          [
            [
              [
                1.3835027069069168,
                42.179184827250424
              ],
              [
                1.3839772383445283,
                42.179294135569585
              ],
              [
                1.3842727499991518,
                42.17923416338616
              ],
              [
                1.3845186506844211,
                42.17920188587439
              ],
              [
                1.3847121288902948,
                42.179240029578274
              ],
              [
                1.3847203554769858,
                42.1789168709346
              ],
              [
                1.384653047532886,
                42.17896736427463
              ],
              [
                1.3845378267215593,
                42.17895300512942
              ],
              [
                1.3843503244471695,
                42.178873473256886
              ],
              [
                1.383510940213034,
                42.1788616461303
              ],
              [
                1.3835027069069168,
                42.179184827250424
              ]
            ]
          ],
          [
            [
              [
                1.389512087809707,
                42.180948150237086
              ],
              [
                1.3895064790142049,
                42.181169116883886
              ],
              [
                1.3898229034482918,
                42.18117398936666
              ],
              [
                1.3898819600758507,
                42.18110593675123
              ],
              [
                1.389882854564353,
                42.18110580701322
              ],
              [
                1.3897587498412818,
                42.18100779298921
              ],
              [
                1.389512087809707,
                42.180948150237086
              ]
            ]
          ],
          [
            [
              [
                1.3895281404018984,
                42.18148495629041
              ],
              [
                1.389617843320441,
                42.18144906784277
              ],
              [
                1.3896817462291766,
                42.18145592165531
              ],
              [
                1.3898093985314357,
                42.1814755845046
              ],
              [
                1.3900107009404752,
                42.1814756365725
              ],
              [
                1.3895051856600593,
                42.181220070096245
              ],
              [
                1.389499255621044,
                42.181453689285156
              ],
              [
                1.3895281404018984,
                42.18148495629041
              ]
            ]
          ],
          [
            [
              [
                1.3892428916984312,
                42.191550716778345
              ],
              [
                1.3892200271495831,
                42.192450996700785
              ],
              [
                1.3897365968149968,
                42.192458250620305
              ],
              [
                1.3898734274588163,
                42.19200165857064
              ],
              [
                1.3899192353631233,
                42.19173187006279
              ],
              [
                1.389959165494838,
                42.19169379843335
              ],
              [
                1.389961126247879,
                42.191616558885066
              ],
              [
                1.3899875243849131,
                42.191561172348
              ],
              [
                1.3892428916984312,
                42.191550716778345
              ]
            ]
          ],
          [
            [
              [
                1.3935860694908195,
                42.19454964512561
              ],
              [
                1.3936097288432492,
                42.19452908167285
              ],
              [
                1.3939299088857735,
                42.194539521512404
              ],
              [
                1.3940110902470328,
                42.194554302976556
              ],
              [
                1.3940170370993072,
                42.19431947116316
              ],
              [
                1.3931013425867336,
                42.19430664506118
              ],
              [
                1.393235375426684,
                42.19433632716271
              ],
              [
                1.3933997389997266,
                42.194571376530945
              ],
              [
                1.3934462388748434,
                42.1945478044476
              ],
              [
                1.3934975850246631,
                42.19454428816519
              ],
              [
                1.3935860694908195,
                42.19454964512561
              ]
            ]
          ],
          [
            [
              [
                1.3964197485131482,
                42.1950915436177
              ],
              [
                1.3965362671643584,
                42.195064460402115
              ],
              [
                1.397521894180051,
                42.19505440184069
              ],
              [
                1.397631690332134,
                42.195059488970934
              ],
              [
                1.3976491046834605,
                42.19437027336674
              ],
              [
                1.396438414447776,
                42.19435335207049
              ],
              [
                1.3964197485131482,
                42.1950915436177
              ]
            ]
          ],
          [
            [
              [
                1.3927892738429863,
                42.19497630622364
              ],
              [
                1.39284628928665,
                42.194834118621955
              ],
              [
                1.392871823506332,
                42.19477490439442
              ],
              [
                1.3929439373660526,
                42.19474934267526
              ],
              [
                1.3929627157848874,
                42.194514726405814
              ],
              [
                1.3928028072115808,
                42.194442305188566
              ],
              [
                1.3927892738429863,
                42.19497630622364
              ]
            ]
          ],
          [
            [
              [
                1.39399966924012,
                42.19500529263726
              ],
              [
                1.3938757407709816,
                42.19499150399594
              ],
              [
                1.3935099218494025,
                42.19488511143929
              ],
              [
                1.3933745355808043,
                42.19485343027664
              ],
              [
                1.3932690698141075,
                42.194905567367336
              ],
              [
                1.3932025903702927,
                42.194999950186876
              ],
              [
                1.3932813154495474,
                42.19505466767267
              ],
              [
                1.3936252860094682,
                42.195185735806824
              ],
              [
                1.3936383731499524,
                42.19519072291474
              ],
              [
                1.3937347433303038,
                42.19521611870622
              ],
              [
                1.3939942380910306,
                42.19521975276028
              ],
              [
                1.39399966924012,
                42.19500529263726
              ]
            ]
          ],
          [
            [
              [
                1.3971453255863662,
                42.1952638348012
              ],
              [
                1.397152082380085,
                42.195230842955446
              ],
              [
                1.397024063989779,
                42.195154477681086
              ],
              [
                1.396761379275888,
                42.1951351570526
              ],
              [
                1.3965497845048802,
                42.19521118255958
              ],
              [
                1.3964788237818624,
                42.19525451801759
              ],
              [
                1.3971453255863662,
                42.1952638348012
              ]
            ]
          ],
          [
            [
              [
                1.383702606403294,
                42.21885597278591
              ],
              [
                1.3836889548057587,
                42.21939114447923
              ],
              [
                1.384305011936877,
                42.219399825679844
              ],
              [
                1.3842633095014218,
                42.219282998095466
              ],
              [
                1.3842014964777818,
                42.21919277086019
              ],
              [
                1.3841008407908046,
                42.2190543402946
              ],
              [
                1.3840976500771323,
                42.21899982363253
              ],
              [
                1.3838250761701374,
                42.218911870415795
              ],
              [
                1.383702606403294,
                42.21885597278591
              ]
            ]
          ],
          [
            [
              [
                1.407114498759523,
                42.17829127877496
              ],
              [
                1.4070154971841273,
                42.17825272507409
              ],
              [
                1.4065355179241454,
                42.17810645769953
              ],
              [
                1.4064829678157695,
                42.17809044358243
              ],
              [
                1.4060795158508383,
                42.178209935894174
              ],
              [
                1.4058178394275136,
                42.1782732634724
              ],
              [
                1.4065310802030258,
                42.17828317478932
              ],
              [
                1.407114498759523,
                42.17829127877496
              ]
            ]
          ],
          [
            [
              [
                1.4049934196739684,
                42.17924108296324
              ],
              [
                1.4048783321189928,
                42.17916080480771
              ],
              [
                1.404087661071693,
                42.17914980580778
              ],
              [
                1.4040833622952602,
                42.17932072094573
              ],
              [
                1.404224733015272,
                42.17931132697072
              ],
              [
                1.4045871556712648,
                42.1794027124318
              ],
              [
                1.4049112753659747,
                42.179509144507904
              ],
              [
                1.4049258674788,
                42.179412556877125
              ],
              [
                1.4049934196739684,
                42.17924108296324
              ]
            ]
          ],
          [
            [
              [
                1.411698790814628,
                42.182651487098
              ],
              [
                1.4116135493000472,
                42.1825371223942
              ],
              [
                1.4113309162568168,
                42.182306444050695
              ],
              [
                1.4112763595983968,
                42.18219585564894
              ],
              [
                1.4112677709401136,
                42.18253883993638
              ],
              [
                1.4113438451679647,
                42.182588412031
              ],
              [
                1.4114250686770027,
                42.18270726752732
              ],
              [
                1.4116423902616897,
                42.18285709100903
              ],
              [
                1.4118686230299984,
                42.18286022381229
              ],
              [
                1.4118307324019128,
                42.182820114025056
              ],
              [
                1.411698790814628,
                42.182651487098
              ]
            ]
          ],
          [
            [
              [
                1.4261512716848435,
                42.18485830949556
              ],
              [
                1.4262580112215753,
                42.184884858663075
              ],
              [
                1.4262695395655103,
                42.18485993233143
              ],
              [
                1.4261512716848435,
                42.18485830949556
              ]
            ]
          ],
          [
            [
              [
                1.4267300000000005,
                42.184998000000014
              ],
              [
                1.4269512319617201,
                42.18488424176998
              ],
              [
                1.426951602728749,
                42.18486928901384
              ],
              [
                1.4266178476650966,
                42.1848647110004
              ],
              [
                1.4265917122870106,
                42.18491082181867
              ],
              [
                1.426579570323434,
                42.18507745515902
              ],
              [
                1.4265712237993504,
                42.18519467929186
              ],
              [
                1.4266650000000007,
                42.18507400000001
              ],
              [
                1.4267300000000005,
                42.184998000000014
              ]
            ]
          ],
          [
            [
              [
                1.4195933794333058,
                42.18656933972918
              ],
              [
                1.419643605810594,
                42.18657003181237
              ],
              [
                1.4196468109429647,
                42.18644137649707
              ],
              [
                1.419574813368539,
                42.18649297572442
              ],
              [
                1.4195933794333058,
                42.18656933972918
              ]
            ]
          ],
          [
            [
              [
                1.43766899771713,
                42.19222060870755
              ],
              [
                1.4376911745401841,
                42.1913203076206
              ],
              [
                1.4364805190781613,
                42.19130380987527
              ],
              [
                1.4364583250870293,
                42.19220411044469
              ],
              [
                1.43766899771713,
                42.19222060870755
              ]
            ]
          ],
          [
            [
              [
                1.4158730747711294,
                42.218939638719334
              ],
              [
                1.415809578181608,
                42.21900517891817
              ],
              [
                1.4156480097348978,
                42.21905656041565
              ],
              [
                1.4153733878893793,
                42.21914212433544
              ],
              [
                1.4151948966406107,
                42.21921408418405
              ],
              [
                1.4151794750572146,
                42.2198306538251
              ],
              [
                1.4163906629022525,
                42.21984738545922
              ],
              [
                1.4176018517761992,
                42.21986410430996
              ],
              [
                1.417624335126638,
                42.21896381624878
              ],
              [
                1.4164131634442263,
                42.21894709792241
              ],
              [
                1.4158730747711294,
                42.218939638719334
              ]
            ]
          ],
          [
            [
              [
                1.413923215300622,
                42.22161448192661
              ],
              [
                1.4139014092239728,
                42.22248553111011
              ],
              [
                1.413962299843077,
                42.2224863728659
              ],
              [
                1.4140480000000002,
                42.222463000000005
              ],
              [
                1.4146620000000005,
                42.222299
              ],
              [
                1.415121280235487,
                42.2221571638721
              ],
              [
                1.415134436501174,
                42.22163122739444
              ],
              [
                1.413923215300622,
                42.22161448192661
              ]
            ]
          ]
        ]
      }
    },
    {
      "type": "Feature",
      "properties": {
        "situation_type": "current_fire",
        "title": "Pinedes submediterrànies de pinassa (Pinus nigra subsp. salzmannii) · comprovació de camp",
        "ecological_element": "Pinedes submediterrànies de pinassa (Pinus nigra subsp. salzmannii)",
        "hic_code": "9530*",
        "is_priority": true,
        "area_ha": 4.9438,
        "what_happens": "Una part concreta de l’HIC coincideix amb cel·les on el producte diari EcoRadar classifica el perill actual com a alt.",
        "why_flagged": [
          "HIC cartografiat",
          "perill d’incendi actual alt"
        ],
        "structural": [
          "hàbitat HIC",
          "vulnerabilitat territorial incorporada al producte de foc"
        ],
        "current": [
          "perill EcoRadar actual alt; meteorologia i frescor de dades segons la lectura diària"
        ],
        "meaning": "La coincidència justifica vigilància i verificació de combustible i estat de l’hàbitat; no demostra impacte ni obliga a intervenir.",
        "scenario": "Si les condicions desfavorables es mantenen, l’exposició al foc pot persistir; no és una predicció d’incendi.",
        "ecological_mechanism": "Un incendi podria alterar estructura, cobertura i recursos de l’hàbitat, amb resposta diferent segons intensitat, recurrència i espècies.",
        "unknown": [
          "estat local de conservació",
          "humitat del combustible mesurada al camp",
          "resposta real de flora i fauna"
        ],
        "recommendation": "comprovació de camp",
        "field_check": [
          "estructura i continuïtat del combustible",
          "regeneració i senyals de deteriorament",
          "evidència d’ús de fauna sense publicar localitzacions sensibles"
        ],
        "monitor": [
          "perill d’incendi actual",
          "NDMI i NDVI quan hi hagi una observació nova i vàlida",
          "temperatura superficial amb data i frescor"
        ],
        "max_fire_index": 64.5
      },
      "geometry": {
        "type": "MultiPolygon",
        "coordinates": [
          [
            [
              [
                1.3657360738008275,
                42.16842950643424
              ],
              [
                1.3656139047012545,
                42.168561909751865
              ],
              [
                1.365610314835417,
                42.16870132970254
              ],
              [
                1.3668204973733533,
                42.16871856790382
              ],
              [
                1.3668398404603104,
                42.167966770414615
              ],
              [
                1.3666227320712339,
                42.16796842892159
              ],
              [
                1.3664310000000008,
                42.168030999999985
              ],
              [
                1.3659920000000005,
                42.16827299999999
              ],
              [
                1.3657670573573737,
                42.16840760428698
              ],
              [
                1.3657360738008275,
                42.16842950643424
              ]
            ]
          ],
          [
            [
              [
                1.375437134501675,
                42.17844676559781
              ],
              [
                1.3754468182074813,
                42.17838137402876
              ],
              [
                1.3754337618837889,
                42.17834808565238
              ],
              [
                1.3751061973622545,
                42.178310552747654
              ],
              [
                1.375049305502593,
                42.17831062890085
              ],
              [
                1.375042889200323,
                42.17831063748769
              ],
              [
                1.3747570703795835,
                42.1784192647884
              ],
              [
                1.3745723189296657,
                42.178440475703994
              ],
              [
                1.374412348807319,
                42.1784322519344
              ],
              [
                1.3741099453327914,
                42.17835648288457
              ],
              [
                1.3738368153151128,
                42.178376190399035
              ],
              [
                1.3737649200078643,
                42.178381377846584
              ],
              [
                1.373508571680847,
                42.178383700307194
              ],
              [
                1.3733724666150458,
                42.17838177100256
              ],
              [
                1.3732416213475245,
                42.178487144550914
              ],
              [
                1.373232547257979,
                42.17852871553592
              ],
              [
                1.373112301245429,
                42.178532968342154
              ],
              [
                1.3729851198624952,
                42.17849542295242
              ],
              [
                1.3728331564707608,
                42.1784873114606
              ],
              [
                1.3726570205689264,
                42.17848481338008
              ],
              [
                1.3726232984471978,
                42.178481688220785
              ],
              [
                1.3725052088407257,
                42.17847074432037
              ],
              [
                1.3723565915391303,
                42.17844434611741
              ],
              [
                1.3723299323452276,
                42.178500254337344
              ],
              [
                1.3723353199369228,
                42.17850172368912
              ],
              [
                1.3726207878515901,
                42.1785795785732
              ],
              [
                1.372659000000001,
                42.178589999999986
              ],
              [
                1.3731200000000015,
                42.17871299999999
              ],
              [
                1.373126971466222,
                42.178714825209006
              ],
              [
                1.373827882059176,
                42.17872476511892
              ],
              [
                1.3750382606453622,
                42.1787419199205
              ],
              [
                1.375339264865221,
                42.17874618409547
              ],
              [
                1.3752698488547552,
                42.17872438245999
              ],
              [
                1.3752558177722993,
                42.17864674180158
              ],
              [
                1.3753132329803837,
                42.17859393956472
              ],
              [
                1.3754188366696765,
                42.17853586509023
              ],
              [
                1.375437134501675,
                42.17844676559781
              ]
            ]
          ],
          [
            [
              [
                1.3776639977789047,
                42.17849059179501
              ],
              [
                1.3774653569475577,
                42.17852840988171
              ],
              [
                1.3773164513088416,
                42.17855675891401
              ],
              [
                1.3771241492007755,
                42.178559997363244
              ],
              [
                1.3764758034803941,
                42.17854486781234
              ],
              [
                1.3762537055042252,
                42.17856112382815
              ],
              [
                1.37606657467381,
                42.178574820152704
              ],
              [
                1.3758342430111217,
                42.17857748695705
              ],
              [
                1.3756647424570208,
                42.17862870212068
              ],
              [
                1.3755659258412327,
                42.178734531024126
              ],
              [
                1.3755189358932804,
                42.17874872902762
              ],
              [
                1.3762486402854146,
                42.17875906195778
              ],
              [
                1.3774590209785489,
                42.17877619123078
              ],
              [
                1.3786694027239823,
                42.17879330773944
              ],
              [
                1.3786778259314993,
                42.17846365401766
              ],
              [
                1.3785684555458408,
                42.178455316526225
              ],
              [
                1.3783444352545202,
                42.178446192747536
              ],
              [
                1.378094874204128,
                42.17849627951357
              ],
              [
                1.378046197298618,
                42.178515928562526
              ],
              [
                1.3776639977789047,
                42.17849059179501
              ]
            ]
          ],
          [
            [
              [
                1.380147537391331,
                42.21573878842257
              ],
              [
                1.3813586263016366,
                42.21575588861528
              ],
              [
                1.3813813918683098,
                42.21486459337228
              ],
              [
                1.381326073714442,
                42.21486381258959
              ],
              [
                1.3811177922232578,
                42.21486087528308
              ],
              [
                1.380960974047459,
                42.21484967799942
              ],
              [
                1.3801705494443515,
                42.21483851619515
              ],
              [
                1.380147537391331,
                42.21573878842257
              ]
            ]
          ],
          [
            [
              [
                1.3906085074901895,
                42.171756630663495
              ],
              [
                1.3897456474250196,
                42.17174452006212
              ],
              [
                1.3897364110477173,
                42.172108569943326
              ],
              [
                1.389985335280594,
                42.17208896247802
              ],
              [
                1.3902190028604215,
                42.17203267090541
              ],
              [
                1.390374124095623,
                42.17191570433169
              ],
              [
                1.3905781834702233,
                42.17176368017687
              ],
              [
                1.3906085074901895,
                42.171756630663495
              ]
            ]
          ],
          [
            [
              [
                1.3994004167711396,
                42.172962546083305
              ],
              [
                1.3994050122830732,
                42.17278032706083
              ],
              [
                1.399290706340743,
                42.17277873186801
              ],
              [
                1.3992545856262033,
                42.172789210632025
              ],
              [
                1.3992287676161645,
                42.17286033667031
              ],
              [
                1.3993237835760812,
                42.172903362500854
              ],
              [
                1.3993944812537251,
                42.172957962085164
              ],
              [
                1.3994004167711396,
                42.172962546083305
              ]
            ]
          ],
          [
            [
              [
                1.3981947328394637,
                42.17276343126088
              ],
              [
                1.3969844544344479,
                42.17274652269889
              ],
              [
                1.395774177068809,
                42.172729601374876
              ],
              [
                1.3957638156539054,
                42.17313951520178
              ],
              [
                1.3958431059004752,
                42.17309858199548
              ],
              [
                1.3961665840927124,
                42.17311649140146
              ],
              [
                1.3963707077530638,
                42.17304984050603
              ],
              [
                1.396511472180397,
                42.17305180851042
              ],
              [
                1.3969754451739855,
                42.17308710704521
              ],
              [
                1.3969758531666923,
                42.173087059789104
              ],
              [
                1.39732998455225,
                42.17304604163041
              ],
              [
                1.3975412925637332,
                42.173086982443934
              ],
              [
                1.3978932381052782,
                42.17310381131091
              ],
              [
                1.398186743599159,
                42.17307997638885
              ],
              [
                1.398206205723861,
                42.173078395886144
              ],
              [
                1.3985715633745401,
                42.17288095179548
              ],
              [
                1.3986451139822278,
                42.17282240733527
              ],
              [
                1.3986864617234982,
                42.17277029745852
              ],
              [
                1.3981947328394637,
                42.17276343126088
              ]
            ]
          ],
          [
            [
              [
                1.3847014252969625,
                42.17966048259176
              ],
              [
                1.3846611824924282,
                42.17964352886181
              ],
              [
                1.384442804114509,
                42.17966428117779
              ],
              [
                1.3845530935678576,
                42.17977693207992
              ],
              [
                1.3846984086652578,
                42.17977897872977
              ],
              [
                1.3847014252969625,
                42.17966048259176
              ]
            ]
          ],
          [
            [
              [
                1.383858245885109,
                42.17972276505279
              ],
              [
                1.3835773938215459,
                42.17968068203766
              ],
              [
                1.3834907672834484,
                42.17965348260922
              ],
              [
                1.3834880045146085,
                42.17976192550826
              ],
              [
                1.3840181548904527,
                42.179769396298596
              ],
              [
                1.383858245885109,
                42.17972276505279
              ]
            ]
          ],
          [
            [
              [
                1.384305011936877,
                42.219399825679844
              ],
              [
                1.3849001156235314,
                42.21940820846993
              ],
              [
                1.3849230631260396,
                42.21850793470738
              ],
              [
                1.3837119194983067,
                42.218490871251895
              ],
              [
                1.383702606403294,
                42.21885597278591
              ],
              [
                1.3838250761701374,
                42.218911870415795
              ],
              [
                1.3840976500771323,
                42.21899982363253
              ],
              [
                1.3841008407908046,
                42.2190543402946
              ],
              [
                1.3842014964777818,
                42.21919277086019
              ],
              [
                1.3842633095014218,
                42.219282998095466
              ],
              [
                1.384305011936877,
                42.219399825679844
              ]
            ]
          ]
        ]
      }
    },
    {
      "type": "Feature",
      "properties": {
        "situation_type": "historic_fire",
        "title": "Boixedes xerotermòfiles permanents, dels vessants rocosos · mantenir seguiment",
        "ecological_element": "Boixedes xerotermòfiles permanents, dels vessants rocosos",
        "hic_code": "5110",
        "is_priority": false,
        "area_ha": 3.3276,
        "what_happens": "Una part concreta de l’HIC coincideix amb un perímetre oficial d’incendi històric.",
        "why_flagged": [
          "HIC cartografiat",
          "perímetre oficial d’incendi històric"
        ],
        "structural": [
          "hàbitat HIC",
          "antecedent d’incendi"
        ],
        "current": [
          "cap canvi actual inferit a partir del perímetre històric"
        ],
        "meaning": "L’antecedent justifica revisar la trajectòria de recuperació; no implica un estat de conservació desfavorable.",
        "scenario": "Sense una sèrie comparable i camp no es pot afirmar si la recuperació millora o empitjora.",
        "ecological_mechanism": "La resposta postincendi depèn de severitat, recurrència, sòl, regeneració i usos posteriors.",
        "unknown": [
          "estat local de conservació",
          "humitat del combustible mesurada al camp",
          "resposta real de flora i fauna"
        ],
        "recommendation": "mantenir seguiment",
        "field_check": [
          "estructura i continuïtat del combustible",
          "regeneració i senyals de deteriorament",
          "evidència d’ús de fauna sense publicar localitzacions sensibles"
        ],
        "monitor": [
          "perill d’incendi actual",
          "NDMI i NDVI quan hi hagi una observació nova i vàlida",
          "temperatura superficial amb data i frescor"
        ],
        "max_fire_index": null
      },
      "geometry": {
        "type": "MultiPolygon",
        "coordinates": [
          [
            [
              [
                1.4592116622877083,
                42.19211327004355
              ],
              [
                1.4591411793045679,
                42.192046796093805
              ],
              [
                1.4590613869140077,
                42.19203380908323
              ],
              [
                1.458924235265089,
                42.192073666975666
              ],
              [
                1.458804112538775,
                42.19207205376638
              ],
              [
                1.4587493567331438,
                42.19201770410277
              ],
              [
                1.4587350772115288,
                42.19194602676553
              ],
              [
                1.4587887667467776,
                42.19171441941818
              ],
              [
                1.4586546535641467,
                42.19162921851178
              ],
              [
                1.4584154218687941,
                42.19158430346173
              ],
              [
                1.4582699726795223,
                42.19163596403969
              ],
              [
                1.4581411207645196,
                42.1916640193758
              ],
              [
                1.4580460238049977,
                42.1916881207978
              ],
              [
                1.4580425284879985,
                42.19183195703851
              ],
              [
                1.458345197915272,
                42.19183602402543
              ],
              [
                1.4583397293817517,
                42.19206110242664
              ],
              [
                1.458642401155283,
                42.19206516866348
              ],
              [
                1.4586369324435242,
                42.19229024617057
              ],
              [
                1.4592422770916724,
                42.19229837719734
              ],
              [
                1.45923681167427,
                42.192523454775056
              ],
              [
                1.4593724210595098,
                42.19252527565655
              ],
              [
                1.4593673580527404,
                42.19252172041405
              ],
              [
                1.4592931007134637,
                42.192388391757206
              ],
              [
                1.4592116622877083,
                42.19211327004355
              ]
            ]
          ],
          [
            [
              [
                1.4652630691350208,
                42.19372997554242
              ],
              [
                1.4651634967735243,
                42.19372864367135
              ],
              [
                1.4652245764673906,
                42.19383952507113
              ],
              [
                1.465260345413186,
                42.19384257932922
              ],
              [
                1.4652630691350208,
                42.19372997554242
              ]
            ]
          ],
          [
            [
              [
                1.463975365715956,
                42.194020733656245
              ],
              [
                1.46361027752516,
                42.193813307643445
              ],
              [
                1.4634374987950152,
                42.193505897182085
              ],
              [
                1.4631780621582204,
                42.19340572507548
              ],
              [
                1.4628320559505308,
                42.19339128423284
              ],
              [
                1.4623610931211197,
                42.193383938137266
              ],
              [
                1.4620247481918713,
                42.19330517175989
              ],
              [
                1.4616403644149176,
                42.19320494350126
              ],
              [
                1.4614964202296368,
                42.19291183750714
              ],
              [
                1.4613234187146047,
                42.19290461470357
              ],
              [
                1.4609196170830057,
                42.19305453286317
              ],
              [
                1.4608029219960883,
                42.19314874426924
              ],
              [
                1.460270762404235,
                42.19288876123103
              ],
              [
                1.4600304348044209,
                42.19275685990253
              ],
              [
                1.459833449460845,
                42.192687496261236
              ],
              [
                1.4596437960216853,
                42.192580103682694
              ],
              [
                1.459538434755979,
                42.19257080077455
              ],
              [
                1.4595340201639666,
                42.1927525962648
              ],
              [
                1.4598366953848423,
                42.192756660304596
              ],
              [
                1.4598312319887108,
                42.19298173792717
              ],
              [
                1.4604365823863799,
                42.19298986184257
              ],
              [
                1.4604311210521908,
                42.193214940419736
              ],
              [
                1.4610364750565479,
                42.19322306122203
              ],
              [
                1.4610310158280655,
                42.193448138953144
              ],
              [
                1.461939049916695,
                42.19346031425688
              ],
              [
                1.4619343344956965,
                42.19365483837646
              ],
              [
                1.4620249533225973,
                42.19363612034866
              ],
              [
                1.4621051904823943,
                42.193687693016614
              ],
              [
                1.4625389527442905,
                42.193693505921196
              ],
              [
                1.462533498756835,
                42.19391858379258
              ],
              [
                1.4628361787567783,
                42.19392263999255
              ],
              [
                1.4628307257801572,
                42.19414771788631
              ],
              [
                1.463003895531824,
                42.19415003766107
              ],
              [
                1.4631522201692946,
                42.19404827854701
              ],
              [
                1.4633874412893306,
                42.19415517469276
              ],
              [
                1.4634360893677787,
                42.19415582617057
              ],
              [
                1.4634355753974098,
                42.194177049116284
              ],
              [
                1.463897926792575,
                42.1943871617539
              ],
              [
                1.4640360032259485,
                42.194389010157224
              ],
              [
                1.4640346797555006,
                42.1944436799773
              ],
              [
                1.4647002547412296,
                42.19471266956723
              ],
              [
                1.4647106191197217,
                42.19472469537904
              ],
              [
                1.464580558229389,
                42.194859218340376
              ],
              [
                1.4644752160167116,
                42.19491765938059
              ],
              [
                1.4646390000000016,
                42.194862
              ],
              [
                1.4648871900303009,
                42.194805292007246
              ],
              [
                1.4647822797215868,
                42.19465718171196
              ],
              [
                1.4647536966162662,
                42.19431409589477
              ],
              [
                1.4643597429255173,
                42.19414239738952
              ],
              [
                1.463975365715956,
                42.194020733656245
              ]
            ]
          ],
          [
            [
              [
                1.4343523700129397,
                42.2160889594909
              ],
              [
                1.4344461505302162,
                42.21618555289718
              ],
              [
                1.434467831483298,
                42.21628116291232
              ],
              [
                1.4343856602934113,
                42.216363439368806
              ],
              [
                1.434200520591342,
                42.216396655619924
              ],
              [
                1.4341763902656044,
                42.21641298544431
              ],
              [
                1.4340538189994112,
                42.21649592405255
              ],
              [
                1.4340740278556992,
                42.21665108598341
              ],
              [
                1.4341830964068674,
                42.2167776729702
              ],
              [
                1.4343553713840966,
                42.21694086665755
              ],
              [
                1.434399169534905,
                42.216982722843674
              ],
              [
                1.4345901986667084,
                42.216842799900185
              ],
              [
                1.434848174147977,
                42.216780791571416
              ],
              [
                1.4351122514604728,
                42.21679630846698
              ],
              [
                1.4353365644939908,
                42.21679936820653
              ],
              [
                1.4355128109971775,
                42.216801771794174
              ],
              [
                1.4356095346650184,
                42.216779260494725
              ],
              [
                1.4358038612485453,
                42.21669851115416
              ],
              [
                1.435975522755243,
                42.21668266388634
              ],
              [
                1.436022954849122,
                42.21658831281783
              ],
              [
                1.4360260400695515,
                42.21646325621881
              ],
              [
                1.4359926990592158,
                42.216408651990534
              ],
              [
                1.4356899989434226,
                42.21639200789022
              ],
              [
                1.4356086654506501,
                42.216210145651935
              ],
              [
                1.435383196517672,
                42.216207071343504
              ],
              [
                1.435278240459672,
                42.216155769572666
              ],
              [
                1.4352076496253638,
                42.21617807069583
              ],
              [
                1.4350069312864444,
                42.21619320239005
              ],
              [
                1.4348627293641751,
                42.21619123536654
              ],
              [
                1.4347038304939237,
                42.21613545397513
              ],
              [
                1.434529202896158,
                42.216067544529096
              ],
              [
                1.4345082575013728,
                42.21594215813473
              ],
              [
                1.4346074784885696,
                42.21581841204941
              ],
              [
                1.4346095367069442,
                42.21573504102334
              ],
              [
                1.434547653239285,
                42.21564484062161
              ],
              [
                1.4346052027112877,
                42.215586054218235
              ],
              [
                1.4347799761106734,
                42.215648010775645
              ],
              [
                1.4347861621318247,
                42.21564495042242
              ],
              [
                1.4344748115163835,
                42.215516002571675
              ],
              [
                1.4341742194675844,
                42.21571176795758
              ],
              [
                1.4340086710995763,
                42.215855730556996
              ],
              [
                1.4341093198076544,
                42.21587118583738
              ],
              [
                1.4342587357362016,
                42.215986409637544
              ],
              [
                1.4343523700129397,
                42.2160889594909
              ]
            ]
          ]
        ]
      }
    },
    {
      "type": "Feature",
      "properties": {
        "situation_type": "historic_fire",
        "title": "Prats -i fàcies emmatades- medioeuropeus, seminaturals, sobre substrat calcari (Festuco-Brometea) · mantenir seguiment",
        "ecological_element": "Prats -i fàcies emmatades- medioeuropeus, seminaturals, sobre substrat calcari (Festuco-Brometea)",
        "hic_code": "6210",
        "is_priority": false,
        "area_ha": 1.0401,
        "what_happens": "Una part concreta de l’HIC coincideix amb un perímetre oficial d’incendi històric.",
        "why_flagged": [
          "HIC cartografiat",
          "perímetre oficial d’incendi històric"
        ],
        "structural": [
          "hàbitat HIC",
          "antecedent d’incendi"
        ],
        "current": [
          "cap canvi actual inferit a partir del perímetre històric"
        ],
        "meaning": "L’antecedent justifica revisar la trajectòria de recuperació; no implica un estat de conservació desfavorable.",
        "scenario": "Sense una sèrie comparable i camp no es pot afirmar si la recuperació millora o empitjora.",
        "ecological_mechanism": "La resposta postincendi depèn de severitat, recurrència, sòl, regeneració i usos posteriors.",
        "unknown": [
          "estat local de conservació",
          "humitat del combustible mesurada al camp",
          "resposta real de flora i fauna"
        ],
        "recommendation": "mantenir seguiment",
        "field_check": [
          "estructura i continuïtat del combustible",
          "regeneració i senyals de deteriorament",
          "evidència d’ús de fauna sense publicar localitzacions sensibles"
        ],
        "monitor": [
          "perill d’incendi actual",
          "NDMI i NDVI quan hi hagi una observació nova i vàlida",
          "temperatura superficial amb data i frescor"
        ],
        "max_fire_index": null
      },
      "geometry": {
        "type": "MultiPolygon",
        "coordinates": [
          [
            [
              [
                1.459879520433742,
                42.1903410522361
              ],
              [
                1.4600236652947998,
                42.19034298685653
              ],
              [
                1.4602005632353072,
                42.19031557353622
              ],
              [
                1.460285768396698,
                42.19033441286441
              ],
              [
                1.4602850000000005,
                42.190325000000016
              ],
              [
                1.4602878157313868,
                42.19028604908196
              ],
              [
                1.459755766378197,
                42.19027890842409
              ],
              [
                1.459784148157722,
                42.19030998492722
              ],
              [
                1.459879520433742,
                42.1903410522361
              ]
            ]
          ],
          [
            [
              [
                1.4607992091712045,
                42.19076019006667
              ],
              [
                1.460804,
                42.19075499999999
              ],
              [
                1.4608084855196615,
                42.190743337651746
              ],
              [
                1.460793859146819,
                42.19074314142792
              ],
              [
                1.4607954935695873,
                42.19067576029865
              ],
              [
                1.4607660000000002,
                42.19064100000001
              ],
              [
                1.4606890000000001,
                42.19058999999999
              ],
              [
                1.4605790000000003,
                42.19054299999999
              ],
              [
                1.4605137597942979,
                42.19051423269487
              ],
              [
                1.460496655210585,
                42.19051400320546
              ],
              [
                1.4604968307453692,
                42.19050676791486
              ],
              [
                1.4604574619900135,
                42.190489408441444
              ],
              [
                1.4605397108815728,
                42.19059481596706
              ],
              [
                1.4606902529468597,
                42.19063627938468
              ],
              [
                1.460766514881922,
                42.19070491125056
              ],
              [
                1.4607992091712045,
                42.19076019006667
              ]
            ]
          ],
          [
            [
              [
                1.4368071706612906,
                42.21663474249072
              ],
              [
                1.436663704580732,
                42.21660300313303
              ],
              [
                1.4363983063333636,
                42.216641086292306
              ],
              [
                1.4360186949924139,
                42.216761011317544
              ],
              [
                1.4359723897762124,
                42.21668889473482
              ],
              [
                1.435975522755243,
                42.21668266388634
              ],
              [
                1.4358038612485453,
                42.21669851115416
              ],
              [
                1.4356095346650184,
                42.216779260494725
              ],
              [
                1.4355128109971775,
                42.216801771794174
              ],
              [
                1.4353365644939908,
                42.21679936820653
              ],
              [
                1.4351122514604728,
                42.21679630846698
              ],
              [
                1.434848174147977,
                42.216780791571416
              ],
              [
                1.4345901986667084,
                42.216842799900185
              ],
              [
                1.434399169534905,
                42.216982722843674
              ],
              [
                1.4345197850589793,
                42.21709799530786
              ],
              [
                1.4345946040054005,
                42.217313470928396
              ],
              [
                1.4347217540096875,
                42.21735690600811
              ],
              [
                1.4348739691306573,
                42.21735898257765
              ],
              [
                1.4350181736881564,
                42.21736095053115
              ],
              [
                1.4350750184290906,
                42.217339186038885
              ],
              [
                1.4351233476807272,
                42.217320684369945
              ],
              [
                1.435285779001578,
                42.21723354322863
              ],
              [
                1.4353801495615595,
                42.21730631495431
              ],
              [
                1.4354158328882602,
                42.21736475472367
              ],
              [
                1.4358780000000002,
                42.217238
              ],
              [
                1.43638,
                42.217067
              ],
              [
                1.436692000000001,
                42.216921
              ],
              [
                1.4367914868989473,
                42.21688583261159
              ],
              [
                1.4367691068673214,
                42.216878466231705
              ],
              [
                1.436746981525644,
                42.216800722088884
              ],
              [
                1.4368373077187409,
                42.21671259582746
              ],
              [
                1.4368071706612906,
                42.21663474249072
              ]
            ]
          ]
        ]
      }
    }
  ],
  "snapshot_id": "alinya-5f4e8d29fdf098f3"
}
