{
  "type": "FeatureCollection",
  "features": [
    {
      "type": "Feature",
      "properties": {
        "records": 0,
        "flora_records": 0,
        "fauna_records": 0,
        "latest_year": null,
        "knowledge_class": "Pràcticament sense dades",
        "priority_hic_overlap": true,
        "connector_overlap": true,
        "prospecting_interest": true,
        "reason": "Coneixement públic escàs coincident amb HIC prioritari i connector cartogràfic"
      },
      "geometry": {
        "type": "Polygon",
        "coordinates": [
          [
            [
              1.3655639510449473,
              42.17050187550993
            ],
            [
              1.3656139047012545,
              42.168561909751865
            ],
            [
              1.365552,
              42.168629
            ],
            [
              1.3653010000000003,
              42.16890500000001
            ],
            [
              1.3650550000000008,
              42.16904799999999
            ],
            [
              1.3647820000000008,
              42.169195999999985
            ],
            [
              1.3646299999999998,
              42.169242000000004
            ],
            [
              1.3643720000000006,
              42.16928899999999
            ],
            [
              1.3641630000000002,
              42.169354
            ],
            [
              1.3639979999999998,
              42.169472000000006
            ],
            [
              1.364195,
              42.169660999999984
            ],
            [
              1.3646220000000002,
              42.17012000000001
            ],
            [
              1.3649020000000012,
              42.170371
            ],
            [
              1.3650333259326626,
              42.17049431283868
            ],
            [
              1.3655639510449473,
              42.17050187550993
            ]
          ]
        ]
      }
    },
    {
      "type": "Feature",
      "properties": {
        "records": 0,
        "flora_records": 0,
        "fauna_records": 0,
        "latest_year": null,
        "knowledge_class": "Pràcticament sense dades",
        "priority_hic_overlap": false,
        "connector_overlap": true,
        "prospecting_interest": true,
        "reason": "Coneixement públic escàs coincident amb connector cartogràfic"
      },
      "geometry": {
        "type": "Polygon",
        "coordinates": [
          [
            [
              1.3778962291297228,
              42.16167090510068
            ],
            [
              1.3779731891892628,
              42.15865838395551
            ],
            [
              1.3778559999999995,
              42.15880299999998
            ],
            [
              1.377612,
              42.159280000000024
            ],
            [
              1.3775430000000006,
              42.15946199999999
            ],
            [
              1.3775030000000004,
              42.15960599999999
            ],
            [
              1.3774060000000004,
              42.15981000000001
            ],
            [
              1.377266,
              42.160029
            ],
            [
              1.377056,
              42.160337999999996
            ],
            [
              1.376743,
              42.16081000000002
            ],
            [
              1.3766880000000001,
              42.160885000000015
            ],
            [
              1.3766130000000003,
              42.16104999999999
            ],
            [
              1.3765140000000011,
              42.16123100000001
            ],
            [
              1.3764590000000005,
              42.161312999999986
            ],
            [
              1.3763749049217586,
              42.161649380333834
            ],
            [
              1.3778962291297228,
              42.16167090510068
            ]
          ]
        ]
      }
    },
    {
      "type": "Feature",
      "properties": {
        "records": 4,
        "flora_records": 2,
        "fauna_records": 2,
        "latest_year": 2025.0,
        "knowledge_class": "Poca informació",
        "priority_hic_overlap": true,
        "connector_overlap": true,
        "prospecting_interest": true,
        "reason": "Coneixement públic escàs coincident amb HIC prioritari i connector cartogràfic"
      },
      "geometry": {
        "type": "Polygon",
        "coordinates": [
          [
            [
              1.3655639510449473,
              42.17050187550993
            ],
            [
              1.3776661669064034,
              42.17067369411452
            ],
            [
              1.3778962291297228,
              42.16167090510068
            ],
            [
              1.3763749049217586,
              42.161649380333834
            ],
            [
              1.3763740000000007,
              42.16165300000001
            ],
            [
              1.3761420000000002,
              42.16212599999999
            ],
            [
              1.3760490000000012,
              42.16225000000001
            ],
            [
              1.3759510000000006,
              42.162382
            ],
            [
              1.3757390000000007,
              42.162752000000005
            ],
            [
              1.3755540000000004,
              42.163178
            ],
            [
              1.3752720000000012,
              42.163590000000006
            ],
            [
              1.3748880000000014,
              42.164124999999984
            ],
            [
              1.3747040000000008,
              42.164274000000006
            ],
            [
              1.3744350000000005,
              42.16447800000001
            ],
            [
              1.3741070000000002,
              42.16479599999998
            ],
            [
              1.3737770000000005,
              42.16512999999999
            ],
            [
              1.373532,
              42.16537899999999
            ],
            [
              1.3733960000000005,
              42.16555900000001
            ],
            [
              1.3731480000000007,
              42.165860000000016
            ],
            [
              1.3728290000000003,
              42.16612400000001
            ],
            [
              1.3727790000000006,
              42.16615000000001
            ],
            [
              1.3727100000000008,
              42.166158
            ],
            [
              1.3723490000000007,
              42.16620299999998
            ],
            [
              1.3720370000000004,
              42.166304000000004
            ],
            [
              1.3717750000000006,
              42.166356
            ],
            [
              1.3715699999999997,
              42.16635299999999
            ],
            [
              1.3712140000000008,
              42.16633199999999
            ],
            [
              1.3709190000000009,
              42.166375999999985
            ],
            [
              1.3708190000000007,
              42.166403
            ],
            [
              1.3707140000000004,
              42.16644100000001
            ],
            [
              1.3705270000000005,
              42.166521
            ],
            [
              1.3704520000000002,
              42.166581999999984
            ],
            [
              1.3702920000000005,
              42.16673
            ],
            [
              1.3697530000000002,
              42.166955000000016
            ],
            [
              1.369300000000001,
              42.167137999999994
            ],
            [
              1.3688519999999997,
              42.16728600000001
            ],
            [
              1.3684500000000004,
              42.167416
            ],
            [
              1.3681480000000006,
              42.167475
            ],
            [
              1.3677740000000003,
              42.167577
            ],
            [
              1.3673640000000002,
              42.167701000000015
            ],
            [
              1.3671990000000003,
              42.167790000000004
            ],
            [
              1.3670549999999997,
              42.16786700000001
            ],
            [
              1.3667650000000005,
              42.16792199999999
            ],
            [
              1.3664310000000008,
              42.168030999999985
            ],
            [
              1.3659920000000005,
              42.16827299999999
            ],
            [
              1.3657430000000006,
              42.16842200000002
            ],
            [
              1.3656139047012545,
              42.168561909751865
            ],
            [
              1.3655639510449473,
              42.17050187550993
            ]
          ]
        ]
      }
    },
    {
      "type": "Feature",
      "properties": {
        "records": 0,
        "flora_records": 0,
        "fauna_records": 0,
        "latest_year": null,
        "knowledge_class": "Pràcticament sense dades",
        "priority_hic_overlap": true,
        "connector_overlap": true,
        "prospecting_interest": true,
        "reason": "Coneixement públic escàs coincident amb HIC prioritari i connector cartogràfic"
      },
      "geometry": {
        "type": "Polygon",
        "coordinates": [
          [
            [
              1.3776661669064034,
              42.17067369411452
            ],
            [
              1.3655639510449473,
              42.17050187550993
            ],
            [
              1.3655518603295431,
              42.17097139337312
            ],
            [
              1.365628709588666,
              42.17103823835392
            ],
            [
              1.366109,
              42.171456
            ],
            [
              1.3663880000000006,
              42.17174599999999
            ],
            [
              1.366521000000001,
              42.17186699999999
            ],
            [
              1.3666900000000004,
              42.17203100000001
            ],
            [
              1.3668480000000007,
              42.17226999999999
            ],
            [
              1.3670946099771248,
              42.17263517259191
            ],
            [
              1.3671080000000009,
              42.17265500000001
            ],
            [
              1.3672520000000006,
              42.172843000000015
            ],
            [
              1.3674150000000007,
              42.17305799999999
            ],
            [
              1.367527,
              42.17319500000001
            ],
            [
              1.3676259999999996,
              42.17334300000001
            ],
            [
              1.3676740000000003,
              42.173412000000006
            ],
            [
              1.367758000000001,
              42.17353399999999
            ],
            [
              1.3678430000000006,
              42.17363599999999
            ],
            [
              1.367959,
              42.173761000000006
            ],
            [
              1.3681480000000006,
              42.17389899999999
            ],
            [
              1.3683470000000004,
              42.174158999999996
            ],
            [
              1.3686290000000008,
              42.174480999999986
            ],
            [
              1.3690544051308777,
              42.174914564060295
            ],
            [
              1.3693069999999998,
              42.17517200000003
            ],
            [
              1.3701566555559601,
              42.17605598581425
            ],
            [
              1.3701980000000002,
              42.17609900000001
            ],
            [
              1.371231,
              42.177448000000005
            ],
            [
              1.3719610000000004,
              42.178432
            ],
            [
              1.372296000000001,
              42.178491
            ],
            [
              1.3726590000000007,
              42.178589999999986
            ],
            [
              1.3731200000000006,
              42.17871299999999
            ],
            [
              1.3747510000000005,
              42.179140000000004
            ],
            [
              1.3767175106882028,
              42.17966630126153
            ],
            [
              1.3774359995035956,
              42.1796764679281
            ],
            [
              1.3775320630191488,
              42.17591953924025
            ],
            [
              1.3774620000000009,
              42.175913000000016
            ],
            [
              1.3773060000000008,
              42.175852
            ],
            [
              1.3771019999999998,
              42.17572400000001
            ],
            [
              1.3769219999999998,
              42.175617000000024
            ],
            [
              1.3767460000000007,
              42.175484999999995
            ],
            [
              1.3766230000000002,
              42.17534899999999
            ],
            [
              1.376499000000001,
              42.175186
            ],
            [
              1.3763230000000002,
              42.175039999999996
            ],
            [
              1.3761880000000004,
              42.175008999999996
            ],
            [
              1.3759720000000004,
              42.17499900000001
            ],
            [
              1.3756770000000003,
              42.17502800000001
            ],
            [
              1.3753940000000007,
              42.17504799999999
            ],
            [
              1.375054000000001,
              42.17506399999998
            ],
            [
              1.3747669999999999,
              42.17511900000002
            ],
            [
              1.374522,
              42.175174999999996
            ],
            [
              1.3741390000000002,
              42.17521299999998
            ],
            [
              1.3739250000000005,
              42.175208999999995
            ],
            [
              1.373747,
              42.175160000000005
            ],
            [
              1.3734660000000007,
              42.17504400000002
            ],
            [
              1.3732760000000013,
              42.17492899999999
            ],
            [
              1.37324,
              42.174792000000004
            ],
            [
              1.3731900000000004,
              42.174592
            ],
            [
              1.3731657372502095,
              42.17429750063419
            ],
            [
              1.3731610000000005,
              42.17423999999998
            ],
            [
              1.3731060000000004,
              42.173799
            ],
            [
              1.3730830000000003,
              42.173725999999995
            ],
            [
              1.3732020000000005,
              42.17368199999999
            ],
            [
              1.3734480000000002,
              42.17349800000001
            ],
            [
              1.3735715799121795,
              42.17338355178776
            ],
            [
              1.3736510000000013,
              42.173309999999994
            ],
            [
              1.3736880000000014,
              42.17328
            ],
            [
              1.373738000000001,
              42.17323899999998
            ],
            [
              1.3738020000000002,
              42.173186
            ],
            [
              1.3739090000000003,
              42.173125
            ],
            [
              1.3740550000000007,
              42.173067
            ],
            [
              1.3742940000000003,
              42.173043
            ],
            [
              1.3746120000000006,
              42.173059
            ],
            [
              1.3749469999999995,
              42.173108
            ],
            [
              1.3752870000000004,
              42.17315800000001
            ],
            [
              1.3758990000000004,
              42.17325399999999
            ],
            [
              1.3759390000000007,
              42.173158
            ],
            [
              1.3759170000000005,
              42.17304399999999
            ],
            [
              1.3759170000000007,
              42.173019999999994
            ],
            [
              1.3759180000000009,
              42.172984
            ],
            [
              1.3758849999999998,
              42.172664999999995
            ],
            [
              1.3758530000000002,
              42.172367000000015
            ],
            [
              1.375828,
              42.17207799999999
            ],
            [
              1.3758070000000007,
              42.17183800000001
            ],
            [
              1.375815000000001,
              42.171757000000014
            ],
            [
              1.3759640000000002,
              42.171867
            ],
            [
              1.3761380000000007,
              42.171991
            ],
            [
              1.37635,
              42.172087000000005
            ],
            [
              1.3766480000000003,
              42.17218600000002
            ],
            [
              1.376912,
              42.172257999999985
            ],
            [
              1.3771230000000003,
              42.17224899999999
            ],
            [
              1.3773970000000004,
              42.172200999999994
            ],
            [
              1.3776286445728998,
              42.172141625455424
            ],
            [
              1.3776661669064034,
              42.17067369411452
            ]
          ],
          [
            [
              1.371824,
              42.17449100000002
            ],
            [
              1.3719690000000002,
              42.17433100000002
            ],
            [
              1.3720940000000006,
              42.174244
            ],
            [
              1.372426000000001,
              42.17430900000001
            ],
            [
              1.3727640000000005,
              42.17435500000001
            ],
            [
              1.372672082714329,
              42.17451564832429
            ],
            [
              1.3726530000000003,
              42.17454900000001
            ],
            [
              1.3726329060970572,
              42.17457832319855
            ],
            [
              1.3725230175127978,
              42.17473868395925
            ],
            [
              1.3724810000000012,
              42.17480000000001
            ],
            [
              1.3723140000000003,
              42.17505299999999
            ],
            [
              1.3721720000000008,
              42.175292
            ],
            [
              1.372097,
              42.175484999999995
            ],
            [
              1.371972,
              42.175624999999975
            ],
            [
              1.3718220000000003,
              42.175749
            ],
            [
              1.371677,
              42.175818
            ],
            [
              1.3715610000000005,
              42.175809
            ],
            [
              1.371450000000001,
              42.175780999999986
            ],
            [
              1.37139,
              42.175702000000015
            ],
            [
              1.3713409999999997,
              42.17554500000001
            ],
            [
              1.3713600000000001,
              42.175345000000014
            ],
            [
              1.3714300000000001,
              42.175154
            ],
            [
              1.371532919817842,
              42.174949781319704
            ],
            [
              1.3715570000000006,
              42.17490199999999
            ],
            [
              1.3716560000000007,
              42.17471000000001
            ],
            [
              1.371824,
              42.17449100000002
            ]
          ],
          [
            [
              1.370256,
              42.17254100000001
            ],
            [
              1.3703240000000005,
              42.172658999999996
            ],
            [
              1.370344380036948,
              42.172681392908515
            ],
            [
              1.3704050000000003,
              42.172747999999984
            ],
            [
              1.3704660000000002,
              42.172802000000004
            ],
            [
              1.370343,
              42.172839000000025
            ],
            [
              1.3698010000000005,
              42.172901999999986
            ],
            [
              1.3697487554782677,
              42.17267292844836
            ],
            [
              1.3697099999999998,
              42.17250300000002
            ],
            [
              1.369653,
              42.17220100000001
            ],
            [
              1.3696220000000006,
              42.17203200000001
            ],
            [
              1.369758000000001,
              42.172047
            ],
            [
              1.3699180000000002,
              42.17219399999997
            ],
            [
              1.3701039999999998,
              42.172385000000006
            ],
            [
              1.370256,
              42.17254100000001
            ]
          ],
          [
            [
              1.3744900000000004,
              42.17233699999999
            ],
            [
              1.3746680000000002,
              42.17234899999999
            ],
            [
              1.3746800000000006,
              42.17273
            ],
            [
              1.3746900000000004,
              42.17292600000001
            ],
            [
              1.374555,
              42.172879
            ],
            [
              1.3744110000000005,
              42.172856
            ],
            [
              1.3743129999999997,
              42.17285900000001
            ],
            [
              1.374227000000001,
              42.17287799999998
            ],
            [
              1.37399,
              42.17288400000002
            ],
            [
              1.3736590000000004,
              42.172892
            ],
            [
              1.3732580000000008,
              42.172891
            ],
            [
              1.3732470000000008,
              42.172562
            ],
            [
              1.373280000000001,
              42.17228
            ],
            [
              1.373944,
              42.17230599999999
            ],
            [
              1.3744900000000004,
              42.17233699999999
            ]
          ],
          [
            [
              1.3698609999999993,
              42.173732000000015
            ],
            [
              1.3698110000000003,
              42.173722999999995
            ],
            [
              1.3697430000000004,
              42.173722999999995
            ],
            [
              1.369712000000001,
              42.17368599999999
            ],
            [
              1.3697110000000001,
              42.173638999999994
            ],
            [
              1.3697530000000002,
              42.173591999999985
            ],
            [
              1.3693760000000004,
              42.173680000000004
            ],
            [
              1.3691230000000003,
              42.17373
            ],
            [
              1.3689550000000004,
              42.17373500000001
            ],
            [
              1.368833000000001,
              42.17370799999999
            ],
            [
              1.3687460000000002,
              42.173672
            ],
            [
              1.3686890000000005,
              42.17359799999999
            ],
            [
              1.368660000000001,
              42.17351999999998
            ],
            [
              1.3686910000000005,
              42.17328999999999
            ],
            [
              1.368685,
              42.17321799999999
            ],
            [
              1.369147,
              42.173155
            ],
            [
              1.3695230000000012,
              42.17311400000001
            ],
            [
              1.3699350000000006,
              42.173064000000004
            ],
            [
              1.3702400000000001,
              42.173047000000004
            ],
            [
              1.3705449999999997,
              42.17297999999999
            ],
            [
              1.370566,
              42.17305000000001
            ],
            [
              1.3709330000000004,
              42.17317299999998
            ],
            [
              1.3713500000000005,
              42.173254999999976
            ],
            [
              1.3714210000000002,
              42.17353100000002
            ],
            [
              1.3711010000000008,
              42.173581000000006
            ],
            [
              1.3707750000000007,
              42.17360799999999
            ],
            [
              1.370465000000001,
              42.17367399999999
            ],
            [
              1.3702699999999999,
              42.173732999999984
            ],
            [
              1.370146,
              42.173764
            ],
            [
              1.3700210000000006,
              42.173735999999984
            ],
            [
              1.369915,
              42.173733
            ],
            [
              1.3698609999999993,
              42.173732000000015
            ]
          ]
        ]
      }
    },
    {
      "type": "Feature",
      "properties": {
        "records": 1,
        "flora_records": 1,
        "fauna_records": 0,
        "latest_year": null,
        "knowledge_class": "Poca informació",
        "priority_hic_overlap": false,
        "connector_overlap": true,
        "prospecting_interest": true,
        "reason": "Coneixement públic escàs coincident amb connector cartogràfic"
      },
      "geometry": {
        "type": "Polygon",
        "coordinates": [
          [
            [
              1.3902250792350181,
              42.1528385364528
            ],
            [
              1.3902628355088915,
              42.1513488761772
            ],
            [
              1.3902000000000005,
              42.151368
            ],
            [
              1.3898920000000001,
              42.15145900000001
            ],
            [
              1.3898190000000001,
              42.15151800000002
            ],
            [
              1.389777,
              42.151609
            ],
            [
              1.389771000000001,
              42.151702
            ],
            [
              1.3897280000000016,
              42.151724999999985
            ],
            [
              1.389668,
              42.15187999999999
            ],
            [
              1.3894410000000001,
              42.15221300000001
            ],
            [
              1.3892010000000006,
              42.15241899999998
            ],
            [
              1.3888920000000007,
              42.15256000000001
            ],
            [
              1.3888020000000005,
              42.152578000000005
            ],
            [
              1.3886510000000007,
              42.152609
            ],
            [
              1.3884480000000001,
              42.152643000000026
            ],
            [
              1.3883239420672773,
              42.15264895119881
            ],
            [
              1.3881770000000007,
              42.152656
            ],
            [
              1.387845,
              42.15263199999998
            ],
            [
              1.3875809999999997,
              42.152593999999986
            ],
            [
              1.3874269999999997,
              42.152559
            ],
            [
              1.387285000000001,
              42.152526000000016
            ],
            [
              1.3867710000000004,
              42.152362999999994
            ],
            [
              1.3865470000000009,
              42.15233
            ],
            [
              1.3862050000000008,
              42.15230200000002
            ],
            [
              1.3860050000000002,
              42.15234700000002
            ],
            [
              1.3859580000000002,
              42.152358000000014
            ],
            [
              1.3860180000000004,
              42.15236999999999
            ],
            [
              1.3863620000000008,
              42.152423
            ],
            [
              1.3867920000000005,
              42.152515999999984
            ],
            [
              1.3871500000000012,
              42.152586
            ],
            [
              1.3875270000000006,
              42.15270000000001
            ],
            [
              1.387879218597844,
              42.152805590389676
            ],
            [
              1.3902250792350181,
              42.1528385364528
            ]
          ]
        ]
      }
    },
    {
      "type": "Feature",
      "properties": {
        "records": 26,
        "flora_records": 3,
        "fauna_records": 23,
        "latest_year": 2024.0,
        "knowledge_class": "Més informació publicada",
        "priority_hic_overlap": false,
        "connector_overlap": true,
        "prospecting_interest": false,
        "reason": "Cobertura de registres públics agregada; no descriu riquesa ni absència d’espècies."
      },
      "geometry": {
        "type": "MultiPolygon",
        "coordinates": [
          [
            [
              [
                1.3902250792350181,
                42.1528385364528
              ],
              [
                1.387879218597844,
                42.152805590389676
              ],
              [
                1.3879940000000006,
                42.15283999999999
              ],
              [
                1.3882190000000005,
                42.152919000000004
              ],
              [
                1.388189,
                42.15298800000001
              ],
              [
                1.3881050000000008,
                42.15317300000002
              ],
              [
                1.3880760000000005,
                42.15325900000001
              ],
              [
                1.387898,
                42.15363699999999
              ],
              [
                1.387872,
                42.153715999999996
              ],
              [
                1.3879200000000007,
                42.153793
              ],
              [
                1.3880380000000003,
                42.154016
              ],
              [
                1.3881290000000002,
                42.15421900000001
              ],
              [
                1.388213,
                42.154436000000004
              ],
              [
                1.3882273121799487,
                42.1544716825041
              ],
              [
                1.388274688120323,
                42.15458979784827
              ],
              [
                1.3882860000000006,
                42.154618
              ],
              [
                1.388313443742682,
                42.15469804436796
              ],
              [
                1.3883460000000005,
                42.154793000000005
              ],
              [
                1.3883890000000005,
                42.155018000000005
              ],
              [
                1.3884070000000002,
                42.15514500000001
              ],
              [
                1.3884910000000006,
                42.15534500000001
              ],
              [
                1.3885020000000006,
                42.15534199999999
              ],
              [
                1.3886040000000002,
                42.15551500000002
              ],
              [
                1.3886740000000004,
                42.15566999999999
              ],
              [
                1.388732000000001,
                42.15584399999999
              ],
              [
                1.388827,
                42.15604600000001
              ],
              [
                1.3888790000000004,
                42.15610799999998
              ],
              [
                1.3889650000000002,
                42.156166
              ],
              [
                1.389137000000001,
                42.15629
              ],
              [
                1.3893630000000008,
                42.156462
              ],
              [
                1.389402,
                42.15647400000001
              ],
              [
                1.3894390000000005,
                42.15648500000001
              ],
              [
                1.3897540000000002,
                42.15656299999999
              ],
              [
                1.3899700000000006,
                42.15663399999999
              ],
              [
                1.3900400000000004,
                42.156667999999996
              ],
              [
                1.390126420398117,
                42.156730551927225
              ],
              [
                1.3902250792350181,
                42.1528385364528
              ]
            ],
            [
              [
                1.389901000000001,
                42.153969
              ],
              [
                1.3896340000000003,
                42.15379699999999
              ],
              [
                1.3895140000000001,
                42.15373000000002
              ],
              [
                1.389423000000001,
                42.15367300000001
              ],
              [
                1.3894940000000002,
                42.15362300000001
              ],
              [
                1.3895100000000005,
                42.153573
              ],
              [
                1.389495,
                42.153527000000004
              ],
              [
                1.3894440000000006,
                42.15348300000001
              ],
              [
                1.3893679999999997,
                42.153441999999984
              ],
              [
                1.3893270000000004,
                42.15342900000002
              ],
              [
                1.389342000000001,
                42.15340499999999
              ],
              [
                1.3894100000000007,
                42.153384999999986
              ],
              [
                1.3894360000000006,
                42.153364
              ],
              [
                1.3894540000000006,
                42.153336
              ],
              [
                1.3894650000000008,
                42.15329800000001
              ],
              [
                1.3894660000000003,
                42.15325
              ],
              [
                1.3894610000000003,
                42.15317999999999
              ],
              [
                1.3894450000000007,
                42.153121
              ],
              [
                1.3894270000000002,
                42.15307400000001
              ],
              [
                1.3894200000000005,
                42.15304200000001
              ],
              [
                1.3894230000000003,
                42.15300200000001
              ],
              [
                1.3894350000000004,
                42.15296400000001
              ],
              [
                1.389452,
                42.15293599999998
              ],
              [
                1.3894690000000003,
                42.15292
              ],
              [
                1.3894819916744405,
                42.15291324433065
              ],
              [
                1.3894940000000002,
                42.152906999999985
              ],
              [
                1.3895369999999998,
                42.15290899999997
              ],
              [
                1.3896639999999998,
                42.152921
              ],
              [
                1.3897730000000008,
                42.15295100000001
              ],
              [
                1.389854,
                42.152976
              ],
              [
                1.3898920000000003,
                42.15299600000001
              ],
              [
                1.3899090000000003,
                42.153025
              ],
              [
                1.3899140000000012,
                42.153102999999994
              ],
              [
                1.389917100896807,
                42.15314450438025
              ],
              [
                1.389927000000001,
                42.15327699999999
              ],
              [
                1.3899410000000003,
                42.15342700000002
              ],
              [
                1.3899670000000002,
                42.15357500000001
              ],
              [
                1.3899970000000004,
                42.153739000000016
              ],
              [
                1.3900350000000001,
                42.15395099999999
              ],
              [
                1.3899880000000007,
                42.154014999999994
              ],
              [
                1.389901000000001,
                42.153969
              ]
            ]
          ],
          [
            [
              [
                1.390041253084196,
                42.16008971657169
              ],
              [
                1.3898950000000005,
                42.160117
              ],
              [
                1.3897120000000005,
                42.16013499999999
              ],
              [
                1.3896029999999997,
                42.160131
              ],
              [
                1.3894220000000006,
                42.160112
              ],
              [
                1.3890370000000007,
                42.160097
              ],
              [
                1.3888470000000004,
                42.16008
              ],
              [
                1.3885240000000003,
                42.160108000000015
              ],
              [
                1.3882940000000001,
                42.16010900000002
              ],
              [
                1.388011,
                42.16012800000001
              ],
              [
                1.387761,
                42.16011900000001
              ],
              [
                1.3875860000000009,
                42.16008999999999
              ],
              [
                1.3875240000000002,
                42.16009400000002
              ],
              [
                1.387443,
                42.16010100000001
              ],
              [
                1.3873750000000007,
                42.160114999999976
              ],
              [
                1.3873240000000007,
                42.160131
              ],
              [
                1.3872430000000007,
                42.160118
              ],
              [
                1.387150000000001,
                42.16013499999999
              ],
              [
                1.3870090000000004,
                42.160118
              ],
              [
                1.3867600000000009,
                42.160078999999996
              ],
              [
                1.3865260000000006,
                42.160041
              ],
              [
                1.3864940000000003,
                42.160014999999994
              ],
              [
                1.3864730000000005,
                42.159983000000004
              ],
              [
                1.3863240000000003,
                42.159817000000004
              ],
              [
                1.3861450000000002,
                42.159661
              ],
              [
                1.38596,
                42.15951500000001
              ],
              [
                1.3859030000000003,
                42.159491000000024
              ],
              [
                1.385845,
                42.159475
              ],
              [
                1.3857210000000004,
                42.159435
              ],
              [
                1.3856000000000008,
                42.15939499999998
              ],
              [
                1.3854660000000005,
                42.159356999999986
              ],
              [
                1.3852670000000005,
                42.159264999999984
              ],
              [
                1.3851910000000003,
                42.15923300000002
              ],
              [
                1.3850179999999996,
                42.15915400000001
              ],
              [
                1.3848900000000006,
                42.159074999999994
              ],
              [
                1.3848110000000007,
                42.159022000000014
              ],
              [
                1.3846420000000002,
                42.15888199999999
              ],
              [
                1.3845260000000001,
                42.158776999999986
              ],
              [
                1.3843899999999996,
                42.158623
              ],
              [
                1.3842670000000006,
                42.158463
              ],
              [
                1.3841550000000007,
                42.158272000000004
              ],
              [
                1.3840490000000008,
                42.158073
              ],
              [
                1.3839820000000005,
                42.15790799999999
              ],
              [
                1.3839319999999997,
                42.157777
              ],
              [
                1.3839040000000007,
                42.157654
              ],
              [
                1.3838800000000007,
                42.15753699999999
              ],
              [
                1.383875,
                42.157433999999995
              ],
              [
                1.3838830000000009,
                42.157359000000014
              ],
              [
                1.3839250000000007,
                42.15721200000001
              ],
              [
                1.3839760000000003,
                42.157106000000006
              ],
              [
                1.3841120000000011,
                42.156909000000006
              ],
              [
                1.3843070000000004,
                42.156776
              ],
              [
                1.3844290000000001,
                42.15672199999999
              ],
              [
                1.3847079999999996,
                42.156650000000006
              ],
              [
                1.3850490000000002,
                42.15659300000001
              ],
              [
                1.3853100000000012,
                42.15658
              ],
              [
                1.385687,
                42.15655500000001
              ],
              [
                1.385968,
                42.15658100000001
              ],
              [
                1.3864690000000004,
                42.15665499999999
              ],
              [
                1.3867730000000005,
                42.15669100000001
              ],
              [
                1.386933,
                42.156690000000005
              ],
              [
                1.3869690000000003,
                42.156692000000014
              ],
              [
                1.3877520000000005,
                42.15671899999999
              ],
              [
                1.3884930000000006,
                42.156696000000004
              ],
              [
                1.3884640000000001,
                42.15658899999999
              ],
              [
                1.388445,
                42.156505999999986
              ],
              [
                1.3884360000000004,
                42.156434999999995
              ],
              [
                1.3884260000000004,
                42.156383
              ],
              [
                1.388438,
                42.156286999999985
              ],
              [
                1.388489,
                42.15617000000001
              ],
              [
                1.3885329999999996,
                42.156088
              ],
              [
                1.3885041284305213,
                42.156051632989424
              ],
              [
                1.3884289999999997,
                42.15595700000001
              ],
              [
                1.38835,
                42.15586600000001
              ],
              [
                1.3882900000000002,
                42.155808000000015
              ],
              [
                1.3882349999999999,
                42.155762
              ],
              [
                1.3881819999999996,
                42.155720999999986
              ],
              [
                1.388107,
                42.155652
              ],
              [
                1.3879900000000003,
                42.155579999999986
              ],
              [
                1.3879230000000002,
                42.155540999999985
              ],
              [
                1.3878410000000008,
                42.155491000000005
              ],
              [
                1.387727,
                42.15528299999998
              ],
              [
                1.387485,
                42.155145000000005
              ],
              [
                1.3873950000000006,
                42.15509699999999
              ],
              [
                1.3872500000000005,
                42.155004000000005
              ],
              [
                1.3870110000000007,
                42.154808
              ],
              [
                1.386666,
                42.154557999999994
              ],
              [
                1.386505969801769,
                42.1544474819467
              ],
              [
                1.3864850000000009,
                42.154433000000004
              ],
              [
                1.386194,
                42.15428499999999
              ],
              [
                1.385931,
                42.154226
              ],
              [
                1.3858860000000004,
                42.15421200000001
              ],
              [
                1.3858510000000002,
                42.154140000000005
              ],
              [
                1.385809,
                42.15401200000001
              ],
              [
                1.3857890000000004,
                42.15386700000002
              ],
              [
                1.385778000000001,
                42.15377999999999
              ],
              [
                1.3857320000000004,
                42.15370099999999
              ],
              [
                1.3856680000000001,
                42.153549
              ],
              [
                1.3856300000000001,
                42.15343500000002
              ],
              [
                1.3855813491897455,
                42.15341097492132
              ],
              [
                1.385549,
                42.15339500000001
              ],
              [
                1.3855300000000004,
                42.153384999999986
              ],
              [
                1.3855060000000006,
                42.153364
              ],
              [
                1.3854840000000006,
                42.153333999999994
              ],
              [
                1.3854390000000008,
                42.15327
              ],
              [
                1.385365,
                42.15313599999998
              ],
              [
                1.3852280000000003,
                42.15303099999999
              ],
              [
                1.3851100000000003,
                42.15294500000002
              ],
              [
                1.384991000000001,
                42.152833
              ],
              [
                1.384179,
                42.153697
              ],
              [
                1.384134135100444,
                42.15373863895963
              ],
              [
                1.3834172235571975,
                42.15440399210285
              ],
              [
                1.3830250000000006,
                42.15476799999999
              ],
              [
                1.3828089999999995,
                42.154619000000004
              ],
              [
                1.3824640000000008,
                42.154426000000015
              ],
              [
                1.3823819875549292,
                42.154389397261866
              ],
              [
                1.3822297341115268,
                42.15432144520101
              ],
              [
                1.3821660000000004,
                42.15429300000002
              ],
              [
                1.3819940000000002,
                42.154216
              ],
              [
                1.3817801697836898,
                42.15415575694222
              ],
              [
                1.3816709999999999,
                42.15412500000002
              ],
              [
                1.3816297676152582,
                42.154117002859124
              ],
              [
                1.3812740000000008,
                42.154047999999996
              ],
              [
                1.3807770000000006,
                42.154047000000006
              ],
              [
                1.3806690000000008,
                42.154065000000024
              ],
              [
                1.380414000000001,
                42.154163
              ],
              [
                1.3802030000000005,
                42.15427499999999
              ],
              [
                1.380052269013031,
                42.15435651851313
              ],
              [
                1.3795170000000003,
                42.15464600000003
              ],
              [
                1.378900000000001,
                42.155019999999986
              ],
              [
                1.3789170000000004,
                42.15522900000001
              ],
              [
                1.3789490000000002,
                42.155894999999994
              ],
              [
                1.3789650000000002,
                42.15665299999999
              ],
              [
                1.378979,
                42.156838000000015
              ],
              [
                1.3789770000000006,
                42.15689700000002
              ],
              [
                1.3789600000000009,
                42.15699300000001
              ],
              [
                1.3789059999999997,
                42.157176
              ],
              [
                1.3787510000000003,
                42.157469000000006
              ],
              [
                1.3785890000000007,
                42.157839999999986
              ],
              [
                1.3782610000000002,
                42.158289999999994
              ],
              [
                1.3780910000000002,
                42.15851300000001
              ],
              [
                1.3779731891892628,
                42.15865838395551
              ],
              [
                1.3778962291297228,
                42.16167090510068
              ],
              [
                1.3876266853203403,
                42.16180810096814
              ],
              [
                1.38765,
                42.161752000000014
              ],
              [
                1.387676000000001,
                42.16167000000001
              ],
              [
                1.3877430000000008,
                42.161613999999986
              ],
              [
                1.3877900000000007,
                42.161549000000015
              ],
              [
                1.3878300000000006,
                42.16147300000001
              ],
              [
                1.3878600000000008,
                42.16138999999999
              ],
              [
                1.3878799999999998,
                42.161297
              ],
              [
                1.388133,
                42.161328
              ],
              [
                1.3883070000000008,
                42.16135700000002
              ],
              [
                1.3884940000000006,
                42.161395
              ],
              [
                1.3886660000000006,
                42.16115700000001
              ],
              [
                1.3886090000000002,
                42.16098000000001
              ],
              [
                1.3885490000000007,
                42.160869
              ],
              [
                1.3884830000000008,
                42.16077700000001
              ],
              [
                1.3884500000000004,
                42.160742000000006
              ],
              [
                1.3884600000000007,
                42.160664999999995
              ],
              [
                1.3885099999999997,
                42.160605999999994
              ],
              [
                1.388683,
                42.160456000000025
              ],
              [
                1.3889640000000008,
                42.160289000000006
              ],
              [
                1.3892130000000003,
                42.16041700000001
              ],
              [
                1.3894300000000002,
                42.160573
              ],
              [
                1.3896880000000003,
                42.160784000000014
              ],
              [
                1.390015904174474,
                42.161089415894665
              ],
              [
                1.390041253084196,
                42.16008971657169
              ]
            ],
            [
              [
                1.3867180000000003,
                42.160351
              ],
              [
                1.3867169999999998,
                42.16037700000001
              ],
              [
                1.3867330000000004,
                42.160394
              ],
              [
                1.3867570000000007,
                42.16043100000001
              ],
              [
                1.386706,
                42.160434
              ],
              [
                1.3866470000000004,
                42.16044500000001
              ],
              [
                1.386607,
                42.16044500000002
              ],
              [
                1.3865750000000003,
                42.16046200000002
              ],
              [
                1.386545,
                42.16046600000001
              ],
              [
                1.3864979999999998,
                42.16045000000002
              ],
              [
                1.386481,
                42.160438000000006
              ],
              [
                1.3864690000000002,
                42.160406
              ],
              [
                1.3864699999999999,
                42.160367000000015
              ],
              [
                1.386461,
                42.16033300000002
              ],
              [
                1.3864510000000003,
                42.160317
              ],
              [
                1.3864200000000004,
                42.16030700000002
              ],
              [
                1.3863930000000004,
                42.16030000000001
              ],
              [
                1.3863800000000004,
                42.160292
              ],
              [
                1.3863790000000005,
                42.16027799999999
              ],
              [
                1.3863960000000006,
                42.16026
              ],
              [
                1.3864400000000001,
                42.160239999999995
              ],
              [
                1.3865000000000012,
                42.160203
              ],
              [
                1.386545,
                42.16017100000001
              ],
              [
                1.3865700000000007,
                42.160157000000005
              ],
              [
                1.3865950000000005,
                42.160142999999984
              ],
              [
                1.3866320000000003,
                42.160137000000006
              ],
              [
                1.3866820000000013,
                42.160141
              ],
              [
                1.386727000000001,
                42.16015200000001
              ],
              [
                1.386737,
                42.16019100000002
              ],
              [
                1.3867410000000002,
                42.160225
              ],
              [
                1.3867619999999998,
                42.160247
              ],
              [
                1.3867910000000008,
                42.16026599999999
              ],
              [
                1.3868190000000007,
                42.16028499999999
              ],
              [
                1.3868340000000008,
                42.160306000000006
              ],
              [
                1.3868330000000004,
                42.16033900000001
              ],
              [
                1.3868240000000005,
                42.160356
              ],
              [
                1.3867950000000004,
                42.160351000000006
              ],
              [
                1.386759000000001,
                42.16034799999998
              ],
              [
                1.386733,
                42.160345
              ],
              [
                1.3867180000000003,
                42.160351
              ]
            ],
            [
              [
                1.3875010000000005,
                42.16076300000001
              ],
              [
                1.3876220000000001,
                42.16068099999999
              ],
              [
                1.3877860000000006,
                42.1608
              ],
              [
                1.3876820000000003,
                42.16086299999999
              ],
              [
                1.3875730000000006,
                42.16087300000002
              ],
              [
                1.3875350000000004,
                42.16083199999999
              ],
              [
                1.3875140000000004,
                42.16080500000001
              ],
              [
                1.3875010000000005,
                42.16076300000001
              ]
            ]
          ]
        ]
      }
    },
    {
      "type": "Feature",
      "properties": {
        "records": 68,
        "flora_records": 44,
        "fauna_records": 24,
        "latest_year": 2025.0,
        "knowledge_class": "Més informació publicada",
        "priority_hic_overlap": true,
        "connector_overlap": true,
        "prospecting_interest": false,
        "reason": "Cobertura de registres públics agregada; no descriu riquesa ni absència d’espècies."
      },
      "geometry": {
        "type": "Polygon",
        "coordinates": [
          [
            [
              1.3778962291297228,
              42.16167090510068
            ],
            [
              1.3776661669064034,
              42.17067369411452
            ],
            [
              1.3897684879473393,
              42.17084423664679
            ],
            [
              1.3899673376847614,
              42.16300461784845
            ],
            [
              1.3896699999999997,
              42.16282300000001
            ],
            [
              1.3892450000000003,
              42.162555000000005
            ],
            [
              1.3888209999999999,
              42.162348999999985
            ],
            [
              1.388427,
              42.16217300000002
            ],
            [
              1.3879610000000002,
              42.162022
            ],
            [
              1.3875870000000001,
              42.161897999999994
            ],
            [
              1.3876180000000007,
              42.161829
            ],
            [
              1.3876266853203403,
              42.16180810096814
            ],
            [
              1.3778962291297228,
              42.16167090510068
            ]
          ]
        ]
      }
    },
    {
      "type": "Feature",
      "properties": {
        "records": 1,
        "flora_records": 1,
        "fauna_records": 0,
        "latest_year": null,
        "knowledge_class": "Poca informació",
        "priority_hic_overlap": true,
        "connector_overlap": true,
        "prospecting_interest": true,
        "reason": "Coneixement públic escàs coincident amb HIC prioritari i connector cartogràfic"
      },
      "geometry": {
        "type": "MultiPolygon",
        "coordinates": [
          [
            [
              [
                1.3897684879473393,
                42.17084423664679
              ],
              [
                1.3776661669064034,
                42.17067369411452
              ],
              [
                1.3776286445728998,
                42.172141625455424
              ],
              [
                1.3776739999999996,
                42.17212999999998
              ],
              [
                1.3779400000000004,
                42.17205199999997
              ],
              [
                1.3781550000000007,
                42.171982999999976
              ],
              [
                1.3783250000000005,
                42.17194200000001
              ],
              [
                1.3785200000000004,
                42.17193600000002
              ],
              [
                1.3786790000000004,
                42.17196800000002
              ],
              [
                1.3788140000000004,
                42.172017
              ],
              [
                1.3789310000000006,
                42.17211099999998
              ],
              [
                1.3789970000000007,
                42.172160000000005
              ],
              [
                1.3790520000000008,
                42.17222900000001
              ],
              [
                1.3791180000000003,
                42.17234500000001
              ],
              [
                1.3791709999999997,
                42.17247199999999
              ],
              [
                1.3792710000000001,
                42.172617999999986
              ],
              [
                1.3793880000000005,
                42.17268899999998
              ],
              [
                1.3795010000000005,
                42.17272199999997
              ],
              [
                1.3797320000000004,
                42.172717
              ],
              [
                1.3800700000000006,
                42.172676999999986
              ],
              [
                1.3803380000000005,
                42.17264300000001
              ],
              [
                1.3805919999999998,
                42.172617999999986
              ],
              [
                1.3806912397066424,
                42.17260278815661
              ],
              [
                1.380866,
                42.17257600000001
              ],
              [
                1.3810790000000006,
                42.172560999999995
              ],
              [
                1.3812189999999998,
                42.172598999999984
              ],
              [
                1.3812287961928582,
                42.17261037622919
              ],
              [
                1.3812500000000003,
                42.17263500000001
              ],
              [
                1.3813849999999999,
                42.17267500000001
              ],
              [
                1.3814581752724495,
                42.172719290326455
              ],
              [
                1.381499,
                42.172744
              ],
              [
                1.3816603673389418,
                42.17284161728015
              ],
              [
                1.3816610000000007,
                42.17284200000001
              ],
              [
                1.381924,
                42.17294500000001
              ],
              [
                1.382165,
                42.173068000000015
              ],
              [
                1.3823230000000006,
                42.17312600000002
              ],
              [
                1.3825950000000007,
                42.17322200000001
              ],
              [
                1.3827010000000004,
                42.17326800000003
              ],
              [
                1.3828960000000003,
                42.17331800000001
              ],
              [
                1.3829690000000003,
                42.173292
              ],
              [
                1.3829930000000004,
                42.17334499999998
              ],
              [
                1.383025,
                42.17339100000002
              ],
              [
                1.38311,
                42.17344899999999
              ],
              [
                1.3832529999999998,
                42.173502000000006
              ],
              [
                1.3834750000000002,
                42.173594
              ],
              [
                1.383826,
                42.173722
              ],
              [
                1.3840560000000004,
                42.173820000000006
              ],
              [
                1.3842500000000004,
                42.17392499999999
              ],
              [
                1.3843630317382893,
                42.174005473781136
              ],
              [
                1.3844340000000002,
                42.17405599999999
              ],
              [
                1.38461,
                42.174153000000004
              ],
              [
                1.3847990000000006,
                42.17424799999999
              ],
              [
                1.3851920000000009,
                42.17441
              ],
              [
                1.385373000000001,
                42.174460999999994
              ],
              [
                1.3855630000000003,
                42.17453499999999
              ],
              [
                1.3857890000000004,
                42.174606999999995
              ],
              [
                1.3860380000000008,
                42.174673
              ],
              [
                1.3862550000000002,
                42.17475000000002
              ],
              [
                1.386371000000001,
                42.17483200000001
              ],
              [
                1.3864660000000004,
                42.174932
              ],
              [
                1.3865630000000009,
                42.17506399999998
              ],
              [
                1.3867260000000001,
                42.175129999999996
              ],
              [
                1.3868434821710258,
                42.17519233755887
              ],
              [
                1.3869220000000002,
                42.17523400000001
              ],
              [
                1.3870860000000005,
                42.175287999999995
              ],
              [
                1.3871440000000002,
                42.17530200000001
              ],
              [
                1.387245,
                42.175271000000016
              ],
              [
                1.3872860000000007,
                42.175173999999984
              ],
              [
                1.3873980000000006,
                42.17491699999999
              ],
              [
                1.3875160000000013,
                42.174645999999996
              ],
              [
                1.3876569999999997,
                42.1744
              ],
              [
                1.387718,
                42.174290000000006
              ],
              [
                1.3877570000000004,
                42.174258
              ],
              [
                1.387785,
                42.174263
              ],
              [
                1.387773000000001,
                42.17440999999999
              ],
              [
                1.3879310000000005,
                42.174409000000004
              ],
              [
                1.387991000000001,
                42.174423
              ],
              [
                1.3880280000000005,
                42.174447000000015
              ],
              [
                1.3880330000000005,
                42.17448400000002
              ],
              [
                1.388043,
                42.174543
              ],
              [
                1.3880440000000003,
                42.17463299999999
              ],
              [
                1.388039,
                42.174718
              ],
              [
                1.3880550000000007,
                42.17482900000001
              ],
              [
                1.3880690000000009,
                42.17491099999999
              ],
              [
                1.388120000000001,
                42.17501600000001
              ],
              [
                1.3881660000000005,
                42.17511400000001
              ],
              [
                1.388197,
                42.175192
              ],
              [
                1.3881740000000002,
                42.17525899999999
              ],
              [
                1.388146,
                42.175317
              ],
              [
                1.3881030000000003,
                42.17538500000001
              ],
              [
                1.388076,
                42.175446
              ],
              [
                1.3880740000000007,
                42.175484
              ],
              [
                1.3881269999999999,
                42.17555700000001
              ],
              [
                1.3881990000000004,
                42.175633000000005
              ],
              [
                1.3882950000000014,
                42.175724
              ],
              [
                1.3882920000000007,
                42.17574599999998
              ],
              [
                1.3882730000000008,
                42.175763999999994
              ],
              [
                1.3883690000000002,
                42.175824
              ],
              [
                1.3885059999999998,
                42.175934
              ],
              [
                1.3886720000000004,
                42.176049999999975
              ],
              [
                1.3888310000000001,
                42.17615399999999
              ],
              [
                1.3889740000000002,
                42.176252000000005
              ],
              [
                1.3890610000000008,
                42.17633799999998
              ],
              [
                1.3890350000000005,
                42.176371999999986
              ],
              [
                1.3890600000000004,
                42.176384999999996
              ],
              [
                1.3891180000000003,
                42.17641500000002
              ],
              [
                1.3891910000000012,
                42.176463
              ],
              [
                1.3892660000000003,
                42.17651999999999
              ],
              [
                1.3893950000000002,
                42.176590999999995
              ],
              [
                1.389591,
                42.17666200000001
              ],
              [
                1.3896206972185916,
                42.176668834120065
              ],
              [
                1.3897684879473393,
                42.17084423664679
              ]
            ]
          ],
          [
            [
              [
                1.3774359995035956,
                42.1796764679281
              ],
              [
                1.3864527315115505,
                42.179803672464594
              ],
              [
                1.3864180000000008,
                42.179763
              ],
              [
                1.3863580000000002,
                42.17968699999999
              ],
              [
                1.3862510000000001,
                42.179625
              ],
              [
                1.38607,
                42.17959300000001
              ],
              [
                1.3858590000000002,
                42.179553
              ],
              [
                1.3855020000000011,
                42.17952900000001
              ],
              [
                1.3851660000000006,
                42.17950200000002
              ],
              [
                1.3850429999999998,
                42.179439
              ],
              [
                1.3848770000000006,
                42.17931500000001
              ],
              [
                1.384941,
                42.17922000000001
              ],
              [
                1.3850870000000002,
                42.17906500000001
              ],
              [
                1.3852889999999995,
                42.17880799999999
              ],
              [
                1.3854730000000006,
                42.17857000000001
              ],
              [
                1.385676,
                42.17863800000001
              ],
              [
                1.3859470000000005,
                42.17876
              ],
              [
                1.3864120000000006,
                42.17897500000001
              ],
              [
                1.3867510000000003,
                42.179159
              ],
              [
                1.3870320000000005,
                42.17927100000001
              ],
              [
                1.387237,
                42.17934200000001
              ],
              [
                1.3875140000000004,
                42.179328000000005
              ],
              [
                1.3876980000000003,
                42.179306999999994
              ],
              [
                1.387704,
                42.17916
              ],
              [
                1.387690000000001,
                42.17901599999999
              ],
              [
                1.3876480000000007,
                42.178872000000005
              ],
              [
                1.3875329999999997,
                42.178729
              ],
              [
                1.3875250000000006,
                42.17861299999999
              ],
              [
                1.3875810000000002,
                42.17850500000001
              ],
              [
                1.3876130000000004,
                42.17842900000002
              ],
              [
                1.387199000000001,
                42.17861199999999
              ],
              [
                1.387072,
                42.17854299999999
              ],
              [
                1.386862000000001,
                42.178374999999996
              ],
              [
                1.3866370000000003,
                42.178188000000006
              ],
              [
                1.3863750000000004,
                42.178051
              ],
              [
                1.386152000000001,
                42.177879999999995
              ],
              [
                1.3859200000000005,
                42.177721
              ],
              [
                1.385599000000001,
                42.17759999999999
              ],
              [
                1.3855717393177467,
                42.17758976906198
              ],
              [
                1.385186000000001,
                42.177445000000006
              ],
              [
                1.3849700000000003,
                42.17748200000001
              ],
              [
                1.3847170000000004,
                42.17751199999999
              ],
              [
                1.3845390000000004,
                42.177475
              ],
              [
                1.3844249999999998,
                42.177401
              ],
              [
                1.384333000000001,
                42.17728700000001
              ],
              [
                1.3842140000000005,
                42.177147
              ],
              [
                1.3841290000000004,
                42.17701300000002
              ],
              [
                1.3841100000000006,
                42.176884000000015
              ],
              [
                1.3841230000000007,
                42.17670600000001
              ],
              [
                1.3841232279945723,
                42.1767039053054
              ],
              [
                1.3841389999999998,
                42.176559
              ],
              [
                1.3838400000000006,
                42.176552
              ],
              [
                1.3835190000000004,
                42.17654700000001
              ],
              [
                1.383195000000001,
                42.17657199999999
              ],
              [
                1.3829630000000004,
                42.176572
              ],
              [
                1.3828420000000001,
                42.17662500000001
              ],
              [
                1.3827609716728437,
                42.17668470511834
              ],
              [
                1.3827280000000006,
                42.17670900000001
              ],
              [
                1.3825859999999999,
                42.176764
              ],
              [
                1.3823700000000005,
                42.17677400000001
              ],
              [
                1.382048,
                42.17676399999999
              ],
              [
                1.3817120000000005,
                42.176804
              ],
              [
                1.3813890000000002,
                42.17683900000002
              ],
              [
                1.3810950000000004,
                42.176857000000005
              ],
              [
                1.380635000000001,
                42.176820000000006
              ],
              [
                1.3804458669447908,
                42.176805609514425
              ],
              [
                1.3803590000000001,
                42.176799
              ],
              [
                1.380116000000001,
                42.17676399999999
              ],
              [
                1.3797100000000009,
                42.17666
              ],
              [
                1.3791360000000012,
                42.17647900000002
              ],
              [
                1.3786920000000007,
                42.17635800000002
              ],
              [
                1.3783600000000005,
                42.17625099999999
              ],
              [
                1.3779950000000007,
                42.17610000000001
              ],
              [
                1.3776120000000012,
                42.17592700000001
              ],
              [
                1.3775320630191488,
                42.17591953924025
              ],
              [
                1.3774359995035956,
                42.1796764679281
              ]
            ]
          ],
          [
            [
              [
                1.382933,
                42.175224000000014
              ],
              [
                1.38288,
                42.175308000000015
              ],
              [
                1.3828670000000003,
                42.17533300000001
              ],
              [
                1.3828090000000002,
                42.17544300000001
              ],
              [
                1.3827680000000002,
                42.17549099999999
              ],
              [
                1.383005000000001,
                42.17556600000001
              ],
              [
                1.383175,
                42.175587
              ],
              [
                1.3832690000000003,
                42.175593
              ],
              [
                1.3833910000000003,
                42.175594999999994
              ],
              [
                1.3836360000000005,
                42.17558900000001
              ],
              [
                1.3838280000000003,
                42.17559
              ],
              [
                1.3838100000000002,
                42.17566999999999
              ],
              [
                1.3837850000000007,
                42.17573399999999
              ],
              [
                1.3841250000000003,
                42.175805999999994
              ],
              [
                1.3840730000000006,
                42.17596700000001
              ],
              [
                1.3840340000000007,
                42.176036999999994
              ],
              [
                1.3841989999999997,
                42.17613399999999
              ],
              [
                1.3842960000000002,
                42.17621300000001
              ],
              [
                1.3844670000000008,
                42.175906000000005
              ],
              [
                1.384537,
                42.175744
              ],
              [
                1.3845480000000003,
                42.175723
              ],
              [
                1.3846200000000002,
                42.175560999999995
              ],
              [
                1.3844910000000004,
                42.175488000000016
              ],
              [
                1.3842960000000009,
                42.175405
              ],
              [
                1.3841380000000003,
                42.17536100000002
              ],
              [
                1.3840000000000008,
                42.175342999999984
              ],
              [
                1.3837850000000005,
                42.175342999999984
              ],
              [
                1.3836000000000004,
                42.175345999999976
              ],
              [
                1.3834400000000007,
                42.17532299999999
              ],
              [
                1.383162000000001,
                42.17528100000001
              ],
              [
                1.382933,
                42.175224000000014
              ]
            ]
          ]
        ]
      }
    },
    {
      "type": "Feature",
      "properties": {
        "records": 1,
        "flora_records": 0,
        "fauna_records": 1,
        "latest_year": null,
        "knowledge_class": "Poca informació",
        "priority_hic_overlap": true,
        "connector_overlap": true,
        "prospecting_interest": true,
        "reason": "Coneixement públic escàs coincident amb HIC prioritari i connector cartogràfic"
      },
      "geometry": {
        "type": "MultiPolygon",
        "coordinates": [
          [
            [
              [
                1.3895129583914203,
                42.180913852182655
              ],
              [
                1.3892860000000007,
                42.18082999999999
              ],
              [
                1.389032,
                42.180736
              ],
              [
                1.3890229999999997,
                42.180825000000006
              ],
              [
                1.389013000000001,
                42.181066000000015
              ],
              [
                1.3891850000000003,
                42.18115600000001
              ],
              [
                1.3893970000000007,
                42.18134300000002
              ],
              [
                1.3894992556210435,
                42.18145368928516
              ],
              [
                1.3895129583914203,
                42.180913852182655
              ]
            ]
          ],
          [
            [
              [
                1.3894822363674864,
                42.18212416254942
              ],
              [
                1.3893940000000002,
                42.182044
              ],
              [
                1.3892360000000006,
                42.181952
              ],
              [
                1.389026000000001,
                42.18187599999999
              ],
              [
                1.38881,
                42.18184899999999
              ],
              [
                1.3886840000000007,
                42.18184599999997
              ],
              [
                1.3885290000000008,
                42.181875
              ],
              [
                1.3883510000000001,
                42.181909000000005
              ],
              [
                1.3882390000000007,
                42.18193300000001
              ],
              [
                1.3881140000000003,
                42.18191000000001
              ],
              [
                1.3879380000000001,
                42.181853
              ],
              [
                1.3877599999999999,
                42.18172900000001
              ],
              [
                1.387679000000001,
                42.18163499999998
              ],
              [
                1.3875759999999995,
                42.181455
              ],
              [
                1.3874790000000006,
                42.181305999999985
              ],
              [
                1.3874330000000001,
                42.18144600000001
              ],
              [
                1.387395000000001,
                42.181546
              ],
              [
                1.387331000000001,
                42.181516
              ],
              [
                1.3872620000000002,
                42.18146299999999
              ],
              [
                1.3871540000000002,
                42.181366000000004
              ],
              [
                1.387004000000001,
                42.18122200000001
              ],
              [
                1.3868869999999995,
                42.18117000000001
              ],
              [
                1.3867070000000006,
                42.18112599999999
              ],
              [
                1.3867330000000009,
                42.181045000000005
              ],
              [
                1.386738000000001,
                42.180933999999986
              ],
              [
                1.3866680000000007,
                42.18084999999999
              ],
              [
                1.386697,
                42.18077399999999
              ],
              [
                1.386746,
                42.18063200000001
              ],
              [
                1.3867690000000004,
                42.18056300000001
              ],
              [
                1.3868380000000005,
                42.18042200000001
              ],
              [
                1.3866940000000008,
                42.180215000000004
              ],
              [
                1.3865750000000003,
                42.18000700000001
              ],
              [
                1.3864940000000003,
                42.17985199999998
              ],
              [
                1.3864527315115505,
                42.179803672464594
              ],
              [
                1.3774359995035956,
                42.1796764679281
              ],
              [
                1.3774314367466853,
                42.17985489397709
              ],
              [
                1.378415,
                42.18011200000001
              ],
              [
                1.3787120000000002,
                42.180512
              ],
              [
                1.379108,
                42.181090000000005
              ],
              [
                1.3795579999999998,
                42.18168199999999
              ],
              [
                1.380082,
                42.18239100000001
              ],
              [
                1.3809630000000004,
                42.183582000000015
              ],
              [
                1.381529000000001,
                42.184316
              ],
              [
                1.381544000000001,
                42.184334
              ],
              [
                1.3815680000000004,
                42.18436599999998
              ],
              [
                1.3818860000000004,
                42.18492700000001
              ],
              [
                1.3819020000000002,
                42.184954000000005
              ],
              [
                1.3819300000000008,
                42.18499100000001
              ],
              [
                1.3828740000000002,
                42.18675700000001
              ],
              [
                1.3832889999999998,
                42.18756400000001
              ],
              [
                1.3835550000000008,
                42.188153000000014
              ],
              [
                1.3837597687995429,
                42.18877177473868
              ],
              [
                1.38931147907374,
                42.18884987609981
              ],
              [
                1.3893506836531344,
                42.18730590716066
              ],
              [
                1.3890960000000014,
                42.18713199999999
              ],
              [
                1.3888580000000008,
                42.18697300000001
              ],
              [
                1.3886220000000005,
                42.186851000000004
              ],
              [
                1.3883469999999998,
                42.186748000000016
              ],
              [
                1.3880160000000004,
                42.18664700000001
              ],
              [
                1.387688,
                42.18652500000002
              ],
              [
                1.3873870000000006,
                42.18643900000002
              ],
              [
                1.3871820000000004,
                42.186374
              ],
              [
                1.3869990000000005,
                42.18633100000001
              ],
              [
                1.3868480000000003,
                42.18633999999999
              ],
              [
                1.3867779999999996,
                42.186418
              ],
              [
                1.386746,
                42.18654
              ],
              [
                1.3867820000000006,
                42.18663899999999
              ],
              [
                1.3868900000000006,
                42.18680200000001
              ],
              [
                1.386997,
                42.186999
              ],
              [
                1.3870530000000003,
                42.18712599999999
              ],
              [
                1.3870669999999998,
                42.18725100000002
              ],
              [
                1.3870259999999999,
                42.187416
              ],
              [
                1.3869180000000005,
                42.187563999999995
              ],
              [
                1.3868830000000012,
                42.187599999999996
              ],
              [
                1.3868140000000002,
                42.18766200000002
              ],
              [
                1.3867130000000003,
                42.18771500000001
              ],
              [
                1.3866130000000003,
                42.187749
              ],
              [
                1.3864600000000002,
                42.18779700000001
              ],
              [
                1.386323,
                42.18782400000001
              ],
              [
                1.3861950000000012,
                42.18782300000001
              ],
              [
                1.3860400000000002,
                42.187821
              ],
              [
                1.385742000000001,
                42.18779399999999
              ],
              [
                1.3854660000000005,
                42.18774400000001
              ],
              [
                1.3852700000000013,
                42.187693
              ],
              [
                1.3851480000000005,
                42.18765199999999
              ],
              [
                1.3850020000000005,
                42.187563999999995
              ],
              [
                1.384656,
                42.18737300000001
              ],
              [
                1.3842779999999995,
                42.187139
              ],
              [
                1.383881,
                42.186926
              ],
              [
                1.3836540000000002,
                42.186753
              ],
              [
                1.3835640000000005,
                42.186632
              ],
              [
                1.3834789999999997,
                42.186504
              ],
              [
                1.3833380000000002,
                42.18629399999999
              ],
              [
                1.3831880000000005,
                42.186097999999994
              ],
              [
                1.3830270000000007,
                42.185891
              ],
              [
                1.382887,
                42.185678
              ],
              [
                1.3828480000000007,
                42.185536000000006
              ],
              [
                1.382862,
                42.185402000000025
              ],
              [
                1.382867000000001,
                42.18533900000001
              ],
              [
                1.382871,
                42.185302000000014
              ],
              [
                1.382881,
                42.185201000000006
              ],
              [
                1.3829030000000007,
                42.185049999999976
              ],
              [
                1.382935000000001,
                42.18478699999998
              ],
              [
                1.382970000000001,
                42.184577999999995
              ],
              [
                1.3829840000000002,
                42.184563
              ],
              [
                1.383014,
                42.184508
              ],
              [
                1.3831040000000003,
                42.18446600000002
              ],
              [
                1.3832660000000008,
                42.18445900000001
              ],
              [
                1.383546,
                42.18448300000001
              ],
              [
                1.3839750000000002,
                42.184527
              ],
              [
                1.3845009999999998,
                42.18452
              ],
              [
                1.3849979999999997,
                42.184549000000004
              ],
              [
                1.3853880000000007,
                42.18457399999998
              ],
              [
                1.3856730000000006,
                42.18464399999999
              ],
              [
                1.3862750000000006,
                42.184781000000015
              ],
              [
                1.3866110000000007,
                42.184912
              ],
              [
                1.3869870000000002,
                42.18499300000001
              ],
              [
                1.3874020000000005,
                42.185086000000005
              ],
              [
                1.387782000000001,
                42.185186000000016
              ],
              [
                1.3879760000000012,
                42.18514500000001
              ],
              [
                1.3884810000000007,
                42.18509199999998
              ],
              [
                1.388864,
                42.185021
              ],
              [
                1.389233000000001,
                42.184937
              ],
              [
                1.3894120840631259,
                42.18488756982138
              ],
              [
                1.3894822363674864,
                42.18212416254942
              ]
            ]
          ]
        ]
      }
    },
    {
      "type": "Feature",
      "properties": {
        "records": 0,
        "flora_records": 0,
        "fauna_records": 0,
        "latest_year": null,
        "knowledge_class": "Pràcticament sense dades",
        "priority_hic_overlap": false,
        "connector_overlap": false,
        "prospecting_interest": false,
        "reason": "Cobertura de registres públics agregada; no descriu riquesa ni absència d’espècies."
      },
      "geometry": {
        "type": "Polygon",
        "coordinates": [
          [
            [
              1.3890828179032553,
              42.19785267304593
            ],
            [
              1.38931147907374,
              42.18884987609981
            ],
            [
              1.3837597687995429,
              42.18877177473868
            ],
            [
              1.3839220000000005,
              42.189262
            ],
            [
              1.384513,
              42.19100300000001
            ],
            [
              1.384907,
              42.192272999999986
            ],
            [
              1.3851990000000012,
              42.19306399999998
            ],
            [
              1.3856850000000003,
              42.19467700000002
            ],
            [
              1.3861089999999998,
              42.196031000000005
            ],
            [
              1.3863710000000005,
              42.197076
            ],
            [
              1.3865745250887482,
              42.19781741366697
            ],
            [
              1.3890828179032553,
              42.19785267304593
            ]
          ]
        ]
      }
    },
    {
      "type": "Feature",
      "properties": {
        "records": 0,
        "flora_records": 0,
        "fauna_records": 0,
        "latest_year": null,
        "knowledge_class": "Pràcticament sense dades",
        "priority_hic_overlap": true,
        "connector_overlap": false,
        "prospecting_interest": true,
        "reason": "Coneixement públic escàs coincident amb HIC prioritari"
      },
      "geometry": {
        "type": "MultiPolygon",
        "coordinates": [
          [
            [
              [
                1.3890828179032553,
                42.19785267304593
              ],
              [
                1.3865745250887482,
                42.19781741366697
              ],
              [
                1.3865950000000005,
                42.197891999999996
              ],
              [
                1.3868570000000007,
                42.19861099999999
              ],
              [
                1.3868850000000008,
                42.198686
              ],
              [
                1.3870430000000007,
                42.199190000000016
              ],
              [
                1.3872620000000009,
                42.19944199999998
              ],
              [
                1.3876830000000007,
                42.19982000000002
              ],
              [
                1.3879970000000006,
                42.20004500000001
              ],
              [
                1.3882270000000008,
                42.200194
              ],
              [
                1.3885060000000007,
                42.200363
              ],
              [
                1.3887960000000004,
                42.200491
              ],
              [
                1.3889840000000009,
                42.20054899999998
              ],
              [
                1.3890141223949155,
                42.20055653062526
              ],
              [
                1.3890828179032553,
                42.19785267304593
              ]
            ]
          ],
          [
            [
              [
                1.388854052169448,
                42.206855454803765
              ],
              [
                1.3889764527089534,
                42.202039052585704
              ],
              [
                1.3882020000000002,
                42.20331200000002
              ],
              [
                1.3876769999999998,
                42.204111000000026
              ],
              [
                1.3870480000000007,
                42.205149999999996
              ],
              [
                1.3865279999999995,
                42.205987
              ],
              [
                1.3861330000000007,
                42.20601400000001
              ],
              [
                1.3851530000000007,
                42.20609900000001
              ],
              [
                1.3850270000000002,
                42.206117
              ],
              [
                1.3846047990834174,
                42.20679568000862
              ],
              [
                1.388854052169448,
                42.206855454803765
              ]
            ]
          ]
        ]
      }
    },
    {
      "type": "Feature",
      "properties": {
        "records": 2,
        "flora_records": 0,
        "fauna_records": 2,
        "latest_year": null,
        "knowledge_class": "Poca informació",
        "priority_hic_overlap": true,
        "connector_overlap": true,
        "prospecting_interest": true,
        "reason": "Coneixement públic escàs coincident amb HIC prioritari i connector cartogràfic"
      },
      "geometry": {
        "type": "Polygon",
        "coordinates": [
          [
            [
              1.388854052169448,
              42.206855454803765
            ],
            [
              1.3846047990834174,
              42.20679568000862
            ],
            [
              1.3842500000000006,
              42.20736599999999
            ],
            [
              1.383547,
              42.208397999999974
            ],
            [
              1.3831930000000003,
              42.208994
            ],
            [
              1.3824380000000007,
              42.210149999999985
            ],
            [
              1.3819180000000006,
              42.21097999999999
            ],
            [
              1.3816330000000001,
              42.21142999999999
            ],
            [
              1.3811690000000005,
              42.212165000000006
            ],
            [
              1.380867,
              42.212696000000015
            ],
            [
              1.3808530000000008,
              42.212721999999985
            ],
            [
              1.380836000000001,
              42.212751
            ],
            [
              1.380537,
              42.21333999999998
            ],
            [
              1.3804610000000006,
              42.21353899999999
            ],
            [
              1.3804320000000008,
              42.213646
            ],
            [
              1.3803759999999998,
              42.213739999999994
            ],
            [
              1.3801340000000004,
              42.21434
            ],
            [
              1.379923,
              42.214830000000006
            ],
            [
              1.3796369999999998,
              42.215470999999994
            ],
            [
              1.3795408494270944,
              42.215730217369746
            ],
            [
              1.3886251818166144,
              42.215858221372336
            ],
            [
              1.3886289490097685,
              42.21571006977849
            ],
            [
              1.3886040000000004,
              42.21571300000001
            ],
            [
              1.3885910000000004,
              42.21563699999998
            ],
            [
              1.3885850000000002,
              42.21550700000002
            ],
            [
              1.3886399415770545,
              42.2152777610563
            ],
            [
              1.3886404010183495,
              42.21525969223268
            ],
            [
              1.3885720000000004,
              42.21511999999999
            ],
            [
              1.3885120000000002,
              42.214980000000004
            ],
            [
              1.388443,
              42.214812999999985
            ],
            [
              1.3884230000000002,
              42.214707000000004
            ],
            [
              1.3884069999999997,
              42.214644000000014
            ],
            [
              1.3883840000000003,
              42.21458399999998
            ],
            [
              1.3883700000000012,
              42.21454900000001
            ],
            [
              1.388338000000001,
              42.214517000000015
            ],
            [
              1.3882470000000002,
              42.214480000000016
            ],
            [
              1.3880060000000007,
              42.21439300000001
            ],
            [
              1.3879390000000003,
              42.214361
            ],
            [
              1.387895,
              42.21431900000002
            ],
            [
              1.3878660000000003,
              42.214265
            ],
            [
              1.3878530000000007,
              42.214203999999995
            ],
            [
              1.3877060000000003,
              42.214074999999994
            ],
            [
              1.3876460000000002,
              42.213964999999995
            ],
            [
              1.3875630000000003,
              42.213850999999984
            ],
            [
              1.3874990000000007,
              42.213759999999986
            ],
            [
              1.3874790000000004,
              42.21369099999999
            ],
            [
              1.3874509999999998,
              42.21361600000002
            ],
            [
              1.3874310000000003,
              42.213559
            ],
            [
              1.3874230000000005,
              42.21349800000002
            ],
            [
              1.3874190000000004,
              42.21345
            ],
            [
              1.387433,
              42.21340300000001
            ],
            [
              1.3874510000000004,
              42.213371000000016
            ],
            [
              1.3872240000000007,
              42.21338900000001
            ],
            [
              1.3870670000000003,
              42.213387999999995
            ],
            [
              1.3869770000000006,
              42.213388
            ],
            [
              1.386905,
              42.213379999999994
            ],
            [
              1.386813000000001,
              42.213348999999994
            ],
            [
              1.3867410000000002,
              42.213325
            ],
            [
              1.3866930000000008,
              42.213299000000006
            ],
            [
              1.3866580000000002,
              42.213271
            ],
            [
              1.3866210000000003,
              42.21322599999999
            ],
            [
              1.3865869999999998,
              42.213164000000006
            ],
            [
              1.3865520000000002,
              42.213085
            ],
            [
              1.3865100000000006,
              42.21292700000001
            ],
            [
              1.3864699999999996,
              42.21277200000002
            ],
            [
              1.3864670000000001,
              42.212720999999995
            ],
            [
              1.3864610000000004,
              42.212633
            ],
            [
              1.3864340000000013,
              42.21250599999999
            ],
            [
              1.386406,
              42.212362
            ],
            [
              1.3864060000000002,
              42.212278000000005
            ],
            [
              1.3864,
              42.21218700000001
            ],
            [
              1.3864070000000006,
              42.21211099999999
            ],
            [
              1.3864440000000002,
              42.211836999999996
            ],
            [
              1.386552,
              42.21152
            ],
            [
              1.3866339999999997,
              42.21133
            ],
            [
              1.3868000000000003,
              42.21103400000001
            ],
            [
              1.387011,
              42.210675000000016
            ],
            [
              1.3872720000000007,
              42.21021499999999
            ],
            [
              1.3873870000000006,
              42.210049000000005
            ],
            [
              1.387498,
              42.209937000000004
            ],
            [
              1.3875750000000002,
              42.20987900000001
            ],
            [
              1.3877310000000007,
              42.20980000000001
            ],
            [
              1.3879310000000005,
              42.20974900000001
            ],
            [
              1.3881350000000008,
              42.209735000000016
            ],
            [
              1.3883149999999997,
              42.20973099999999
            ],
            [
              1.388489,
              42.209772
            ],
            [
              1.388637,
              42.209868
            ],
            [
              1.3887753943311938,
              42.20994997883287
            ],
            [
              1.388854052169448,
              42.206855454803765
            ]
          ]
        ]
      }
    },
    {
      "type": "Feature",
      "properties": {
        "records": 1,
        "flora_records": 1,
        "fauna_records": 0,
        "latest_year": null,
        "knowledge_class": "Poca informació",
        "priority_hic_overlap": true,
        "connector_overlap": true,
        "prospecting_interest": true,
        "reason": "Coneixement públic escàs coincident amb HIC prioritari i connector cartogràfic"
      },
      "geometry": {
        "type": "Polygon",
        "coordinates": [
          [
            [
              1.3886251818166144,
              42.215858221372336
            ],
            [
              1.3795408494270944,
              42.215730217369746
            ],
            [
              1.3794890000000002,
              42.215870000000024
            ],
            [
              1.3793730000000004,
              42.216393000000004
            ],
            [
              1.3792650000000004,
              42.21679499999998
            ],
            [
              1.379183000000001,
              42.216988000000015
            ],
            [
              1.3791410000000004,
              42.21716800000001
            ],
            [
              1.3791580000000006,
              42.21729800000002
            ],
            [
              1.3791720000000007,
              42.217373
            ],
            [
              1.379221,
              42.21747500000001
            ],
            [
              1.3792730000000002,
              42.21755300000002
            ],
            [
              1.3793580000000008,
              42.217616
            ],
            [
              1.379542000000001,
              42.217717
            ],
            [
              1.3796790000000005,
              42.21778999999999
            ],
            [
              1.3798200000000003,
              42.21787799999999
            ],
            [
              1.379897,
              42.21795
            ],
            [
              1.3799650000000006,
              42.21803799999999
            ],
            [
              1.3800419999999995,
              42.21813499999999
            ],
            [
              1.3801020000000002,
              42.21824300000001
            ],
            [
              1.3801660000000004,
              42.218357
            ],
            [
              1.380249,
              42.218517000000006
            ],
            [
              1.3803100000000001,
              42.218632
            ],
            [
              1.3804030000000012,
              42.218762000000005
            ],
            [
              1.3804900000000007,
              42.21884999999999
            ],
            [
              1.380619,
              42.21897799999999
            ],
            [
              1.3807480000000003,
              42.219095
            ],
            [
              1.3808850000000001,
              42.21922800000001
            ],
            [
              1.381044,
              42.219378999999996
            ],
            [
              1.3812360000000004,
              42.21956599999999
            ],
            [
              1.3815520000000003,
              42.21989600000001
            ],
            [
              1.3816629999999999,
              42.220004
            ],
            [
              1.3817110000000004,
              42.22011500000001
            ],
            [
              1.3817290000000004,
              42.220193000000016
            ],
            [
              1.3817320000000002,
              42.22029799999999
            ],
            [
              1.3817240000000002,
              42.220383999999996
            ],
            [
              1.381693000000001,
              42.22047299999999
            ],
            [
              1.381659,
              42.220581999999986
            ],
            [
              1.381680000000001,
              42.220656
            ],
            [
              1.3816890000000002,
              42.220701000000005
            ],
            [
              1.3817200000000012,
              42.22078199999999
            ],
            [
              1.3817739999999998,
              42.220838
            ],
            [
              1.3818470000000005,
              42.22089500000001
            ],
            [
              1.3819160000000006,
              42.22095200000001
            ],
            [
              1.3820170000000007,
              42.221038
            ],
            [
              1.3821190000000008,
              42.22111200000002
            ],
            [
              1.3822970000000003,
              42.221242
            ],
            [
              1.3823950000000005,
              42.22131399999999
            ],
            [
              1.382554,
              42.22141100000002
            ],
            [
              1.382703000000001,
              42.22148700000001
            ],
            [
              1.3828780000000003,
              42.22156399999999
            ],
            [
              1.3830660000000004,
              42.221629000000014
            ],
            [
              1.3834230000000005,
              42.221699999999984
            ],
            [
              1.3838340000000011,
              42.22178899999999
            ],
            [
              1.3841320000000001,
              42.22186799999999
            ],
            [
              1.3844520000000007,
              42.22197099999999
            ],
            [
              1.3847320000000014,
              42.222046
            ],
            [
              1.3849759999999995,
              42.222170000000006
            ],
            [
              1.3851690000000003,
              42.22227800000002
            ],
            [
              1.3853400000000002,
              42.222349999999985
            ],
            [
              1.3854410000000006,
              42.222376999999994
            ],
            [
              1.3855640000000007,
              42.222396999999994
            ],
            [
              1.3856689999999998,
              42.222398000000005
            ],
            [
              1.3858030000000001,
              42.22238
            ],
            [
              1.3859720000000004,
              42.222373000000005
            ],
            [
              1.3861970000000003,
              42.22233799999999
            ],
            [
              1.386329,
              42.222337
            ],
            [
              1.3865540000000005,
              42.222339999999996
            ],
            [
              1.3866940000000003,
              42.22235900000001
            ],
            [
              1.386797000000001,
              42.222367000000006
            ],
            [
              1.3869350000000005,
              42.22240000000001
            ],
            [
              1.3870490000000006,
              42.22242899999999
            ],
            [
              1.3871570000000009,
              42.222474000000005
            ],
            [
              1.3872520000000004,
              42.22251700000002
            ],
            [
              1.387335,
              42.222564000000006
            ],
            [
              1.387412000000001,
              42.222619999999985
            ],
            [
              1.387526,
              42.222716000000005
            ],
            [
              1.3876660000000005,
              42.22287399999999
            ],
            [
              1.3877009999999999,
              42.222902
            ],
            [
              1.387809,
              42.222994000000014
            ],
            [
              1.3878590000000004,
              42.22304
            ],
            [
              1.388009999999999,
              42.223167000000004
            ],
            [
              1.3881820000000005,
              42.22332299999999
            ],
            [
              1.3882960000000006,
              42.223415
            ],
            [
              1.3884299490965126,
              42.223534565334596
            ],
            [
              1.3886251818166144,
              42.215858221372336
            ]
          ]
        ]
      }
    },
    {
      "type": "Feature",
      "properties": {
        "records": 2,
        "flora_records": 2,
        "fauna_records": 0,
        "latest_year": null,
        "knowledge_class": "Poca informació",
        "priority_hic_overlap": false,
        "connector_overlap": true,
        "prospecting_interest": true,
        "reason": "Coneixement públic escàs coincident amb connector cartogràfic"
      },
      "geometry": {
        "type": "Polygon",
        "coordinates": [
          [
            [
              1.3902250792350181,
              42.1528385364528
            ],
            [
              1.3998609158364301,
              42.15297336191987
            ],
            [
              1.399615,
              42.152864
            ],
            [
              1.3993910000000003,
              42.152726
            ],
            [
              1.3991380000000004,
              42.152570999999995
            ],
            [
              1.3986140000000007,
              42.152241
            ],
            [
              1.3983400000000006,
              42.152080999999995
            ],
            [
              1.3979590000000006,
              42.15182200000001
            ],
            [
              1.3976650000000006,
              42.15172499999999
            ],
            [
              1.3972190000000002,
              42.151613000000005
            ],
            [
              1.3970769999999997,
              42.15154299999999
            ],
            [
              1.3969770000000001,
              42.151492000000005
            ],
            [
              1.3959270000000004,
              42.15094799999999
            ],
            [
              1.3956600000000006,
              42.15091100000002
            ],
            [
              1.3954560000000005,
              42.150871
            ],
            [
              1.3950400000000005,
              42.15082200000001
            ],
            [
              1.394683,
              42.15082999999999
            ],
            [
              1.3944970000000008,
              42.15085799999999
            ],
            [
              1.39424,
              42.15088800000002
            ],
            [
              1.394157000000001,
              42.150882999999986
            ],
            [
              1.3940570000000003,
              42.15084600000001
            ],
            [
              1.3939789999999999,
              42.15081300000001
            ],
            [
              1.3939010000000005,
              42.15077099999999
            ],
            [
              1.3938879999999996,
              42.15076300000001
            ],
            [
              1.3937589999999993,
              42.150721
            ],
            [
              1.3935290000000007,
              42.150680999999985
            ],
            [
              1.3928210000000005,
              42.15064799999998
            ],
            [
              1.3927970000000007,
              42.15064900000003
            ],
            [
              1.392759,
              42.150649999999985
            ],
            [
              1.3927150000000006,
              42.15065099999999
            ],
            [
              1.3923590000000001,
              42.15072000000002
            ],
            [
              1.3919850000000002,
              42.150847
            ],
            [
              1.3909990000000003,
              42.15113800000001
            ],
            [
              1.390972,
              42.151146000000004
            ],
            [
              1.3909590000000003,
              42.151149000000004
            ],
            [
              1.390940000000001,
              42.151151999999996
            ],
            [
              1.3908910000000005,
              42.151163000000004
            ],
            [
              1.3908000000000007,
              42.151091
            ],
            [
              1.3907789999999998,
              42.15107499999999
            ],
            [
              1.3907080000000005,
              42.150974000000005
            ],
            [
              1.3906720000000004,
              42.15085599999998
            ],
            [
              1.3906400000000005,
              42.15070600000001
            ],
            [
              1.3906090000000009,
              42.150632
            ],
            [
              1.3905640000000004,
              42.15061300000001
            ],
            [
              1.3905320000000003,
              42.150616000000014
            ],
            [
              1.3904980000000005,
              42.150661000000014
            ],
            [
              1.3904980000000007,
              42.150721999999995
            ],
            [
              1.3904940000000003,
              42.150784999999985
            ],
            [
              1.3904970000000008,
              42.15086999999999
            ],
            [
              1.3905060000000014,
              42.150951999999975
            ],
            [
              1.3905340000000006,
              42.151029999999984
            ],
            [
              1.390522,
              42.15110600000001
            ],
            [
              1.3904990000000006,
              42.15117099999998
            ],
            [
              1.3904500000000006,
              42.151256
            ],
            [
              1.3904239999999999,
              42.15128600000002
            ],
            [
              1.3903380000000003,
              42.15132599999999
            ],
            [
              1.390265137873807,
              42.15134817545758
            ],
            [
              1.3902628355088915,
              42.1513488761772
            ],
            [
              1.3902250792350181,
              42.1528385364528
            ]
          ]
        ]
      }
    },
    {
      "type": "Feature",
      "properties": {
        "records": 28,
        "flora_records": 19,
        "fauna_records": 9,
        "latest_year": 2025.0,
        "knowledge_class": "Més informació publicada",
        "priority_hic_overlap": false,
        "connector_overlap": true,
        "prospecting_interest": false,
        "reason": "Cobertura de registres públics agregada; no descriu riquesa ni absència d’espècies."
      },
      "geometry": {
        "type": "Polygon",
        "coordinates": [
          [
            [
              1.4020975467345027,
              42.1620106074797
            ],
            [
              1.4022953999870609,
              42.15414760878687
            ],
            [
              1.4022050000000004,
              42.15406899999999
            ],
            [
              1.4019710000000003,
              42.15391900000001
            ],
            [
              1.4013630000000008,
              42.153639000000005
            ],
            [
              1.4008050000000007,
              42.153376000000016
            ],
            [
              1.4001489999999996,
              42.153102
            ],
            [
              1.400031,
              42.15304900000001
            ],
            [
              1.3998609158364301,
              42.15297336191987
            ],
            [
              1.3902250792350181,
              42.1528385364528
            ],
            [
              1.390126420398117,
              42.156730551927225
            ],
            [
              1.3901450000000006,
              42.15674400000001
            ],
            [
              1.3902660000000004,
              42.15684099999999
            ],
            [
              1.390376000000001,
              42.156999000000006
            ],
            [
              1.3904400000000008,
              42.157092999999996
            ],
            [
              1.3905640000000008,
              42.157192
            ],
            [
              1.390688,
              42.15725000000001
            ],
            [
              1.3909260000000003,
              42.157341
            ],
            [
              1.3909670000000014,
              42.15737700000001
            ],
            [
              1.3909910000000005,
              42.15741499999998
            ],
            [
              1.3910200000000004,
              42.15747000000001
            ],
            [
              1.3910319999999996,
              42.157529
            ],
            [
              1.3910330000000006,
              42.157571
            ],
            [
              1.3910380000000009,
              42.157617000000016
            ],
            [
              1.3910498187264824,
              42.15766343071719
            ],
            [
              1.3910520000000006,
              42.157672
            ],
            [
              1.3910739999999995,
              42.15771800000001
            ],
            [
              1.3911060000000008,
              42.157764
            ],
            [
              1.3911790000000008,
              42.157847
            ],
            [
              1.3912171354585028,
              42.15788382051919
            ],
            [
              1.3912246064319742,
              42.157891033881484
            ],
            [
              1.3913240000000002,
              42.157987000000006
            ],
            [
              1.3913869999999997,
              42.158083
            ],
            [
              1.391431,
              42.15820000000001
            ],
            [
              1.3914510000000004,
              42.15829500000001
            ],
            [
              1.391502,
              42.15837199999999
            ],
            [
              1.391568,
              42.15843799999999
            ],
            [
              1.3915700000000006,
              42.15843900000001
            ],
            [
              1.39156,
              42.158443999999996
            ],
            [
              1.3914550000000006,
              42.15853200000002
            ],
            [
              1.391376000000001,
              42.15859600000002
            ],
            [
              1.391102000000001,
              42.158801999999994
            ],
            [
              1.3909960000000003,
              42.158909
            ],
            [
              1.3909500000000006,
              42.158992000000005
            ],
            [
              1.3909260000000014,
              42.15907399999999
            ],
            [
              1.3909199999999995,
              42.15916000000001
            ],
            [
              1.3909360000000002,
              42.15922299999999
            ],
            [
              1.3909410000000002,
              42.15928000000003
            ],
            [
              1.390940000000001,
              42.15936800000002
            ],
            [
              1.3909110000000002,
              42.159432
            ],
            [
              1.3908580000000006,
              42.15949199999999
            ],
            [
              1.3907970000000003,
              42.15955199999999
            ],
            [
              1.3907580000000002,
              42.159595000000024
            ],
            [
              1.3907400000000005,
              42.15964999999999
            ],
            [
              1.3907470000000004,
              42.159699
            ],
            [
              1.3907489999999998,
              42.15977700000001
            ],
            [
              1.390697000000001,
              42.15985100000001
            ],
            [
              1.3906299999999998,
              42.159934000000014
            ],
            [
              1.3905890000000003,
              42.159979000000014
            ],
            [
              1.390523000000001,
              42.159992
            ],
            [
              1.3903560000000001,
              42.16003100000001
            ],
            [
              1.390041253084196,
              42.16008971657169
            ],
            [
              1.390015904174474,
              42.161089415894665
            ],
            [
              1.39014,
              42.161205
            ],
            [
              1.3904120000000004,
              42.161422999999985
            ],
            [
              1.3905240000000008,
              42.161495
            ],
            [
              1.3906140000000002,
              42.16154100000001
            ],
            [
              1.3909209999999999,
              42.16164600000002
            ],
            [
              1.3910840000000002,
              42.16172800000001
            ],
            [
              1.391188000000001,
              42.161802
            ],
            [
              1.3912509111709261,
              42.161858990143244
            ],
            [
              1.4020975467345027,
              42.1620106074797
            ]
          ],
          [
            [
              1.3978130000000006,
              42.160354999999996
            ],
            [
              1.3976650000000004,
              42.16032100000001
            ],
            [
              1.3975220000000006,
              42.160297
            ],
            [
              1.3973340000000007,
              42.160315999999995
            ],
            [
              1.3972710000000002,
              42.16034100000001
            ],
            [
              1.397221000000001,
              42.160325
            ],
            [
              1.3971860000000007,
              42.16030999999999
            ],
            [
              1.3971560000000005,
              42.16027600000001
            ],
            [
              1.3971529999999999,
              42.160239
            ],
            [
              1.3971560000000003,
              42.16016699999999
            ],
            [
              1.3971900000000004,
              42.160108000000015
            ],
            [
              1.3972760000000004,
              42.16003600000001
            ],
            [
              1.3973750000000005,
              42.160004
            ],
            [
              1.397686,
              42.160018000000015
            ],
            [
              1.397820034774475,
              42.16004054795727
            ],
            [
              1.3979,
              42.16005400000001
            ],
            [
              1.3981160000000008,
              42.160114000000014
            ],
            [
              1.398248,
              42.16013900000001
            ],
            [
              1.398315000000001,
              42.16015999999998
            ],
            [
              1.3983720000000002,
              42.160195
            ],
            [
              1.3984020000000008,
              42.160248
            ],
            [
              1.3983940000000001,
              42.160313999999985
            ],
            [
              1.3983640000000004,
              42.160361
            ],
            [
              1.398338,
              42.16038800000002
            ],
            [
              1.3983040000000002,
              42.16041000000001
            ],
            [
              1.3982570000000014,
              42.16042200000001
            ],
            [
              1.3982080000000003,
              42.16043399999999
            ],
            [
              1.398126000000001,
              42.160436
            ],
            [
              1.398112762470103,
              42.16043248116768
            ],
            [
              1.3980470000000007,
              42.160415
            ],
            [
              1.397953,
              42.16038900000001
            ],
            [
              1.3978130000000006,
              42.160354999999996
            ]
          ],
          [
            [
              1.3966460330886736,
              42.158596629003725
            ],
            [
              1.396560000000001,
              42.158555
            ],
            [
              1.396397000000001,
              42.158524
            ],
            [
              1.3963590000000008,
              42.15850600000001
            ],
            [
              1.3963330000000007,
              42.158486
            ],
            [
              1.3962959999999998,
              42.158446000000005
            ],
            [
              1.3962060000000003,
              42.15836200000001
            ],
            [
              1.395926,
              42.15814799999999
            ],
            [
              1.3957640000000007,
              42.158125000000005
            ],
            [
              1.3956630000000005,
              42.15808700000001
            ],
            [
              1.3955420000000003,
              42.158036
            ],
            [
              1.3954020000000007,
              42.15795200000001
            ],
            [
              1.3952460000000004,
              42.15789099999999
            ],
            [
              1.3951450000000007,
              42.157869999999996
            ],
            [
              1.394866000000001,
              42.157851999999984
            ],
            [
              1.39465,
              42.15783799999999
            ],
            [
              1.394548444056627,
              42.157779003866025
            ],
            [
              1.394431055472413,
              42.157710809948384
            ],
            [
              1.3943040000000007,
              42.15763700000001
            ],
            [
              1.3942496209364232,
              42.15762945461877
            ],
            [
              1.394095,
              42.15760800000001
            ],
            [
              1.3935610000000007,
              42.15763599999999
            ],
            [
              1.3933839999999997,
              42.157737
            ],
            [
              1.3931000000000002,
              42.157951000000004
            ],
            [
              1.3930220000000004,
              42.157907000000016
            ],
            [
              1.3929630000000008,
              42.15786399999999
            ],
            [
              1.392896,
              42.15779800000001
            ],
            [
              1.3928890000000012,
              42.157727
            ],
            [
              1.3928780000000005,
              42.157566
            ],
            [
              1.3928140000000004,
              42.15744200000001
            ],
            [
              1.392758,
              42.157341999999986
            ],
            [
              1.3926900000000009,
              42.15725199999999
            ],
            [
              1.3926480000000003,
              42.157208000000004
            ],
            [
              1.3926200000000004,
              42.15715099999999
            ],
            [
              1.392757,
              42.15712300000002
            ],
            [
              1.3929390000000004,
              42.15711500000001
            ],
            [
              1.3930010000000004,
              42.157047999999996
            ],
            [
              1.3930545397733685,
              42.15702346095487
            ],
            [
              1.3930970000000005,
              42.15700400000001
            ],
            [
              1.3932049999999996,
              42.156957
            ],
            [
              1.3934300000000004,
              42.15691899999999
            ],
            [
              1.3937310000000007,
              42.15687499999999
            ],
            [
              1.393899,
              42.15686900000001
            ],
            [
              1.3941080000000003,
              42.156863
            ],
            [
              1.3941440000000003,
              42.156899
            ],
            [
              1.3942060000000007,
              42.156961
            ],
            [
              1.3942590000000008,
              42.15703300000001
            ],
            [
              1.3942950000000003,
              42.157102999999985
            ],
            [
              1.394346,
              42.157172
            ],
            [
              1.394428000000001,
              42.15722
            ],
            [
              1.3945230000000006,
              42.157182
            ],
            [
              1.3946070000000002,
              42.157112999999995
            ],
            [
              1.3945099999999997,
              42.15709000000001
            ],
            [
              1.3944350000000005,
              42.157063000000015
            ],
            [
              1.3943790000000007,
              42.157042
            ],
            [
              1.3944500000000002,
              42.15691799999999
            ],
            [
              1.3945220000000005,
              42.15683999999998
            ],
            [
              1.3946070000000006,
              42.156875
            ],
            [
              1.3946610000000006,
              42.15690500000001
            ],
            [
              1.3947230000000006,
              42.15695000000001
            ],
            [
              1.39477,
              42.15699100000001
            ],
            [
              1.3948799999999997,
              42.15696100000002
            ],
            [
              1.3948980000000004,
              42.15694600000002
            ],
            [
              1.3949320000000005,
              42.156921
            ],
            [
              1.3949609999999995,
              42.15689800000002
            ],
            [
              1.395048000000001,
              42.15679800000001
            ],
            [
              1.3951230000000008,
              42.156735000000005
            ],
            [
              1.3952090000000006,
              42.15674699999999
            ],
            [
              1.3954980000000008,
              42.15674599999999
            ],
            [
              1.3956540000000008,
              42.156733
            ],
            [
              1.3957410000000003,
              42.15673799999999
            ],
            [
              1.3958240000000006,
              42.156738000000004
            ],
            [
              1.395926,
              42.156760000000006
            ],
            [
              1.396117,
              42.15674100000001
            ],
            [
              1.3962160000000001,
              42.15673400000001
            ],
            [
              1.396384,
              42.15672700000001
            ],
            [
              1.3965230000000002,
              42.15668300000001
            ],
            [
              1.3966370000000008,
              42.15668699999999
            ],
            [
              1.396730000000001,
              42.15668800000001
            ],
            [
              1.3968710000000004,
              42.156727000000004
            ],
            [
              1.396971,
              42.15677400000001
            ],
            [
              1.3970600000000004,
              42.156847
            ],
            [
              1.397076,
              42.156876
            ],
            [
              1.3970950000000004,
              42.156911
            ],
            [
              1.3970670000000007,
              42.157021999999984
            ],
            [
              1.397032,
              42.157101999999995
            ],
            [
              1.397009,
              42.157194000000004
            ],
            [
              1.3969890000000005,
              42.157273
            ],
            [
              1.3969760000000009,
              42.157332
            ],
            [
              1.3969880000000003,
              42.15742100000001
            ],
            [
              1.3970470000000001,
              42.157559000000006
            ],
            [
              1.3970730000000005,
              42.15763900000002
            ],
            [
              1.3971360000000002,
              42.157765000000005
            ],
            [
              1.3971820000000004,
              42.157869999999996
            ],
            [
              1.3972230000000003,
              42.15795200000001
            ],
            [
              1.3972366816764439,
              42.15797519938585
            ],
            [
              1.3972689999999999,
              42.15803000000001
            ],
            [
              1.3973340000000007,
              42.158072
            ],
            [
              1.3974610000000007,
              42.158131000000004
            ],
            [
              1.39756451565957,
              42.158174364754835
            ],
            [
              1.3976399984308414,
              42.158205985883505
            ],
            [
              1.3976830000000005,
              42.158224
            ],
            [
              1.3978650000000008,
              42.158325000000005
            ],
            [
              1.3979310000000005,
              42.15837500000001
            ],
            [
              1.3979760000000003,
              42.15843099999999
            ],
            [
              1.3980210000000004,
              42.15852699999999
            ],
            [
              1.398041,
              42.158568
            ],
            [
              1.3980480000000008,
              42.158627
            ],
            [
              1.3980530000000009,
              42.15867400000002
            ],
            [
              1.3980480000000006,
              42.158776
            ],
            [
              1.3980230000000002,
              42.15886
            ],
            [
              1.3980249999999999,
              42.158889
            ],
            [
              1.3980280000000005,
              42.158945999999986
            ],
            [
              1.3979850000000003,
              42.159013000000016
            ],
            [
              1.3979790000000005,
              42.159119
            ],
            [
              1.397972,
              42.15915900000001
            ],
            [
              1.397933000000001,
              42.159181999999994
            ],
            [
              1.3978590000000006,
              42.159207000000016
            ],
            [
              1.3977010000000005,
              42.159234
            ],
            [
              1.3976440000000008,
              42.15924099999999
            ],
            [
              1.3976180000000005,
              42.15922899999999
            ],
            [
              1.3975939999999996,
              42.15921
            ],
            [
              1.3975650000000006,
              42.15916200000001
            ],
            [
              1.3975230000000005,
              42.159101
            ],
            [
              1.3974360000000003,
              42.15903300000002
            ],
            [
              1.397338,
              42.158964999999995
            ],
            [
              1.3972179999999998,
              42.158865999999996
            ],
            [
              1.397080000000001,
              42.158786
            ],
            [
              1.3969480000000003,
              42.15873199999999
            ],
            [
              1.3969452535121134,
              42.15873084358732
            ],
            [
              1.3967770000000006,
              42.15865999999999
            ],
            [
              1.396743438995461,
              42.15864376085335
            ],
            [
              1.3966460330886736,
              42.158596629003725
            ]
          ],
          [
            [
              1.3916100000000002,
              42.158577999999984
            ],
            [
              1.3916819999999999,
              42.15866199999999
            ],
            [
              1.3917280000000007,
              42.158755999999975
            ],
            [
              1.3917480000000002,
              42.158891000000004
            ],
            [
              1.3917700000000004,
              42.15896800000001
            ],
            [
              1.3918180000000004,
              42.15905800000001
            ],
            [
              1.3916629999999999,
              42.15912900000001
            ],
            [
              1.3915810000000002,
              42.159077
            ],
            [
              1.391523,
              42.15904100000002
            ],
            [
              1.3915000000000002,
              42.159001999999994
            ],
            [
              1.3914780000000004,
              42.158925000000025
            ],
            [
              1.391460000000001,
              42.158838
            ],
            [
              1.391449,
              42.158751999999986
            ],
            [
              1.3914569999999997,
              42.15869399999999
            ],
            [
              1.3914780000000007,
              42.158618999999995
            ],
            [
              1.3915320000000002,
              42.15851300000001
            ],
            [
              1.3916100000000002,
              42.158577999999984
            ]
          ]
        ]
      }
    },
    {
      "type": "Feature",
      "properties": {
        "records": 31,
        "flora_records": 3,
        "fauna_records": 28,
        "latest_year": 2024.0,
        "knowledge_class": "Més informació publicada",
        "priority_hic_overlap": true,
        "connector_overlap": true,
        "prospecting_interest": false,
        "reason": "Cobertura de registres públics agregada; no descriu riquesa ni absència d’espècies."
      },
      "geometry": {
        "type": "Polygon",
        "coordinates": [
          [
            [
              1.3897684879473393,
              42.17084423664679
            ],
            [
              1.4018709133847382,
              42.17101350307567
            ],
            [
              1.4020975467345027,
              42.1620106074797
            ],
            [
              1.3912509111709261,
              42.161858990143244
            ],
            [
              1.3912730000000009,
              42.161879
            ],
            [
              1.391368,
              42.162082000000005
            ],
            [
              1.3914530000000005,
              42.162270000000014
            ],
            [
              1.391525,
              42.162394000000006
            ],
            [
              1.3917490000000006,
              42.16251599999999
            ],
            [
              1.3918680000000005,
              42.162594999999996
            ],
            [
              1.3919459999999995,
              42.16265400000001
            ],
            [
              1.3919770000000005,
              42.162688999999986
            ],
            [
              1.3919980000000003,
              42.16273300000002
            ],
            [
              1.3919850000000002,
              42.16279600000001
            ],
            [
              1.3919660000000005,
              42.16291399999997
            ],
            [
              1.3914130000000016,
              42.16276899999999
            ],
            [
              1.3908840000000005,
              42.16266800000001
            ],
            [
              1.3906170000000004,
              42.162653
            ],
            [
              1.3904619999999999,
              42.16263999999999
            ],
            [
              1.3904289999999997,
              42.162661000000014
            ],
            [
              1.3903930000000004,
              42.162810000000015
            ],
            [
              1.3903329999999998,
              42.16305700000001
            ],
            [
              1.3902250000000003,
              42.16316199999999
            ],
            [
              1.3899673376847614,
              42.16300461784845
            ],
            [
              1.3897684879473393,
              42.17084423664679
            ]
          ],
          [
            [
              1.3911530000000008,
              42.16422899999999
            ],
            [
              1.3911450000000007,
              42.164194
            ],
            [
              1.391142000000001,
              42.164165999999994
            ],
            [
              1.3911550000000004,
              42.16413600000001
            ],
            [
              1.3912280000000001,
              42.16408799999999
            ],
            [
              1.3916720000000005,
              42.164014
            ],
            [
              1.3918180000000007,
              42.16397600000001
            ],
            [
              1.3918920000000001,
              42.163956000000006
            ],
            [
              1.3919480000000004,
              42.163924000000016
            ],
            [
              1.3919780000000002,
              42.163907
            ],
            [
              1.3920040000000011,
              42.163892999999995
            ],
            [
              1.392036000000001,
              42.16389199999999
            ],
            [
              1.3920820000000003,
              42.16390799999999
            ],
            [
              1.3922960000000002,
              42.16411899999999
            ],
            [
              1.3924570000000005,
              42.16427900000002
            ],
            [
              1.3925380000000005,
              42.16436499999999
            ],
            [
              1.392616,
              42.16440899999999
            ],
            [
              1.3927200000000006,
              42.16445499999999
            ],
            [
              1.3927860000000007,
              42.164480000000005
            ],
            [
              1.3928669999999999,
              42.16450199999999
            ],
            [
              1.3929220000000009,
              42.164526
            ],
            [
              1.3929500000000001,
              42.16453799999999
            ],
            [
              1.3929710000000004,
              42.164562
            ],
            [
              1.3929550000000004,
              42.16458600000001
            ],
            [
              1.3928730000000002,
              42.16462599999999
            ],
            [
              1.3925060000000007,
              42.16476600000001
            ],
            [
              1.3922590000000006,
              42.164845000000014
            ],
            [
              1.3921490000000005,
              42.164874
            ],
            [
              1.3918630000000012,
              42.16489099999998
            ],
            [
              1.3916310000000005,
              42.164895
            ],
            [
              1.3913960000000005,
              42.16487299999999
            ],
            [
              1.3911720000000007,
              42.16485799999998
            ],
            [
              1.3912249999999997,
              42.164654000000006
            ],
            [
              1.3912320000000002,
              42.16459499999998
            ],
            [
              1.3912360000000012,
              42.16455499999997
            ],
            [
              1.3912300000000009,
              42.16447
            ],
            [
              1.3911880000000008,
              42.164386
            ],
            [
              1.3911660000000006,
              42.16431099999999
            ],
            [
              1.3911570000000009,
              42.16426300000002
            ],
            [
              1.3911530000000008,
              42.16422899999999
            ]
          ],
          [
            [
              1.3937650000000006,
              42.164123000000004
            ],
            [
              1.393993000000001,
              42.164361000000014
            ],
            [
              1.3942840000000012,
              42.164636
            ],
            [
              1.394369,
              42.16473500000003
            ],
            [
              1.394411000000001,
              42.16479300000001
            ],
            [
              1.394443,
              42.16483899999999
            ],
            [
              1.3944550000000004,
              42.164882000000006
            ],
            [
              1.394446,
              42.16492300000003
            ],
            [
              1.3943590000000003,
              42.165008
            ],
            [
              1.3942770000000004,
              42.16506900000001
            ],
            [
              1.3942470000000005,
              42.165103999999985
            ],
            [
              1.3941970000000001,
              42.16511799999999
            ],
            [
              1.3941390000000011,
              42.16511799999999
            ],
            [
              1.3940889999999997,
              42.16509200000001
            ],
            [
              1.394052000000001,
              42.16503800000002
            ],
            [
              1.3939620000000006,
              42.16484899999999
            ],
            [
              1.3939380000000006,
              42.16479599999999
            ],
            [
              1.3937630000000008,
              42.16455199999999
            ],
            [
              1.3936350000000006,
              42.164334999999994
            ],
            [
              1.393599,
              42.164224
            ],
            [
              1.3935760000000001,
              42.164165
            ],
            [
              1.3935610000000003,
              42.16412900000001
            ],
            [
              1.3935600000000001,
              42.164106
            ],
            [
              1.3935650000000002,
              42.16407399999999
            ],
            [
              1.3935870000000008,
              42.164071
            ],
            [
              1.3936680000000001,
              42.16407999999999
            ],
            [
              1.3937650000000006,
              42.164123000000004
            ]
          ]
        ]
      }
    },
    {
      "type": "Feature",
      "properties": {
        "records": 32,
        "flora_records": 30,
        "fauna_records": 2,
        "latest_year": null,
        "knowledge_class": "Més informació publicada",
        "priority_hic_overlap": true,
        "connector_overlap": true,
        "prospecting_interest": false,
        "reason": "Cobertura de registres públics agregada; no descriu riquesa ni absència d’espècies."
      },
      "geometry": {
        "type": "Polygon",
        "coordinates": [
          [
            [
              1.401644176421566,
              42.18001638350127
            ],
            [
              1.4018709133847382,
              42.17101350307567
            ],
            [
              1.3897684879473393,
              42.17084423664679
            ],
            [
              1.3896206972185916,
              42.176668834120065
            ],
            [
              1.389830000000001,
              42.176716999999975
            ],
            [
              1.3900470000000003,
              42.17673700000001
            ],
            [
              1.390347,
              42.17676899999998
            ],
            [
              1.3904860000000008,
              42.176804
            ],
            [
              1.3906390000000002,
              42.17681800000001
            ],
            [
              1.3907160000000005,
              42.176772
            ],
            [
              1.3907960000000004,
              42.176733999999996
            ],
            [
              1.3909090000000006,
              42.17665400000001
            ],
            [
              1.3910390000000006,
              42.176553000000006
            ],
            [
              1.3911380000000002,
              42.176508
            ],
            [
              1.3913719999999996,
              42.176494
            ],
            [
              1.3915830000000011,
              42.17648600000001
            ],
            [
              1.3917020000000007,
              42.17644800000002
            ],
            [
              1.391809000000001,
              42.17638900000001
            ],
            [
              1.3919800000000004,
              42.176307
            ],
            [
              1.3922220000000003,
              42.176259
            ],
            [
              1.3924720000000002,
              42.17624299999999
            ],
            [
              1.3926790000000004,
              42.176172
            ],
            [
              1.3928559999999996,
              42.17609900000001
            ],
            [
              1.3930490000000004,
              42.176078000000004
            ],
            [
              1.3932660000000003,
              42.17611
            ],
            [
              1.3934900000000006,
              42.17613399999999
            ],
            [
              1.3936360000000012,
              42.17620200000001
            ],
            [
              1.3937910000000002,
              42.176278
            ],
            [
              1.3939260000000004,
              42.17632099999999
            ],
            [
              1.3941480000000008,
              42.17634900000001
            ],
            [
              1.3943170000000007,
              42.176386
            ],
            [
              1.394529,
              42.176477
            ],
            [
              1.394716,
              42.17656200000001
            ],
            [
              1.3948910000000003,
              42.176680999999995
            ],
            [
              1.3950410000000002,
              42.176806999999975
            ],
            [
              1.3951639999999998,
              42.176955000000014
            ],
            [
              1.3952310000000012,
              42.177085999999996
            ],
            [
              1.3952430000000005,
              42.177198
            ],
            [
              1.3952620000000007,
              42.17734600000001
            ],
            [
              1.3952530000000003,
              42.17743600000001
            ],
            [
              1.3952200000000008,
              42.177527000000005
            ],
            [
              1.3951780000000007,
              42.177630999999984
            ],
            [
              1.3951370000000005,
              42.17774600000002
            ],
            [
              1.3951110000000007,
              42.17781399999999
            ],
            [
              1.3951150000000003,
              42.177888000000024
            ],
            [
              1.3951376024397772,
              42.17798430605017
            ],
            [
              1.3951380000000002,
              42.177985999999976
            ],
            [
              1.3951680000000004,
              42.178074
            ],
            [
              1.3952200000000008,
              42.17813999999999
            ],
            [
              1.3952160000000005,
              42.178188999999996
            ],
            [
              1.3952360000000004,
              42.178267000000005
            ],
            [
              1.3952350000000004,
              42.178349000000004
            ],
            [
              1.3952270000000004,
              42.178427
            ],
            [
              1.395205,
              42.17852000000001
            ],
            [
              1.3951780000000007,
              42.17862100000001
            ],
            [
              1.3951170000000006,
              42.178785
            ],
            [
              1.3950470000000004,
              42.178960000000004
            ],
            [
              1.3950300000000007,
              42.179081
            ],
            [
              1.3950300000000002,
              42.17921
            ],
            [
              1.3950960000000003,
              42.179288
            ],
            [
              1.3953280000000001,
              42.179148000000005
            ],
            [
              1.395689,
              42.17886100000002
            ],
            [
              1.3958579999999998,
              42.17876100000001
            ],
            [
              1.3959270000000001,
              42.178736000000015
            ],
            [
              1.3962550000000018,
              42.17863699999998
            ],
            [
              1.3964436211786693,
              42.17859065324476
            ],
            [
              1.3966050000000008,
              42.178551000000006
            ],
            [
              1.3968980000000002,
              42.178478
            ],
            [
              1.397107,
              42.178409999999985
            ],
            [
              1.3972690000000005,
              42.17831800000001
            ],
            [
              1.3974430000000007,
              42.17820399999999
            ],
            [
              1.3975190000000004,
              42.178158999999994
            ],
            [
              1.397543,
              42.178146000000005
            ],
            [
              1.3975510000000004,
              42.178141
            ],
            [
              1.3976140000000004,
              42.178194000000005
            ],
            [
              1.3975780000000009,
              42.17821500000001
            ],
            [
              1.3975490000000002,
              42.178231999999994
            ],
            [
              1.3975290000000011,
              42.178313
            ],
            [
              1.3974950000000004,
              42.178409999999985
            ],
            [
              1.3974870000000001,
              42.178513000000024
            ],
            [
              1.3974800000000012,
              42.178596
            ],
            [
              1.3975220000000002,
              42.17875600000001
            ],
            [
              1.397621000000001,
              42.17898900000001
            ],
            [
              1.3977860000000002,
              42.17920099999997
            ],
            [
              1.3979420000000005,
              42.179325000000006
            ],
            [
              1.3979930000000005,
              42.179368999999994
            ],
            [
              1.3980979999999998,
              42.179477
            ],
            [
              1.3981230000000002,
              42.17959599999999
            ],
            [
              1.398226,
              42.179691000000005
            ],
            [
              1.3984480000000008,
              42.179778000000006
            ],
            [
              1.3985570000000007,
              42.17978200000002
            ],
            [
              1.3986350000000012,
              42.179798000000005
            ],
            [
              1.3988890000000007,
              42.179939999999995
            ],
            [
              1.3988900000000004,
              42.17996200000002
            ],
            [
              1.3988914372036272,
              42.179977988905726
            ],
            [
              1.401644176421566,
              42.18001638350127
            ]
          ]
        ]
      }
    },
    {
      "type": "Feature",
      "properties": {
        "records": 52,
        "flora_records": 2,
        "fauna_records": 50,
        "latest_year": 2025.0,
        "knowledge_class": "Més informació publicada",
        "priority_hic_overlap": true,
        "connector_overlap": true,
        "prospecting_interest": false,
        "reason": "Cobertura de registres públics agregada; no descriu riquesa ni absència d’espècies."
      },
      "geometry": {
        "type": "MultiPolygon",
        "coordinates": [
          [
            [
              [
                1.401644176421566,
                42.18001638350127
              ],
              [
                1.3988914372036272,
                42.179977988905726
              ],
              [
                1.3988980000000009,
                42.180050999999985
              ],
              [
                1.3988964852319794,
                42.180063197899514
              ],
              [
                1.398879000000001,
                42.180203999999996
              ],
              [
                1.3988180000000008,
                42.180358999999996
              ],
              [
                1.398711000000001,
                42.180577
              ],
              [
                1.398581,
                42.180806
              ],
              [
                1.398465,
                42.180965999999984
              ],
              [
                1.3984590000000001,
                42.181031000000004
              ],
              [
                1.3983500000000006,
                42.18126799999999
              ],
              [
                1.3982240000000001,
                42.181468000000024
              ],
              [
                1.398103,
                42.18164500000001
              ],
              [
                1.3980020000000009,
                42.18184899999999
              ],
              [
                1.3982529999999997,
                42.181918000000024
              ],
              [
                1.398495000000001,
                42.182016000000004
              ],
              [
                1.3985800000000004,
                42.18207500000001
              ],
              [
                1.3986490000000003,
                42.18215
              ],
              [
                1.3986870000000011,
                42.182220999999984
              ],
              [
                1.3987369999999997,
                42.18233500000001
              ],
              [
                1.3987660000000008,
                42.18241399999999
              ],
              [
                1.3988500000000006,
                42.18246400000001
              ],
              [
                1.3990410000000004,
                42.18254000000001
              ],
              [
                1.3992810000000009,
                42.182617999999984
              ],
              [
                1.3994900000000001,
                42.18266400000002
              ],
              [
                1.3996190000000004,
                42.182715000000016
              ],
              [
                1.3997770000000003,
                42.182807000000004
              ],
              [
                1.3998610000000005,
                42.18290100000001
              ],
              [
                1.40002,
                42.183036
              ],
              [
                1.4001890000000003,
                42.18311200000001
              ],
              [
                1.4004320000000001,
                42.18318399999999
              ],
              [
                1.4006100000000004,
                42.18327299999999
              ],
              [
                1.4008450000000006,
                42.183414000000006
              ],
              [
                1.4010920000000004,
                42.183535000000006
              ],
              [
                1.4014379999999997,
                42.18369400000003
              ],
              [
                1.4015504389672768,
                42.1837371422768
              ],
              [
                1.401644176421566,
                42.18001638350127
              ]
            ]
          ],
          [
            [
              [
                1.38931147907374,
                42.18884987609981
              ],
              [
                1.4014173357898265,
                42.18901924875552
              ],
              [
                1.4015056483755792,
                42.18551478431601
              ],
              [
                1.401138,
                42.185378000000014
              ],
              [
                1.4005389999999995,
                42.18513999999999
              ],
              [
                1.3998680000000008,
                42.184856
              ],
              [
                1.3994519999999997,
                42.18467100000002
              ],
              [
                1.39897,
                42.184419000000005
              ],
              [
                1.398354,
                42.18414400000001
              ],
              [
                1.3977950000000003,
                42.18394399999998
              ],
              [
                1.3971550000000008,
                42.18365099999999
              ],
              [
                1.396646000000001,
                42.183424000000024
              ],
              [
                1.3959270000000004,
                42.18307200000001
              ],
              [
                1.3956910000000005,
                42.18296500000002
              ],
              [
                1.3953510000000005,
                42.182922999999995
              ],
              [
                1.394878,
                42.182842000000015
              ],
              [
                1.3943769999999998,
                42.18272700000001
              ],
              [
                1.393931000000001,
                42.18256099999999
              ],
              [
                1.393405,
                42.182427999999994
              ],
              [
                1.3929810000000002,
                42.182305
              ],
              [
                1.392695000000001,
                42.18222299999999
              ],
              [
                1.3923860000000006,
                42.182104999999986
              ],
              [
                1.3921100000000008,
                42.181967
              ],
              [
                1.3917740000000014,
                42.181734
              ],
              [
                1.3914560000000007,
                42.18155
              ],
              [
                1.391224639967279,
                42.18147026874259
              ],
              [
                1.3909540000000005,
                42.181377
              ],
              [
                1.3903250000000005,
                42.18118900000001
              ],
              [
                1.3898949999999999,
                42.181054999999986
              ],
              [
                1.3895129583914203,
                42.180913852182655
              ],
              [
                1.3894992556210435,
                42.18145368928516
              ],
              [
                1.389591,
                42.181553
              ],
              [
                1.389693,
                42.181736
              ],
              [
                1.3897420000000007,
                42.18192399999999
              ],
              [
                1.3897290000000002,
                42.18212200000001
              ],
              [
                1.3897080000000002,
                42.18223100000001
              ],
              [
                1.3896610000000007,
                42.182349
              ],
              [
                1.3895470000000005,
                42.182182999999995
              ],
              [
                1.3894822363674864,
                42.18212416254942
              ],
              [
                1.3894120840631259,
                42.18488756982138
              ],
              [
                1.389675,
                42.18481499999999
              ],
              [
                1.3900620000000004,
                42.18465800000003
              ],
              [
                1.3902380000000003,
                42.184784000000015
              ],
              [
                1.3905530000000002,
                42.18492700000001
              ],
              [
                1.390947,
                42.185129999999994
              ],
              [
                1.391297,
                42.185354
              ],
              [
                1.3916490000000008,
                42.185503999999995
              ],
              [
                1.391495,
                42.185811999999984
              ],
              [
                1.3913590000000002,
                42.18608100000002
              ],
              [
                1.3911579999999995,
                42.18643800000001
              ],
              [
                1.3909990000000008,
                42.186793
              ],
              [
                1.3909170000000006,
                42.187005000000006
              ],
              [
                1.390918000000001,
                42.18702299999999
              ],
              [
                1.390884,
                42.187222999999996
              ],
              [
                1.3908420000000001,
                42.18738600000002
              ],
              [
                1.3906840000000003,
                42.18747899999999
              ],
              [
                1.390504,
                42.187564
              ],
              [
                1.3903550000000002,
                42.18760600000002
              ],
              [
                1.3901830000000002,
                42.18765299999999
              ],
              [
                1.3899390000000005,
                42.187712000000005
              ],
              [
                1.3898520000000005,
                42.18764800000002
              ],
              [
                1.389738,
                42.18756400000001
              ],
              [
                1.3893640000000003,
                42.18731500000002
              ],
              [
                1.3893506836531344,
                42.18730590716066
              ],
              [
                1.38931147907374,
                42.18884987609981
              ]
            ]
          ]
        ]
      }
    },
    {
      "type": "Feature",
      "properties": {
        "records": 2,
        "flora_records": 0,
        "fauna_records": 2,
        "latest_year": 2024.0,
        "knowledge_class": "Poca informació",
        "priority_hic_overlap": true,
        "connector_overlap": false,
        "prospecting_interest": true,
        "reason": "Coneixement públic escàs coincident amb HIC prioritari"
      },
      "geometry": {
        "type": "Polygon",
        "coordinates": [
          [
            [
              1.38931147907374,
              42.18884987609981
            ],
            [
              1.3890828179032553,
              42.19785267304593
            ],
            [
              1.4011903914343176,
              42.19802209883742
            ],
            [
              1.4014173357898265,
              42.18901924875552
            ],
            [
              1.38931147907374,
              42.18884987609981
            ]
          ]
        ]
      }
    },
    {
      "type": "Feature",
      "properties": {
        "records": 128,
        "flora_records": 2,
        "fauna_records": 126,
        "latest_year": null,
        "knowledge_class": "Més informació publicada",
        "priority_hic_overlap": true,
        "connector_overlap": false,
        "prospecting_interest": false,
        "reason": "Cobertura de registres públics agregada; no descriu riquesa ni absència d’espècies."
      },
      "geometry": {
        "type": "Polygon",
        "coordinates": [
          [
            [
              1.4011903914343176,
              42.19802209883742
            ],
            [
              1.3890828179032553,
              42.19785267304593
            ],
            [
              1.3890141223949155,
              42.20055653062526
            ],
            [
              1.389180000000001,
              42.200597999999985
            ],
            [
              1.3894980000000003,
              42.200666000000005
            ],
            [
              1.3898280000000007,
              42.200729
            ],
            [
              1.389533,
              42.20114699999999
            ],
            [
              1.3890720000000008,
              42.201882
            ],
            [
              1.3889764527089534,
              42.202039052585704
            ],
            [
              1.388854052169448,
              42.206855454803765
            ],
            [
              1.3997804555735445,
              42.2070084346874
            ],
            [
              1.4000570000000003,
              42.206553000000014
            ],
            [
              1.400295,
              42.20610000000002
            ],
            [
              1.4003660000000004,
              42.20582900000001
            ],
            [
              1.4003810000000008,
              42.205602
            ],
            [
              1.4003510000000001,
              42.20544700000001
            ],
            [
              1.400334,
              42.205321000000005
            ],
            [
              1.4003060000000003,
              42.20523699999999
            ],
            [
              1.4003260000000002,
              42.205122999999986
            ],
            [
              1.4004010000000002,
              42.20499300000002
            ],
            [
              1.4005400000000001,
              42.20482500000001
            ],
            [
              1.4007290000000003,
              42.204657
            ],
            [
              1.400905000000001,
              42.204523999999985
            ],
            [
              1.4010284256997978,
              42.20444473105643
            ],
            [
              1.4011903914343176,
              42.19802209883742
            ]
          ]
        ]
      }
    },
    {
      "type": "Feature",
      "properties": {
        "records": 26,
        "flora_records": 0,
        "fauna_records": 26,
        "latest_year": 2022.0,
        "knowledge_class": "Més informació publicada",
        "priority_hic_overlap": true,
        "connector_overlap": true,
        "prospecting_interest": false,
        "reason": "Cobertura de registres públics agregada; no descriu riquesa ni absència d’espècies."
      },
      "geometry": {
        "type": "MultiPolygon",
        "coordinates": [
          [
            [
              [
                1.4007361913309775,
                42.21602775348015
              ],
              [
                1.400867750286492,
                42.21081411965897
              ],
              [
                1.4008580000000002,
                42.210812999999995
              ],
              [
                1.4006080000000005,
                42.210820999999996
              ],
              [
                1.400392,
                42.21086000000002
              ],
              [
                1.4002540000000006,
                42.210893000000006
              ],
              [
                1.4001070000000002,
                42.21093800000001
              ],
              [
                1.3999080000000004,
                42.21099500000001
              ],
              [
                1.3996900000000012,
                42.21107900000001
              ],
              [
                1.3994810000000002,
                42.211147000000004
              ],
              [
                1.3992880000000008,
                42.21121599999998
              ],
              [
                1.399064000000001,
                42.21130599999997
              ],
              [
                1.3988360000000009,
                42.21138499999999
              ],
              [
                1.3985150000000006,
                42.211535999999995
              ],
              [
                1.3985120000000004,
                42.211541000000004
              ],
              [
                1.3982790000000003,
                42.21166600000001
              ],
              [
                1.3981360000000005,
                42.211734
              ],
              [
                1.3978900000000007,
                42.21186799999999
              ],
              [
                1.397655000000001,
                42.21194900000001
              ],
              [
                1.397549000000001,
                42.211974000000005
              ],
              [
                1.3974240000000007,
                42.211987999999984
              ],
              [
                1.3972840000000004,
                42.21198500000001
              ],
              [
                1.397143,
                42.211970999999984
              ],
              [
                1.3970630000000002,
                42.21197299999999
              ],
              [
                1.3969769999999997,
                42.21199099999999
              ],
              [
                1.396854000000001,
                42.212044
              ],
              [
                1.3964970000000003,
                42.21206699999998
              ],
              [
                1.3961539999999995,
                42.212092
              ],
              [
                1.3959280000000005,
                42.212134
              ],
              [
                1.3957010000000007,
                42.212193000000006
              ],
              [
                1.3954290000000003,
                42.212189999999985
              ],
              [
                1.3950840000000002,
                42.212221999999976
              ],
              [
                1.3947640000000003,
                42.212296
              ],
              [
                1.3944450000000004,
                42.21234400000001
              ],
              [
                1.3941450000000004,
                42.21233099999999
              ],
              [
                1.393839000000001,
                42.21228599999999
              ],
              [
                1.3935989999999998,
                42.21224
              ],
              [
                1.3933760000000008,
                42.21216299999998
              ],
              [
                1.3932610000000005,
                42.212162000000006
              ],
              [
                1.3931520000000004,
                42.21218000000001
              ],
              [
                1.392967,
                42.212216
              ],
              [
                1.3923420000000013,
                42.21239599999998
              ],
              [
                1.3918400000000002,
                42.21254600000001
              ],
              [
                1.3915650000000002,
                42.21262500000002
              ],
              [
                1.39142,
                42.212714000000005
              ],
              [
                1.391302,
                42.212810000000005
              ],
              [
                1.3912090000000001,
                42.212889
              ],
              [
                1.391071,
                42.213033999999986
              ],
              [
                1.3909229999999997,
                42.21312000000002
              ],
              [
                1.3908660000000006,
                42.213140999999986
              ],
              [
                1.390773,
                42.21315
              ],
              [
                1.3907090000000006,
                42.21314799999998
              ],
              [
                1.3906229999999997,
                42.21313399999999
              ],
              [
                1.3905330000000005,
                42.21310200000002
              ],
              [
                1.3904300000000007,
                42.213066
              ],
              [
                1.3903570000000005,
                42.213039999999985
              ],
              [
                1.3903170000000002,
                42.213036
              ],
              [
                1.3902830000000008,
                42.213041
              ],
              [
                1.3902400000000001,
                42.21306299999999
              ],
              [
                1.3901690000000007,
                42.213101
              ],
              [
                1.3900810000000003,
                42.213144
              ],
              [
                1.3895990000000007,
                42.21331399999998
              ],
              [
                1.3891370000000005,
                42.213440000000006
              ],
              [
                1.3890990000000007,
                42.213550999999995
              ],
              [
                1.3890790000000002,
                42.21364000000001
              ],
              [
                1.3890930000000004,
                42.213726
              ],
              [
                1.3891360000000006,
                42.21382700000001
              ],
              [
                1.3892450000000005,
                42.214006
              ],
              [
                1.3894180000000012,
                42.214207000000016
              ],
              [
                1.3895940000000002,
                42.214406
              ],
              [
                1.3897750000000009,
                42.214594
              ],
              [
                1.389837000000001,
                42.214662
              ],
              [
                1.389882,
                42.21470100000001
              ],
              [
                1.3899430000000006,
                42.214736000000016
              ],
              [
                1.3900240000000006,
                42.21477500000001
              ],
              [
                1.3900950000000005,
                42.21480600000002
              ],
              [
                1.390167,
                42.214823
              ],
              [
                1.3902780000000006,
                42.214845999999994
              ],
              [
                1.390442,
                42.214840000000024
              ],
              [
                1.3906300000000007,
                42.214833999999996
              ],
              [
                1.3907820000000004,
                42.21480099999999
              ],
              [
                1.390935000000001,
                42.21474200000001
              ],
              [
                1.3910530000000005,
                42.214697000000015
              ],
              [
                1.391111000000001,
                42.21466699999999
              ],
              [
                1.3911889999999998,
                42.214649
              ],
              [
                1.3912580000000005,
                42.21463900000001
              ],
              [
                1.391485,
                42.214638000000015
              ],
              [
                1.3919280000000003,
                42.214732999999995
              ],
              [
                1.3925710000000002,
                42.21486099999999
              ],
              [
                1.3930150000000006,
                42.21495500000002
              ],
              [
                1.3932330000000008,
                42.21503800000002
              ],
              [
                1.393312000000001,
                42.21508499999999
              ],
              [
                1.3934220000000002,
                42.215173000000014
              ],
              [
                1.393546,
                42.215275
              ],
              [
                1.3936610000000007,
                42.21535900000001
              ],
              [
                1.393764,
                42.215419999999995
              ],
              [
                1.3940950000000008,
                42.215572
              ],
              [
                1.3943540000000003,
                42.21569699999999
              ],
              [
                1.3945240000000005,
                42.215801000000006
              ],
              [
                1.3946650000000007,
                42.21588899999999
              ],
              [
                1.3947717898315866,
                42.21594442261749
              ],
              [
                1.4007361913309775,
                42.21602775348015
              ]
            ]
          ],
          [
            [
              [
                1.3886251818166144,
                42.215858221372336
              ],
              [
                1.3927015364480182,
                42.21591542578565
              ],
              [
                1.3925650000000005,
                42.215835000000006
              ],
              [
                1.3922470000000007,
                42.21560200000001
              ],
              [
                1.3916170000000003,
                42.21560000000002
              ],
              [
                1.3909830000000005,
                42.21560000000002
              ],
              [
                1.3904540000000007,
                42.215616
              ],
              [
                1.3900200000000005,
                42.21562400000002
              ],
              [
                1.3893860000000005,
                42.215656
              ],
              [
                1.3889570000000004,
                42.215707000000016
              ],
              [
                1.3889020000000003,
                42.21567799999999
              ],
              [
                1.3886289490097685,
                42.21571006977849
              ],
              [
                1.3886251818166144,
                42.215858221372336
              ]
            ]
          ],
          [
            [
              [
                1.3886399415770545,
                42.2152777610563
              ],
              [
                1.3886430000000003,
                42.215265
              ],
              [
                1.3886404010183495,
                42.21525969223268
              ],
              [
                1.3886399415770545,
                42.2152777610563
              ]
            ]
          ],
          [
            [
              [
                1.388854052169448,
                42.206855454803765
              ],
              [
                1.3887753943311938,
                42.20994997883287
              ],
              [
                1.3887940000000014,
                42.209960999999986
              ],
              [
                1.3889370000000008,
                42.21006800000001
              ],
              [
                1.3890840000000004,
                42.210193000000004
              ],
              [
                1.389256000000001,
                42.21036400000001
              ],
              [
                1.3895050000000007,
                42.210601000000004
              ],
              [
                1.3896869999999997,
                42.210816
              ],
              [
                1.3899280000000003,
                42.21107500000001
              ],
              [
                1.3900780000000001,
                42.21126900000002
              ],
              [
                1.3902690000000004,
                42.21156099999999
              ],
              [
                1.3903470000000013,
                42.21172499999999
              ],
              [
                1.3903990000000008,
                42.21188000000002
              ],
              [
                1.390425,
                42.212011
              ],
              [
                1.3906470000000006,
                42.211824
              ],
              [
                1.390963,
                42.21158100000001
              ],
              [
                1.3910889999999998,
                42.211481
              ],
              [
                1.3911880000000008,
                42.21143099999999
              ],
              [
                1.3914170000000008,
                42.21135000000001
              ],
              [
                1.3917090000000005,
                42.211259000000005
              ],
              [
                1.3920620000000001,
                42.21119600000001
              ],
              [
                1.3921490000000007,
                42.211165999999984
              ],
              [
                1.3922160000000001,
                42.211164999999994
              ],
              [
                1.3922800000000002,
                42.211158999999995
              ],
              [
                1.3923460000000007,
                42.211155
              ],
              [
                1.3923860000000001,
                42.21115000000001
              ],
              [
                1.3924680000000005,
                42.21111399999999
              ],
              [
                1.3926670000000003,
                42.21096600000002
              ],
              [
                1.3929300000000011,
                42.21077399999999
              ],
              [
                1.393172000000001,
                42.210634999999996
              ],
              [
                1.3933670000000011,
                42.21057499999999
              ],
              [
                1.3936730000000006,
                42.210379
              ],
              [
                1.3938570000000001,
                42.21026499999999
              ],
              [
                1.3941740000000007,
                42.210117999999994
              ],
              [
                1.3943510000000006,
                42.210043
              ],
              [
                1.3945080000000005,
                42.20999200000001
              ],
              [
                1.3945940000000003,
                42.209969000000015
              ],
              [
                1.394706,
                42.209922000000006
              ],
              [
                1.39498,
                42.20983900000002
              ],
              [
                1.3951940000000012,
                42.20980800000001
              ],
              [
                1.3953819999999997,
                42.20980800000001
              ],
              [
                1.3955060000000001,
                42.209828999999985
              ],
              [
                1.395612000000001,
                42.209844000000004
              ],
              [
                1.3957170000000005,
                42.20985300000002
              ],
              [
                1.3957660000000003,
                42.20985
              ],
              [
                1.3957970000000004,
                42.209849
              ],
              [
                1.3959280000000007,
                42.209824000000005
              ],
              [
                1.3960810000000006,
                42.209751
              ],
              [
                1.3963520000000005,
                42.209641
              ],
              [
                1.3964950000000003,
                42.209572
              ],
              [
                1.3966040000000004,
                42.209517000000005
              ],
              [
                1.3966890000000007,
                42.209499000000015
              ],
              [
                1.3968520000000004,
                42.2095
              ],
              [
                1.39724,
                42.209512999999994
              ],
              [
                1.397336,
                42.209529
              ],
              [
                1.3973880000000005,
                42.209531999999996
              ],
              [
                1.397446000000001,
                42.209517000000005
              ],
              [
                1.3974840000000004,
                42.20949
              ],
              [
                1.3974940000000005,
                42.20943200000002
              ],
              [
                1.397485000000001,
                42.20934599999999
              ],
              [
                1.397472,
                42.20925999999998
              ],
              [
                1.397358,
                42.20913199999998
              ],
              [
                1.3972700000000002,
                42.20896399999997
              ],
              [
                1.3971890000000002,
                42.20880000000002
              ],
              [
                1.397113,
                42.208578000000024
              ],
              [
                1.3970360000000002,
                42.20839700000002
              ],
              [
                1.3970040000000001,
                42.208267000000006
              ],
              [
                1.3970030000000002,
                42.208186
              ],
              [
                1.3970220000000009,
                42.208107000000005
              ],
              [
                1.3970560000000005,
                42.20803700000002
              ],
              [
                1.3971240000000003,
                42.20795100000001
              ],
              [
                1.397186000000001,
                42.207899000000005
              ],
              [
                1.3973170000000001,
                42.207857999999995
              ],
              [
                1.397418,
                42.20783100000002
              ],
              [
                1.3975190000000002,
                42.207824
              ],
              [
                1.397661000000001,
                42.207840999999995
              ],
              [
                1.3978300000000004,
                42.207877
              ],
              [
                1.398032,
                42.207942
              ],
              [
                1.398222000000001,
                42.20801100000001
              ],
              [
                1.3983870000000005,
                42.20806300000002
              ],
              [
                1.3985330000000002,
                42.208122000000024
              ],
              [
                1.3987650000000007,
                42.20819899999999
              ],
              [
                1.3989490000000007,
                42.20826799999999
              ],
              [
                1.3990800000000008,
                42.20827499999999
              ],
              [
                1.3991860000000003,
                42.208289999999984
              ],
              [
                1.3992790000000002,
                42.20829400000001
              ],
              [
                1.399345,
                42.20828300000002
              ],
              [
                1.3993679999999997,
                42.20821700000002
              ],
              [
                1.399349000000001,
                42.20812299999999
              ],
              [
                1.399314,
                42.20802599999999
              ],
              [
                1.3992870000000008,
                42.20791800000001
              ],
              [
                1.3992820000000006,
                42.207844
              ],
              [
                1.3992800000000005,
                42.20777499999999
              ],
              [
                1.3992880000000008,
                42.20772000000001
              ],
              [
                1.3993259999999998,
                42.207665999999996
              ],
              [
                1.3994949999999997,
                42.207467
              ],
              [
                1.3997370000000005,
                42.207080000000005
              ],
              [
                1.3997804555735445,
                42.2070084346874
              ],
              [
                1.388854052169448,
                42.206855454803765
              ]
            ]
          ]
        ]
      }
    },
    {
      "type": "Feature",
      "properties": {
        "records": 0,
        "flora_records": 0,
        "fauna_records": 0,
        "latest_year": null,
        "knowledge_class": "Pràcticament sense dades",
        "priority_hic_overlap": true,
        "connector_overlap": true,
        "prospecting_interest": true,
        "reason": "Coneixement públic escàs coincident amb HIC prioritari i connector cartogràfic"
      },
      "geometry": {
        "type": "MultiPolygon",
        "coordinates": [
          [
            [
              [
                1.4007361913309775,
                42.21602775348015
              ],
              [
                1.3947717898315866,
                42.21594442261749
              ],
              [
                1.394823,
                42.21597100000002
              ],
              [
                1.39501,
                42.21603100000002
              ],
              [
                1.3951740000000008,
                42.21607699999999
              ],
              [
                1.395342,
                42.216097999999995
              ],
              [
                1.3955840000000006,
                42.216107999999984
              ],
              [
                1.395928,
                42.216153999999996
              ],
              [
                1.3962070000000009,
                42.21618599999999
              ],
              [
                1.3964450000000004,
                42.21622300000001
              ],
              [
                1.3967150000000004,
                42.21629400000002
              ],
              [
                1.3968220000000002,
                42.216341
              ],
              [
                1.3968550000000008,
                42.216365999999994
              ],
              [
                1.396874000000001,
                42.216388
              ],
              [
                1.396879,
                42.21642000000001
              ],
              [
                1.3968760000000005,
                42.216436999999985
              ],
              [
                1.3969960000000008,
                42.216439
              ],
              [
                1.3971420000000003,
                42.216434
              ],
              [
                1.3972600000000006,
                42.216424000000025
              ],
              [
                1.3974810000000004,
                42.21634100000001
              ],
              [
                1.3976740000000007,
                42.21629300000001
              ],
              [
                1.3978140000000008,
                42.21625
              ],
              [
                1.397946,
                42.21622200000001
              ],
              [
                1.398106000000001,
                42.2162
              ],
              [
                1.398259000000001,
                42.216181999999996
              ],
              [
                1.3984090000000005,
                42.21618899999999
              ],
              [
                1.3986590000000008,
                42.21614599999999
              ],
              [
                1.3988490000000005,
                42.21613300000002
              ],
              [
                1.3990980000000004,
                42.21613000000001
              ],
              [
                1.3994970000000007,
                42.216142999999995
              ],
              [
                1.3999150000000005,
                42.216185000000024
              ],
              [
                1.400354000000001,
                42.216216999999986
              ],
              [
                1.4006820000000006,
                42.21624399999999
              ],
              [
                1.4007308342029376,
                42.216240025168744
              ],
              [
                1.4007361913309775,
                42.21602775348015
              ]
            ]
          ],
          [
            [
              [
                1.4006239600155217,
                42.22047434492251
              ],
              [
                1.4005950000000007,
                42.220655
              ],
              [
                1.4005680000000007,
                42.22077299999999
              ],
              [
                1.4005169999999998,
                42.22087300000002
              ],
              [
                1.4004160000000008,
                42.22104299999999
              ],
              [
                1.4003790000000012,
                42.22110700000002
              ],
              [
                1.4003510000000003,
                42.221117
              ],
              [
                1.400259,
                42.221101999999995
              ],
              [
                1.3997430000000004,
                42.220978999999986
              ],
              [
                1.3991239999999998,
                42.220812
              ],
              [
                1.3987630000000006,
                42.22071300000001
              ],
              [
                1.3982880000000009,
                42.220603000000004
              ],
              [
                1.3981390000000007,
                42.22058799999999
              ],
              [
                1.3980089999999998,
                42.22057700000003
              ],
              [
                1.397855,
                42.220602
              ],
              [
                1.3976410000000008,
                42.220653000000006
              ],
              [
                1.3975420000000007,
                42.220696999999994
              ],
              [
                1.3974510000000004,
                42.220739000000016
              ],
              [
                1.3973530000000005,
                42.220780999999995
              ],
              [
                1.397162,
                42.220897
              ],
              [
                1.3971110000000004,
                42.220929
              ],
              [
                1.397034000000001,
                42.220959999999984
              ],
              [
                1.3969060000000004,
                42.22100800000001
              ],
              [
                1.3965740000000006,
                42.221101
              ],
              [
                1.3964060000000007,
                42.221143000000005
              ],
              [
                1.3962590000000004,
                42.221187
              ],
              [
                1.3960950000000008,
                42.221246
              ],
              [
                1.396025,
                42.221272999999975
              ],
              [
                1.3959280000000012,
                42.22131
              ],
              [
                1.3958659999999994,
                42.22130700000001
              ],
              [
                1.3957630000000008,
                42.22131900000001
              ],
              [
                1.395634,
                42.22135299999999
              ],
              [
                1.3954140000000008,
                42.221427000000006
              ],
              [
                1.3953199999999997,
                42.22142999999999
              ],
              [
                1.3952410000000004,
                42.22143300000002
              ],
              [
                1.3951290000000003,
                42.221428
              ],
              [
                1.3950530000000008,
                42.221442000000025
              ],
              [
                1.3949890000000003,
                42.221455
              ],
              [
                1.394943000000001,
                42.22146899999999
              ],
              [
                1.3948980000000004,
                42.221491
              ],
              [
                1.3948460000000003,
                42.22151399999999
              ],
              [
                1.394781000000001,
                42.22154700000001
              ],
              [
                1.394686,
                42.22157700000002
              ],
              [
                1.3945960000000006,
                42.22159699999999
              ],
              [
                1.3945460000000005,
                42.221595
              ],
              [
                1.394472,
                42.221588000000004
              ],
              [
                1.3943700000000008,
                42.22157500000002
              ],
              [
                1.3941870000000005,
                42.22155500000001
              ],
              [
                1.3940320000000008,
                42.221477
              ],
              [
                1.394063,
                42.221300999999976
              ],
              [
                1.3941260000000002,
                42.22115800000001
              ],
              [
                1.394194000000001,
                42.22109200000001
              ],
              [
                1.3942280000000002,
                42.221005999999996
              ],
              [
                1.394255,
                42.220876999999994
              ],
              [
                1.3942360000000005,
                42.22079500000002
              ],
              [
                1.3941660000000007,
                42.220689000000014
              ],
              [
                1.3940830000000004,
                42.220569999999995
              ],
              [
                1.3940230000000002,
                42.220438999999985
              ],
              [
                1.3939809999999997,
                42.220315000000014
              ],
              [
                1.3939760000000005,
                42.22012200000002
              ],
              [
                1.393961000000001,
                42.220009999999995
              ],
              [
                1.3938900000000007,
                42.21990800000002
              ],
              [
                1.3937950000000012,
                42.219747
              ],
              [
                1.3937470000000007,
                42.21970300000001
              ],
              [
                1.3936860000000004,
                42.21967899999998
              ],
              [
                1.3936170000000005,
                42.219663
              ],
              [
                1.393486000000001,
                42.21965900000001
              ],
              [
                1.3933100000000005,
                42.21962700000002
              ],
              [
                1.3932360000000001,
                42.219606000000006
              ],
              [
                1.3931580000000001,
                42.219561
              ],
              [
                1.3930830000000007,
                42.219483999999994
              ],
              [
                1.39303,
                42.21936199999998
              ],
              [
                1.3930150000000006,
                42.219270000000016
              ],
              [
                1.3930280000000006,
                42.219200000000015
              ],
              [
                1.393051000000001,
                42.21911299999998
              ],
              [
                1.3931120000000001,
                42.21898400000001
              ],
              [
                1.3931370000000003,
                42.21889900000001
              ],
              [
                1.3931360000000013,
                42.218782
              ],
              [
                1.3931210000000003,
                42.218529999999994
              ],
              [
                1.3930730000000011,
                42.21833800000001
              ],
              [
                1.3930100000000005,
                42.218217
              ],
              [
                1.3929719999999994,
                42.21813900000001
              ],
              [
                1.3929580000000001,
                42.21807799999999
              ],
              [
                1.393032000000001,
                42.21799299999999
              ],
              [
                1.3930390000000001,
                42.217973999999984
              ],
              [
                1.3930500000000003,
                42.21794700000001
              ],
              [
                1.3930909999999996,
                42.21783100000002
              ],
              [
                1.3931340000000008,
                42.217732000000005
              ],
              [
                1.3931490000000004,
                42.21768100000002
              ],
              [
                1.3932180000000005,
                42.217618
              ],
              [
                1.3932690000000008,
                42.217605
              ],
              [
                1.3933750000000007,
                42.21758099999999
              ],
              [
                1.3935340000000003,
                42.21755300000001
              ],
              [
                1.3936360000000008,
                42.21753599999998
              ],
              [
                1.3936890000000006,
                42.21752800000001
              ],
              [
                1.3936990000000007,
                42.217503999999984
              ],
              [
                1.3937200000000007,
                42.21745000000001
              ],
              [
                1.393753000000001,
                42.217402
              ],
              [
                1.393780000000001,
                42.217397999999996
              ],
              [
                1.3938190000000006,
                42.21738999999999
              ],
              [
                1.3938819999999998,
                42.21739200000001
              ],
              [
                1.3939360000000007,
                42.21739900000001
              ],
              [
                1.393988000000001,
                42.21740000000002
              ],
              [
                1.394023000000001,
                42.21739399999998
              ],
              [
                1.3940450000000006,
                42.217378
              ],
              [
                1.3940880000000009,
                42.217354000000014
              ],
              [
                1.3941220000000003,
                42.21733900000001
              ],
              [
                1.394176,
                42.217317999999985
              ],
              [
                1.3942450000000002,
                42.217299
              ],
              [
                1.3943510000000003,
                42.21727200000002
              ],
              [
                1.3941879999999995,
                42.21710999999998
              ],
              [
                1.3940850000000007,
                42.21699500000002
              ],
              [
                1.393982,
                42.21682100000001
              ],
              [
                1.3939259999999998,
                42.21669100000001
              ],
              [
                1.3938920000000001,
                42.216637
              ],
              [
                1.3938350000000008,
                42.216604
              ],
              [
                1.393764000000001,
                42.216564000000005
              ],
              [
                1.393677000000001,
                42.216506999999986
              ],
              [
                1.3934550000000003,
                42.216347000000006
              ],
              [
                1.393286,
                42.216234
              ],
              [
                1.3930400000000007,
                42.216091000000006
              ],
              [
                1.392857,
                42.216007
              ],
              [
                1.3927015364480182,
                42.21591542578565
              ],
              [
                1.3886251818166144,
                42.215858221372336
              ],
              [
                1.3884299490965126,
                42.223534565334596
              ],
              [
                1.3884450000000002,
                42.223547999999994
              ],
              [
                1.3885600000000005,
                42.22365900000001
              ],
              [
                1.388646,
                42.223729999999996
              ],
              [
                1.388745,
                42.223804999999984
              ],
              [
                1.3888510000000003,
                42.223877999999985
              ],
              [
                1.3889690000000003,
                42.223949
              ],
              [
                1.3891250000000006,
                42.224038000000014
              ],
              [
                1.3892680000000006,
                42.224104000000004
              ],
              [
                1.3894280000000006,
                42.22419799999999
              ],
              [
                1.3895740000000008,
                42.22427100000001
              ],
              [
                1.3897290000000007,
                42.224365
              ],
              [
                1.3898520000000003,
                42.22447600000001
              ],
              [
                1.389991,
                42.224608999999994
              ],
              [
                1.3900880000000004,
                42.22471099999999
              ],
              [
                1.3903270000000003,
                42.224792
              ],
              [
                1.390543,
                42.22487400000001
              ],
              [
                1.390585449799085,
                42.22489171819874
              ],
              [
                1.3912114954096242,
                42.22490050261489
              ],
              [
                1.3913319999999996,
                42.224880000000006
              ],
              [
                1.3917289999999998,
                42.224781999999976
              ],
              [
                1.3919910000000009,
                42.22469999999999
              ],
              [
                1.392062,
                42.224672999999996
              ],
              [
                1.392163000000001,
                42.22464699999999
              ],
              [
                1.3922710000000003,
                42.224644000000005
              ],
              [
                1.3923830000000001,
                42.22466699999999
              ],
              [
                1.3924670000000008,
                42.22467999999999
              ],
              [
                1.3925400000000001,
                42.224677
              ],
              [
                1.3926250000000002,
                42.224667999999994
              ],
              [
                1.3927070000000004,
                42.22463900000002
              ],
              [
                1.392784000000001,
                42.224615000000014
              ],
              [
                1.3930270000000002,
                42.22448099999999
              ],
              [
                1.3933390000000008,
                42.224328
              ],
              [
                1.3934430000000007,
                42.224295999999995
              ],
              [
                1.393518000000001,
                42.224274999999984
              ],
              [
                1.3936040000000007,
                42.224253
              ],
              [
                1.3936810000000006,
                42.224256000000004
              ],
              [
                1.3937700000000004,
                42.224250999999995
              ],
              [
                1.3938900000000003,
                42.22427200000001
              ],
              [
                1.3941350000000001,
                42.22432200000001
              ],
              [
                1.3943500000000009,
                42.224375000000016
              ],
              [
                1.3946710000000002,
                42.22447300000001
              ],
              [
                1.3948289999999999,
                42.224515000000004
              ],
              [
                1.3949230000000001,
                42.22452699999999
              ],
              [
                1.3949860000000005,
                42.224524000000024
              ],
              [
                1.3950430000000003,
                42.224507
              ],
              [
                1.3951040000000006,
                42.224473999999994
              ],
              [
                1.3951570000000009,
                42.22444700000001
              ],
              [
                1.395224000000001,
                42.224401000000015
              ],
              [
                1.3952710000000006,
                42.22434499999999
              ],
              [
                1.3953200000000008,
                42.22429899999998
              ],
              [
                1.3953580000000003,
                42.224253000000004
              ],
              [
                1.3954420000000007,
                42.224204999999984
              ],
              [
                1.395582000000001,
                42.22416900000001
              ],
              [
                1.395845,
                42.224097
              ],
              [
                1.3959280000000003,
                42.224082
              ],
              [
                1.3960500000000007,
                42.22406800000001
              ],
              [
                1.3962130000000001,
                42.224077
              ],
              [
                1.3962790000000007,
                42.224076
              ],
              [
                1.3963710000000003,
                42.22408599999999
              ],
              [
                1.3964740000000002,
                42.224111999999984
              ],
              [
                1.3966630000000007,
                42.224197999999994
              ],
              [
                1.3967810000000003,
                42.224271000000016
              ],
              [
                1.3968650000000007,
                42.224322
              ],
              [
                1.3969320000000005,
                42.22435200000001
              ],
              [
                1.3970350000000005,
                42.224388
              ],
              [
                1.3974479999999998,
                42.22447900000002
              ],
              [
                1.3978080000000006,
                42.224557
              ],
              [
                1.3979330000000003,
                42.22458100000001
              ],
              [
                1.3980460000000003,
                42.224636
              ],
              [
                1.398256,
                42.22477300000001
              ],
              [
                1.3984009999999998,
                42.22490100000001
              ],
              [
                1.3984870000000007,
                42.22496600000001
              ],
              [
                1.3985531272756453,
                42.22500326223175
              ],
              [
                1.4000360177716098,
                42.22502396092606
              ],
              [
                1.400163000000001,
                42.224994999999986
              ],
              [
                1.4003090000000002,
                42.224953000000006
              ],
              [
                1.4003910000000006,
                42.224908000000006
              ],
              [
                1.4005138874200882,
                42.224834429278346
              ],
              [
                1.4006239600155217,
                42.22047434492251
              ]
            ]
          ]
        ]
      }
    },
    {
      "type": "Feature",
      "properties": {
        "records": 2,
        "flora_records": 0,
        "fauna_records": 2,
        "latest_year": null,
        "knowledge_class": "Poca informació",
        "priority_hic_overlap": false,
        "connector_overlap": true,
        "prospecting_interest": true,
        "reason": "Coneixement públic escàs coincident amb connector cartogràfic"
      },
      "geometry": {
        "type": "Polygon",
        "coordinates": [
          [
            [
              1.4020975467345027,
              42.1620106074797
            ],
            [
              1.4141983612656426,
              42.16217854508323
            ],
            [
              1.4143073373454391,
              42.1578150145624
            ],
            [
              1.4141439999999998,
              42.15776300000001
            ],
            [
              1.4139260000000007,
              42.15773300000001
            ],
            [
              1.4137860000000004,
              42.157799999999995
            ],
            [
              1.4133150000000008,
              42.158065
            ],
            [
              1.4132070000000003,
              42.15814600000002
            ],
            [
              1.4130660000000002,
              42.15808899999999
            ],
            [
              1.4127530000000006,
              42.15799200000001
            ],
            [
              1.4122050000000002,
              42.15787400000001
            ],
            [
              1.4119190000000006,
              42.15783400000001
            ],
            [
              1.411897,
              42.15782999999999
            ],
            [
              1.4118830000000002,
              42.157828
            ],
            [
              1.4116360000000003,
              42.15764800000001
            ],
            [
              1.4114490000000006,
              42.15750400000002
            ],
            [
              1.4114430000000002,
              42.157500000000006
            ],
            [
              1.4112480000000007,
              42.15737000000001
            ],
            [
              1.410981,
              42.15718300000001
            ],
            [
              1.410774,
              42.15703100000002
            ],
            [
              1.4105920000000007,
              42.156884000000005
            ],
            [
              1.4104340000000009,
              42.156761
            ],
            [
              1.410317,
              42.156711
            ],
            [
              1.4101690000000011,
              42.156663
            ],
            [
              1.4099620000000008,
              42.156586999999995
            ],
            [
              1.4097430000000009,
              42.15649000000001
            ],
            [
              1.4092300000000002,
              42.15631700000001
            ],
            [
              1.4091030000000007,
              42.15627499999999
            ],
            [
              1.4081530000000009,
              42.156043000000004
            ],
            [
              1.407434000000001,
              42.155919
            ],
            [
              1.4069930000000008,
              42.15585099999999
            ],
            [
              1.4067550000000009,
              42.155781000000005
            ],
            [
              1.406318,
              42.155684000000015
            ],
            [
              1.406152,
              42.155671000000005
            ],
            [
              1.4059410000000003,
              42.15565500000002
            ],
            [
              1.4055330000000004,
              42.155635999999994
            ],
            [
              1.4051959999999997,
              42.155576
            ],
            [
              1.4051550000000006,
              42.155570000000004
            ],
            [
              1.404937000000001,
              42.15544200000001
            ],
            [
              1.4043380000000005,
              42.15518
            ],
            [
              1.4041439999999996,
              42.155093000000015
            ],
            [
              1.403876,
              42.154975
            ],
            [
              1.4035140000000008,
              42.154790000000006
            ],
            [
              1.4031450000000008,
              42.154608999999994
            ],
            [
              1.403086,
              42.15457699999999
            ],
            [
              1.402859,
              42.154457
            ],
            [
              1.4025380000000007,
              42.154308
            ],
            [
              1.4023660000000004,
              42.154208999999994
            ],
            [
              1.4022953999870609,
              42.15414760878687
            ],
            [
              1.4020975467345027,
              42.1620106074797
            ]
          ]
        ]
      }
    },
    {
      "type": "Feature",
      "properties": {
        "records": 166,
        "flora_records": 6,
        "fauna_records": 160,
        "latest_year": null,
        "knowledge_class": "Més informació publicada",
        "priority_hic_overlap": true,
        "connector_overlap": true,
        "prospecting_interest": false,
        "reason": "Cobertura de registres públics agregada; no descriu riquesa ni absència d’espècies."
      },
      "geometry": {
        "type": "Polygon",
        "coordinates": [
          [
            [
              1.4139734424355384,
              42.17118149337028
            ],
            [
              1.4141983612656426,
              42.16217854508323
            ],
            [
              1.4020975467345027,
              42.1620106074797
            ],
            [
              1.4018709133847382,
              42.17101350307567
            ],
            [
              1.406084286104322,
              42.17107213215901
            ],
            [
              1.4060900000000003,
              42.170915
            ],
            [
              1.4061939999999997,
              42.171073000000014
            ],
            [
              1.4061944325438254,
              42.171073662769864
            ],
            [
              1.4077214488300034,
              42.17109487150615
            ],
            [
              1.4080400000000006,
              42.17097999999999
            ],
            [
              1.4080690000000002,
              42.171007
            ],
            [
              1.4081356452719016,
              42.17104587650442
            ],
            [
              1.4082317797898247,
              42.17110195496078
            ],
            [
              1.4139734424355384,
              42.17118149337028
            ]
          ]
        ]
      }
    },
    {
      "type": "Feature",
      "properties": {
        "records": 13,
        "flora_records": 7,
        "fauna_records": 6,
        "latest_year": null,
        "knowledge_class": "Informació moderada",
        "priority_hic_overlap": true,
        "connector_overlap": false,
        "prospecting_interest": false,
        "reason": "Cobertura de registres públics agregada; no descriu riquesa ni absència d’espècies."
      },
      "geometry": {
        "type": "MultiPolygon",
        "coordinates": [
          [
            [
              [
                1.4139734424355384,
                42.17118149337028
              ],
              [
                1.4082317797898247,
                42.17110195496078
              ],
              [
                1.4082850000000007,
                42.17113299999999
              ],
              [
                1.408516,
                42.171277
              ],
              [
                1.4087313619450843,
                42.17142958445672
              ],
              [
                1.4087630000000004,
                42.171452000000016
              ],
              [
                1.4088949999999996,
                42.171442000000006
              ],
              [
                1.4090270000000005,
                42.171432
              ],
              [
                1.4093365954302952,
                42.171433848365204
              ],
              [
                1.4093620000000004,
                42.171433999999984
              ],
              [
                1.4095920000000008,
                42.171464
              ],
              [
                1.409761000000001,
                42.171502
              ],
              [
                1.4099440000000003,
                42.171558
              ],
              [
                1.4102140000000003,
                42.17167700000001
              ],
              [
                1.4104560000000004,
                42.171781
              ],
              [
                1.4105990000000004,
                42.171838999999984
              ],
              [
                1.4108730000000005,
                42.17190699999999
              ],
              [
                1.4112900000000004,
                42.171994000000005
              ],
              [
                1.411440859642127,
                42.1720102753757
              ],
              [
                1.4115310000000003,
                42.17202000000002
              ],
              [
                1.4117600000000003,
                42.17201099999999
              ],
              [
                1.4121980000000005,
                42.171901999999996
              ],
              [
                1.4126850000000004,
                42.171798
              ],
              [
                1.413,
                42.171768000000014
              ],
              [
                1.4131640000000008,
                42.171766000000005
              ],
              [
                1.4131760000000002,
                42.171769000000026
              ],
              [
                1.4134950000000002,
                42.171887999999996
              ],
              [
                1.4135622825843894,
                42.17190177769355
              ],
              [
                1.4139534416482213,
                42.17198187582722
              ],
              [
                1.4139734424355384,
                42.17118149337028
              ]
            ]
          ],
          [
            [
              [
                1.4018709133847382,
                42.17101350307567
              ],
              [
                1.401644176421566,
                42.18001638350127
              ],
              [
                1.4091565547837186,
                42.18012082815911
              ],
              [
                1.4092160000000002,
                42.180066000000004
              ],
              [
                1.4093810000000004,
                42.18001499999998
              ],
              [
                1.4096409999999997,
                42.17993800000001
              ],
              [
                1.4099750000000004,
                42.179868000000006
              ],
              [
                1.4100800000000002,
                42.179866000000004
              ],
              [
                1.4101170000000005,
                42.179877000000026
              ],
              [
                1.4101550000000003,
                42.17980500000001
              ],
              [
                1.410108000000001,
                42.179699
              ],
              [
                1.4100739999999994,
                42.179629000000006
              ],
              [
                1.4100810000000008,
                42.17956600000001
              ],
              [
                1.4100900000000007,
                42.17944400000001
              ],
              [
                1.4101170000000003,
                42.17926400000001
              ],
              [
                1.4101590000000008,
                42.179118000000024
              ],
              [
                1.4102049999999997,
                42.179042
              ],
              [
                1.4102520000000003,
                42.178966
              ],
              [
                1.4102920000000012,
                42.17891399999998
              ],
              [
                1.4101320000000002,
                42.178958000000016
              ],
              [
                1.4099000000000002,
                42.178948
              ],
              [
                1.4095630000000006,
                42.178920999999995
              ],
              [
                1.4092370000000005,
                42.17888799999999
              ],
              [
                1.4089650000000002,
                42.17880100000001
              ],
              [
                1.4086340000000006,
                42.17869399999999
              ],
              [
                1.4084055035982828,
                42.178619490494825
              ],
              [
                1.4082660000000002,
                42.178574000000005
              ],
              [
                1.4079309999999998,
                42.17848700000002
              ],
              [
                1.4077690000000005,
                42.178437000000024
              ],
              [
                1.4077730000000004,
                42.177898
              ],
              [
                1.4077370000000013,
                42.177398000000004
              ],
              [
                1.4077180000000002,
                42.176933999999996
              ],
              [
                1.4077071310546225,
                42.17680858937816
              ],
              [
                1.407692,
                42.17663399999999
              ],
              [
                1.4076340000000007,
                42.17633200000002
              ],
              [
                1.4075660000000008,
                42.176159000000006
              ],
              [
                1.4075050000000007,
                42.176021000000006
              ],
              [
                1.4074060993024207,
                42.175903805722676
              ],
              [
                1.4073320000000005,
                42.17581600000002
              ],
              [
                1.4071720000000012,
                42.175648999999986
              ],
              [
                1.4071280000000004,
                42.175583
              ],
              [
                1.4068979999999998,
                42.175332
              ],
              [
                1.4068192683276264,
                42.17525680697414
              ],
              [
                1.4067200000000002,
                42.17516199999999
              ],
              [
                1.4067080000000012,
                42.175146000000005
              ],
              [
                1.4066120000000002,
                42.175067
              ],
              [
                1.4065130000000003,
                42.174881000000006
              ],
              [
                1.406301190581042,
                42.1745375520377
              ],
              [
                1.406299,
                42.174534
              ],
              [
                1.4062350484209298,
                42.17441436969349
              ],
              [
                1.406098,
                42.174158
              ],
              [
                1.405941700637573,
                42.173857103124845
              ],
              [
                1.405911,
                42.173798
              ],
              [
                1.405747,
                42.17344299999999
              ],
              [
                1.405709,
                42.173328999999995
              ],
              [
                1.405708,
                42.173188999999994
              ],
              [
                1.4056750000000005,
                42.173025
              ],
              [
                1.4056612440947882,
                42.17295260052826
              ],
              [
                1.4056560000000005,
                42.172925
              ],
              [
                1.4056560000000005,
                42.17278000000001
              ],
              [
                1.405673001705744,
                42.17268989098436
              ],
              [
                1.4056760000000001,
                42.172674000000015
              ],
              [
                1.4057140000000008,
                42.172548000000006
              ],
              [
                1.4057990000000005,
                42.17229999999999
              ],
              [
                1.405905,
                42.171963999999996
              ],
              [
                1.4059860000000002,
                42.171679999999995
              ],
              [
                1.4060520000000005,
                42.17137400000001
              ],
              [
                1.4060756027360568,
                42.171157150165826
              ],
              [
                1.406084000000001,
                42.17108000000001
              ],
              [
                1.406084286104322,
                42.17107213215901
              ],
              [
                1.4018709133847382,
                42.17101350307567
              ]
            ]
          ],
          [
            [
              [
                1.4061944325438254,
                42.171073662769864
              ],
              [
                1.4062505052259096,
                42.17115958060066
              ],
              [
                1.4062560000000004,
                42.171167999999994
              ],
              [
                1.4063157261657917,
                42.17120156515181
              ],
              [
                1.4063769999999998,
                42.17123600000002
              ],
              [
                1.4064119999999998,
                42.17124199999999
              ],
              [
                1.4065290000000001,
                42.171250999999984
              ],
              [
                1.4067210000000003,
                42.17125099999999
              ],
              [
                1.4068260000000004,
                42.171237000000005
              ],
              [
                1.4068910000000008,
                42.171224
              ],
              [
                1.4069260000000003,
                42.17120100000001
              ],
              [
                1.4069810000000003,
                42.171132000000014
              ],
              [
                1.4070660000000008,
                42.171157000000015
              ],
              [
                1.4071760000000002,
                42.171175000000005
              ],
              [
                1.407224383339237,
                42.17117566280608
              ],
              [
                1.4073220000000006,
                42.171177000000014
              ],
              [
                1.407515000000001,
                42.171170000000004
              ],
              [
                1.4077100000000005,
                42.171099
              ],
              [
                1.4077214488300034,
                42.17109487150615
              ],
              [
                1.4061944325438254,
                42.171073662769864
              ]
            ]
          ]
        ]
      }
    },
    {
      "type": "Feature",
      "properties": {
        "records": 12,
        "flora_records": 4,
        "fauna_records": 8,
        "latest_year": null,
        "knowledge_class": "Informació moderada",
        "priority_hic_overlap": true,
        "connector_overlap": false,
        "prospecting_interest": false,
        "reason": "Cobertura de registres públics agregada; no descriu riquesa ni absència d’espècies."
      },
      "geometry": {
        "type": "Polygon",
        "coordinates": [
          [
            [
              1.4136830901563466,
              42.18279747778365
            ],
            [
              1.4135960000000005,
              42.18290100000001
            ],
            [
              1.4134770000000008,
              42.18301600000001
            ],
            [
              1.4133850000000008,
              42.183059
            ],
            [
              1.4132920000000002,
              42.18306900000001
            ],
            [
              1.4130390000000008,
              42.182964000000005
            ],
            [
              1.4127760000000005,
              42.182797999999984
            ],
            [
              1.412506,
              42.18261799999999
            ],
            [
              1.4122839999999999,
              42.182475000000025
            ],
            [
              1.4120520000000008,
              42.18237800000001
            ],
            [
              1.4117080000000004,
              42.182252000000005
            ],
            [
              1.4113580000000006,
              42.18217400000001
            ],
            [
              1.4110330000000002,
              42.182104999999986
            ],
            [
              1.4106970000000008,
              42.18205100000001
            ],
            [
              1.4105019999999997,
              42.18198900000002
            ],
            [
              1.4102220000000003,
              42.18187700000001
            ],
            [
              1.4099750000000002,
              42.18174299999999
            ],
            [
              1.409798,
              42.18163800000001
            ],
            [
              1.4095680000000006,
              42.18148999999999
            ],
            [
              1.4093830000000005,
              42.181348
            ],
            [
              1.4093610000000005,
              42.181331000000014
            ],
            [
              1.4092710000000006,
              42.181259000000004
            ],
            [
              1.4092090000000004,
              42.18117000000001
            ],
            [
              1.4091740000000001,
              42.18110299999999
            ],
            [
              1.4091150000000006,
              42.18095900000002
            ],
            [
              1.4090600000000006,
              42.180831999999995
            ],
            [
              1.4090230000000001,
              42.18068200000001
            ],
            [
              1.40899,
              42.180557000000015
            ],
            [
              1.4089870000000002,
              42.180485000000004
            ],
            [
              1.4090060000000004,
              42.180423
            ],
            [
              1.4090489999999998,
              42.180279999999996
            ],
            [
              1.4091130000000014,
              42.180161000000005
            ],
            [
              1.4091565547837186,
              42.18012082815911
            ],
            [
              1.401644176421566,
              42.18001638350127
            ],
            [
              1.4015504389672768,
              42.1837371422768
            ],
            [
              1.401855000000001,
              42.18385399999999
            ],
            [
              1.4023209999999997,
              42.184017
            ],
            [
              1.4027220000000002,
              42.18415199999999
            ],
            [
              1.4031460000000004,
              42.184307000000004
            ],
            [
              1.4035539999999997,
              42.184458000000014
            ],
            [
              1.403929,
              42.18459300000002
            ],
            [
              1.404165,
              42.18469199999999
            ],
            [
              1.4039609999999993,
              42.185007000000006
            ],
            [
              1.4036750000000005,
              42.18556799999998
            ],
            [
              1.4034860000000002,
              42.18592000000002
            ],
            [
              1.403283000000001,
              42.18627100000001
            ],
            [
              1.4028030000000005,
              42.18606400000001
            ],
            [
              1.4022300000000005,
              42.18580999999999
            ],
            [
              1.401689000000001,
              42.18558300000001
            ],
            [
              1.4015056483755792,
              42.18551478431601
            ],
            [
              1.4014173357898265,
              42.18901924875552
            ],
            [
              1.4079060032777904,
              42.189109505264504
            ],
            [
              1.4080090000000003,
              42.189048000000014
            ],
            [
              1.4075980000000001,
              42.188446000000006
            ],
            [
              1.407265,
              42.18782400000001
            ],
            [
              1.406605,
              42.187564
            ],
            [
              1.4064779999999997,
              42.18748200000002
            ],
            [
              1.4062780000000008,
              42.18741700000001
            ],
            [
              1.4061380000000003,
              42.187405000000005
            ],
            [
              1.406142,
              42.187389
            ],
            [
              1.406149,
              42.18734500000001
            ],
            [
              1.4061760000000003,
              42.187293999999994
            ],
            [
              1.406232,
              42.18716700000001
            ],
            [
              1.4063600000000003,
              42.18692300000002
            ],
            [
              1.4065130000000003,
              42.186631999999996
            ],
            [
              1.4066520000000007,
              42.186407
            ],
            [
              1.4067930000000006,
              42.186128000000004
            ],
            [
              1.4068950000000007,
              42.185981000000005
            ],
            [
              1.4069890000000012,
              42.18592000000002
            ],
            [
              1.407085,
              42.18590900000001
            ],
            [
              1.4072000000000002,
              42.185926000000016
            ],
            [
              1.4074170000000004,
              42.18595399999999
            ],
            [
              1.4075770000000005,
              42.18595899999998
            ],
            [
              1.4080000000000006,
              42.185939000000005
            ],
            [
              1.4082830000000002,
              42.185920999999986
            ],
            [
              1.4085650000000005,
              42.18584999999999
            ],
            [
              1.4088740000000002,
              42.185762000000004
            ],
            [
              1.4092969999999998,
              42.18561700000001
            ],
            [
              1.4095280000000008,
              42.185515
            ],
            [
              1.4097360000000003,
              42.185423999999976
            ],
            [
              1.4097200000000003,
              42.185305
            ],
            [
              1.4097430000000004,
              42.18522299999999
            ],
            [
              1.4098340000000003,
              42.18527500000002
            ],
            [
              1.4098860000000004,
              42.18532199999999
            ],
            [
              1.4099140000000006,
              42.185313
            ],
            [
              1.4099370000000009,
              42.18523399999999
            ],
            [
              1.409963,
              42.185191
            ],
            [
              1.409989000000001,
              42.18517999999998
            ],
            [
              1.410234,
              42.185072
            ],
            [
              1.4106180000000001,
              42.184918999999994
            ],
            [
              1.4108860000000005,
              42.18478199999998
            ],
            [
              1.4111460000000005,
              42.184628
            ],
            [
              1.4114509999999998,
              42.18446300000001
            ],
            [
              1.4117410000000001,
              42.184312999999996
            ],
            [
              1.4119270000000004,
              42.184229
            ],
            [
              1.4121010000000003,
              42.184201999999985
            ],
            [
              1.4123270000000008,
              42.184264000000006
            ],
            [
              1.4126510000000014,
              42.18433000000001
            ],
            [
              1.4129290000000003,
              42.184448999999994
            ],
            [
              1.4133210000000003,
              42.18461300000002
            ],
            [
              1.413633437625159,
              42.18478321448387
            ],
            [
              1.4136830901563466,
              42.18279747778365
            ]
          ]
        ]
      }
    },
    {
      "type": "Feature",
      "properties": {
        "records": 2,
        "flora_records": 1,
        "fauna_records": 1,
        "latest_year": null,
        "knowledge_class": "Poca informació",
        "priority_hic_overlap": true,
        "connector_overlap": false,
        "prospecting_interest": true,
        "reason": "Coneixement públic escàs coincident amb HIC prioritari"
      },
      "geometry": {
        "type": "Polygon",
        "coordinates": [
          [
            [
              1.4014173357898265,
              42.18901924875552
            ],
            [
              1.4011903914343176,
              42.19802209883742
            ],
            [
              1.413298068744385,
              42.19819024729403
            ],
            [
              1.413502984669772,
              42.18999941754229
            ],
            [
              1.4130940000000003,
              42.19012500000001
            ],
            [
              1.4125800000000006,
              42.190237
            ],
            [
              1.412360000000001,
              42.190302
            ],
            [
              1.4121130000000002,
              42.19041099999999
            ],
            [
              1.4118380000000004,
              42.190535999999994
            ],
            [
              1.4117600000000003,
              42.190547
            ],
            [
              1.4116719999999998,
              42.19054599999998
            ],
            [
              1.4115140000000002,
              42.19052599999999
            ],
            [
              1.411275000000001,
              42.190496999999986
            ],
            [
              1.4111299999999998,
              42.19050600000001
            ],
            [
              1.410979,
              42.19057100000001
            ],
            [
              1.4101760000000003,
              42.19084499999999
            ],
            [
              1.4101540000000004,
              42.190855000000006
            ],
            [
              1.4100460000000012,
              42.19077299999999
            ],
            [
              1.4099270000000008,
              42.190713999999986
            ],
            [
              1.409654,
              42.190588999999996
            ],
            [
              1.4094590000000005,
              42.19051699999999
            ],
            [
              1.4092990000000007,
              42.190486
            ],
            [
              1.4091999999999998,
              42.190486000000014
            ],
            [
              1.4091410000000002,
              42.190502999999985
            ],
            [
              1.4089990000000006,
              42.19054599999998
            ],
            [
              1.4088210000000005,
              42.190615
            ],
            [
              1.4087029999999998,
              42.190634
            ],
            [
              1.4085760000000005,
              42.190632
            ],
            [
              1.4083159999999997,
              42.19060600000001
            ],
            [
              1.4080550000000003,
              42.190588
            ],
            [
              1.4077690000000005,
              42.19055900000001
            ],
            [
              1.4075150000000003,
              42.190554
            ],
            [
              1.4072470000000001,
              42.19052100000001
            ],
            [
              1.4070740000000004,
              42.19046100000001
            ],
            [
              1.4070370000000003,
              42.190426000000016
            ],
            [
              1.4070210000000003,
              42.19041099999999
            ],
            [
              1.406921,
              42.19027700000002
            ],
            [
              1.4068080000000005,
              42.19015099999999
            ],
            [
              1.4068249999999995,
              42.19014099999998
            ],
            [
              1.407043,
              42.189820999999974
            ],
            [
              1.4073540000000009,
              42.18951700000003
            ],
            [
              1.4076190000000006,
              42.189286999999986
            ],
            [
              1.4077979999999999,
              42.189174000000015
            ],
            [
              1.4079060032777904,
              42.189109505264504
            ],
            [
              1.4014173357898265,
              42.18901924875552
            ]
          ]
        ]
      }
    },
    {
      "type": "Feature",
      "properties": {
        "records": 5,
        "flora_records": 4,
        "fauna_records": 1,
        "latest_year": null,
        "knowledge_class": "Informació moderada",
        "priority_hic_overlap": false,
        "connector_overlap": false,
        "prospecting_interest": false,
        "reason": "Cobertura de registres públics agregada; no descriu riquesa ni absència d’espècies."
      },
      "geometry": {
        "type": "Polygon",
        "coordinates": [
          [
            [
              1.4130727382644375,
              42.207193134952824
            ],
            [
              1.413298068744385,
              42.19819024729403
            ],
            [
              1.4011903914343176,
              42.19802209883742
            ],
            [
              1.4010284256997978,
              42.20444473105643
            ],
            [
              1.4011369999999999,
              42.20437499999998
            ],
            [
              1.401372000000001,
              42.20422799999999
            ],
            [
              1.4013960000000003,
              42.20420599999999
            ],
            [
              1.4014010000000006,
              42.20422200000001
            ],
            [
              1.4014850000000003,
              42.20440000000001
            ],
            [
              1.4017280000000008,
              42.204774000000015
            ],
            [
              1.4019560000000002,
              42.205079999999995
            ],
            [
              1.40198,
              42.205149999999996
            ],
            [
              1.4020300000000008,
              42.205365000000015
            ],
            [
              1.4020600000000003,
              42.2055
            ],
            [
              1.4020250000000003,
              42.205726000000006
            ],
            [
              1.401989000000001,
              42.205823
            ],
            [
              1.401914,
              42.205955
            ],
            [
              1.4017820000000005,
              42.20622199999999
            ],
            [
              1.4016650000000006,
              42.206481000000004
            ],
            [
              1.4015640000000005,
              42.20672500000001
            ],
            [
              1.4014435041816105,
              42.20703162760399
            ],
            [
              1.4130727382644375,
              42.207193134952824
            ]
          ]
        ]
      }
    },
    {
      "type": "Feature",
      "properties": {
        "records": 0,
        "flora_records": 0,
        "fauna_records": 0,
        "latest_year": null,
        "knowledge_class": "Pràcticament sense dades",
        "priority_hic_overlap": true,
        "connector_overlap": false,
        "prospecting_interest": true,
        "reason": "Coneixement públic escàs coincident amb HIC prioritari"
      },
      "geometry": {
        "type": "MultiPolygon",
        "coordinates": [
          [
            [
              [
                1.4130727382644375,
                42.207193134952824
              ],
              [
                1.4014435041816105,
                42.20703162760399
              ],
              [
                1.4014410000000008,
                42.207038
              ],
              [
                1.4013920000000004,
                42.2073
              ],
              [
                1.401374,
                42.207559
              ],
              [
                1.4013809999999995,
                42.207691999999994
              ],
              [
                1.401415,
                42.20791300000001
              ],
              [
                1.4014690000000003,
                42.208129
              ],
              [
                1.4015210000000002,
                42.20839700000001
              ],
              [
                1.4015560000000005,
                42.208490999999995
              ],
              [
                1.4015890000000004,
                42.208588000000006
              ],
              [
                1.401614,
                42.20868699999999
              ],
              [
                1.4016320000000009,
                42.20877699999999
              ],
              [
                1.4016500000000003,
                42.20887399999998
              ],
              [
                1.4016820000000003,
                42.20896300000001
              ],
              [
                1.4017110000000002,
                42.209027000000006
              ],
              [
                1.4018060000000003,
                42.20915700000002
              ],
              [
                1.4019430000000008,
                42.20931100000001
              ],
              [
                1.4021020000000004,
                42.209508
              ],
              [
                1.402158000000001,
                42.209535
              ],
              [
                1.402238,
                42.209587000000006
              ],
              [
                1.4022990000000004,
                42.20963100000001
              ],
              [
                1.4023460000000003,
                42.20967000000002
              ],
              [
                1.4023870000000007,
                42.20971100000001
              ],
              [
                1.4024240000000012,
                42.209721
              ],
              [
                1.402506,
                42.209747
              ],
              [
                1.402562000000001,
                42.209786
              ],
              [
                1.402546,
                42.209833000000025
              ],
              [
                1.4025280000000007,
                42.20986699999999
              ],
              [
                1.4024590000000003,
                42.209941000000015
              ],
              [
                1.4024230000000002,
                42.209979000000004
              ],
              [
                1.4024150000000002,
                42.21001400000002
              ],
              [
                1.4024160000000012,
                42.210046999999996
              ],
              [
                1.4024430000000008,
                42.210092
              ],
              [
                1.402466,
                42.21010900000001
              ],
              [
                1.4025460000000005,
                42.210133000000006
              ],
              [
                1.4027290000000001,
                42.21016600000002
              ],
              [
                1.4028659999999995,
                42.21019500000001
              ],
              [
                1.402956000000001,
                42.21022399999997
              ],
              [
                1.4030380000000005,
                42.210272000000025
              ],
              [
                1.403118,
                42.21032700000001
              ],
              [
                1.4032140000000006,
                42.210391999999985
              ],
              [
                1.403312,
                42.21046400000002
              ],
              [
                1.403267,
                42.21027099999999
              ],
              [
                1.4031850000000003,
                42.21011300000001
              ],
              [
                1.403134,
                42.20998800000002
              ],
              [
                1.40311,
                42.20989699999999
              ],
              [
                1.4030930000000006,
                42.209797
              ],
              [
                1.4030870000000006,
                42.20972900000001
              ],
              [
                1.4030850000000006,
                42.20966600000001
              ],
              [
                1.4030940000000005,
                42.209604000000006
              ],
              [
                1.4031060000000002,
                42.209565
              ],
              [
                1.4031150000000001,
                42.20953600000001
              ],
              [
                1.4031490000000006,
                42.20950200000001
              ],
              [
                1.4031910000000003,
                42.209460000000014
              ],
              [
                1.4032439999999997,
                42.20944099999999
              ],
              [
                1.4035360000000003,
                42.20941400000001
              ],
              [
                1.4036850000000005,
                42.209389000000016
              ],
              [
                1.403841,
                42.20934299999999
              ],
              [
                1.4041250000000007,
                42.209249
              ],
              [
                1.4043600000000003,
                42.209149
              ],
              [
                1.4046600000000005,
                42.209014
              ],
              [
                1.4051090000000004,
                42.208824000000014
              ],
              [
                1.4055849999999999,
                42.208642
              ],
              [
                1.4059080000000006,
                42.20851700000001
              ],
              [
                1.406178,
                42.20839700000002
              ],
              [
                1.4064630000000005,
                42.20832000000002
              ],
              [
                1.4065929999999998,
                42.208283000000016
              ],
              [
                1.4067149999999997,
                42.208259999999996
              ],
              [
                1.4068200000000002,
                42.208284
              ],
              [
                1.4069690000000008,
                42.20831599999999
              ],
              [
                1.4070600000000004,
                42.208347999999994
              ],
              [
                1.4071419999999997,
                42.20839700000002
              ],
              [
                1.4072540000000007,
                42.208445999999995
              ],
              [
                1.407292,
                42.20845600000001
              ],
              [
                1.4074700000000002,
                42.20846199999999
              ],
              [
                1.4080220000000012,
                42.208443999999986
              ],
              [
                1.4082450000000009,
                42.208447
              ],
              [
                1.4082730000000006,
                42.20845400000001
              ],
              [
                1.408383,
                42.20846199999998
              ],
              [
                1.408588,
                42.20851499999999
              ],
              [
                1.408991000000001,
                42.20855899999999
              ],
              [
                1.4092610000000008,
                42.20858400000001
              ],
              [
                1.4093290000000007,
                42.208606
              ],
              [
                1.409566,
                42.208619999999996
              ],
              [
                1.4096230000000005,
                42.208637
              ],
              [
                1.4096979999999997,
                42.208664999999996
              ],
              [
                1.4097870000000006,
                42.20870099999998
              ],
              [
                1.4099580000000007,
                42.20877399999999
              ],
              [
                1.4101540000000004,
                42.20886000000001
              ],
              [
                1.4102770000000002,
                42.20890600000001
              ],
              [
                1.4104190000000003,
                42.20893600000001
              ],
              [
                1.4105920000000007,
                42.208977999999995
              ],
              [
                1.4108000000000003,
                42.209021000000014
              ],
              [
                1.4109449999999997,
                42.20905400000001
              ],
              [
                1.4111200000000002,
                42.20909700000001
              ],
              [
                1.4111930000000004,
                42.209129000000004
              ],
              [
                1.4112470000000006,
                42.209166999999994
              ],
              [
                1.411286,
                42.209141
              ],
              [
                1.4113590000000007,
                42.209144000000016
              ],
              [
                1.4114510000000005,
                42.209162000000006
              ],
              [
                1.4115090000000003,
                42.20916999999999
              ],
              [
                1.411534,
                42.20916299999998
              ],
              [
                1.4115489999999995,
                42.20913900000001
              ],
              [
                1.4115910000000012,
                42.208995
              ],
              [
                1.4116270000000006,
                42.209048999999986
              ],
              [
                1.4116870000000001,
                42.20910599999999
              ],
              [
                1.4117440000000008,
                42.20914700000001
              ],
              [
                1.4118229999999998,
                42.20921400000002
              ],
              [
                1.411931,
                42.209300999999996
              ],
              [
                1.4120150000000007,
                42.209399000000005
              ],
              [
                1.4120880000000005,
                42.20951600000001
              ],
              [
                1.4122060000000005,
                42.20962800000002
              ],
              [
                1.4122960000000002,
                42.209712
              ],
              [
                1.4124210000000006,
                42.20980699999999
              ],
              [
                1.4125210000000008,
                42.20987600000001
              ],
              [
                1.412648,
                42.209937000000004
              ],
              [
                1.4127760000000003,
                42.210002
              ],
              [
                1.412973,
                42.21010999999997
              ],
              [
                1.4129991278287473,
                42.21013328225622
              ],
              [
                1.4130727382644375,
                42.207193134952824
              ]
            ]
          ],
          [
            [
              [
                1.412982642966174,
                42.21079166009022
              ],
              [
                1.4127610000000008,
                42.21076500000001
              ],
              [
                1.4127650000000005,
                42.210783000000006
              ],
              [
                1.4127760000000007,
                42.210809999999995
              ],
              [
                1.412817,
                42.210857999999995
              ],
              [
                1.4128900000000002,
                42.210948999999985
              ],
              [
                1.4129740000000006,
                42.211065
              ],
              [
                1.4129757381802779,
                42.21106741912254
              ],
              [
                1.412982642966174,
                42.21079166009022
              ]
            ]
          ],
          [
            [
              [
                1.412953401059087,
                42.21195947858364
              ],
              [
                1.4129419999999997,
                42.21192100000001
              ],
              [
                1.4129180000000001,
                42.211852999999984
              ],
              [
                1.4128830000000006,
                42.21176499999999
              ],
              [
                1.4128220000000002,
                42.211685000000024
              ],
              [
                1.412730000000001,
                42.211573
              ],
              [
                1.412624,
                42.21149600000001
              ],
              [
                1.4125490000000007,
                42.21145400000002
              ],
              [
                1.4125540000000003,
                42.211539000000016
              ],
              [
                1.4125850000000004,
                42.211758
              ],
              [
                1.4126190000000003,
                42.21198700000001
              ],
              [
                1.4127300000000005,
                42.212053999999995
              ],
              [
                1.4127890000000003,
                42.21212299999998
              ],
              [
                1.412822,
                42.212196
              ],
              [
                1.412838000000001,
                42.21225799999997
              ],
              [
                1.4128590000000008,
                42.212352
              ],
              [
                1.412904,
                42.21251000000002
              ],
              [
                1.4129363417766039,
                42.21264073396938
              ],
              [
                1.412953401059087,
                42.21195947858364
              ]
            ]
          ],
          [
            [
              [
                1.4129150416207994,
                42.21349131366612
              ],
              [
                1.4128060000000002,
                42.213553
              ],
              [
                1.4127930000000009,
                42.21359700000003
              ],
              [
                1.4127830000000003,
                42.21368399999999
              ],
              [
                1.4128670000000005,
                42.213661999999985
              ],
              [
                1.4129112121059988,
                42.21364423387273
              ],
              [
                1.4129150416207994,
                42.21349131366612
              ]
            ]
          ],
          [
            [
              [
                1.4128473047349608,
                42.216196007452105
              ],
              [
                1.4128968039602179,
                42.214219569351926
              ],
              [
                1.4128450000000006,
                42.21423300000002
              ],
              [
                1.4128330000000002,
                42.214231999999996
              ],
              [
                1.4128420000000008,
                42.214109
              ],
              [
                1.4128350000000003,
                42.214047000000015
              ],
              [
                1.4127470000000006,
                42.21393800000001
              ],
              [
                1.4126430000000003,
                42.21380100000001
              ],
              [
                1.4124390000000002,
                42.21359700000002
              ],
              [
                1.412254,
                42.213422000000016
              ],
              [
                1.4120880000000007,
                42.213275
              ],
              [
                1.4118530000000002,
                42.21310100000001
              ],
              [
                1.4116250000000001,
                42.21292900000002
              ],
              [
                1.4114370000000005,
                42.21279000000001
              ],
              [
                1.4112650000000007,
                42.212684999999986
              ],
              [
                1.4111560000000007,
                42.21263999999999
              ],
              [
                1.4110100000000008,
                42.21256700000002
              ],
              [
                1.4109920000000007,
                42.212546
              ],
              [
                1.410981,
                42.212514
              ],
              [
                1.4109750000000008,
                42.21247700000002
              ],
              [
                1.4109600000000007,
                42.212441999999996
              ],
              [
                1.4109370000000008,
                42.212413
              ],
              [
                1.4108910000000006,
                42.21239300000003
              ],
              [
                1.4107990000000001,
                42.21235600000002
              ],
              [
                1.410701,
                42.21230700000002
              ],
              [
                1.4107,
                42.212221000000014
              ],
              [
                1.410682,
                42.21218700000001
              ],
              [
                1.4106630000000007,
                42.212155999999986
              ],
              [
                1.4106240000000005,
                42.212105999999984
              ],
              [
                1.4105499999999995,
                42.212036000000005
              ],
              [
                1.4103100000000008,
                42.211899000000024
              ],
              [
                1.410099,
                42.21179400000001
              ],
              [
                1.4098449999999998,
                42.21168700000001
              ],
              [
                1.4095679999999997,
                42.21162299999999
              ],
              [
                1.4092380000000009,
                42.21155799999998
              ],
              [
                1.408916,
                42.211538000000004
              ],
              [
                1.4084240000000003,
                42.211513999999994
              ],
              [
                1.4083190000000003,
                42.211461000000014
              ],
              [
                1.4082010000000007,
                42.21140499999999
              ],
              [
                1.4081390000000007,
                42.21134399999998
              ],
              [
                1.408096,
                42.211245999999996
              ],
              [
                1.4079670000000002,
                42.210857999999995
              ],
              [
                1.4078960000000007,
                42.21075599999998
              ],
              [
                1.4078050000000006,
                42.210684
              ],
              [
                1.4076680000000001,
                42.210644000000016
              ],
              [
                1.407577000000001,
                42.210631
              ],
              [
                1.407407,
                42.210646
              ],
              [
                1.4071990000000008,
                42.21070100000001
              ],
              [
                1.4069850000000004,
                42.21078799999999
              ],
              [
                1.406879,
                42.21085000000002
              ],
              [
                1.4066760000000005,
                42.21087200000001
              ],
              [
                1.4063670000000006,
                42.21086299999999
              ],
              [
                1.40621,
                42.21083900000001
              ],
              [
                1.4058270000000004,
                42.210752000000014
              ],
              [
                1.4052880000000003,
                42.21061800000002
              ],
              [
                1.4050900000000002,
                42.210573999999994
              ],
              [
                1.4049340000000003,
                42.210564000000005
              ],
              [
                1.404853,
                42.21056699999999
              ],
              [
                1.4048100000000006,
                42.210583
              ],
              [
                1.4047730000000007,
                42.210608
              ],
              [
                1.4047150000000008,
                42.21064099999999
              ],
              [
                1.4045670000000006,
                42.210719000000005
              ],
              [
                1.4044440000000005,
                42.210806999999996
              ],
              [
                1.4043680000000014,
                42.21082999999998
              ],
              [
                1.404292,
                42.21082800000001
              ],
              [
                1.4042100000000002,
                42.210838000000024
              ],
              [
                1.4040060000000005,
                42.21083099999998
              ],
              [
                1.4038290000000002,
                42.21082599999999
              ],
              [
                1.4039690000000005,
                42.21089799999999
              ],
              [
                1.4041210000000008,
                42.21095900000001
              ],
              [
                1.4041090000000005,
                42.21097899999999
              ],
              [
                1.403645,
                42.21117099999999
              ],
              [
                1.4033010000000004,
                42.21128
              ],
              [
                1.4029940000000003,
                42.211372999999995
              ],
              [
                1.4028420000000004,
                42.21139299999999
              ],
              [
                1.4027750000000005,
                42.21138
              ],
              [
                1.4023360000000007,
                42.211211999999996
              ],
              [
                1.4019500000000005,
                42.211073
              ],
              [
                1.4015380000000006,
                42.210955000000006
              ],
              [
                1.4012380000000006,
                42.21087099999999
              ],
              [
                1.401067000000001,
                42.21083699999999
              ],
              [
                1.400867750286492,
                42.21081411965897
              ],
              [
                1.4007361913309775,
                42.21602775348015
              ],
              [
                1.405606576980022,
                42.216095569266955
              ],
              [
                1.4055730000000006,
                42.21604899999999
              ],
              [
                1.4054000000000004,
                42.215852999999996
              ],
              [
                1.4050590000000007,
                42.21536899999999
              ],
              [
                1.4046960000000006,
                42.214753
              ],
              [
                1.4043620000000006,
                42.214303
              ],
              [
                1.4042440000000005,
                42.214127
              ],
              [
                1.4043170000000005,
                42.214002000000015
              ],
              [
                1.4043780000000001,
                42.213905999999994
              ],
              [
                1.4044180000000002,
                42.21383100000001
              ],
              [
                1.4044370000000004,
                42.213786999999996
              ],
              [
                1.4044730000000005,
                42.21370699999999
              ],
              [
                1.4045470000000002,
                42.21356600000002
              ],
              [
                1.4046609999999997,
                42.21338499999999
              ],
              [
                1.4047880000000006,
                42.213201999999995
              ],
              [
                1.404856,
                42.21313399999998
              ],
              [
                1.4049579999999995,
                42.21303600000001
              ],
              [
                1.4050380000000002,
                42.212977000000016
              ],
              [
                1.4052040000000006,
                42.212886
              ],
              [
                1.4054209999999996,
                42.21278000000002
              ],
              [
                1.4055920000000006,
                42.212690999999985
              ],
              [
                1.405685000000001,
                42.21264399999997
              ],
              [
                1.4058270000000002,
                42.21260399999999
              ],
              [
                1.4061800000000004,
                42.21256700000002
              ],
              [
                1.406617,
                42.21256900000002
              ],
              [
                1.4069350000000005,
                42.212604000000006
              ],
              [
                1.4072550000000004,
                42.212641999999995
              ],
              [
                1.4076030000000002,
                42.21270800000001
              ],
              [
                1.408027,
                42.212807999999995
              ],
              [
                1.408517,
                42.212876000000016
              ],
              [
                1.408705000000001,
                42.21288499999999
              ],
              [
                1.4092090000000006,
                42.212835999999996
              ],
              [
                1.409356,
                42.212827
              ],
              [
                1.409548000000001,
                42.21280399999999
              ],
              [
                1.4097480000000004,
                42.21276699999998
              ],
              [
                1.4099640000000009,
                42.21271699999999
              ],
              [
                1.4101830000000006,
                42.21265199999999
              ],
              [
                1.4105660000000002,
                42.21254499999999
              ],
              [
                1.4106780000000008,
                42.212493
              ],
              [
                1.4107079999999994,
                42.21256700000003
              ],
              [
                1.4107200000000004,
                42.21262300000001
              ],
              [
                1.4107160000000003,
                42.212672
              ],
              [
                1.4106950000000007,
                42.212727000000015
              ],
              [
                1.410653,
                42.212806000000015
              ],
              [
                1.4104829999999997,
                42.213072000000004
              ],
              [
                1.4104090000000005,
                42.213164000000006
              ],
              [
                1.410372,
                42.213244999999986
              ],
              [
                1.4103480000000004,
                42.213360000000016
              ],
              [
                1.4102590000000006,
                42.21361400000001
              ],
              [
                1.4101810000000008,
                42.213710999999996
              ],
              [
                1.4101330000000007,
                42.21378300000002
              ],
              [
                1.4100750000000009,
                42.213828
              ],
              [
                1.4100000000000004,
                42.21385500000003
              ],
              [
                1.4098940000000006,
                42.21389499999999
              ],
              [
                1.4095590000000007,
                42.213988000000015
              ],
              [
                1.4093400000000011,
                42.21405300000001
              ],
              [
                1.4091950000000004,
                42.214071000000004
              ],
              [
                1.4090320000000003,
                42.21409999999999
              ],
              [
                1.4087920000000012,
                42.214173999999986
              ],
              [
                1.4086850000000004,
                42.214211
              ],
              [
                1.4085470000000004,
                42.214308
              ],
              [
                1.4081060000000007,
                42.21454499999998
              ],
              [
                1.4078660000000007,
                42.21468400000002
              ],
              [
                1.4078280000000007,
                42.21474300000001
              ],
              [
                1.4077970000000004,
                42.21481399999998
              ],
              [
                1.4077770000000007,
                42.21491799999999
              ],
              [
                1.4077680000000008,
                42.21498399999999
              ],
              [
                1.4077760000000001,
                42.21506900000001
              ],
              [
                1.4077919999999995,
                42.21512700000001
              ],
              [
                1.4078360000000005,
                42.215176
              ],
              [
                1.4078710000000003,
                42.215229
              ],
              [
                1.4078910000000002,
                42.21529199999999
              ],
              [
                1.4079020000000004,
                42.21536799999999
              ],
              [
                1.4078990000000002,
                42.21547000000002
              ],
              [
                1.4078729999999997,
                42.215628
              ],
              [
                1.4078200000000003,
                42.215751000000004
              ],
              [
                1.4077700000000002,
                42.215921999999985
              ],
              [
                1.407756,
                42.215988
              ],
              [
                1.407771,
                42.21600300000001
              ],
              [
                1.407807,
                42.21602399999998
              ],
              [
                1.407844,
                42.21603800000001
              ],
              [
                1.4078930000000007,
                42.21605799999999
              ],
              [
                1.4079570000000001,
                42.216114999999995
              ],
              [
                1.4079644030809306,
                42.21612832555872
              ],
              [
                1.4128473047349608,
                42.216196007452105
              ]
            ]
          ]
        ]
      }
    },
    {
      "type": "Feature",
      "properties": {
        "records": 0,
        "flora_records": 0,
        "fauna_records": 0,
        "latest_year": null,
        "knowledge_class": "Pràcticament sense dades",
        "priority_hic_overlap": true,
        "connector_overlap": true,
        "prospecting_interest": true,
        "reason": "Coneixement públic escàs coincident amb HIC prioritari i connector cartogràfic"
      },
      "geometry": {
        "type": "Polygon",
        "coordinates": [
          [
            [
              1.4128473047349608,
              42.216196007452105
            ],
            [
              1.4079644030809306,
              42.21612832555872
            ],
            [
              1.4079970000000002,
              42.216187
            ],
            [
              1.408031,
              42.21626899999999
            ],
            [
              1.4080460000000008,
              42.21633
            ],
            [
              1.4080330000000003,
              42.216393000000004
            ],
            [
              1.4080160000000002,
              42.21647300000001
            ],
            [
              1.407993000000001,
              42.21654599999999
            ],
            [
              1.4079560000000007,
              42.21661300000001
            ],
            [
              1.407912000000001,
              42.21666999999999
            ],
            [
              1.4078569999999997,
              42.21676200000001
            ],
            [
              1.4077440000000003,
              42.21689100000001
            ],
            [
              1.4075360000000001,
              42.21702299999999
            ],
            [
              1.4072630000000004,
              42.21724199999999
            ],
            [
              1.4071499999999997,
              42.217336999999986
            ],
            [
              1.4071120000000001,
              42.21742500000001
            ],
            [
              1.407105000000001,
              42.217479
            ],
            [
              1.4071010000000006,
              42.217535999999996
            ],
            [
              1.4071010000000006,
              42.21759700000001
            ],
            [
              1.407114,
              42.21766499999998
            ],
            [
              1.4071470000000006,
              42.217777
            ],
            [
              1.4071870000000006,
              42.217963999999995
            ],
            [
              1.4072190000000002,
              42.218101999999995
            ],
            [
              1.4072320000000007,
              42.21820200000001
            ],
            [
              1.4072300000000009,
              42.218278
            ],
            [
              1.407274,
              42.21833000000001
            ],
            [
              1.4072330000000004,
              42.218439000000004
            ],
            [
              1.4072010000000004,
              42.218447000000005
            ],
            [
              1.4070190000000005,
              42.21829000000002
            ],
            [
              1.406851,
              42.218115999999995
            ],
            [
              1.4067299999999998,
              42.21798400000002
            ],
            [
              1.4066749999999997,
              42.21790599999999
            ],
            [
              1.4066370000000001,
              42.21779399999999
            ],
            [
              1.406538000000001,
              42.21763800000001
            ],
            [
              1.4063930000000004,
              42.217457999999986
            ],
            [
              1.406290000000001,
              42.21732
            ],
            [
              1.4062500000000007,
              42.21722700000002
            ],
            [
              1.4062320000000006,
              42.217175999999995
            ],
            [
              1.4062220000000012,
              42.21711399999999
            ],
            [
              1.4062220000000003,
              42.217045
            ],
            [
              1.4062300000000003,
              42.216971
            ],
            [
              1.4059890000000006,
              42.21664799999999
            ],
            [
              1.4057620000000004,
              42.216347000000006
            ],
            [
              1.4057720000000005,
              42.21632500000001
            ],
            [
              1.405606576980022,
              42.216095569266955
            ],
            [
              1.4007361913309775,
              42.21602775348015
            ],
            [
              1.4007308342029376,
              42.216240025168744
            ],
            [
              1.4009400000000005,
              42.21622300000001
            ],
            [
              1.4011070000000003,
              42.216209000000006
            ],
            [
              1.4012800000000007,
              42.21618599999999
            ],
            [
              1.4014550000000003,
              42.216351
            ],
            [
              1.4016480000000002,
              42.216547
            ],
            [
              1.4018569999999995,
              42.21678300000001
            ],
            [
              1.4020930000000005,
              42.217130000000004
            ],
            [
              1.402270000000001,
              42.217366000000005
            ],
            [
              1.4024360000000002,
              42.217614999999995
            ],
            [
              1.4025390000000006,
              42.21783800000001
            ],
            [
              1.4026710000000011,
              42.21819899999999
            ],
            [
              1.4027060000000002,
              42.218348999999996
            ],
            [
              1.4027219999999998,
              42.21845900000002
            ],
            [
              1.402725,
              42.21877500000001
            ],
            [
              1.4026880000000004,
              42.21901599999998
            ],
            [
              1.4026309999999997,
              42.21934300000001
            ],
            [
              1.4025279999999998,
              42.21965900000002
            ],
            [
              1.402397,
              42.21993100000002
            ],
            [
              1.4023540000000008,
              42.21999499999999
            ],
            [
              1.402281,
              42.220116999999995
            ],
            [
              1.4022200000000005,
              42.220183999999996
            ],
            [
              1.4021030000000005,
              42.220234
            ],
            [
              1.4019740000000007,
              42.220263000000024
            ],
            [
              1.4018480000000006,
              42.220270000000006
            ],
            [
              1.4018209999999995,
              42.220281
            ],
            [
              1.4016710000000003,
              42.22039599999999
            ],
            [
              1.4015740000000005,
              42.22045000000002
            ],
            [
              1.401463,
              42.220472
            ],
            [
              1.4012980000000002,
              42.220492
            ],
            [
              1.4011930000000001,
              42.220504000000005
            ],
            [
              1.4010270000000007,
              42.220497000000016
            ],
            [
              1.4008670000000005,
              42.22047899999999
            ],
            [
              1.4007260000000004,
              42.22044099999999
            ],
            [
              1.4006370000000006,
              42.22039300000001
            ],
            [
              1.4006239600155217,
              42.22047434492251
            ],
            [
              1.4005138874200882,
              42.224834429278346
            ],
            [
              1.4005430000000003,
              42.224816999999994
            ],
            [
              1.4006980000000002,
              42.224717999999996
            ],
            [
              1.400827000000001,
              42.22462099999997
            ],
            [
              1.4009800000000006,
              42.2245
            ],
            [
              1.401061,
              42.22444000000001
            ],
            [
              1.4011810000000007,
              42.224377999999994
            ],
            [
              1.4012320000000005,
              42.22435700000001
            ],
            [
              1.4012980000000004,
              42.22434300000001
            ],
            [
              1.4014559999999998,
              42.22436900000002
            ],
            [
              1.4017530000000005,
              42.224438
            ],
            [
              1.4022820000000007,
              42.22459699999999
            ],
            [
              1.4027270000000007,
              42.224683
            ],
            [
              1.4030520000000004,
              42.224717000000005
            ],
            [
              1.403560000000001,
              42.22472999999998
            ],
            [
              1.4040480000000004,
              42.224716
            ],
            [
              1.4045680000000003,
              42.224694
            ],
            [
              1.4047300000000007,
              42.22467999999999
            ],
            [
              1.4048970000000003,
              42.22465000000002
            ],
            [
              1.4050900000000002,
              42.22460000000001
            ],
            [
              1.4052109999999998,
              42.224561
            ],
            [
              1.405292,
              42.22454799999999
            ],
            [
              1.4053770000000008,
              42.22453700000002
            ],
            [
              1.4054669999999998,
              42.22453000000001
            ],
            [
              1.4055790000000006,
              42.224526
            ],
            [
              1.405710000000001,
              42.224538999999986
            ],
            [
              1.4058180000000002,
              42.224571
            ],
            [
              1.4058790000000003,
              42.22460000000001
            ],
            [
              1.405977,
              42.224616000000005
            ],
            [
              1.4062740000000005,
              42.224598
            ],
            [
              1.4066630000000009,
              42.224563
            ],
            [
              1.4071000000000002,
              42.22451000000001
            ],
            [
              1.4071229999999997,
              42.224506000000005
            ],
            [
              1.4077650000000002,
              42.22440900000003
            ],
            [
              1.4081100000000006,
              42.224360000000004
            ],
            [
              1.4082990000000004,
              42.224374
            ],
            [
              1.4084420000000006,
              42.22440200000001
            ],
            [
              1.4085880000000008,
              42.22447900000001
            ],
            [
              1.4086450000000001,
              42.224514
            ],
            [
              1.4086550000000004,
              42.22452
            ],
            [
              1.4086590000000003,
              42.22452300000001
            ],
            [
              1.4087540000000005,
              42.22459699999999
            ],
            [
              1.4088510000000005,
              42.22469400000001
            ],
            [
              1.4089130000000007,
              42.224755999999985
            ],
            [
              1.4089600000000009,
              42.22478300000002
            ],
            [
              1.4090080000000005,
              42.224812000000014
            ],
            [
              1.409044,
              42.224831000000016
            ],
            [
              1.409231,
              42.224838000000005
            ],
            [
              1.4093480000000005,
              42.22483900000001
            ],
            [
              1.4094850000000005,
              42.22485000000001
            ],
            [
              1.4096210000000002,
              42.224720000000005
            ],
            [
              1.4098650000000001,
              42.224575000000016
            ],
            [
              1.4101600000000005,
              42.2244
            ],
            [
              1.4104790000000003,
              42.22423899999999
            ],
            [
              1.4106239999999999,
              42.224166
            ],
            [
              1.4108360000000006,
              42.22405900000001
            ],
            [
              1.4115870000000006,
              42.22360200000001
            ],
            [
              1.4123820000000002,
              42.22316899999999
            ],
            [
              1.4125760000000005,
              42.22307899999999
            ],
            [
              1.4126762871601928,
              42.223022979205616
            ],
            [
              1.4128473047349608,
              42.216196007452105
            ]
          ]
        ]
      }
    },
    {
      "type": "Feature",
      "properties": {
        "records": 9,
        "flora_records": 4,
        "fauna_records": 5,
        "latest_year": 2024.0,
        "knowledge_class": "Informació moderada",
        "priority_hic_overlap": false,
        "connector_overlap": false,
        "prospecting_interest": false,
        "reason": "Cobertura de registres públics agregada; no descriu riquesa ni absència d’espècies."
      },
      "geometry": {
        "type": "Polygon",
        "coordinates": [
          [
            [
              1.4141983612656426,
              42.16217854508323
            ],
            [
              1.4262992785723796,
              42.16234520692186
            ],
            [
              1.4263701184196758,
              42.15948700000095
            ],
            [
              1.4263660000000011,
              42.15948699999999
            ],
            [
              1.4263420000000004,
              42.159486
            ],
            [
              1.4262290000000002,
              42.15948499999998
            ],
            [
              1.4260740000000005,
              42.159496000000004
            ],
            [
              1.4258990000000005,
              42.15953300000001
            ],
            [
              1.4255310000000003,
              42.15961900000001
            ],
            [
              1.4252850000000006,
              42.15967899999999
            ],
            [
              1.4251290000000003,
              42.15970900000002
            ],
            [
              1.4249750000000003,
              42.15970000000001
            ],
            [
              1.424761,
              42.15967500000001
            ],
            [
              1.424755,
              42.159649
            ],
            [
              1.4246940000000008,
              42.159603999999995
            ],
            [
              1.4245740000000005,
              42.159510999999995
            ],
            [
              1.424472000000001,
              42.15942700000001
            ],
            [
              1.4243420000000004,
              42.159365
            ],
            [
              1.4242760000000003,
              42.159366000000006
            ],
            [
              1.4242110000000001,
              42.15938
            ],
            [
              1.4241000000000004,
              42.159422000000006
            ],
            [
              1.423902000000001,
              42.159458999999984
            ],
            [
              1.4237049999999998,
              42.15947600000002
            ],
            [
              1.4234370000000007,
              42.15951600000001
            ],
            [
              1.4231620000000011,
              42.15954100000001
            ],
            [
              1.4227360000000002,
              42.15957499999999
            ],
            [
              1.4227410000000007,
              42.159598
            ],
            [
              1.4226000000000003,
              42.159615
            ],
            [
              1.422278,
              42.15966400000002
            ],
            [
              1.421861000000001,
              42.159726000000006
            ],
            [
              1.4216370000000007,
              42.159729
            ],
            [
              1.4213030000000004,
              42.15965799999998
            ],
            [
              1.4210760000000007,
              42.15959200000001
            ],
            [
              1.4209400000000003,
              42.159526
            ],
            [
              1.4208310000000002,
              42.159454
            ],
            [
              1.42069,
              42.159362999999985
            ],
            [
              1.4205479999999997,
              42.159211
            ],
            [
              1.420379000000001,
              42.159107000000006
            ],
            [
              1.4202370000000004,
              42.15903400000001
            ],
            [
              1.4200600000000008,
              42.158979
            ],
            [
              1.4198200000000005,
              42.15885400000001
            ],
            [
              1.419691,
              42.15881100000001
            ],
            [
              1.4195900000000001,
              42.158753
            ],
            [
              1.4194350000000007,
              42.158660999999995
            ],
            [
              1.4192660000000001,
              42.158620000000006
            ],
            [
              1.4190910000000017,
              42.158575999999975
            ],
            [
              1.419013000000001,
              42.15852
            ],
            [
              1.4189430000000005,
              42.15847
            ],
            [
              1.418862,
              42.158424999999994
            ],
            [
              1.4187320000000008,
              42.158358999999976
            ],
            [
              1.4185310000000007,
              42.15834200000001
            ],
            [
              1.4181850000000007,
              42.158262000000015
            ],
            [
              1.4179630000000005,
              42.158217000000015
            ],
            [
              1.4178300000000006,
              42.158184
            ],
            [
              1.417737,
              42.158154999999994
            ],
            [
              1.4176599999999995,
              42.15815000000002
            ],
            [
              1.4175259999999998,
              42.15816000000002
            ],
            [
              1.4173570000000004,
              42.15818499999999
            ],
            [
              1.417192000000001,
              42.15818999999998
            ],
            [
              1.4169640000000003,
              42.15818599999999
            ],
            [
              1.4168250000000011,
              42.15815600000001
            ],
            [
              1.4167110000000003,
              42.15813000000001
            ],
            [
              1.4165900000000002,
              42.15812700000001
            ],
            [
              1.416178000000001,
              42.15813200000001
            ],
            [
              1.4157080000000013,
              42.158092999999994
            ],
            [
              1.4150440000000002,
              42.158001000000006
            ],
            [
              1.4146589999999999,
              42.15792699999999
            ],
            [
              1.4143073373454391,
              42.1578150145624
            ],
            [
              1.4141983612656426,
              42.16217854508323
            ]
          ]
        ]
      }
    },
    {
      "type": "Feature",
      "properties": {
        "records": 24,
        "flora_records": 14,
        "fauna_records": 10,
        "latest_year": 2022.0,
        "knowledge_class": "Més informació publicada",
        "priority_hic_overlap": true,
        "connector_overlap": false,
        "prospecting_interest": false,
        "reason": "Cobertura de registres públics agregada; no descriu riquesa ni absència d’espècies."
      },
      "geometry": {
        "type": "Polygon",
        "coordinates": [
          [
            [
              1.4141983612656426,
              42.16217854508323
            ],
            [
              1.4139734424355384,
              42.17118149337028
            ],
            [
              1.4260760743166365,
              42.17134820750001
            ],
            [
              1.4262992785723796,
              42.16234520692186
            ],
            [
              1.4141983612656426,
              42.16217854508323
            ]
          ]
        ]
      }
    },
    {
      "type": "Feature",
      "properties": {
        "records": 43,
        "flora_records": 9,
        "fauna_records": 34,
        "latest_year": 2018.0,
        "knowledge_class": "Més informació publicada",
        "priority_hic_overlap": true,
        "connector_overlap": false,
        "prospecting_interest": false,
        "reason": "Cobertura de registres públics agregada; no descriu riquesa ni absència d’espècies."
      },
      "geometry": {
        "type": "Polygon",
        "coordinates": [
          [
            [
              1.4260760743166365,
              42.17134820750001
            ],
            [
              1.4139734424355384,
              42.17118149337028
            ],
            [
              1.4139534416482213,
              42.17198187582722
            ],
            [
              1.413998000000001,
              42.171991
            ],
            [
              1.4144860000000004,
              42.17207899999999
            ],
            [
              1.4151240000000007,
              42.17217499999998
            ],
            [
              1.4153550000000004,
              42.172228000000004
            ],
            [
              1.4153640000000005,
              42.17223399999999
            ],
            [
              1.4154050000000005,
              42.172435
            ],
            [
              1.4154330000000008,
              42.172639
            ],
            [
              1.4155040000000005,
              42.172837000000015
            ],
            [
              1.415631000000001,
              42.173051999999984
            ],
            [
              1.4157320000000002,
              42.173213
            ],
            [
              1.4158000000000008,
              42.173311
            ],
            [
              1.415857,
              42.173377
            ],
            [
              1.4160310000000005,
              42.17343099999998
            ],
            [
              1.4161840000000006,
              42.17342200000001
            ],
            [
              1.4162830000000006,
              42.17341600000001
            ],
            [
              1.4163660000000005,
              42.173418999999996
            ],
            [
              1.4164120000000004,
              42.17344700000001
            ],
            [
              1.41671,
              42.17353800000002
            ],
            [
              1.416945000000001,
              42.173652
            ],
            [
              1.4170510000000007,
              42.17372699999999
            ],
            [
              1.4171470000000002,
              42.17382799999999
            ],
            [
              1.4172440000000004,
              42.17389000000001
            ],
            [
              1.4173640000000003,
              42.17392499999998
            ],
            [
              1.4174760000000006,
              42.17390899999999
            ],
            [
              1.417564,
              42.17385700000002
            ],
            [
              1.4177310000000007,
              42.173957000000016
            ],
            [
              1.4177600000000006,
              42.17389100000002
            ],
            [
              1.4178030000000004,
              42.173843
            ],
            [
              1.4178810000000006,
              42.17381999999999
            ],
            [
              1.417943,
              42.173797
            ],
            [
              1.4180010000000003,
              42.173768
            ],
            [
              1.418086000000001,
              42.17368199999999
            ],
            [
              1.4181459999999997,
              42.173587000000005
            ],
            [
              1.4183250000000005,
              42.173668999999975
            ],
            [
              1.4184469999999998,
              42.173743
            ],
            [
              1.418571,
              42.173807000000004
            ],
            [
              1.4186510000000006,
              42.17387800000001
            ],
            [
              1.4187140000000007,
              42.17393199999999
            ],
            [
              1.4187460000000003,
              42.173959
            ],
            [
              1.4188649999999998,
              42.174028000000014
            ],
            [
              1.418949000000001,
              42.17406799999999
            ],
            [
              1.4191030000000004,
              42.17412699999999
            ],
            [
              1.4192480000000003,
              42.174184
            ],
            [
              1.419555952575891,
              42.17430244338642
            ],
            [
              1.4195990000000003,
              42.17431899999998
            ],
            [
              1.4198554369758838,
              42.17443095029611
            ],
            [
              1.4200640000000002,
              42.174522
            ],
            [
              1.4201549960695394,
              42.174556505344846
            ],
            [
              1.4203620000000001,
              42.17463500000001
            ],
            [
              1.4207543291610556,
              42.17479912206438
            ],
            [
              1.4208640000000006,
              42.17484500000001
            ],
            [
              1.421044,
              42.174923000000014
            ],
            [
              1.4213000000000002,
              42.175002000000006
            ],
            [
              1.4214060000000002,
              42.175046000000016
            ],
            [
              1.4216546429863337,
              42.17511055162944
            ],
            [
              1.4217180000000005,
              42.175127
            ],
            [
              1.4217930000000005,
              42.17514
            ],
            [
              1.4218730000000002,
              42.17513400000001
            ],
            [
              1.4220090000000005,
              42.17509699999999
            ],
            [
              1.422117,
              42.17507700000001
            ],
            [
              1.4221929999999996,
              42.17505100000002
            ],
            [
              1.4222640000000002,
              42.17504100000001
            ],
            [
              1.4223920000000012,
              42.175032999999985
            ],
            [
              1.4225430000000003,
              42.17503200000002
            ],
            [
              1.4227560000000006,
              42.17507399999999
            ],
            [
              1.4227880000000004,
              42.175081
            ],
            [
              1.4228540000000003,
              42.175114000000015
            ],
            [
              1.4228652871342922,
              42.175114880563086
            ],
            [
              1.4229950000000007,
              42.175125
            ],
            [
              1.4231570000000002,
              42.17500600000002
            ],
            [
              1.4232890000000007,
              42.174902
            ],
            [
              1.4233130000000007,
              42.17490900000002
            ],
            [
              1.423326,
              42.174958000000004
            ],
            [
              1.4232860000000005,
              42.175032000000016
            ],
            [
              1.4232560000000005,
              42.17510700000001
            ],
            [
              1.423249000000001,
              42.17521700000001
            ],
            [
              1.423289000000001,
              42.175216000000006
            ],
            [
              1.4233470000000006,
              42.175375999999986
            ],
            [
              1.4234550000000008,
              42.175305
            ],
            [
              1.4235060000000006,
              42.17524399999998
            ],
            [
              1.4235500000000008,
              42.17528599999999
            ],
            [
              1.4236010000000001,
              42.175361999999986
            ],
            [
              1.4236200000000003,
              42.17543700000001
            ],
            [
              1.4236079999999995,
              42.175468999999985
            ],
            [
              1.4237050000000002,
              42.175574
            ],
            [
              1.4237549999999999,
              42.17563499999999
            ],
            [
              1.423842,
              42.17571300000001
            ],
            [
              1.4238590000000002,
              42.17581600000001
            ],
            [
              1.4238780000000002,
              42.17594
            ],
            [
              1.4238870000000006,
              42.176019
            ],
            [
              1.4238910000000005,
              42.176084
            ],
            [
              1.4239080000000002,
              42.17622399999999
            ],
            [
              1.4239540000000004,
              42.176368
            ],
            [
              1.4240220000000003,
              42.17649599999999
            ],
            [
              1.4240820000000005,
              42.17663800000001
            ],
            [
              1.4242789999999999,
              42.17679600000001
            ],
            [
              1.424497,
              42.17691600000001
            ],
            [
              1.4244890000000006,
              42.177055
            ],
            [
              1.4245050000000001,
              42.177146
            ],
            [
              1.4245450000000002,
              42.177240000000005
            ],
            [
              1.4246100000000002,
              42.17733200000001
            ],
            [
              1.4246970000000003,
              42.177472
            ],
            [
              1.424737,
              42.177579000000016
            ],
            [
              1.4248270000000003,
              42.17773100000001
            ],
            [
              1.424915955181459,
              42.177860546427056
            ],
            [
              1.4249300000000005,
              42.17788100000001
            ],
            [
              1.4251850000000006,
              42.178056999999995
            ],
            [
              1.42537,
              42.17816900000002
            ],
            [
              1.4254930000000003,
              42.17824899999999
            ],
            [
              1.425677,
              42.178297
            ],
            [
              1.4257830000000002,
              42.17832999999999
            ],
            [
              1.425902548564272,
              42.17834456042202
            ],
            [
              1.4260760743166365,
              42.17134820750001
            ]
          ]
        ]
      }
    },
    {
      "type": "Feature",
      "properties": {
        "records": 1084,
        "flora_records": 5,
        "fauna_records": 1079,
        "latest_year": null,
        "knowledge_class": "Més informació publicada",
        "priority_hic_overlap": true,
        "connector_overlap": false,
        "prospecting_interest": false,
        "reason": "Cobertura de registres públics agregada; no descriu riquesa ni absència d’espècies."
      },
      "geometry": {
        "type": "Polygon",
        "coordinates": [
          [
            [
              1.425629359609347,
              42.189354163232586
            ],
            [
              1.4257870191619593,
              42.183001186334046
            ],
            [
              1.4257230000000007,
              42.18297999999998
            ],
            [
              1.4254170000000008,
              42.182915000000015
            ],
            [
              1.4254360000000006,
              42.183001
            ],
            [
              1.425419,
              42.183065000000006
            ],
            [
              1.4253650000000004,
              42.18312000000001
            ],
            [
              1.425250000000001,
              42.183133
            ],
            [
              1.4248000000000012,
              42.18305299999999
            ],
            [
              1.4244849235241965,
              42.18302893202331
            ],
            [
              1.4242240000000002,
              42.183009
            ],
            [
              1.424027,
              42.182993000000025
            ],
            [
              1.4238760000000008,
              42.183014
            ],
            [
              1.4237050000000002,
              42.18306299999997
            ],
            [
              1.4235753877670425,
              42.18308360506217
            ],
            [
              1.4235100000000007,
              42.18309399999999
            ],
            [
              1.4234510000000007,
              42.183097
            ],
            [
              1.423378000000001,
              42.183083999999994
            ],
            [
              1.4232390000000001,
              42.18306
            ],
            [
              1.4231550000000002,
              42.18305900000001
            ],
            [
              1.423053,
              42.183021000000004
            ],
            [
              1.4229500000000004,
              42.18299300000001
            ],
            [
              1.4228380000000005,
              42.18300399999998
            ],
            [
              1.4226970000000005,
              42.183005000000016
            ],
            [
              1.4226030000000003,
              42.182926
            ],
            [
              1.4224730762834448,
              42.182866557799514
            ],
            [
              1.4224500000000007,
              42.18285600000001
            ],
            [
              1.4223704805593742,
              42.18284244555312
            ],
            [
              1.422362000000001,
              42.182840999999996
            ],
            [
              1.4222470000000007,
              42.182823
            ],
            [
              1.422093,
              42.18284900000001
            ],
            [
              1.4219960000000007,
              42.182861
            ],
            [
              1.4218180000000007,
              42.18283500000001
            ],
            [
              1.4216480000000002,
              42.18285400000001
            ],
            [
              1.4215110000000004,
              42.182936
            ],
            [
              1.4214019999999998,
              42.183055999999986
            ],
            [
              1.4212730000000005,
              42.18299100000001
            ],
            [
              1.4210670000000007,
              42.182903000000024
            ],
            [
              1.4209120000000002,
              42.182878
            ],
            [
              1.4207089999999998,
              42.18283999999999
            ],
            [
              1.4205749999999997,
              42.182801
            ],
            [
              1.420352000000001,
              42.182837000000006
            ],
            [
              1.4201459999999997,
              42.18282300000001
            ],
            [
              1.4200030000000006,
              42.18278699999998
            ],
            [
              1.419899000000001,
              42.182738
            ],
            [
              1.4198030000000004,
              42.18267600000001
            ],
            [
              1.4197640000000002,
              42.18261299999999
            ],
            [
              1.4197530000000003,
              42.18247500000002
            ],
            [
              1.4197660000000005,
              42.18235400000002
            ],
            [
              1.419757,
              42.182247
            ],
            [
              1.4197160000000006,
              42.182189999999984
            ],
            [
              1.4196730111520497,
              42.18215255811335
            ],
            [
              1.4196540000000002,
              42.18213600000003
            ],
            [
              1.419556000000001,
              42.182067000000025
            ],
            [
              1.419369000000001,
              42.18198
            ],
            [
              1.419152000000001,
              42.181906
            ],
            [
              1.41896,
              42.181851000000016
            ],
            [
              1.4186560000000004,
              42.18180199999999
            ],
            [
              1.4182860000000002,
              42.181751999999996
            ],
            [
              1.4179120000000005,
              42.181721
            ],
            [
              1.417641,
              42.18172400000002
            ],
            [
              1.4173460000000007,
              42.181698999999995
            ],
            [
              1.4169740000000002,
              42.18170900000001
            ],
            [
              1.4167450000000006,
              42.18172799999999
            ],
            [
              1.4164660000000011,
              42.181795999999984
            ],
            [
              1.4161740000000007,
              42.18188599999999
            ],
            [
              1.4160030000000001,
              42.181986000000016
            ],
            [
              1.415758,
              42.18211000000002
            ],
            [
              1.4157284231920693,
              42.18212608987712
            ],
            [
              1.4153829999999994,
              42.18231399999999
            ],
            [
              1.4150430000000012,
              42.182498999999986
            ],
            [
              1.414767,
              42.18259700000001
            ],
            [
              1.4144980000000003,
              42.18268000000001
            ],
            [
              1.4142500000000005,
              42.182755
            ],
            [
              1.4140510000000008,
              42.18278699999998
            ],
            [
              1.4138870000000006,
              42.18278500000002
            ],
            [
              1.4137780000000004,
              42.182767
            ],
            [
              1.4137020000000005,
              42.18277499999999
            ],
            [
              1.4136830901563466,
              42.18279747778365
            ],
            [
              1.413633437625159,
              42.18478321448387
            ],
            [
              1.413734,
              42.184838
            ],
            [
              1.4140470000000007,
              42.185065000000016
            ],
            [
              1.4142740000000005,
              42.185233
            ],
            [
              1.4145070000000008,
              42.185391
            ],
            [
              1.414675,
              42.185480000000005
            ],
            [
              1.4147800000000001,
              42.185542
            ],
            [
              1.4151670000000005,
              42.18570299999999
            ],
            [
              1.4154920000000002,
              42.185845999999984
            ],
            [
              1.415805000000001,
              42.18595199999998
            ],
            [
              1.4161330000000005,
              42.186122999999995
            ],
            [
              1.4164370000000004,
              42.186286000000024
            ],
            [
              1.4166830000000001,
              42.18640600000001
            ],
            [
              1.4168900000000002,
              42.186527000000005
            ],
            [
              1.4170760000000004,
              42.18665000000001
            ],
            [
              1.4172260000000008,
              42.186797999999996
            ],
            [
              1.4173000000000011,
              42.186872000000015
            ],
            [
              1.4174579999999997,
              42.187014000000026
            ],
            [
              1.417551000000001,
              42.18711199999999
            ],
            [
              1.417585000000001,
              42.187282
            ],
            [
              1.4175890000000004,
              42.18740400000001
            ],
            [
              1.4175960000000005,
              42.18748300000001
            ],
            [
              1.417588,
              42.187563999999995
            ],
            [
              1.417549,
              42.187810000000006
            ],
            [
              1.4175090000000001,
              42.18800400000001
            ],
            [
              1.4175510000000004,
              42.188100000000006
            ],
            [
              1.4176320000000004,
              42.18819199999999
            ],
            [
              1.4176639999999998,
              42.18828199999999
            ],
            [
              1.4175880000000003,
              42.18829099999999
            ],
            [
              1.4174420000000008,
              42.188314000000005
            ],
            [
              1.4173080000000002,
              42.18835299999998
            ],
            [
              1.4171430000000005,
              42.188403
            ],
            [
              1.4170270000000005,
              42.18843400000001
            ],
            [
              1.4168729999999998,
              42.18848700000001
            ],
            [
              1.4168340000000004,
              42.188566999999985
            ],
            [
              1.4167950000000002,
              42.18865500000001
            ],
            [
              1.4167130000000006,
              42.188779
            ],
            [
              1.416555,
              42.18889100000001
            ],
            [
              1.416321,
              42.18902200000002
            ],
            [
              1.4161360000000014,
              42.189053999999985
            ],
            [
              1.4159740000000003,
              42.18904399999999
            ],
            [
              1.4158030000000008,
              42.189102
            ],
            [
              1.4156800000000005,
              42.189136000000005
            ],
            [
              1.415569000000001,
              42.18915899999998
            ],
            [
              1.4154500000000005,
              42.189173
            ],
            [
              1.4153702447371599,
              42.18921287764099
            ],
            [
              1.425629359609347,
              42.189354163232586
            ]
          ]
        ]
      }
    },
    {
      "type": "Feature",
      "properties": {
        "records": 9,
        "flora_records": 6,
        "fauna_records": 2,
        "latest_year": 2025.0,
        "knowledge_class": "Informació moderada",
        "priority_hic_overlap": false,
        "connector_overlap": false,
        "prospecting_interest": false,
        "reason": "Cobertura de registres públics agregada; no descriu riquesa ni absència d’espècies."
      },
      "geometry": {
        "type": "Polygon",
        "coordinates": [
          [
            [
              1.413298068744385,
              42.19819024729403
            ],
            [
              1.4254058490491055,
              42.198357118385076
            ],
            [
              1.425629359609347,
              42.189354163232586
            ],
            [
              1.4153702447371599,
              42.18921287764099
            ],
            [
              1.415356,
              42.18922000000001
            ],
            [
              1.414886,
              42.18943100000001
            ],
            [
              1.4148130000000005,
              42.18946599999998
            ],
            [
              1.4147190000000007,
              42.18951599999998
            ],
            [
              1.414619000000001,
              42.189569000000006
            ],
            [
              1.4140710000000005,
              42.18982500000002
            ],
            [
              1.413502984669772,
              42.18999941754229
            ],
            [
              1.413298068744385,
              42.19819024729403
            ]
          ]
        ]
      }
    },
    {
      "type": "Feature",
      "properties": {
        "records": 0,
        "flora_records": 0,
        "fauna_records": 0,
        "latest_year": null,
        "knowledge_class": "Pràcticament sense dades",
        "priority_hic_overlap": false,
        "connector_overlap": false,
        "prospecting_interest": false,
        "reason": "Cobertura de registres públics agregada; no descriu riquesa ni absència d’espècies."
      },
      "geometry": {
        "type": "Polygon",
        "coordinates": [
          [
            [
              1.413298068744385,
              42.19819024729403
            ],
            [
              1.4130727382644375,
              42.207193134952824
            ],
            [
              1.4251822362785993,
              42.20736005839368
            ],
            [
              1.4254058490491055,
              42.198357118385076
            ],
            [
              1.413298068744385,
              42.19819024729403
            ]
          ],
          [
            [
              1.4201880000000007,
              42.199099
            ],
            [
              1.4201700000000002,
              42.19925900000001
            ],
            [
              1.4201210000000004,
              42.19940700000001
            ],
            [
              1.4201630000000003,
              42.199468999999986
            ],
            [
              1.4201040000000014,
              42.199535
            ],
            [
              1.4200990000000004,
              42.199572999999994
            ],
            [
              1.4201389999999998,
              42.19962500000001
            ],
            [
              1.4202400000000004,
              42.199677
            ],
            [
              1.420356,
              42.199712
            ],
            [
              1.4202160000000006,
              42.200013
            ],
            [
              1.4201560000000009,
              42.20018000000001
            ],
            [
              1.4200800000000007,
              42.200458
            ],
            [
              1.419997,
              42.200928
            ],
            [
              1.4187900000000004,
              42.201021000000004
            ],
            [
              1.4180630000000003,
              42.199933
            ],
            [
              1.4179370000000004,
              42.199721
            ],
            [
              1.417888,
              42.199608
            ],
            [
              1.4182200000000003,
              42.199313
            ],
            [
              1.4186040000000006,
              42.19892500000002
            ],
            [
              1.4189410000000002,
              42.19854699999999
            ],
            [
              1.4190270000000005,
              42.19843900000001
            ],
            [
              1.419172000000001,
              42.198444999999985
            ],
            [
              1.4192370000000005,
              42.198463
            ],
            [
              1.4194480000000003,
              42.19852799999999
            ],
            [
              1.4195340000000007,
              42.19855299999999
            ],
            [
              1.419646,
              42.198606
            ],
            [
              1.4198120000000005,
              42.19868400000001
            ],
            [
              1.4199460000000002,
              42.19877600000001
            ],
            [
              1.4200500000000003,
              42.198882
            ],
            [
              1.420189000000001,
              42.199037
            ],
            [
              1.4201880000000007,
              42.199099
            ]
          ]
        ]
      }
    },
    {
      "type": "Feature",
      "properties": {
        "records": 1,
        "flora_records": 0,
        "fauna_records": 0,
        "latest_year": null,
        "knowledge_class": "Poca informació",
        "priority_hic_overlap": false,
        "connector_overlap": false,
        "prospecting_interest": false,
        "reason": "Cobertura de registres públics agregada; no descriu riquesa ni absència d’espècies."
      },
      "geometry": {
        "type": "Polygon",
        "coordinates": [
          [
            [
              1.4128473047349608,
              42.216196007452105
            ],
            [
              1.4249585212433775,
              42.216362983257476
            ],
            [
              1.4251822362785993,
              42.20736005839368
            ],
            [
              1.4130727382644375,
              42.207193134952824
            ],
            [
              1.4129991278287473,
              42.21013328225622
            ],
            [
              1.4130740000000006,
              42.2102
            ],
            [
              1.413128,
              42.21026599999999
            ],
            [
              1.413159000000001,
              42.210334
            ],
            [
              1.4131970000000005,
              42.210446
            ],
            [
              1.4132330000000006,
              42.210497999999994
            ],
            [
              1.413262,
              42.210524
            ],
            [
              1.4133150000000003,
              42.210632
            ],
            [
              1.4133890000000007,
              42.210731
            ],
            [
              1.4134330000000004,
              42.210842000000014
            ],
            [
              1.4131850000000001,
              42.210816
            ],
            [
              1.412982642966174,
              42.21079166009022
            ],
            [
              1.4129757381802779,
              42.21106741912254
            ],
            [
              1.4130710000000002,
              42.211200000000005
            ],
            [
              1.4131950000000006,
              42.21138800000001
            ],
            [
              1.4132410000000002,
              42.21146600000001
            ],
            [
              1.4132439999999997,
              42.211511999999985
            ],
            [
              1.4132330000000008,
              42.21153900000002
            ],
            [
              1.4132149999999999,
              42.211571000000006
            ],
            [
              1.4131899999999995,
              42.211612
            ],
            [
              1.4131620000000003,
              42.211678000000006
            ],
            [
              1.4131300000000002,
              42.21174800000001
            ],
            [
              1.4131,
              42.211848999999994
            ],
            [
              1.413078000000001,
              42.211929000000005
            ],
            [
              1.413046000000001,
              42.211977999999995
            ],
            [
              1.413008000000001,
              42.212006
            ],
            [
              1.412983000000001,
              42.21200899999999
            ],
            [
              1.4129730000000003,
              42.212005
            ],
            [
              1.4129620000000005,
              42.21199199999999
            ],
            [
              1.4129580000000002,
              42.21197500000001
            ],
            [
              1.412953401059087,
              42.21195947858364
            ],
            [
              1.4129363417766039,
              42.21264073396938
            ],
            [
              1.4129750000000003,
              42.21279700000001
            ],
            [
              1.4130200000000004,
              42.212896000000015
            ],
            [
              1.4130590000000003,
              42.212972000000015
            ],
            [
              1.4130879999999997,
              42.21301100000001
            ],
            [
              1.4131130000000003,
              42.213033999999986
            ],
            [
              1.4131490000000004,
              42.21305600000001
            ],
            [
              1.4132090000000008,
              42.21307900000001
            ],
            [
              1.4132370000000003,
              42.213084
            ],
            [
              1.4132650000000007,
              42.213087000000016
            ],
            [
              1.413292,
              42.21308100000001
            ],
            [
              1.4133190000000007,
              42.21305299999999
            ],
            [
              1.4133480000000003,
              42.213024000000004
            ],
            [
              1.413370000000001,
              42.21300599999999
            ],
            [
              1.4133880000000005,
              42.21299399999999
            ],
            [
              1.413425,
              42.212990000000005
            ],
            [
              1.4134780000000007,
              42.213004000000005
            ],
            [
              1.4135190000000002,
              42.213014
            ],
            [
              1.4133610000000003,
              42.213173999999995
            ],
            [
              1.4132099999999996,
              42.213299000000006
            ],
            [
              1.412981000000001,
              42.213454
            ],
            [
              1.4129150416207994,
              42.21349131366612
            ],
            [
              1.4129112121059988,
              42.21364423387273
            ],
            [
              1.4131930000000006,
              42.21353100000001
            ],
            [
              1.413637000000001,
              42.21331200000001
            ],
            [
              1.4140350000000004,
              42.21315400000001
            ],
            [
              1.4142590000000008,
              42.213104
            ],
            [
              1.414396,
              42.213097
            ],
            [
              1.4144619999999999,
              42.21310799999999
            ],
            [
              1.4145200000000002,
              42.213121000000015
            ],
            [
              1.4145910000000006,
              42.213142
            ],
            [
              1.4146600000000007,
              42.213176
            ],
            [
              1.414718,
              42.213163
            ],
            [
              1.4147590000000003,
              42.213164000000006
            ],
            [
              1.4148629999999998,
              42.213180000000015
            ],
            [
              1.415012,
              42.21320599999999
            ],
            [
              1.4150130000000005,
              42.213308000000005
            ],
            [
              1.4150030000000007,
              42.213395000000006
            ],
            [
              1.4149930000000008,
              42.21345899999999
            ],
            [
              1.4149980000000002,
              42.213518
            ],
            [
              1.4150180000000006,
              42.213573999999994
            ],
            [
              1.4150350000000007,
              42.21361100000002
            ],
            [
              1.415067,
              42.21365500000001
            ],
            [
              1.415081,
              42.213691000000004
            ],
            [
              1.415074,
              42.21375100000001
            ],
            [
              1.4150420000000006,
              42.213885000000005
            ],
            [
              1.4150090000000006,
              42.21400100000002
            ],
            [
              1.4150510000000003,
              42.214058
            ],
            [
              1.4150770000000004,
              42.214098
            ],
            [
              1.4151410000000009,
              42.21418200000001
            ],
            [
              1.4151510000000005,
              42.21423400000001
            ],
            [
              1.4151539999999998,
              42.21429899999999
            ],
            [
              1.4151310000000001,
              42.214384
            ],
            [
              1.415121000000001,
              42.214466000000016
            ],
            [
              1.4150860000000003,
              42.21453399999999
            ],
            [
              1.4150260000000003,
              42.214556000000016
            ],
            [
              1.4149220000000005,
              42.214568000000014
            ],
            [
              1.414742,
              42.21456600000001
            ],
            [
              1.414477,
              42.214542999999985
            ],
            [
              1.4143640000000002,
              42.214521000000005
            ],
            [
              1.4141860000000004,
              42.21446899999999
            ],
            [
              1.4139640000000004,
              42.21438800000002
            ],
            [
              1.4136600000000004,
              42.21429399999999
            ],
            [
              1.4134360000000004,
              42.21423699999999
            ],
            [
              1.4131970000000003,
              42.214206000000004
            ],
            [
              1.412978,
              42.21420100000001
            ],
            [
              1.4129260000000008,
              42.21421199999999
            ],
            [
              1.4128968039602179,
              42.214219569351926
            ],
            [
              1.4128473047349608,
              42.216196007452105
            ]
          ],
          [
            [
              1.4154380000000002,
              42.21422999999999
            ],
            [
              1.4155129999999996,
              42.21413200000001
            ],
            [
              1.4155720000000005,
              42.21408700000002
            ],
            [
              1.4155960000000007,
              42.21408099999999
            ],
            [
              1.4156240000000007,
              42.21409
            ],
            [
              1.4156420000000003,
              42.21410600000001
            ],
            [
              1.4156550000000006,
              42.214138
            ],
            [
              1.4156510000000004,
              42.21416
            ],
            [
              1.4156520000000001,
              42.21418
            ],
            [
              1.415665000000001,
              42.21419600000001
            ],
            [
              1.415694,
              42.214206000000004
            ],
            [
              1.4157160000000006,
              42.21420299999998
            ],
            [
              1.4157359999999999,
              42.21420199999998
            ],
            [
              1.4157610000000007,
              42.21419499999999
            ],
            [
              1.4157870000000004,
              42.214186000000005
            ],
            [
              1.4158070000000005,
              42.214190999999985
            ],
            [
              1.4158110000000008,
              42.214211000000006
            ],
            [
              1.4158039999999996,
              42.21426900000001
            ],
            [
              1.4157680000000006,
              42.21433299999999
            ],
            [
              1.4157360000000008,
              42.21437799999999
            ],
            [
              1.4156850000000007,
              42.21444000000001
            ],
            [
              1.4156370000000005,
              42.214489
            ],
            [
              1.4156019999999998,
              42.214516000000025
            ],
            [
              1.4155720000000005,
              42.21452800000001
            ],
            [
              1.4155360000000003,
              42.214521
            ],
            [
              1.4154880000000003,
              42.214505999999986
            ],
            [
              1.4154280000000008,
              42.21449000000001
            ],
            [
              1.415329000000001,
              42.21448899999999
            ],
            [
              1.415277,
              42.21448300000001
            ],
            [
              1.4152449999999999,
              42.21446699999999
            ],
            [
              1.4152310000000001,
              42.214452000000016
            ],
            [
              1.4152270000000005,
              42.21442799999999
            ],
            [
              1.415244,
              42.21438899999999
            ],
            [
              1.415287000000001,
              42.21432999999998
            ],
            [
              1.4153590000000007,
              42.214305999999986
            ],
            [
              1.4153950000000002,
              42.214283000000016
            ],
            [
              1.4154380000000002,
              42.21422999999999
            ]
          ]
        ]
      }
    },
    {
      "type": "Feature",
      "properties": {
        "records": 0,
        "flora_records": 0,
        "fauna_records": 0,
        "latest_year": null,
        "knowledge_class": "Pràcticament sense dades",
        "priority_hic_overlap": true,
        "connector_overlap": false,
        "prospecting_interest": true,
        "reason": "Coneixement públic escàs coincident amb HIC prioritari"
      },
      "geometry": {
        "type": "Polygon",
        "coordinates": [
          [
            [
              1.4249585212433775,
              42.216362983257476
            ],
            [
              1.4128473047349608,
              42.216196007452105
            ],
            [
              1.4126762871601928,
              42.223022979205616
            ],
            [
              1.4131220000000002,
              42.22277399999999
            ],
            [
              1.4134010000000006,
              42.22265900000002
            ],
            [
              1.4136290000000005,
              42.222576999999994
            ],
            [
              1.413762000000001,
              42.22254100000001
            ],
            [
              1.4140480000000002,
              42.222463000000005
            ],
            [
              1.4146620000000005,
              42.222299
            ],
            [
              1.4152739999999997,
              42.222110000000015
            ],
            [
              1.4155779999999996,
              42.222008000000024
            ],
            [
              1.4159660000000005,
              42.221879000000015
            ],
            [
              1.416856000000001,
              42.221558999999985
            ],
            [
              1.4168830000000008,
              42.22155100000001
            ],
            [
              1.4177290000000013,
              42.221291
            ],
            [
              1.417955,
              42.22118300000001
            ],
            [
              1.4181770000000005,
              42.221058000000006
            ],
            [
              1.4186960000000006,
              42.22082599999999
            ],
            [
              1.419415000000001,
              42.22057300000002
            ],
            [
              1.420009,
              42.220377000000006
            ],
            [
              1.4201990000000004,
              42.22031400000001
            ],
            [
              1.4203899999999996,
              42.22023800000002
            ],
            [
              1.4204370000000004,
              42.22022599999999
            ],
            [
              1.420862,
              42.22026100000001
            ],
            [
              1.421551000000001,
              42.220382
            ],
            [
              1.4222480000000004,
              42.220424999999985
            ],
            [
              1.4227470000000004,
              42.22041999999998
            ],
            [
              1.4231060000000006,
              42.22038600000001
            ],
            [
              1.423311000000001,
              42.22036700000001
            ],
            [
              1.4237059999999997,
              42.220341000000026
            ],
            [
              1.4240360000000014,
              42.220284999999976
            ],
            [
              1.4242480000000004,
              42.220247
            ],
            [
              1.4246410000000007,
              42.220182999999984
            ],
            [
              1.4248643152120948,
              42.22015286410558
            ],
            [
              1.4249585212433775,
              42.216362983257476
            ]
          ]
        ]
      }
    },
    {
      "type": "Feature",
      "properties": {
        "records": 0,
        "flora_records": 0,
        "fauna_records": 0,
        "latest_year": null,
        "knowledge_class": "Pràcticament sense dades",
        "priority_hic_overlap": false,
        "connector_overlap": false,
        "prospecting_interest": false,
        "reason": "Cobertura de registres públics agregada; no descriu riquesa ni absència d’espècies."
      },
      "geometry": {
        "type": "Polygon",
        "coordinates": [
          [
            [
              1.4386216862889782,
              42.15350752537066
            ],
            [
              1.4386909993429238,
              42.15068796462199
            ],
            [
              1.4386250000000007,
              42.150724000000004
            ],
            [
              1.4382090000000007,
              42.15100600000001
            ],
            [
              1.4380950000000003,
              42.151105
            ],
            [
              1.4380070000000003,
              42.15128300000001
            ],
            [
              1.4379420000000003,
              42.151495
            ],
            [
              1.4378890000000006,
              42.15169999999999
            ],
            [
              1.4378210000000002,
              42.151883000000005
            ],
            [
              1.4377360000000003,
              42.15208299999998
            ],
            [
              1.4376090000000004,
              42.15228
            ],
            [
              1.4374700000000007,
              42.15243600000001
            ],
            [
              1.437125,
              42.152665
            ],
            [
              1.4368430000000003,
              42.152867000000015
            ],
            [
              1.4365180000000004,
              42.15319199999999
            ],
            [
              1.4362700000000002,
              42.153357000000014
            ],
            [
              1.4360302382277497,
              42.153472221289086
            ],
            [
              1.4386216862889782,
              42.15350752537066
            ]
          ]
        ]
      }
    },
    {
      "type": "Feature",
      "properties": {
        "records": 145,
        "flora_records": 2,
        "fauna_records": 143,
        "latest_year": 2019.0,
        "knowledge_class": "Més informació publicada",
        "priority_hic_overlap": false,
        "connector_overlap": false,
        "prospecting_interest": false,
        "reason": "Cobertura de registres públics agregada; no descriu riquesa ni absència d’espècies."
      },
      "geometry": {
        "type": "Polygon",
        "coordinates": [
          [
            [
              1.4262992785723796,
              42.16234520692186
            ],
            [
              1.4384002978719836,
              42.16251059296525
            ],
            [
              1.4386216862889782,
              42.15350752537066
            ],
            [
              1.4360302382277497,
              42.153472221289086
            ],
            [
              1.4359870000000006,
              42.153493000000026
            ],
            [
              1.435588,
              42.15360999999999
            ],
            [
              1.4351710000000006,
              42.15371199999999
            ],
            [
              1.4348029999999998,
              42.15375699999999
            ],
            [
              1.4345070000000009,
              42.153705
            ],
            [
              1.4342960000000005,
              42.154471999999984
            ],
            [
              1.4341520000000012,
              42.15508400000001
            ],
            [
              1.4340510000000002,
              42.15545000000001
            ],
            [
              1.4340870000000001,
              42.15545500000001
            ],
            [
              1.4340660000000003,
              42.155542999999994
            ],
            [
              1.4340210000000009,
              42.15567099999999
            ],
            [
              1.4339720000000007,
              42.155835
            ],
            [
              1.4339460000000008,
              42.15602
            ],
            [
              1.4339430000000006,
              42.15604199999999
            ],
            [
              1.433910000000001,
              42.156102999999995
            ],
            [
              1.4338280000000005,
              42.15621300000001
            ],
            [
              1.4337129999999998,
              42.156351000000015
            ],
            [
              1.4335820000000006,
              42.15647200000001
            ],
            [
              1.4334209999999998,
              42.156611999999996
            ],
            [
              1.4333070000000008,
              42.156703
            ],
            [
              1.4330810000000005,
              42.15686100000001
            ],
            [
              1.4328410000000005,
              42.15705399999999
            ],
            [
              1.432600000000001,
              42.157253000000004
            ],
            [
              1.4324370000000006,
              42.15739599999999
            ],
            [
              1.4323420000000007,
              42.157512000000004
            ],
            [
              1.4321920000000004,
              42.157617000000016
            ],
            [
              1.431961,
              42.157782
            ],
            [
              1.4317660000000003,
              42.157924
            ],
            [
              1.4317269999999997,
              42.15797000000002
            ],
            [
              1.4317130000000005,
              42.158032999999996
            ],
            [
              1.4317400000000005,
              42.158101000000016
            ],
            [
              1.4317690000000007,
              42.15818800000001
            ],
            [
              1.4317690000000007,
              42.15830299999999
            ],
            [
              1.4317660000000008,
              42.158442000000015
            ],
            [
              1.431727,
              42.15862099999998
            ],
            [
              1.4316750000000005,
              42.15882100000001
            ],
            [
              1.4316140000000002,
              42.15896700000001
            ],
            [
              1.4315390000000003,
              42.15908499999999
            ],
            [
              1.4313970000000005,
              42.159212000000004
            ],
            [
              1.4313070000000006,
              42.15928900000001
            ],
            [
              1.4310670000000005,
              42.15942000000002
            ],
            [
              1.4310460000000007,
              42.159398
            ],
            [
              1.430794,
              42.159384
            ],
            [
              1.4302640000000009,
              42.159311999999986
            ],
            [
              1.429508,
              42.159274
            ],
            [
              1.4294830000000003,
              42.159295
            ],
            [
              1.4292210000000003,
              42.15919800000001
            ],
            [
              1.4290110000000007,
              42.159124999999996
            ],
            [
              1.4288190000000007,
              42.15908699999999
            ],
            [
              1.4286060000000007,
              42.15907900000001
            ],
            [
              1.4284190000000003,
              42.159086000000016
            ],
            [
              1.4282400000000004,
              42.15910800000001
            ],
            [
              1.428142,
              42.15914200000001
            ],
            [
              1.4279950000000008,
              42.159227999999985
            ],
            [
              1.4277390000000005,
              42.15932300000002
            ],
            [
              1.427400000000001,
              42.15943399999999
            ],
            [
              1.4270460000000003,
              42.15951300000002
            ],
            [
              1.4268270000000005,
              42.15952700000001
            ],
            [
              1.4266830000000006,
              42.159507000000005
            ],
            [
              1.4264240000000001,
              42.159487000000006
            ],
            [
              1.4263701184196758,
              42.15948700000095
            ],
            [
              1.4262992785723796,
              42.16234520692186
            ]
          ]
        ]
      }
    },
    {
      "type": "Feature",
      "properties": {
        "records": 22,
        "flora_records": 2,
        "fauna_records": 20,
        "latest_year": 2025.0,
        "knowledge_class": "Més informació publicada",
        "priority_hic_overlap": false,
        "connector_overlap": false,
        "prospecting_interest": false,
        "reason": "Cobertura de registres públics agregada; no descriu riquesa ni absència d’espècies."
      },
      "geometry": {
        "type": "Polygon",
        "coordinates": [
          [
            [
              1.4262992785723796,
              42.16234520692186
            ],
            [
              1.4260760743166365,
              42.17134820750001
            ],
            [
              1.438178808244886,
              42.17151364543446
            ],
            [
              1.4384002978719836,
              42.16251059296525
            ],
            [
              1.4262992785723796,
              42.16234520692186
            ]
          ]
        ]
      }
    },
    {
      "type": "Feature",
      "properties": {
        "records": 260,
        "flora_records": 76,
        "fauna_records": 184,
        "latest_year": 2026.0,
        "knowledge_class": "Més informació publicada",
        "priority_hic_overlap": false,
        "connector_overlap": false,
        "prospecting_interest": false,
        "reason": "Cobertura de registres públics agregada; no descriu riquesa ni absència d’espècies."
      },
      "geometry": {
        "type": "Polygon",
        "coordinates": [
          [
            [
              1.4379572173538175,
              42.18051668277732
            ],
            [
              1.438178808244886,
              42.17151364543446
            ],
            [
              1.4260760743166365,
              42.17134820750001
            ],
            [
              1.425902548564272,
              42.17834456042202
            ],
            [
              1.425939,
              42.178349000000004
            ],
            [
              1.426161000000001,
              42.178388
            ],
            [
              1.4264970000000001,
              42.178471
            ],
            [
              1.426897,
              42.17859600000001
            ],
            [
              1.4272150000000008,
              42.17875
            ],
            [
              1.4274720000000007,
              42.178906999999995
            ],
            [
              1.4276569999999997,
              42.17900800000001
            ],
            [
              1.427885,
              42.179036000000025
            ],
            [
              1.427913858585147,
              42.17903543692788
            ],
            [
              1.4280900000000007,
              42.179032
            ],
            [
              1.4284790000000007,
              42.179016999999995
            ],
            [
              1.4287950000000007,
              42.17897399999999
            ],
            [
              1.4290480000000005,
              42.178965999999996
            ],
            [
              1.4290900000000004,
              42.179059
            ],
            [
              1.4291720000000003,
              42.179148999999995
            ],
            [
              1.4292660000000004,
              42.179175000000015
            ],
            [
              1.4293890000000005,
              42.17917500000002
            ],
            [
              1.4296280000000008,
              42.179069999999996
            ],
            [
              1.429817000000001,
              42.17900300000001
            ],
            [
              1.429834,
              42.179026000000015
            ],
            [
              1.4301440000000005,
              42.17915299999999
            ],
            [
              1.4302380000000001,
              42.17920700000001
            ],
            [
              1.4302910000000004,
              42.17923699999999
            ],
            [
              1.4304220000000005,
              42.17929500000001
            ],
            [
              1.4304170000000003,
              42.179264
            ],
            [
              1.430457,
              42.17925999999999
            ],
            [
              1.4305940000000001,
              42.17937099999999
            ],
            [
              1.4307960000000006,
              42.17956399999999
            ],
            [
              1.430938000000001,
              42.179715
            ],
            [
              1.4309929999999997,
              42.17980400000001
            ],
            [
              1.4309790000000004,
              42.17987200000001
            ],
            [
              1.430848,
              42.18008300000001
            ],
            [
              1.4306680000000005,
              42.18032600000001
            ],
            [
              1.4305974692838912,
              42.18041621392818
            ],
            [
              1.4316715288382684,
              42.18043090549429
            ],
            [
              1.4316700000000002,
              42.18036699999999
            ],
            [
              1.4316920000000009,
              42.18025600000001
            ],
            [
              1.4317490000000002,
              42.18016000000001
            ],
            [
              1.4318280000000003,
              42.18010700000001
            ],
            [
              1.4319450000000005,
              42.180087
            ],
            [
              1.432116,
              42.18010200000002
            ],
            [
              1.4323120000000005,
              42.18012
            ],
            [
              1.4325790000000005,
              42.180164999999995
            ],
            [
              1.432914,
              42.18021800000001
            ],
            [
              1.4332379999999998,
              42.180260000000004
            ],
            [
              1.4334500000000006,
              42.18027299999999
            ],
            [
              1.4336370000000012,
              42.180262
            ],
            [
              1.433818,
              42.18023000000001
            ],
            [
              1.4340180000000007,
              42.18015900000002
            ],
            [
              1.4341660000000005,
              42.180144
            ],
            [
              1.434444000000001,
              42.18015200000001
            ],
            [
              1.434815,
              42.18019
            ],
            [
              1.4351220000000005,
              42.18023
            ],
            [
              1.4352470000000004,
              42.180305000000004
            ],
            [
              1.4353879999999997,
              42.180409000000004
            ],
            [
              1.4355612091392875,
              42.18048402643594
            ],
            [
              1.4379572173538175,
              42.18051668277732
            ]
          ],
          [
            [
              1.4321990000000004,
              42.176494999999996
            ],
            [
              1.4320650000000006,
              42.176332000000016
            ],
            [
              1.4319440000000012,
              42.176181000000014
            ],
            [
              1.43193,
              42.176156000000006
            ],
            [
              1.4321280000000005,
              42.176057
            ],
            [
              1.4322570000000006,
              42.17595800000001
            ],
            [
              1.432331,
              42.175898000000004
            ],
            [
              1.4323600000000005,
              42.175834
            ],
            [
              1.4323590000000006,
              42.175813999999995
            ],
            [
              1.4323950000000005,
              42.175809999999984
            ],
            [
              1.4325720000000006,
              42.175811999999986
            ],
            [
              1.4328,
              42.175845
            ],
            [
              1.4330160000000003,
              42.175892000000005
            ],
            [
              1.4331270000000003,
              42.175907999999986
            ],
            [
              1.4332020000000005,
              42.175929000000004
            ],
            [
              1.4332000000000003,
              42.175947999999984
            ],
            [
              1.4332030000000002,
              42.176003999999985
            ],
            [
              1.4332260000000003,
              42.176238999999995
            ],
            [
              1.4328540000000005,
              42.17632699999999
            ],
            [
              1.4324330000000005,
              42.17642200000002
            ],
            [
              1.4321990000000004,
              42.176494999999996
            ]
          ]
        ]
      }
    },
    {
      "type": "Feature",
      "properties": {
        "records": 262,
        "flora_records": 20,
        "fauna_records": 227,
        "latest_year": 2025.0,
        "knowledge_class": "Més informació publicada",
        "priority_hic_overlap": true,
        "connector_overlap": false,
        "prospecting_interest": false,
        "reason": "Cobertura de registres públics agregada; no descriu riquesa ni absència d’espècies."
      },
      "geometry": {
        "type": "MultiPolygon",
        "coordinates": [
          [
            [
              [
                1.4379572173538175,
                42.18051668277732
              ],
              [
                1.4355612091392875,
                42.18048402643594
              ],
              [
                1.4355750000000007,
                42.180489999999985
              ],
              [
                1.4358740000000003,
                42.18052699999999
              ],
              [
                1.4361609999999998,
                42.180596000000016
              ],
              [
                1.4362879999999998,
                42.18062399999998
              ],
              [
                1.4362690000000002,
                42.180724000000005
              ],
              [
                1.4364060000000005,
                42.18078900000001
              ],
              [
                1.4363750000000008,
                42.180944000000004
              ],
              [
                1.4363110000000003,
                42.181101
              ],
              [
                1.4362930000000005,
                42.181174000000006
              ],
              [
                1.4362920000000001,
                42.181276
              ],
              [
                1.4363500000000002,
                42.18137699999998
              ],
              [
                1.4363170000000005,
                42.18151
              ],
              [
                1.436235000000001,
                42.18160700000001
              ],
              [
                1.436099000000001,
                42.181702
              ],
              [
                1.4361730000000004,
                42.181796999999996
              ],
              [
                1.4361700000000002,
                42.18196800000002
              ],
              [
                1.4361070000000002,
                42.182141999999985
              ],
              [
                1.4360140000000006,
                42.182254
              ],
              [
                1.435912000000001,
                42.18233000000001
              ],
              [
                1.4357730000000006,
                42.18238600000001
              ],
              [
                1.4355949999999997,
                42.18241200000001
              ],
              [
                1.435378,
                42.182410000000004
              ],
              [
                1.4353159999999996,
                42.182615000000006
              ],
              [
                1.4353060000000004,
                42.18271000000001
              ],
              [
                1.4352290000000008,
                42.18288200000001
              ],
              [
                1.435114,
                42.18308199999999
              ],
              [
                1.4350600000000007,
                42.18317000000001
              ],
              [
                1.4350340000000006,
                42.183211000000014
              ],
              [
                1.4350729999999998,
                42.183228000000014
              ],
              [
                1.4350350000000005,
                42.18339000000002
              ],
              [
                1.4350730000000005,
                42.18337299999999
              ],
              [
                1.4351860000000005,
                42.183358999999996
              ],
              [
                1.43542,
                42.183347
              ],
              [
                1.4358839999999997,
                42.18329200000001
              ],
              [
                1.4362529999999998,
                42.18326299999999
              ],
              [
                1.4365390000000007,
                42.183261
              ],
              [
                1.436731,
                42.183273999999976
              ],
              [
                1.4369210000000006,
                42.183285000000005
              ],
              [
                1.4371359999999997,
                42.18332500000001
              ],
              [
                1.4373990000000003,
                42.183368
              ],
              [
                1.4377120000000003,
                42.183466
              ],
              [
                1.437883404506482,
                42.183514715074
              ],
              [
                1.4379572173538175,
                42.18051668277732
              ]
            ]
          ],
          [
            [
              [
                1.425629359609347,
                42.189354163232586
              ],
              [
                1.4322314146997688,
                42.18944459933922
              ],
              [
                1.4321940000000009,
                42.189402999999984
              ],
              [
                1.4320770000000005,
                42.189254999999996
              ],
              [
                1.4319830000000002,
                42.189102
              ],
              [
                1.4318960000000003,
                42.18896200000002
              ],
              [
                1.4317790000000006,
                42.18882299999999
              ],
              [
                1.4316100000000005,
                42.188679999999984
              ],
              [
                1.4315460000000007,
                42.18859199999999
              ],
              [
                1.4315360000000004,
                42.18853000000001
              ],
              [
                1.4313650000000004,
                42.18851899999999
              ],
              [
                1.431063,
                42.188491000000006
              ],
              [
                1.4309080000000003,
                42.188518999999985
              ],
              [
                1.4308170000000004,
                42.188555
              ],
              [
                1.4307330000000003,
                42.18858699999999
              ],
              [
                1.4306580000000007,
                42.188562000000005
              ],
              [
                1.430663000000001,
                42.18844100000001
              ],
              [
                1.4307250000000007,
                42.18820100000001
              ],
              [
                1.4306829999999997,
                42.18804200000002
              ],
              [
                1.4305350000000003,
                42.18784300000002
              ],
              [
                1.4304120000000007,
                42.187694999999984
              ],
              [
                1.4302990000000002,
                42.18756400000001
              ],
              [
                1.4302870000000008,
                42.187521
              ],
              [
                1.4302320000000008,
                42.18748399999999
              ],
              [
                1.4301370000000002,
                42.187463000000015
              ],
              [
                1.42999,
                42.18744200000001
              ],
              [
                1.4298600000000004,
                42.18742900000001
              ],
              [
                1.4297480000000007,
                42.18736500000001
              ],
              [
                1.4297200000000003,
                42.18729299999999
              ],
              [
                1.4296980000000008,
                42.18718100000001
              ],
              [
                1.429636000000001,
                42.18707199999998
              ],
              [
                1.4295420000000008,
                42.18695699999999
              ],
              [
                1.4294260000000003,
                42.18683200000001
              ],
              [
                1.4293320000000005,
                42.186662
              ],
              [
                1.4292420000000006,
                42.18643900000001
              ],
              [
                1.429130000000001,
                42.186261000000016
              ],
              [
                1.429003,
                42.186147
              ],
              [
                1.4287740000000007,
                42.18607599999999
              ],
              [
                1.428528,
                42.18606000000001
              ],
              [
                1.4283690000000009,
                42.186082
              ],
              [
                1.4281830000000002,
                42.18611699999999
              ],
              [
                1.4279509999999997,
                42.186107000000014
              ],
              [
                1.427768,
                42.186069000000025
              ],
              [
                1.4275730000000002,
                42.18598400000002
              ],
              [
                1.42734,
                42.185881000000016
              ],
              [
                1.4271540000000005,
                42.18583900000001
              ],
              [
                1.426992,
                42.18581600000002
              ],
              [
                1.4268110000000012,
                42.185752999999984
              ],
              [
                1.426565000000001,
                42.18571700000001
              ],
              [
                1.426212,
                42.185683
              ],
              [
                1.426376000000001,
                42.18545799999999
              ],
              [
                1.426543,
                42.185231000000016
              ],
              [
                1.4266650000000007,
                42.18507400000001
              ],
              [
                1.4267300000000005,
                42.184998000000014
              ],
              [
                1.427082,
                42.18481700000002
              ],
              [
                1.4274010000000004,
                42.18462700000002
              ],
              [
                1.4277110000000004,
                42.184435
              ],
              [
                1.4279500000000005,
                42.184251
              ],
              [
                1.4278940000000007,
                42.184217000000004
              ],
              [
                1.4278360000000008,
                42.184128999999984
              ],
              [
                1.4277380000000006,
                42.183896000000004
              ],
              [
                1.4276180000000003,
                42.183597999999996
              ],
              [
                1.4275530000000007,
                42.183416
              ],
              [
                1.4275280000000004,
                42.18323099999999
              ],
              [
                1.4273070000000003,
                42.183403000000006
              ],
              [
                1.4271570000000005,
                42.18345599999999
              ],
              [
                1.4269700000000005,
                42.18348399999999
              ],
              [
                1.4266100000000006,
                42.18329800000001
              ],
              [
                1.4261400000000006,
                42.183118
              ],
              [
                1.4257870191619593,
                42.183001186334046
              ],
              [
                1.425629359609347,
                42.189354163232586
              ]
            ]
          ],
          [
            [
              [
                1.4305974692838912,
                42.18041621392818
              ],
              [
                1.4304960000000007,
                42.18054599999999
              ],
              [
                1.4303510000000008,
                42.1807
              ],
              [
                1.4302910000000002,
                42.18077299999999
              ],
              [
                1.430267,
                42.180889
              ],
              [
                1.4301560000000009,
                42.181024
              ],
              [
                1.4299710000000008,
                42.181162000000015
              ],
              [
                1.429882,
                42.181262000000004
              ],
              [
                1.429905000000001,
                42.18147499999999
              ],
              [
                1.4300090000000005,
                42.18181800000001
              ],
              [
                1.4301340000000007,
                42.18205700000001
              ],
              [
                1.4302430000000004,
                42.182173
              ],
              [
                1.4304219999999999,
                42.18232900000001
              ],
              [
                1.4305620000000003,
                42.182492
              ],
              [
                1.4306200000000004,
                42.18257599999999
              ],
              [
                1.4307460000000003,
                42.182938000000014
              ],
              [
                1.4308800000000006,
                42.18335
              ],
              [
                1.4309110000000005,
                42.183541
              ],
              [
                1.430958,
                42.183694999999986
              ],
              [
                1.4310500000000006,
                42.18392099999999
              ],
              [
                1.431104,
                42.184017
              ],
              [
                1.4311900000000006,
                42.184179
              ],
              [
                1.4312990000000003,
                42.18439300000001
              ],
              [
                1.4314500000000003,
                42.18454999999998
              ],
              [
                1.4315700000000007,
                42.184659999999994
              ],
              [
                1.4317349999999998,
                42.18482099999999
              ],
              [
                1.4318890000000004,
                42.185031000000016
              ],
              [
                1.4321289999999998,
                42.185286000000005
              ],
              [
                1.4324460000000003,
                42.18553200000001
              ],
              [
                1.4326670000000004,
                42.18520400000001
              ],
              [
                1.432873,
                42.184891
              ],
              [
                1.4331130000000003,
                42.184555
              ],
              [
                1.4333130000000005,
                42.184242999999995
              ],
              [
                1.4330650000000003,
                42.18411800000001
              ],
              [
                1.4328360000000004,
                42.184009000000025
              ],
              [
                1.4326390000000007,
                42.18385199999999
              ],
              [
                1.4324700000000004,
                42.183686
              ],
              [
                1.432346,
                42.183523000000015
              ],
              [
                1.432237,
                42.183351
              ],
              [
                1.4321790000000008,
                42.18320400000001
              ],
              [
                1.4320900000000003,
                42.182994
              ],
              [
                1.4320050000000004,
                42.18275400000001
              ],
              [
                1.4319300000000001,
                42.182488000000006
              ],
              [
                1.4318990000000005,
                42.182326999999994
              ],
              [
                1.4319070000000007,
                42.18225000000001
              ],
              [
                1.4319530000000003,
                42.18214199999998
              ],
              [
                1.4320680000000001,
                42.182010999999996
              ],
              [
                1.4321610000000002,
                42.18193400000001
              ],
              [
                1.4322360000000003,
                42.18185000000001
              ],
              [
                1.4320580000000007,
                42.181791000000004
              ],
              [
                1.4319369999999996,
                42.18171000000002
              ],
              [
                1.4318520000000003,
                42.18161500000003
              ],
              [
                1.4317710000000006,
                42.181432
              ],
              [
                1.4317020000000005,
                42.181172
              ],
              [
                1.4316830000000003,
                42.18083299999999
              ],
              [
                1.4316750000000011,
                42.180575999999995
              ],
              [
                1.4316715288382684,
                42.18043090549429
              ],
              [
                1.4305974692838912,
                42.18041621392818
              ]
            ]
          ],
          [
            [
              [
                1.4275510000000007,
                42.18141900000002
              ],
              [
                1.4274810000000007,
                42.18135399999999
              ],
              [
                1.4273830000000007,
                42.181219
              ],
              [
                1.4273270000000005,
                42.181163000000005
              ],
              [
                1.4272850000000001,
                42.18111
              ],
              [
                1.4272880000000001,
                42.181158000000025
              ],
              [
                1.4272950000000004,
                42.181262000000004
              ],
              [
                1.4272970000000007,
                42.181407
              ],
              [
                1.4273440000000004,
                42.181537000000006
              ],
              [
                1.427385,
                42.181709000000005
              ],
              [
                1.4274390000000001,
                42.181940000000004
              ],
              [
                1.4275130000000007,
                42.182145
              ],
              [
                1.427533329960357,
                42.182175646694006
              ],
              [
                1.4275800000000003,
                42.18224599999999
              ],
              [
                1.4276610000000003,
                42.182288000000014
              ],
              [
                1.4277270000000006,
                42.182326999999994
              ],
              [
                1.4277880000000007,
                42.18240600000001
              ],
              [
                1.4279250000000006,
                42.182593999999995
              ],
              [
                1.4279880000000007,
                42.18273000000001
              ],
              [
                1.4281600000000008,
                42.18266800000001
              ],
              [
                1.428107,
                42.182512
              ],
              [
                1.4280730000000001,
                42.182429
              ],
              [
                1.4280490000000003,
                42.182349
              ],
              [
                1.4280450000000005,
                42.182289000000004
              ],
              [
                1.4280710000000003,
                42.182189999999984
              ],
              [
                1.428037000000001,
                42.18205999999999
              ],
              [
                1.427996000000001,
                42.18180900000002
              ],
              [
                1.4279309999999996,
                42.181787000000014
              ],
              [
                1.4279250000000008,
                42.181821000000014
              ],
              [
                1.4278630000000003,
                42.181834999999985
              ],
              [
                1.427826,
                42.181799000000005
              ],
              [
                1.427776,
                42.18166599999999
              ],
              [
                1.4276750000000007,
                42.18166799999999
              ],
              [
                1.427595,
                42.181674000000015
              ],
              [
                1.4275594164532794,
                42.18158549734447
              ],
              [
                1.4275560000000005,
                42.181577000000004
              ],
              [
                1.4276220000000002,
                42.181550000000016
              ],
              [
                1.4277750000000011,
                42.18153199999998
              ],
              [
                1.4277730000000004,
                42.18151300000002
              ],
              [
                1.427771,
                42.18148599999998
              ],
              [
                1.4276710000000001,
                42.18144500000002
              ],
              [
                1.4275510000000007,
                42.18141900000002
              ]
            ]
          ],
          [
            [
              [
                1.4301310000000003,
                42.186144000000006
              ],
              [
                1.4303910000000004,
                42.18635700000002
              ],
              [
                1.4305420000000006,
                42.186478000000015
              ],
              [
                1.4307970000000005,
                42.186654
              ],
              [
                1.4308460000000003,
                42.18655000000002
              ],
              [
                1.4308909999999997,
                42.186410999999985
              ],
              [
                1.4309260000000006,
                42.186282
              ],
              [
                1.4308940000000006,
                42.18616400000001
              ],
              [
                1.4308110000000007,
                42.185887000000015
              ],
              [
                1.4307150000000002,
                42.185576
              ],
              [
                1.4306220000000003,
                42.18535399999999
              ],
              [
                1.4305339999999998,
                42.18521799999998
              ],
              [
                1.4304419999999998,
                42.185134999999995
              ],
              [
                1.430354,
                42.18503999999999
              ],
              [
                1.4302060000000014,
                42.18506300000001
              ],
              [
                1.430109,
                42.18512900000001
              ],
              [
                1.430009000000001,
                42.185242
              ],
              [
                1.430124000000001,
                42.18530799999998
              ],
              [
                1.430212000000001,
                42.18538900000001
              ],
              [
                1.4302470000000005,
                42.18553100000002
              ],
              [
                1.430233000000001,
                42.18567200000001
              ],
              [
                1.4301960000000007,
                42.18577899999998
              ],
              [
                1.430086,
                42.185873
              ],
              [
                1.429971,
                42.185959
              ],
              [
                1.4301310000000003,
                42.186144000000006
              ]
            ]
          ],
          [
            [
              [
                1.4299030000000004,
                42.18603799999998
              ],
              [
                1.4298710000000006,
                42.18612799999999
              ],
              [
                1.4299060000000003,
                42.18621499999999
              ],
              [
                1.429985000000001,
                42.186300999999986
              ],
              [
                1.4301250000000003,
                42.186377
              ],
              [
                1.4302460000000008,
                42.18642299999999
              ],
              [
                1.4303130000000002,
                42.186432
              ],
              [
                1.430364,
                42.186375000000005
              ],
              [
                1.4301020000000004,
                42.186161000000006
              ],
              [
                1.4299250000000001,
                42.18595500000001
              ],
              [
                1.4299030000000004,
                42.18603799999998
              ]
            ]
          ]
        ]
      }
    },
    {
      "type": "Feature",
      "properties": {
        "records": 18,
        "flora_records": 1,
        "fauna_records": 17,
        "latest_year": 2024.0,
        "knowledge_class": "Informació moderada",
        "priority_hic_overlap": false,
        "connector_overlap": false,
        "prospecting_interest": false,
        "reason": "Cobertura de registres públics agregada; no descriu riquesa ni absència d’espècies."
      },
      "geometry": {
        "type": "Polygon",
        "coordinates": [
          [
            [
              1.425629359609347,
              42.189354163232586
            ],
            [
              1.4254058490491055,
              42.198357118385076
            ],
            [
              1.4375137315640822,
              42.19852271208011
            ],
            [
              1.437693552687535,
              42.1912237607424
            ],
            [
              1.4374950000000006,
              42.19122600000001
            ],
            [
              1.437040000000001,
              42.191201999999976
            ],
            [
              1.4366550000000002,
              42.191197999999986
            ],
            [
              1.4362730000000004,
              42.19120900000001
            ],
            [
              1.4360570000000008,
              42.19124800000003
            ],
            [
              1.4359910000000002,
              42.19127700000001
            ],
            [
              1.4358150000000005,
              42.191269
            ],
            [
              1.4356370000000012,
              42.19124199999999
            ],
            [
              1.4354670000000005,
              42.191237
            ],
            [
              1.435262,
              42.19125900000001
            ],
            [
              1.4350800000000004,
              42.19123400000002
            ],
            [
              1.4348980000000002,
              42.191172000000016
            ],
            [
              1.4346370000000002,
              42.191078
            ],
            [
              1.4343240000000002,
              42.19099400000001
            ],
            [
              1.4340830000000002,
              42.190897
            ],
            [
              1.4338429999999998,
              42.19078400000002
            ],
            [
              1.4336239999999998,
              42.190666
            ],
            [
              1.4334860000000007,
              42.190574000000005
            ],
            [
              1.4333240000000005,
              42.190488
            ],
            [
              1.433132,
              42.19035000000001
            ],
            [
              1.433032000000001,
              42.19019900000002
            ],
            [
              1.4329700000000003,
              42.190050000000014
            ],
            [
              1.4329310000000004,
              42.19000899999999
            ],
            [
              1.432866,
              42.18997300000002
            ],
            [
              1.4327280000000007,
              42.18992999999998
            ],
            [
              1.4326090000000005,
              42.18987700000001
            ],
            [
              1.432557,
              42.18980899999999
            ],
            [
              1.4324849999999998,
              42.18972
            ],
            [
              1.4324270000000003,
              42.189650000000015
            ],
            [
              1.4323459999999997,
              42.189572000000005
            ],
            [
              1.4322314146997688,
              42.18944459933922
            ],
            [
              1.425629359609347,
              42.189354163232586
            ]
          ]
        ]
      }
    },
    {
      "type": "Feature",
      "properties": {
        "records": 544,
        "flora_records": 2,
        "fauna_records": 542,
        "latest_year": 2024.0,
        "knowledge_class": "Més informació publicada",
        "priority_hic_overlap": false,
        "connector_overlap": false,
        "prospecting_interest": false,
        "reason": "Cobertura de registres públics agregada; no descriu riquesa ni absència d’espècies."
      },
      "geometry": {
        "type": "Polygon",
        "coordinates": [
          [
            [
              1.4254058490491055,
              42.198357118385076
            ],
            [
              1.4251822362785993,
              42.20736005839368
            ],
            [
              1.4372918365574707,
              42.207525704038076
            ],
            [
              1.4375137315640822,
              42.19852271208011
            ],
            [
              1.4254058490491055,
              42.198357118385076
            ]
          ]
        ]
      }
    },
    {
      "type": "Feature",
      "properties": {
        "records": 2,
        "flora_records": 0,
        "fauna_records": 2,
        "latest_year": 2024.0,
        "knowledge_class": "Poca informació",
        "priority_hic_overlap": false,
        "connector_overlap": true,
        "prospecting_interest": true,
        "reason": "Coneixement públic escàs coincident amb connector cartogràfic"
      },
      "geometry": {
        "type": "Polygon",
        "coordinates": [
          [
            [
              1.4251822362785993,
              42.20736005839368
            ],
            [
              1.4249585212433775,
              42.216362983257476
            ],
            [
              1.4370698400709974,
              42.21652868086581
            ],
            [
              1.4372918365574707,
              42.207525704038076
            ],
            [
              1.4251822362785993,
              42.20736005839368
            ]
          ]
        ]
      }
    },
    {
      "type": "Feature",
      "properties": {
        "records": 0,
        "flora_records": 0,
        "fauna_records": 0,
        "latest_year": null,
        "knowledge_class": "Pràcticament sense dades",
        "priority_hic_overlap": false,
        "connector_overlap": true,
        "prospecting_interest": true,
        "reason": "Coneixement públic escàs coincident amb connector cartogràfic"
      },
      "geometry": {
        "type": "Polygon",
        "coordinates": [
          [
            [
              1.4370698400709974,
              42.21652868086581
            ],
            [
              1.4249585212433775,
              42.216362983257476
            ],
            [
              1.4248643152120948,
              42.22015286410558
            ],
            [
              1.4249300000000005,
              42.22014399999999
            ],
            [
              1.4252780000000005,
              42.220114
            ],
            [
              1.425554000000001,
              42.220105999999994
            ],
            [
              1.4261190000000008,
              42.220019999999984
            ],
            [
              1.4265400000000004,
              42.219954
            ],
            [
              1.4269560000000008,
              42.21988200000001
            ],
            [
              1.4273570000000004,
              42.219825
            ],
            [
              1.428264,
              42.21967000000002
            ],
            [
              1.4286650000000007,
              42.21959699999999
            ],
            [
              1.4291160000000005,
              42.219495
            ],
            [
              1.4298170000000003,
              42.21933899999999
            ],
            [
              1.4303590000000008,
              42.21917699999999
            ],
            [
              1.4309690000000002,
              42.219012
            ],
            [
              1.4316750000000005,
              42.218777
            ],
            [
              1.432415000000001,
              42.218527000000016
            ],
            [
              1.432825,
              42.218376000000006
            ],
            [
              1.4336710000000006,
              42.21805699999998
            ],
            [
              1.434293000000001,
              42.21779800000001
            ],
            [
              1.4346970000000001,
              42.217652
            ],
            [
              1.4351110000000005,
              42.21749299999999
            ],
            [
              1.4354040000000006,
              42.21736799999997
            ],
            [
              1.4358780000000002,
              42.217238
            ],
            [
              1.43638,
              42.217067
            ],
            [
              1.436692000000001,
              42.216921
            ],
            [
              1.4369070000000006,
              42.216845000000006
            ],
            [
              1.4370636343953673,
              42.21678029015191
            ],
            [
              1.4370698400709974,
              42.21652868086581
            ]
          ]
        ]
      }
    },
    {
      "type": "Feature",
      "properties": {
        "records": 51,
        "flora_records": 5,
        "fauna_records": 46,
        "latest_year": 2025.0,
        "knowledge_class": "Més informació publicada",
        "priority_hic_overlap": true,
        "connector_overlap": false,
        "prospecting_interest": false,
        "reason": "Cobertura de registres públics agregada; no descriu riquesa ni absència d’espècies."
      },
      "geometry": {
        "type": "Polygon",
        "coordinates": [
          [
            [
              1.4386216862889782,
              42.15350752537066
            ],
            [
              1.4507210928989762,
              42.15367158411203
            ],
            [
              1.4508954535068552,
              42.146522664915594
            ],
            [
              1.4507810000000005,
              42.14647800000001
            ],
            [
              1.4504090000000005,
              42.146347999999996
            ],
            [
              1.450048,
              42.146259999999984
            ],
            [
              1.4497570000000009,
              42.14622000000001
            ],
            [
              1.4494640000000005,
              42.14617799999999
            ],
            [
              1.449203,
              42.146128999999995
            ],
            [
              1.4489220000000005,
              42.146098000000016
            ],
            [
              1.4486420000000002,
              42.14604700000001
            ],
            [
              1.4484399999999997,
              42.14597
            ],
            [
              1.448325,
              42.145897
            ],
            [
              1.4481280000000005,
              42.14571100000001
            ],
            [
              1.4479600000000001,
              42.145558
            ],
            [
              1.447741,
              42.14543099999999
            ],
            [
              1.4473460000000005,
              42.14524500000002
            ],
            [
              1.4468919999999998,
              42.14503700000001
            ],
            [
              1.4463760000000003,
              42.144877999999984
            ],
            [
              1.445939000000001,
              42.144752000000004
            ],
            [
              1.4455339999999999,
              42.144638000000015
            ],
            [
              1.4454212258293722,
              42.14459378172025
            ],
            [
              1.4444628183220414,
              42.144580789100566
            ],
            [
              1.4447320000000003,
              42.14500499999999
            ],
            [
              1.445018,
              42.145474
            ],
            [
              1.4452779999999998,
              42.14589699999999
            ],
            [
              1.445569000000001,
              42.146517999999986
            ],
            [
              1.4458100000000005,
              42.14704300000001
            ],
            [
              1.4458930000000008,
              42.14726599999999
            ],
            [
              1.4459090000000003,
              42.14741999999999
            ],
            [
              1.4458930000000005,
              42.147514000000015
            ],
            [
              1.4458300000000006,
              42.14761800000001
            ],
            [
              1.4457080000000009,
              42.14772200000001
            ],
            [
              1.4455070000000012,
              42.147823
            ],
            [
              1.4450199999999997,
              42.147928000000014
            ],
            [
              1.4446570000000007,
              42.14803099999998
            ],
            [
              1.4442320000000004,
              42.148098000000005
            ],
            [
              1.4436360000000008,
              42.14817399999999
            ],
            [
              1.4432760000000007,
              42.14822499999999
            ],
            [
              1.4425180000000004,
              42.14824200000001
            ],
            [
              1.441797,
              42.14826000000001
            ],
            [
              1.4417779999999998,
              42.148454999999984
            ],
            [
              1.4417330000000008,
              42.148610999999995
            ],
            [
              1.4416310000000008,
              42.148809000000014
            ],
            [
              1.441495000000001,
              42.148984999999996
            ],
            [
              1.4413600000000002,
              42.14909899999999
            ],
            [
              1.4410810000000005,
              42.14927100000001
            ],
            [
              1.4403990000000002,
              42.14962400000001
            ],
            [
              1.4399690000000003,
              42.149899000000005
            ],
            [
              1.4399180000000005,
              42.14992900000003
            ],
            [
              1.4398150000000005,
              42.14995499999999
            ],
            [
              1.4396950000000006,
              42.15002
            ],
            [
              1.4395779999999998,
              42.15010800000002
            ],
            [
              1.4394530000000008,
              42.150234000000005
            ],
            [
              1.439393,
              42.15033700000002
            ],
            [
              1.4393400000000003,
              42.15036099999999
            ],
            [
              1.4391250000000004,
              42.150451
            ],
            [
              1.4386909993429238,
              42.15068796462199
            ],
            [
              1.4386216862889782,
              42.15350752537066
            ]
          ]
        ]
      }
    },
    {
      "type": "Feature",
      "properties": {
        "records": 16,
        "flora_records": 3,
        "fauna_records": 11,
        "latest_year": null,
        "knowledge_class": "Informació moderada",
        "priority_hic_overlap": true,
        "connector_overlap": false,
        "prospecting_interest": false,
        "reason": "Cobertura de registres públics agregada; no descriu riquesa ni absència d’espècies."
      },
      "geometry": {
        "type": "Polygon",
        "coordinates": [
          [
            [
              1.4386216862889782,
              42.15350752537066
            ],
            [
              1.4384002978719836,
              42.16251059296525
            ],
            [
              1.4505014183816838,
              42.16267470318323
            ],
            [
              1.4507210928989762,
              42.15367158411203
            ],
            [
              1.4386216862889782,
              42.15350752537066
            ]
          ]
        ]
      }
    },
    {
      "type": "Feature",
      "properties": {
        "records": 15,
        "flora_records": 4,
        "fauna_records": 11,
        "latest_year": 2023.0,
        "knowledge_class": "Informació moderada",
        "priority_hic_overlap": true,
        "connector_overlap": false,
        "prospecting_interest": false,
        "reason": "Cobertura de registres públics agregada; no descriu riquesa ni absència d’espècies."
      },
      "geometry": {
        "type": "Polygon",
        "coordinates": [
          [
            [
              1.4384002978719836,
              42.16251059296525
            ],
            [
              1.438178808244886,
              42.17151364543446
            ],
            [
              1.450281643437101,
              42.17167780714349
            ],
            [
              1.4505014183816838,
              42.16267470318323
            ],
            [
              1.4384002978719836,
              42.16251059296525
            ]
          ]
        ]
      }
    },
    {
      "type": "Feature",
      "properties": {
        "records": 42,
        "flora_records": 19,
        "fauna_records": 23,
        "latest_year": 2020.0,
        "knowledge_class": "Més informació publicada",
        "priority_hic_overlap": false,
        "connector_overlap": false,
        "prospecting_interest": false,
        "reason": "Cobertura de registres públics agregada; no descriu riquesa ni absència d’espècies."
      },
      "geometry": {
        "type": "Polygon",
        "coordinates": [
          [
            [
              1.438178808244886,
              42.17151364543446
            ],
            [
              1.4379572173538175,
              42.18051668277732
            ],
            [
              1.4500617680117758,
              42.180680895991834
            ],
            [
              1.450281643437101,
              42.17167780714349
            ],
            [
              1.438178808244886,
              42.17151364543446
            ]
          ]
        ]
      }
    },
    {
      "type": "Feature",
      "properties": {
        "records": 4,
        "flora_records": 1,
        "fauna_records": 3,
        "latest_year": null,
        "knowledge_class": "Poca informació",
        "priority_hic_overlap": false,
        "connector_overlap": false,
        "prospecting_interest": false,
        "reason": "Cobertura de registres públics agregada; no descriu riquesa ni absència d’espècies."
      },
      "geometry": {
        "type": "MultiPolygon",
        "coordinates": [
          [
            [
              [
                1.449841792052214,
                42.18968396972731
              ],
              [
                1.4500617680117758,
                42.180680895991834
              ],
              [
                1.4379572173538175,
                42.18051668277732
              ],
              [
                1.437883404506482,
                42.183514715074
              ],
              [
                1.4379970000000006,
                42.183547
              ],
              [
                1.4382940000000006,
                42.18362000000001
              ],
              [
                1.4384359999999996,
                42.18363900000001
              ],
              [
                1.4386820000000011,
                42.18366799999999
              ],
              [
                1.4388520000000002,
                42.18366699999999
              ],
              [
                1.43904,
                42.183652
              ],
              [
                1.4391609999999997,
                42.18365900000002
              ],
              [
                1.439240000000001,
                42.18369400000002
              ],
              [
                1.4393250000000002,
                42.183779
              ],
              [
                1.4394460000000007,
                42.18389899999998
              ],
              [
                1.439559,
                42.18399000000002
              ],
              [
                1.4397180000000003,
                42.18407100000001
              ],
              [
                1.4399050000000007,
                42.18411800000001
              ],
              [
                1.4400450000000005,
                42.184116
              ],
              [
                1.4401940000000004,
                42.18408199999999
              ],
              [
                1.440324,
                42.184035000000016
              ],
              [
                1.4404190000000003,
                42.183972
              ],
              [
                1.4405630000000007,
                42.18385399999998
              ],
              [
                1.4407000000000003,
                42.18375800000001
              ],
              [
                1.4407920000000005,
                42.183680999999986
              ],
              [
                1.4408670000000006,
                42.18366899999998
              ],
              [
                1.4408930000000009,
                42.18359300000001
              ],
              [
                1.4408880000000002,
                42.183468
              ],
              [
                1.4408870000000005,
                42.18339100000001
              ],
              [
                1.440935000000001,
                42.18331200000001
              ],
              [
                1.4409560000000001,
                42.183204000000025
              ],
              [
                1.440958,
                42.183116000000005
              ],
              [
                1.440978,
                42.18304100000001
              ],
              [
                1.4410570000000007,
                42.18293400000002
              ],
              [
                1.4411170000000004,
                42.18278899999999
              ],
              [
                1.441142000000001,
                42.18265700000001
              ],
              [
                1.4411349999999998,
                42.182531
              ],
              [
                1.441273,
                42.18247700000002
              ],
              [
                1.441479,
                42.182449000000005
              ],
              [
                1.441616000000001,
                42.18246600000001
              ],
              [
                1.441721,
                42.18251000000002
              ],
              [
                1.4418609999999998,
                42.182601
              ],
              [
                1.4419750000000007,
                42.182643000000006
              ],
              [
                1.442138,
                42.18269999999999
              ],
              [
                1.4422980000000007,
                42.182780000000015
              ],
              [
                1.4424199999999998,
                42.182906
              ],
              [
                1.4425120000000007,
                42.18300500000001
              ],
              [
                1.4425680000000007,
                42.18312500000001
              ],
              [
                1.4425820000000003,
                42.18316699999999
              ],
              [
                1.4425320000000008,
                42.18327700000001
              ],
              [
                1.4425330000000005,
                42.183399
              ],
              [
                1.4425960000000009,
                42.18350700000002
              ],
              [
                1.4426150000000002,
                42.183593
              ],
              [
                1.4425380000000003,
                42.18370399999999
              ],
              [
                1.4424460000000003,
                42.18371200000001
              ],
              [
                1.4423870000000005,
                42.183831
              ],
              [
                1.4423680000000003,
                42.18390900000001
              ],
              [
                1.442385,
                42.18398399999999
              ],
              [
                1.4424090000000005,
                42.184022
              ],
              [
                1.442339000000001,
                42.184155000000004
              ],
              [
                1.4422340000000002,
                42.184180000000005
              ],
              [
                1.442043,
                42.18419699999999
              ],
              [
                1.4419190000000006,
                42.18422199999998
              ],
              [
                1.4418030000000002,
                42.184234999999994
              ],
              [
                1.4417090000000006,
                42.18426300000001
              ],
              [
                1.4416529999999999,
                42.18427700000001
              ],
              [
                1.4415229999999999,
                42.184205000000006
              ],
              [
                1.441356000000001,
                42.184174000000006
              ],
              [
                1.441514000000001,
                42.18430500000002
              ],
              [
                1.4416410000000013,
                42.184396999999976
              ],
              [
                1.441744,
                42.184507
              ],
              [
                1.4418680000000008,
                42.18462299999998
              ],
              [
                1.4420250000000006,
                42.184726
              ],
              [
                1.442156000000001,
                42.184854
              ],
              [
                1.4422580000000012,
                42.18491499999999
              ],
              [
                1.4423620000000004,
                42.184983
              ],
              [
                1.4424490000000008,
                42.18507899999999
              ],
              [
                1.442532,
                42.185136
              ],
              [
                1.4426980000000007,
                42.18518499999999
              ],
              [
                1.4428879999999997,
                42.185237000000015
              ],
              [
                1.4428969161840193,
                42.18524081244605
              ],
              [
                1.4430330000000005,
                42.185299
              ],
              [
                1.443217,
                42.185304
              ],
              [
                1.4434290000000005,
                42.18528600000001
              ],
              [
                1.4436360000000004,
                42.185300000000005
              ],
              [
                1.4437660000000003,
                42.185339000000006
              ],
              [
                1.4439840000000006,
                42.18544200000001
              ],
              [
                1.4441750000000007,
                42.185494000000006
              ],
              [
                1.4442210000000006,
                42.18550800000001
              ],
              [
                1.4442500000000005,
                42.185515999999986
              ],
              [
                1.4443140000000005,
                42.18553499999999
              ],
              [
                1.4445230000000004,
                42.185558
              ],
              [
                1.444709000000001,
                42.18557700000001
              ],
              [
                1.4448900000000005,
                42.185641
              ],
              [
                1.445103,
                42.185736
              ],
              [
                1.4451680000000005,
                42.185762000000004
              ],
              [
                1.445270000000001,
                42.185801
              ],
              [
                1.4454130000000005,
                42.18584900000001
              ],
              [
                1.4454999999999998,
                42.18586899999999
              ],
              [
                1.445595,
                42.185891000000005
              ],
              [
                1.4458070000000005,
                42.185928999999994
              ],
              [
                1.4460230000000003,
                42.185981000000005
              ],
              [
                1.4461780000000015,
                42.186005999999985
              ],
              [
                1.4464070000000009,
                42.18607900000001
              ],
              [
                1.446567,
                42.18614400000001
              ],
              [
                1.4466590000000006,
                42.186182
              ],
              [
                1.4467710000000003,
                42.186224999999986
              ],
              [
                1.447052,
                42.18631200000002
              ],
              [
                1.4472789999999998,
                42.18637400000001
              ],
              [
                1.4474550000000002,
                42.18642100000002
              ],
              [
                1.4477310000000008,
                42.18643499999999
              ],
              [
                1.4479930000000003,
                42.18642999999998
              ],
              [
                1.448193000000001,
                42.186414
              ],
              [
                1.4482710000000005,
                42.186389999999975
              ],
              [
                1.4482920000000001,
                42.186412999999995
              ],
              [
                1.4483270000000004,
                42.18655000000001
              ],
              [
                1.448334000000001,
                42.18656900000001
              ],
              [
                1.4482410000000001,
                42.18661500000001
              ],
              [
                1.4480049999999998,
                42.18674
              ],
              [
                1.4477180000000005,
                42.186872000000015
              ],
              [
                1.4475240000000003,
                42.186948999999984
              ],
              [
                1.4478200000000006,
                42.18738499999999
              ],
              [
                1.4475630000000004,
                42.18752700000001
              ],
              [
                1.4475809999999998,
                42.187563
              ],
              [
                1.4476420000000003,
                42.187626999999985
              ],
              [
                1.4477308924987233,
                42.187714199335836
              ],
              [
                1.4477470000000001,
                42.187729999999995
              ],
              [
                1.4479490000000004,
                42.187997
              ],
              [
                1.4480220000000001,
                42.18812599999998
              ],
              [
                1.4477330000000008,
                42.188347000000014
              ],
              [
                1.4476512486517457,
                42.188388574510114
              ],
              [
                1.4474990000000003,
                42.18846600000001
              ],
              [
                1.4475190000000002,
                42.188503
              ],
              [
                1.4475490000000002,
                42.18854499999998
              ],
              [
                1.4478680000000004,
                42.188536
              ],
              [
                1.448058,
                42.188539999999996
              ],
              [
                1.4481850000000005,
                42.188599999999994
              ],
              [
                1.448250000000001,
                42.18869200000002
              ],
              [
                1.4483790000000007,
                42.18885599999999
              ],
              [
                1.4484550000000007,
                42.188909
              ],
              [
                1.4485130000000004,
                42.188955
              ],
              [
                1.4483510000000002,
                42.18901999999999
              ],
              [
                1.4482420000000003,
                42.189043999999996
              ],
              [
                1.448168,
                42.18904399999998
              ],
              [
                1.4481019999999998,
                42.189068
              ],
              [
                1.4481002818431183,
                42.189070104263855
              ],
              [
                1.4480130000000007,
                42.18917699999999
              ],
              [
                1.4479060000000001,
                42.18925000000001
              ],
              [
                1.4477946357320848,
                42.18929111917561
              ],
              [
                1.4477110000000002,
                42.189322
              ],
              [
                1.4475920000000002,
                42.189361000000005
              ],
              [
                1.4474410000000002,
                42.189433000000015
              ],
              [
                1.4473390000000008,
                42.18949199999999
              ],
              [
                1.4472826452735184,
                42.189509339936016
              ],
              [
                1.4472220000000002,
                42.189528
              ],
              [
                1.4472240000000007,
                42.189566000000006
              ],
              [
                1.4471950000000007,
                42.189603999999996
              ],
              [
                1.4471330000000007,
                42.18963300000003
              ],
              [
                1.4470800221224993,
                42.18964660901222
              ],
              [
                1.449841792052214,
                42.18968396972731
              ]
            ]
          ],
          [
            [
              [
                1.4469781560947332,
                42.189645229715126
              ],
              [
                1.4470170000000007,
                42.18963899999998
              ],
              [
                1.4471200000000002,
                42.18961200000001
              ],
              [
                1.447162000000001,
                42.18958700000002
              ],
              [
                1.4471810000000003,
                42.18956099999997
              ],
              [
                1.4471740000000006,
                42.189538
              ],
              [
                1.447146000000001,
                42.18952300000001
              ],
              [
                1.4470720000000006,
                42.18952
              ],
              [
                1.4467700000000001,
                42.189528
              ],
              [
                1.4465790000000014,
                42.18953699999999
              ],
              [
                1.4464230000000007,
                42.18955699999999
              ],
              [
                1.446424481306417,
                42.18963773120658
              ],
              [
                1.4469781560947332,
                42.189645229715126
              ]
            ]
          ]
        ]
      }
    },
    {
      "type": "Feature",
      "properties": {
        "records": 8,
        "flora_records": 1,
        "fauna_records": 7,
        "latest_year": null,
        "knowledge_class": "Informació moderada",
        "priority_hic_overlap": false,
        "connector_overlap": false,
        "prospecting_interest": false,
        "reason": "Cobertura de registres públics agregada; no descriu riquesa ni absència d’espècies."
      },
      "geometry": {
        "type": "MultiPolygon",
        "coordinates": [
          [
            [
              [
                1.4375137315640822,
                42.19852271208011
              ],
              [
                1.4496217155048796,
                42.19868702834895
              ],
              [
                1.449841792052214,
                42.18968396972731
              ],
              [
                1.4470800221224993,
                42.18964660901222
              ],
              [
                1.447024,
                42.189660999999994
              ],
              [
                1.446807,
                42.18969200000002
              ],
              [
                1.4468066466106666,
                42.18972804580688
              ],
              [
                1.446806000000001,
                42.189794000000006
              ],
              [
                1.4467220000000005,
                42.18981200000002
              ],
              [
                1.446413,
                42.189844000000015
              ],
              [
                1.4464070000000004,
                42.189899999999994
              ],
              [
                1.4464290000000004,
                42.189959000000016
              ],
              [
                1.4464719999999998,
                42.190001
              ],
              [
                1.4465240000000004,
                42.19003299999999
              ],
              [
                1.4465570000000005,
                42.19004400000001
              ],
              [
                1.446644,
                42.19009099999999
              ],
              [
                1.4466770000000013,
                42.19015699999999
              ],
              [
                1.4466510000000006,
                42.190242
              ],
              [
                1.4467230000000006,
                42.190195
              ],
              [
                1.4468370000000006,
                42.190137
              ],
              [
                1.4469560000000006,
                42.19010399999999
              ],
              [
                1.4469460000000003,
                42.190130000000025
              ],
              [
                1.446897000000001,
                42.190265000000004
              ],
              [
                1.4468200000000002,
                42.190394999999995
              ],
              [
                1.446811184364568,
                42.19040356012018
              ],
              [
                1.4467510000000003,
                42.190462
              ],
              [
                1.4466870000000007,
                42.19049099999999
              ],
              [
                1.4466140000000007,
                42.19051400000002
              ],
              [
                1.4465580000000007,
                42.19054799999998
              ],
              [
                1.4464949999999999,
                42.190625
              ],
              [
                1.4464179999999995,
                42.19069600000001
              ],
              [
                1.4463520000000003,
                42.190755999999986
              ],
              [
                1.4463820000000005,
                42.19083799999999
              ],
              [
                1.4463900000000005,
                42.190903000000006
              ],
              [
                1.446365,
                42.190989000000016
              ],
              [
                1.446316,
                42.19105499999999
              ],
              [
                1.446231,
                42.19109499999999
              ],
              [
                1.4461199999999999,
                42.19112700000002
              ],
              [
                1.4459999999999997,
                42.191126
              ],
              [
                1.4459790000000003,
                42.191148999999996
              ],
              [
                1.4460190000000008,
                42.19119600000001
              ],
              [
                1.446117000000001,
                42.19126799999998
              ],
              [
                1.446153000000001,
                42.191338999999985
              ],
              [
                1.4461540000000008,
                42.19143599999999
              ],
              [
                1.446203,
                42.191523000000004
              ],
              [
                1.4463020000000006,
                42.191625
              ],
              [
                1.4463420000000002,
                42.191700000000004
              ],
              [
                1.4463510000000006,
                42.191774
              ],
              [
                1.446396,
                42.191819
              ],
              [
                1.4464300000000003,
                42.19184799999998
              ],
              [
                1.4464590000000002,
                42.19187400000001
              ],
              [
                1.4465139999999999,
                42.191904999999984
              ],
              [
                1.4465500000000004,
                42.191928
              ],
              [
                1.4465560000000002,
                42.191931999999994
              ],
              [
                1.4466450000000006,
                42.191968999999986
              ],
              [
                1.4467469999999996,
                42.19207399999999
              ],
              [
                1.4468580000000009,
                42.192262
              ],
              [
                1.4469454175988052,
                42.192431736014704
              ],
              [
                1.4469780000000005,
                42.192494999999994
              ],
              [
                1.4470070000000004,
                42.192609000000004
              ],
              [
                1.447020712071031,
                42.1926579064302
              ],
              [
                1.4470370000000001,
                42.19271599999998
              ],
              [
                1.4472980000000004,
                42.19288299999998
              ],
              [
                1.4473063591716597,
                42.192886924743135
              ],
              [
                1.447462000000001,
                42.19296000000002
              ],
              [
                1.4475819999999997,
                42.19309200000001
              ],
              [
                1.447593426078384,
                42.19311596155973
              ],
              [
                1.4476850000000003,
                42.193308000000016
              ],
              [
                1.447742000000001,
                42.19348100000001
              ],
              [
                1.4477729999999995,
                42.19361400000002
              ],
              [
                1.4477520000000008,
                42.193725000000015
              ],
              [
                1.447691190376488,
                42.193792737329254
              ],
              [
                1.4476730000000009,
                42.193813000000006
              ],
              [
                1.4475330000000002,
                42.19388600000002
              ],
              [
                1.4472990000000003,
                42.19396499999999
              ],
              [
                1.4470680000000007,
                42.194038
              ],
              [
                1.4468530000000006,
                42.19411800000002
              ],
              [
                1.44673,
                42.194137999999995
              ],
              [
                1.4465160000000006,
                42.19417000000002
              ],
              [
                1.4464130000000006,
                42.194187
              ],
              [
                1.446418,
                42.194203000000016
              ],
              [
                1.4464560000000006,
                42.194271000000015
              ],
              [
                1.446599930407043,
                42.194453414654014
              ],
              [
                1.4466429999999997,
                42.194508000000006
              ],
              [
                1.446930000000001,
                42.19489500000002
              ],
              [
                1.4470130000000003,
                42.195035000000004
              ],
              [
                1.4470170000000004,
                42.195039000000016
              ],
              [
                1.4469820000000004,
                42.19505
              ],
              [
                1.4468560000000004,
                42.195066
              ],
              [
                1.4467070000000009,
                42.19507899999999
              ],
              [
                1.446656,
                42.19513
              ],
              [
                1.4465650000000003,
                42.195212999999995
              ],
              [
                1.4464600000000003,
                42.195305999999995
              ],
              [
                1.4463170000000005,
                42.195384000000004
              ],
              [
                1.4461879999999998,
                42.19541600000001
              ],
              [
                1.4459730000000006,
                42.19547000000002
              ],
              [
                1.4458059999999997,
                42.195479999999996
              ],
              [
                1.445596000000001,
                42.195485000000005
              ],
              [
                1.445402000000001,
                42.19543199999999
              ],
              [
                1.4452230000000008,
                42.19532199999998
              ],
              [
                1.4450710000000009,
                42.195234
              ],
              [
                1.4449690000000006,
                42.19517299999999
              ],
              [
                1.4448270000000003,
                42.19510900000001
              ],
              [
                1.444694,
                42.19504400000001
              ],
              [
                1.44459,
                42.194997
              ],
              [
                1.4445630000000005,
                42.195035000000004
              ],
              [
                1.444504,
                42.195028
              ],
              [
                1.4444738100830727,
                42.19500852264463
              ],
              [
                1.4444420000000002,
                42.19498799999999
              ],
              [
                1.4443870000000008,
                42.194987999999995
              ],
              [
                1.4443020000000009,
                42.19498799999999
              ],
              [
                1.4442920000000006,
                42.194915000000016
              ],
              [
                1.4442955431874356,
                42.19487248178382
              ],
              [
                1.4442989999999998,
                42.194831000000015
              ],
              [
                1.444333000000001,
                42.194755
              ],
              [
                1.4440640000000005,
                42.194691
              ],
              [
                1.443999,
                42.194764000000006
              ],
              [
                1.443875138587162,
                42.194727525501115
              ],
              [
                1.4438360000000008,
                42.194716
              ],
              [
                1.4438140000000006,
                42.194774
              ],
              [
                1.4437540000000006,
                42.19481200000001
              ],
              [
                1.4436820000000001,
                42.19477300000001
              ],
              [
                1.4436029999999997,
                42.194724000000015
              ],
              [
                1.4435280000000004,
                42.194690000000016
              ],
              [
                1.4434260000000008,
                42.19464500000001
              ],
              [
                1.4433510000000003,
                42.19460399999999
              ],
              [
                1.4432170000000002,
                42.194531
              ],
              [
                1.4432010000000004,
                42.194535999999985
              ],
              [
                1.4431660000000002,
                42.194539
              ],
              [
                1.4431380000000005,
                42.194512
              ],
              [
                1.443112,
                42.19448099999999
              ],
              [
                1.443003000000001,
                42.19443499999999
              ],
              [
                1.4428870000000007,
                42.19439599999998
              ],
              [
                1.4428360000000011,
                42.19435699999999
              ],
              [
                1.4427360000000005,
                42.1943
              ],
              [
                1.4425950000000007,
                42.19426099999998
              ],
              [
                1.4424920000000008,
                42.19427299999998
              ],
              [
                1.4423780000000008,
                42.194297000000006
              ],
              [
                1.4422700000000006,
                42.194317999999974
              ],
              [
                1.4419570000000002,
                42.194307
              ],
              [
                1.441882,
                42.194316
              ],
              [
                1.4418350000000006,
                42.194315
              ],
              [
                1.4417010000000001,
                42.194306999999995
              ],
              [
                1.4413730000000002,
                42.19427200000001
              ],
              [
                1.441085,
                42.19422200000001
              ],
              [
                1.4410530000000006,
                42.194215
              ],
              [
                1.4409940000000014,
                42.194129
              ],
              [
                1.440901,
                42.194044
              ],
              [
                1.440864561559815,
                42.19402620449724
              ],
              [
                1.4408150000000008,
                42.19400200000002
              ],
              [
                1.4407210000000013,
                42.19389099999999
              ],
              [
                1.4406570000000003,
                42.19381000000001
              ],
              [
                1.4405560000000008,
                42.19377200000001
              ],
              [
                1.4404830000000004,
                42.19370600000002
              ],
              [
                1.4404180000000004,
                42.193545000000015
              ],
              [
                1.4403239999999997,
                42.193418
              ],
              [
                1.4401910000000002,
                42.193329000000006
              ],
              [
                1.4401610000000002,
                42.19329200000001
              ],
              [
                1.4401320000000004,
                42.193256000000005
              ],
              [
                1.4400640000000005,
                42.19313800000001
              ],
              [
                1.4398810000000002,
                42.192944000000004
              ],
              [
                1.4397080000000004,
                42.19277300000002
              ],
              [
                1.4395540000000002,
                42.192672999999985
              ],
              [
                1.4393989999999999,
                42.192563000000014
              ],
              [
                1.439353,
                42.19247300000001
              ],
              [
                1.4393910000000003,
                42.19237499999999
              ],
              [
                1.4394191750715624,
                42.19232957491206
              ],
              [
                1.4394400000000007,
                42.192296
              ],
              [
                1.4394509999999998,
                42.19224900000002
              ],
              [
                1.439454000000001,
                42.192198999999995
              ],
              [
                1.439424,
                42.19209999999999
              ],
              [
                1.4393995628048535,
                42.19203922034455
              ],
              [
                1.4393850000000006,
                42.19200300000001
              ],
              [
                1.4392420000000006,
                42.19190600000002
              ],
              [
                1.43918903686748,
                42.19187614163694
              ],
              [
                1.4391020146152924,
                42.1918270820767
              ],
              [
                1.4390930000000002,
                42.19182199999999
              ],
              [
                1.4389400000000003,
                42.191755000000015
              ],
              [
                1.4388379999999998,
                42.19172100000001
              ],
              [
                1.4387070000000004,
                42.191678
              ],
              [
                1.4385850000000002,
                42.191635
              ],
              [
                1.438455,
                42.19155800000002
              ],
              [
                1.438359,
                42.19143800000001
              ],
              [
                1.4383040000000005,
                42.19131599999999
              ],
              [
                1.4382210000000006,
                42.19125400000001
              ],
              [
                1.438044,
                42.19122600000001
              ],
              [
                1.437761000000001,
                42.191222999999994
              ],
              [
                1.437693552687535,
                42.1912237607424
              ],
              [
                1.4375137315640822,
                42.19852271208011
              ]
            ]
          ],
          [
            [
              [
                1.446424481306417,
                42.18963773120658
              ],
              [
                1.4464250000000005,
                42.18966600000002
              ],
              [
                1.4465399999999993,
                42.18966600000002
              ],
              [
                1.446805,
                42.189673000000006
              ],
              [
                1.4469781560947332,
                42.189645229715126
              ],
              [
                1.446424481306417,
                42.18963773120658
              ]
            ]
          ],
          [
            [
              [
                1.446409299010715,
                42.19039811698786
              ],
              [
                1.4463749999999997,
                42.190464999999996
              ],
              [
                1.4464660000000005,
                42.190500000000014
              ],
              [
                1.44654,
                42.190502000000016
              ],
              [
                1.4465860000000006,
                42.190448
              ],
              [
                1.4465982534557917,
                42.19040067636098
              ],
              [
                1.4466150000000007,
                42.190335999999995
              ],
              [
                1.446636000000001,
                42.190281000000006
              ],
              [
                1.4466510000000006,
                42.190242
              ],
              [
                1.4465270000000003,
                42.19029699999998
              ],
              [
                1.4464010000000005,
                42.190326000000006
              ],
              [
                1.4464350000000004,
                42.190348000000014
              ],
              [
                1.446409299010715,
                42.19039811698786
              ]
            ]
          ]
        ]
      }
    },
    {
      "type": "Feature",
      "properties": {
        "records": 20,
        "flora_records": 2,
        "fauna_records": 18,
        "latest_year": 2022.0,
        "knowledge_class": "Més informació publicada",
        "priority_hic_overlap": false,
        "connector_overlap": false,
        "prospecting_interest": false,
        "reason": "Cobertura de registres públics agregada; no descriu riquesa ni absència d’espècies."
      },
      "geometry": {
        "type": "Polygon",
        "coordinates": [
          [
            [
              1.4496217155048796,
              42.19868702834895
            ],
            [
              1.4375137315640822,
              42.19852271208011
            ],
            [
              1.4372918365574707,
              42.207525704038076
            ],
            [
              1.445427099304459,
              42.20763626688851
            ],
            [
              1.4454640000000007,
              42.20757900000001
            ],
            [
              1.4455130000000005,
              42.207494
            ],
            [
              1.445626,
              42.207296000000014
            ],
            [
              1.4457110000000002,
              42.207045000000015
            ],
            [
              1.4457220000000002,
              42.206646000000006
            ],
            [
              1.4456229999999999,
              42.206089000000006
            ],
            [
              1.445487,
              42.205449000000016
            ],
            [
              1.4453690000000006,
              42.20502700000002
            ],
            [
              1.4453029999999998,
              42.204765000000016
            ],
            [
              1.4452550000000008,
              42.204473000000014
            ],
            [
              1.445209,
              42.204294
            ],
            [
              1.4451910000000003,
              42.20418700000001
            ],
            [
              1.4452030000000013,
              42.20407199999998
            ],
            [
              1.445229000000001,
              42.20398399999999
            ],
            [
              1.445309000000001,
              42.203879999999984
            ],
            [
              1.4455170000000002,
              42.20369300000001
            ],
            [
              1.446004000000001,
              42.203464999999994
            ],
            [
              1.4465480000000008,
              42.20319600000001
            ],
            [
              1.4468070000000006,
              42.203084999999994
            ],
            [
              1.4469410000000003,
              42.203027
            ],
            [
              1.4474650000000007,
              42.20299700000001
            ],
            [
              1.4484520000000012,
              42.203007
            ],
            [
              1.4494810000000007,
              42.203071
            ],
            [
              1.4495144742134856,
              42.203072639993145
            ],
            [
              1.4496217155048796,
              42.19868702834895
            ]
          ]
        ]
      }
    },
    {
      "type": "Feature",
      "properties": {
        "records": 0,
        "flora_records": 0,
        "fauna_records": 0,
        "latest_year": null,
        "knowledge_class": "Pràcticament sense dades",
        "priority_hic_overlap": false,
        "connector_overlap": true,
        "prospecting_interest": true,
        "reason": "Coneixement públic escàs coincident amb connector cartogràfic"
      },
      "geometry": {
        "type": "Polygon",
        "coordinates": [
          [
            [
              1.4422664024869039,
              42.21659938387194
            ],
            [
              1.4426460000000005,
              42.21633099999999
            ],
            [
              1.443002,
              42.21600500000001
            ],
            [
              1.4433319999999998,
              42.215577
            ],
            [
              1.4435300000000006,
              42.215352
            ],
            [
              1.4438190000000006,
              42.215013000000006
            ],
            [
              1.4440109999999995,
              42.214771000000006
            ],
            [
              1.444112,
              42.214259000000006
            ],
            [
              1.4441230000000007,
              42.21403
            ],
            [
              1.444094000000001,
              42.213814
            ],
            [
              1.4440740000000003,
              42.21373400000002
            ],
            [
              1.4439870000000006,
              42.213469999999994
            ],
            [
              1.4439060000000001,
              42.21322500000001
            ],
            [
              1.4438190000000004,
              42.21307600000001
            ],
            [
              1.4437250000000004,
              42.21292700000001
            ],
            [
              1.4436340000000012,
              42.212792999999984
            ],
            [
              1.443618,
              42.212747000000014
            ],
            [
              1.443591000000001,
              42.212662
            ],
            [
              1.4435570000000004,
              42.21255800000001
            ],
            [
              1.4435410000000004,
              42.212465999999985
            ],
            [
              1.443542,
              42.212262
            ],
            [
              1.4436860000000007,
              42.21195099999998
            ],
            [
              1.443782,
              42.211768
            ],
            [
              1.4438750000000005,
              42.21162999999999
            ],
            [
              1.443936,
              42.211533999999986
            ],
            [
              1.443980000000001,
              42.21144100000002
            ],
            [
              1.4440179999999998,
              42.211350000000024
            ],
            [
              1.4440180000000002,
              42.211310000000005
            ],
            [
              1.4440180000000002,
              42.211242
            ],
            [
              1.4439640000000005,
              42.21103199999999
            ],
            [
              1.4438590000000002,
              42.210689000000016
            ],
            [
              1.4438029999999995,
              42.21046400000001
            ],
            [
              1.4437690000000005,
              42.21022
            ],
            [
              1.4437780000000007,
              42.210031999999984
            ],
            [
              1.4438000000000009,
              42.20985
            ],
            [
              1.443811000000001,
              42.20975699999999
            ],
            [
              1.4439490000000006,
              42.209623
            ],
            [
              1.4440540000000006,
              42.209512999999994
            ],
            [
              1.444150000000001,
              42.20935499999999
            ],
            [
              1.4442710000000005,
              42.20920600000001
            ],
            [
              1.4444470000000007,
              42.208969
            ],
            [
              1.4445330000000007,
              42.20877699999999
            ],
            [
              1.4446420000000009,
              42.20855999999999
            ],
            [
              1.444702,
              42.208397000000005
            ],
            [
              1.4449790000000005,
              42.208136999999994
            ],
            [
              1.445281000000001,
              42.20786300000001
            ],
            [
              1.445427099304459,
              42.20763626688851
            ],
            [
              1.4372918365574707,
              42.207525704038076
            ],
            [
              1.4370698400709974,
              42.21652868086581
            ],
            [
              1.4375763443295346,
              42.21653558258563
            ],
            [
              1.4379390000000007,
              42.216334000000025
            ],
            [
              1.4380840000000004,
              42.21623799999999
            ],
            [
              1.4383910000000004,
              42.21635199999998
            ],
            [
              1.4387640000000006,
              42.21647200000002
            ],
            [
              1.4390297164999015,
              42.216555374076925
            ],
            [
              1.4422664024869039,
              42.21659938387194
            ]
          ]
        ]
      }
    },
    {
      "type": "Feature",
      "properties": {
        "records": 0,
        "flora_records": 0,
        "fauna_records": 0,
        "latest_year": null,
        "knowledge_class": "Pràcticament sense dades",
        "priority_hic_overlap": false,
        "connector_overlap": true,
        "prospecting_interest": true,
        "reason": "Coneixement públic escàs coincident amb connector cartogràfic"
      },
      "geometry": {
        "type": "MultiPolygon",
        "coordinates": [
          [
            [
              [
                1.4370698400709974,
                42.21652868086581
              ],
              [
                1.4370636343953673,
                42.21678029015191
              ],
              [
                1.4371660000000004,
                42.21673799999999
              ],
              [
                1.4375630000000008,
                42.21654300000002
              ],
              [
                1.4375763443295346,
                42.21653558258563
              ],
              [
                1.4370698400709974,
                42.21652868086581
              ]
            ]
          ],
          [
            [
              [
                1.4390297164999015,
                42.216555374076925
              ],
              [
                1.4392070000000001,
                42.216611
              ],
              [
                1.439758,
                42.21681099999999
              ],
              [
                1.4402830000000002,
                42.21702500000001
              ],
              [
                1.4405070000000002,
                42.217101000000014
              ],
              [
                1.4406330000000007,
                42.21714600000001
              ],
              [
                1.440922000000001,
                42.21711600000001
              ],
              [
                1.4412370000000005,
                42.21704000000001
              ],
              [
                1.4418450000000005,
                42.21684199999999
              ],
              [
                1.4422330000000005,
                42.216622999999984
              ],
              [
                1.4422664024869039,
                42.21659938387194
              ],
              [
                1.4390297164999015,
                42.216555374076925
              ]
            ]
          ]
        ]
      }
    },
    {
      "type": "Feature",
      "properties": {
        "records": 10,
        "flora_records": 8,
        "fauna_records": 1,
        "latest_year": null,
        "knowledge_class": "Informació moderada",
        "priority_hic_overlap": true,
        "connector_overlap": false,
        "prospecting_interest": false,
        "reason": "Cobertura de registres públics agregada; no descriu riquesa ni absència d’espècies."
      },
      "geometry": {
        "type": "Polygon",
        "coordinates": [
          [
            [
              1.4507210928989762,
              42.15367158411203
            ],
            [
              1.4628205998828456,
              42.15383436739805
            ],
            [
              1.462860833088386,
              42.15217202617672
            ],
            [
              1.4624050000000006,
              42.15198299999999
            ],
            [
              1.4618120000000008,
              42.151779
            ],
            [
              1.4614060000000004,
              42.151647999999994
            ],
            [
              1.4608870000000003,
              42.151504999999986
            ],
            [
              1.4603780000000002,
              42.15132900000002
            ],
            [
              1.459815000000001,
              42.151146999999995
            ],
            [
              1.4592600000000002,
              42.15099299999999
            ],
            [
              1.4589220000000003,
              42.15086700000003
            ],
            [
              1.4586290000000002,
              42.15073700000001
            ],
            [
              1.4583400000000004,
              42.150613
            ],
            [
              1.4579540000000004,
              42.150464
            ],
            [
              1.4575880000000008,
              42.15033699999999
            ],
            [
              1.4573230000000001,
              42.150198000000024
            ],
            [
              1.45692,
              42.149958
            ],
            [
              1.4565620000000008,
              42.149746
            ],
            [
              1.4563540000000008,
              42.149554000000016
            ],
            [
              1.4561100000000005,
              42.149336
            ],
            [
              1.455779,
              42.149128
            ],
            [
              1.4554980000000008,
              42.148916000000014
            ],
            [
              1.455119,
              42.14867800000001
            ],
            [
              1.454857000000001,
              42.14850199999999
            ],
            [
              1.4545190000000003,
              42.148289999999996
            ],
            [
              1.4541680000000003,
              42.14808200000002
            ],
            [
              1.453602000000001,
              42.14782099999999
            ],
            [
              1.4531220000000005,
              42.14761100000002
            ],
            [
              1.4526660000000002,
              42.147411
            ],
            [
              1.4521759999999997,
              42.14717300000001
            ],
            [
              1.451829000000001,
              42.146995
            ],
            [
              1.4514830000000005,
              42.146798000000004
            ],
            [
              1.4511050000000003,
              42.14660600000002
            ],
            [
              1.4510680000000002,
              42.14659000000001
            ],
            [
              1.4508954535068552,
              42.146522664915594
            ],
            [
              1.4507210928989762,
              42.15367158411203
            ]
          ]
        ]
      }
    },
    {
      "type": "Feature",
      "properties": {
        "records": 62,
        "flora_records": 9,
        "fauna_records": 53,
        "latest_year": 2022.0,
        "knowledge_class": "Més informació publicada",
        "priority_hic_overlap": true,
        "connector_overlap": false,
        "prospecting_interest": false,
        "reason": "Cobertura de registres públics agregada; no descriu riquesa ni absència d’espècies."
      },
      "geometry": {
        "type": "Polygon",
        "coordinates": [
          [
            [
              1.4507210928989762,
              42.15367158411203
            ],
            [
              1.4505014183816838,
              42.16267470318323
            ],
            [
              1.4626026393186664,
              42.16283753754592
            ],
            [
              1.4628205998828456,
              42.15383436739805
            ],
            [
              1.4507210928989762,
              42.15367158411203
            ]
          ]
        ]
      }
    },
    {
      "type": "Feature",
      "properties": {
        "records": 15,
        "flora_records": 9,
        "fauna_records": 6,
        "latest_year": 2024.0,
        "knowledge_class": "Informació moderada",
        "priority_hic_overlap": true,
        "connector_overlap": false,
        "prospecting_interest": false,
        "reason": "Cobertura de registres públics agregada; no descriu riquesa ni absència d’espècies."
      },
      "geometry": {
        "type": "Polygon",
        "coordinates": [
          [
            [
              1.4505014183816838,
              42.16267470318323
            ],
            [
              1.450281643437101,
              42.17167780714349
            ],
            [
              1.4623845791100514,
              42.17184069259716
            ],
            [
              1.4626026393186664,
              42.16283753754592
            ],
            [
              1.4505014183816838,
              42.16267470318323
            ]
          ]
        ]
      }
    },
    {
      "type": "Feature",
      "properties": {
        "records": 100,
        "flora_records": 32,
        "fauna_records": 67,
        "latest_year": 2026.0,
        "knowledge_class": "Més informació publicada",
        "priority_hic_overlap": true,
        "connector_overlap": false,
        "prospecting_interest": false,
        "reason": "Cobertura de registres públics agregada; no descriu riquesa ni absència d’espècies."
      },
      "geometry": {
        "type": "Polygon",
        "coordinates": [
          [
            [
              1.450281643437101,
              42.17167780714349
            ],
            [
              1.4500617680117758,
              42.180680895991834
            ],
            [
              1.462166419203964,
              42.18084383255082
            ],
            [
              1.4623845791100514,
              42.17184069259716
            ],
            [
              1.450281643437101,
              42.17167780714349
            ]
          ]
        ]
      }
    },
    {
      "type": "Feature",
      "properties": {
        "records": 12,
        "flora_records": 7,
        "fauna_records": 5,
        "latest_year": null,
        "knowledge_class": "Informació moderada",
        "priority_hic_overlap": false,
        "connector_overlap": false,
        "prospecting_interest": false,
        "reason": "Cobertura de registres públics agregada; no descriu riquesa ni absència d’espècies."
      },
      "geometry": {
        "type": "Polygon",
        "coordinates": [
          [
            [
              1.461948159547326,
              42.18984695740596
            ],
            [
              1.462166419203964,
              42.18084383255082
            ],
            [
              1.4500617680117758,
              42.180680895991834
            ],
            [
              1.449841792052214,
              42.18968396972731
            ],
            [
              1.4601821719218433,
              42.189823261606655
            ],
            [
              1.4601280000000003,
              42.18974600000001
            ],
            [
              1.4600810000000002,
              42.189626999999994
            ],
            [
              1.4600650000000008,
              42.18957600000002
            ],
            [
              1.4600280000000008,
              42.189493999999996
            ],
            [
              1.4599860000000002,
              42.189366000000014
            ],
            [
              1.4599910000000007,
              42.189358
            ],
            [
              1.4600230000000007,
              42.189362000000024
            ],
            [
              1.4600710000000006,
              42.189362000000024
            ],
            [
              1.4601230000000005,
              42.18935100000002
            ],
            [
              1.4602040000000003,
              42.18931500000001
            ],
            [
              1.4603010000000012,
              42.18929099999999
            ],
            [
              1.4603890000000002,
              42.18929600000001
            ],
            [
              1.4604610000000005,
              42.18929799999999
            ],
            [
              1.4605140000000005,
              42.189289
            ],
            [
              1.4605670000000002,
              42.189288000000005
            ],
            [
              1.4606130000000004,
              42.18930600000002
            ],
            [
              1.4606980000000005,
              42.1895
            ],
            [
              1.4607960000000002,
              42.18968100000001
            ],
            [
              1.4608700000000006,
              42.18974299999999
            ],
            [
              1.4609440000000011,
              42.189784
            ],
            [
              1.461068,
              42.189826000000004
            ],
            [
              1.461088214813339,
              42.18983542217401
            ],
            [
              1.461948159547326,
              42.18984695740596
            ]
          ]
        ]
      }
    },
    {
      "type": "Feature",
      "properties": {
        "records": 13,
        "flora_records": 7,
        "fauna_records": 6,
        "latest_year": 2023.0,
        "knowledge_class": "Informació moderada",
        "priority_hic_overlap": false,
        "connector_overlap": false,
        "prospecting_interest": false,
        "reason": "Cobertura de registres públics agregada; no descriu riquesa ni absència d’espècies."
      },
      "geometry": {
        "type": "MultiPolygon",
        "coordinates": [
          [
            [
              [
                1.461948159547326,
                42.18984695740596
              ],
              [
                1.461088214813339,
                42.18983542217401
              ],
              [
                1.4611860000000005,
                42.189881
              ],
              [
                1.4612509999999999,
                42.18992399999999
              ],
              [
                1.4613890000000007,
                42.19005999999999
              ],
              [
                1.4615190000000002,
                42.190222000000006
              ],
              [
                1.4615830000000012,
                42.190293000000004
              ],
              [
                1.4616609999999999,
                42.190312000000006
              ],
              [
                1.4616870000000008,
                42.19032599999999
              ],
              [
                1.4618210000000005,
                42.19043500000001
              ],
              [
                1.4619318173613858,
                42.19052089993637
              ],
              [
                1.461948159547326,
                42.18984695740596
              ]
            ]
          ],
          [
            [
              [
                1.449841792052214,
                42.18968396972731
              ],
              [
                1.4496217155048796,
                42.19868702834895
              ],
              [
                1.4617298000870187,
                42.198850067161615
              ],
              [
                1.4619147417569445,
                42.19122506350301
              ],
              [
                1.4619129999999998,
                42.191225
              ],
              [
                1.461728,
                42.191236999999994
              ],
              [
                1.461647,
                42.19125500000002
              ],
              [
                1.4615930000000004,
                42.191283000000006
              ],
              [
                1.4614520000000006,
                42.191269
              ],
              [
                1.4611990000000004,
                42.191272
              ],
              [
                1.4609570000000005,
                42.19128699999998
              ],
              [
                1.4609440000000005,
                42.191140000000004
              ],
              [
                1.4609109999999998,
                42.191058
              ],
              [
                1.4608839999999998,
                42.19098499999999
              ],
              [
                1.4608500000000004,
                42.19089399999998
              ],
              [
                1.4608180000000002,
                42.190818
              ],
              [
                1.4607800000000009,
                42.19078099999999
              ],
              [
                1.460804,
                42.19075499999999
              ],
              [
                1.4608140000000012,
                42.19072899999999
              ],
              [
                1.4608220000000005,
                42.19070700000002
              ],
              [
                1.4607660000000002,
                42.19064100000001
              ],
              [
                1.4606890000000001,
                42.19058999999999
              ],
              [
                1.4605790000000003,
                42.19054299999999
              ],
              [
                1.460452,
                42.190487000000005
              ],
              [
                1.4603700000000004,
                42.190443
              ],
              [
                1.4603200000000003,
                42.190403999999994
              ],
              [
                1.460289,
                42.19037400000001
              ],
              [
                1.4602850000000005,
                42.190325000000016
              ],
              [
                1.460291000000001,
                42.190242000000005
              ],
              [
                1.460301000000001,
                42.19014999999999
              ],
              [
                1.4602920000000004,
                42.190068000000004
              ],
              [
                1.4602490000000001,
                42.189975999999994
              ],
              [
                1.4601890000000004,
                42.18983299999999
              ],
              [
                1.4601821719218433,
                42.189823261606655
              ],
              [
                1.449841792052214,
                42.18968396972731
              ]
            ]
          ]
        ]
      }
    },
    {
      "type": "Feature",
      "properties": {
        "records": 90,
        "flora_records": 6,
        "fauna_records": 84,
        "latest_year": 2025.0,
        "knowledge_class": "Més informació publicada",
        "priority_hic_overlap": false,
        "connector_overlap": true,
        "prospecting_interest": false,
        "reason": "Cobertura de registres públics agregada; no descriu riquesa ni absència d’espècies."
      },
      "geometry": {
        "type": "Polygon",
        "coordinates": [
          [
            [
              1.4617298000870187,
              42.198850067161615
            ],
            [
              1.4496217155048796,
              42.19868702834895
            ],
            [
              1.4495144742134856,
              42.203072639993145
            ],
            [
              1.4498280000000003,
              42.203088000000015
            ],
            [
              1.4500250000000006,
              42.20323299999999
            ],
            [
              1.450569,
              42.20347900000001
            ],
            [
              1.4508040000000004,
              42.203574999999994
            ],
            [
              1.4511440000000007,
              42.203688
            ],
            [
              1.451361,
              42.203759
            ],
            [
              1.451484000000001,
              42.203793
            ],
            [
              1.4524390000000005,
              42.204012
            ],
            [
              1.4531430000000003,
              42.204121
            ],
            [
              1.4537280000000001,
              42.204192000000006
            ],
            [
              1.4539790000000004,
              42.20425200000002
            ],
            [
              1.4541910000000002,
              42.204118999999984
            ],
            [
              1.4542190000000006,
              42.204101
            ],
            [
              1.4542959999999998,
              42.204051000000014
            ],
            [
              1.454439,
              42.20397699999999
            ],
            [
              1.4546940000000008,
              42.20390799999999
            ],
            [
              1.4550390000000002,
              42.203744999999984
            ],
            [
              1.4553320000000005,
              42.203582000000004
            ],
            [
              1.4556100000000007,
              42.203428
            ],
            [
              1.4556920000000004,
              42.203403999999985
            ],
            [
              1.4561880000000007,
              42.203396000000005
            ],
            [
              1.4565909999999997,
              42.203403
            ],
            [
              1.4568470000000002,
              42.203396000000005
            ],
            [
              1.4570589999999999,
              42.20339899999999
            ],
            [
              1.4572660000000006,
              42.20341199999999
            ],
            [
              1.4576060000000008,
              42.203421
            ],
            [
              1.4579240000000007,
              42.20337899999999
            ],
            [
              1.4582040000000007,
              42.20330500000001
            ],
            [
              1.4584120000000003,
              42.203278
            ],
            [
              1.4586639999999997,
              42.20329499999999
            ],
            [
              1.4590130000000006,
              42.20331900000002
            ],
            [
              1.4591860000000005,
              42.203314
            ],
            [
              1.459335,
              42.203309999999995
            ],
            [
              1.459848000000001,
              42.203212
            ],
            [
              1.4600360000000001,
              42.20318099999999
            ],
            [
              1.4602660000000005,
              42.203064999999995
            ],
            [
              1.4604220000000006,
              42.202986999999986
            ],
            [
              1.460554,
              42.202925000000015
            ],
            [
              1.460807,
              42.20280400000002
            ],
            [
              1.461015000000001,
              42.20272199999998
            ],
            [
              1.4611620000000003,
              42.20270399999999
            ],
            [
              1.461419000000001,
              42.20268500000001
            ],
            [
              1.4616368763797571,
              42.202680122345974
            ],
            [
              1.4617298000870187,
              42.198850067161615
            ]
          ]
        ]
      }
    },
    {
      "type": "Feature",
      "properties": {
        "records": 3,
        "flora_records": 0,
        "fauna_records": 3,
        "latest_year": null,
        "knowledge_class": "Poca informació",
        "priority_hic_overlap": true,
        "connector_overlap": false,
        "prospecting_interest": true,
        "reason": "Coneixement públic escàs coincident amb HIC prioritari"
      },
      "geometry": {
        "type": "Polygon",
        "coordinates": [
          [
            [
              1.4628205998828456,
              42.15383436739805
            ],
            [
              1.4686839260384523,
              42.15391279161843
            ],
            [
              1.4680400000000005,
              42.153723999999976
            ],
            [
              1.4674540000000005,
              42.153541999999995
            ],
            [
              1.4667600000000005,
              42.15328700000003
            ],
            [
              1.4660770000000005,
              42.153111
            ],
            [
              1.4655320000000003,
              42.152961
            ],
            [
              1.4648980000000011,
              42.152795000000005
            ],
            [
              1.464569,
              42.152695000000016
            ],
            [
              1.464360000000001,
              42.15259699999999
            ],
            [
              1.4641790000000003,
              42.152475
            ],
            [
              1.4640360000000001,
              42.15239799999999
            ],
            [
              1.463815,
              42.152337999999986
            ],
            [
              1.4635400000000007,
              42.152319999999996
            ],
            [
              1.4632260000000004,
              42.152279
            ],
            [
              1.462909000000001,
              42.152192
            ],
            [
              1.462860833088386,
              42.15217202617672
            ],
            [
              1.4628205998828456,
              42.15383436739805
            ]
          ]
        ]
      }
    },
    {
      "type": "Feature",
      "properties": {
        "records": 29,
        "flora_records": 8,
        "fauna_records": 17,
        "latest_year": null,
        "knowledge_class": "Més informació publicada",
        "priority_hic_overlap": true,
        "connector_overlap": false,
        "prospecting_interest": false,
        "reason": "Cobertura de registres públics agregada; no descriu riquesa ni absència d’espècies."
      },
      "geometry": {
        "type": "Polygon",
        "coordinates": [
          [
            [
              1.4628205998828456,
              42.15383436739805
            ],
            [
              1.4626026393186664,
              42.16283753754592
            ],
            [
              1.4747039599000789,
              42.162999096023604
            ],
            [
              1.4748344530392579,
              42.157566631817204
            ],
            [
              1.474336,
              42.157281000000005
            ],
            [
              1.4734110000000005,
              42.156723000000014
            ],
            [
              1.472731000000001,
              42.156413000000015
            ],
            [
              1.4724100000000002,
              42.15626699999998
            ],
            [
              1.4718650000000004,
              42.155922
            ],
            [
              1.471545000000001,
              42.155662
            ],
            [
              1.4713300000000002,
              42.15548000000001
            ],
            [
              1.4711230000000004,
              42.15532899999999
            ],
            [
              1.4708270000000003,
              42.155275
            ],
            [
              1.4705250000000005,
              42.15523100000001
            ],
            [
              1.4703350000000004,
              42.15507700000001
            ],
            [
              1.4700650000000002,
              42.15476399999999
            ],
            [
              1.4696770000000006,
              42.15441400000002
            ],
            [
              1.4693380000000007,
              42.15418399999998
            ],
            [
              1.4688620000000001,
              42.153965
            ],
            [
              1.4686839260384523,
              42.15391279161843
            ],
            [
              1.4628205998828456,
              42.15383436739805
            ]
          ]
        ]
      }
    },
    {
      "type": "Feature",
      "properties": {
        "records": 15,
        "flora_records": 14,
        "fauna_records": 1,
        "latest_year": null,
        "knowledge_class": "Informació moderada",
        "priority_hic_overlap": true,
        "connector_overlap": false,
        "prospecting_interest": false,
        "reason": "Cobertura de registres públics agregada; no descriu riquesa ni absència d’espècies."
      },
      "geometry": {
        "type": "Polygon",
        "coordinates": [
          [
            [
              1.4626026393186664,
              42.16283753754592
            ],
            [
              1.4623845791100514,
              42.17184069259716
            ],
            [
              1.4744876144804682,
              42.17200230176577
            ],
            [
              1.4747039599000789,
              42.162999096023604
            ],
            [
              1.4626026393186664,
              42.16283753754592
            ]
          ]
        ]
      }
    },
    {
      "type": "Feature",
      "properties": {
        "records": 6,
        "flora_records": 6,
        "fauna_records": 0,
        "latest_year": null,
        "knowledge_class": "Informació moderada",
        "priority_hic_overlap": true,
        "connector_overlap": false,
        "prospecting_interest": false,
        "reason": "Cobertura de registres públics agregada; no descriu riquesa ni absència d’espècies."
      },
      "geometry": {
        "type": "Polygon",
        "coordinates": [
          [
            [
              1.4623845791100514,
              42.17184069259716
            ],
            [
              1.462166419203964,
              42.18084383255082
            ],
            [
              1.4742711701466962,
              42.18100549242458
            ],
            [
              1.4744876144804682,
              42.17200230176577
            ],
            [
              1.4623845791100514,
              42.17184069259716
            ]
          ]
        ]
      }
    },
    {
      "type": "Feature",
      "properties": {
        "records": 2,
        "flora_records": 2,
        "fauna_records": 0,
        "latest_year": null,
        "knowledge_class": "Poca informació",
        "priority_hic_overlap": true,
        "connector_overlap": false,
        "prospecting_interest": true,
        "reason": "Coneixement públic escàs coincident amb HIC prioritari"
      },
      "geometry": {
        "type": "Polygon",
        "coordinates": [
          [
            [
              1.462166419203964,
              42.18084383255082
            ],
            [
              1.461948159547326,
              42.18984695740596
            ],
            [
              1.4740546268461006,
              42.190008667999095
            ],
            [
              1.4742711701466962,
              42.18100549242458
            ],
            [
              1.462166419203964,
              42.18084383255082
            ]
          ]
        ]
      }
    },
    {
      "type": "Feature",
      "properties": {
        "records": 0,
        "flora_records": 0,
        "fauna_records": 0,
        "latest_year": null,
        "knowledge_class": "Pràcticament sense dades",
        "priority_hic_overlap": true,
        "connector_overlap": false,
        "prospecting_interest": true,
        "reason": "Coneixement públic escàs coincident amb HIC prioritari"
      },
      "geometry": {
        "type": "Polygon",
        "coordinates": [
          [
            [
              1.4740546268461006,
              42.190008667999095
            ],
            [
              1.461948159547326,
              42.18984695740596
            ],
            [
              1.4619318173613858,
              42.19052089993637
            ],
            [
              1.4619900000000003,
              42.19056600000002
            ],
            [
              1.4621200000000003,
              42.190659000000004
            ],
            [
              1.462193000000001,
              42.19070700000002
            ],
            [
              1.4622600000000001,
              42.19074600000002
            ],
            [
              1.4624530000000002,
              42.19079299999999
            ],
            [
              1.462601,
              42.19084200000001
            ],
            [
              1.462719000000001,
              42.190886000000006
            ],
            [
              1.4628090000000007,
              42.19093699999999
            ],
            [
              1.462894,
              42.190971000000005
            ],
            [
              1.4628890000000008,
              42.19097899999999
            ],
            [
              1.4630000000000005,
              42.19106800000002
            ],
            [
              1.4630860000000008,
              42.19114600000001
            ],
            [
              1.46316,
              42.19122000000001
            ],
            [
              1.4629830000000004,
              42.19125699999999
            ],
            [
              1.462691,
              42.191300999999996
            ],
            [
              1.462445000000001,
              42.19129900000001
            ],
            [
              1.4622610000000007,
              42.191279999999985
            ],
            [
              1.4621050000000004,
              42.19123200000001
            ],
            [
              1.4619147417569445,
              42.19122506350301
            ],
            [
              1.4617298000870187,
              42.198850067161615
            ],
            [
              1.4653611046589234,
              42.19889871443875
            ],
            [
              1.465327000000001,
              42.19881799999999
            ],
            [
              1.4652580000000002,
              42.19870900000001
            ],
            [
              1.465179000000001,
              42.198614
            ],
            [
              1.465093000000001,
              42.198525000000004
            ],
            [
              1.4649630000000011,
              42.198409
            ],
            [
              1.4646139999999999,
              42.198145
            ],
            [
              1.4643479999999998,
              42.197938
            ],
            [
              1.4640250000000001,
              42.19769099999999
            ],
            [
              1.4638960000000005,
              42.19756500000001
            ],
            [
              1.4638229999999999,
              42.197485
            ],
            [
              1.4637590000000014,
              42.197383999999985
            ],
            [
              1.4637200000000006,
              42.19729800000001
            ],
            [
              1.4636740000000001,
              42.197185
            ],
            [
              1.4636689999999997,
              42.197082
            ],
            [
              1.463686,
              42.19698000000002
            ],
            [
              1.463727,
              42.196860999999984
            ],
            [
              1.4638799999999998,
              42.19667700000001
            ],
            [
              1.4641250000000001,
              42.19635100000003
            ],
            [
              1.4641570000000004,
              42.196169999999995
            ],
            [
              1.4641230000000003,
              42.196004999999985
            ],
            [
              1.4641060000000001,
              42.195778000000004
            ],
            [
              1.4640929999999996,
              42.195594
            ],
            [
              1.4640540000000006,
              42.195468000000005
            ],
            [
              1.4640260000000007,
              42.19536099999999
            ],
            [
              1.4640040000000007,
              42.19528499999999
            ],
            [
              1.4639750000000005,
              42.19521900000002
            ],
            [
              1.4639340000000007,
              42.19512100000001
            ],
            [
              1.464280000000001,
              42.19498399999999
            ],
            [
              1.4646390000000016,
              42.194862
            ],
            [
              1.464976,
              42.194785
            ],
            [
              1.4654450000000006,
              42.19471699999998
            ],
            [
              1.465734,
              42.19465600000001
            ],
            [
              1.4659840000000002,
              42.194606000000014
            ],
            [
              1.4660540000000004,
              42.19458099999998
            ],
            [
              1.4661940000000004,
              42.194515
            ],
            [
              1.4664180000000004,
              42.194394
            ],
            [
              1.4667590000000004,
              42.194250999999994
            ],
            [
              1.4670540000000005,
              42.19411199999999
            ],
            [
              1.4672860000000008,
              42.194025
            ],
            [
              1.46743,
              42.19396499999999
            ],
            [
              1.467510000000001,
              42.193904
            ],
            [
              1.4677780000000007,
              42.193651
            ],
            [
              1.4680010000000006,
              42.19340399999998
            ],
            [
              1.4681160000000002,
              42.19327400000001
            ],
            [
              1.4682630000000005,
              42.193149999999996
            ],
            [
              1.4682720000000005,
              42.193141999999995
            ],
            [
              1.4683030000000004,
              42.19311600000002
            ],
            [
              1.4685040000000007,
              42.19296299999999
            ],
            [
              1.4688000000000008,
              42.19264599999999
            ],
            [
              1.469052000000001,
              42.192346
            ],
            [
              1.4693620000000005,
              42.19197500000001
            ],
            [
              1.469496,
              42.191790999999995
            ],
            [
              1.4699050000000005,
              42.191952999999984
            ],
            [
              1.4702430000000006,
              42.19206300000001
            ],
            [
              1.4706420000000002,
              42.192174999999985
            ],
            [
              1.4710320000000003,
              42.19227
            ],
            [
              1.4714460000000011,
              42.19237699999999
            ],
            [
              1.4718560000000003,
              42.192481000000015
            ],
            [
              1.4723190000000004,
              42.19261200000002
            ],
            [
              1.4727650000000008,
              42.192713
            ],
            [
              1.47328,
              42.192847
            ],
            [
              1.473829000000001,
              42.192960000000014
            ],
            [
              1.4739829849823296,
              42.192986397596414
            ],
            [
              1.4740546268461006,
              42.190008667999095
            ]
          ]
        ]
      }
    },
    {
      "type": "Feature",
      "properties": {
        "records": 0,
        "flora_records": 0,
        "fauna_records": 0,
        "latest_year": null,
        "knowledge_class": "Pràcticament sense dades",
        "priority_hic_overlap": false,
        "connector_overlap": false,
        "prospecting_interest": false,
        "reason": "Cobertura de registres públics agregada; no descriu riquesa ni absència d’espècies."
      },
      "geometry": {
        "type": "Polygon",
        "coordinates": [
          [
            [
              1.4617298000870187,
              42.198850067161615
            ],
            [
              1.4616368763797571,
              42.202680122345974
            ],
            [
              1.461821,
              42.20267600000001
            ],
            [
              1.4619509999999996,
              42.20268200000002
            ],
            [
              1.4621110000000004,
              42.20268900000001
            ],
            [
              1.462226,
              42.202710999999994
            ],
            [
              1.4624770000000005,
              42.202775000000024
            ],
            [
              1.4626300000000005,
              42.20282200000001
            ],
            [
              1.4627130000000004,
              42.20284400000002
            ],
            [
              1.4628000000000012,
              42.202866
            ],
            [
              1.4629030000000003,
              42.20286
            ],
            [
              1.463053,
              42.20284999999998
            ],
            [
              1.4634029999999998,
              42.202788
            ],
            [
              1.4637790000000008,
              42.202713
            ],
            [
              1.4639510000000004,
              42.202710999999994
            ],
            [
              1.4641060000000004,
              42.20272
            ],
            [
              1.4644090000000007,
              42.202761000000024
            ],
            [
              1.4645900000000007,
              42.20277900000002
            ],
            [
              1.4647070000000009,
              42.202784
            ],
            [
              1.4648070000000004,
              42.202781999999985
            ],
            [
              1.4649440000000011,
              42.202756999999984
            ],
            [
              1.465326,
              42.20266300000002
            ],
            [
              1.465643000000001,
              42.20250699999999
            ],
            [
              1.4659620000000007,
              42.202358000000004
            ],
            [
              1.4662600000000001,
              42.202145
            ],
            [
              1.4659759999999997,
              42.201959
            ],
            [
              1.4658520000000008,
              42.20186600000001
            ],
            [
              1.4657370000000005,
              42.201749
            ],
            [
              1.465672,
              42.201651
            ],
            [
              1.4656180000000003,
              42.20154999999998
            ],
            [
              1.4655880000000003,
              42.20143699999999
            ],
            [
              1.4655600000000002,
              42.201337
            ],
            [
              1.4655510000000007,
              42.20122600000001
            ],
            [
              1.4655920000000007,
              42.201038000000004
            ],
            [
              1.4656809999999998,
              42.20064900000002
            ],
            [
              1.465730000000001,
              42.200458999999995
            ],
            [
              1.4657319999999998,
              42.20033900000002
            ],
            [
              1.4657280000000001,
              42.20025999999998
            ],
            [
              1.4657170000000002,
              42.20017500000002
            ],
            [
              1.465699000000001,
              42.200116000000016
            ],
            [
              1.465661000000001,
              42.200049
            ],
            [
              1.465613,
              42.199998000000015
            ],
            [
              1.4655490000000007,
              42.199929999999995
            ],
            [
              1.465499,
              42.19988600000001
            ],
            [
              1.4654440000000002,
              42.199845
            ],
            [
              1.465297000000001,
              42.199732999999995
            ],
            [
              1.465347000000001,
              42.199644
            ],
            [
              1.4653970000000007,
              42.19942799999999
            ],
            [
              1.4654250000000006,
              42.199207000000015
            ],
            [
              1.4654170000000002,
              42.199051
            ],
            [
              1.4653869999999998,
              42.19896
            ],
            [
              1.4653611046589234,
              42.19889871443875
            ],
            [
              1.4617298000870187,
              42.198850067161615
            ]
          ]
        ]
      }
    },
    {
      "type": "Feature",
      "properties": {
        "records": 9,
        "flora_records": 0,
        "fauna_records": 8,
        "latest_year": null,
        "knowledge_class": "Informació moderada",
        "priority_hic_overlap": true,
        "connector_overlap": false,
        "prospecting_interest": false,
        "reason": "Cobertura de registres públics agregada; no descriu riquesa ni absència d’espècies."
      },
      "geometry": {
        "type": "Polygon",
        "coordinates": [
          [
            [
              1.4747039599000789,
              42.162999096023604
            ],
            [
              1.483900661057286,
              42.16312102226407
            ],
            [
              1.4838600000000006,
              42.16309599999999
            ],
            [
              1.4837140000000004,
              42.163
            ],
            [
              1.4835350000000003,
              42.162888
            ],
            [
              1.4832050000000006,
              42.16264200000001
            ],
            [
              1.4828980000000003,
              42.162444000000015
            ],
            [
              1.4826360000000007,
              42.16227000000002
            ],
            [
              1.4822609999999998,
              42.162049000000025
            ],
            [
              1.4817770000000006,
              42.161835000000025
            ],
            [
              1.4816459999999998,
              42.16178800000001
            ],
            [
              1.481462,
              42.16173100000001
            ],
            [
              1.4813420000000006,
              42.161671
            ],
            [
              1.4810850000000002,
              42.161521
            ],
            [
              1.480762,
              42.16133100000003
            ],
            [
              1.480482000000001,
              42.161154999999994
            ],
            [
              1.4801750000000007,
              42.16095799999998
            ],
            [
              1.4798820000000001,
              42.160773
            ],
            [
              1.4795780000000007,
              42.16057500000001
            ],
            [
              1.4792610000000006,
              42.16030700000002
            ],
            [
              1.4784500000000005,
              42.15981200000001
            ],
            [
              1.4775400000000005,
              42.159194
            ],
            [
              1.4766210000000006,
              42.15861000000001
            ],
            [
              1.475862,
              42.158165999999994
            ],
            [
              1.4751370000000004,
              42.15773999999999
            ],
            [
              1.4748344530392579,
              42.157566631817204
            ],
            [
              1.4747039599000789,
              42.162999096023604
            ]
          ]
        ]
      }
    },
    {
      "type": "Feature",
      "properties": {
        "records": 18,
        "flora_records": 12,
        "fauna_records": 4,
        "latest_year": null,
        "knowledge_class": "Informació moderada",
        "priority_hic_overlap": true,
        "connector_overlap": false,
        "prospecting_interest": false,
        "reason": "Cobertura de registres públics agregada; no descriu riquesa ni absència d’espècies."
      },
      "geometry": {
        "type": "Polygon",
        "coordinates": [
          [
            [
              1.4747039599000789,
              42.162999096023604
            ],
            [
              1.4744876144804682,
              42.17200230176577
            ],
            [
              1.4865907487650403,
              42.17216263461987
            ],
            [
              1.4867828531493468,
              42.16410449429932
            ],
            [
              1.486712,
              42.16407000000001
            ],
            [
              1.4866260000000007,
              42.16404200000002
            ],
            [
              1.4865540000000002,
              42.16403
            ],
            [
              1.4864720000000005,
              42.16401800000001
            ],
            [
              1.486329000000001,
              42.16400399999999
            ],
            [
              1.486139,
              42.16399400000001
            ],
            [
              1.4860300000000004,
              42.163977999999986
            ],
            [
              1.485835000000001,
              42.163934999999995
            ],
            [
              1.4856979999999997,
              42.16389000000001
            ],
            [
              1.4855560000000008,
              42.163850999999994
            ],
            [
              1.4853100000000008,
              42.163747
            ],
            [
              1.4849690000000006,
              42.163605000000004
            ],
            [
              1.4847450000000009,
              42.16351800000002
            ],
            [
              1.4842300000000004,
              42.16330600000001
            ],
            [
              1.4840810000000004,
              42.16323200000001
            ],
            [
              1.483900661057286,
              42.16312102226407
            ],
            [
              1.4747039599000789,
              42.162999096023604
            ]
          ]
        ]
      }
    },
    {
      "type": "Feature",
      "properties": {
        "records": 16,
        "flora_records": 4,
        "fauna_records": 10,
        "latest_year": 2024.0,
        "knowledge_class": "Informació moderada",
        "priority_hic_overlap": true,
        "connector_overlap": false,
        "prospecting_interest": false,
        "reason": "Cobertura de registres públics agregada; no descriu riquesa ni absència d’espècies."
      },
      "geometry": {
        "type": "Polygon",
        "coordinates": [
          [
            [
              1.4744876144804682,
              42.17200230176577
            ],
            [
              1.4742711701466962,
              42.18100549242458
            ],
            [
              1.4863760200562448,
              42.18116587558364
            ],
            [
              1.4865907487650403,
              42.17216263461987
            ],
            [
              1.4744876144804682,
              42.17200230176577
            ]
          ]
        ]
      }
    },
    {
      "type": "Feature",
      "properties": {
        "records": 5,
        "flora_records": 4,
        "fauna_records": 1,
        "latest_year": null,
        "knowledge_class": "Informació moderada",
        "priority_hic_overlap": true,
        "connector_overlap": true,
        "prospecting_interest": false,
        "reason": "Cobertura de registres públics agregada; no descriu riquesa ni absència d’espècies."
      },
      "geometry": {
        "type": "Polygon",
        "coordinates": [
          [
            [
              1.4742711701466962,
              42.18100549242458
            ],
            [
              1.4740546268461006,
              42.190008667999095
            ],
            [
              1.4861611931643934,
              42.190169101477224
            ],
            [
              1.4863760200562448,
              42.18116587558364
            ],
            [
              1.4742711701466962,
              42.18100549242458
            ]
          ]
        ]
      }
    },
    {
      "type": "Feature",
      "properties": {
        "records": 1,
        "flora_records": 1,
        "fauna_records": 0,
        "latest_year": null,
        "knowledge_class": "Poca informació",
        "priority_hic_overlap": true,
        "connector_overlap": true,
        "prospecting_interest": true,
        "reason": "Coneixement públic escàs coincident amb HIC prioritari i connector cartogràfic"
      },
      "geometry": {
        "type": "Polygon",
        "coordinates": [
          [
            [
              1.4861611931643934,
              42.190169101477224
            ],
            [
              1.4740546268461006,
              42.190008667999095
            ],
            [
              1.4739829849823296,
              42.192986397596414
            ],
            [
              1.4742140000000001,
              42.193026000000025
            ],
            [
              1.474432,
              42.19303400000001
            ],
            [
              1.4746050000000006,
              42.19307100000002
            ],
            [
              1.4748890000000001,
              42.19308899999999
            ],
            [
              1.4751700000000014,
              42.19315200000002
            ],
            [
              1.4753670000000005,
              42.19323
            ],
            [
              1.4756200000000004,
              42.193304000000005
            ],
            [
              1.4757929999999997,
              42.19335999999999
            ],
            [
              1.4760600000000001,
              42.193407
            ],
            [
              1.476362000000001,
              42.19345199999999
            ],
            [
              1.4766280000000007,
              42.193469000000015
            ],
            [
              1.4768570000000005,
              42.193481
            ],
            [
              1.477081000000001,
              42.19348800000002
            ],
            [
              1.4773079999999998,
              42.193523
            ],
            [
              1.4775280000000006,
              42.19354099999999
            ],
            [
              1.4777830000000005,
              42.19356700000001
            ],
            [
              1.4779980000000004,
              42.193596000000014
            ],
            [
              1.4781880000000003,
              42.193629
            ],
            [
              1.478352,
              42.19366399999999
            ],
            [
              1.478724,
              42.19388699999998
            ],
            [
              1.4790600000000003,
              42.19408299999999
            ],
            [
              1.479262000000001,
              42.19421500000001
            ],
            [
              1.479774000000001,
              42.194365999999995
            ],
            [
              1.4805810000000001,
              42.194693
            ],
            [
              1.481259000000001,
              42.19498500000001
            ],
            [
              1.4814400000000008,
              42.195067
            ],
            [
              1.4817760000000002,
              42.195208
            ],
            [
              1.4819970000000005,
              42.195265
            ],
            [
              1.4822450000000005,
              42.195316
            ],
            [
              1.4824819999999996,
              42.19535299999998
            ],
            [
              1.482791,
              42.195352
            ],
            [
              1.4830000000000008,
              42.195328999999994
            ],
            [
              1.4833080000000003,
              42.19524800000001
            ],
            [
              1.4837890000000007,
              42.19502599999999
            ],
            [
              1.4840530000000007,
              42.194904000000015
            ],
            [
              1.4842620000000002,
              42.194784999999996
            ],
            [
              1.4845180000000002,
              42.19466300000001
            ],
            [
              1.4847210000000008,
              42.194565
            ],
            [
              1.485014,
              42.19442500000001
            ],
            [
              1.4853129999999999,
              42.194289
            ],
            [
              1.485591,
              42.19412599999999
            ],
            [
              1.4858180000000003,
              42.19403400000001
            ],
            [
              1.4860722286880805,
              42.1938963233656
            ],
            [
              1.4861611931643934,
              42.190169101477224
            ]
          ]
        ]
      }
    },
    {
      "type": "Feature",
      "properties": {
        "records": 22,
        "flora_records": 19,
        "fauna_records": 3,
        "latest_year": null,
        "knowledge_class": "Més informació publicada",
        "priority_hic_overlap": true,
        "connector_overlap": false,
        "prospecting_interest": false,
        "reason": "Cobertura de registres públics agregada; no descriu riquesa ni absència d’espècies."
      },
      "geometry": {
        "type": "Polygon",
        "coordinates": [
          [
            [
              1.4865907487650403,
              42.17216263461987
            ],
            [
              1.4986939811804156,
              42.172321691130236
            ],
            [
              1.4987381012341348,
              42.170456379453704
            ],
            [
              1.4985840000000004,
              42.170362999999995
            ],
            [
              1.498269000000001,
              42.17020400000001
            ],
            [
              1.4979680000000006,
              42.17006599999999
            ],
            [
              1.497637,
              42.169896000000016
            ],
            [
              1.497273000000001,
              42.169659000000024
            ],
            [
              1.49691,
              42.16942000000002
            ],
            [
              1.4965350000000004,
              42.16909100000001
            ],
            [
              1.4962710000000008,
              42.16885900000001
            ],
            [
              1.4957979999999997,
              42.16841699999999
            ],
            [
              1.495133,
              42.167808
            ],
            [
              1.494697,
              42.16741700000001
            ],
            [
              1.4943730000000006,
              42.167123999999994
            ],
            [
              1.4940090000000004,
              42.16673000000001
            ],
            [
              1.4938040000000004,
              42.16664799999999
            ],
            [
              1.4936870000000002,
              42.166594
            ],
            [
              1.4935700000000014,
              42.16651499999999
            ],
            [
              1.4934580000000004,
              42.16646000000002
            ],
            [
              1.4933339999999997,
              42.16640399999999
            ],
            [
              1.4931750000000004,
              42.166381000000015
            ],
            [
              1.4928410000000012,
              42.1664
            ],
            [
              1.4925229999999998,
              42.16640800000001
            ],
            [
              1.492363000000001,
              42.16641699999998
            ],
            [
              1.4922480000000005,
              42.16642399999999
            ],
            [
              1.4921720000000003,
              42.166420999999985
            ],
            [
              1.492091000000001,
              42.166401999999984
            ],
            [
              1.4920189999999995,
              42.166363999999994
            ],
            [
              1.4919529999999996,
              42.16631300000002
            ],
            [
              1.491867,
              42.166242
            ],
            [
              1.4917490000000009,
              42.16607499999998
            ],
            [
              1.4915620000000007,
              42.165861000000014
            ],
            [
              1.491352,
              42.16570299999999
            ],
            [
              1.491189000000001,
              42.165614
            ],
            [
              1.4909120000000007,
              42.16546999999998
            ],
            [
              1.490634,
              42.165339000000024
            ],
            [
              1.4903500000000003,
              42.16524499999999
            ],
            [
              1.490067000000001,
              42.16524599999998
            ],
            [
              1.4897780000000005,
              42.16530700000001
            ],
            [
              1.4895030000000002,
              42.16534500000001
            ],
            [
              1.4893530000000004,
              42.165342000000024
            ],
            [
              1.4891690000000002,
              42.165332
            ],
            [
              1.489015,
              42.165278
            ],
            [
              1.4889380000000008,
              42.165219000000015
            ],
            [
              1.4888510000000004,
              42.16515300000001
            ],
            [
              1.4887110000000001,
              42.16506800000002
            ],
            [
              1.4884780000000004,
              42.164999999999985
            ],
            [
              1.4880570000000009,
              42.16488300000001
            ],
            [
              1.4876610000000003,
              42.164735000000015
            ],
            [
              1.4873539999999998,
              42.164601
            ],
            [
              1.487255000000001,
              42.16452900000001
            ],
            [
              1.4871690000000006,
              42.16444200000001
            ],
            [
              1.4871040000000006,
              42.16436
            ],
            [
              1.487040000000001,
              42.164275999999994
            ],
            [
              1.4869590000000008,
              42.164213000000004
            ],
            [
              1.486867,
              42.164153999999996
            ],
            [
              1.4867880000000002,
              42.164107
            ],
            [
              1.4867828531493468,
              42.16410449429932
            ],
            [
              1.4865907487650403,
              42.17216263461987
            ]
          ]
        ]
      }
    },
    {
      "type": "Feature",
      "properties": {
        "records": 12,
        "flora_records": 4,
        "fauna_records": 7,
        "latest_year": 2025.0,
        "knowledge_class": "Informació moderada",
        "priority_hic_overlap": true,
        "connector_overlap": true,
        "prospecting_interest": false,
        "reason": "Cobertura de registres públics agregada; no descriu riquesa ni absència d’espècies."
      },
      "geometry": {
        "type": "Polygon",
        "coordinates": [
          [
            [
              1.4865907487650403,
              42.17216263461987
            ],
            [
              1.4863760200562448,
              42.18116587558364
            ],
            [
              1.4984809681488425,
              42.18132498199875
            ],
            [
              1.4986939811804156,
              42.172321691130236
            ],
            [
              1.4865907487650403,
              42.17216263461987
            ]
          ]
        ]
      }
    },
    {
      "type": "Feature",
      "properties": {
        "records": 5,
        "flora_records": 1,
        "fauna_records": 4,
        "latest_year": null,
        "knowledge_class": "Informació moderada",
        "priority_hic_overlap": true,
        "connector_overlap": true,
        "prospecting_interest": false,
        "reason": "Cobertura de registres públics agregada; no descriu riquesa ni absència d’espècies."
      },
      "geometry": {
        "type": "Polygon",
        "coordinates": [
          [
            [
              1.4984809681488425,
              42.18132498199875
            ],
            [
              1.4863760200562448,
              42.18116587558364
            ],
            [
              1.4861611931643934,
              42.190169101477224
            ],
            [
              1.4913025112904676,
              42.190236846324495
            ],
            [
              1.4914340000000006,
              42.19010299999999
            ],
            [
              1.4917130000000005,
              42.18982
            ],
            [
              1.4923370000000002,
              42.18902099999999
            ],
            [
              1.4930060000000012,
              42.18824999999998
            ],
            [
              1.4936170000000004,
              42.187562999999976
            ],
            [
              1.493876000000001,
              42.18722900000001
            ],
            [
              1.4951140000000005,
              42.185582
            ],
            [
              1.496070000000001,
              42.184321
            ],
            [
              1.4966820000000007,
              42.183492000000015
            ],
            [
              1.4976380000000002,
              42.18383499999999
            ],
            [
              1.4984161244191734,
              42.184064872145285
            ],
            [
              1.4984809681488425,
              42.18132498199875
            ]
          ]
        ]
      }
    },
    {
      "type": "Feature",
      "properties": {
        "records": 0,
        "flora_records": 0,
        "fauna_records": 0,
        "latest_year": null,
        "knowledge_class": "Pràcticament sense dades",
        "priority_hic_overlap": true,
        "connector_overlap": true,
        "prospecting_interest": true,
        "reason": "Coneixement públic escàs coincident amb HIC prioritari i connector cartogràfic"
      },
      "geometry": {
        "type": "Polygon",
        "coordinates": [
          [
            [
              1.4861611931643934,
              42.190169101477224
            ],
            [
              1.4860722286880805,
              42.1938963233656
            ],
            [
              1.486167000000001,
              42.19384499999999
            ],
            [
              1.4864890000000004,
              42.19368399999998
            ],
            [
              1.486697,
              42.193590999999984
            ],
            [
              1.4868730000000003,
              42.19348399999999
            ],
            [
              1.4872129999999995,
              42.193318000000005
            ],
            [
              1.4875040000000002,
              42.19312199999998
            ],
            [
              1.4877880000000003,
              42.192912
            ],
            [
              1.488043000000001,
              42.19277300000002
            ],
            [
              1.4884260000000002,
              42.192591
            ],
            [
              1.4887720000000007,
              42.192401999999994
            ],
            [
              1.4892310000000006,
              42.192133
            ],
            [
              1.4896210000000005,
              42.191857000000006
            ],
            [
              1.4902449999999998,
              42.19123799999999
            ],
            [
              1.4908760000000012,
              42.19067099999999
            ],
            [
              1.4913025112904676,
              42.190236846324495
            ],
            [
              1.4861611931643934,
              42.190169101477224
            ]
          ]
        ]
      }
    },
    {
      "type": "Feature",
      "properties": {
        "records": 2,
        "flora_records": 2,
        "fauna_records": 0,
        "latest_year": null,
        "knowledge_class": "Poca informació",
        "priority_hic_overlap": false,
        "connector_overlap": false,
        "prospecting_interest": false,
        "reason": "Cobertura de registres públics agregada; no descriu riquesa ni absència d’espècies."
      },
      "geometry": {
        "type": "Polygon",
        "coordinates": [
          [
            [
              1.4986939811804156,
              42.172321691130236
            ],
            [
              1.5012279290427453,
              42.17235482965502
            ],
            [
              1.5010549999999998,
              42.17221700000001
            ],
            [
              1.500960000000001,
              42.17214
            ],
            [
              1.500898000000001,
              42.17207899999998
            ],
            [
              1.5008190000000003,
              42.17201300000002
            ],
            [
              1.5006910000000002,
              42.17193900000001
            ],
            [
              1.5005540000000002,
              42.171852000000015
            ],
            [
              1.5004590000000007,
              42.17179300000002
            ],
            [
              1.5003319999999998,
              42.17170600000001
            ],
            [
              1.5000769999999999,
              42.17160500000001
            ],
            [
              1.4999100000000007,
              42.171513
            ],
            [
              1.4998430000000003,
              42.17144199999999
            ],
            [
              1.4997070000000006,
              42.17131299999999
            ],
            [
              1.4996200000000002,
              42.17122600000002
            ],
            [
              1.4994800000000008,
              42.171091000000004
            ],
            [
              1.4993660000000004,
              42.17097800000001
            ],
            [
              1.499162,
              42.17078800000001
            ],
            [
              1.498886000000001,
              42.170546000000016
            ],
            [
              1.4987381012341348,
              42.170456379453704
            ],
            [
              1.4986939811804156,
              42.172321691130236
            ]
          ]
        ]
      }
    },
    {
      "type": "Feature",
      "properties": {
        "records": 28,
        "flora_records": 9,
        "fauna_records": 19,
        "latest_year": 2024.0,
        "knowledge_class": "Més informació publicada",
        "priority_hic_overlap": true,
        "connector_overlap": true,
        "prospecting_interest": false,
        "reason": "Cobertura de registres públics agregada; no descriu riquesa ni absència d’espècies."
      },
      "geometry": {
        "type": "Polygon",
        "coordinates": [
          [
            [
              1.4986939811804156,
              42.172321691130236
            ],
            [
              1.4984809681488425,
              42.18132498199875
            ],
            [
              1.5105860136406812,
              42.18148281164089
            ],
            [
              1.5106528223429987,
              42.178636551281826
            ],
            [
              1.5105270000000006,
              42.178571
            ],
            [
              1.509927000000001,
              42.178194999999995
            ],
            [
              1.5093590000000012,
              42.177904999999996
            ],
            [
              1.5086530000000002,
              42.177531
            ],
            [
              1.5079570000000002,
              42.177198
            ],
            [
              1.5074010000000009,
              42.17689699999998
            ],
            [
              1.5070400000000006,
              42.176709
            ],
            [
              1.5068780000000004,
              42.176606
            ],
            [
              1.5066330000000006,
              42.176428
            ],
            [
              1.5061370000000005,
              42.17611
            ],
            [
              1.5056960000000001,
              42.17586000000002
            ],
            [
              1.5053370000000001,
              42.17564
            ],
            [
              1.5047790000000003,
              42.17528600000001
            ],
            [
              1.504431000000001,
              42.17506899999999
            ],
            [
              1.5042119999999999,
              42.17489700000001
            ],
            [
              1.5039870000000002,
              42.17468300000001
            ],
            [
              1.5037030000000002,
              42.17441700000001
            ],
            [
              1.5032870000000005,
              42.174049
            ],
            [
              1.5029500000000005,
              42.173739999999995
            ],
            [
              1.5026530000000002,
              42.17348100000002
            ],
            [
              1.5022270000000009,
              42.17313
            ],
            [
              1.5020300000000004,
              42.17298600000003
            ],
            [
              1.5018710000000004,
              42.172847000000004
            ],
            [
              1.5017070000000001,
              42.172676999999986
            ],
            [
              1.501652,
              42.172628
            ],
            [
              1.5015500000000006,
              42.172557999999995
            ],
            [
              1.5012570000000007,
              42.172378000000016
            ],
            [
              1.5012279290427453,
              42.17235482965502
            ],
            [
              1.4986939811804156,
              42.172321691130236
            ]
          ]
        ]
      }
    },
    {
      "type": "Feature",
      "properties": {
        "records": 4,
        "flora_records": 0,
        "fauna_records": 2,
        "latest_year": null,
        "knowledge_class": "Poca informació",
        "priority_hic_overlap": true,
        "connector_overlap": true,
        "prospecting_interest": true,
        "reason": "Coneixement públic escàs coincident amb HIC prioritari i connector cartogràfic"
      },
      "geometry": {
        "type": "Polygon",
        "coordinates": [
          [
            [
              1.5105860136406812,
              42.18148281164089
            ],
            [
              1.4984809681488425,
              42.18132498199875
            ],
            [
              1.4984161244191734,
              42.184064872145285
            ],
            [
              1.4988159999999995,
              42.18418299999999
            ],
            [
              1.5004310000000005,
              42.184711
            ],
            [
              1.501304,
              42.185058999999995
            ],
            [
              1.5015270000000007,
              42.185203
            ],
            [
              1.5017520000000009,
              42.185311999999996
            ],
            [
              1.5021590000000005,
              42.185505
            ],
            [
              1.5024450000000005,
              42.185627
            ],
            [
              1.502846,
              42.18580900000001
            ],
            [
              1.5034150000000004,
              42.186003000000014
            ],
            [
              1.5037419999999997,
              42.18611200000001
            ],
            [
              1.5043010000000008,
              42.186315
            ],
            [
              1.5047930000000005,
              42.18643200000001
            ],
            [
              1.5053480000000004,
              42.18653800000002
            ],
            [
              1.505775000000001,
              42.18668099999999
            ],
            [
              1.5062689999999999,
              42.186823000000004
            ],
            [
              1.5067059999999999,
              42.18692400000002
            ],
            [
              1.506955,
              42.186969999999995
            ],
            [
              1.5070400000000004,
              42.18697900000001
            ],
            [
              1.5073000000000005,
              42.186977
            ],
            [
              1.5081970000000005,
              42.18700000000002
            ],
            [
              1.5084280000000003,
              42.18700900000003
            ],
            [
              1.5087870000000003,
              42.187016
            ],
            [
              1.5090870000000007,
              42.18701400000001
            ],
            [
              1.5094050000000006,
              42.187035
            ],
            [
              1.5103450000000007,
              42.187052
            ],
            [
              1.5104551799489676,
              42.18705554184995
            ],
            [
              1.5105860136406812,
              42.18148281164089
            ]
          ]
        ]
      }
    },
    {
      "type": "Feature",
      "properties": {
        "records": 0,
        "flora_records": 0,
        "fauna_records": 0,
        "latest_year": null,
        "knowledge_class": "Pràcticament sense dades",
        "priority_hic_overlap": false,
        "connector_overlap": true,
        "prospecting_interest": true,
        "reason": "Coneixement públic escàs coincident amb connector cartogràfic"
      },
      "geometry": {
        "type": "Polygon",
        "coordinates": [
          [
            [
              1.5105860136406812,
              42.18148281164089
            ],
            [
              1.5150762222842042,
              42.18154103152304
            ],
            [
              1.5147580000000007,
              42.181301
            ],
            [
              1.5134590000000003,
              42.18035300000002
            ],
            [
              1.5127790000000003,
              42.179822
            ],
            [
              1.5122460000000006,
              42.179502000000014
            ],
            [
              1.5116810000000007,
              42.17920199999998
            ],
            [
              1.5110990000000002,
              42.178869000000006
            ],
            [
              1.5106528223429987,
              42.178636551281826
            ],
            [
              1.5105860136406812,
              42.18148281164089
            ]
          ]
        ]
      }
    },
    {
      "type": "Feature",
      "properties": {
        "records": 17,
        "flora_records": 3,
        "fauna_records": 14,
        "latest_year": 2025.0,
        "knowledge_class": "Informació moderada",
        "priority_hic_overlap": true,
        "connector_overlap": true,
        "prospecting_interest": false,
        "reason": "Cobertura de registres públics agregada; no descriu riquesa ni absència d’espècies."
      },
      "geometry": {
        "type": "Polygon",
        "coordinates": [
          [
            [
              1.5105860136406812,
              42.18148281164089
            ],
            [
              1.5104551799489676,
              42.18705554184995
            ],
            [
              1.5111849999999993,
              42.18707899999999
            ],
            [
              1.511778000000001,
              42.187117999999984
            ],
            [
              1.512564,
              42.187191000000006
            ],
            [
              1.51298,
              42.18724799999999
            ],
            [
              1.5134690000000002,
              42.18727899999998
            ],
            [
              1.514067,
              42.18732900000002
            ],
            [
              1.5143999999999997,
              42.18732100000001
            ],
            [
              1.5151790000000007,
              42.18737799999999
            ],
            [
              1.5157030000000007,
              42.187426999999985
            ],
            [
              1.5158550000000006,
              42.18744599999999
            ],
            [
              1.5159200000000006,
              42.187445999999994
            ],
            [
              1.5160860000000003,
              42.187434
            ],
            [
              1.5164250000000001,
              42.18738799999999
            ],
            [
              1.5169850000000005,
              42.187322000000016
            ],
            [
              1.5175800000000004,
              42.187225000000005
            ],
            [
              1.517891000000001,
              42.187177000000005
            ],
            [
              1.5179710000000004,
              42.18714400000001
            ],
            [
              1.5180680000000002,
              42.18702100000002
            ],
            [
              1.5183960000000003,
              42.186643
            ],
            [
              1.518955000000001,
              42.185992999999996
            ],
            [
              1.5195740000000006,
              42.18529099999999
            ],
            [
              1.5199389999999997,
              42.18487299999999
            ],
            [
              1.5192410000000016,
              42.18447899999999
            ],
            [
              1.5185920000000006,
              42.184068999999994
            ],
            [
              1.5178260000000001,
              42.183541999999996
            ],
            [
              1.5171150000000004,
              42.183048
            ],
            [
              1.5164550000000008,
              42.182650999999986
            ],
            [
              1.5163290000000003,
              42.182556
            ],
            [
              1.515751,
              42.18205
            ],
            [
              1.5150762222842042,
              42.18154103152304
            ],
            [
              1.5105860136406812,
              42.18148281164089
            ]
          ]
        ]
      }
    }
  ],
  "snapshot_id": "alinya-61d0a8a1a5a2fd2d"
}
