{
"type": "FeatureCollection",
"name": "forestdrought_latest",
"crs": { "type": "name", "properties": { "name": "urn:ogc:def:crs:OGC:1.3:CRS84" } },
"features": [
{ "type": "Feature", "properties": { "CFP": 9.0, "DDS": 38.532077895249692, "DFMC": 9.1933983373490378, "LFMC": 97.650210844987768, "REW": 27.081805476938371, "SFP": 9.0, "date": "2026-08-02T00:00:00" }, "geometry": { "type": "Point", "coordinates": [ 1.386725592538823, 42.187907156068029 ] } },
{ "type": "Feature", "properties": { "CFP": 9.0, "DDS": 43.862496840341869, "DFMC": 9.3924907472504646, "LFMC": 105.22685126360138, "REW": 10.436175100237389, "SFP": 9.0, "date": "2026-08-02T00:00:00" }, "geometry": { "type": "Point", "coordinates": [ 1.392762992040924, 42.187675682877526 ] } },
{ "type": "Feature", "properties": { "CFP": 7.0483120268366086, "DDS": 46.182211433270005, "DFMC": 9.909178499394816, "LFMC": 107.46877225566278, "REW": 17.630587963590514, "SFP": 6.5310043132363473, "date": "2026-08-02T00:00:00" }, "geometry": { "type": "Point", "coordinates": [ 1.398800320533299, 42.187443892979189 ] } },
{ "type": "Feature", "properties": { "CFP": 7.1258431936813711, "DDS": 72.129633072830217, "DFMC": 10.960390794113806, "LFMC": 100.30998492817051, "REW": 5.2290550280056483, "SFP": 6.9315913424404201, "date": "2026-08-02T00:00:00" }, "geometry": { "type": "Point", "coordinates": [ 1.404837577919838, 42.187211786383521 ] } },
{ "type": "Feature", "properties": { "CFP": 8.4919815861378662, "DDS": 2.3621047890827476, "DFMC": 11.813172663993068, "LFMC": 75.319422290952716, "REW": 62.896025990925949, "SFP": 9.0, "date": "2026-08-02T00:00:00" }, "geometry": { "type": "Point", "coordinates": [ 1.410874764104435, 42.186979363101059 ] } },
{ "type": "Feature", "properties": { "CFP": 8.3707324648305601, "DDS": 36.86483310057573, "DFMC": 13.666817739955958, "LFMC": 110.34423111384525, "REW": 23.65028915827644, "SFP": 9.0, "date": "2026-08-02T00:00:00" }, "geometry": { "type": "Point", "coordinates": [ 1.416911878990992, 42.186746623142319 ] } },
{ "type": "Feature", "properties": { "CFP": 0.0, "DDS": 37.439411318067762, "DFMC": 13.076755751635682, "LFMC": 114.61804593124127, "REW": 22.751023960984345, "SFP": 9.0, "date": "2026-08-02T00:00:00" }, "geometry": { "type": "Point", "coordinates": [ 1.422948922483421, 42.186513566517867 ] } },
{ "type": "Feature", "properties": { "CFP": 8.9926752314786871, "DDS": 10.245749626697572, "DFMC": 11.52894960011802, "LFMC": 131.16128461915068, "REW": 66.577298313554337, "SFP": 8.4562425998674087, "date": "2026-08-02T00:00:00" }, "geometry": { "type": "Point", "coordinates": [ 1.428985894485637, 42.186280193238289 ] } },
{ "type": "Feature", "properties": { "CFP": 8.2230437606933116, "DDS": 24.156187687500996, "DFMC": 12.117797373686567, "LFMC": 120.91946021899437, "REW": 16.218232687875467, "SFP": 6.8787349255854231, "date": "2026-08-02T00:00:00" }, "geometry": { "type": "Point", "coordinates": [ 1.435022794901567, 42.186046503314138 ] } },
{ "type": "Feature", "properties": { "CFP": 0.0, "DDS": 13.227568783248641, "DFMC": 9.3141075701187344, "LFMC": 124.00039705510709, "REW": 47.26975488383259, "SFP": 8.4382747625356238, "date": "2026-08-02T00:00:00" }, "geometry": { "type": "Point", "coordinates": [ 1.362575286355643, 42.188829881541807 ] } },
{ "type": "Feature", "properties": { "CFP": 9.0, "DDS": 69.58472677286818, "DFMC": 9.0249611045689875, "LFMC": 93.115259487435509, "REW": 3.9184090958382085, "SFP": 9.0, "date": "2026-08-02T00:00:00" }, "geometry": { "type": "Point", "coordinates": [ 1.368612968935389, 42.188599675287534 ] } },
{ "type": "Feature", "properties": { "CFP": 9.0, "DDS": 9.4508711524623408, "DFMC": 9.1089652131120769, "LFMC": 104.69746204949517, "REW": 44.85713537393584, "SFP": 9.0, "date": "2026-08-02T00:00:00" }, "geometry": { "type": "Point", "coordinates": [ 1.374650580889924, 42.188369152283506 ] } },
{ "type": "Feature", "properties": { "CFP": 9.0, "DDS": 62.879333507979148, "DFMC": 8.9748989702492814, "LFMC": 86.017466413841859, "REW": 10.338937604260131, "SFP": 9.0, "date": "2026-08-02T00:00:00" }, "geometry": { "type": "Point", "coordinates": [ 1.380688122123114, 42.188138312540168 ] } },
{ "type": "Feature", "properties": { "CFP": 7.0496926266337256, "DDS": 13.501383630068228, "DFMC": 13.31711523864872, "LFMC": 139.1185649240457, "REW": 24.865057095084104, "SFP": 7.953663307703108, "date": "2026-08-02T00:00:00" }, "geometry": { "type": "Point", "coordinates": [ 1.441059623635139, 42.185812496756043 ] } },
{ "type": "Feature", "properties": { "CFP": 9.0, "DDS": 8.2722235662809602, "DFMC": 14.426638239810199, "LFMC": 120.94551645034866, "REW": 50.707694413022409, "SFP": 7.6251351995418748, "date": "2026-08-02T00:00:00" }, "geometry": { "type": "Point", "coordinates": [ 1.447096380590298, 42.185578173574584 ] } },
{ "type": "Feature", "properties": { "CFP": 5.8833934768260212, "DDS": 2.1897032063762603, "DFMC": 18.934188039709838, "LFMC": 152.46420256141718, "REW": 47.295390092888056, "SFP": 5.071703081643733, "date": "2026-08-02T00:00:00" }, "geometry": { "type": "Point", "coordinates": [ 1.459169678781155, 42.185108577384163 ] } },
{ "type": "Feature", "properties": { "CFP": 5.3551568426598353, "DDS": 1.4638599573865458, "DFMC": 23.831840430718653, "LFMC": 121.08906171839175, "REW": 46.777292289458437, "SFP": 2.4999375794485843, "date": "2026-08-02T00:00:00" }, "geometry": { "type": "Point", "coordinates": [ 1.471242688705798, 42.184637714828021 ] } },
{ "type": "Feature", "properties": { "CFP": 6.0390695843394271, "DDS": 16.743362299407217, "DFMC": 27.731070666668213, "LFMC": 115.9782610248502, "REW": 33.977438266399822, "SFP": 3.3708841018365217, "date": "2026-08-02T00:00:00" }, "geometry": { "type": "Point", "coordinates": [ 1.477279085328213, 42.184401808689493 ] } },
{ "type": "Feature", "properties": { "CFP": 5.066500964034371, "DDS": 0.4179208962973191, "DFMC": 30.066028808088081, "LFMC": 119.63216605764126, "REW": 65.248374116529533, "SFP": 1.9887163510641455, "date": "2026-08-02T00:00:00" }, "geometry": { "type": "Point", "coordinates": [ 1.483315409596, 42.184165585991586 ] } },
{ "type": "Feature", "properties": { "CFP": 7.8526534500921041, "DDS": 53.822805930989936, "DFMC": 11.945301887502531, "LFMC": 92.856481491942617, "REW": 9.424685383976847, "SFP": 6.5769345487641733, "date": "2026-08-02T00:00:00" }, "geometry": { "type": "Point", "coordinates": [ 1.388904593718268, 42.219336793162491 ] } },
{ "type": "Feature", "properties": { "CFP": 7.3903387477574203, "DDS": 48.324870570361647, "DFMC": 11.034639504476555, "LFMC": 96.591245938222755, "REW": 12.008193142742968, "SFP": 7.3332980466066369, "date": "2026-08-02T00:00:00" }, "geometry": { "type": "Point", "coordinates": [ 1.394944968612815, 42.219105066366978 ] } },
{ "type": "Feature", "properties": { "CFP": 6.9468984442424739, "DDS": 49.771446291292364, "DFMC": 12.725073453335892, "LFMC": 96.886342024512317, "REW": 11.318487434627189, "SFP": 7.7523225508432061, "date": "2026-08-02T00:00:00" }, "geometry": { "type": "Point", "coordinates": [ 1.407025504880524, 42.218640661627532 ] } },
{ "type": "Feature", "properties": { "CFP": 8.71257928154232, "DDS": 2.4396161787609763, "DFMC": 11.445022484694459, "LFMC": 86.432936129414756, "REW": 67.835652926001117, "SFP": 9.0, "date": "2026-08-02T00:00:00" }, "geometry": { "type": "Point", "coordinates": [ 1.413065666061118, 42.21840798370468 ] } },
{ "type": "Feature", "properties": { "CFP": 9.0, "DDS": 54.59041053602197, "DFMC": 12.742473928201859, "LFMC": 95.054711952014216, "REW": 1.1225732822492827, "SFP": 9.0, "date": "2026-08-02T00:00:00" }, "geometry": { "type": "Point", "coordinates": [ 1.419105755811168, 42.218174988760474 ] } },
{ "type": "Feature", "properties": { "CFP": 6.3892027122443489, "DDS": 2.0827201236152053, "DFMC": 16.837509676658176, "LFMC": 150.33288067041431, "REW": 28.811026530356092, "SFP": 6.092954130053867, "date": "2026-08-02T00:00:00" }, "geometry": { "type": "Point", "coordinates": [ 1.425145774034414, 42.217941676805495 ] } },
{ "type": "Feature", "properties": { "CFP": 7.4345157204031525, "DDS": 21.364002668653455, "DFMC": 19.775004464858071, "LFMC": 134.43248807272735, "REW": 14.801262795846048, "SFP": 5.53794210915893, "date": "2026-08-02T00:00:00" }, "geometry": { "type": "Point", "coordinates": [ 1.431185720634591, 42.21770804785033 ] } },
{ "type": "Feature", "properties": { "CFP": 4.8192280622372881, "DDS": 52.955360835456645, "DFMC": 19.047855835605077, "LFMC": 118.77379116287602, "REW": 0.68784666170517805, "SFP": 5.4266754889747038, "date": "2026-08-02T00:00:00" }, "geometry": { "type": "Point", "coordinates": [ 1.443265398580749, 42.217239838981868 ] } },
{ "type": "Feature", "properties": { "CFP": 5.185961336746824, "DDS": 56.547701476090722, "DFMC": 18.259505567374298, "LFMC": 116.99951535493912, "REW": 0.11741570844511195, "SFP": 5.0496000760809991, "date": "2026-08-02T00:00:00" }, "geometry": { "type": "Point", "coordinates": [ 1.449305129734249, 42.217005259089817 ] } },
{ "type": "Feature", "properties": { "CFP": 9.0, "DDS": 73.298571319095501, "DFMC": 16.864837780826917, "LFMC": 106.5281091184343, "REW": 0.0, "SFP": 7.4190336164976252, "date": "2026-08-02T00:00:00" }, "geometry": { "type": "Point", "coordinates": [ 1.45534478887972, 42.216770362240077 ] } },
{ "type": "Feature", "properties": { "CFP": 7.7763761735326717, "DDS": 26.350540973788643, "DFMC": 16.122154683721391, "LFMC": 133.82478345729612, "REW": 8.2591855244881263, "SFP": 5.9909869603786801, "date": "2026-08-02T00:00:00" }, "geometry": { "type": "Point", "coordinates": [ 1.46138437592094, 42.216535148443299 ] } },
{ "type": "Feature", "properties": { "CFP": 8.0334226245835243, "DDS": 7.9118770508142413, "DFMC": 13.481067749149311, "LFMC": 109.35559104370645, "REW": 54.277328450433394, "SFP": 9.0, "date": "2026-08-02T00:00:00" }, "geometry": { "type": "Point", "coordinates": [ 1.467423890761693, 42.216299617710156 ] } },
{ "type": "Feature", "properties": { "CFP": 5.9690921995112891, "DDS": 0.77251082452849684, "DFMC": 13.592543125287362, "LFMC": 152.56244839246781, "REW": 48.713672121471156, "SFP": 5.7772114598060984, "date": "2026-08-02T00:00:00" }, "geometry": { "type": "Point", "coordinates": [ 1.473463333305773, 42.216063770051342 ] } },
{ "type": "Feature", "properties": { "CFP": 6.56738315294161, "DDS": 16.071449914333073, "DFMC": 13.24155902283049, "LFMC": 143.35336163213768, "REW": 22.592829168514253, "SFP": 6.0480215684177709, "date": "2026-08-02T00:00:00" }, "geometry": { "type": "Point", "coordinates": [ 1.479502703456977, 42.215827605477557 ] } },
{ "type": "Feature", "properties": { "CFP": 6.386157844181354, "DDS": 3.0661550120590406, "DFMC": 13.506410181652122, "LFMC": 143.28060790130905, "REW": 42.517122648232771, "SFP": 4.5932134959515478, "date": "2026-08-02T00:00:00" }, "geometry": { "type": "Point", "coordinates": [ 1.485542001119116, 42.215591123999523 ] } },
{ "type": "Feature", "properties": { "CFP": 6.4806953659099262, "DDS": 12.013035710767991, "DFMC": 11.88691524319537, "LFMC": 131.31066046542841, "REW": 33.410978908393517, "SFP": 4.3911743361526767, "date": "2026-08-02T00:00:00" }, "geometry": { "type": "Point", "coordinates": [ 1.497620378591458, 42.215117210373613 ] } },
{ "type": "Feature", "properties": { "CFP": null, "DDS": null, "DFMC": null, "LFMC": null, "REW": null, "SFP": null, "date": "2026-08-02T00:00:00" }, "geometry": { "type": "Point", "coordinates": [ 1.503659458209309, 42.214879778247237 ] } },
{ "type": "Feature", "properties": { "CFP": 8.6513910089997363, "DDS": 62.883821432327522, "DFMC": 17.677195012024395, "LFMC": 109.38931959574145, "REW": 0.0, "SFP": 6.3160003122311439, "date": "2026-08-02T00:00:00" }, "geometry": { "type": "Point", "coordinates": [ 1.509698464953398, 42.214642029259615 ] } },
{ "type": "Feature", "properties": { "CFP": 7.6043112506155435, "DDS": 43.984931064772589, "DFMC": 20.612613578883266, "LFMC": 122.20806886277882, "REW": 2.6629495872453854, "SFP": 5.1145315938618356, "date": "2026-08-02T00:00:00" }, "geometry": { "type": "Point", "coordinates": [ 1.515737398727564, 42.214403963421518 ] } },
{ "type": "Feature", "properties": { "CFP": 6.2510860292742096, "DDS": 31.052217493286495, "DFMC": 24.742254711650052, "LFMC": 120.82445458250777, "REW": 5.6441646483263703, "SFP": 3.5499815011612501, "date": "2026-08-02T00:00:00" }, "geometry": { "type": "Point", "coordinates": [ 1.52177625943566, 42.21416558074376 ] } },
{ "type": "Feature", "properties": { "CFP": 7.9979805234986641, "DDS": 35.718038486186479, "DFMC": 8.6788042048830292, "LFMC": 97.682449551337001, "REW": 17.945038219486577, "SFP": 7.4588264400213324, "date": "2026-08-02T00:00:00" }, "geometry": { "type": "Point", "coordinates": [ 1.361956750456949, 42.179849648017992 ] } },
{ "type": "Feature", "properties": { "CFP": 8.2890338454804198, "DDS": 62.623651652357893, "DFMC": 9.4430436771235655, "LFMC": 91.424338265603254, "REW": 6.5147927657566358, "SFP": 6.2388655864581564, "date": "2026-08-02T00:00:00" }, "geometry": { "type": "Point", "coordinates": [ 1.367993583639947, 42.179619513782519 ] } },
{ "type": "Feature", "properties": { "CFP": 7.9437385581265394, "DDS": 59.182507016616015, "DFMC": 9.9344908519336883, "LFMC": 95.864557149491375, "REW": 7.9882581593875219, "SFP": 6.4865075030953427, "date": "2026-08-02T00:00:00" }, "geometry": { "type": "Point", "coordinates": [ 1.374030346235179, 42.179389062895858 ] } },
{ "type": "Feature", "properties": { "CFP": 7.5460102373313509, "DDS": 49.218495509906631, "DFMC": 9.8193173409283645, "LFMC": 99.722897375333091, "REW": 13.383521362752104, "SFP": 6.431341540738023, "date": "2026-08-02T00:00:00" }, "geometry": { "type": "Point", "coordinates": [ 1.380067038146555, 42.179158295368474 ] } },
{ "type": "Feature", "properties": { "CFP": 0.0, "DDS": 23.218046376869673, "DFMC": 9.4017227769054728, "LFMC": 106.69503964572573, "REW": 25.716162465195367, "SFP": 9.0, "date": "2026-08-02T00:00:00" }, "geometry": { "type": "Point", "coordinates": [ 1.386103659277991, 42.178927211210834 ] } },
{ "type": "Feature", "properties": { "CFP": 7.6500740902591895, "DDS": 89.642468928476461, "DFMC": 8.9888579905171966, "LFMC": 48.549763904307525, "REW": 0.0, "SFP": 9.0, "date": "2026-08-02T00:00:00" }, "geometry": { "type": "Point", "coordinates": [ 1.392140209533412, 42.178695810433389 ] } },
{ "type": "Feature", "properties": { "CFP": 9.0, "DDS": 17.748101047149326, "DFMC": 9.217708013992489, "LFMC": 81.085108385696145, "REW": 32.439340944919223, "SFP": 9.0, "date": "2026-08-02T00:00:00" }, "geometry": { "type": "Point", "coordinates": [ 1.398176688816749, 42.178464093046664 ] } },
{ "type": "Feature", "properties": { "CFP": 7.6837415769375923, "DDS": 4.2815705796616124, "DFMC": 10.30495173793123, "LFMC": 98.117572729404159, "REW": 62.560275405901209, "SFP": 8.4302477123151647, "date": "2026-08-02T00:00:00" }, "geometry": { "type": "Point", "coordinates": [ 1.40421309703194, 42.178232059061152 ] } },
{ "type": "Feature", "properties": { "CFP": 7.4891590178107794, "DDS": 5.5177083091265091, "DFMC": 10.690692606813029, "LFMC": 101.73515031718335, "REW": 63.499013848536315, "SFP": 8.4253586610182047, "date": "2026-08-02T00:00:00" }, "geometry": { "type": "Point", "coordinates": [ 1.410249434082934, 42.177999708487377 ] } },
{ "type": "Feature", "properties": { "CFP": 6.488747266658911, "DDS": 2.3000474635756234, "DFMC": 10.007675780792706, "LFMC": 90.19350571480615, "REW": 56.529484547001104, "SFP": 8.5917639030161848, "date": "2026-08-02T00:00:00" }, "geometry": { "type": "Point", "coordinates": [ 1.416285699873679, 42.177767041335869 ] } },
{ "type": "Feature", "properties": { "CFP": 5.336657602179077, "DDS": 1.2543639530749922, "DFMC": 11.625265982599384, "LFMC": 142.33800342062904, "REW": 73.088122900944967, "SFP": 5.3486042753701204, "date": "2026-08-02T00:00:00" }, "geometry": { "type": "Point", "coordinates": [ 1.42835801729028, 42.177300757341889 ] } },
{ "type": "Feature", "properties": { "CFP": 8.0638654742067892, "DDS": 58.570303514640081, "DFMC": 12.76421287962166, "LFMC": 127.67512625974068, "REW": 10.499705354305028, "SFP": 8.537268094725162, "date": "2026-08-02T00:00:00" }, "geometry": { "type": "Point", "coordinates": [ 1.434394068724077, 42.177067140520542 ] } },
{ "type": "Feature", "properties": { "CFP": 7.9422561029255752, "DDS": 18.901971957352579, "DFMC": 14.601090671283082, "LFMC": 134.55351635302571, "REW": 31.388325407146116, "SFP": 9.0, "date": "2026-08-02T00:00:00" }, "geometry": { "type": "Point", "coordinates": [ 1.440430048513512, 42.176833207163753 ] } },
{ "type": "Feature", "properties": { "CFP": 5.3920937992800537, "DDS": 3.9018494377986186, "DFMC": 24.515073710055244, "LFMC": 124.27121019288286, "REW": 39.362709507231372, "SFP": 2.1043937203131526, "date": "2026-08-02T00:00:00" }, "geometry": { "type": "Point", "coordinates": [ 1.458537557055575, 42.17612950798685 ] } },
{ "type": "Feature", "properties": { "CFP": 6.140702154726398, "DDS": 22.96414058240526, "DFMC": 25.534181077461643, "LFMC": 117.72513963191787, "REW": 21.54520198342529, "SFP": 3.2818910236356897, "date": "2026-08-02T00:00:00" }, "geometry": { "type": "Point", "coordinates": [ 1.464573249307528, 42.175894308594479 ] } },
{ "type": "Feature", "properties": { "CFP": 5.5353359933331703, "DDS": 8.382044191760059, "DFMC": 25.636882190655559, "LFMC": 133.80204579440266, "REW": 31.578046663193771, "SFP": 1.9911671560448787, "date": "2026-08-02T00:00:00" }, "geometry": { "type": "Point", "coordinates": [ 1.470608869435138, 42.175658792719815 ] } },
{ "type": "Feature", "properties": { "CFP": 6.0131306335085544, "DDS": 25.251051120982822, "DFMC": 29.367282029519913, "LFMC": 111.64858167210755, "REW": 33.048818784289999, "SFP": 4.2705927992451596, "date": "2026-08-02T00:00:00" }, "geometry": { "type": "Point", "coordinates": [ 1.488715296112202, 42.174950346309039 ] } },
{ "type": "Feature", "properties": { "CFP": 0.0, "DDS": 25.507911829700404, "DFMC": 30.509954411040585, "LFMC": 117.21392638870689, "REW": 69.233089151674463, "SFP": 3.6473173656845645, "date": "2026-08-02T00:00:00" }, "geometry": { "type": "Point", "coordinates": [ 1.494750626782772, 42.17471356461219 ] } },
{ "type": "Feature", "properties": { "CFP": 0.0, "DDS": 10.380779991103749, "DFMC": 34.836937443482412, "LFMC": 150.67739617742777, "REW": 69.488228229971355, "SFP": 2.4245552886652391, "date": "2026-08-02T00:00:00" }, "geometry": { "type": "Point", "coordinates": [ 1.512856182785886, 42.174001320992105 ] } },
{ "type": "Feature", "properties": { "CFP": 9.0, "DDS": 56.902831978518307, "DFMC": 12.609395314186015, "LFMC": 91.740646967285841, "REW": 6.0567256374683254, "SFP": 8.3238181189608671, "date": "2026-08-02T00:00:00" }, "geometry": { "type": "Point", "coordinates": [ 1.364742384649088, 42.220260529604559 ] } },
{ "type": "Feature", "properties": { "CFP": 5.4520195800689724, "DDS": 49.920297812720683, "DFMC": 13.187902445592133, "LFMC": 93.358815422988926, "REW": 6.5624377977318042, "SFP": 7.4797152392737019, "date": "2026-08-02T00:00:00" }, "geometry": { "type": "Point", "coordinates": [ 1.370783043147413, 42.220030071126011 ] } },
{ "type": "Feature", "properties": { "CFP": 8.4808270908769092, "DDS": 0.78928610096028318, "DFMC": 14.062238925632304, "LFMC": 77.350344867498464, "REW": 78.645248381022952, "SFP": 8.33461616487849, "date": "2026-08-02T00:00:00" }, "geometry": { "type": "Point", "coordinates": [ 1.376823630889261, 42.219799295552505 ] } },
{ "type": "Feature", "properties": { "CFP": 8.9423796764647232, "DDS": 56.008863080127192, "DFMC": 12.961426287641375, "LFMC": 93.795537978095624, "REW": 8.171359195535004, "SFP": 7.9887649655436661, "date": "2026-08-02T00:00:00" }, "geometry": { "type": "Point", "coordinates": [ 1.382864147778316, 42.219568202894507 ] } },
{ "type": "Feature", "properties": { "CFP": 8.2597848639989522, "DDS": 57.246525762451121, "DFMC": 9.9720301562127212, "LFMC": 98.667696308529386, "REW": 8.057112756188852, "SFP": 6.5881423527614515, "date": "2026-08-02T00:00:00" }, "geometry": { "type": "Point", "coordinates": [ 1.363194104370591, 42.197810093574951 ] } },
{ "type": "Feature", "properties": { "CFP": 0.0, "DDS": 6.8773905088562319, "DFMC": 13.581794624901745, "LFMC": 102.21042346922478, "REW": 51.719658390910148, "SFP": 9.0, "date": "2026-08-02T00:00:00" }, "geometry": { "type": "Point", "coordinates": [ 1.381309489369611, 42.197118308160782 ] } },
{ "type": "Feature", "properties": { "CFP": 0.0, "DDS": 7.0542422473647033, "DFMC": 13.615267971386753, "LFMC": 105.61697141319509, "REW": 49.787564316644584, "SFP": 9.0, "date": "2026-08-02T00:00:00" }, "geometry": { "type": "Point", "coordinates": [ 1.387347809454095, 42.196887079353935 ] } },
{ "type": "Feature", "properties": { "CFP": 0.0, "DDS": 27.442150093718567, "DFMC": 13.668925861041547, "LFMC": 132.91145802051938, "REW": 24.188496948073603, "SFP": 9.0, "date": "2026-08-02T00:00:00" }, "geometry": { "type": "Point", "coordinates": [ 1.393386058587352, 42.196655533730159 ] } },
{ "type": "Feature", "properties": { "CFP": 8.2309519856070761, "DDS": 5.7776523908188837, "DFMC": 14.450315360349014, "LFMC": 104.22888246027362, "REW": 54.168755225621311, "SFP": 9.0, "date": "2026-08-02T00:00:00" }, "geometry": { "type": "Point", "coordinates": [ 1.399424236673212, 42.196423671299961 ] } },
{ "type": "Feature", "properties": { "CFP": 0.0, "DDS": 2.5888499467726334, "DFMC": 16.195446720206661, "LFMC": 110.28966682890139, "REW": 73.896779000688824, "SFP": 8.6947966666947529, "date": "2026-08-02T00:00:00" }, "geometry": { "type": "Point", "coordinates": [ 1.411500379318105, 42.195958996062394 ] } },
{ "type": "Feature", "properties": { "CFP": 0.0, "DDS": 3.2941366096609466, "DFMC": 16.277740599855434, "LFMC": 124.45875185651997, "REW": 74.747478037933206, "SFP": 7.2335512624400717, "date": "2026-08-02T00:00:00" }, "geometry": { "type": "Point", "coordinates": [ 1.429614058026155, 42.195259607421292 ] } },
{ "type": "Feature", "properties": { "CFP": 5.8814670288999435, "DDS": 1.8204329204405172, "DFMC": 22.072031321941335, "LFMC": 150.86269000366138, "REW": 48.410081046341766, "SFP": 3.8539000969038009, "date": "2026-08-02T00:00:00" }, "geometry": { "type": "Point", "coordinates": [ 1.471876797010919, 42.193616615079414 ] } },
{ "type": "Feature", "properties": { "CFP": 5.8754119568471337, "DDS": 7.937826217334174, "DFMC": 26.034209455796088, "LFMC": 118.57907304421671, "REW": 34.500940001189853, "SFP": 2.5374036483730866, "date": "2026-08-02T00:00:00" }, "geometry": { "type": "Point", "coordinates": [ 1.489988316900672, 42.192907725262259 ] } },
{ "type": "Feature", "properties": { "CFP": 5.6768303183411, "DDS": 2.1947854415000472, "DFMC": 27.905845912636661, "LFMC": 119.31946165366638, "REW": 40.153643824244078, "SFP": 1.7166960011809174, "date": "2026-08-02T00:00:00" }, "geometry": { "type": "Point", "coordinates": [ 1.496025345155098, 42.192670795369366 ] } },
{ "type": "Feature", "properties": { "CFP": 6.0978179769026228, "DDS": 13.7103095794997, "DFMC": 28.909353117063556, "LFMC": 117.18222970069318, "REW": 39.126182379581962, "SFP": 3.9100401735332597, "date": "2026-08-02T00:00:00" }, "geometry": { "type": "Point", "coordinates": [ 1.502062300728362, 42.192433548850772 ] } },
{ "type": "Feature", "properties": { "CFP": 5.9615269929386372, "DDS": 18.364644025913922, "DFMC": 31.566435193074497, "LFMC": 116.12473523265268, "REW": 47.301180990552744, "SFP": 4.5014074529260428, "date": "2026-08-02T00:00:00" }, "geometry": { "type": "Point", "coordinates": [ 1.508099183524429, 42.192195985717248 ] } },
{ "type": "Feature", "properties": { "CFP": 5.9468865737731225, "DDS": 28.826201010311866, "DFMC": 33.294045184200584, "LFMC": 111.73360921009461, "REW": 48.390357466996456, "SFP": 5.0875367741323343, "date": "2026-08-02T00:00:00" }, "geometry": { "type": "Point", "coordinates": [ 1.514135993447265, 42.191958105979545 ] } },
{ "type": "Feature", "properties": { "CFP": 9.0, "DDS": 83.782900196138328, "DFMC": 8.575092940590114, "LFMC": 80.475895832128103, "REW": 0.0, "SFP": 9.0, "date": "2026-08-02T00:00:00" }, "geometry": { "type": "Point", "coordinates": [ 1.368303240984425, 42.184109597223582 ] } },
{ "type": "Feature", "properties": { "CFP": 9.0, "DDS": 89.408840271611965, "DFMC": 8.804543090218111, "LFMC": 102.52493428963099, "REW": 0.0, "SFP": 9.0, "date": "2026-08-02T00:00:00" }, "geometry": { "type": "Point", "coordinates": [ 1.38037754473548, 42.18364830664791 ] } },
{ "type": "Feature", "properties": { "CFP": 7.0804643275689907, "DDS": 47.588429675271705, "DFMC": 10.063724560740278, "LFMC": 124.68056984565131, "REW": 19.874800050650411, "SFP": 5.9654442512954118, "date": "2026-08-02T00:00:00" }, "geometry": { "type": "Point", "coordinates": [ 1.392451565291716, 42.183185749354088 ] } },
{ "type": "Feature", "properties": { "CFP": 0.0, "DDS": 1.7579786512897233, "DFMC": 10.050339734631514, "LFMC": 93.952279977474831, "REW": 83.005434617799096, "SFP": 7.4444290022040649, "date": "2026-08-02T00:00:00" }, "geometry": { "type": "Point", "coordinates": [ 1.39848846913153, 42.182953995714094 ] } },
{ "type": "Feature", "properties": { "CFP": 9.0, "DDS": 21.039708252497494, "DFMC": 10.51773781156761, "LFMC": 114.40920707793437, "REW": 40.065157537127654, "SFP": 8.9787762628467593, "date": "2026-08-02T00:00:00" }, "geometry": { "type": "Point", "coordinates": [ 1.404525301884355, 42.182721925426037 ] } },
{ "type": "Feature", "properties": { "CFP": 8.9272220936849287, "DDS": 1.7388894586128205, "DFMC": 12.229563736724764, "LFMC": 76.821602301316773, "REW": 78.275583834576395, "SFP": 8.9664826344045636, "date": "2026-08-02T00:00:00" }, "geometry": { "type": "Point", "coordinates": [ 1.410562063454115, 42.182489538500455 ] } },
{ "type": "Feature", "properties": { "CFP": 7.3382673986088331, "DDS": 42.031240062723079, "DFMC": 12.831996011122824, "LFMC": 127.04317355479095, "REW": 15.514169926158697, "SFP": 5.7581502176914432, "date": "2026-08-02T00:00:00" }, "geometry": { "type": "Point", "coordinates": [ 1.434708395981144, 42.181556824633766 ] } },
{ "type": "Feature", "properties": { "CFP": 5.9326049137163244, "DDS": 7.8656069046486854, "DFMC": 14.534772598337453, "LFMC": 131.02581301074599, "REW": 46.811198950466725, "SFP": 5.7008070101193562, "date": "2026-08-02T00:00:00" }, "geometry": { "type": "Point", "coordinates": [ 1.44074480019463, 42.181322854678875 ] } },
{ "type": "Feature", "properties": { "CFP": 5.7396745560930738, "DDS": 3.22342862022193, "DFMC": 16.469550220383798, "LFMC": 133.16679825915816, "REW": 60.055066161261259, "SFP": 5.3290592356115054, "date": "2026-08-02T00:00:00" }, "geometry": { "type": "Point", "coordinates": [ 1.446781132648726, 42.181088568149896 ] } },
{ "type": "Feature", "properties": { "CFP": 5.7416484955995504, "DDS": 0.3130929461050706, "DFMC": 19.814109499993226, "LFMC": 139.53909049921015, "REW": 58.62408468631245, "SFP": 5.2415985439196131, "date": "2026-08-02T00:00:00" }, "geometry": { "type": "Point", "coordinates": [ 1.452817393247402, 42.180853965057437 ] } },
{ "type": "Feature", "properties": { "CFP": 4.4158262978896374, "DDS": 11.546007187121498, "DFMC": 25.040951233248808, "LFMC": 118.35187610641071, "REW": 21.626677860956974, "SFP": 2.4376339169953796, "date": "2026-08-02T00:00:00" }, "geometry": { "type": "Point", "coordinates": [ 1.470925742950737, 42.18014825650571 ] } },
{ "type": "Feature", "properties": { "CFP": 6.3236856645194965, "DDS": 20.813972122205065, "DFMC": 29.055559804595482, "LFMC": 119.88942011650262, "REW": 33.195534968501889, "SFP": 4.0301154691646897, "date": "2026-08-02T00:00:00" }, "geometry": { "type": "Point", "coordinates": [ 1.476961715167596, 42.179912387265894 ] } },
{ "type": "Feature", "properties": { "CFP": 5.9338052732719175, "DDS": 43.610844178889103, "DFMC": 30.240668372802809, "LFMC": 129.09871138822706, "REW": 46.473034722791446, "SFP": 5.0155050480675296, "date": "2026-08-02T00:00:00" }, "geometry": { "type": "Point", "coordinates": [ 1.482997615049, 42.179676201515939 ] } },
{ "type": "Feature", "properties": { "CFP": 0.0, "DDS": 47.381719035155442, "DFMC": 30.894431008873536, "LFMC": 131.36964737624575, "REW": 52.649282628968429, "SFP": 4.401514001952914, "date": "2026-08-02T00:00:00" }, "geometry": { "type": "Point", "coordinates": [ 1.489033442498968, 42.179439699266538 ] } },
{ "type": "Feature", "properties": { "CFP": 0.0, "DDS": 30.546005091284105, "DFMC": 32.029131436480533, "LFMC": 115.33636320022833, "REW": 76.072807277842898, "SFP": 4.1414439375133636, "date": "2026-08-02T00:00:00" }, "geometry": { "type": "Point", "coordinates": [ 1.495069197421521, 42.179202880528436 ] } },
{ "type": "Feature", "properties": { "CFP": 0.0, "DDS": 21.186795704281263, "DFMC": 31.781827140007628, "LFMC": 136.11133287618097, "REW": 64.440657201300155, "SFP": 3.7902292710560852, "date": "2026-08-02T00:00:00" }, "geometry": { "type": "Point", "coordinates": [ 1.501104879720688, 42.178965745312347 ] } },
{ "type": "Feature", "properties": { "CFP": 8.3535474266030292, "DDS": 46.461099948924172, "DFMC": 14.058532429710546, "LFMC": 116.82396748393137, "REW": 7.8003491967196901, "SFP": 6.6094425026745878, "date": "2026-08-02T00:00:00" }, "geometry": { "type": "Point", "coordinates": [ 1.382553074273644, 42.215078234729347 ] } },
{ "type": "Feature", "properties": { "CFP": 9.0, "DDS": 25.962156872193084, "DFMC": 12.642720173631513, "LFMC": 100.95212660580259, "REW": 24.926308184067132, "SFP": 5.8214094658240185, "date": "2026-08-02T00:00:00" }, "geometry": { "type": "Point", "coordinates": [ 1.38859309485, 42.214846861192491 ] } },
{ "type": "Feature", "properties": { "CFP": 9.0, "DDS": 4.4420059386641695, "DFMC": 11.475673386217967, "LFMC": 95.198501912759397, "REW": 37.396890195590309, "SFP": 6.9057229481799265, "date": "2026-08-02T00:00:00" }, "geometry": { "type": "Point", "coordinates": [ 1.371093336624918, 42.224520106151559 ] } },
{ "type": "Feature", "properties": { "CFP": 6.121445614848577, "DDS": 65.168479146200426, "DFMC": 11.677932947293614, "LFMC": 83.16525119832491, "REW": 1.3065488142880526, "SFP": 6.3955466826225216, "date": "2026-08-02T00:00:00" }, "geometry": { "type": "Point", "coordinates": [ 1.377134349864303, 42.22428929447652 ] } },
{ "type": "Feature", "properties": { "CFP": 5.5524872371594505, "DDS": 66.067641394476595, "DFMC": 10.937547332832949, "LFMC": 81.583222973028384, "REW": 0.5685318100386263, "SFP": 5.3722198287669798, "date": "2026-08-02T00:00:00" }, "geometry": { "type": "Point", "coordinates": [ 1.38317529223209, 42.224058165667657 ] } },
{ "type": "Feature", "properties": { "CFP": 5.3540965053604959, "DDS": 63.323914241729689, "DFMC": 9.546256154563487, "LFMC": 85.361780756253665, "REW": 3.5224284001755723, "SFP": 5.1141398403412373, "date": "2026-08-02T00:00:00" }, "geometry": { "type": "Point", "coordinates": [ 1.389216163631941, 42.223826719735442 ] } },
{ "type": "Feature", "properties": { "CFP": 7.8987476546806699, "DDS": 58.850239718600371, "DFMC": 9.42426221021271, "LFMC": 91.434960619603814, "REW": 9.78827704863847, "SFP": 5.8667606898524349, "date": "2026-08-02T00:00:00" }, "geometry": { "type": "Point", "coordinates": [ 1.395256963967532, 42.223594956690391 ] } },
{ "type": "Feature", "properties": { "CFP": 5.172683997150771, "DDS": 60.537165010758869, "DFMC": 9.9027791957971374, "LFMC": 89.039823924857544, "REW": 5.7258852323807563, "SFP": 5.0538594296812391, "date": "2026-08-02T00:00:00" }, "geometry": { "type": "Point", "coordinates": [ 1.40129769314254, 42.223362876543021 ] } },
{ "type": "Feature", "properties": { "CFP": 8.46546609117825, "DDS": 62.780421110397228, "DFMC": 10.476341689122146, "LFMC": 86.093221542816707, "REW": 3.973145310726188, "SFP": 5.1755797732278506, "date": "2026-08-02T00:00:00" }, "geometry": { "type": "Point", "coordinates": [ 1.407338351060654, 42.223130479303869 ] } },
{ "type": "Feature", "properties": { "CFP": 8.2312734533511183, "DDS": 9.3468357507778563, "DFMC": 10.808312862451626, "LFMC": 111.77537534811971, "REW": 49.453563567722313, "SFP": 8.3960212031425847, "date": "2026-08-02T00:00:00" }, "geometry": { "type": "Point", "coordinates": [ 1.413378937625568, 42.222897764983493 ] } },
{ "type": "Feature", "properties": { "CFP": 9.0, "DDS": 28.529092617626631, "DFMC": 13.884978120711851, "LFMC": 122.57418944444063, "REW": 26.741409164220585, "SFP": 9.0, "date": "2026-08-02T00:00:00" }, "geometry": { "type": "Point", "coordinates": [ 1.41941945274098, 42.222664733592431 ] } },
{ "type": "Feature", "properties": { "CFP": 7.8996884147835846, "DDS": 10.117692565784894, "DFMC": 16.31920652929869, "LFMC": 141.84246929379961, "REW": 14.381840983551298, "SFP": 6.1369120930950602, "date": "2026-08-02T00:00:00" }, "geometry": { "type": "Point", "coordinates": [ 1.425459896310605, 42.222431385141284 ] } },
{ "type": "Feature", "properties": { "CFP": 7.2397059404483759, "DDS": 15.617862096105458, "DFMC": 17.554728078981725, "LFMC": 138.72331597997385, "REW": 14.867606557995968, "SFP": 5.4181677255590497, "date": "2026-08-02T00:00:00" }, "geometry": { "type": "Point", "coordinates": [ 1.431500268238153, 42.222197719640619 ] } },
{ "type": "Feature", "properties": { "CFP": 8.2227700182106283, "DDS": 44.190904192412319, "DFMC": 16.894552668431039, "LFMC": 121.86565838724134, "REW": 3.2561871286454505, "SFP": 5.5497834057537352, "date": "2026-08-02T00:00:00" }, "geometry": { "type": "Point", "coordinates": [ 1.43754056842735, 42.221963737101063 ] } },
{ "type": "Feature", "properties": { "CFP": 8.9886743994719716, "DDS": 51.042829372167027, "DFMC": 16.790989523859061, "LFMC": 119.4026700026823, "REW": 2.3277198036514091, "SFP": 6.1723483687467651, "date": "2026-08-02T00:00:00" }, "geometry": { "type": "Point", "coordinates": [ 1.443580796781927, 42.22172943753322 ] } },
{ "type": "Feature", "properties": { "CFP": 9.0, "DDS": 54.240142509019329, "DFMC": 16.49784725661079, "LFMC": 118.28011973252815, "REW": 0.5092426301005557, "SFP": 5.9613971824154453, "date": "2026-08-02T00:00:00" }, "geometry": { "type": "Point", "coordinates": [ 1.449620953205621, 42.22149482094774 ] } },
{ "type": "Feature", "properties": { "CFP": 9.0, "DDS": 60.989853641892303, "DFMC": 16.009852535486218, "LFMC": 103.17774068849127, "REW": 1.9904114827872084, "SFP": 6.0257434424937557, "date": "2026-08-02T00:00:00" }, "geometry": { "type": "Point", "coordinates": [ 1.455661037602177, 42.221259887355245 ] } },
{ "type": "Feature", "properties": { "CFP": 7.1726121009401469, "DDS": 62.504818461562941, "DFMC": 15.021625709604722, "LFMC": 115.53782083269914, "REW": 3.2268278858594033, "SFP": 5.7706688973732545, "date": "2026-08-02T00:00:00" }, "geometry": { "type": "Point", "coordinates": [ 1.461701049875348, 42.221024636766415 ] } },
{ "type": "Feature", "properties": { "CFP": 5.2083756056870438, "DDS": 0.83454063800149736, "DFMC": 12.963197820992637, "LFMC": 154.76003410354906, "REW": 64.11020754905843, "SFP": 5.3517553521368715, "date": "2026-08-02T00:00:00" }, "geometry": { "type": "Point", "coordinates": [ 1.467740989928894, 42.22078906919193 ] } },
{ "type": "Feature", "properties": { "CFP": 7.1565849940790081, "DDS": 27.558195146391316, "DFMC": 12.483463964822203, "LFMC": 135.13677434547196, "REW": 15.399948097231842, "SFP": 5.734531878381234, "date": "2026-08-02T00:00:00" }, "geometry": { "type": "Point", "coordinates": [ 1.485860375809488, 42.220080464661443 ] } },
{ "type": "Feature", "properties": { "CFP": 8.0653161897876036, "DDS": 28.223320453143504, "DFMC": 11.255380648742921, "LFMC": 129.2749009301393, "REW": 9.9373110039228862, "SFP": 6.342472142961002, "date": "2026-08-02T00:00:00" }, "geometry": { "type": "Point", "coordinates": [ 1.491900026022277, 42.219843629251351 ] } },
{ "type": "Feature", "properties": { "CFP": 7.8477964629764099, "DDS": 0.872062391017147, "DFMC": 11.859962481150607, "LFMC": 86.65625339091018, "REW": 86.648828075912448, "SFP": 6.5276675953724421, "date": "2026-08-02T00:00:00" }, "geometry": { "type": "Point", "coordinates": [ 1.49793960353435, 42.219606476909171 ] } },
{ "type": "Feature", "properties": { "CFP": 8.3513851825230994, "DDS": 56.093491969909756, "DFMC": 15.018578335585898, "LFMC": 116.93880735222177, "REW": 1.3929574598733192, "SFP": 6.6041923714840038, "date": "2026-08-02T00:00:00" }, "geometry": { "type": "Point", "coordinates": [ 1.510018540071571, 42.219131221471663 ] } },
{ "type": "Feature", "properties": { "CFP": 5.6360709627443564, "DDS": 54.308504124323782, "DFMC": 17.888765318589279, "LFMC": 112.23074517335051, "REW": 0.415398578522918, "SFP": 5.2610932305583926, "date": "2026-08-02T00:00:00" }, "geometry": { "type": "Point", "coordinates": [ 1.516057898904348, 42.218893118397894 ] } },
{ "type": "Feature", "properties": { "CFP": 4.0643194796360556, "DDS": 38.936423468164996, "DFMC": 20.819111065772987, "LFMC": 125.33077391913393, "REW": 3.0658933455185884, "SFP": 4.4539058962764617, "date": "2026-08-02T00:00:00" }, "geometry": { "type": "Point", "coordinates": [ 1.52209718465167, 42.218654698435188 ] } },
{ "type": "Feature", "properties": { "CFP": 8.2968626108561061, "DDS": 12.314682338905907, "DFMC": 14.252095782991606, "LFMC": 90.927946205481334, "REW": 50.338699456273119, "SFP": 9.0, "date": "2026-08-02T00:00:00" }, "geometry": { "type": "Point", "coordinates": [ 1.384239559919041, 42.151987247259811 ] } },
{ "type": "Feature", "properties": { "CFP": 9.0, "DDS": 20.426696405849498, "DFMC": 14.075572580308473, "LFMC": 131.66581100530064, "REW": 34.102422868160374, "SFP": 9.0, "date": "2026-08-02T00:00:00" }, "geometry": { "type": "Point", "coordinates": [ 1.389962705390792, 42.147266086915707 ] } },
{ "type": "Feature", "properties": { "CFP": 6.7960367163323081, "DDS": 29.624204440392134, "DFMC": 16.309235484200251, "LFMC": 118.49507316417723, "REW": 27.475779826593016, "SFP": 6.6827127006208107, "date": "2026-08-02T00:00:00" }, "geometry": { "type": "Point", "coordinates": [ 1.396307498700156, 42.151524563627099 ] } },
{ "type": "Feature", "properties": { "CFP": 0.0, "DDS": 2.2224054356020164, "DFMC": 16.838366450216427, "LFMC": 97.656547676885936, "REW": 81.186761764865338, "SFP": 6.205453203678962, "date": "2026-08-02T00:00:00" }, "geometry": { "type": "Point", "coordinates": [ 1.40806302271452, 42.146570746897879 ] } },
{ "type": "Feature", "properties": { "CFP": 5.9564365775310861, "DDS": 8.5276586329449202, "DFMC": 19.661038036680189, "LFMC": 150.22391113531665, "REW": 41.002612725126063, "SFP": 5.6000275803345669, "date": "2026-08-02T00:00:00" }, "geometry": { "type": "Point", "coordinates": [ 1.40837515366031, 42.151060614781173 ] } },
{ "type": "Feature", "properties": { "CFP": 6.8013514234421288, "DDS": 20.968037042123623, "DFMC": 21.409804038178251, "LFMC": 139.00992115345846, "REW": 19.944759128134272, "SFP": 4.1320669129058452, "date": "2026-08-02T00:00:00" }, "geometry": { "type": "Point", "coordinates": [ 1.414408874467773, 42.150828165929525 ] } },
{ "type": "Feature", "properties": { "CFP": 8.8098557605322902, "DDS": 9.1474431737800739, "DFMC": 18.263641308862258, "LFMC": 134.13258403436635, "REW": 59.386122720422065, "SFP": 8.598160125479037, "date": "2026-08-02T00:00:00" }, "geometry": { "type": "Point", "coordinates": [ 1.414096319693861, 42.14633833441178 ] } },
{ "type": "Feature", "properties": { "CFP": 5.3931389978807704, "DDS": 0.2580197309586364, "DFMC": 20.428028435183265, "LFMC": 155.30760584172236, "REW": 52.571210221522236, "SFP": 3.5321790496708383, "date": "2026-08-02T00:00:00" }, "geometry": { "type": "Point", "coordinates": [ 1.42012954544914, 42.146105605703141 ] } },
{ "type": "Feature", "properties": { "CFP": 6.4621084865917204, "DDS": 7.0649740803480681, "DFMC": 22.246436794965913, "LFMC": 146.00926621808924, "REW": 20.411553585683496, "SFP": 3.3739452396948995, "date": "2026-08-02T00:00:00" }, "geometry": { "type": "Point", "coordinates": [ 1.420442524032306, 42.150595400806104 ] } },
{ "type": "Feature", "properties": { "CFP": 6.6999635040323344, "DDS": 16.797670973769808, "DFMC": 19.833346126742107, "LFMC": 136.32164371611947, "REW": 25.126328007347489, "SFP": 5.0738621506338699, "date": "2026-08-02T00:00:00" }, "geometry": { "type": "Point", "coordinates": [ 1.426162699884496, 42.1458725607825 ] } },
{ "type": "Feature", "properties": { "CFP": 6.0506097298318888, "DDS": 1.7386600650514228, "DFMC": 20.767731869504573, "LFMC": 151.13768181772437, "REW": 30.376490748938682, "SFP": 3.5933679687394484, "date": "2026-08-02T00:00:00" }, "geometry": { "type": "Point", "coordinates": [ 1.426476102258023, 42.150362319421482 ] } },
{ "type": "Feature", "properties": { "CFP": 5.7524978432216205, "DDS": 1.596390987675663, "DFMC": 21.045152837990578, "LFMC": 150.06295440130805, "REW": 44.104404194592966, "SFP": 4.1595180587149034, "date": "2026-08-02T00:00:00" }, "geometry": { "type": "Point", "coordinates": [ 1.432195782904082, 42.14563919966043 ] } },
{ "type": "Feature", "properties": { "CFP": 6.0342143521505687, "DDS": 4.195080710769199, "DFMC": 21.382481169153728, "LFMC": 161.90371061984465, "REW": 30.876092716738263, "SFP": 4.052906957934904, "date": "2026-08-02T00:00:00" }, "geometry": { "type": "Point", "coordinates": [ 1.432509609049055, 42.150128921786226 ] } },
{ "type": "Feature", "properties": { "CFP": 4.5639940141400723, "DDS": 0.035447245531602521, "DFMC": 22.518448095530303, "LFMC": 159.33704041926487, "REW": 69.22457327371842, "SFP": 2.926720792647044, "date": "2026-08-02T00:00:00" }, "geometry": { "type": "Point", "coordinates": [ 1.43854304430953, 42.149895207910895 ] } },
{ "type": "Feature", "properties": { "CFP": 5.532649617882722, "DDS": 0.054469981005372731, "DFMC": 22.597578779424339, "LFMC": 152.4992305975, "REW": 69.512388418654609, "SFP": 2.9965293963916357, "date": "2026-08-02T00:00:00" }, "geometry": { "type": "Point", "coordinates": [ 1.438228794412054, 42.145405522347502 ] } },
{ "type": "Feature", "properties": { "CFP": 4.739323734484211, "DDS": 0.19108526907022472, "DFMC": 23.36860987229182, "LFMC": 144.28930902207114, "REW": 100.0, "SFP": 2.6132424160904577, "date": "2026-08-02T00:00:00" }, "geometry": { "type": "Point", "coordinates": [ 1.444261734312579, 42.145171528854277 ] } },
{ "type": "Feature", "properties": { "CFP": 4.2214689280864492, "DDS": 0.18316328260362053, "DFMC": 22.388451012188497, "LFMC": 140.12509947055651, "REW": 100.0, "SFP": 2.832170447672743, "date": "2026-08-02T00:00:00" }, "geometry": { "type": "Point", "coordinates": [ 1.450294602509826, 42.144937219191377 ] } },
{ "type": "Feature", "properties": { "CFP": 5.1218712351305351, "DDS": 12.21249961225989, "DFMC": 25.192082112254727, "LFMC": 129.13471701635567, "REW": 50.467751478332687, "SFP": 3.3943052353783365, "date": "2026-08-02T00:00:00" }, "geometry": { "type": "Point", "coordinates": [ 1.456642919949055, 42.149192168950435 ] } },
{ "type": "Feature", "properties": { "CFP": 4.5814508220844701, "DDS": 0.51503681018093772, "DFMC": 21.682787259454198, "LFMC": 167.55118687452673, "REW": 91.003813735453605, "SFP": 2.9187639224289597, "date": "2026-08-02T00:00:00" }, "geometry": { "type": "Point", "coordinates": [ 1.456327398907977, 42.144702593369423 ] } },
{ "type": "Feature", "properties": { "CFP": 4.2278598285475422, "DDS": 0.43749499968893557, "DFMC": 24.385284074591052, "LFMC": 141.33766468225579, "REW": 81.638744262246092, "SFP": 1.9201107184502197, "date": "2026-08-02T00:00:00" }, "geometry": { "type": "Point", "coordinates": [ 1.462676068128777, 42.148957190220862 ] } },
{ "type": "Feature", "properties": { "CFP": 6.3348351096194406, "DDS": 0.11612988979070551, "DFMC": 19.442398638334552, "LFMC": 115.00130160743016, "REW": 96.52813257213829, "SFP": 4.1686712492279518, "date": "2026-08-02T00:00:00" }, "geometry": { "type": "Point", "coordinates": [ 1.462360123411216, 42.144467651399047 ] } },
{ "type": "Feature", "properties": { "CFP": 5.8252808880911999, "DDS": 48.075249563970857, "DFMC": 20.66659006485105, "LFMC": 170.79230935712661, "REW": 19.392240525752385, "SFP": 4.7631202991016028, "date": "2026-08-02T00:00:00" }, "geometry": { "type": "Point", "coordinates": [ 1.468709144298715, 42.148721895304305 ] } },
{ "type": "Feature", "properties": { "CFP": 5.8272910103787527, "DDS": 6.2232792687795291, "DFMC": 16.596823279665113, "LFMC": 141.29721906957067, "REW": 48.182841212102574, "SFP": 4.6205781890740933, "date": "2026-08-02T00:00:00" }, "geometry": { "type": "Point", "coordinates": [ 1.468392775923738, 42.144232393290871 ] } },
{ "type": "Feature", "properties": { "CFP": 0.0, "DDS": 2.5717266258416522, "DFMC": 17.75874144327932, "LFMC": 157.36945029680231, "REW": 78.39242535427941, "SFP": 5.3718655357222396, "date": "2026-08-02T00:00:00" }, "geometry": { "type": "Point", "coordinates": [ 1.474742148363042, 42.148486284211415 ] } },
{ "type": "Feature", "properties": { "CFP": 6.3365472553144579, "DDS": 24.493449983627805, "DFMC": 15.365046597257848, "LFMC": 171.65745265598514, "REW": 30.154470964517486, "SFP": 6.2690053136594397, "date": "2026-08-02T00:00:00" }, "geometry": { "type": "Point", "coordinates": [ 1.48045786459344, 42.143760928703784 ] } },
{ "type": "Feature", "properties": { "CFP": 5.0665958421928003, "DDS": 4.5830752726469939, "DFMC": 17.499943338844005, "LFMC": 140.85243285662585, "REW": 51.272769069596556, "SFP": 5.1247985009138297, "date": "2026-08-02T00:00:00" }, "geometry": { "type": "Point", "coordinates": [ 1.486490300559045, 42.143524722246241 ] } },
{ "type": "Feature", "properties": { "CFP": 0.0, "DDS": 41.021984935248618, "DFMC": 16.857634967089915, "LFMC": 115.16426973361118, "REW": 88.178749286028236, "SFP": 4.0422589352359033, "date": "2026-08-02T00:00:00" }, "geometry": { "type": "Point", "coordinates": [ 1.486807939791613, 42.148014113539389 ] } },
{ "type": "Feature", "properties": { "CFP": 4.2781744573484017, "DDS": 0.3651523961485974, "DFMC": 19.264217999139376, "LFMC": 149.07574792498653, "REW": 81.397547749544444, "SFP": 3.2753987492949461, "date": "2026-08-02T00:00:00" }, "geometry": { "type": "Point", "coordinates": [ 1.492522664150779, 42.1432881996936 ] } },
{ "type": "Feature", "properties": { "CFP": 5.316495120768022, "DDS": 0.14125644524560718, "DFMC": 21.819272352112712, "LFMC": 151.87877762734576, "REW": 58.7679277101089, "SFP": 3.013873511682108, "date": "2026-08-02T00:00:00" }, "geometry": { "type": "Point", "coordinates": [ 1.498554955272876, 42.143051361056614 ] } },
{ "type": "Feature", "properties": { "CFP": 5.1427991763802101, "DDS": 2.4166465054364776, "DFMC": 22.92657591538482, "LFMC": 150.65565670990873, "REW": 69.051157798402969, "SFP": 3.185871468115729, "date": "2026-08-02T00:00:00" }, "geometry": { "type": "Point", "coordinates": [ 1.498873441648042, 42.147540678290348 ] } },
{ "type": "Feature", "properties": { "CFP": 5.4713337767865449, "DDS": 5.4506312751599921, "DFMC": 23.505436943794336, "LFMC": 167.43221665024424, "REW": 41.965435001107416, "SFP": 3.296316118723511, "date": "2026-08-02T00:00:00" }, "geometry": { "type": "Point", "coordinates": [ 1.504906083747222, 42.14730348647624 ] } },
{ "type": "Feature", "properties": { "CFP": 5.7717422518309132, "DDS": 5.3504445805198966, "DFMC": 21.268223474515921, "LFMC": 143.99996425361354, "REW": 30.925664907037039, "SFP": 3.6112068977920537, "date": "2026-08-02T00:00:00" }, "geometry": { "type": "Point", "coordinates": [ 1.50458717382957, 42.142814206345982 ] } },
{ "type": "Feature", "properties": { "CFP": 4.5101157570765693, "DDS": 11.420219252929058, "DFMC": 20.113038724152347, "LFMC": 129.23731269162556, "REW": 78.207923204844093, "SFP": 3.1901652267119984, "date": "2026-08-02T00:00:00" }, "geometry": { "type": "Point", "coordinates": [ 1.510619319725107, 42.142576735572462 ] } },
{ "type": "Feature", "properties": { "CFP": 5.5748982147087638, "DDS": 0.3583777795549461, "DFMC": 23.057267441091877, "LFMC": 151.21498486724082, "REW": 47.625096711347695, "SFP": 2.8217826024244159, "date": "2026-08-02T00:00:00" }, "geometry": { "type": "Point", "coordinates": [ 1.510938653166002, 42.147065978550067 ] } },
{ "type": "Feature", "properties": { "CFP": 3.5708498888012481, "DDS": 5.5561146791849545, "DFMC": 18.63590450513427, "LFMC": 117.46474779510218, "REW": 79.738393984534255, "SFP": 3.9707198746113748, "date": "2026-08-02T00:00:00" }, "geometry": { "type": "Point", "coordinates": [ 1.516651392863739, 42.14233894874679 ] } },
{ "type": "Feature", "properties": { "CFP": 5.2829166979738886, "DDS": 1.5276809293853029, "DFMC": 21.688856009593835, "LFMC": 151.77102678451857, "REW": 49.093364047995401, "SFP": 3.1177369900355951, "date": "2026-08-02T00:00:00" }, "geometry": { "type": "Point", "coordinates": [ 1.516971149808609, 42.146828154522574 ] } },
{ "type": "Feature", "properties": { "CFP": 5.0373137014134945, "DDS": 0.62809732548456054, "DFMC": 21.370218512958829, "LFMC": 159.06137774859695, "REW": 66.303039474521114, "SFP": 3.9462983594878764, "date": "2026-08-02T00:00:00" }, "geometry": { "type": "Point", "coordinates": [ 1.432823506724585, 42.154618638483505 ] } },
{ "type": "Feature", "properties": { "CFP": 4.5037492845766831, "DDS": 0.83200610381293694, "DFMC": 21.247600430204528, "LFMC": 155.39686773139758, "REW": 68.672299720218248, "SFP": 3.665144802333804, "date": "2026-08-02T00:00:00" }, "geometry": { "type": "Point", "coordinates": [ 1.433137475949622, 42.159108349751648 ] } },
{ "type": "Feature", "properties": { "CFP": 0.0, "DDS": 0.21320908642095007, "DFMC": 21.833082329941561, "LFMC": 120.88766172134531, "REW": 79.423092471234796, "SFP": 4.2441005867606458, "date": "2026-08-02T00:00:00" }, "geometry": { "type": "Point", "coordinates": [ 1.438857365833423, 42.154384888040681 ] } },
{ "type": "Feature", "properties": { "CFP": 7.4249555130964593, "DDS": 12.416223342120167, "DFMC": 21.393268640175513, "LFMC": 129.42881520931451, "REW": 27.2941339290184, "SFP": 8.0525642642524016, "date": "2026-08-02T00:00:00" }, "geometry": { "type": "Point", "coordinates": [ 1.439171759002708, 42.158874562736237 ] } },
{ "type": "Feature", "properties": { "CFP": 4.5198574279900372, "DDS": 1.9980043673780907, "DFMC": 22.80602256077799, "LFMC": 119.4656843636112, "REW": 56.189908008540179, "SFP": 4.005695143687003, "date": "2026-08-02T00:00:00" }, "geometry": { "type": "Point", "coordinates": [ 1.444891153296871, 42.15415082131917 ] } },
{ "type": "Feature", "properties": { "CFP": 6.3315060691212306, "DDS": 1.973010134622986, "DFMC": 21.117484934751381, "LFMC": 135.61685899250227, "REW": 34.453655835649386, "SFP": 4.0536834584081909, "date": "2026-08-02T00:00:00" }, "geometry": { "type": "Point", "coordinates": [ 1.445205970391423, 42.15864045939292 ] } },
{ "type": "Feature", "properties": { "CFP": 5.3877630411233675, "DDS": 2.1517281159907018, "DFMC": 22.293160301684242, "LFMC": 119.57548277383745, "REW": 42.524397508976854, "SFP": 3.6743011764311984, "date": "2026-08-02T00:00:00" }, "geometry": { "type": "Point", "coordinates": [ 1.451240110019861, 42.158406039732299 ] } },
{ "type": "Feature", "properties": { "CFP": 4.4664893608964391, "DDS": 0.35038018258164932, "DFMC": 24.678903659633178, "LFMC": 120.30539584730921, "REW": 68.83472338486645, "SFP": 1.336370748299831, "date": "2026-08-02T00:00:00" }, "geometry": { "type": "Point", "coordinates": [ 1.456958512904089, 42.153681739082515 ] } },
{ "type": "Feature", "properties": { "CFP": 3.7866095706768883, "DDS": 28.020487106804492, "DFMC": 24.23269409502003, "LFMC": 110.94700716498954, "REW": 13.436746463160365, "SFP": 4.1565101829190105, "date": "2026-08-02T00:00:00" }, "geometry": { "type": "Point", "coordinates": [ 1.457274177792127, 42.158171303765002 ] } },
{ "type": "Feature", "properties": { "CFP": 4.9758509958078099, "DDS": 1.3272031077426389, "DFMC": 25.630443278491736, "LFMC": 120.10926309511839, "REW": 51.274925713714772, "SFP": 1.7664996961029835, "date": "2026-08-02T00:00:00" }, "geometry": { "type": "Point", "coordinates": [ 1.463308173612334, 42.157936251501667 ] } },
{ "type": "Feature", "properties": { "CFP": 4.2401414551428696, "DDS": 0.25965454152010897, "DFMC": 26.936962846434103, "LFMC": 119.79082105964289, "REW": 72.073655510476669, "SFP": 1.4125455620071492, "date": "2026-08-02T00:00:00" }, "geometry": { "type": "Point", "coordinates": [ 1.462992084856126, 42.153446723588615 ] } },
{ "type": "Feature", "properties": { "CFP": 4.9236339394800313, "DDS": 14.555121091312998, "DFMC": 26.508062006497951, "LFMC": 121.45688144614682, "REW": 68.047160628234508, "SFP": 4.1797365919527065, "date": "2026-08-02T00:00:00" }, "geometry": { "type": "Point", "coordinates": [ 1.469025584779302, 42.153211391858534 ] } },
{ "type": "Feature", "properties": { "CFP": 5.0330259170853262, "DDS": 7.316293239581297, "DFMC": 27.471173181042339, "LFMC": 120.55098941858945, "REW": 50.9173703868655, "SFP": 2.9835210167547292, "date": "2026-08-02T00:00:00" }, "geometry": { "type": "Point", "coordinates": [ 1.4693420973846, 42.157700882952945 ] } },
{ "type": "Feature", "properties": { "CFP": 0.0, "DDS": 0.089043303649502942, "DFMC": 28.665008659249619, "LFMC": 119.84867594643609, "REW": 89.430618792598608, "SFP": 2.3264190863479128, "date": "2026-08-02T00:00:00" }, "geometry": { "type": "Point", "coordinates": [ 1.475375949013047, 42.157465198129508 ] } },
{ "type": "Feature", "properties": { "CFP": 0.0, "DDS": 7.2721045967725964, "DFMC": 21.808466019226056, "LFMC": 157.99141499766847, "REW": 62.963468810459666, "SFP": 3.34339879247774, "date": "2026-08-02T00:00:00" }, "geometry": { "type": "Point", "coordinates": [ 1.487443435455039, 42.156992879701185 ] } },
{ "type": "Feature", "properties": { "CFP": 0.0, "DDS": 0.71282944263024361, "DFMC": 18.548817739106774, "LFMC": 122.29674659878525, "REW": 69.461360788439976, "SFP": 4.5442310834386666, "date": "2026-08-02T00:00:00" }, "geometry": { "type": "Point", "coordinates": [ 1.49315886226654, 42.152266902789883 ] } },
{ "type": "Feature", "properties": { "CFP": 7.2573055471731838, "DDS": 40.140602970370622, "DFMC": 22.53653748399995, "LFMC": 108.32573496151456, "REW": 32.297267025919254, "SFP": 7.9955013431913811, "date": "2026-08-02T00:00:00" }, "geometry": { "type": "Point", "coordinates": [ 1.499192000607828, 42.152029990039125 ] } },
{ "type": "Feature", "properties": { "CFP": 4.9785389706959808, "DDS": 1.7867705858155962, "DFMC": 21.462854539424988, "LFMC": 122.31335909725165, "REW": 49.473303538811713, "SFP": 3.9975060925419816, "date": "2026-08-02T00:00:00" }, "geometry": { "type": "Point", "coordinates": [ 1.499510632171461, 42.156519296302321 ] } },
{ "type": "Feature", "properties": { "CFP": 4.8405517155048488, "DDS": 0.33176810910376475, "DFMC": 27.39267927417659, "LFMC": 125.3768799379107, "REW": 73.60477188152305, "SFP": 2.1285178465507828, "date": "2026-08-02T00:00:00" }, "geometry": { "type": "Point", "coordinates": [ 1.505225066345274, 42.151792761116369 ] } },
{ "type": "Feature", "properties": { "CFP": 4.9274907346204282, "DDS": 0.75398479094346538, "DFMC": 26.806801959460035, "LFMC": 119.62762059074807, "REW": 55.672828396358042, "SFP": 1.4902464449309927, "date": "2026-08-02T00:00:00" }, "geometry": { "type": "Point", "coordinates": [ 1.505544121642977, 42.15628203026575 ] } },
{ "type": "Feature", "properties": { "CFP": 4.2249332719819481, "DDS": 0.69276743824613596, "DFMC": 28.565668106943701, "LFMC": 128.85204391249403, "REW": 77.967495476013568, "SFP": 1.7844750158561218, "date": "2026-08-02T00:00:00" }, "geometry": { "type": "Point", "coordinates": [ 1.51125805938307, 42.151555216032364 ] } },
{ "type": "Feature", "properties": { "CFP": 4.0539179613400504, "DDS": 0.19304355283939884, "DFMC": 29.619188534306101, "LFMC": 120.33650021361962, "REW": 80.122136072370978, "SFP": 1.1101234559875215, "date": "2026-08-02T00:00:00" }, "geometry": { "type": "Point", "coordinates": [ 1.511577538395586, 42.15604444801874 ] } },
{ "type": "Feature", "properties": { "CFP": 4.2109699593868619, "DDS": 0.46381181435598545, "DFMC": 26.650094062131405, "LFMC": 120.27215905997502, "REW": 74.915681033426566, "SFP": 2.2682466552506826, "date": "2026-08-02T00:00:00" }, "geometry": { "type": "Point", "coordinates": [ 1.517290979625418, 42.151317354797875 ] } },
{ "type": "Feature", "properties": { "CFP": 5.3638835744496394, "DDS": 78.021807018468039, "DFMC": 11.758148615252418, "LFMC": 83.85291946021718, "REW": 0.0, "SFP": 6.4395990889687207, "date": "2026-08-02T00:00:00" }, "geometry": { "type": "Point", "coordinates": [ 1.360720524410173, 42.161889116517429 ] } },
{ "type": "Feature", "properties": { "CFP": 9.0, "DDS": 79.892513725425502, "DFMC": 9.7014488282532092, "LFMC": 82.130034662970658, "REW": 0.0, "SFP": 8.9626213505103731, "date": "2026-08-02T00:00:00" }, "geometry": { "type": "Point", "coordinates": [ 1.366755659952647, 42.161659126259281 ] } },
{ "type": "Feature", "properties": { "CFP": 9.0, "DDS": 81.498981118399698, "DFMC": 11.120686129861932, "LFMC": 82.957038049422209, "REW": 0.0, "SFP": 8.4229965743730002, "date": "2026-08-02T00:00:00" }, "geometry": { "type": "Point", "coordinates": [ 1.37279072498215, 42.161428819546991 ] } },
{ "type": "Feature", "properties": { "CFP": 9.0, "DDS": 68.653802957909221, "DFMC": 12.88459219926078, "LFMC": 87.421135743455082, "REW": 0.0, "SFP": 5.6034867539888307, "date": "2026-08-02T00:00:00" }, "geometry": { "type": "Point", "coordinates": [ 1.378825719402693, 42.161198196391048 ] } },
{ "type": "Feature", "properties": { "CFP": 8.397193619539765, "DDS": 65.810022907103459, "DFMC": 14.781353205138684, "LFMC": 92.078360577561426, "REW": 8.2863575888720504, "SFP": 7.1949676801653659, "date": "2026-08-02T00:00:00" }, "geometry": { "type": "Point", "coordinates": [ 1.384550066127586, 42.156477254725132 ] } },
{ "type": "Feature", "properties": { "CFP": 9.0, "DDS": 89.146137933598098, "DFMC": 13.539280439959814, "LFMC": 94.066969618863979, "REW": 0.0, "SFP": 9.0, "date": "2026-08-02T00:00:00" }, "geometry": { "type": "Point", "coordinates": [ 1.384860643118294, 42.160967256801875 ] } },
{ "type": "Feature", "properties": { "CFP": 6.8465826658761095, "DDS": 52.687904608428433, "DFMC": 13.477289875361768, "LFMC": 91.244101521219577, "REW": 10.048122738688061, "SFP": 7.5567981390271992, "date": "2026-08-02T00:00:00" }, "geometry": { "type": "Point", "coordinates": [ 1.390584494947066, 42.156246034891971 ] } },
{ "type": "Feature", "properties": { "CFP": 7.8751950501020964, "DDS": 50.619112677055043, "DFMC": 12.494829441740722, "LFMC": 104.85792236229156, "REW": 8.2157915152531906, "SFP": 6.2202493974089021, "date": "2026-08-02T00:00:00" }, "geometry": { "type": "Point", "coordinates": [ 1.390895496032976, 42.160736000789953 ] } },
{ "type": "Feature", "properties": { "CFP": 8.3921739890687821, "DDS": 67.803858543198217, "DFMC": 14.69565749634824, "LFMC": 95.518466542043555, "REW": 2.2128472269766877, "SFP": 6.0022759457642438, "date": "2026-08-02T00:00:00" }, "geometry": { "type": "Point", "coordinates": [ 1.396618852888443, 42.156014498695768 ] } },
{ "type": "Feature", "properties": { "CFP": 8.1483786194583239, "DDS": 49.987513375429522, "DFMC": 14.775567769090467, "LFMC": 106.81280104057981, "REW": 6.3268987260149778, "SFP": 5.7041695521810807, "date": "2026-08-02T00:00:00" }, "geometry": { "type": "Point", "coordinates": [ 1.40296498907572, 42.160272539539775 ] } },
{ "type": "Feature", "properties": { "CFP": 8.119657820611506, "DDS": 58.585471746231811, "DFMC": 18.294930593432976, "LFMC": 109.97470348217455, "REW": 0.40305004000277322, "SFP": 5.4452480196135724, "date": "2026-08-02T00:00:00" }, "geometry": { "type": "Point", "coordinates": [ 1.402653139855778, 42.155782646147038 ] } },
{ "type": "Feature", "properties": { "CFP": 7.928279553766072, "DDS": 47.65504953432481, "DFMC": 20.322266693359268, "LFMC": 117.1411531391098, "REW": 5.6802011235545633, "SFP": 4.5969453149062778, "date": "2026-08-02T00:00:00" }, "geometry": { "type": "Point", "coordinates": [ 1.408687355753143, 42.155550477256263 ] } },
{ "type": "Feature", "properties": { "CFP": 8.7533502719970304, "DDS": 61.344791869279661, "DFMC": 18.931227466447503, "LFMC": 114.36470017476718, "REW": 0.0, "SFP": 5.1753280840224694, "date": "2026-08-02T00:00:00" }, "geometry": { "type": "Point", "coordinates": [ 1.415034197763267, 42.159807812724566 ] } },
{ "type": "Feature", "properties": { "CFP": 6.6257101927809927, "DDS": 7.7542975718767737, "DFMC": 23.084374387738819, "LFMC": 155.63724691371777, "REW": 20.697991275275431, "SFP": 3.4082794722900771, "date": "2026-08-02T00:00:00" }, "geometry": { "type": "Point", "coordinates": [ 1.414721500484617, 42.155317992033986 ] } },
{ "type": "Feature", "properties": { "CFP": 7.3776925784304224, "DDS": 22.878411783623378, "DFMC": 21.195167500631712, "LFMC": 135.13885705749516, "REW": 7.4772579628528248, "SFP": 3.9498249364577194, "date": "2026-08-02T00:00:00" }, "geometry": { "type": "Point", "coordinates": [ 1.42106869523398, 42.159574974756396 ] } },
{ "type": "Feature", "properties": { "CFP": 7.3102622257854355, "DDS": 27.30701061536087, "DFMC": 22.914515193214569, "LFMC": 138.5423467884824, "REW": 9.5558765105150822, "SFP": 3.4765630737573865, "date": "2026-08-02T00:00:00" }, "geometry": { "type": "Point", "coordinates": [ 1.420755573954287, 42.15508519049073 ] } },
{ "type": "Feature", "properties": { "CFP": 8.837195177656886, "DDS": 60.323378836249226, "DFMC": 16.030128617900075, "LFMC": 114.51569002558634, "REW": 2.0768398549316021, "SFP": 7.4683163912887442, "date": "2026-08-02T00:00:00" }, "geometry": { "type": "Point", "coordinates": [ 1.359794094318712, 42.148418661514583 ] } },
{ "type": "Feature", "properties": { "CFP": 9.0, "DDS": 66.161502755898738, "DFMC": 13.279442977208387, "LFMC": 103.19992963405861, "REW": 0.0, "SFP": 7.4635592569553335, "date": "2026-08-02T00:00:00" }, "geometry": { "type": "Point", "coordinates": [ 1.360102833963313, 42.152908818550294 ] } },
{ "type": "Feature", "properties": { "CFP": 7.7772758322428759, "DDS": 18.483931819472335, "DFMC": 13.711754714233169, "LFMC": 132.19306196117202, "REW": 16.942945774098579, "SFP": 5.965186055778422, "date": "2026-08-02T00:00:00" }, "geometry": { "type": "Point", "coordinates": [ 1.366137121261606, 42.15267890025067 ] } },
{ "type": "Feature", "properties": { "CFP": 6.8406016927896447, "DDS": 27.227155419181194, "DFMC": 14.721801159768873, "LFMC": 127.14939058846441, "REW": 20.157273314251551, "SFP": 8.6407003669697264, "date": "2026-08-02T00:00:00" }, "geometry": { "type": "Point", "coordinates": [ 1.372171338084283, 42.152448665595422 ] } },
{ "type": "Feature", "properties": { "CFP": 9.0, "DDS": 70.688914383060848, "DFMC": 11.609537898578141, "LFMC": 66.187795418353829, "REW": 0.0, "SFP": 8.6295711786957714, "date": "2026-08-02T00:00:00" }, "geometry": { "type": "Point", "coordinates": [ 1.360411643987584, 42.157398970218097 ] } },
{ "type": "Feature", "properties": { "CFP": 9.0, "DDS": 80.261354712169407, "DFMC": 11.41731149141224, "LFMC": 80.164719770441977, "REW": 0.0, "SFP": 8.9379667249058912, "date": "2026-08-02T00:00:00" }, "geometry": { "type": "Point", "coordinates": [ 1.366446355359981, 42.157169015941726 ] } },
{ "type": "Feature", "properties": { "CFP": 7.7757360483396063, "DDS": 41.934916395024999, "DFMC": 14.843841786536183, "LFMC": 122.80876598154991, "REW": 8.7236825209279729, "SFP": 7.4933719176898723, "date": "2026-08-02T00:00:00" }, "geometry": { "type": "Point", "coordinates": [ 1.378515566525943, 42.156708158184792 ] } },
{ "type": "Feature", "properties": { "CFP": 4.0836386078603466, "DDS": 5.0919331854891858, "DFMC": 28.976746359221117, "LFMC": 119.7087422281927, "REW": 73.975960441609274, "SFP": 2.1842580570339352, "date": "2026-08-02T00:00:00" }, "geometry": { "type": "Point", "coordinates": [ 1.517610882333465, 42.155806549572056 ] } },
{ "type": "Feature", "properties": { "CFP": 9.0, "DDS": 50.998159985206037, "DFMC": 10.05508255379471, "LFMC": 100.13752788386344, "REW": 10.435268396469457, "SFP": 9.0, "date": "2026-08-02T00:00:00" }, "geometry": { "type": "Point", "coordinates": [ 1.36536219125037, 42.22924066638253 ] } },
{ "type": "Feature", "properties": { "CFP": 9.0, "DDS": 29.20905328667893, "DFMC": 9.0249193722545993, "LFMC": 98.476328167089335, "REW": 26.362835096592292, "SFP": 8.9053154108371704, "date": "2026-08-02T00:00:00" }, "geometry": { "type": "Point", "coordinates": [ 1.371403700877682, 42.229010135794574 ] } },
{ "type": "Feature", "properties": { "CFP": 6.2215684050491307, "DDS": 66.300076970033118, "DFMC": 9.787987878591931, "LFMC": 83.199052784126081, "REW": 1.2890549983466011, "SFP": 6.448990082859086, "date": "2026-08-02T00:00:00" }, "geometry": { "type": "Point", "coordinates": [ 1.361029475249738, 42.166379257447701 ] } },
{ "type": "Feature", "properties": { "CFP": 9.0, "DDS": 87.053088934235006, "DFMC": 8.2178117957024881, "LFMC": 75.602535969797685, "REW": 0.0, "SFP": 9.0, "date": "2026-08-02T00:00:00" }, "geometry": { "type": "Point", "coordinates": [ 1.361338496524941, 42.170869393008275 ] } },
{ "type": "Feature", "properties": { "CFP": 9.0, "DDS": 69.881236467930862, "DFMC": 9.3176221457706543, "LFMC": 76.794227302518976, "REW": 0.0, "SFP": 7.9513592533738988, "date": "2026-08-02T00:00:00" }, "geometry": { "type": "Point", "coordinates": [ 1.367065035058286, 42.166149231202752 ] } },
{ "type": "Feature", "properties": { "CFP": 4.9627071756968313, "DDS": 47.416762722012834, "DFMC": 8.3130791527790606, "LFMC": 124.69589710066083, "REW": 23.25385490871804, "SFP": 7.1151613842677461, "date": "2026-08-02T00:00:00" }, "geometry": { "type": "Point", "coordinates": [ 1.367374480695583, 42.1706393307715 ] } },
{ "type": "Feature", "properties": { "CFP": 7.8714242774377334, "DDS": 80.591348201435821, "DFMC": 10.803903543569669, "LFMC": 95.163190506543813, "REW": 0.0, "SFP": 8.3060794907658995, "date": "2026-08-02T00:00:00" }, "geometry": { "type": "Point", "coordinates": [ 1.373100524335173, 42.165918888454414 ] } },
{ "type": "Feature", "properties": { "CFP": 4.789210633383755, "DDS": 64.087611071762154, "DFMC": 8.4303538638643687, "LFMC": 84.274029232819117, "REW": 4.6687910102815673, "SFP": 5.7037760878581514, "date": "2026-08-02T00:00:00" }, "geometry": { "type": "Point", "coordinates": [ 1.373410394315871, 42.170408951982083 ] } },
{ "type": "Feature", "properties": { "CFP": 9.0, "DDS": 46.610104205842191, "DFMC": 8.4040024988153181, "LFMC": 71.614418736023623, "REW": 6.0692557785926597, "SFP": 8.9965603094463198, "date": "2026-08-02T00:00:00" }, "geometry": { "type": "Point", "coordinates": [ 1.361647588254452, 42.17535952319858 ] } },
{ "type": "Feature", "properties": { "CFP": 9.0, "DDS": 50.451788677340829, "DFMC": 8.6539065034594831, "LFMC": 81.804677772253058, "REW": 7.7593214233755496, "SFP": 9.0, "date": "2026-08-02T00:00:00" }, "geometry": { "type": "Point", "coordinates": [ 1.367683996883237, 42.175129424964958 ] } },
{ "type": "Feature", "properties": { "CFP": 9.0, "DDS": 51.321606543669766, "DFMC": 8.8949616137626801, "LFMC": 81.036529254703566, "REW": 8.6635666344331437, "SFP": 9.0, "date": "2026-08-02T00:00:00" }, "geometry": { "type": "Point", "coordinates": [ 1.373720334942964, 42.174899010129444 ] } },
{ "type": "Feature", "properties": { "CFP": 6.6713861837226229, "DDS": 61.161823094467579, "DFMC": 10.575589201751747, "LFMC": 83.616794251412571, "REW": 1.5043296826392361, "SFP": 5.489227568722078, "date": "2026-08-02T00:00:00" }, "geometry": { "type": "Point", "coordinates": [ 1.379135942984388, 42.16568822921316 ] } },
{ "type": "Feature", "properties": { "CFP": 6.7781243841819121, "DDS": 77.966035019408295, "DFMC": 10.819250168476575, "LFMC": 83.208794166954462, "REW": 0.0, "SFP": 7.2604969790457128, "date": "2026-08-02T00:00:00" }, "geometry": { "type": "Point", "coordinates": [ 1.385171290909921, 42.165457253489421 ] } },
{ "type": "Feature", "properties": { "CFP": 9.0, "DDS": 72.197153460210771, "DFMC": 11.273280551298047, "LFMC": 103.23681843805336, "REW": 6.541839032012053, "SFP": 9.0, "date": "2026-08-02T00:00:00" }, "geometry": { "type": "Point", "coordinates": [ 1.391206568015773, 42.165225961293693 ] } },
{ "type": "Feature", "properties": { "CFP": 6.8645891991977459, "DDS": 30.547861042352299, "DFMC": 12.088366783944124, "LFMC": 117.78211940017283, "REW": 17.367982213499428, "SFP": 9.0, "date": "2026-08-02T00:00:00" }, "geometry": { "type": "Point", "coordinates": [ 1.39724177420595, 42.164994352636448 ] } },
{ "type": "Feature", "properties": { "CFP": 8.0307636627808208, "DDS": 66.943039370088897, "DFMC": 13.872901427765285, "LFMC": 94.965845362353392, "REW": 4.8685010791592127, "SFP": 8.9777915754106079, "date": "2026-08-02T00:00:00" }, "geometry": { "type": "Point", "coordinates": [ 1.409311973455342, 42.164530185979416 ] } },
{ "type": "Feature", "properties": { "CFP": 6.0674853948535619, "DDS": 1.7796079130440103, "DFMC": 14.880510772526046, "LFMC": 143.76765931434758, "REW": 55.276289689770095, "SFP": 5.1307783127629651, "date": "2026-08-02T00:00:00" }, "geometry": { "type": "Point", "coordinates": [ 1.415346966322607, 42.164297628000675 ] } },
{ "type": "Feature", "properties": { "CFP": 7.276198514625646, "DDS": 21.704842284551177, "DFMC": 18.733342038283983, "LFMC": 135.84154516206868, "REW": 10.230468259404372, "SFP": 4.8816646058318494, "date": "2026-08-02T00:00:00" }, "geometry": { "type": "Point", "coordinates": [ 1.421381887890295, 42.164064753602482 ] } },
{ "type": "Feature", "properties": { "CFP": 7.5781338715138302, "DDS": 59.733837321360049, "DFMC": 20.192444879383789, "LFMC": 111.71219876480339, "REW": 5.721094183560222, "SFP": 4.8644999258700095, "date": "2026-08-02T00:00:00" }, "geometry": { "type": "Point", "coordinates": [ 1.42741673806245, 42.163831562795416 ] } },
{ "type": "Feature", "properties": { "CFP": 2.9271199229613867, "DDS": 0.72188548500968253, "DFMC": 20.601358797300882, "LFMC": 153.73085711458441, "REW": 39.093513618120838, "SFP": 3.3532336908663907, "date": "2026-08-02T00:00:00" }, "geometry": { "type": "Point", "coordinates": [ 1.433451516743122, 42.163598055590043 ] } },
{ "type": "Feature", "properties": { "CFP": 4.0324055039696187, "DDS": 11.035399082512122, "DFMC": 20.167966453122844, "LFMC": 140.14093982054351, "REW": 15.852078890013836, "SFP": 4.262755346299766, "date": "2026-08-02T00:00:00" }, "geometry": { "type": "Point", "coordinates": [ 1.439486223836366, 42.163364231996944 ] } },
{ "type": "Feature", "properties": { "CFP": 6.98334578665464, "DDS": 6.0731145679532874, "DFMC": 20.193714111012387, "LFMC": 139.3650484884752, "REW": 21.835274319861082, "SFP": 4.288814436761629, "date": "2026-08-02T00:00:00" }, "geometry": { "type": "Point", "coordinates": [ 1.445520859246251, 42.163130092026705 ] } },
{ "type": "Feature", "properties": { "CFP": 7.0426106661700336, "DDS": 10.502580721513404, "DFMC": 21.285229955012504, "LFMC": 138.93952668323041, "REW": 19.385185362805885, "SFP": 4.2594883274337976, "date": "2026-08-02T00:00:00" }, "geometry": { "type": "Point", "coordinates": [ 1.451555422876844, 42.162895635689956 ] } },
{ "type": "Feature", "properties": { "CFP": 6.4394711059201573, "DDS": 9.751899710286196, "DFMC": 22.984545382339491, "LFMC": 141.82415642852226, "REW": 21.063142852120436, "SFP": 3.3615593040187579, "date": "2026-08-02T00:00:00" }, "geometry": { "type": "Point", "coordinates": [ 1.457589914632228, 42.162660862997306 ] } },
{ "type": "Feature", "properties": { "CFP": 5.9261121946749009, "DDS": 21.981590873022107, "DFMC": 24.713388655068151, "LFMC": 118.46100593854433, "REW": 26.231764875915935, "SFP": 3.3796907879342437, "date": "2026-08-02T00:00:00" }, "geometry": { "type": "Point", "coordinates": [ 1.463624334416486, 42.162425773959406 ] } },
{ "type": "Feature", "properties": { "CFP": 0.0, "DDS": 11.062206281931243, "DFMC": 11.131316629748836, "LFMC": 120.00521229531816, "REW": 61.0439700819148, "SFP": 8.3472712998567271, "date": "2026-08-02T00:00:00" }, "geometry": { "type": "Point", "coordinates": [ 1.362884660089234, 42.193319990245016 ] } },
{ "type": "Feature", "properties": { "CFP": 8.1406711159744116, "DDS": 30.851554421656324, "DFMC": 11.31678957282757, "LFMC": 122.65890819336475, "REW": 23.978798278734661, "SFP": 9.0, "date": "2026-08-02T00:00:00" }, "geometry": { "type": "Point", "coordinates": [ 1.36892276751156, 42.193089747973787 ] } },
{ "type": "Feature", "properties": { "CFP": 9.0, "DDS": 31.421648452964622, "DFMC": 12.264880818854827, "LFMC": 133.51140714285904, "REW": 21.630449243035859, "SFP": 9.0, "date": "2026-08-02T00:00:00" }, "geometry": { "type": "Point", "coordinates": [ 1.374960804289947, 42.192859188903533 ] } },
{ "type": "Feature", "properties": { "CFP": 0.0, "DDS": 5.3906136260280535, "DFMC": 10.809685085259892, "LFMC": 100.62063540692706, "REW": 61.307933221770227, "SFP": 8.3327250404100415, "date": "2026-08-02T00:00:00" }, "geometry": { "type": "Point", "coordinates": [ 1.387036665530252, 42.192397120407698 ] } },
{ "type": "Feature", "properties": { "CFP": 0.0, "DDS": 11.754589053104263, "DFMC": 10.135043994865518, "LFMC": 97.951558110382223, "REW": 38.187638871395421, "SFP": 9.0, "date": "2026-08-02T00:00:00" }, "geometry": { "type": "Point", "coordinates": [ 1.393074489799858, 42.192165611003091 ] } },
{ "type": "Feature", "properties": { "CFP": 9.0, "DDS": 42.47068832993056, "DFMC": 10.518113187252428, "LFMC": 108.08580042998832, "REW": 10.903241415975282, "SFP": 9.0, "date": "2026-08-02T00:00:00" }, "geometry": { "type": "Point", "coordinates": [ 1.405149925157264, 42.191701641933001 ] } },
{ "type": "Feature", "properties": { "CFP": 7.7089819416246552, "DDS": 41.231095440470853, "DFMC": 11.815493474655625, "LFMC": 142.55377986218181, "REW": 18.306501257795585, "SFP": 8.9201412744117761, "date": "2026-08-02T00:00:00" }, "geometry": { "type": "Point", "coordinates": [ 1.411187536052796, 42.191469182288571 ] } },
{ "type": "Feature", "properties": { "CFP": 5.0957353780632317, "DDS": 0.6756534030689062, "DFMC": 14.62327749182171, "LFMC": 150.73137574526243, "REW": 77.939179131133258, "SFP": 6.1596655353778544, "date": "2026-08-02T00:00:00" }, "geometry": { "type": "Point", "coordinates": [ 1.41722507563138, 42.191236405918595 ] } },
{ "type": "Feature", "properties": { "CFP": 5.9581740158194716, "DDS": 9.8825280010705807, "DFMC": 15.44510695351528, "LFMC": 151.14817733500681, "REW": 49.294526451719847, "SFP": 8.1432957567375706, "date": "2026-08-02T00:00:00" }, "geometry": { "type": "Point", "coordinates": [ 1.423262543796906, 42.191003312833637 ] } },
{ "type": "Feature", "properties": { "CFP": 6.0935883344900121, "DDS": 0.98593500573739878, "DFMC": 13.331987959898505, "LFMC": 87.660598076404725, "REW": 75.870657377896848, "SFP": 7.4225737411400994, "date": "2026-08-02T00:00:00" }, "geometry": { "type": "Point", "coordinates": [ 1.429299940453261, 42.190769903044277 ] } },
{ "type": "Feature", "properties": { "CFP": 9.0, "DDS": 5.7157591669434407, "DFMC": 12.634222850013987, "LFMC": 102.53332672581189, "REW": 60.810493165292087, "SFP": 9.0, "date": "2026-08-02T00:00:00" }, "geometry": { "type": "Point", "coordinates": [ 1.435337265504346, 42.190536176561082 ] } },
{ "type": "Feature", "properties": { "CFP": 7.6140591215290145, "DDS": 1.5592256473206014, "DFMC": 13.870758247313672, "LFMC": 89.794635046750301, "REW": 65.010206888515228, "SFP": 6.6767635486409214, "date": "2026-08-02T00:00:00" }, "geometry": { "type": "Point", "coordinates": [ 1.441374518854067, 42.19030213339466 ] } },
{ "type": "Feature", "properties": { "CFP": 6.6079283160277145, "DDS": 1.4371979484246862, "DFMC": 23.020732223341049, "LFMC": 139.94056874743771, "REW": 38.373142222151976, "SFP": 3.3994111122476851, "date": "2026-08-02T00:00:00" }, "geometry": { "type": "Point", "coordinates": [ 1.477596527843463, 42.18889122464374 ] } },
{ "type": "Feature", "properties": { "CFP": 5.5522794530123818, "DDS": 8.1358660932047329, "DFMC": 26.608283253181398, "LFMC": 133.93017416845026, "REW": 37.778459248730591, "SFP": 2.3139695224947565, "date": "2026-08-02T00:00:00" }, "geometry": { "type": "Point", "coordinates": [ 1.483633276593641, 42.188654964992722 ] } },
{ "type": "Feature", "properties": { "CFP": 5.7933494311628735, "DDS": 8.6135567887173519, "DFMC": 29.711562195714091, "LFMC": 120.31259351790875, "REW": 50.414228575741816, "SFP": 3.633888606477456, "date": "2026-08-02T00:00:00" }, "geometry": { "type": "Point", "coordinates": [ 1.489669952873973, 42.188418388743784 ] } },
{ "type": "Feature", "properties": { "CFP": 4.6804049135821035, "DDS": 0.69915984064498193, "DFMC": 31.617291939220337, "LFMC": 119.64592988442178, "REW": 66.46531658039828, "SFP": 2.4250913944460373, "date": "2026-08-02T00:00:00" }, "geometry": { "type": "Point", "coordinates": [ 1.495706556588429, 42.188181495907656 ] } },
{ "type": "Feature", "properties": { "CFP": 5.261664045343494, "DDS": 15.796598619775843, "DFMC": 33.57737921208583, "LFMC": 117.56828358520426, "REW": 63.636334900408862, "SFP": 4.1718470610508982, "date": "2026-08-02T00:00:00" }, "geometry": { "type": "Point", "coordinates": [ 1.50174308764099, 42.187944286495075 ] } },
{ "type": "Feature", "properties": { "CFP": 9.0, "DDS": 24.889538214800222, "DFMC": 9.2447403772770862, "LFMC": 82.989549711926145, "REW": 25.023503174586502, "SFP": 7.0570900527562861, "date": "2026-08-02T00:00:00" }, "geometry": { "type": "Point", "coordinates": [ 1.363503619218428, 42.202300191531009 ] } },
{ "type": "Feature", "properties": { "CFP": 9.0, "DDS": 36.648748936213053, "DFMC": 10.041204403381194, "LFMC": 98.37594296283909, "REW": 25.912178919967811, "SFP": 9.0, "date": "2026-08-02T00:00:00" }, "geometry": { "type": "Point", "coordinates": [ 1.363813204651464, 42.206790284112593 ] } },
{ "type": "Feature", "properties": { "CFP": 9.0, "DDS": 51.213024529586605, "DFMC": 10.343904765758943, "LFMC": 95.058765111131393, "REW": 6.663134615523254, "SFP": 9.0, "date": "2026-08-02T00:00:00" }, "geometry": { "type": "Point", "coordinates": [ 1.369852587178673, 42.206559933760374 ] } },
{ "type": "Feature", "properties": { "CFP": 8.208761987828435, "DDS": 63.716765000952954, "DFMC": 10.555007718133734, "LFMC": 104.64114231885739, "REW": 8.853538303653222, "SFP": 7.3690591234728418, "date": "2026-08-02T00:00:00" }, "geometry": { "type": "Point", "coordinates": [ 1.36954257661446, 42.202069877210818 ] } },
{ "type": "Feature", "properties": { "CFP": 8.4785817921309174, "DDS": 62.81099266736841, "DFMC": 11.842215138661285, "LFMC": 90.375800345865187, "REW": 5.6872478648540978, "SFP": 5.7334779191078944, "date": "2026-08-02T00:00:00" }, "geometry": { "type": "Point", "coordinates": [ 1.375581463329069, 42.201839245992957 ] } },
{ "type": "Feature", "properties": { "CFP": 6.691804794408041, "DDS": 9.7940400486529153, "DFMC": 11.299596117437815, "LFMC": 122.65963168718532, "REW": 35.595447030080663, "SFP": 8.2987258707508911, "date": "2026-08-02T00:00:00" }, "geometry": { "type": "Point", "coordinates": [ 1.375891899005704, 42.206329266461168 ] } },
{ "type": "Feature", "properties": { "CFP": 8.0452170579553854, "DDS": 79.517968502031195, "DFMC": 14.52833080083931, "LFMC": 114.37296892746798, "REW": 3.0744508757742492, "SFP": 8.854674089279035, "date": "2026-08-02T00:00:00" }, "geometry": { "type": "Point", "coordinates": [ 1.381620279266042, 42.201608297887901 ] } },
{ "type": "Feature", "properties": { "CFP": 9.0, "DDS": 8.0648938812101942, "DFMC": 13.453828922447977, "LFMC": 99.655405901743464, "REW": 45.420838147641931, "SFP": 8.776386764719259, "date": "2026-08-02T00:00:00" }, "geometry": { "type": "Point", "coordinates": [ 1.381931140036322, 42.206098282225447 ] } },
{ "type": "Feature", "properties": { "CFP": 7.6056867913106139, "DDS": 60.109783919956136, "DFMC": 15.930527508819896, "LFMC": 117.87671783704499, "REW": 3.507326057984681, "SFP": 6.2633808206533956, "date": "2026-08-02T00:00:00" }, "geometry": { "type": "Point", "coordinates": [ 1.387970310174287, 42.2058669810637 ] } },
{ "type": "Feature", "properties": { "CFP": 9.0, "DDS": 23.441497662943064, "DFMC": 16.331388311971082, "LFMC": 140.31394547724011, "REW": 35.253150107666848, "SFP": 9.0, "date": "2026-08-02T00:00:00" }, "geometry": { "type": "Point", "coordinates": [ 1.387659024329166, 42.201377032906137 ] } },
{ "type": "Feature", "properties": { "CFP": 7.2101323526169905, "DDS": 35.195331548252092, "DFMC": 15.922886171029415, "LFMC": 121.19446557536428, "REW": 20.461407372984468, "SFP": 6.9925670480670332, "date": "2026-08-02T00:00:00" }, "geometry": { "type": "Point", "coordinates": [ 1.393697698422243, 42.201145451058139 ] } },
{ "type": "Feature", "properties": { "CFP": 8.6323803671544521, "DDS": 38.762607269708795, "DFMC": 15.103273378945634, "LFMC": 120.64572036027995, "REW": 8.3142101405833699, "SFP": 5.3432584959615026, "date": "2026-08-02T00:00:00" }, "geometry": { "type": "Point", "coordinates": [ 1.394009409323378, 42.20563536298642 ] } },
{ "type": "Feature", "properties": { "CFP": 7.1377800789841448, "DDS": 12.701866438512528, "DFMC": 17.028229625888585, "LFMC": 134.99992527975238, "REW": 24.737723425450611, "SFP": 6.9406072624431268, "date": "2026-08-02T00:00:00" }, "geometry": { "type": "Point", "coordinates": [ 1.399736301449077, 42.200913552354422 ] } },
{ "type": "Feature", "properties": { "CFP": 7.9223555052547505, "DDS": 44.369509896335721, "DFMC": 16.14859964318098, "LFMC": 116.05717303572492, "REW": 11.50118842760563, "SFP": 6.1205967217649491, "date": "2026-08-02T00:00:00" }, "geometry": { "type": "Point", "coordinates": [ 1.400048437387371, 42.205403428004104 ] } },
{ "type": "Feature", "properties": { "CFP": null, "DDS": null, "DFMC": null, "LFMC": null, "REW": null, "SFP": null, "date": "2026-08-02T00:00:00" }, "geometry": { "type": "Point", "coordinates": [ 1.405774833313481, 42.200681336805488 ] } },
{ "type": "Feature", "properties": { "CFP": 8.0175695455867757, "DDS": 36.268643838033213, "DFMC": 15.310437026546809, "LFMC": 121.83771396140067, "REW": 8.4599036958985927, "SFP": 5.7492676221130976, "date": "2026-08-02T00:00:00" }, "geometry": { "type": "Point", "coordinates": [ 1.406087394270057, 42.205171176127287 ] } },
{ "type": "Feature", "properties": { "CFP": null, "DDS": null, "DFMC": null, "LFMC": null, "REW": null, "SFP": null, "date": "2026-08-02T00:00:00" }, "geometry": { "type": "Point", "coordinates": [ 1.411813293919276, 42.200448804421917 ] } },
{ "type": "Feature", "properties": { "CFP": 7.5380085132087089, "DDS": 1.5512224579204723, "DFMC": 14.763769328382764, "LFMC": 75.812927951565484, "REW": 80.152786778506353, "SFP": 7.542708883068439, "date": "2026-08-02T00:00:00" }, "geometry": { "type": "Point", "coordinates": [ 1.41212627987523, 42.204938607366522 ] } },
{ "type": "Feature", "properties": { "CFP": 4.6564326771414208, "DDS": 0.38026938670206478, "DFMC": 15.953349129670196, "LFMC": 150.35030425249406, "REW": 82.58237148483127, "SFP": 5.7414490212507356, "date": "2026-08-02T00:00:00" }, "geometry": { "type": "Point", "coordinates": [ 1.423890000970352, 42.199982789192951 ] } },
{ "type": "Feature", "properties": { "CFP": 0.0, "DDS": 15.470014397284993, "DFMC": 18.212959002638417, "LFMC": 161.28291616355702, "REW": 60.525106166866294, "SFP": 7.605190761510344, "date": "2026-08-02T00:00:00" }, "geometry": { "type": "Point", "coordinates": [ 1.42420383686825, 42.204472519235281 ] } },
{ "type": "Feature", "properties": { "CFP": 4.9048525222958306, "DDS": 0.06143206682072614, "DFMC": 17.343526262545556, "LFMC": 152.77084972168066, "REW": 84.025058836550599, "SFP": 5.4191735260235685, "date": "2026-08-02T00:00:00" }, "geometry": { "type": "Point", "coordinates": [ 1.42992824722331, 42.19974930636873 ] } },
{ "type": "Feature", "properties": { "CFP": 8.7082171124246148, "DDS": 43.550316520878468, "DFMC": 17.563209618051687, "LFMC": 100.34712691201392, "REW": 40.031993371706832, "SFP": 9.0, "date": "2026-08-02T00:00:00" }, "geometry": { "type": "Point", "coordinates": [ 1.430242508063724, 42.204238999885966 ] } },
{ "type": "Feature", "properties": { "CFP": 0.0, "DDS": 0.94083593996781378, "DFMC": 18.045220229103929, "LFMC": 81.176687507528314, "REW": 86.443411427647277, "SFP": 6.4835491450210112, "date": "2026-08-02T00:00:00" }, "geometry": { "type": "Point", "coordinates": [ 1.435966421833013, 42.199515506752114 ] } },
{ "type": "Feature", "properties": { "CFP": 6.5001216459064608, "DDS": 1.1860038254181919, "DFMC": 19.981449446049893, "LFMC": 146.56529629042907, "REW": 48.577871113627516, "SFP": 4.956869295015041, "date": "2026-08-02T00:00:00" }, "geometry": { "type": "Point", "coordinates": [ 1.436281107596938, 42.20400516369498 ] } },
{ "type": "Feature", "properties": { "CFP": 5.1528179125712876, "DDS": 1.5994889209949017, "DFMC": 21.551531392524527, "LFMC": 195.40873794264877, "REW": 69.44925933551167, "SFP": 5.3348158630410474, "date": "2026-08-02T00:00:00" }, "geometry": { "type": "Point", "coordinates": [ 1.442319635371721, 42.203771010672938 ] } },
{ "type": "Feature", "properties": { "CFP": 5.5667891294934906, "DDS": 2.9865476376308204, "DFMC": 21.437574073213764, "LFMC": 145.50799531263544, "REW": 67.628322181272665, "SFP": 5.1682199321042299, "date": "2026-08-02T00:00:00" }, "geometry": { "type": "Point", "coordinates": [ 1.448358091291915, 42.203536540830441 ] } },
{ "type": "Feature", "properties": { "CFP": 7.0938274728101121, "DDS": 11.40519680580514, "DFMC": 21.059896268949657, "LFMC": 141.99327318241424, "REW": 14.341551164326194, "SFP": 4.5998429101852683, "date": "2026-08-02T00:00:00" }, "geometry": { "type": "Point", "coordinates": [ 1.466473026963436, 42.202831230486723 ] } },
{ "type": "Feature", "properties": { "CFP": 6.2882109794475989, "DDS": 1.6734776727597942, "DFMC": 21.265637075686016, "LFMC": 151.94381587321075, "REW": 33.334926495864423, "SFP": 3.9930812121250794, "date": "2026-08-02T00:00:00" }, "geometry": { "type": "Point", "coordinates": [ 1.466156216867901, 42.198341757154942 ] } },
{ "type": "Feature", "properties": { "CFP": 4.2793519800568331, "DDS": 25.153143472378993, "DFMC": 18.185946862317209, "LFMC": 134.24433413450703, "REW": 9.7450118892659443, "SFP": 4.7426954576535962, "date": "2026-08-02T00:00:00" }, "geometry": { "type": "Point", "coordinates": [ 1.472193959599303, 42.198106057007223 ] } },
{ "type": "Feature", "properties": { "CFP": 4.8012404235400563, "DDS": 43.289922896249358, "DFMC": 17.062399822422528, "LFMC": 116.68732685341689, "REW": 2.9027348456570015, "SFP": 4.5282586297365715, "date": "2026-08-02T00:00:00" }, "geometry": { "type": "Point", "coordinates": [ 1.472511194503795, 42.202595493468955 ] } },
{ "type": "Feature", "properties": { "CFP": 4.7408803589576838, "DDS": 44.275579591372939, "DFMC": 17.461737035717555, "LFMC": 124.1280793067269, "REW": 3.6861858038666253, "SFP": 5.3067849345062985, "date": "2026-08-02T00:00:00" }, "geometry": { "type": "Point", "coordinates": [ 1.478549289708864, 42.202359439684074 ] } },
{ "type": "Feature", "properties": { "CFP": 4.4192647319352343, "DDS": 38.72803466628816, "DFMC": 21.481361541775609, "LFMC": 126.26563958852159, "REW": 4.1991978395041176, "SFP": 4.3364637586429904, "date": "2026-08-02T00:00:00" }, "geometry": { "type": "Point", "coordinates": [ 1.478231630014593, 42.197870040141659 ] } },
{ "type": "Feature", "properties": { "CFP": 6.2859483487846397, "DDS": 59.159438566885115, "DFMC": 18.73760190689832, "LFMC": 113.32780192909601, "REW": 0.0, "SFP": 6.7428984504746836, "date": "2026-08-02T00:00:00" }, "geometry": { "type": "Point", "coordinates": [ 1.484587312482527, 42.202123069142772 ] } },
{ "type": "Feature", "properties": { "CFP": 0.0, "DDS": 52.408677947436175, "DFMC": 11.916018253200676, "LFMC": 113.60810190165971, "REW": 17.753944427776258, "SFP": 9.0, "date": "2026-08-02T00:00:00" }, "geometry": { "type": "Point", "coordinates": [ 1.364122860688429, 42.211280371319113 ] } },
{ "type": "Feature", "properties": { "CFP": 8.4510249078201092, "DDS": 46.092500809423498, "DFMC": 14.813345982159756, "LFMC": 116.9377111010853, "REW": 8.4164196101153852, "SFP": 6.4493727808046843, "date": "2026-08-02T00:00:00" }, "geometry": { "type": "Point", "coordinates": [ 1.382242071699251, 42.210588261172788 ] } },
{ "type": "Feature", "properties": { "CFP": 8.0437044434510199, "DDS": 56.376871098444923, "DFMC": 13.669607401136929, "LFMC": 114.77441013078787, "REW": 1.6553533952404671, "SFP": 5.7124004753250448, "date": "2026-08-02T00:00:00" }, "geometry": { "type": "Point", "coordinates": [ 1.388281667008287, 42.210356923826012 ] } },
{ "type": "Feature", "properties": { "CFP": 9.0, "DDS": 46.114898184690503, "DFMC": 14.169897318738712, "LFMC": 104.87589673494611, "REW": 6.589976594917796, "SFP": 7.3479911583553728, "date": "2026-08-02T00:00:00" }, "geometry": { "type": "Point", "coordinates": [ 1.394321191309609, 42.210125269514378 ] } },
{ "type": "Feature", "properties": { "CFP": 7.1434640953849415, "DDS": 18.374178180441643, "DFMC": 15.532017572678253, "LFMC": 128.12322825196651, "REW": 24.126746599695831, "SFP": 4.9669363011507563, "date": "2026-08-02T00:00:00" }, "geometry": { "type": "Point", "coordinates": [ 1.400360644506975, 42.209893298248403 ] } },
{ "type": "Feature", "properties": { "CFP": 8.6262935239938798, "DDS": 1.22568947125576, "DFMC": 14.496688486844997, "LFMC": 101.1089221217386, "REW": 65.72981852028505, "SFP": 9.0, "date": "2026-08-02T00:00:00" }, "geometry": { "type": "Point", "coordinates": [ 1.406400026504148, 42.20966101003863 ] } },
{ "type": "Feature", "properties": { "CFP": 6.7776484234540169, "DDS": 15.035810149808892, "DFMC": 13.048189976241861, "LFMC": 133.4046832908534, "REW": 29.903368712878674, "SFP": 8.2298695845223815, "date": "2026-08-02T00:00:00" }, "geometry": { "type": "Point", "coordinates": [ 1.412439337204895, 42.209428404895569 ] } },
{ "type": "Feature", "properties": { "CFP": 6.5676679394469319, "DDS": 4.9757465259247819, "DFMC": 15.453491346387013, "LFMC": 124.08180077072676, "REW": 40.20912854366383, "SFP": 7.0871155094682567, "date": "2026-08-02T00:00:00" }, "geometry": { "type": "Point", "coordinates": [ 1.418478576512996, 42.209195482829799 ] } },
{ "type": "Feature", "properties": { "CFP": 6.4416569436157145, "DDS": 1.2848081067724006, "DFMC": 18.948783322120519, "LFMC": 146.04807478849509, "REW": 44.626239672339743, "SFP": 5.3942341764978057, "date": "2026-08-02T00:00:00" }, "geometry": { "type": "Point", "coordinates": [ 1.424517744332234, 42.208962243851872 ] } },
{ "type": "Feature", "properties": { "CFP": 6.4394218855026857, "DDS": 0.67210814905540595, "DFMC": 18.525665602601983, "LFMC": 153.1443574969168, "REW": 39.302814460476299, "SFP": 4.820920986913503, "date": "2026-08-02T00:00:00" }, "geometry": { "type": "Point", "coordinates": [ 1.436595865119292, 42.208494815201931 ] } },
{ "type": "Feature", "properties": { "CFP": 6.881158993662412, "DDS": 45.983044195646031, "DFMC": 20.690289862735398, "LFMC": 126.04391130847125, "REW": 14.663569805538506, "SFP": 4.5675626735718069, "date": "2026-08-02T00:00:00" }, "geometry": { "type": "Point", "coordinates": [ 1.442634817894719, 42.208260625551098 ] } },
{ "type": "Feature", "properties": { "CFP": 4.0959152216680748, "DDS": 26.798830418982575, "DFMC": 20.924481851750251, "LFMC": 132.80010663140695, "REW": 9.0748765184403766, "SFP": 3.7748047302352883, "date": "2026-08-02T00:00:00" }, "geometry": { "type": "Point", "coordinates": [ 1.448673698796493, 42.208026119030549 ] } },
{ "type": "Feature", "properties": { "CFP": 4.3039989752182137, "DDS": 30.726231657631587, "DFMC": 20.228637725802312, "LFMC": 130.74337531910291, "REW": 7.1205565336505021, "SFP": 3.9914987291427044, "date": "2026-08-02T00:00:00" }, "geometry": { "type": "Point", "coordinates": [ 1.454712507728434, 42.207791295650892 ] } },
{ "type": "Feature", "properties": { "CFP": 5.1580268714157027, "DDS": 43.177459081881956, "DFMC": 18.430185108095397, "LFMC": 124.44076280379032, "REW": 3.5760165625881508, "SFP": 5.91406557355117, "date": "2026-08-02T00:00:00" }, "geometry": { "type": "Point", "coordinates": [ 1.46075124459437, 42.207556155422793 ] } },
{ "type": "Feature", "properties": { "CFP": 9.0, "DDS": 49.31653856790463, "DFMC": 18.409802772549462, "LFMC": 131.46784050772655, "REW": 2.5027328607787536, "SFP": 6.4167845208378127, "date": "2026-08-02T00:00:00" }, "geometry": { "type": "Point", "coordinates": [ 1.466789909298137, 42.207320698356924 ] } },
{ "type": "Feature", "properties": { "CFP": 8.5959820995542735, "DDS": 44.401511850331993, "DFMC": 16.991885011748998, "LFMC": 123.01743109431987, "REW": 3.2782222575025473, "SFP": 5.3169470144071962, "date": "2026-08-02T00:00:00" }, "geometry": { "type": "Point", "coordinates": [ 1.472828501743576, 42.207084924463956 ] } },
{ "type": "Feature", "properties": { "CFP": 8.0816707915929538, "DDS": 64.507321215975239, "DFMC": 14.970093682841823, "LFMC": 117.59303126654454, "REW": 0.02814524910767402, "SFP": 7.0118015680490755, "date": "2026-08-02T00:00:00" }, "geometry": { "type": "Point", "coordinates": [ 1.478867021834541, 42.206848833754599 ] } },
{ "type": "Feature", "properties": { "CFP": 9.0, "DDS": 6.9621322064906543, "DFMC": 9.0482243964286972, "LFMC": 104.96448921304867, "REW": 55.101552561947777, "SFP": 8.4209928211854557, "date": "2026-08-02T00:00:00" }, "geometry": { "type": "Point", "coordinates": [ 1.377445139710946, 42.22877928801298 ] } },
{ "type": "Feature", "properties": { "CFP": 9.0, "DDS": 83.479903095345222, "DFMC": 9.6347917630848414, "LFMC": 112.69285393361622, "REW": 5.0816774077771791, "SFP": 9.0, "date": "2026-08-02T00:00:00" }, "geometry": { "type": "Point", "coordinates": [ 1.383486507653799, 42.228548123048192 ] } },
{ "type": "Feature", "properties": { "CFP": 8.781226247326714, "DDS": 16.506498090424163, "DFMC": 11.356393880383454, "LFMC": 142.19063470435304, "REW": 52.230205361991722, "SFP": 6.7711460918043151, "date": "2026-08-02T00:00:00" }, "geometry": { "type": "Point", "coordinates": [ 1.389527804609879, 42.228316640910727 ] } },
{ "type": "Feature", "properties": { "CFP": 8.3109284953400451, "DDS": 14.164892964603792, "DFMC": 11.53518921537453, "LFMC": 151.32154368207421, "REW": 54.952530164904623, "SFP": 7.2332761296672103, "date": "2026-08-02T00:00:00" }, "geometry": { "type": "Point", "coordinates": [ 1.395569030482831, 42.228084841611071 ] } },
{ "type": "Feature", "properties": { "CFP": 9.0, "DDS": 36.756331027029304, "DFMC": 11.770381643023205, "LFMC": 141.57160178589123, "REW": 36.613856177011414, "SFP": 9.0, "date": "2026-08-02T00:00:00" }, "geometry": { "type": "Point", "coordinates": [ 1.401610185176313, 42.227852725159764 ] } },
{ "type": "Feature", "properties": { "CFP": 9.0, "DDS": 15.575329742885543, "DFMC": 10.542553123334782, "LFMC": 90.509461249870455, "REW": 29.09386403182036, "SFP": 9.0, "date": "2026-08-02T00:00:00" }, "geometry": { "type": "Point", "coordinates": [ 1.407651268593985, 42.227620291567327 ] } },
{ "type": "Feature", "properties": { "CFP": 8.6996397558607068, "DDS": 3.3505017516954667, "DFMC": 9.6519566311839782, "LFMC": 93.098644822131831, "REW": 68.085838456382987, "SFP": 7.8844474898381076, "date": "2026-08-02T00:00:00" }, "geometry": { "type": "Point", "coordinates": [ 1.413692280639517, 42.227387540844326 ] } },
{ "type": "Feature", "properties": { "CFP": 8.6780601997409637, "DDS": 1.2466446412530479, "DFMC": 12.382069158825651, "LFMC": 72.520387721703798, "REW": 74.232585254478067, "SFP": 6.4607667923602943, "date": "2026-08-02T00:00:00" }, "geometry": { "type": "Point", "coordinates": [ 1.419733221216583, 42.227154473001313 ] } },
{ "type": "Feature", "properties": { "CFP": 8.6424084808511079, "DDS": 51.648384581095314, "DFMC": 14.796270827787943, "LFMC": 123.0382218608586, "REW": 1.0660765769014389, "SFP": 6.6616878630148477, "date": "2026-08-02T00:00:00" }, "geometry": { "type": "Point", "coordinates": [ 1.425774090228871, 42.22692108804889 ] } },
{ "type": "Feature", "properties": { "CFP": 5.3093996411789561, "DDS": 29.708151974960327, "DFMC": 14.276778426841586, "LFMC": 126.20323223816703, "REW": 12.824993954114996, "SFP": 6.1868523102575201, "date": "2026-08-02T00:00:00" }, "geometry": { "type": "Point", "coordinates": [ 1.431814887580066, 42.226687385997622 ] } },
{ "type": "Feature", "properties": { "CFP": 6.9545642744854455, "DDS": 27.660836175712291, "DFMC": 14.892027488808338, "LFMC": 100.75018247913231, "REW": 27.220965266275581, "SFP": 4.8381755627977228, "date": "2026-08-02T00:00:00" }, "geometry": { "type": "Point", "coordinates": [ 1.443896266913988, 42.226219030641062 ] } },
{ "type": "Feature", "properties": { "CFP": 6.861200887637759, "DDS": 51.192431814011485, "DFMC": 14.516606267298291, "LFMC": 92.696176545451195, "REW": 12.648915338407777, "SFP": 6.9901798468409755, "date": "2026-08-02T00:00:00" }, "geometry": { "type": "Point", "coordinates": [ 1.449936848704133, 42.225984377357001 ] } },
{ "type": "Feature", "properties": { "CFP": 7.2309487963431369, "DDS": 75.200453553848433, "DFMC": 15.06871256141959, "LFMC": 111.92465344112017, "REW": 6.3315306126724504, "SFP": 7.1789006189874343, "date": "2026-08-02T00:00:00" }, "geometry": { "type": "Point", "coordinates": [ 1.455977358448022, 42.225749407016636 ] } },
{ "type": "Feature", "properties": { "CFP": 8.1712994642861396, "DDS": 41.121603257905683, "DFMC": 15.025445468430782, "LFMC": 118.78419801043158, "REW": 5.6618829833705986, "SFP": 5.8871545979275357, "date": "2026-08-02T00:00:00" }, "geometry": { "type": "Point", "coordinates": [ 1.462017796049385, 42.225514119630617 ] } },
{ "type": "Feature", "properties": { "CFP": 8.9936300334266424, "DDS": 3.2377697517360686, "DFMC": 13.456815350947812, "LFMC": 94.902284572239978, "REW": 41.735190815840376, "SFP": 5.8953575182111129, "date": "2026-08-02T00:00:00" }, "geometry": { "type": "Point", "coordinates": [ 1.468058161411956, 42.225278515209617 ] } },
{ "type": "Feature", "properties": { "CFP": 9.0, "DDS": 63.57448237294993, "DFMC": 10.720482921975563, "LFMC": 85.982015546018189, "REW": 0.84099843547326725, "SFP": 6.9681434513297198, "date": "2026-08-02T00:00:00" }, "geometry": { "type": "Point", "coordinates": [ 1.474098454439476, 42.22504259376435 ] } },
{ "type": "Feature", "properties": { "CFP": 8.3283825022452227, "DDS": 50.694869794525808, "DFMC": 12.415083333719849, "LFMC": 102.70621013083911, "REW": 5.9969912204551967, "SFP": 6.0893596997355379, "date": "2026-08-02T00:00:00" }, "geometry": { "type": "Point", "coordinates": [ 1.480138675035696, 42.224806355305503 ] } },
{ "type": "Feature", "properties": { "CFP": 5.3894591761672901, "DDS": 59.437599367494094, "DFMC": 8.917183846136199, "LFMC": 108.51378212669329, "REW": 12.564105686234022, "SFP": 6.8917310150957896, "date": "2026-08-02T00:00:00" }, "geometry": { "type": "Point", "coordinates": [ 1.379446237289765, 42.170178256650495 ] } },
{ "type": "Feature", "properties": { "CFP": 7.1350863882372311, "DDS": 67.242050541088304, "DFMC": 9.3612739011006472, "LFMC": 94.695350993198574, "REW": 2.9668868898272289, "SFP": 7.3411445425276654, "date": "2026-08-02T00:00:00" }, "geometry": { "type": "Point", "coordinates": [ 1.385482009521232, 42.169947244787167 ] } },
{ "type": "Feature", "properties": { "CFP": 8.2605643784926901, "DDS": 74.899675591469006, "DFMC": 8.5626156583214872, "LFMC": 99.319225809330348, "REW": 6.1294546713395235, "SFP": 7.7527059929319755, "date": "2026-08-02T00:00:00" }, "geometry": { "type": "Point", "coordinates": [ 1.385792798970996, 42.174437230694501 ] } },
{ "type": "Feature", "properties": { "CFP": 8.5534155694292089, "DDS": 14.374543511688865, "DFMC": 9.1880714031460826, "LFMC": 131.84830168179448, "REW": 18.928169343223246, "SFP": 9.0, "date": "2026-08-02T00:00:00" }, "geometry": { "type": "Point", "coordinates": [ 1.391828924747192, 42.174205866116019 ] } },
{ "type": "Feature", "properties": { "CFP": 7.1538082080250245, "DDS": 49.636547074737557, "DFMC": 9.9288287755813922, "LFMC": 110.66832696279906, "REW": 14.899245949053455, "SFP": 6.8240042099935962, "date": "2026-08-02T00:00:00" }, "geometry": { "type": "Point", "coordinates": [ 1.391517710914247, 42.169715916402581 ] } },
{ "type": "Feature", "properties": { "CFP": 8.4520824520543201, "DDS": 4.2726701383818764, "DFMC": 10.661136289423094, "LFMC": 92.326434794265836, "REW": 55.625621788128413, "SFP": 8.5419049954825805, "date": "2026-08-02T00:00:00" }, "geometry": { "type": "Point", "coordinates": [ 1.397864979570114, 42.17397418497751 ] } },
{ "type": "Feature", "properties": { "CFP": 8.7046391787754356, "DDS": 80.369966595425296, "DFMC": 11.855958302108826, "LFMC": 128.41018676732403, "REW": 6.9716489702455693, "SFP": 9.0, "date": "2026-08-02T00:00:00" }, "geometry": { "type": "Point", "coordinates": [ 1.397553341372791, 42.16948427150723 ] } },
{ "type": "Feature", "properties": { "CFP": 8.1593685510831566, "DDS": 7.711125968439787, "DFMC": 10.363278903966684, "LFMC": 133.38370968922436, "REW": 28.001136771991536, "SFP": 8.719903193331648, "date": "2026-08-02T00:00:00" }, "geometry": { "type": "Point", "coordinates": [ 1.403900963343726, 42.173742187289477 ] } },
{ "type": "Feature", "properties": { "CFP": 6.1107510226130595, "DDS": 67.64331114501033, "DFMC": 10.056354390217439, "LFMC": 100.31686191843448, "REW": 7.3456084085170872, "SFP": 6.4372851143169498, "date": "2026-08-02T00:00:00" }, "geometry": { "type": "Point", "coordinates": [ 1.409936875972001, 42.173509873062443 ] } },
{ "type": "Feature", "properties": { "CFP": 3.1903011390391227, "DDS": 15.488191920448537, "DFMC": 10.81174321444202, "LFMC": 117.03275640571638, "REW": 38.325257153030641, "SFP": 5.6904993761068816, "date": "2026-08-02T00:00:00" }, "geometry": { "type": "Point", "coordinates": [ 1.415972717358913, 42.173277242306931 ] } },
{ "type": "Feature", "properties": { "CFP": 5.7169025211308782, "DDS": 1.5273744455151523, "DFMC": 12.115345355338341, "LFMC": 143.05341247801897, "REW": 67.165307853045178, "SFP": 5.3134229657241718, "date": "2026-08-02T00:00:00" }, "geometry": { "type": "Point", "coordinates": [ 1.42200848740845, 42.173044295033492 ] } },
{ "type": "Feature", "properties": { "CFP": 6.7721005334686231, "DDS": 3.7695255553823497, "DFMC": 12.780599353630009, "LFMC": 127.33597321464083, "REW": 43.43056555011627, "SFP": 6.6828659355853368, "date": "2026-08-02T00:00:00" }, "geometry": { "type": "Point", "coordinates": [ 1.428044186024604, 42.172811031252699 ] } },
{ "type": "Feature", "properties": { "CFP": 8.4503650997820401, "DDS": 55.52456218695945, "DFMC": 16.279331880987822, "LFMC": 117.87396441940926, "REW": 0.071785933681171379, "SFP": 5.6060483667548269, "date": "2026-08-02T00:00:00" }, "geometry": { "type": "Point", "coordinates": [ 1.427730426288311, 42.168321299737009 ] } },
{ "type": "Feature", "properties": { "CFP": 8.3325782577658654, "DDS": 47.265478796476195, "DFMC": 18.844152509871194, "LFMC": 117.61378037745406, "REW": 3.5142538914905241, "SFP": 4.914619058475699, "date": "2026-08-02T00:00:00" }, "geometry": { "type": "Point", "coordinates": [ 1.433765629124048, 42.168087755998066 ] } },
{ "type": "Feature", "properties": { "CFP": 9.0, "DDS": 11.227521950382377, "DFMC": 13.676222737724942, "LFMC": 123.75704455935261, "REW": 26.35238623176614, "SFP": 6.6800522506516105, "date": "2026-08-02T00:00:00" }, "geometry": { "type": "Point", "coordinates": [ 1.434079813111374, 42.172577450975112 ] } },
{ "type": "Feature", "properties": { "CFP": 7.6327568688806435, "DDS": 32.029217051251557, "DFMC": 19.423838480985616, "LFMC": 130.2008210045995, "REW": 9.0220467813199807, "SFP": 4.4443363770187734, "date": "2026-08-02T00:00:00" }, "geometry": { "type": "Point", "coordinates": [ 1.439800760353388, 42.167853895822176 ] } },
{ "type": "Feature", "properties": { "CFP": 6.9499130004034182, "DDS": 14.697480294948498, "DFMC": 15.539259536501682, "LFMC": 139.73939678079287, "REW": 17.338150691386168, "SFP": 5.0501145718657927, "date": "2026-08-02T00:00:00" }, "geometry": { "type": "Point", "coordinates": [ 1.440115368572769, 42.172343554211331 ] } },
{ "type": "Feature", "properties": { "CFP": 5.6176585407872013, "DDS": 8.3825496213571657, "DFMC": 19.309965795318234, "LFMC": 134.09733958231661, "REW": 36.321677069619419, "SFP": 4.9816021140646676, "date": "2026-08-02T00:00:00" }, "geometry": { "type": "Point", "coordinates": [ 1.451870807609041, 42.167385226201922 ] } },
{ "type": "Feature", "properties": { "CFP": 5.3840993883571464, "DDS": 6.8198062554083609, "DFMC": 23.14564219793154, "LFMC": 134.91829371102455, "REW": 40.805197120267337, "SFP": 2.9545425965046612, "date": "2026-08-02T00:00:00" }, "geometry": { "type": "Point", "coordinates": [ 1.457905723443454, 42.167150416778796 ] } },
{ "type": "Feature", "properties": { "CFP": 6.4126719132132832, "DDS": 3.048730758709032, "DFMC": 23.014649232534328, "LFMC": 154.1928136452473, "REW": 36.870157307285751, "SFP": 3.693932829178221, "date": "2026-08-02T00:00:00" }, "geometry": { "type": "Point", "coordinates": [ 1.464256872244982, 42.171404802506437 ] } },
{ "type": "Feature", "properties": { "CFP": 5.1187090675317535, "DDS": 6.2109443422151758, "DFMC": 26.434364370039958, "LFMC": 126.67378847225177, "REW": 44.723907261337622, "SFP": 3.2787465829501548, "date": "2026-08-02T00:00:00" }, "geometry": { "type": "Point", "coordinates": [ 1.469975339045759, 42.166679848759784 ] } },
{ "type": "Feature", "properties": { "CFP": 5.528092002251733, "DDS": 2.5250707923274103, "DFMC": 23.839722652024989, "LFMC": 125.01112691821315, "REW": 40.467396211461008, "SFP": 2.9496317329748067, "date": "2026-08-02T00:00:00" }, "geometry": { "type": "Point", "coordinates": [ 1.470292068139858, 42.171169323470977 ] } },
{ "type": "Feature", "properties": { "CFP": 5.3701667885438029, "DDS": 19.984417460618999, "DFMC": 25.732894894159482, "LFMC": 145.46628798305082, "REW": 15.911006070903918, "SFP": 3.6049878716706911, "date": "2026-08-02T00:00:00" }, "geometry": { "type": "Point", "coordinates": [ 1.476327191833551, 42.170933528013137 ] } },
{ "type": "Feature", "properties": { "CFP": null, "DDS": null, "DFMC": null, "LFMC": null, "REW": null, "SFP": null, "date": "2026-08-02T00:00:00" }, "geometry": { "type": "Point", "coordinates": [ 1.476010038621796, 42.166444090185237 ] } },
{ "type": "Feature", "properties": { "CFP": 5.7082809580951421, "DDS": 11.632788781591472, "DFMC": 27.745244527319965, "LFMC": 119.40316253413202, "REW": 37.103149591110032, "SFP": 3.0878864278970513, "date": "2026-08-02T00:00:00" }, "geometry": { "type": "Point", "coordinates": [ 1.482362243230122, 42.170697416143625 ] } },
{ "type": "Feature", "properties": { "CFP": 0.0, "DDS": 5.9318803342767703, "DFMC": 33.580427397658191, "LFMC": 155.4614482237813, "REW": 58.465985597932423, "SFP": 2.8580919149620825, "date": "2026-08-02T00:00:00" }, "geometry": { "type": "Point", "coordinates": [ 1.500466962677789, 42.169987182172058 ] } },
{ "type": "Feature", "properties": { "CFP": 5.519254354110398, "DDS": 34.989812576637313, "DFMC": 30.088476254462897, "LFMC": 110.31778712812496, "REW": 72.249966340430944, "SFP": 4.7225328084304969, "date": "2026-08-02T00:00:00" }, "geometry": { "type": "Point", "coordinates": [ 1.512536412398682, 42.169512110995854 ] } },
{ "type": "Feature", "properties": { "CFP": 0.0, "DDS": 0.18066831450975232, "DFMC": 32.830448538394165, "LFMC": 119.99192085421473, "REW": 93.029915642740463, "SFP": 1.7304032774140932, "date": "2026-08-02T00:00:00" }, "geometry": { "type": "Point", "coordinates": [ 1.518571027998146, 42.169274100881466 ] } },
{ "type": "Feature", "properties": { "CFP": 9.0, "DDS": 57.150582066299769, "DFMC": 8.6031108286089051, "LFMC": 86.0401807273049, "REW": 4.8885189516528671, "SFP": 9.0, "date": "2026-08-02T00:00:00" }, "geometry": { "type": "Point", "coordinates": [ 1.37975660233757, 42.17466827870247 ] } },
{ "type": "Feature", "properties": { "CFP": 5.0477368707074985, "DDS": 59.236562227347221, "DFMC": 12.248649077295738, "LFMC": 90.660933861473723, "REW": 6.5327874144662195, "SFP": 5.0911918867529824, "date": "2026-08-02T00:00:00" }, "geometry": { "type": "Point", "coordinates": [ 1.394633044399799, 42.214615170641437 ] } },
{ "type": "Feature", "properties": { "CFP": 5.2614852713458973, "DDS": 51.379323486231485, "DFMC": 13.201466003846807, "LFMC": 92.62110591476079, "REW": 8.5138893923111088, "SFP": 7.3844454433346893, "date": "2026-08-02T00:00:00" }, "geometry": { "type": "Point", "coordinates": [ 1.400672922826776, 42.214383163086737 ] } },
{ "type": "Feature", "properties": { "CFP": 7.3630511920242778, "DDS": 23.837174650843743, "DFMC": 13.817218894378549, "LFMC": 125.82983792556163, "REW": 18.90991733833074, "SFP": 4.9341726207489636, "date": "2026-08-02T00:00:00" }, "geometry": { "type": "Point", "coordinates": [ 1.406712730034664, 42.21415083853892 ] } },
{ "type": "Feature", "properties": { "CFP": 8.2740126636229174, "DDS": 1.4139712225147552, "DFMC": 12.440821189558417, "LFMC": 69.780007244725283, "REW": 71.729402898331102, "SFP": 9.0, "date": "2026-08-02T00:00:00" }, "geometry": { "type": "Point", "coordinates": [ 1.412752465927211, 42.21391819700851 ] } },
{ "type": "Feature", "properties": { "CFP": 9.0, "DDS": 16.93922979083737, "DFMC": 14.027147438427422, "LFMC": 108.35935149557307, "REW": 45.30942970385491, "SFP": 9.0, "date": "2026-08-02T00:00:00" }, "geometry": { "type": "Point", "coordinates": [ 1.418792130408165, 42.213685238506059 ] } },
{ "type": "Feature", "properties": { "CFP": 9.0, "DDS": 15.765377628532097, "DFMC": 17.344163691042201, "LFMC": 109.09883066127061, "REW": 45.712197857058008, "SFP": 8.2129089171880718, "date": "2026-08-02T00:00:00" }, "geometry": { "type": "Point", "coordinates": [ 1.424831723381291, 42.213451963042168 ] } },
{ "type": "Feature", "properties": { "CFP": 6.0470671756860703, "DDS": 0.24258357915508744, "DFMC": 20.084031624391301, "LFMC": 154.57484525752747, "REW": 48.787521433908324, "SFP": 5.156600388651027, "date": "2026-08-02T00:00:00" }, "geometry": { "type": "Point", "coordinates": [ 1.430871244750349, 42.213218370627381 ] } },
{ "type": "Feature", "properties": { "CFP": 3.9970822324591588, "DDS": 17.891040662482336, "DFMC": 20.007173121158754, "LFMC": 137.90672482417781, "REW": 12.544264338597111, "SFP": 3.744199441587698, "date": "2026-08-02T00:00:00" }, "geometry": { "type": "Point", "coordinates": [ 1.442950072291373, 42.212750234987631 ] } },
{ "type": "Feature", "properties": { "CFP": 4.6324041002287561, "DDS": 46.733820841593783, "DFMC": 19.577297855018401, "LFMC": 121.93720408086406, "REW": 4.1785839759584915, "SFP": 4.7042228196329789, "date": "2026-08-02T00:00:00" }, "geometry": { "type": "Point", "coordinates": [ 1.448989378270908, 42.212515691783885 ] } },
{ "type": "Feature", "properties": { "CFP": 5.0079798592815266, "DDS": 43.554338326853546, "DFMC": 18.529164787481147, "LFMC": 123.85079627298717, "REW": 4.040280526112948, "SFP": 4.9695609608088551, "date": "2026-08-02T00:00:00" }, "geometry": { "type": "Point", "coordinates": [ 1.455028612261514, 42.212280831671755 ] } },
{ "type": "Feature", "properties": { "CFP": 9.0, "DDS": 76.621538444861457, "DFMC": 16.585400095977789, "LFMC": 103.04636240731139, "REW": 0.0, "SFP": 8.758677805079202, "date": "2026-08-02T00:00:00" }, "geometry": { "type": "Point", "coordinates": [ 1.461067774166997, 42.212045654661878 ] } },
{ "type": "Feature", "properties": { "CFP": 8.260013722518126, "DDS": 41.533830830121445, "DFMC": 15.109401090858524, "LFMC": 126.31975965920292, "REW": 4.574131826914547, "SFP": 6.5064186735177465, "date": "2026-08-02T00:00:00" }, "geometry": { "type": "Point", "coordinates": [ 1.467106863891166, 42.211810160764955 ] } },
{ "type": "Feature", "properties": { "CFP": 6.8486483267796769, "DDS": 2.7414562758735044, "DFMC": 15.343958070494288, "LFMC": 141.45628764777325, "REW": 26.561474524994782, "SFP": 5.9558140653634997, "date": "2026-08-02T00:00:00" }, "geometry": { "type": "Point", "coordinates": [ 1.473145881337838, 42.21157434999165 ] } },
{ "type": "Feature", "properties": { "CFP": 8.2336365009349137, "DDS": 47.554834201789184, "DFMC": 14.469389639005854, "LFMC": 119.84131821106362, "REW": 4.220195681985718, "SFP": 7.1323930649361102, "date": "2026-08-02T00:00:00" }, "geometry": { "type": "Point", "coordinates": [ 1.485223699014, 42.211101777858694 ] } },
{ "type": "Feature", "properties": { "CFP": 6.7003238308992366, "DDS": 94.436995479876899, "DFMC": 13.372321825387303, "LFMC": 60.417018372508586, "REW": 0.0, "SFP": 9.0, "date": "2026-08-02T00:00:00" }, "geometry": { "type": "Point", "coordinates": [ 1.491262499051161, 42.210865016520493 ] } },
{ "type": "Feature", "properties": { "CFP": 8.811586913162925, "DDS": 60.9277031207709, "DFMC": 13.172295415398168, "LFMC": 109.68790877415107, "REW": 0.54618331461591896, "SFP": 9.0, "date": "2026-08-02T00:00:00" }, "geometry": { "type": "Point", "coordinates": [ 1.49730122642617, 42.210627938348779 ] } },
{ "type": "Feature", "properties": { "CFP": 7.3183412209120542, "DDS": 22.573687413406596, "DFMC": 17.193510840527882, "LFMC": 134.80790975861476, "REW": 8.5440057842993991, "SFP": 5.3455334088736208, "date": "2026-08-02T00:00:00" }, "geometry": { "type": "Point", "coordinates": [ 1.503339881042877, 42.210390543354329 ] } },
{ "type": "Feature", "properties": { "CFP": 5.0405587596037362, "DDS": 2.3318090737915402, "DFMC": 26.986764943844594, "LFMC": 119.46921540116662, "REW": 50.52896928380104, "SFP": 2.2123305094516166, "date": "2026-08-02T00:00:00" }, "geometry": { "type": "Point", "coordinates": [ 1.469658682133713, 42.162190368586906 ] } },
{ "type": "Feature", "properties": { "CFP": null, "DDS": null, "DFMC": null, "LFMC": null, "REW": null, "SFP": null, "date": "2026-08-02T00:00:00" }, "geometry": { "type": "Point", "coordinates": [ 1.47569295768801, 42.161954646890479 ] } },
{ "type": "Feature", "properties": { "CFP": 4.8738397231877544, "DDS": 1.3207746750955096, "DFMC": 28.726203677065197, "LFMC": 119.51309248063498, "REW": 56.766531882811947, "SFP": 2.040096561716501, "date": "2026-08-02T00:00:00" }, "geometry": { "type": "Point", "coordinates": [ 1.482044665919864, 42.166208015248209 ] } },
{ "type": "Feature", "properties": { "CFP": 5.6562419774218746, "DDS": 27.427450456083712, "DFMC": 30.279990847539818, "LFMC": 114.56405801827317, "REW": 67.558370985701416, "SFP": 5.0129811502084927, "date": "2026-08-02T00:00:00" }, "geometry": { "type": "Point", "coordinates": [ 1.481727160983486, 42.161718608880797 ] } },
{ "type": "Feature", "properties": { "CFP": 4.3045836597977782, "DDS": 2.1182340912707565, "DFMC": 31.644181071549035, "LFMC": 119.58140178576609, "REW": 74.717629628555869, "SFP": 3.1452059345418837, "date": "2026-08-02T00:00:00" }, "geometry": { "type": "Point", "coordinates": [ 1.488079220844054, 42.165971623959422 ] } },
{ "type": "Feature", "properties": { "CFP": 5.2137641429784987, "DDS": 10.922198652200205, "DFMC": 23.842180759854429, "LFMC": 121.64396452900252, "REW": 65.689730051554875, "SFP": 4.4592960697703168, "date": "2026-08-02T00:00:00" }, "geometry": { "type": "Point", "coordinates": [ 1.493795350414439, 42.161245583964494 ] } },
{ "type": "Feature", "properties": { "CFP": 0.0, "DDS": 1.1827668835045904, "DFMC": 31.085348100599248, "LFMC": 120.15707774184899, "REW": 81.665338685386985, "SFP": 2.891573916122713, "date": "2026-08-02T00:00:00" }, "geometry": { "type": "Point", "coordinates": [ 1.494113703298463, 42.165734916329576 ] } },
{ "type": "Feature", "properties": { "CFP": 5.1344963144409732, "DDS": 12.496877064831008, "DFMC": 22.683933733911587, "LFMC": 134.91825458762941, "REW": 38.122792836953948, "SFP": 3.3947809584015873, "date": "2026-08-02T00:00:00" }, "geometry": { "type": "Point", "coordinates": [ 1.499829336358171, 42.161008597079302 ] } },
{ "type": "Feature", "properties": { "CFP": 5.2474520959793383, "DDS": 33.45044875187218, "DFMC": 26.53540387703779, "LFMC": 114.96594256122802, "REW": 34.54118926164503, "SFP": 3.2846944231611133, "date": "2026-08-02T00:00:00" }, "geometry": { "type": "Point", "coordinates": [ 1.506182450414371, 42.165260552089684 ] } },
{ "type": "Feature", "properties": { "CFP": 5.1697700488946161, "DDS": 1.4989147338767654, "DFMC": 25.012144536768751, "LFMC": 124.73607798639179, "REW": 50.17544200821149, "SFP": 1.5787149492676997, "date": "2026-08-02T00:00:00" }, "geometry": { "type": "Point", "coordinates": [ 1.505863249659588, 42.160771293923737 ] } },
{ "type": "Feature", "properties": { "CFP": 6.013235865005325, "DDS": 30.989717457390743, "DFMC": 29.672689474079835, "LFMC": 111.66638915312896, "REW": 43.524604726290796, "SFP": 4.2666062400188416, "date": "2026-08-02T00:00:00" }, "geometry": { "type": "Point", "coordinates": [ 1.512216714884098, 42.16502289550111 ] } },
{ "type": "Feature", "properties": { "CFP": 4.5879863060822998, "DDS": 0.4418620253737785, "DFMC": 30.804805512094262, "LFMC": 119.8542231244225, "REW": 74.537322107115983, "SFP": 1.1499444514929205, "date": "2026-08-02T00:00:00" }, "geometry": { "type": "Point", "coordinates": [ 1.511897090222832, 42.160533674508542 ] } },
{ "type": "Feature", "properties": { "CFP": 5.258400658626071, "DDS": 15.47941073695773, "DFMC": 31.026174486578661, "LFMC": 120.01084184910953, "REW": 57.090910810059036, "SFP": 3.3704690422658974, "date": "2026-08-02T00:00:00" }, "geometry": { "type": "Point", "coordinates": [ 1.518250906500511, 42.164784922614487 ] } },
{ "type": "Feature", "properties": { "CFP": 8.1121863040666344, "DDS": 59.217582068532508, "DFMC": 22.537412202868062, "LFMC": 112.32334406473122, "REW": 0.0, "SFP": 6.4349242375225373, "date": "2026-08-02T00:00:00" }, "geometry": { "type": "Point", "coordinates": [ 1.484269228017685, 42.197633706568951 ] } },
{ "type": "Feature", "properties": { "CFP": 2.9211990785678945, "DDS": 7.1367099369019744, "DFMC": 20.423730544342646, "LFMC": 119.94778244764751, "REW": 20.874571793273265, "SFP": 3.7109733672105665, "date": "2026-08-02T00:00:00" }, "geometry": { "type": "Point", "coordinates": [ 1.490306753512489, 42.197397056299813 ] } },
{ "type": "Feature", "properties": { "CFP": 7.6934654097800284, "DDS": 43.406022706291473, "DFMC": 23.043841357160591, "LFMC": 117.26947054523527, "REW": 1.8642333642726672, "SFP": 5.6047555767570891, "date": "2026-08-02T00:00:00" }, "geometry": { "type": "Point", "coordinates": [ 1.49634420640293, 42.197160089344976 ] } },
{ "type": "Feature", "properties": { "CFP": 6.5227542357266897, "DDS": 26.472428550543857, "DFMC": 25.760039497027478, "LFMC": 110.27325290456521, "REW": 20.759757191564844, "SFP": 4.6744770354564089, "date": "2026-08-02T00:00:00" }, "geometry": { "type": "Point", "coordinates": [ 1.502381586592936, 42.196922805715189 ] } },
{ "type": "Feature", "properties": { "CFP": 5.2260605017644757, "DDS": 1.2323904718890777, "DFMC": 28.347867592369827, "LFMC": 119.43401521739311, "REW": 47.456108695811736, "SFP": 1.9819953123372938, "date": "2026-08-02T00:00:00" }, "geometry": { "type": "Point", "coordinates": [ 1.508418893986445, 42.196685205421218 ] } },
{ "type": "Feature", "properties": { "CFP": 6.2709542725446781, "DDS": 30.48900614403232, "DFMC": 30.608218906395958, "LFMC": 110.64798229653225, "REW": 29.714658173086235, "SFP": 4.4924088603321541, "date": "2026-08-02T00:00:00" }, "geometry": { "type": "Point", "coordinates": [ 1.514456128487399, 42.196447288473841 ] } },
{ "type": "Feature", "properties": { "CFP": 4.8497697081228504, "DDS": 0.69086829417313045, "DFMC": 31.566069508941442, "LFMC": 119.54582734134272, "REW": 55.554136594238521, "SFP": 2.3303116540921214, "date": "2026-08-02T00:00:00" }, "geometry": { "type": "Point", "coordinates": [ 1.520493289999754, 42.196209054883838 ] } },
{ "type": "Feature", "properties": { "CFP": 5.0555877073147606, "DDS": 58.141644566034429, "DFMC": 16.444925176094749, "LFMC": 116.26162612488478, "REW": 0.082031524017606744, "SFP": 5.5718519995123295, "date": "2026-08-02T00:00:00" }, "geometry": { "type": "Point", "coordinates": [ 1.484905469474884, 42.206612426239559 ] } },
{ "type": "Feature", "properties": { "CFP": 9.0, "DDS": 68.638244236071287, "DFMC": 14.674701925892322, "LFMC": 107.81617396247172, "REW": 0.0, "SFP": 8.1298191786118608, "date": "2026-08-02T00:00:00" }, "geometry": { "type": "Point", "coordinates": [ 1.490943844568474, 42.206375701929545 ] } },
{ "type": "Feature", "properties": { "CFP": 7.4852476252743569, "DDS": 60.835670283245356, "DFMC": 16.120469517394849, "LFMC": 116.40010844039919, "REW": 0.0, "SFP": 6.1789669937789515, "date": "2026-08-02T00:00:00" }, "geometry": { "type": "Point", "coordinates": [ 1.49698214701918, 42.206138660835315 ] } },
{ "type": "Feature", "properties": { "CFP": 4.7029064765100443, "DDS": 58.500559348036674, "DFMC": 19.499478065073255, "LFMC": 117.7805234768761, "REW": 0.0, "SFP": 5.3353383668989416, "date": "2026-08-02T00:00:00" }, "geometry": { "type": "Point", "coordinates": [ 1.503020376730883, 42.205901302967597 ] } },
{ "type": "Feature", "properties": { "CFP": 3.2940502023195646, "DDS": 26.690902876275324, "DFMC": 24.089778019718729, "LFMC": 130.37595883147736, "REW": 21.356811444837682, "SFP": 2.7357225730958348, "date": "2026-08-02T00:00:00" }, "geometry": { "type": "Point", "coordinates": [ 1.50905853360747, 42.205663628337177 ] } },
{ "type": "Feature", "properties": { "CFP": 6.7096763074519288, "DDS": 4.0403142380612564, "DFMC": 27.268739854086341, "LFMC": 142.90338289234612, "REW": 26.281645031133905, "SFP": 1.9596850555949601, "date": "2026-08-02T00:00:00" }, "geometry": { "type": "Point", "coordinates": [ 1.515096617552834, 42.205425636954836 ] } },
{ "type": "Feature", "properties": { "CFP": 6.7772985459568957, "DDS": 41.722603306423956, "DFMC": 29.008716346209198, "LFMC": 112.13850070956376, "REW": 15.195893610344413, "SFP": 5.2758311894219609, "date": "2026-08-02T00:00:00" }, "geometry": { "type": "Point", "coordinates": [ 1.521134628470877, 42.205187328831364 ] } },
{ "type": "Feature", "properties": { "CFP": 8.0928592498945999, "DDS": 49.109869161561335, "DFMC": 12.752841788800461, "LFMC": 103.90705493507939, "REW": 8.225826341738026, "SFP": 5.9243533325027045, "date": "2026-08-02T00:00:00" }, "geometry": { "type": "Point", "coordinates": [ 1.486178823104372, 42.224569799843806 ] } },
{ "type": "Feature", "properties": { "CFP": 8.2815593371344569, "DDS": 51.524328355110882, "DFMC": 10.840062682087668, "LFMC": 101.27400457796203, "REW": 7.7185541720299709, "SFP": 5.9533434897782449, "date": "2026-08-02T00:00:00" }, "geometry": { "type": "Point", "coordinates": [ 1.492218898549268, 42.224332927389995 ] } },
{ "type": "Feature", "properties": { "CFP": 7.9509236726091439, "DDS": 48.505471304697821, "DFMC": 11.433218186256571, "LFMC": 115.84368262972221, "REW": 5.4974513396011302, "SFP": 5.0548324421296185, "date": "2026-08-02T00:00:00" }, "geometry": { "type": "Point", "coordinates": [ 1.498258901274155, 42.224095737954819 ] } },
{ "type": "Feature", "properties": { "CFP": 4.8320937692347021, "DDS": 63.934377975393424, "DFMC": 12.492405082839495, "LFMC": 87.676728988768957, "REW": 5.7500122421417466, "SFP": 4.8496206178286707, "date": "2026-08-02T00:00:00" }, "geometry": { "type": "Point", "coordinates": [ 1.504298831182812, 42.223858231549023 ] } },
{ "type": "Feature", "properties": { "CFP": 8.2318028402778172, "DDS": 61.51476229217733, "DFMC": 13.218013271749925, "LFMC": 99.685376140505383, "REW": 5.6911087992216087, "SFP": 6.0020174845726828, "date": "2026-08-02T00:00:00" }, "geometry": { "type": "Point", "coordinates": [ 1.510338688179026, 42.223620408183415 ] } },
{ "type": "Feature", "properties": { "CFP": 3.9652222011431837, "DDS": 52.51696521104703, "DFMC": 15.712146473394915, "LFMC": 113.28140281656827, "REW": 4.359713509798981, "SFP": 5.1975671082950878, "date": "2026-08-02T00:00:00" }, "geometry": { "type": "Point", "coordinates": [ 1.516378472166588, 42.223382267868772 ] } },
{ "type": "Feature", "properties": { "CFP": 5.5891469561755667, "DDS": 53.035576367896383, "DFMC": 17.828330282940648, "LFMC": 112.72886989374581, "REW": 1.7584308996887676, "SFP": 5.1680445348995292, "date": "2026-08-02T00:00:00" }, "geometry": { "type": "Point", "coordinates": [ 1.522418183049303, 42.223143810615895 ] } },
{ "type": "Feature", "properties": { "CFP": 4.4576085255822875, "DDS": 48.777036677478449, "DFMC": 16.482722849661602, "LFMC": 121.24988417980239, "REW": 1.2521605492816053, "SFP": 5.8845321681449079, "date": "2026-08-02T00:00:00" }, "geometry": { "type": "Point", "coordinates": [ 1.490625262728672, 42.201886381855786 ] } },
{ "type": "Feature", "properties": { "CFP": 7.0705118756190899, "DDS": 83.552628485694854, "DFMC": 19.571659066186122, "LFMC": 77.810694880391949, "REW": 0.0, "SFP": 6.2679320750042136, "date": "2026-08-02T00:00:00" }, "geometry": { "type": "Point", "coordinates": [ 1.496663140351197, 42.201649377833832 ] } },
{ "type": "Feature", "properties": { "CFP": 7.3075600462174224, "DDS": 25.720684002240109, "DFMC": 22.567495176346764, "LFMC": 130.51648483799488, "REW": 8.2600310095171317, "SFP": 4.4698958129256674, "date": "2026-08-02T00:00:00" }, "geometry": { "type": "Point", "coordinates": [ 1.502700945254008, 42.201412057087673 ] } },
{ "type": "Feature", "properties": { "CFP": 6.2006257017331174, "DDS": 18.066362085989031, "DFMC": 27.160403609858275, "LFMC": 115.53932001863727, "REW": 22.201336679709581, "SFP": 3.5531662055328717, "date": "2026-08-02T00:00:00" }, "geometry": { "type": "Point", "coordinates": [ 1.508738677341015, 42.201174419628082 ] } },
{ "type": "Feature", "properties": { "CFP": 5.6654147385559757, "DDS": 6.5018200717933654, "DFMC": 29.617537346087111, "LFMC": 118.71413365568424, "REW": 41.570835974088183, "SFP": 2.6306665479340308, "date": "2026-08-02T00:00:00" }, "geometry": { "type": "Point", "coordinates": [ 1.514776336516138, 42.200936465465809 ] } },
{ "type": "Feature", "properties": { "CFP": 6.0295277484022325, "DDS": 20.668685542424388, "DFMC": 31.198395348139616, "LFMC": 119.76800171539621, "REW": 31.58728276249666, "SFP": 4.17225484443781, "date": "2026-08-02T00:00:00" }, "geometry": { "type": "Point", "coordinates": [ 1.520813922683303, 42.200698194611675 ] } },
{ "type": "Feature", "properties": { "CFP": 5.8784675412097585, "DDS": 59.994574040114365, "DFMC": 20.923730555408163, "LFMC": 120.57416524905297, "REW": 0.0, "SFP": 5.3525900263608328, "date": "2026-08-02T00:00:00" }, "geometry": { "type": "Point", "coordinates": [ 1.50937846280515, 42.210152831547909 ] } },
{ "type": "Feature", "properties": { "CFP": 2.5702634202925223, "DDS": 23.01070985730032, "DFMC": 24.301006751565335, "LFMC": 121.17191968805953, "REW": 7.3649935392854236, "SFP": 2.1033527565375412, "date": "2026-08-02T00:00:00" }, "geometry": { "type": "Point", "coordinates": [ 1.515416971616852, 42.20991480294029 ] } },
{ "type": "Feature", "properties": { "CFP": 3.308767724790878, "DDS": 22.915785527124115, "DFMC": 26.68064204575159, "LFMC": 113.10615102462896, "REW": 38.693642691912153, "SFP": 3.5534029750073737, "date": "2026-08-02T00:00:00" }, "geometry": { "type": "Point", "coordinates": [ 1.521455407381864, 42.20967645754228 ] } }
]
}
